time,inserted_nodes,node_count_before,node_count_after,rest_length_before,rest_length_after,rest_length_error,tail_rest_length_before,tail_rest_length_after,payout_buffer_rest_length_before,payout_buffer_rest_length_after,payout_buffer_min_rest_length_after,payout_buffer_max_rest_length_after,minimum_physical_rest_length_after,peak_tension_before,peak_tension_after,peak_tension_jump,minimum_geometric_ratio_after,peak_tension_post_step,peak_tension_post_step_jump,minimum_standard_ratio_post_step,remeshed_in_same_step
0.593,1,33,34,0.3300026719264424,0.3300026719264424,0.0,0.011250333990805298,0.011250333990805298,0.09000267192644239,0.08437750493103974,0.005625166995402649,0.011250333990805298,0.005625166995402649,0.000502613369192904,0.000502613369192904,0.0,0.9998649000427104,0.004949424033794071,0.0044468106646011665,0.9999966009553491,False
0.69525,1,34,35,0.33563362475310465,0.3356336247531047,5.551115123125783e-17,0.011954203094138083,0.005977101547069041,0.09000845775770203,0.08367942165896658,0.005977101547069041,0.011954203094138083,0.005625166995402649,0.0,0.0,0.0,0.9996779066263148,0.0026470530112207933,0.0026470530112207933,0.9999873356861811,False
0.786,1,35,36,0.34196628389486067,0.3419662838948607,5.551115123125783e-17,0.006768683939788556,0.006768683939788556,0.0900120808007226,0.07726629531386502,0.0063728927434287905,0.012745785486857581,0.005625166995402649,0.0,0.0,0.0,0.999630753131548,0.0002996435381815328,0.0002996435381815328,0.9999857484427689,False
0.9295,1,36,37,0.3547004279711891,0.3547004279711891,0.0,0.008360451949329613,0.008360451949329613,0.09000043939019348,0.07566288589379484,0.007168776748199318,0.014337553496398635,0.005625166995402649,0.0,0.0,0.0,0.99958831050773,0.0,0.0,0.9999829058041385,False
1.05825,1,37,38,0.36905733720868267,0.3690573372086827,5.551115123125783e-17,0.010155065604016305,0.010155065604016305,0.09001979513128835,0.07388762798020303,0.005077532802008153,0.016132167151085328,0.005077532802008153,0.0,0.0,0.0,0.9995547341696959,0.0,0.0,0.9999812510894726,False
1.18,1,38,39,0.38519212916474466,0.38519212916474466,0.0,0.012171914598524052,0.012171914598524052,0.09002241993626499,0.07187340379067189,0.005888061701082147,0.012171914598524052,0.005625166995402649,0.0,0.0,0.0,0.9993458930050945,0.0,0.0,0.9999738475736918,False
1.29925,1,39,40,0.40333655942238694,0.40333655942238694,0.0,0.014439968380729341,0.014439968380729341,0.09001783404831423,0.0767695408687152,0.007022088592184792,0.014439968380729341,0.005625166995402649,0.0,0.0,0.0,0.9993556275057934,0.0,0.0,0.9999744249246518,False
1.37825,1,40,41,0.41656788220088575,0.41656788220088586,1.1102230246251565e-16,0.016093883728041707,0.016093883728041707,0.0900008636472141,0.08254975938375839,0.007451104263455698,0.016093883728041707,0.005625166995402649,0.0,0.0,0.0,0.9993501109823018,0.0,0.0,0.9999742749992588,False
1.42075,1,41,42,0.4240629444060469,0.42406294440604686,-5.551115123125783e-17,0.01703076650368683,0.01703076650368683,0.09004482158891944,0.0816568345498186,0.005373456803122468,0.01703076650368683,0.005373456803122468,0.0,0.0,0.0,0.9993044814011502,0.0,0.0,0.9999725670329345,False
1.4665000000000001,1,42,43,0.4324110167812689,0.432411016781269,5.551115123125783e-17,0.018074275550589592,0.018074275550589592,0.09000490692504068,0.07934851116299563,0.00532819788102252,0.018074275550589592,0.00532819788102252,0.0,0.0,0.0,0.9990600795955261,0.0,0.0,0.9999635719041067,False
1.5230000000000001,1,43,44,0.44310006050269846,0.4431000605026984,-5.551115123125783e-17,0.01941040601576829,0.01941040601576829,0.09003755488442511,0.0833732265382239,0.006563276559163192,0.01941040601576829,0.005625166995402649,0.0,0.0,0.0,0.9990599578776869,0.0,0.0,0.9999635998560498,False
1.55725,1,44,45,0.44977208215751985,0.4497720821575199,5.551115123125783e-17,0.020244408722620958,0.020244408722620958,0.0900452481930453,0.08254691713999143,0.007397279266015873,0.020244408722620958,0.005625166995402649,0.0,0.0,0.0,0.9991352934688318,0.0,0.0,0.9999664248312927,False
1.5947500000000001,1,45,46,0.4572333539260852,0.4572333539260852,0.0,0.021177067693691636,0.021177067693691636,0.09000818890855679,0.08048843091542954,0.008049767445841736,0.021177067693691636,0.005625166995402649,3.0946401691129955e-05,3.0946401691129955e-05,0.0,0.9992157256107449,0.0,-3.0946401691129955e-05,0.9999693451048868,False
1.6415,1,46,47,0.4667484263069007,0.4667484263069007,0.0,0.022366451741293578,0.022366451741293578,0.09000350329624504,0.08464893227588045,0.005354571020364589,0.022366451741293578,0.005354571020364589,6.743024646510529e-05,6.743024646510529e-05,0.0,0.9992754609363648,0.0005799710997740695,0.0005125408533089642,0.9999719331271183,False
1.6675,1,47,48,0.47213547138848483,0.47213547138848483,0.0,0.023039832376491574,0.023039832376491574,0.0900359773574646,0.084008025701902,0.0050963514599432465,0.023039832376491574,0.0050963514599432465,8.980619454664796e-05,8.980619454664796e-05,0.0,0.998876653123955,0.0007329016790252885,0.0006430954844786405,0.9999571355211551,False
1.69625,1,48,49,0.4781657129676364,0.4781657129676364,0.0,0.02379361257388552,0.02379361257388552,0.09003826728105355,0.08418813562371635,0.0054732415586402185,0.02379361257388552,0.005354571020364589,0.00010836574383696709,0.00010836574383696709,0.0,0.9988281674780367,0.0008315785407605192,0.0007232127969235521,0.999955326562005,False
1.7237500000000001,1,49,50,0.48400103055529764,0.48400103055529764,0.0,0.024523027272343168,0.024523027272343168,0.09002345321137764,0.08344390685558281,0.005931028255014316,0.024523027272343168,0.005354571020364589,0.00012527492463781394,0.00012527492463781394,0.0,0.9988827927195365,0.0008684188833699841,0.0007431439587321702,0.9999574160716617,False
1.7545,1,50,51,0.4905976299137558,0.4905976299137557,-5.551115123125783e-17,0.02534760219215044,0.02534760219215044,0.09004050621404086,0.08301327503713572,0.00634331571491794,0.02534760219215044,0.005354571020364589,0.00014208827997679892,0.00014208827997679892,0.0,0.9989629815113192,0.0008283499454026233,0.0006862616654258243,0.9999604112379528,False
1.78675,1,51,52,0.4975896316710915,0.4975896316710915,0.0,0.026221602411817414,0.026221602411817414,0.09000527679447147,0.08210404539789937,0.006547151081983758,0.026221602411817414,0.005354571020364589,0.00015795155707834543,0.00015795155707834543,0.0,0.9990193908423947,0.0007430340717714812,0.0005850825146931358,0.9999624096039448,False
1.823,1,52,53,0.5055281247716316,0.5055281247716314,-1.1102230246251565e-16,0.027213914049384936,0.027213914049384936,0.09004253849843942,0.08142062346638337,0.007043306900767511,0.027213914049384936,0.005354571020364589,0.00017378872555322094,0.00017378872555322094,0.0,0.9990519713588011,0.0005425977026836531,0.0003688089771304322,0.9999633389283705,False
1.862,1,53,54,0.5141482137278406,0.5141482137278406,0.0,0.028291425168911064,0.014145712584455532,0.0900407124225924,0.08034128627101023,0.008120818020293633,0.014145712584455532,0.005354571020364589,0.00018834270094933046,0.00018834270094933046,0.0,0.9991121034418511,0.0,-0.00018834270094933046,0.9999640230545551,False
1.9055,1,54,55,0.5238397343771107,0.5238397343771107,0.0,0.0153571526656143,0.0153571526656143,0.09003280692028037,0.08478351753386171,0.005249289386418658,0.0153571526656143,0.005249289386418658,0.00019513207757455422,0.00019513207757455422,0.0,0.9992218416356501,0.001558073982717463,0.0013629419051429089,0.9999703526144472,False
1.929,1,55,56,0.5291008181693673,0.5291008181693673,0.0,0.016014788139646352,0.016014788139646352,0.09004460132611818,0.08413767646566744,0.005578107123434688,0.016014788139646352,0.005249289386418658,0.00020759185027312063,0.00020759185027312063,0.0,0.9987674982868264,0.0015849615888567786,0.001377369738583658,0.9999533577807984,False
1.95525,1,56,57,0.5349924016304924,0.5349924016304923,-1.1102230246251565e-16,0.016751236072287012,0.016751236072287012,0.09002925992679268,0.08371470487071733,0.0056112486634544365,0.016751236072287012,0.005249289386418658,0.00021777615466840746,0.00021777615466840746,0.0,0.9988445748486053,0.0015992994806380278,0.0013815233259696204,0.999956297587375,False
1.98325,1,57,58,0.5412877516253356,0.5412877516253356,0.0,0.017538154821642397,0.017538154821642397,0.09001005486556049,0.08290858106012974,0.006004708038132134,0.017538154821642397,0.005249289386418658,0.00022650659808483008,0.00022650659808483008,0.0,0.9988582339880993,0.001508572076336992,0.0012820654782521618,0.9999567337541809,False
2.015,1,58,59,0.5484312499999999,0.54843125,1.1102230246251565e-16,0.018431092118475486,0.018431092118475486,0.09005207943479415,0.08276097472515127,0.006203098777156767,0.018431092118475486,0.005249289386418658,0.00023423191800231208,0.00023423191800231208,0.0,0.9989407415684063,0.001409982929775802,0.00117575101177349,0.9999597915884232,False
2.04725,1,59,60,0.5556875,0.5556875000000001,1.1102230246251565e-16,0.01933812336847558,0.01933812336847558,0.09001722472515125,0.08181908876550842,0.006656614402156736,0.01933812336847558,0.005249289386418658,0.00024086818509806335,0.00024086818509806335,0.0,0.9989723888028591,0.001183827318957359,0.0009429591338592956,0.9999607857034204,False
2.08375,1,60,61,0.5639000000000001,0.5639,-1.1102230246251565e-16,0.02036468586847569,0.02036468586847569,0.0900315887655084,0.08120034968054332,0.007683176902156715,0.02036468586847569,0.005249289386418658,0.00024774850113877447,0.00024774850113877447,0.0,0.9990490442716888,2.822755889497005e-05,-0.00021952094224380442,0.9999620115140092,False
2.123,1,61,62,0.5727312499999997,0.5727312499999997,0.0,0.021468592118475807,0.021468592118475807,0.09003159968054295,0.08009645434557792,0.005643124592118887,0.021468592118475807,0.005249289386418658,0.00025378788488369117,0.00025378788488369117,0.0,0.9991686669594321,0.0015617615187909634,0.0013079736339072722,0.9999684835308278,False
2.16725,1,62,63,0.5826874999999991,0.5826874999999992,1.1102230246251565e-16,0.022713123368475936,0.022713123368475936,0.09005270434557756,0.0848101393319993,0.005242565013578276,0.022713123368475936,0.005242565013578276,0.0002602582691322352,0.0002602582691322352,0.0,0.9989391444236904,0.0020622299092698873,0.0018019716401376522,0.9999599001026275,False
2.1905,1,63,64,0.5879187499999993,0.5879187499999993,0.0,0.023367029618476004,0.023367029618476004,0.09004138933199914,0.08414491806842088,0.005569518138578255,0.023367029618476004,0.005242565013578276,0.00026393676358167645,0.00026393676358167645,0.0,0.9987609953687994,0.001971674460256416,0.0017077376966747396,0.9999532864159886,False
2.21675,1,64,65,0.5938249999999992,0.5938249999999989,-2.220446049250313e-16,0.024105310868476084,0.024105310868476084,0.09005116806842073,0.08374336867984249,0.005711900951078239,0.024105310868476084,0.005242565013578276,0.0002673191634249222,0.0002673191634249222,0.0,0.9988418593713213,0.0019155743577488615,0.0016482551943239393,0.9999563528850878,False
2.2447500000000002,1,65,66,0.6001249999999987,0.6001249999999987,0.0,0.024892810868476167,0.024892810868476167,0.0900433686798423,0.08294806929126408,0.006105650951078214,0.024892810868476167,0.005242565013578276,0.000270383418468947,0.000270383418468947,0.0,0.9988760287194653,0.0017904739840657324,0.0015200905655967855,0.9999575776969561,False
2.27625,1,66,67,0.6072124999999986,0.6072124999999985,-1.1102230246251565e-16,0.025778748368476257,0.025778748368476257,0.09003556929126388,0.0826502308401857,0.006991588451078187,0.025778748368476257,0.005242565013578276,0.0002732179312921522,0.0002732179312921522,0.0,0.9989552288145606,0.0009114643682836404,0.0006382464369914882,0.9999600670735185,False
2.309,1,67,68,0.6145812499999983,0.6145812499999982,-1.1102230246251565e-16,0.026699842118476355,0.026699842118476355,0.09001898084018546,0.08171254863910732,0.0054371872960593155,0.026699842118476355,0.005242565013578276,0.0002756366805872471,0.0002756366805872471,0.0,0.999077012604575,0.001998765125322974,0.0017231284447357267,0.9999654037473361,False
2.346,1,68,69,0.6229062499999979,0.6229062499999979,0.0,0.027740467118476463,0.027740467118476463,0.09003754863910701,0.08108424143802892,0.005957499796059281,0.027740467118476463,0.005242565013578276,0.0002777509183131254,0.0002777509183131254,0.0,0.9988723185447103,0.0018736253929303587,0.0015958744746172333,0.9999574387708104,False
2.3857500000000003,1,69,70,0.6318499999999979,0.6318499999999979,0.0,0.028858435868476584,0.028858435868476584,0.09002799143802875,0.08499235346248973,0.0050356379755390115,0.028858435868476584,0.0050356379755390115,0.00027942033158921995,0.00027942033158921995,0.0,0.998967682552881,0.002342053673764756,0.002062633342175536,0.9999613271211922,False
2.4082500000000002,1,70,71,0.6369124999999977,0.6369124999999976,-1.1102230246251565e-16,0.02949124836847665,0.02949124836847665,0.09005485346248959,0.0843864029869506,0.005755351358559255,0.02949124836847665,0.0050356379755390115,0.0002823786218483651,0.0002823786218483651,0.0,0.9987112383461587,0.002001030883002533,0.001718652261154168,0.9999513940334125,False
2.43325,1,71,72,0.6425374999999974,0.6425374999999974,0.0,0.03019437336847672,0.03019437336847672,0.0900114029869504,0.08107968444089123,0.006106913858559231,0.03019437336847672,0.0050356379755390115,0.0002811616035701724,0.0002811616035701724,0.0,0.9988689687072578,0.0019047717438635814,0.001623610140293409,0.9999572455657924,False
2.473,1,72,73,0.6514812499999975,0.6514812499999973,-1.1102230246251565e-16,0.03131234211847685,0.03131234211847685,0.09002343444089105,0.0849985907928615,0.005024843648029556,0.03131234211847685,0.005024843648029556,0.00028170224965974366,0.00028170224965974366,0.0,0.9989890647011521,0.002430824259044659,0.002149122009384915,0.9999621728293162,False
2.49525,1,73,74,0.6564874999999972,0.6564874999999972,0.0,0.03193812336847702,0.03193812336847702,0.09000484079286147,0.08435421589483194,0.0050775780230295445,0.03193812336847702,0.005024843648029556,0.00028928174216264824,0.00028928174216264824,0.0,0.9987072116230292,0.0024190397595950167,0.0021297580174323683,0.9999514127838288,False
2.5205,1,74,75,0.6621687499999972,0.6621687499999972,0.0,0.032648279618477195,0.032648279618477195,0.0900354658948318,0.08424773162180228,0.0054326561480295184,0.032648279618477195,0.005024843648029556,0.00028470711068955353,0.00028470711068955353,0.0,0.998737875529921,0.0023604123558865486,0.0020757052451969953,0.9999525590601702,False
2.54625,1,75,76,0.667962499999997,0.667962499999997,0.0,0.03337249836847738,0.01668624918423869,0.09004148162180221,0.08352952859877272,0.006156874898029498,0.01668624918423869,0.005024843648029556,0.00028691288708904643,0.00028691288708904643,0.0,0.9988136378879346,8.177620921505224e-05,-0.0002051366778739942,0.9999532562732841,False
2.57525,1,76,77,0.6744874999999969,0.6744874999999969,0.0,0.017501874184238774,0.017501874184238774,0.09005452859877261,0.08308202870074315,0.005226113179279512,0.017501874184238774,0.005024843648029556,0.00027040758090439974,0.00027040758090439974,0.0,0.9989524708055737,0.002208307043238586,0.0019378994623341862,0.9999607469051149,False
2.606,1,77,78,0.6814062499999968,0.6814062499999968,0.0,0.01836671793423887,0.01836671793423887,0.09000077870074315,0.08216343505271369,0.005658535054279488,0.01836671793423887,0.005024843648029556,0.000288755266421993,0.000288755266421993,0.0,0.9988008064695496,0.0023698432038777723,0.0020810879374557794,0.9999549746387885,False
2.641,1,78,79,0.6892812499999968,0.6892812499999968,0.0,0.019351092934238968,0.019351092934238968,0.09003843505271361,0.08296310312343413,0.005974941304279458,0.019351092934238968,0.005024843648029556,0.0002933721681394449,0.0002933721681394449,0.0,0.9989005923175328,0.0023498454451517797,0.002056473277012335,0.9999587865035008,False
2.6725,1,79,80,0.696368749999997,0.6963687499999969,-1.1102230246251565e-16,0.020237030434239068,0.020237030434239068,0.09005060312343421,0.08208933369415478,0.006417910054279433,0.020237030434239068,0.005024843648029556,0.00029403124436155095,0.00029403124436155095,0.0,0.9989355774977474,0.00217379584204902,0.001879764597687469,0.9999600364105113,False
2.70775,1,80,81,0.7042999999999968,0.704299999999997,2.220446049250313e-16,0.021228436684239172,0.021228436684239172,0.09002058369415476,0.08150032988987538,0.007409316304279407,0.021228436684239172,0.005024843648029556,0.0002954786259762682,0.0002954786259762682,0.0,0.9990144889326665,0.00015436735696915346,-0.00014111126900711476,0.9999615694921621,False
2.74575,1,81,82,0.7128499999999967,0.7128499999999967,0.0,0.02229718668423928,0.02229718668423928,0.09005032988987499,0.08046132608559568,0.005841484171059756,0.02229718668423928,0.005024843648029556,0.00029592562614260407,0.00029592562614260407,0.0,0.9991389071023697,0.002310619742153547,0.0020146941160109426,0.9999679453786223,False
2.78825,1,82,83,0.7224124999999961,0.7224124999999962,1.1102230246251565e-16,0.023492499184239405,0.023492499184239405,0.09002382608559535,0.08496565230845571,0.005058173777139632,0.023492499184239405,0.005024843648029556,0.0002999981003500745,0.0002999981003500745,0.0,0.9989622727288388,0.002729883858061624,0.0024298857577115494,0.9999613988698491,False
2.81075,1,83,84,0.7274749999999961,0.7274749999999961,0.0,0.02412531168423947,0.02412531168423947,0.09002815230845557,0.08433716603131595,0.005374580027139611,0.02412531168423947,0.005024843648029556,0.0003077117244358982,0.0003077117244358982,0.0,0.9987165176713507,0.0027245240489472272,0.0024168123245113292,0.999951889071163,False
2.836,1,84,85,0.7331562499999958,0.733156249999996,1.1102230246251565e-16,0.02483546793423955,0.02483546793423955,0.09001841603131583,0.08393367975417622,0.005508173777139594,0.02483546793423955,0.005024843648029556,0.0003028599237869533,0.0003028599237869533,0.0,0.9987996755341749,0.00271756795486805,0.0024147080310810967,0.9999550784524703,False
2.863,1,85,86,0.7392312499999956,0.7392312499999956,0.0,0.025594842934239623,0.025594842934239623,0.09000867975417598,0.0831645684770364,0.005887861277139565,0.025594842934239623,0.005024843648029556,0.0003044077867586834,0.0003044077867586834,0.0,0.9988347475086831,0.0026779165230991914,0.002373508736340508,0.9999563992404661,False
2.8935,1,86,87,0.7460937499999958,0.7460937499999957,-1.1102230246251565e-16,0.026452655434239723,0.026452655434239723,0.09002706847703637,0.08290170719989681,0.006745673777139555,0.026452655434239723,0.005024843648029556,0.0003053805553643944,0.0003053805553643944,0.0,0.9989174694239168,0.0018057947498899135,0.0015004141945255192,0.9999591835988437,False
2.92525,1,87,88,0.7532374999999955,0.7532374999999953,-1.1102230246251565e-16,0.02734562418423981,0.02734562418423981,0.09004545719989654,0.08202712717275702,0.005444960835529753,0.02734562418423981,0.005024843648029556,0.0003057091928888066,0.0003057091928888066,0.0,0.9990441866232203,0.0027915074449832294,0.002485798252094423,0.9999645134473928,False
2.96075,1,88,89,0.7612249999999952,0.761224999999995,-1.1102230246251565e-16,0.02834406168423991,0.02834406168423991,0.09001462717275674,0.08137754714561728,0.005944179585529718,0.02834406168423991,0.005024843648029556,0.0003080713582743617,0.0003080713582743617,0.0,0.9988666439298647,0.0027534906288781066,0.002445419270603745,0.9999576554904305,False
2.99925,1,89,90,0.7698874999999951,0.7698874999999951,0.0,0.029426874184240035,0.029426874184240035,0.09004004714561716,0.08032015461847776,0.005446718648029725,0.029426874184240035,0.005024843648029556,0.0003095489559184069,0.0003095489559184069,0.0,0.9989609270843254,0.0028826686251343867,0.00257311966921598,0.9999613467669767,False
3.0425,1,90,91,0.7796187499999947,0.7796187499999946,-1.1102230246251565e-16,0.030643280434240153,0.030643280434240153,0.09005140461847741,0.08130878753294779,0.00605492177302968,0.030643280434240153,0.005024843648029556,0.00031054499024857015,0.00031054499024857015,0.0,0.9989041308221418,0.0027698927358995942,0.002459347745651024,0.9999591068401094,False
3.0812500000000003,1,91,92,0.7883374999999946,0.7883374999999946,0.0,0.03173312418424035,0.015866562092120173,0.0900275375329477,0.08019507669741814,0.0071447655230296595,0.015866562092120173,0.005024843648029556,0.0003116001516199164,0.0003116001516199164,0.0,0.998978128243728,0.0002531453530705795,-5.8454798549336946e-05,0.9999602236576091,False
3.125,1,92,93,0.7981812499999945,0.7981812499999944,-1.1102230246251565e-16,0.017097030842120296,0.017097030842120296,0.09003882669741792,0.08475697127965318,0.005281855417764746,0.017097030842120296,0.005024843648029556,0.0003015520427989869,0.0003015520427989869,0.0,0.9991284234673278,0.0029149497925391177,0.0026133977497401306,0.9999678765310034,False
3.1485,1,93,94,0.8034687499999943,0.8034687499999944,1.1102230246251565e-16,0.017757968342120373,0.017757968342120373,0.09004447127965315,0.08410167836188841,0.0056123241677647285,0.017757968342120373,0.005024843648029556,0.0003161866269353412,0.0003161866269353412,0.0,0.9987710398331374,0.0030105840394589398,0.0026943974125235985,0.9999540773270603,False
3.17475,1,94,95,0.8093749999999943,0.8093749999999943,0.0,0.018496249592120453,0.018496249592120453,0.09000792836188837,0.08365732294412365,0.005191328074014748,0.018496249592120453,0.005024843648029556,0.0003163063492986167,0.0003163063492986167,0.0,0.9988500809541075,0.0031057213749330417,0.002789415025634425,0.9999571605502576,False
3.203,1,95,96,0.8157312499999941,0.8157312499999942,1.1102230246251565e-16,0.019290780842120533,0.019290780842120533,0.09001357294412357,0.08286843627635888,0.0055885936990147204,0.019290780842120533,0.005024843648029556,0.00031818500068279054,0.00031818500068279054,0.0,0.9987799453880412,0.0030612726887188357,0.002743087688036045,0.9999544580530523,False
3.23475,1,96,97,0.8228749999999942,0.822874999999994,-2.220446049250313e-16,0.02018374959212062,0.02018374959212062,0.09001218627635879,0.0831333582023441,0.005730976511514699,0.02018374959212062,0.005024843648029556,0.0003180761688458421,0.0003180761688458421,0.0,0.998873399321096,0.0030601533218306623,0.00274207715298482,0.9999580520712924,False
3.2655,1,97,98,0.8297937499999941,0.8297937499999941,0.0,0.021048593342120718,0.021048593342120718,0.09005210820234419,0.0823084363783295,0.006163398386514675,0.021048593342120718,0.005024843648029556,0.0003179718210337845,0.0003179718210337845,0.0,0.998892969763018,0.002985849393739519,0.0026678775727057343,0.9999587642068622,False
3.29975,1,98,99,0.8374999999999942,0.8374999999999942,0.0,0.022011874592120822,0.022011874592120822,0.09001468637832954,0.0817049989293149,0.007126679636514653,0.022011874592120822,0.005024843648029556,0.0003175936120106906,0.0003175936120106906,0.0,0.9989755785812492,0.0006347544177745662,0.00031716080576387563,0.9999606792452619,False
3.33675,1,99,100,0.8458249999999939,0.8458249999999939,0.0,0.02305249959212093,0.02305249959212093,0.0900299989293146,0.08067968648030005,0.006023281148030171,0.02305249959212093,0.005024843648029556,0.00031499645750167603,0.00031499645750167603,0.0,0.9991062861625178,0.002914530744977724,0.002599534287476048,0.9999669578705864,False
3.37825,1,100,101,0.8551624999999937,0.8551624999999937,0.0,0.024219687092121054,0.024219687092121054,0.09001718648029974,0.08025027246878522,0.006606874898030134,0.024219687092121054,0.005024843648029556,0.00031694909141369754,0.00031694909141369754,0.0,0.998984686869771,0.0027339215057977026,0.0024169724143840053,0.9999622002553901,False
3.4217500000000003,1,101,102,0.8649499999999934,0.8649499999999933,-1.1102230246251565e-16,0.02544312459212118,0.02544312459212118,0.0900377724687849,0.08454259671302768,0.005495175755757224,0.02544312459212118,0.005024843648029556,0.0003171565158630822,0.0003171565158630822,0.0,0.9990677757282319,0.003183627408150924,0.002866470892287842,0.9999656679356695,False
3.44625,1,102,103,0.870462499999993,0.870462499999993,0.0,0.026132187092121246,0.026132187092121246,0.09005509671302742,0.08387085845727021,0.0056234960682572015,0.026132187092121246,0.005024843648029556,0.00032250783364511576,0.00032250783364511576,0.0,0.998819129743885,0.0031929248414551276,0.002870417007810012,0.9999560001130292,False
3.4735,1,103,104,0.8765937499999928,0.8765937499999928,0.0,0.026898593342121326,0.026898593342121326,0.09000210845727,0.08361220613901281,0.006006699193257177,0.026898593342121326,0.005024843648029556,0.00031945618177940227,0.00031945618177940227,0.0,0.998857190088732,0.0031466481120827963,0.002827191930303394,0.9999574367322696,False
3.5020000000000002,1,104,105,0.8830062499999928,0.8830062499999927,-1.1102230246251565e-16,0.027700155842121415,0.027700155842121415,0.09002470613901267,0.08283324132075551,0.005335468699014968,0.027700155842121415,0.005024843648029556,0.0003196043567226069,0.0003196043567226069,0.0,0.9989275363306594,0.003203806568487455,0.002884202211764848,0.9999601943214235,False
3.5340000000000003,1,105,106,0.8902062499999925,0.8902062499999925,0.0,0.02860015584212151,0.02860015584212151,0.09003324132075534,0.08232497962749821,0.005785468699014939,0.02860015584212151,0.005024843648029556,0.000318936751623553,0.000318936751623553,0.0,0.9988288985162302,0.00314576038327901,0.002826823631655457,0.9999563831317174,False
3.56825,1,106,107,0.8979124999999923,0.8979124999999923,0.0,0.029563437092121614,0.029563437092121614,0.09003122962749804,0.08135968668424096,0.005975312449014916,0.029563437092121614,0.005024843648029556,0.0003185036990843218,0.0003185036990843218,0.0,0.9989181162614534,0.0031192234965867344,0.0028007197975024123,0.9999597984857255,False
3.60675,1,107,108,0.9065749999999922,0.9065749999999922,0.0,0.030646249592121727,0.030646249592121727,0.0900221866842408,0.08174062423522592,0.006516718699014881,0.030646249592121727,0.005024843648029556,0.00031768508602033447,0.00031768508602033447,0.0,0.998965634511804,0.0029682539027118884,0.002650568816691554,0.9999615608656941,False
3.6435,1,108,109,0.9148437499999921,0.9148437499999921,0.0,0.031679843342121906,0.015839921671060953,0.09000937423522579,0.08069421803621096,0.007550312449014856,0.015839921671060953,0.005024843648029556,0.0003169601676056865,0.0003169601676056865,0.0,0.9990331797569241,0.001093252515399372,0.0007762923477936854,0.9999628302771522,False
3.685,1,109,110,0.9241812499999918,0.924181249999992,1.1102230246251565e-16,0.017007109171061068,0.017007109171061068,0.0900317180362107,0.08501554618670333,0.005016171849507369,0.017007109171061068,0.005016171849507369,0.0002995347525544176,0.0002995347525544176,0.0,0.9991627357023595,0.003055539823726909,0.0027560050711724913,0.9999692654793813,False
3.70725,1,110,111,0.9291874999999916,0.9291874999999916,0.0,0.017632890421061136,0.017632890421061136,0.09002179618670328,0.08437984308719591,0.00532906247450735,0.017632890421061136,0.005016171849507369,0.0003152525091004471,0.0003152525091004471,0.0,0.9987054490084338,0.0031841746182589073,0.0028689221091584604,0.9999516298399356,False
3.73225,1,111,112,0.9348124999999915,0.9348124999999915,0.0,0.018336015421061207,0.018336015421061207,0.09000484308719582,0.08397265561268849,0.00529390622450734,0.018336015421061207,0.005016171849507369,0.00031589619960192464,0.00031589619960192464,0.0,0.998789314725298,0.003222950831478215,0.00290705463187629,0.9999548681447064,False
3.75925,1,112,113,0.9408874999999918,0.9408874999999917,-1.1102230246251565e-16,0.01909539042106129,0.01909539042106129,0.09004765561268847,0.08325609313818116,0.005673593724507317,0.01909539042106129,0.005016171849507369,0.00031713965816533736,0.00031713965816533736,0.0,0.9987935672446493,0.0031740615872787523,0.002856921929113415,0.9999550306762346,False
3.78925,1,113,114,0.9476374999999916,0.9476374999999916,0.0,0.019939140421061374,0.019939140421061374,0.09000609313818109,0.0831090619136738,0.0058247655995072945,0.019939140421061374,0.005016171849507369,0.00031701389269180133,0.00031701389269180133,0.0,0.9988796100514201,0.003156175076248116,0.002839161183556315,0.9999583382799929,False
3.8200000000000003,1,114,115,0.9545562499999917,0.9545562499999917,0.0,0.02080398417106147,0.02080398417106147,0.09002781191367387,0.08226593693916659,0.00625718747450727,0.02080398417106147,0.005016171849507369,0.0003170056970485326,0.0003170056970485326,0.0,0.9989085305682341,0.0030743424581778298,0.002757336761129297,0.9999594106888043,False
3.8545000000000003,1,115,116,0.9623187499999916,0.9623187499999917,1.1102230246251565e-16,0.021774296671061573,0.021774296671061573,0.0900284369391666,0.08167593696465937,0.007227499974507244,0.021774296671061573,0.005016171849507369,0.0003160040349105329,0.0003160040349105329,0.0,0.9989899031448564,0.0009679821658128557,0.0006519781309023227,0.9999614427815464,False
3.8915,1,116,117,0.9706437499999915,0.9706437499999915,0.0,0.02281492167106168,0.02281492167106168,0.09000093696465905,0.08060781199015189,0.0059638866677653585,0.02281492167106168,0.005016171849507369,0.0003114846017196498,0.0003114846017196498,0.0,0.9991172032271473,0.00296274821253438,0.0026512636108147304,0.9999674118667746,False
3.93325,1,117,118,0.980037499999991,0.980037499999991,0.0,0.023989140421061803,0.023989140421061803,0.09000156199015155,0.08012679639064445,0.00655099604276532,0.023989140421061803,0.005016171849507369,0.0003129354215026642,0.0003129354215026642,0.0,0.9989772156685032,0.0027524137023915984,0.002439478280888934,0.9999619349571458,False
3.97725,1,118,119,0.9899374999999908,0.9899374999999908,0.0,0.025226640421061933,0.025226640421061933,0.09002679639064418,0.08447066359089066,0.005556132799753517,0.025226640421061933,0.005016171849507369,0.00031153103163903957,0.00031153103163903957,0.0,0.9990627240308358,0.0031715717109211117,0.002860040679282072,0.9999654563295044,False
4.002,1,119,120,0.9955062499999903,0.9955062499999904,1.1102230246251565e-16,0.025922734171061997,0.025922734171061997,0.09003941359089045,0.08378718704113694,0.0056879687372534985,0.025922734171061997,0.005016171849507369,0.0003153756235940607,0.0003153756235940607,0.0,0.9988319669600277,0.0031655246908531137,0.002850149067259053,0.9999564983412552,False
4.02975,1,120,121,1.0017499999999901,1.0017499999999901,0.0,0.02670320292106195,0.02670320292106195,0.09003093704113671,0.08356249955388319,0.0060782031122534755,0.02670320292106195,0.005016171849507369,0.00031302751235099026,0.00031302751235099026,0.0,0.9988710610481997,0.0031178361965928866,0.0028048086842418964,0.9999579735841468,False
4.0585,1,121,122,1.00821874999999,1.00821874999999,0.0,0.027511796671061888,0.027511796671061888,0.09003124955388288,0.08275421831662935,0.00533038083388256,0.027511796671061888,0.005016171849507369,0.0003125736733855323,0.0003125736733855323,0.0,0.9989397582374244,0.0031511963430320214,0.002838622669646489,0.9999606565225944,False
4.09075,1,122,123,1.01547499999999,1.0154749999999897,-2.220446049250313e-16,0.02841882792106184,0.02841882792106184,0.09001046831662926,0.08221664020437575,0.0057838964588825354,0.02841882792106184,0.005016171849507369,0.00031126273898687384,0.00031126273898687384,0.0,0.998829231725602,0.003104188458933947,0.0027929257199470732,0.9999563839639736,False
4.1255,1,123,124,1.0232937499999895,1.0232937499999897,2.220446049250313e-16,0.02939617167106177,0.02939617167106177,0.09003539020437554,0.0812642183421221,0.00597901364638251,0.02939617167106177,0.005016171849507369,0.0003101689857889168,0.0003101689857889168,0.0,0.9989200784926888,0.0030481558655481786,0.002737986879759262,0.9999598508620738,False
4.1645,1,124,125,1.0320687499999894,1.0320687499999894,0.0,0.03049304667106169,0.03049304667106169,0.0900392183421219,0.08172758750823934,0.0065274511463824705,0.03049304667106169,0.005016171849507369,0.000308525083122145,0.000308525083122145,0.0,0.998968185494094,0.0028573579665622795,0.0025488328834401344,0.9999616209494271,False
4.2015,1,125,126,1.0403937499999891,1.0403937499999893,2.220446049250313e-16,0.03153367167106171,0.015766835835530856,0.09005258750823916,0.08070033167435667,0.007568076146382485,0.015766835835530856,0.005016171849507369,0.0003067275631591068,0.0003067275631591068,0.0,0.9990353849556862,0.0010474645091576792,0.0007407369459985724,0.9999629229920086,False
4.243,1,126,127,1.049731249999989,1.0497312499999887,-2.220446049250313e-16,0.016934023335530783,0.016934023335530783,0.09003783167435613,0.08500486781991493,0.005032963854441205,0.016934023335530783,0.005016171849507369,0.00028216177772075765,0.00028216177772075765,0.0,0.999164332629102,0.0028722923946752216,0.002590130616954464,0.9999692325995452,False
4.26525,1,127,128,1.0547374999999886,1.0547374999999886,0.0,0.017559804585530758,0.017559804585530758,0.09001111781991476,0.08435237271547354,0.005345854479441192,0.017559804585530758,0.005016171849507369,0.0003012760584848355,0.0003012760584848355,0.0,0.998709231409753,0.00302925456208733,0.0027279785036024946,0.999951726876074,False
4.2905,1,128,129,1.0604187499999884,1.0604187499999882,-2.220446049250313e-16,0.018269960835530705,0.018269960835530705,0.09003362271547323,0.08397761198603204,0.005309819323191179,0.018269960835530705,0.005016171849507369,0.00030408432020987114,0.00030408432020987114,0.0,0.9987940268331796,0.0030798319458420972,0.002775747625632226,0.9999550041997702,False
4.3175,1,129,130,1.066493749999988,1.0664937499999882,2.220446049250313e-16,0.01902933583553066,0.01902933583553066,0.09005261198603186,0.08323722625659064,0.005689506823191156,0.01902933583553066,0.005016171849507369,0.0003043953400945374,0.0003043953400945374,0.0,0.9987966714444098,0.0030246058037263907,0.002720210463631853,0.9999550984201977,False
4.3477500000000004,1,130,131,1.073299999999988,1.073299999999988,0.0,0.019880117085530596,0.019880117085530596,0.0900434762565904,0.0831235006833992,0.005840678698191122,0.019880117085530596,0.005016171849507369,0.00030372150131533166,0.00030372150131533166,0.0,0.9988834769701469,0.0030133889808474437,0.002709667479532112,0.9999584277043366,False
4.3785,1,131,132,1.0802187499999878,1.0802187499999878,0.0,0.020744960835530547,0.020744960835530547,0.09004225068339916,0.08225743136020794,0.006273100573191098,0.020744960835530547,0.005016171849507369,0.0003020495631066314,0.0003020495631066314,0.0,0.9989110418475022,0.0028911575966757974,0.0025891080335691662,0.9999594315757754,False
4.413,1,132,133,1.0879812499999875,1.0879812499999875,0.0,0.02171527333553047,0.02171527333553047,0.09001993136020772,0.08164448703701657,0.0072434130731911005,0.02171527333553047,0.005016171849507369,0.0003015206779537421,0.0003015206779537421,0.0,0.9989920379973052,0.0008194651335304143,0.0005179444555766722,0.9999614287690091,False
4.4502500000000005,1,133,134,1.0963624999999873,1.0963624999999873,0.0,0.02276292958553041,0.02276292958553041,0.09002573703701619,0.08060263646382512,0.005952646458882587,0.02276292958553041,0.005016171849507369,0.00029440141664801927,0.00029440141664801927,0.0,0.9991195519123719,0.00273341828646894,0.002439016869820921,0.9999674078577592,False
4.49225,1,134,135,1.1058124999999868,1.1058124999999868,0.0,0.02394417958553033,0.02394417958553033,0.09005263646382466,0.08014789526563365,0.006543271458882546,0.02394417958553033,0.005016171849507369,0.0002975095571501071,0.0002975095571501071,0.0,0.9989765073305871,0.0025041796096094623,0.0022066700524593554,0.9999617990767815,False
4.53625,1,135,136,1.1157124999999866,1.1157124999999866,0.0,0.02518167958553026,0.02518167958553026,0.09004789526563342,0.08447677466653794,0.005571120599095474,0.02518167958553026,0.005016171849507369,0.0002959277030814272,0.0002959277030814272,0.0,0.9990616706647834,0.00297207760096789,0.0026761498978864627,0.999965303797022,False
4.561,1,136,137,1.1212812499999862,1.1212812499999862,0.0,0.025877773335530218,0.025877773335530218,0.09004552466653766,0.08377831031744218,0.005702956536595446,0.025877773335530218,0.005016171849507369,0.000300247318204293,0.000300247318204293,0.0,0.998834687600077,0.0029694663060491414,0.0026692189878448486,0.999956534518515,False
4.58875,1,137,138,1.1275249999999861,1.1275249999999861,0.0,0.026658242085530172,0.026658242085530172,0.09002206031744193,0.08353863503084646,0.006093190911595423,0.026658242085530172,0.005016171849507369,0.00029574987453659694,0.00029574987453659694,0.0,0.9988735857677883,0.002885978171290049,0.002590228296753452,0.9999579885213906,False
4.6175,1,138,139,1.1339937499999857,1.1339937499999857,0.0,0.02746683583553011,0.02746683583553011,0.09000738503084615,0.0827153659942507,0.005328276354441218,0.02746683583553011,0.005016171849507369,0.0002935686411300462,0.0002935686411300462,0.0,0.9989419632842519,0.002924058266302751,0.0026304896251727046,0.999960645594064,False
4.65,1,139,140,1.1413062499999855,1.1413062499999855,0.0,0.028380898335530043,0.028380898335530043,0.09002786599425046,0.08221201883265503,0.005785307604441185,0.028380898335530043,0.005016171849507369,0.0002963829188407818,0.0002963829188407818,0.0,0.9988300724127088,0.0029153863982990247,0.002619003479458243,0.9999563351339251,False
4.68475,1,140,141,1.1491249999999855,1.1491249999999855,0.0,0.02935824208553,0.02935824208553,0.090030768832655,0.08123757792105961,0.005978666979441161,0.02935824208553,0.005016171849507369,0.00029476131634418863,0.00029476131634418863,0.0,0.9989202120648029,0.0028268125360348534,0.0025320512196906645,0.9999597608194716,False
4.72375,1,141,142,1.1578999999999853,1.1578999999999855,2.220446049250313e-16,0.03045511708552992,0.03045511708552992,0.09001257792105942,0.08169602031661818,0.006527104479441121,0.03045511708552992,0.005016171849507369,0.00029042650079369204,0.00029042650079369204,0.0,0.9989680222182511,0.0025894368362719064,0.0022990103354782144,0.9999614981843945,False
4.76075,1,142,143,1.1662249999999852,1.1662249999999852,0.0,0.03149574208552993,0.015747871042764965,0.09002102031661799,0.08066383771217683,0.007567729479441136,0.015747871042764965,0.005016171849507369,0.0002872407589649964,0.0002872407589649964,0.0,0.9990352065087654,0.0006538068672333301,0.0003665661082683337,0.9999627243282214,False
4.80225,1,143,144,1.1755624999999843,1.1755624999999843,0.0,0.016915058542764892,0.016915058542764892,0.09000133771217629,0.08496766828495575,0.005033669427220542,0.016915058542764892,0.005016171849507369,0.0002573370139286583,0.0002573370139286583,0.0,0.9991641399135787,0.0025674137715372067,0.0023100767576085483,0.9999690711732794,False
4.82475,1,144,145,1.1806249999999845,1.1806249999999843,-2.220446049250313e-16,0.01754787104276485,0.01754787104276485,0.09003016828495547,0.08436368635773492,0.005350075677220521,0.01754787104276485,0.005016171849507369,0.00028093016393875784,0.00028093016393875784,0.0,0.9987108907556623,0.0027723026525891745,0.0024913724886504165,0.9999516879876067,False
4.8500000000000005,1,145,146,1.186306249999984,1.186306249999984,0.0,0.018258027292764798,0.018258027292764798,0.09004493635773461,0.08398470443051409,0.005313161614720496,0.018258027292764798,0.005016171849507369,0.00028292484881737174,0.00028292484881737174,0.0,0.9987947578764977,0.002810072058074778,0.002527147209257406,0.9999549272512154,False
4.87675,1,146,147,1.1923249999999836,1.1923249999999836,0.0,0.019010371042764745,0.019010371042764745,0.09000345443051384,0.08319087875329331,0.0056893334897204694,0.019010371042764745,0.005016171849507369,0.00028563936501706103,0.00028563936501706103,0.0,0.9987958370238856,0.002808653630865264,0.002523014265848203,0.9999549702032479,False
4.90725,1,147,148,1.1991874999999834,1.1991874999999834,0.0,0.01986818354276469,0.01986818354276469,0.09005337875329313,0.08313006088857261,0.005844020989720439,0.01986818354276469,0.005016171849507369,0.00028596908736358464,0.00028596908736358464,0.0,0.9988845484210853,0.002775574333373068,0.0024896052460094834,0.9999583626397983,False
4.938,1,148,149,1.2061062499999835,1.2061062499999835,0.0,0.02073302729276464,0.02073302729276464,0.09004881088857258,0.08226064927385204,0.006276442864720415,0.02073302729276464,0.005016171849507369,0.0002850111297720477,0.0002850111297720477,0.0,0.9989114846359771,0.0026368107855128248,0.002351799655740777,0.9999593349829929,False
4.9725,1,149,150,1.2138687499999834,1.2138687499999834,0.0,0.02170333979276459,0.02170333979276459,0.09002314927385201,0.08164084703413152,0.007246755364720443,0.02170333979276459,0.005016171849507369,0.0002797141137953175,0.0002797141137953175,0.0,0.9989923729117409,0.0005019900892763857,0.00022227597548106818,0.9999612521895773,False
5.00975,1,150,151,1.222249999999983,1.222249999999983,0.0,0.022750996042764503,0.022750996042764503,0.09002209703413094,0.08059213854441055,0.005949663073191104,0.022750996042764503,0.005016171849507369,0.00027539660566810596,0.00027539660566810596,0.0,0.9991197939172091,0.0024575806409924614,0.0021821840353243556,0.9999672919463741,False
5.05175,1,151,152,1.2316999999999827,1.2316999999999827,0.0,0.023932246042764446,0.023932246042764446,0.09004213854441029,0.08013405505468993,0.006540288073191076,0.023932246042764446,0.005016171849507369,0.00027398015479417217,0.00027398015479417217,0.0,0.9989759327080883,0.0022070921159826895,0.0019331119611885174,0.9999616228036593,False
5.09575,1,152,153,1.2415999999999823,1.241599999999982,-2.220446049250313e-16,0.025169746042764354,0.025169746042764354,0.0900340550546895,0.08446126330982938,0.0055727917448601325,0.025169746042764354,0.005016171849507369,0.000274666610922083,0.000274666610922083,0.0,0.9990611706631508,0.0027124050661441607,0.0024377384552220775,0.9999651494751122,False
5.1205,1,153,154,1.247168749999982,1.247168749999982,0.0,0.02586583979276431,0.02586583979276431,0.0900300133098291,0.08376112781496894,0.005704627682360105,0.02586583979276431,0.005016171849507369,0.0002772277288201955,0.0002772277288201955,0.0,0.9988348780732798,0.002682281481957989,0.0024050537531377933,0.9999564201500571,False
5.14825,1,154,155,1.2534124999999816,1.2534124999999816,0.0,0.026646308542764265,0.026646308542764265,0.09000487781496871,0.08351978138260858,0.006094862057360082,0.026646308542764265,0.005016171849507369,0.00027368345802857605,0.00027368345802857605,0.0,0.9988737609220415,0.0026248306056671153,0.002351147147638539,0.9999578797391059,False
5.17725,1,155,156,1.2599374999999813,1.2599374999999813,0.0,0.02746193354276421,0.02746193354276421,0.09004478138260834,0.08274405995024821,0.005330300286595481,0.02746193354276421,0.005016171849507369,0.00027429440550791757,0.00027429440550791757,0.0,0.9989431930609178,0.0027001718734157368,0.002425877467907819,0.9999605909768621,False
5.2095,1,156,157,1.2671937499999815,1.2671937499999815,0.0,0.02836896479276416,0.02836896479276416,0.0900003099502481,0.08218279164288798,0.0057838159115954565,0.02836896479276416,0.005016171849507369,0.0002744541646371425,0.0002744541646371425,0.0,0.9988290116490862,0.002636997513485548,0.0023625433488484054,0.9999561655215777,False
5.24425,1,157,158,1.275012499999981,1.2750124999999808,-2.220446049250313e-16,0.029346308542764092,0.029346308542764092,0.09000154164288776,0.08120667958552771,0.005977175286595412,0.029346308542764092,0.005016171849507369,0.0002656332722376759,0.0002656332722376759,0.0,0.998919814205208,0.0024814471751762254,0.0022158139029385495,0.9999595843573827,False
5.2835,1,158,159,1.2838437499999809,1.2838437499999809,0.0,0.03045021479276402,0.03045021479276402,0.09003792958552759,0.08171934804893209,0.006529128411595376,0.03045021479276402,0.005016171849507369,0.0002713253828128193,0.0002713253828128193,0.0,0.9989687193069592,0.002326473576654435,0.0020551481938416156,0.9999614001013036,False
5.3205,1,159,160,1.2921687499999805,1.2921687499999805,0.0,0.03149083979276403,0.015745419896382014,0.0900443480489319,0.08068514151233647,0.007569753411595391,0.015745419896382014,0.005016171849507369,0.00026042583020139385,0.00026042583020139385,0.0,0.9990353096984729,0.0002282724158742637,-3.2153414327130156e-05,0.9999625111018686,False
5.362,1,160,161,1.30150624999998,1.30150624999998,0.0,0.01691260739638194,0.01691260739638194,0.09002264151233592,0.08498620230653825,0.005036439205797669,0.01691260739638194,0.005016171849507369,0.00022244365614546455,0.00022244365614546455,0.0,0.9991641400150482,0.0021882671355823516,0.001965823479436887,0.9999688848012499,False
5.3845,1,161,162,1.3065687499999799,1.3065687499999799,0.0,0.0175454198963819,0.0175454198963819,0.09004870230653797,0.08437945060074029,0.005352845455797648,0.0175454198963819,0.005016171849507369,0.0002535849739477867,0.0002535849739477867,0.0,0.9987113796235196,0.0024633670993048917,0.002209782125357105,0.9999515681038142,False
5.4095,1,162,163,1.3121937499999796,1.3121937499999796,0.0,0.01824854489638184,0.01824854489638184,0.09000445060073992,0.08394848014494229,0.005312415768297623,0.01824854489638184,0.005016171849507369,0.00026042757191728776,0.00026042757191728776,0.0,0.9987937923996357,0.0025432901974930117,0.002282862625575724,0.9999547707809581,False
5.4365000000000006,1,163,164,1.3182687499999792,1.3182687499999795,2.220446049250313e-16,0.019007919896381793,0.019007919896381793,0.0900234801449421,0.08320813468914444,0.0056921032682976,0.019007919896381793,0.005016171849507369,0.0002591746141027272,0.0002591746141027272,0.0,0.9987969472585153,0.0024981593495351367,0.0022389847354324097,0.9999548665673267,False
5.46675,1,164,165,1.3250749999999794,1.3250749999999794,0.0,0.019858701146381753,0.019858701146381753,0.0900143846891444,0.08309181267084673,0.005841517330797575,0.019858701146381753,0.005016171849507369,0.0002563857303426461,0.0002563857303426461,0.0,0.9988836648876341,0.0024602253403513755,0.0022038396100087293,0.9999581799138563,False
5.4975000000000005,1,165,166,1.3319937499999792,1.3319937499999792,0.0,0.02072354489638168,0.02072354489638168,0.09001056267084649,0.08222314690254884,0.006273939205797539,0.02072354489638168,0.005016171849507369,0.00025522424863580733,0.00025522424863580733,0.0,0.9989109187453741,0.0023210506539486295,0.002065826405312822,0.9999591635231958,False
5.53225,1,166,167,1.339812499999979,1.339812499999979,0.0,0.021700888646381613,0.021700888646381613,0.09004189690254868,0.08165682488425108,0.00725128295579755,0.021700888646381613,0.005016171849507369,0.00025790148151627395,0.00025790148151627395,0.0,0.9989928847704216,0.00020046475825581667,-5.7436723260457286e-05,0.9999611091909328,False
5.5695,1,167,168,1.3481937499999783,1.3481937499999785,2.220446049250313e-16,0.02274854489638155,0.02274854489638155,0.0900380748842507,0.08060534661595317,0.005949050286595372,0.02274854489638155,0.005016171849507369,0.00023842235507706526,0.00023842235507706526,0.0,0.9991200808820905,0.002069492360854741,0.0018310700057776758,0.9999671164039109,False
5.6115,1,168,169,1.3576437499999778,1.357643749999978,2.220446049250313e-16,0.02392979489638147,0.02392979489638147,0.09005534661595271,0.08014273553515526,0.006539675286595332,0.02392979489638147,0.005016171849507369,0.00025074962058403965,0.00025074962058403965,0.0,0.9989757194755421,0.0019490973993970193,0.0016983477788129796,0.9999614854124906,False
5.6555,1,169,170,1.3675437499999779,1.3675437499999779,0.0,0.025167294896381403,0.025167294896381403,0.09004273553515504,0.08446767999475635,0.005575055540398692,0.025167294896381403,0.005016171849507369,0.0002470257642264302,0.0002470257642264302,0.0,0.9990609518266587,0.0024040792413176637,0.0021570534770912336,0.9999649938672226,False
5.68025,1,170,171,1.3731124999999775,1.3731124999999778,2.220446049250313e-16,0.02586338864638136,0.02586338864638136,0.09003642999475606,0.08376528070435735,0.005706891477898671,0.02586338864638136,0.005016171849507369,0.00025078104581436483,0.00025078104581436483,0.0,0.9988351632020663,0.0023950396825608566,0.002144258636746492,0.9999562960116288,False
5.708,1,171,172,1.3793562499999772,1.3793562499999772,0.0,0.026643857396381313,0.026643857396381313,0.09000903070435712,0.08352167047645842,0.006097125852898648,0.026643857396381313,0.005016171849507369,0.00024612549493376246,0.00024612549493376246,0.0,0.9988740141140794,0.0023207265319199546,0.002074601036986192,0.999957744529022,False
5.737,1,172,173,1.385881249999977,1.385881249999977,0.0,0.027459482396381258,0.027459482396381258,0.09004667047645817,0.08274368524855949,0.0053299938932976154,0.027459482396381258,0.005016171849507369,0.00024112594922096013,0.00024112594922096013,0.0,0.9989433707347349,0.0023387847647053372,0.002097658815484377,0.9999604248175062,False
5.7695,1,173,174,1.393193749999977,1.393193749999977,0.0,0.028373544896381192,0.028373544896381192,0.09005618524855924,0.08222937189566058,0.0057870251432975825,0.028373544896381192,0.005016171849507369,0.0002397878411163113,0.0002397878411163113,0.0,0.9988300968958045,0.002288401927344738,0.002048614086228427,0.9999560396521271,False
5.80425,1,174,175,1.4010124999999767,1.4010124999999767,0.0,0.029350888646381124,0.029350888646381124,0.09004812189566036,0.08124396479276176,0.005980384518297545,0.029350888646381124,0.005016171849507369,0.00024352181563724558,0.00024352181563724558,0.0,0.9989202129126012,0.002249906466009352,0.0020063846503721064,0.9999594872969767,False
5.84325,1,175,176,1.4097874999999762,1.4097874999999762,0.0,0.030447763646381045,0.030447763646381045,0.09001896479276156,0.08170068964946396,0.006528822018297505,0.030447763646381045,0.005016171849507369,0.00023253037430357454,0.00023253037430357454,0.0,0.9989679650701662,0.0019247756801168761,0.0016922453058133015,0.9999611761176813,False
5.88025,1,176,177,1.4181124999999764,1.4181124999999764,0.0,0.03148838864638108,0.01574419432319054,0.09002568964946397,0.08066678950616642,0.007569447018297545,0.01574419432319054,0.005016171849507369,0.00023691539992396138,0.00023691539992396138,0.0,0.9990351539594257,0.0,-0.00023691539992396138,0.9999623593343434,False
5.92175,1,177,178,1.427449999999976,1.4274499999999757,-2.220446049250313e-16,0.016911381823190443,0.016911381823190443,0.09000428950616568,0.08496976130951694,0.0050345281966487285,0.016911381823190443,0.005016171849507369,0.0001977005582174133,0.0001977005582174133,0.0,0.9991639871046231,0.0019290709838214667,0.0017313704256040534,0.999968756722947,False
5.94425,1,178,179,1.4325124999999757,1.4325124999999757,0.0,0.017544194323190425,0.017544194323190425,0.09003226130951686,0.0843649206128681,0.00535093444664872,0.017544194323190425,0.005016171849507369,0.0002158105442573351,0.0002158105442573351,0.0,0.998710754081841,0.002075603587725794,0.0018597930434684589,0.999951356390649,False
5.9695,1,179,180,1.4381937499999755,1.4381937499999753,-2.220446049250313e-16,0.018254350573190373,0.018254350573190373,0.09004617061286779,0.08398507991621906,0.005314020384148701,0.018254350573190373,0.005016171849507369,0.0002232785332890399,0.0002232785332890399,0.0,0.998794625549668,0.0021730719464491607,0.001949793413160121,0.9999546236568818,False
5.99625,1,180,181,1.444212499999975,1.444212499999975,0.0,0.01900669432319032,0.01900669432319032,0.09000382991621883,0.08319039546957009,0.005690192259148674,0.01900669432319032,0.005016171849507369,0.00022873020756066339,0.00022873020756066339,0.0,0.9987957161305311,0.002196905941845975,0.0019681757342853118,0.9999546738234356,False
6.02675,1,181,182,1.451074999999975,1.451074999999975,0.0,0.019864506823190263,0.019864506823190263,0.09005289546956992,0.0831287188354212,0.005844879759148644,0.019864506823190263,0.005016171849507369,0.00022406289920382912,0.00022406289920382912,0.0,0.9988843771770308,0.002118021569849006,0.0018939586706451768,0.9999580410741813,False
6.0575,1,182,183,1.457993749999975,1.457993749999975,0.0,0.020729350573190215,0.020729350573190215,0.09004746883542117,0.08225844845127242,0.00627730163414862,0.020729350573190215,0.005016171849507369,0.00022055213999398385,0.00022055213999398385,0.0,0.9989112931043866,0.00195473261317277,0.0017341804731787864,0.9999589991829352,False
6.0920000000000005,1,183,184,1.4657562499999748,1.4657562499999748,0.0,0.02169966307319014,0.02169966307319014,0.09002094845127219,0.08163778744212352,0.007247614134148622,0.02169966307319014,0.005016171849507369,0.0002155885765679421,0.0002155885765679421,0.0,0.9989921634045228,6.893109981754915e-08,-0.00021551964546812457,0.9999608977463426,False
6.12925,1,184,185,1.4741374999999743,1.4741374999999741,-2.220446049250313e-16,0.022747319323190077,0.022747319323190077,0.09001903744212314,0.08058822018297454,0.005948743893297504,0.022747319323190077,0.005016171849507369,0.0002155351793067866,0.0002155351793067866,0.0,0.9991195786732477,0.0018295688277955025,0.0016140336484887158,0.999966979362758,False
6.171250000000001,1,185,186,1.4835874999999739,1.4835874999999739,0.0,0.023928569323189996,0.023928569323189996,0.09003822018297408,0.08012927792382554,0.006539368893297463,0.023928569323189996,0.005016171849507369,0.00020724723935824698,0.00020724723935824698,0.0,0.9989754637734695,0.0015173520705450833,0.0013101048311868362,0.9999612725511172,False
6.21525,1,186,187,1.4934874999999734,1.4934874999999734,0.0,0.02516606932318993,0.02516606932318993,0.09002927792382531,0.08445605679425108,0.005573221129574235,0.02516606932318993,0.005016171849507369,0.00020390307056750853,0.00020390307056750853,0.0,0.9990607083421882,0.00198540806612231,0.0017815049955548015,0.9999647891535384,False
6.24,1,187,188,1.4990562499999733,1.4990562499999733,0.0,0.025862163073189885,0.025862163073189885,0.0900248067942508,0.08375549191467654,0.005705057067074207,0.025862163073189885,0.005016171849507369,0.0002098946010583121,0.0002098946010583121,0.0,0.9988346172972868,0.001994440519751617,0.0017845459186933048,0.9999560778473893,False
6.268,1,188,189,1.505356249999973,1.505356249999973,0.0,0.026649663073189823,0.026649663073189823,0.09005549191467618,0.08356293484760197,0.006098807067074176,0.026649663073189823,0.005016171849507369,0.0002078800592849545,0.0002078800592849545,0.0,0.998874725242741,0.0019460656762336007,0.0017381856169486462,0.9999575903697016,False
6.29675,1,189,190,1.5118249999999729,1.5118249999999729,0.0,0.02745825682318976,0.02745825682318976,0.09003168484760166,0.08273053403052745,0.005329840696648668,0.02745825682318976,0.005016171849507369,0.00020851487302839795,0.00020851487302839795,0.0,0.998942388771618,0.002025305688371906,0.0018167908153435082,0.9999602347279287,False
6.32925,1,190,191,1.5191374999999727,1.5191374999999727,0.0,0.028372319323189718,0.028372319323189718,0.09004303403052741,0.08222157071345321,0.005786871946648647,0.028372319323189718,0.005016171849507369,0.00020209121093298156,0.00020209121093298156,0.0,0.9988298820981788,0.001905532404038901,0.0017034411931059195,0.9999558449823179,False
6.364,1,191,192,1.5269562499999723,1.5269562499999723,0.0,0.02934966307318965,0.02934966307318965,0.09004032071345297,0.08124151364637883,0.0059802313216486104,0.02934966307318965,0.005016171849507369,0.00019242902289846615,0.00019242902289846615,0.0,0.9989199365035254,0.0017553504783562046,0.0015629214554577385,0.9999592361463057,False
6.4030000000000005,1,192,193,1.535731249999972,1.535731249999972,0.0,0.03044653807318957,0.03044653807318957,0.09001651364637864,0.08169839169972996,0.006528668821648571,0.03044653807318957,0.005016171849507369,0.00019826782741356235,0.00019826782741356235,0.0,0.9989677756774311,0.0016164360356609939,0.0014181682082474315,0.9999610182628911,False
6.44,1,193,194,1.5440562499999717,1.5440562499999717,0.0,0.03148716307318958,0.01574358153659479,0.09002339169972977,0.08066464475308116,0.0075692938216485855,0.01574358153659479,0.005016171849507369,0.0001867825397444641,0.0001867825397444641,0.0,0.999034892533788,0.0,-0.0001867825397444641,0.9999621580609855,False
6.4815000000000005,1,194,195,1.5533937499999713,1.5533937499999713,0.0,0.016910769036594716,0.016910769036594716,0.0900021447530806,0.08496769315475636,0.0050344515983242605,0.016910769036594716,0.005016171849507369,0.00013088402929008504,0.00013088402929008504,0.0,0.9991636480904197,0.0012786729781582781,0.001147788948868193,0.9999684347854377,False
6.5040000000000004,1,195,196,1.558456249999971,1.558456249999971,0.0,0.017543581536594674,0.017543581536594674,0.09003019315475608,0.08436292905643179,0.0053508578483242395,0.017543581536594674,0.005016171849507369,0.00017163917431686854,0.00017163917431686854,0.0,0.9987105165805414,0.0016488133677453123,0.0014771741934284438,0.9999511369705857,False
6.52925,1,196,197,1.5641374999999709,1.564137499999971,2.220446049250313e-16,0.018253737786594646,0.018253737786594646,0.0900441790564317,0.08398316495810743,0.005313943785824234,0.018253737786594646,0.005016171849507369,0.00017694642063435865,0.00017694642063435865,0.0,0.9987943799454821,0.001718853345761863,0.0015419069251275043,0.9999543900813775,False
6.556,1,197,198,1.5701562499999708,1.5701562499999708,0.0,0.019006081536594593,0.019006081536594593,0.09000191495810718,0.0831885571097829,0.005690115660824207,0.019006081536594593,0.005016171849507369,0.00017565572574677576,0.00017565572574677576,0.0,0.9987954376158265,0.0016767491932599618,0.001501093467513186,0.9999544112205145,False
6.5865,1,198,199,1.5770187499999706,1.5770187499999704,-2.220446049250313e-16,0.019863894036594536,0.019863894036594536,0.09005105710978273,0.08312695707395848,0.005844803160824176,0.019863894036594536,0.005016171849507369,0.00018247048007939308,0.00018247048007939308,0.0,0.9988841582864812,0.001730012593030232,0.001547542112950839,0.9999578441605991,False
6.61725,1,199,200,1.5839374999999705,1.5839374999999705,0.0,0.020728737786594464,0.020728737786594464,0.09004570707395823,0.08225676328813399,0.00627722503582414,0.020728737786594464,0.005016171849507369,0.0001821411874409872,0.0001821411874409872,0.0,0.9989110916509065,0.0016096313381940355,0.0014274901507530483,0.9999588231314296,False
6.65175,1,200,201,1.5916999999999701,1.5916999999999701,0.0,0.021699050286594412,0.021699050286594412,0.09001926328813395,0.08163617887730976,0.007247537535824167,0.021699050286594412,0.005016171849507369,0.00017341838047112273,0.00017341838047112273,0.0,0.9989919489271348,0.0,-0.00017341838047112273,0.9999607184629676,False
6.689,1,201,202,1.60008124999997,1.60008124999997,0.0,0.02274670653659435,0.02274670653659435,0.09001742887730937,0.08058668821648524,0.005948590696648572,0.02274670653659435,0.005016171849507369,0.00015945681255253346,0.00015945681255253346,0.0,0.9991192941634381,0.001325712772626872,0.0011662559600743385,0.9999667244835534,False
6.731,1,202,203,1.6095312499999697,1.6095312499999694,-2.220446049250313e-16,0.02392795653659427,0.02392795653659427,0.09003668821648478,0.08012782255566071,0.0065392156966485315,0.02392795653659427,0.005016171849507369,0.00016434868945465583,0.00016434868945465583,0.0,0.9989752354739233,0.0011199789337349303,0.0009556302442802745,0.9999610781616389,False
6.775,1,203,204,1.619431249999969,1.619431249999969,0.0,0.025165456536594178,0.025165456536594178,0.09002782255566029,0.0844546397252483,0.005573182830411989,0.025165456536594178,0.005016171849507369,0.00016155600888852195,0.00016155600888852195,0.0,0.9990604902256645,0.0015715441685856535,0.0014099881596971314,0.9999645867687701,False
6.79975,1,204,205,1.6249999999999687,1.6249999999999687,0.0,0.025861550286594134,0.025861550286594134,0.09002338972524802,0.08375411314483602,0.005705018767911968,0.025861550286594134,0.005016171849507369,0.00016000987966823847,0.00016000987966823847,0.0,0.9988343624129274,0.0015098348633795708,0.0013498249837113323,0.9999558299596649,False
6.82775,1,205,206,1.6312999999999687,1.6312999999999684,-2.220446049250313e-16,0.026649050286594096,0.026649050286594096,0.09005411314483584,0.08356159437692384,0.0060987687679119485,0.026649050286594096,0.005016171849507369,0.00015353452683705509,0.00015353452683705509,0.0,0.998874448476957,0.00141579644803521,0.0012622619211981548,0.9999573233168215,False
6.8565000000000005,1,206,207,1.6377687499999682,1.6377687499999682,0.0,0.027457644036594033,0.027457644036594033,0.09003034437692353,0.08272923185901154,0.005329764098324203,0.027457644036594033,0.005016171849507369,0.00014915572335628678,0.00014915572335628678,0.0,0.9989420886379143,0.0014481535022201134,0.0012989977788638266,0.999959943977245,False
6.889,1,207,208,1.645081249999968,1.645081249999968,0.0,0.02837170653659399,0.02837170653659399,0.09004173185901151,0.08222030684109953,0.005786795348324182,0.02837170653659399,0.005016171849507369,0.00015173582038929484,0.00015173582038929484,0.0,0.9988296186488974,0.0014363297428733393,0.0012845939224840446,0.9999556078944905,False
6.92375,1,208,209,1.652899999999968,1.6528999999999678,-2.220446049250313e-16,0.029349050286593924,0.029349050286593924,0.09003905684109931,0.08124028807318738,0.005980154723324145,0.029349050286593924,0.005016171849507369,0.00015253497728147093,0.00015253497728147093,0.0,0.9989197288588832,0.0013766924677858644,0.0012241574905043934,0.9999590441067853,False
6.96275,1,209,210,1.6616749999999678,1.6616749999999678,0.0,0.030445925286593845,0.030445925286593845,0.09001528807318719,0.08169724272486298,0.0065285922233241055,0.030445925286593845,0.005016171849507369,0.00013657824362231464,0.00013657824362231464,0.0,0.9989674625360537,0.001031563052514159,0.0008949848088918443,0.9999607238355223,False
6.999750000000001,1,210,211,1.6699999999999675,1.6699999999999675,0.0,0.03148655028659385,0.015743275143296924,0.09002224272486278,0.08066357237653864,0.00756921722332412,0.015743275143296924,0.005016171849507369,0.000136229023631608,0.000136229023631608,0.0,0.999034640090926,0.0,-0.000136229023631608,0.9999619580482765,False
7.04125,1,211,212,1.679337499999967,1.679337499999967,0.0,0.01691046264329685,0.01691046264329685,0.0900010723765381,0.08496665907737606,0.005034413299162028,0.01691046264329685,0.005016171849507369,0.00010305545641547168,0.00010305545641547168,0.0,0.9991635099439357,0.0009965837212818907,0.0008935282648664189,0.9999682956993119,False
7.06375,1,212,213,1.6843999999999668,1.6843999999999668,0.0,0.01754327514329681,0.01754327514329681,0.09002915907737577,0.08436193327821374,0.005350819549162007,0.01754327514329681,0.005016171849507369,0.0001196384950226472,0.0001196384950226472,0.0,0.9987102493729171,0.0011473027262526789,0.0010276642312300316,0.9999508821367459,False
7.089,1,213,214,1.6900812499999662,1.6900812499999665,2.220446049250313e-16,0.018253431393296757,0.018253431393296757,0.09004318327821344,0.08398220747905143,0.005313905486661988,0.018253431393296757,0.005016171849507369,0.00012663129011042547,0.00012663129011042547,0.0,0.998794122140835,0.0012350713837940702,0.0011084400936836446,0.999954142911321,False
7.11575,1,214,215,1.6960999999999666,1.6960999999999664,-2.220446049250313e-16,0.019005775143296728,0.019005775143296728,0.09000095747905137,0.08318763792988934,0.005690077361661974,0.019005775143296728,0.005016171849507369,0.00012662483633891274,0.00012662483633891274,0.0,0.9987951872089413,0.0011911850298743504,0.0010645601935354377,0.9999541671191546,False
7.14625,1,215,216,1.7029624999999662,1.7029624999999662,0.0,0.01986358764329667,0.01986358764329667,0.09005013792988917,0.08312607619322712,0.005844764861661944,0.01986358764329667,0.005016171849507369,0.00011465758138417698,0.00011465758138417698,0.0,0.9988838159514724,0.0010723303670170173,0.0009576727856328403,0.9999575138014692,False
7.1770000000000005,1,216,217,1.7098812499999658,1.7098812499999658,0.0,0.0207284313932966,0.0207284313932966,0.09004482619322689,0.08225592070656486,0.006277186736661907,0.0207284313932966,0.005016171849507369,0.00011035246424036276,0.00011035246424036276,0.0,0.9989107309313723,0.0009212119649977604,0.0008108595007573977,0.9999584773804967,False
7.2115,1,217,218,1.717643749999966,1.717643749999966,0.0,0.021698743893296547,0.021698743893296547,0.09001842070656482,0.08163537459490286,0.007247499236661935,0.021698743893296547,0.005016171849507369,0.0001156928129868304,0.0001156928129868304,0.0,0.9989916584668203,0.0,-0.0001156928129868304,0.9999604980716554,False
7.24875,1,218,219,1.7260249999999657,1.7260249999999657,0.0,0.022746400143296486,0.022746400143296486,0.09001662459490248,0.08058592223324058,0.005948514098324106,0.022746400143296486,0.005016171849507369,9.133373968132658e-05,9.133373968132658e-05,0.0,0.9991189552259087,0.0006582380475497612,0.0005669043078684346,0.9999663898006234,False
7.29075,1,219,220,1.7354749999999652,1.7354749999999652,0.0,0.023927650143296404,0.023927650143296404,0.09003592223324011,0.08012709487157829,0.006539139098324065,0.023927650143296404,0.005016171849507369,9.76214534596064e-05,9.76214534596064e-05,0.0,0.9989748980175162,0.00048448474449953177,0.0003868632910399254,0.9999607617107091,False
7.3347500000000005,1,220,221,1.7453749999999646,1.7453749999999646,0.0,0.025165150143296313,0.025165150143296313,0.09002709487157787,0.084453931190747,0.005573163680830872,0.025165150143296313,0.005016171849507369,9.15717744781033e-05,9.15717744781033e-05,0.0,0.9990601395203947,0.0008938902486512051,0.0008023184741731018,0.9999642498671546,False
7.359500000000001,1,221,222,1.7509437499999645,1.7509437499999643,-2.220446049250313e-16,0.02586124389329627,0.02586124389329627,0.0900226811907467,0.08375342375991582,0.0057049996183308515,0.02586124389329627,0.005016171849507369,9.821160165549299e-05,9.821160165549299e-05,0.0,0.9988340512163452,0.0009120471049108084,0.0008138355032553154,0.9999555285002198,False
7.3875,1,222,223,1.7572437499999642,1.7572437499999642,0.0,0.02664874389329623,0.02664874389329623,0.09005342375991565,0.08356092414158477,0.006098749618330832,0.02664874389329623,0.005016171849507369,9.400751629861365e-05,9.400751629861365e-05,0.0,0.9988741488760441,0.0008390934653006721,0.0007450859490020584,0.9999570326287137,False
7.41625,1,223,224,1.763712499999964,1.763712499999964,0.0,0.027457337643296168,0.027457337643296168,0.09002967414158446,0.08272858077325357,0.00532972579916197,0.027457337643296168,0.005016171849507369,9.027928931216264e-05,9.027928931216264e-05,0.0,0.9989417932976037,0.000865160247294057,0.0007748809579818944,0.9999596518441403,False
7.44875,1,224,225,1.7710249999999637,1.7710249999999637,0.0,0.028371400143296102,0.028371400143296102,0.09004108077325335,0.0822196749049225,0.005786757049161937,0.028371400143296102,0.005016171849507369,7.78462045963306e-05,7.78462045963306e-05,0.0,0.9988292449566286,0.0007148880310450037,0.0006370418264486731,0.9999552464048731,False
7.4835,1,225,226,1.7788437499999636,1.7788437499999636,0.0,0.02934874389329606,0.02934874389329606,0.09003842490492248,0.08123967528659168,0.005980116424161911,0.02934874389329606,0.005016171849507369,7.387115030603293e-05,7.387115030603293e-05,0.0,0.9989193322312423,0.0006315002906714037,0.0005576291403653708,0.9999586707350382,False
7.5225,1,226,227,1.7876187499999636,1.7876187499999636,0.0,0.03044561889329598,0.03044561889329598,0.09001467528659149,0.08169666823742949,0.0065285539241618715,0.03044561889329598,0.005016171849507369,0.0,0.0,0.0,0.9989628796613966,0.0,0.0,0.9999562801266748,False
7.5595,1,227,228,1.7959437499999633,1.7959437499999633,0.0,0.03148624389329599,0.015743121946647995,0.09002166823742933,0.0806630361882674,0.007569178924161886,0.015743121946647995,0.005016171849507369,0.0,0.0,0.0,0.9990318053048851,0.0,0.0,0.9999593582744051,False
7.601,1,228,229,1.8052812499999629,1.8052812499999629,0.0,0.016910309446647922,0.016910309446647922,0.09000053618826687,0.08496614203868594,0.005034394149580918,0.016910309446647922,0.005016171849507369,0.0,0.0,0.0,0.9991602985605708,0.0,0.0,0.9999651038167169,False
7.6235,1,229,230,1.8103437499999624,1.8103437499999624,0.0,0.01754312194664788,0.01754312194664788,0.09002864203868566,0.08436143538910473,0.005350800399580897,0.01754312194664788,0.005016171849507369,0.0,0.0,0.0,0.9987074250672795,0.0,0.0,0.9999480698931248,False
7.64875,1,230,231,1.816024999999962,1.816024999999962,0.0,0.018253278196647828,0.018253278196647828,0.09004268538910443,0.08398172873952352,0.005313886337080871,0.018253278196647828,0.005016171849507369,0.0,0.0,0.0,0.9987913021797601,0.0,0.0,0.9999513464113483,False
7.6755,1,231,232,1.822043749999962,1.822043749999962,0.0,0.019005621946647774,0.019005621946647774,0.09000047873952327,0.08318717833994237,0.005690058212080845,0.019005621946647774,0.005016171849507369,0.0,0.0,0.0,0.9987924501713626,0.0,0.0,0.9999514657134684,False
7.706,1,232,233,1.8289062499999618,1.8289062499999618,0.0,0.019863434446647718,0.019863434446647718,0.09004967833994221,0.0831256357528613,0.005844745712080815,0.019863434446647718,0.005016171849507369,0.0,0.0,0.0,0.9988812777204575,0.0,0.0,0.9999550037981736,False
7.73675,1,233,234,1.8358249999999616,1.8358249999999616,0.0,0.02072827819664767,0.02072827819664767,0.09004438575286126,0.08225549941578035,0.00627716758708079,0.02072827819664767,0.005016171849507369,0.0,0.0,0.0,0.99890828900207,0.0,0.0,0.9999560752790546,False
7.77125,1,234,235,1.8435874999999617,1.8435874999999617,0.0,0.02169859069664762,0.02169859069664762,0.09001799941578031,0.08163497245369945,0.007247480087080818,0.02169859069664762,0.005016171849507369,0.0,0.0,0.0,0.9989890723532913,0.0,0.0,0.9999581665788604,False
7.8085,1,235,236,1.851968749999961,1.851968749999961,0.0,0.022746246946647532,0.022746246946647532,0.09001622245369889,0.08058553924161811,0.005948475799161862,0.022746246946647532,0.005016171849507369,0.0,0.0,0.0,0.9991181024620914,0.0,0.0,0.9999655932344234,False
7.8505,1,236,237,1.8614187499999608,1.8614187499999608,0.0,0.023927496946647475,0.023927496946647475,0.09003553924161785,0.08012673102953712,0.006539100799161833,0.023927496946647475,0.005016171849507369,1.2437333514648229e-05,1.2437333514648229e-05,0.0,0.9989744831522207,0.0,-1.2437333514648229e-05,0.9999604065977505,False
7.8945,1,237,238,1.8713187499999604,1.8713187499999604,0.0,0.025164996946647384,0.025164996946647384,0.0900267310295367,0.08445357692349638,0.00557315410604032,0.025164996946647384,0.005016171849507369,4.226459202635285e-05,4.226459202635285e-05,0.0,0.999059907309776,0.00043679964897661017,0.00039453505695025734,0.9999640280340312,False
7.91925,1,238,239,1.87688749999996,1.87688749999996,0.0,0.02586109069664734,0.02586109069664734,0.0900223269234961,0.08375307906745576,0.005704990043540293,0.02586109069664734,0.005016171849507369,5.2224365008048634e-05,5.2224365008048634e-05,0.0,0.998833817641057,0.0004861974754301335,0.0004339731104220848,0.9999553068080795,False
7.94725,1,239,240,1.8831874999999598,1.8831874999999598,0.0,0.026648590696647278,0.026648590696647278,0.09005307906745538,0.0835605890239151,0.006098740043540262,0.026648590696647278,0.005016171849507369,6.133850415839986e-05,6.133850415839986e-05,0.0,0.9988739825223537,0.0005549910833374874,0.0004936525791790875,0.9999568813859352,False
7.976,1,240,241,1.8896562499999598,1.8896562499999598,0.0,0.02745718444664724,0.02745718444664724,0.09002933902391497,0.08272825523037466,0.00532970664958086,0.02745718444664724,0.005016171849507369,3.8310597780576976e-05,3.8310597780576976e-05,0.0,0.9989415319477017,0.0003789209306271635,0.0003406103328465865,0.999959407087221,False
8.0085,1,241,242,1.8969687499999597,1.8969687499999597,0.0,0.028371246946647197,0.028371246946647197,0.09004075523037469,0.08221935893683435,0.005786737899580849,0.028371246946647197,0.005016171849507369,0.0,0.0,0.0,0.9988288591784734,0.0,0.0,0.9999548844979597,False
8.04325,1,242,243,1.9047874999999594,1.9047874999999594,0.0,0.029348590696647105,0.029348590696647105,0.09003810893683417,0.08123936889329386,0.005980097274580832,0.029348590696647105,0.005016171849507369,0.0,0.0,0.0,0.9989187399185169,0.0,0.0,0.9999581001562637,False
8.08225,1,243,244,1.9135624999999596,1.9135624999999594,-2.220446049250313e-16,0.030445465696647026,0.030445465696647026,0.09001436889329384,0.08169638099371296,0.006528534774580837,0.030445465696647026,0.005016171849507369,0.0,0.0,0.0,0.9989663498231287,0.0,0.0,0.999959672227761,False
8.119250000000001,1,244,245,1.9218874999999598,1.9218874999999598,0.0,0.03148609069664698,0.01574304534832349,0.0900213809937132,0.08066276809413225,0.007569159774580877,0.01574304534832349,0.005016171849507369,0.0,0.0,0.0,0.9990335410639241,0.0,0.0,0.9999611243567188,False
8.16075,1,245,246,1.9312249999999596,1.9312249999999596,0.0,0.01691023284832339,0.01691023284832339,0.09000026809413204,0.0849658835193416,0.00503438457479044,0.01691023284832339,0.005016171849507369,0.0,0.0,0.0,0.9991619930008102,0.0,0.0,0.9999667792309223,False
8.183250000000001,1,246,247,1.9362874999999597,1.9362874999999595,-2.220446049250313e-16,0.017543045348323374,0.017543045348323374,0.09002838351934177,0.08436118644455129,0.0053507908247904575,0.017543045348323374,0.005016171849507369,0.0,0.0,0.0,0.9987087463003236,0.0,0.0,0.9999494047324317,False
8.2085,1,247,248,1.9419687499999596,1.9419687499999596,0.0,0.01825320159832332,0.01825320159832332,0.09004243644455123,0.08398148936976077,0.0053138767622904585,0.01825320159832332,0.005016171849507369,0.0,0.0,0.0,0.9987926264769564,0.0,0.0,0.9999526715618453,False
8.23525,1,248,249,1.9479874999999593,1.9479874999999596,2.220446049250313e-16,0.019005545348323268,0.019005545348323268,0.0900002393697607,0.08318694854497022,0.005690048637290462,0.019005545348323268,0.005016171849507369,0.0,0.0,0.0,0.9987936140155063,0.0,0.0,0.9999526289004066,False
8.26575,1,249,250,1.9548499999999596,1.9548499999999596,0.0,0.019863357848323212,0.019863357848323212,0.09004944854497018,0.08312541553267971,0.005844736137290466,0.019863357848323212,0.005016171849507369,0.0,0.0,0.0,0.9988821845253377,0.0,0.0,0.9999559169674513,False
8.2965,1,250,251,1.9617687499999594,1.9617687499999594,0.0,0.02072820159832314,0.02072820159832314,0.09004416553267955,0.08225528877038908,0.006277158012290464,0.02072820159832314,0.005016171849507369,0.0,0.0,0.0,0.9989091349799525,0.0,0.0,0.9999569305704986,False
8.331,1,251,252,1.9695312499999598,1.9695312499999598,0.0,0.021698514098323112,0.021698514098323112,0.09001778877038934,0.08163477138309881,0.007247470512290517,0.021698514098323112,0.005016171849507369,0.0,0.0,0.0,0.9989900028574472,0.0,0.0,0.9999590709011559,False
8.36825,1,252,253,1.9779124999999598,1.9779124999999598,0.0,0.02274617034832305,0.02274617034832305,0.09001602138309892,0.08058534774580836,0.00594845664958079,0.02274617034832305,0.005016171849507369,0.0,0.0,0.0,0.9991173264349393,0.0,0.0,0.9999648124622473,False
8.41025,1,253,254,1.9873624999999597,1.9873624999999597,0.0,0.02392742034832297,0.02392742034832297,0.09003534774580839,0.08012654910851782,0.006539081649580797,0.02392742034832297,0.005016171849507369,0.0,0.0,0.0,0.9989731418522353,0.0,0.0,0.9999590654570625,False
8.45425,1,254,255,1.9972624999999595,1.9972624999999595,0.0,0.025164920348322854,0.025164920348322854,0.0900265491085176,0.08445339978987233,0.0055731493186452685,0.025164920348322854,0.005016171849507369,0.0,0.0,0.0,0.9990584131686948,0.0,0.0,0.9999625404783735,False
8.479000000000001,1,255,256,2.00283124999996,2.00283124999996,0.0,0.025861014098322834,0.025861014098322834,0.09002214978987258,0.08375290672122726,0.005704985256145288,0.025861014098322834,0.005016171849507369,0.0,0.0,0.0,0.9988323642359503,0.0,0.0,0.9999538621484182,False
8.507,1,256,257,2.00913124999996,2.00913124999996,0.0,0.026648514098322796,0.026648514098322796,0.09005290672122743,0.08356042146508211,0.006098735256145301,0.026648514098322796,0.005016171849507369,0.0,0.0,0.0,0.9988724368862013,0.0,0.0,0.9999553508242547,False
8.53575,1,257,258,2.0155999999999596,2.015599999999959,-4.440892098500626e-16,0.02745710784832271,0.02745710784832271,0.09002917146508185,0.08272809245893656,0.005329697074790414,0.02745710784832271,0.005016171849507369,0.0,0.0,0.0,0.9989400565711591,0.0,0.0,0.999957937918026,False
8.56825,1,258,259,2.0229124999999595,2.0229124999999595,0.0,0.028371170348322667,0.028371170348322667,0.09004059245893675,0.08221920095279144,0.00578672832479043,0.028371170348322667,0.005016171849507369,0.0,0.0,0.0,0.9988276648465417,0.0,0.0,0.9999536996583622,False
8.603,1,259,260,2.0307312499999597,2.0307312499999597,0.0,0.029348514098322624,0.029348514098322624,0.09003795095279164,0.0812392156966463,0.005980087699790445,0.029348514098322624,0.005016171849507369,0.0,0.0,0.0,0.9989178161701585,0.0,0.0,0.9999571810461158,False
8.642,1,260,261,2.0395062499999597,2.0395062499999597,0.0,0.030445389098322544,0.030445389098322544,0.09001421569664629,0.0816962373718558,0.006528525199790449,0.030445389098322544,0.005016171849507369,0.0,0.0,0.0,0.9989655716333677,0.0,0.0,0.9999588952333264,False
8.679,1,261,262,2.04783124999996,2.04783124999996,0.0,0.03148601409832245,0.015743007049161224,0.09002123737185563,0.08066263404706514,0.007569150199790439,0.015743007049161224,0.005016171849507369,0.0,0.0,0.0,0.9990328142645546,0.0,0.0,0.9999604137872199,False
8.7205,1,262,263,2.05716874999996,2.05716874999996,0.0,0.016910194549161175,0.016910194549161175,0.09000013404706532,0.08496575425967007,0.005034379787395256,0.016910194549161175,0.005016171849507369,0.0,0.0,0.0,0.9991618202566986,0.0,0.0,0.9999665992503464,False
8.743,1,263,264,2.06223124999996,2.0622312499999595,-4.440892098500626e-16,0.01754300704916111,0.01754300704916111,0.09002825425966984,0.0843610619722746,0.005350786037395248,0.01754300704916111,0.005016171849507369,0.0,0.0,0.0,0.9987082553740676,0.0,0.0,0.9999489095417587,False
8.76825,1,264,265,2.0679124999999594,2.0679124999999594,0.0,0.018253163299161056,0.018253163299161056,0.09004231197227452,0.08398136968487928,0.00531387197489524,0.018253163299161056,0.005016171849507369,0.0,0.0,0.0,0.9987922773685379,0.0,0.0,0.9999523238892065,False
8.795,1,265,266,2.0739312499999594,2.0739312499999594,0.0,0.019005507049161003,0.019005507049161003,0.09000011968487921,0.08318683364748394,0.005690043849895243,0.019005507049161003,0.005016171849507369,0.0,0.0,0.0,0.9987933353098097,0.0,0.0,0.9999523466552628,False
8.8255,1,266,267,2.0807937499999594,2.08079374999996,4.440892098500626e-16,0.019863319549160947,0.019863319549160947,0.09004933364748392,0.08312530542258866,0.005844731349895247,0.019863319549160947,0.005016171849507369,0.0,0.0,0.0,0.9988820554143212,0.0,0.0,0.9999557899805976,False
8.856250000000001,1,267,268,2.0877124999999594,2.0877124999999594,0.0,0.020728163299160923,0.020728163299160923,0.09004405542258889,0.08225518344769359,0.0062771532248952705,0.020728163299160923,0.005016171849507369,0.0,0.0,0.0,0.998908928175035,0.0,0.0,0.9999567234589309,False
8.89075,1,268,269,2.0954749999999596,2.0954749999999596,0.0,0.021698475799160847,0.021698475799160847,0.09001768344769345,0.08163467084779813,0.007247465724895273,0.021698475799160847,0.005016171849507369,0.0,0.0,0.0,0.9989898312666184,0.0,0.0,0.999958921319057,False
8.928,1,269,270,2.10385624999996,2.10385624999996,0.0,0.022746132049160785,0.022746132049160785,0.09001592084779825,0.08058525199790291,0.005948447074790223,0.022746132049160785,0.005016171849507369,0.0,0.0,0.0,0.9991171041957131,0.0,0.0,0.9999645910393266,False
8.97,1,270,271,2.11330624999996,2.11330624999996,0.0,0.023927382049160704,0.023927382049160704,0.09003525199790292,0.08012645814800759,0.00653907207479023,0.023927382049160704,0.005016171849507369,0.0,0.0,0.0,0.9989730191658006,0.0,0.0,0.9999589397304595,False
9.014,1,271,272,2.12320624999996,2.12320624999996,0.0,0.025164882049160637,0.025164882049160637,0.09002645814800775,0.08445331122306007,0.005573146924947684,0.025164882049160637,0.005016171849507369,0.0,0.0,0.0,0.999058213575761,0.0,0.0,0.9999623373673392,False
9.03875,1,272,273,2.1287749999999597,2.12877499999996,4.440892098500626e-16,0.02586097579916057,0.02586097579916057,0.09002206122305992,0.08375282054811226,0.005704982862447665,0.02586097579916057,0.005016171849507369,0.0,0.0,0.0,0.9988320946985773,0.0,0.0,0.9999535946290145,False
9.06675,1,273,274,2.1350749999999605,2.1350749999999605,0.0,0.02664847579916053,0.02664847579916053,0.0900528205481124,0.0835603376856647,0.006098732862447678,0.02664847579916053,0.005016171849507369,0.0,0.0,0.0,0.9988721390112912,0.0,0.0,0.9999550470885009,False
9.0955,1,274,275,2.1415437499999603,2.1415437499999603,0.0,0.027457069549160492,0.027457069549160492,0.09002908768566485,0.08272801107321714,0.005329692287395156,0.027457069549160492,0.005016171849507369,0.0,0.0,0.0,0.9989398710485983,0.0,0.0,0.999957753290708,False
9.128,1,275,276,2.14885624999996,2.14885624999996,0.0,0.028371132049160402,0.028371132049160402,0.09004051107321692,0.08221912196076923,0.005786723537395147,0.028371132049160402,0.005016171849507369,0.0,0.0,0.0,0.9988274332386147,0.0,0.0,0.9999534694178144,False
9.16275,1,276,277,2.15667499999996,2.1566749999999604,4.440892098500626e-16,0.02934847579916036,0.02934847579916036,0.09003787196076946,0.08123913909832173,0.0059800829123951614,0.02934847579916036,0.005016171849507369,0.0,0.0,0.0,0.9989175898597742,0.0,0.0,0.9999569645802455,False
9.20175,1,277,278,2.1654499999999604,2.1654499999999604,0.0,0.03044535079916028,0.03044535079916028,0.0900141390983217,0.08169616556092653,0.006528520412395166,0.03044535079916028,0.005016171849507369,0.0,0.0,0.0,0.998965424538872,0.0,0.0,0.9999587507380583,False
9.23875,1,278,279,2.1737749999999605,2.17377499999996,-4.440892098500626e-16,0.03148597579916023,0.015742987899580115,0.09002116556092676,0.08066256702353153,0.007569145412395206,0.015742987899580115,0.005016171849507369,0.0,0.0,0.0,0.9990326520154802,0.0,0.0,0.9999602616054062,False
9.28025,1,279,280,2.18311249999996,2.18311249999996,0.0,0.016910175399580018,0.016910175399580018,0.09000006702353132,0.0849656896298337,0.005034377393697615,0.016910175399580018,0.005016171849507369,0.0,0.0,0.0,0.9991618067763093,0.0,0.0,0.9999666213850376,False
9.30275,1,280,281,2.1881749999999602,2.1881749999999602,0.0,0.01754298789958,0.01754298789958,0.09002818962983386,0.08436099973613621,0.005350783643697632,0.01754298789958,0.005016171849507369,0.0,0.0,0.0,0.9987081970876409,0.0,0.0,0.999948839562637,False
9.328,1,281,282,2.1938562499999605,2.1938562499999605,0.0,0.018253144149579948,0.018253144149579948,0.09004224973613614,0.08398130984243851,0.005313869581197623,0.018253144149579948,0.005016171849507369,0.0,0.0,0.0,0.9987919870872225,0.0,0.0,0.9999520317960099,False
9.354750000000001,1,282,283,2.1998749999999605,2.1998749999999605,0.0,0.019005487899579895,0.019005487899579895,0.09000005984243845,0.08318677619874079,0.005690041456197626,0.019005487899579895,0.005016171849507369,0.0,0.0,0.0,0.9987930193630944,0.0,0.0,0.9999520320588773,False
9.385250000000001,1,283,284,2.20673749999996,2.20673749999996,0.0,0.01986330039957984,0.01986330039957984,0.09004927619874076,0.08312525036754312,0.005844728956197631,0.01986330039957984,0.005016171849507369,0.0,0.0,0.0,0.9988816568155678,0.0,0.0,0.9999553905708819,False
9.416,1,284,285,2.21365624999996,2.21365624999996,0.0,0.020728144149579766,0.020728144149579766,0.09004400036754295,0.08225513078634532,0.006277150831197629,0.020728144149579766,0.005016171849507369,0.0,0.0,0.0,0.9989085181223992,0.0,0.0,0.9999563114428308,False
9.4505,1,285,286,2.22141874999996,2.22141874999996,0.0,0.02169845664957969,0.02169845664957969,0.09001763078634517,0.08163462058014755,0.007247463331197632,0.02169845664957969,0.005016171849507369,0.0,0.0,0.0,0.9989893993672264,0.0,0.0,0.999958496121056,False
9.48775,1,286,287,2.22979999999996,2.22979999999996,0.0,0.02274611289957963,0.02274611289957963,0.09001587058014765,0.08058520412394998,0.005948442287394934,0.02274611289957963,0.005016171849507369,0.0,0.0,0.0,0.9991166104052129,0.0,0.0,0.9999640929962617,False
9.52975,1,287,288,2.23924999999996,2.23924999999996,0.0,0.023927362899579547,0.023927362899579547,0.09003520412395,0.08012641266775233,0.006539067287394941,0.023927362899579547,0.005016171849507369,0.0,0.0,0.0,0.9989726314712559,0.0,0.0,0.9999585569748631,False
9.57375,1,288,289,2.2491499999999602,2.2491499999999602,0.0,0.02516486289957948,0.02516486289957948,0.0900264126677525,0.08445326693965366,0.00557314572809885,0.02516486289957948,0.005016171849507369,0.0,0.0,0.0,0.9990578208280894,0.0,0.0,0.9999619422315317,False
9.5985,1,289,290,2.2547187499999604,2.2547187499999604,0.0,0.02586095664957946,0.02586095664957946,0.09002201693965389,0.083752777461555,0.005704981665598871,0.02586095664957946,0.005016171849507369,0.0,0.0,0.0,0.9988316125978136,0.0,0.0,0.9999531095571383,False
9.6265,1,290,291,2.26101874999996,2.26101874999996,0.0,0.026648456649579374,0.026648456649579374,0.09005277746155474,0.0835602957959559,0.006098731665598859,0.026648456649579374,0.005016171849507369,0.0,0.0,0.0,0.9988717015897475,0.0,0.0,0.9999546152359544,False
9.65525,1,291,292,2.26748749999996,2.26748749999996,0.0,0.027457050399579335,0.027457050399579335,0.09002904579595605,0.08272797038035717,0.005329689893697511,0.027457050399579335,0.005016171849507369,0.0,0.0,0.0,0.998939565301708,0.0,0.0,0.9999574465391494,False
9.68775,1,292,293,2.2747999999999604,2.2747999999999604,0.0,0.028371112899579293,0.028371112899579293,0.09004047038035737,0.08221908246475845,0.005786721143697528,0.028371112899579293,0.005016171849507369,0.0,0.0,0.0,0.9988270013269956,0.0,0.0,0.9999530346860421,False
9.7225,1,293,294,2.28261874999996,2.28261874999996,0.0,0.0293484566495792,0.0293484566495792,0.09003783246475826,0.08123910079915936,0.005980080518697517,0.0293484566495792,0.005016171849507369,0.0,0.0,0.0,0.9989171018063104,0.0,0.0,0.9999564765937501,False
9.7615,1,294,295,2.2913937499999606,2.291393749999961,4.440892098500626e-16,0.03044533164957917,0.03044533164957917,0.09001410079915974,0.08169612965546215,0.006528518018697547,0.03044533164957917,0.005016171849507369,0.0,0.0,0.0,0.9989649527874986,0.0,0.0,0.9999582853040604,False
9.7985,1,295,296,2.2997187499999603,2.2997187499999603,0.0,0.031485956649579074,0.015742978324789537,0.09002112965546198,0.08066253351176442,0.007569143018697536,0.015742978324789537,0.005016171849507369,0.0,0.0,0.0,0.9990320009249114,0.0,0.0,0.9999596248807846,False
9.84,1,296,297,2.3090562499999603,2.3090562499999607,4.440892098500626e-16,0.016910165824789488,0.016910165824789488,0.09000003351176458,0.08496565731491579,0.005034376196848805,0.016910165824789488,0.005016171849507369,0.0,0.0,0.0,0.9991607353777363,0.0,0.0,0.9999655856007125,False
9.8625,1,297,298,2.3141187499999605,2.3141187499999605,0.0,0.017542978324789422,0.017542978324789422,0.09002815731491555,0.08436096861806676,0.005350782446848797,0.017542978324789422,0.005016171849507369,0.0,0.0,0.0,0.9987075645237761,0.0,0.0,0.9999482171119655,False
9.88775,1,298,299,2.3197999999999603,2.3197999999999603,0.0,0.01825313457478937,0.01825313457478937,0.09004221861806669,0.08398127992121789,0.005313868384348801,0.01825313457478937,0.005016171849507369,0.0,0.0,0.0,0.9987912815611298,0.0,0.0,0.9999513210337817,False
9.9145,1,299,300,2.3258187499999603,2.3258187499999603,0.0,0.019005478324789316,0.019005478324789316,0.09000002992121782,0.08318674747436902,0.005690040259348805,0.019005478324789316,0.005016171849507369,0.0,0.0,0.0,0.9987922956870884,0.0,0.0,0.999951305907696,False
9.945,1,300,301,2.3326812499999603,2.3326812499999603,0.0,0.01986329082478926,0.01986329082478926,0.09004924747436899,0.08312522284002016,0.005844727759348796,0.01986329082478926,0.005016171849507369,0.0,0.0,0.0,0.9988809123621726,0.0,0.0,0.9999546427082324,False
9.97575,1,301,302,2.339599999999961,2.3395999999999604,-4.440892098500626e-16,0.020728134574789236,0.020728134574789236,0.0900439728400204,0.08225510445567152,0.006277149634348819,0.020728134574789236,0.005016171849507369,0.0,0.0,0.0,0.9989078836588403,0.0,0.0,0.9999556768411012,False
10.010250000000001,1,302,303,2.34736249999996,2.34736249999996,0.0,0.02169844707478916,0.02169844707478916,0.09001760445567139,0.08163459544632252,0.007247462134348822,0.02169844707478916,0.005016171849507369,0.0,0.0,0.0,0.9989888065165835,0.0,0.0,0.999957919815703,False
10.0475,1,303,304,2.3557437499999603,2.3557437499999603,0.0,0.0227461033247891,0.0227461033247891,0.09001584544632263,0.08058518018697373,0.005948439893697302,0.0227461033247891,0.005016171849507369,0.0,0.0,0.0,0.9991160139828439,0.0,0.0,0.9999634960755239,False
10.089500000000001,1,304,305,2.3651937499999605,2.3651937499999605,0.0,0.023927353324789017,0.023927353324789017,0.09003518018697375,0.08012638992762486,0.006539064893697309,0.023927353324789017,0.005016171849507369,0.0,0.0,0.0,0.9989720254966442,0.0,0.0,0.9999579532408445,False
10.1335,1,305,306,2.3750937499999605,2.3750937499999605,0.0,0.02516485332478895,0.02516485332478895,0.09002638992762504,0.08445324479795058,0.0055731451296744585,0.02516485332478895,0.005016171849507369,0.0,0.0,0.0,0.9990572419957456,0.0,0.0,0.9999613664154783,False
10.15825,1,306,307,2.3806624999999606,2.3806624999999606,0.0,0.025860947074788882,0.025860947074788882,0.09002199479795042,0.08375275591827598,0.00570498106717444,0.025860947074788882,0.005016171849507369,0.0,0.0,0.0,0.9988310508788444,0.0,0.0,0.9999525460115516,False
10.18625,1,307,308,2.3869624999999606,2.3869624999999606,0.0,0.026648447074788844,0.026648447074788844,0.0900527559182761,0.08356027485110165,0.006098731067174453,0.026648447074788844,0.005016171849507369,0.0,0.0,0.0,0.9988710704352542,0.0,0.0,0.999953981129196,False
10.215,1,308,309,2.393431249999961,2.393431249999961,0.0,0.027457040824788805,0.027457040824788805,0.09002902485110181,0.08272795003392731,0.005329688696848695,0.027457040824788805,0.005016171849507369,0.0,0.0,0.0,0.9989387943425844,0.0,0.0,0.9999566707310117,False
10.2475,1,309,310,2.4007437499999607,2.4007437499999607,0.0,0.028371103324788715,0.028371103324788715,0.0900404500339271,0.08221906271675264,0.005786719946848686,0.028371103324788715,0.005016171849507369,0.0,0.0,0.0,0.998826207797256,0.0,0.0,0.9999522363843243,False
10.28225,1,310,311,2.408562499999961,2.408562499999961,0.0,0.02934844707478867,0.02934844707478867,0.09003781271675285,0.08123908164957835,0.005980079321848701,0.02934844707478867,0.005016171849507369,0.0,0.0,0.0,0.998916258628627,0.0,0.0,0.9999556337129478,False
10.321250000000001,1,311,312,2.417337499999961,2.4173374999999613,4.440892098500626e-16,0.030445322074788592,0.030445322074788592,0.09001408164957833,0.08169611170272961,0.006528516821848705,0.030445322074788592,0.005016171849507369,0.0,0.0,0.0,0.9989640852772834,0.0,0.0,0.9999574231407701,False
10.35825,1,312,313,2.4256624999999605,2.4256624999999605,0.0,0.0314859470747885,0.01574297353739425,0.09002111170272944,0.08066251675588074,0.007569141821848695,0.01574297353739425,0.005016171849507369,0.0,0.0,0.0,0.9990311059797783,0.0,0.0,0.9999587521537647,False
10.399750000000001,1,313,314,2.4349999999999605,2.434999999999961,4.440892098500626e-16,0.016910161037394202,0.016910161037394202,0.09000001675588092,0.08496564115745653,0.0050343755984243845,0.016910161037394202,0.005016171849507369,0.0,0.0,0.0,0.9991594853590613,0.0,0.0,0.9999643265248372,False
10.42225,1,314,315,2.4400624999999607,2.4400624999999607,0.0,0.017542973537394136,0.017542973537394136,0.0900281411574563,0.08436095305903193,0.0053507818484243765,0.017542973537394136,0.005016171849507369,0.0,0.0,0.0,0.9987066058828146,0.0,0.0,0.9999472759032062,False
10.4475,1,315,316,2.445743749999961,2.445743749999961,0.0,0.018253129787394132,0.018253129787394132,0.09004220305903227,0.08398126496060783,0.005313867785924393,0.018253129787394132,0.005016171849507369,0.0,0.0,0.0,0.9987905146900746,0.0,0.0,0.9999505569807629,False
10.47425,1,316,317,2.451762499999961,2.451762499999961,0.0,0.01900547353739408,0.01900547353739408,0.09000001496060778,0.08318673311218333,0.005690039660924397,0.01900547353739408,0.005016171849507369,0.0,0.0,0.0,0.9987916315596154,0.0,0.0,0.9999506419825239,False
10.50475,1,317,318,2.458624999999961,2.458624999999961,0.0,0.019863286037394023,0.019863286037394023,0.0900492331121833,0.08312520907625888,0.005844727160924401,0.019863286037394023,0.005016171849507369,0.0,0.0,0.0,0.9988801961011522,0.0,0.0,0.9999539236779886,False
10.5355,1,318,319,2.4655437499999606,2.4655437499999606,0.0,0.02072812978739395,0.02072812978739395,0.09004395907625871,0.0822550912903343,0.006277149035924399,0.02072812978739395,0.005016171849507369,0.0,0.0,0.0,0.9989070629044701,0.0,0.0,0.9999548487734837,False
10.57,1,319,320,2.4733062499999607,2.4733062499999603,-4.440892098500626e-16,0.021698442287393874,0.021698442287393874,0.09001759129033417,0.08163458287940976,0.007247461535924401,0.021698442287393874,0.005016171849507369,0.0,0.0,0.0,0.9989877940460502,0.0,0.0,0.9999569286657379,False
10.60725,1,320,321,2.4816874999999605,2.4816874999999605,0.0,0.022746098537393813,0.022746098537393813,0.09001583287940985,0.08058516821848542,0.00594843869684848,0.022746098537393813,0.005016171849507369,0.0,0.0,0.0,0.9991151080929872,0.0,0.0,0.9999625846381813,False
10.64925,1,321,322,2.4911374999999607,2.4911374999999607,0.0,0.02392734853739373,0.02392734853739373,0.09003516821848545,0.080126378557561,0.006539063696848487,0.02392734853739373,0.005016171849507369,0.0,0.0,0.0,0.9989711848414272,0.0,0.0,0.9999571292782415,False
10.69325,1,322,323,2.5010374999999607,2.5010374999999607,0.0,0.025164848537393664,0.025164848537393664,0.09002637855756117,0.08445323372709894,0.005573144830462235,0.025164848537393664,0.005016171849507369,0.0,0.0,0.0,0.9990564026746859,0.0,0.0,0.9999605254237895,False
10.718,1,323,324,2.506606249999961,2.506606249999961,0.0,0.025860942287393596,0.025860942287393596,0.09002198372709878,0.08375274514663655,0.0057049807679622295,0.025860942287393596,0.005016171849507369,0.0,0.0,0.0,0.9988301428567822,0.0,0.0,0.9999516368526563,False
10.746,1,324,325,2.512906249999961,2.512906249999961,0.0,0.026648442287393558,0.026648442287393558,0.09005274514663669,0.08356026437867445,0.0060987307679622425,0.026648442287393558,0.005016171849507369,0.0,0.0,0.0,0.9988701599148927,0.0,0.0,0.9999530667961936,False
10.774750000000001,1,325,326,2.519374999999961,2.519374999999961,0.0,0.02745703603739352,0.02745703603739352,0.09002901437867461,0.08272793986071232,0.005329688098424284,0.02745703603739352,0.005016171849507369,0.0,0.0,0.0,0.9989377011882442,0.0,0.0,0.999955576554643,False
10.80725,1,326,327,2.5266874999999613,2.5266874999999613,0.0,0.028371098537393478,0.028371098537393478,0.09004043986071252,0.0822190528427502,0.005786719348424301,0.028371098537393478,0.005016171849507369,0.0,0.0,0.0,0.998825034484329,0.0,0.0,0.9999510632511076,False
10.842,1,327,328,2.5345062499999607,2.5345062499999607,0.0,0.029348442287393386,0.029348442287393386,0.09003780284275002,0.08123907207478773,0.00598007872342429,0.029348442287393386,0.005016171849507369,0.0,0.0,0.0,0.9989149894435037,0.0,0.0,0.9999543547299495,False
10.881,1,328,329,2.5432812499999606,2.5432812499999606,0.0,0.030445317287393307,0.030445317287393307,0.09001407207478772,0.0816961027263634,0.0065285162234242945,0.030445317287393307,0.005016171849507369,0.0,0.0,0.0,0.9989627334672821,0.0,0.0,0.9999560748534378,False
10.918000000000001,1,329,330,2.551606249999961,2.551606249999961,0.0,0.03148594228739326,0.01574297114369663,0.09002110272636363,0.08066250837793927,0.007569141223424334,0.01574297114369663,0.005016171849507369,0.0,0.0,0.0,0.9990298901244175,0.0,0.0,0.9999575728267741,False
10.9595,1,330,331,2.5609437499999608,2.5609437499999608,0.0,0.01691015864369653,0.01691015864369653,0.09000000837793906,0.0849656330787269,0.005034375299212166,0.01691015864369653,0.005016171849507369,0.0,0.0,0.0,0.9991581941047887,0.0,0.0,0.9999630308781956,False
10.982000000000001,1,331,332,2.566006249999961,2.566006249999961,0.0,0.017542971143696514,0.017542971143696514,0.09002813307872706,0.08436094527951486,0.005350781549212183,0.017542971143696514,0.005016171849507369,0.0,0.0,0.0,0.9987053508267415,0.0,0.0,0.9999460141032406,False
11.00725,1,332,333,2.5716874999999613,2.5716874999999613,0.0,0.018253127393696462,0.018253127393696462,0.09004219527951479,0.0839812574803026,0.005313867486712187,0.018253127393696462,0.005016171849507369,0.0,0.0,0.0,0.9987893279508944,0.0,0.0,0.9999493725084838,False
11.034,1,333,334,2.5777062499999612,2.5777062499999612,0.0,0.01900547114369641,0.01900547114369641,0.09000000748030254,0.08318672593109033,0.005690039361712191,0.01900547114369641,0.005016171849507369,0.0,0.0,0.0,0.9987903286226761,0.0,0.0,0.9999493371370083,False
11.0645,1,334,335,2.584568749999961,2.584568749999961,0.0,0.019863283643696352,0.019863283643696352,0.0900492259310903,0.08312520219437809,0.005844726861712195,0.019863283643696352,0.005016171849507369,0.0,0.0,0.0,0.9988789150820476,0.0,0.0,0.9999526428748629,False
11.09525,1,335,336,2.5914874999999604,2.5914874999999604,0.0,0.02072812739369628,0.02072812739369628,0.09004395219437793,0.08225508470766574,0.006277148736712194,0.02072812739369628,0.005016171849507369,0.0,0.0,0.0,0.9989058052985007,0.0,0.0,0.9999535951357122,False
11.12975,1,336,337,2.599249999999961,2.5992499999999614,4.440892098500626e-16,0.021698439893696252,0.021698439893696252,0.09001758470766599,0.08163457659595375,0.007247461236712246,0.021698439893696252,0.005016171849507369,0.0,0.0,0.0,0.9989865349491948,0.0,0.0,0.9999557011117728,False
11.167,1,337,338,2.607631249999961,2.607631249999961,0.0,0.02274609614369619,0.02274609614369619,0.09001582659595385,0.08058516223424156,0.005948438098424075,0.02274609614369619,0.005016171849507369,0.0,0.0,0.0,0.9991139073715916,0.0,0.0,0.9999613819610998,False
11.209,1,338,339,2.6170812499999614,2.6170812499999614,0.0,0.02392734614369611,0.02392734614369611,0.09003516223424159,0.0801263728725293,0.006539063098424082,0.02392734614369611,0.005016171849507369,0.0,0.0,0.0,0.9989697251777692,0.0,0.0,0.9999556745884669,False
11.253,1,339,340,2.626981249999961,2.626981249999961,0.0,0.025164846143695994,0.025164846143695994,0.09002637287252907,0.08445322819167295,0.005573144680856133,0.025164846143695994,0.005016171849507369,0.0,0.0,0.0,0.9990549852006646,0.0,0.0,0.9999591088741681,False
11.277750000000001,1,340,341,2.632549999999961,2.632549999999961,0.0,0.025860939893695974,0.025860939893695974,0.09002197819167318,0.08375273976081701,0.005704980618356153,0.025860939893695974,0.005016171849507369,0.0,0.0,0.0,0.9988286727104253,0.0,0.0,0.999950165660433,False
11.30575,1,341,342,2.6388499999999615,2.6388499999999615,0.0,0.026648439893695936,0.026648439893695936,0.09005273976081715,0.08356025914246097,0.006098730618356166,0.026648439893695936,0.005016171849507369,0.0,0.0,0.0,0.9988686492299532,0.0,0.0,0.9999515565777991,False
11.3345,1,342,343,2.6453187499999613,2.6453187499999613,0.0,0.02745703364369585,0.02745703364369585,0.09002900914246073,0.08272793477410458,0.005329687799212056,0.02745703364369585,0.005016171849507369,0.0,0.0,0.0,0.9989362090929804,0.0,0.0,0.9999540876316697,False
11.367,1,343,344,2.6526312499999616,2.6526312499999616,0.0,0.028371096143695807,0.028371096143695807,0.09004043477410476,0.08221904790574858,0.005786719049212073,0.028371096143695807,0.005016171849507369,0.0,0.0,0.0,0.9988236045851003,0.0,0.0,0.9999496330316074,False
11.40175,1,344,345,2.660449999999962,2.6604499999999613,-4.440892098500626e-16,0.029348439893695764,0.029348439893695764,0.0900377979057488,0.08123906728739258,0.005980078424212087,0.029348439893695764,0.005016171849507369,0.0,0.0,0.0,0.9989136062293997,0.0,0.0,0.999952974251741,False
11.44075,1,345,346,2.6692249999999613,2.6692249999999613,0.0,0.030445314893695685,0.030445314893695685,0.09001406728739257,0.08169609823818043,0.006528515924212092,0.030445314893695685,0.005016171849507369,0.0,0.0,0.0,0.998961289784498,0.0,0.0,0.9999546354899369,False
11.47775,1,346,347,2.6775499999999615,2.677549999999961,-4.440892098500626e-16,0.03148593989369559,0.015742969946847794,0.09002109823818027,0.08066250418896814,0.007569140924212081,0.015742969946847794,0.005016171849507369,0.0,0.0,0.0,0.9990282372160234,0.0,0.0,0.9999559553448936,False
11.51925,1,347,348,2.6868874999999615,2.6868874999999615,0.0,0.016910157446847745,0.016910157446847745,0.09000000418896832,0.08496562903936225,0.005034375149606077,0.016910157446847745,0.005016171849507369,0.0,0.0,0.0,0.9991564669610233,0.0,0.0,0.9999612494295518,False
11.54175,1,348,349,2.691949999999961,2.691949999999961,0.0,0.01754296994684768,0.01754296994684768,0.09002812903936201,0.08436094138975594,0.005350781399606069,0.01754296994684768,0.005016171849507369,0.0,0.0,0.0,0.9987035192314258,0.0,0.0,0.999944167219685,False
11.567,1,349,350,2.697631249999961,2.697631249999961,0.0,0.018253126196847626,0.018253126196847626,0.09004219138975587,0.0839812537401498,0.005313867337106061,0.018253126196847626,0.005016171849507369,0.0,0.0,0.0,0.9987875162372577,0.0,0.0,0.9999475639984905,False
11.59375,1,350,351,2.703649999999961,2.703649999999961,0.0,0.019005469946847573,0.019005469946847573,0.09000000374014974,0.08318672234054367,0.0056900392121060645,0.019005469946847573,0.005016171849507369,0.0,0.0,0.0,0.9987885274113679,0.0,0.0,0.9999475418585563,False
11.62425,1,351,352,2.710512499999961,2.710512499999961,0.0,0.019863282446847517,0.019863282446847517,0.09004922234054363,0.08312519875343755,0.005844726712106068,0.019863282446847517,0.005016171849507369,0.0,0.0,0.0,0.9988770432833072,0.0,0.0,0.9999507722908844,False
11.655,1,352,353,2.7174312499999616,2.7174312499999616,0.0,0.020728126196847493,0.020728126196847493,0.09004394875343778,0.08225508141633164,0.006277148587106092,0.020728126196847493,0.005016171849507369,0.0,0.0,0.0,0.9989039263778777,0.0,0.0,0.9999517155380476,False
11.6895,1,353,354,2.7251937499999612,2.7251937499999612,0.0,0.021698438696847417,0.021698438696847417,0.09001758141633151,0.0816345734542254,0.007247461087106094,0.021698438696847417,0.005016171849507369,0.0,0.0,0.0,0.9989848152145344,0.0,0.0,0.9999540262107963,False
11.726750000000001,1,354,355,2.7335749999999615,2.7335749999999615,0.0,0.022746094946847355,0.022746094946847355,0.09001582345422549,0.08058515924211933,0.005948437799211866,0.022746094946847355,0.005016171849507369,0.0,0.0,0.0,0.9991120616836764,0.0,0.0,0.9999595424427704,False
11.76875,1,355,356,2.743024999999961,2.7430249999999616,4.440892098500626e-16,0.023927344946847274,0.023927344946847274,0.09003515924211936,0.08012637003001319,0.006539062799211873,0.023927344946847274,0.005016171849507369,0.0,0.0,0.0,0.9989678919719237,0.0,0.0,0.9999538585698551,False
11.81275,1,356,357,2.7529249999999617,2.7529249999999617,0.0,0.025164844946847207,0.025164844946847207,0.09002637003001336,0.08445322542396028,0.005573144606053094,0.025164844946847207,0.005016171849507369,0.0,0.0,0.0,0.9990530285814588,0.0,0.0,0.9999571514293241,False
11.8375,1,357,358,2.7584937499999618,2.7584937499999613,-4.440892098500626e-16,0.02586093869684714,0.02586093869684714,0.09002197542396012,0.08375273706790703,0.005704980543553076,0.02586093869684714,0.005016171849507369,0.0,0.0,0.0,0.9988268950522597,0.0,0.0,0.9999483876595017,False
11.8655,1,358,359,2.7647937499999617,2.7647937499999617,0.0,0.0266484386968471,0.0266484386968471,0.09005273706790717,0.08356025652435407,0.006098730543553089,0.0266484386968471,0.005016171849507369,0.0,0.0,0.0,0.9988670208863315,0.0,0.0,0.9999499279758434,False
11.89425,1,359,360,2.7712624999999615,2.7712624999999615,0.0,0.027457032446847062,0.027457032446847062,0.09002900652435422,0.08272793223080109,0.005329687649605977,0.027457032446847062,0.005016171849507369,0.0,0.0,0.0,0.9989346979010737,0.0,0.0,0.9999525785370912,False
11.92675,1,360,361,2.778574999999962,2.778574999999962,0.0,0.028371094946846972,0.028371094946846972,0.09004043223080088,0.08221904543724778,0.0057867188996059684,0.028371094946846972,0.005016171849507369,0.0,0.0,0.0,0.9988222953840208,0.0,0.0,0.9999483301832204,False
11.961500000000001,1,361,362,2.786393749999962,2.786393749999962,0.0,0.02934843869684693,0.02934843869684693,0.09003779543724799,0.08123906489369487,0.005980078274605983,0.02934843869684693,0.005016171849507369,0.0,0.0,0.0,0.9989125779206741,0.0,0.0,0.9999519578417096,False
