time,inserted_nodes,node_count_before,node_count_after,rest_length_before,rest_length_after,rest_length_error,tail_rest_length_before,tail_rest_length_after,payout_buffer_rest_length_before,payout_buffer_rest_length_after,payout_buffer_min_rest_length_after,payout_buffer_max_rest_length_after,minimum_physical_rest_length_after,peak_tension_before,peak_tension_after,peak_tension_jump,minimum_geometric_ratio_after,peak_tension_post_step,peak_tension_post_step_jump,minimum_standard_ratio_post_step,remeshed_in_same_step
0.556,1,33,34,0.3300019677819496,0.3300019677819497,5.551115123125783e-17,0.011250245972743704,0.005625122986371852,0.09000196778194963,0.07875172180920592,0.005625122986371852,0.011250245972743704,0.005625122986371852,0.0,0.0,0.0,0.9998386033930582,0.0,0.0,0.9999802229224444,False
0.7272500000000001,1,34,35,0.3412628962318587,0.3412628962318587,0.0,0.0070327390426105025,0.0070327390426105025,0.09001265025911499,0.07735478823013266,0.0063289310144911655,0.012657862028982331,0.0063289310144911655,0.0,0.0,0.0,0.999612287806721,0.0,0.0,0.9999726588273592,False
0.86175,1,35,36,0.35391708436002894,0.3539170843600289,-5.551115123125783e-17,0.008614512558631791,0.008614512558631791,0.09000897635830293,0.07576934081329931,0.007119817772501805,0.01423963554500361,0.007119817772501805,0.0,0.0,0.0,0.9995475318431664,0.0,0.0,0.9999707719127116,False
0.9812500000000001,1,36,37,0.3681621503086826,0.36816215030868255,-5.551115123125783e-17,0.01039514580221349,0.01039514580221349,0.09001440676195291,0.0739941379733676,0.005197572901106745,0.01602026878858531,0.005197572901106745,0.0,0.0,0.0,0.9995096894753854,0.0,0.0,0.9999704322436646,False
1.0935,1,37,38,0.3841698385018349,0.3841698385018349,0.0,0.012396106826357531,0.012396106826357531,0.09000182616651994,0.07198059635379056,0.0058461493991190955,0.012396106826357531,0.0058461493991190955,0.0,0.0,0.0,0.9992958138432745,0.0,0.0,0.9999639080986359,False
1.203,1,38,39,0.4022176457041288,0.4022176457041288,0.0,0.014652082726644268,0.014652082726644268,0.09002840355608444,0.07687101561557015,0.006578693970257139,0.014652082726644268,0.006578693970257139,0.0,0.0,0.0,0.9992874441187906,0.0,0.0,0.9999645758704738,False
1.2750000000000001,1,39,40,0.4153578470415671,0.41535784704156714,5.551115123125783e-17,0.01629460789382405,0.01629460789382405,0.09001121695300848,0.08178999781557156,0.00779539993285236,0.01629460789382405,0.00779539993285236,0.0,0.0,0.0,0.9992438523013484,0.0,0.0,0.9999633433847224,False
1.3175000000000001,1,40,41,0.42357193930162945,0.42357193930162945,0.0,0.017321369426331848,0.017321369426331848,0.09000409007563392,0.0807561094056892,0.005385705999546711,0.017321369426331848,0.005385705999546711,0.0,0.0,0.0,0.9992665331401664,0.0,0.0,0.9999648902004756,False
1.3635,1,41,42,0.43283261755764874,0.4328326175576488,5.551115123125783e-17,0.018478954208334262,0.018478954208334262,0.09001678766170848,0.08347349688015934,0.005964498390547914,0.018478954208334262,0.005964498390547914,0.0,0.0,0.0,0.9989730536439136,0.0,0.0,0.9999539422696836,False
1.395,1,42,43,0.43938944138071434,0.43938944138071423,-1.1102230246251565e-16,0.019298557186217452,0.019298557186217452,0.09003032070322489,0.08266742694379257,0.005399674612622879,0.019298557186217452,0.005399674612622879,0.0,0.0,0.0,0.9989834453076883,0.0,0.0,0.9999546520596697,False
1.4295,1,43,44,0.4467650299904318,0.4467650299904318,0.0,0.020220505762432135,0.020220505762432135,0.09004301555351008,0.08233696560886429,0.005860648900730222,0.020220505762432135,0.005860648900730222,0.0,0.0,0.0,0.9988800014200616,0.0,0.0,0.9999508646704389,False
1.4645000000000001,1,44,45,0.45444823075812496,0.454448230758125,5.551115123125783e-17,0.021180905858393783,0.021180905858393783,0.09002016637655746,0.08135371633595001,0.006821048996691869,0.021180905858393783,0.006543290781549124,0.0,0.0,0.0,0.9989347042286321,0.0,0.0,0.9999528015945802,False
1.5030000000000001,1,45,46,0.4631240036605983,0.46312400366059825,-5.551115123125783e-17,0.02226537747120295,0.02226537747120295,0.09002948923842335,0.08166299434081498,0.007905520609501032,0.02226537747120295,0.006543290781549124,0.0,0.0,0.0,0.999055719446805,0.0,0.0,0.9999574333288102,False
1.53925,1,46,47,0.47149776627207507,0.4714977662720751,5.551115123125783e-17,0.023312097797637547,0.023312097797637547,0.09003675695229178,0.08062354172824879,0.005061429208943644,0.023312097797637547,0.005061429208943644,0.0,0.0,0.0,0.9991462688162265,0.0,0.0,0.9999617228725913,False
1.579,1,47,48,0.48089641880520084,0.48089641880520084,0.0,0.02448692936427828,0.02448692936427828,0.09002219426137453,0.08495865801008637,0.005063536251288173,0.02448692936427828,0.005063536251288173,0.0,0.0,0.0,0.9987481916628121,0.0,0.0,0.9999465957862064,False
1.6,1,48,49,0.48594848371202526,0.48594848371202515,-1.1102230246251565e-16,0.025118437477631317,0.025118437477631317,0.0900107229169107,0.08431567855226949,0.005379290307964696,0.025118437477631317,0.005063536251288173,0.0,0.0,0.0,0.9986142295504588,0.0,0.0,0.999941727578918,False
1.6235,1,49,50,0.49166960300114965,0.49166960300114965,0.0,0.025833577388771883,0.025833577388771883,0.09003679784139396,0.0839423676222887,0.0060944302191052535,0.025833577388771883,0.005063536251288173,0.0,0.0,0.0,0.9986888910107053,0.0,0.0,0.9999445011471068,False
1.64825,1,50,51,0.4977688317166431,0.49776883171664316,5.551115123125783e-17,0.026595980978208575,0.026595980978208575,0.09004159633778219,0.08318476252924024,0.00643225289602685,0.026595980978208575,0.005063536251288173,0.0,0.0,0.0,0.9988200888893115,0.0,0.0,0.9999496196666972,False
1.67575,1,51,52,0.5046298629989195,0.5046298629989195,0.0,0.02745360988849313,0.02745360988849313,0.09004579381151662,0.08084285251171743,0.006861067351169121,0.02745360988849313,0.005063536251288173,0.0,0.0,0.0,0.9988756230642581,0.0,0.0,0.9999511704980659,False
1.712,1,52,53,0.5138000432294666,0.5138000432294666,0.0,0.028599882417311536,0.028599882417311536,0.09001303274226455,0.08483842582795575,0.0051746069143087875,0.028599882417311536,0.005063536251288173,0.0,0.0,0.0,0.9989604377156627,0.0,0.0,0.9999548906950797,False
1.73225,1,53,54,0.5189806322842434,0.5189806322842434,0.0,0.029247456049158627,0.014623728024579313,0.0900190148827325,0.08419683433657663,0.008654913511834606,0.014623728024579313,0.005063536251288173,0.0,0.0,0.0,0.9985618980413783,0.0,0.0,0.9999389422699642,False
1.7550000000000001,1,54,55,0.5248465746957811,0.5248465746957811,0.0,0.015356970826021523,0.015356970826021523,0.0900627767481143,0.08482813151494445,0.005234645233169864,0.015356970826021523,0.005063536251288173,0.0,0.0,0.0,0.9990986752598382,0.0,0.0,0.9999602256494343,False
1.7750000000000001,1,55,56,0.5300407500504488,0.5300407500504488,0.0,0.016006242745355018,0.016006242745355018,0.0900223068696123,0.08413838971710896,0.005559281192836603,0.016006242745355018,0.005063536251288173,0.0,0.0,0.0,0.9985563382895771,0.0,0.0,0.9999398995505044,False
1.7975,1,56,57,0.5359226949510468,0.5359226949510466,-2.220446049250313e-16,0.01674148585792974,0.01674148585792974,0.09002033461770674,0.08372581031229542,0.005600742900163644,0.01674148585792974,0.005063536251288173,0.0,0.0,0.0,0.998641235943879,0.0,0.0,0.9999431337407326,False
1.8215000000000001,1,57,58,0.5422377535685513,0.5422377535685514,1.1102230246251565e-16,0.01753086818511783,0.01753086818511783,0.09004086892980005,0.08295696229720065,0.005995434063757684,0.01753086818511783,0.005063536251288173,0.0,0.0,0.0,0.9986529671487278,0.0,0.0,0.999943492758489,False
1.84825,1,58,59,0.5493208254513426,0.5493208254513425,-1.1102230246251565e-16,0.018416252170466732,0.018416252170466732,0.09004003417999187,0.08276452496729125,0.006223718828860999,0.018416252170466732,0.005063536251288173,0.0,0.0,0.0,0.9987409292130317,0.0,0.0,0.9999467669827262,False
1.8755,1,59,60,0.5565779550950939,0.556577955095094,1.1102230246251565e-16,0.019323393375935652,0.019323393375935652,0.09002165461104258,0.08183900419287304,0.006677289431595455,0.019323393375935652,0.005063536251288173,0.0,0.0,0.0,0.9987784233174538,0.0,0.0,0.9999480229550206,False
1.9060000000000001,1,60,61,0.5647418146383094,0.5647418146383095,1.1102230246251565e-16,0.020343875818837606,0.020343875818837606,0.09000286373608869,0.08119442203861124,0.007697771874497412,0.020343875818837606,0.005063536251288173,0.0,0.0,0.0,0.9988626446975605,0.0,0.0,0.9999499322789884,False
1.939,1,61,62,0.5736124037089804,0.5736124037089804,0.0,0.021452699452671458,0.021452699452671458,0.09006501110928207,0.08014774577797076,0.005640380771626329,0.021452699452671458,0.005063536251288173,0.0,0.0,0.0,0.999001637293121,0.0,0.0,0.9999567986024903,False
1.9757500000000001,1,62,63,0.5835209274962713,0.5835209274962714,1.1102230246251565e-16,0.022691264926082793,0.022691264926082793,0.09005626956526169,0.08480690377302313,0.005249365792238551,0.022691264926082793,0.005063536251288173,0.0,0.0,0.0,0.9987202894974245,0.0,0.0,0.9999462153116017,False
1.995,1,63,64,0.5887175072205132,0.5887175072205132,0.0,0.023340837391613037,0.023340837391613037,0.09000348349726509,0.08410454523949629,0.005574152025003672,0.023340837391613037,0.005063536251288173,0.0,0.0,0.0,0.9985080917662348,0.0,0.0,0.9999382376876123,False
2.017,1,64,65,0.5946575,0.5946575,0.0,0.024083336489048947,0.024083336489048947,0.09004453801898304,0.08372788689654351,0.005718616272354353,0.024083336489048947,0.005063536251288173,0.0,0.0,0.0,0.9986064070371494,0.0,0.0,0.9999419549425771,False
2.04025,1,65,66,0.6009349999999998,0.6009349999999998,0.0,0.024868023989049005,0.024868023989049005,0.09000538689654336,0.08290404827410383,0.006110960022354326,0.024868023989049005,0.005063536251288173,0.0,0.0,0.0,0.9986462534279348,0.0,0.0,0.9999433877416557,False
2.06675,1,66,67,0.6080899999999997,0.6080899999999997,0.0,0.02576239898904907,0.02576239898904907,0.09005904827410371,0.08266136950174935,0.007005335022354328,0.02576239898904907,0.005063536251288173,0.0,0.0,0.0,0.9987429412187684,0.0,0.0,0.9999467350620377,False
2.094,1,67,68,0.6154474999999995,0.6154474999999995,0.0,0.02668208648904914,0.02668208648904914,0.09001886950174914,0.08170150322939482,0.0054348839040017916,0.02668208648904914,0.005063536251288173,0.0,0.0,0.0,0.9988883326947244,0.0,0.0,0.9999527876980304,False
2.12475,1,68,69,0.6237499999999991,0.6237499999999991,0.0,0.02771989898904921,0.02771989898904921,0.0900040032293945,0.08104116820704026,0.005953790154001754,0.02771989898904921,0.005063536251288173,0.0,0.0,0.0,0.9986399030119844,0.0,0.0,0.999943160149821,False
2.158,1,69,70,0.632727499999999,0.6327274999999991,1.1102230246251565e-16,0.0288420864890493,0.0288420864890493,0.09001866820704019,0.08497615694586311,0.00504251126117709,0.0288420864890493,0.00504251126117709,0.0,0.0,0.0,0.9987555171627802,0.0,0.0,0.9999478020505997,False
2.17675,1,70,71,0.6377899999999987,0.6377899999999989,1.1102230246251565e-16,0.029474898989049342,0.029474898989049342,0.09003865694586297,0.08436333318468589,0.005753865269907369,0.029474898989049342,0.00504251126117709,0.0,0.0,0.0,0.9984495049598021,0.0,0.0,0.9999360004861069,False
2.19775,1,71,72,0.6434599999999987,0.6434599999999986,-1.1102230246251565e-16,0.03018364898904939,0.03018364898904939,0.09003333318468568,0.08109688678068397,0.006108240269907344,0.03018364898904939,0.00504251126117709,0.0,0.0,0.0,0.9986378712336629,0.0,0.0,0.9999431347200177,False
2.23075,1,72,73,0.6523699999999986,0.6523699999999987,1.1102230246251565e-16,0.03129739898904946,0.03129739898904946,0.0900068867806838,0.08498178857868298,0.005025098202000819,0.03129739898904946,0.005025098202000819,0.0,0.0,0.0,0.9987807102553006,0.0,0.0,0.9999489043302421,False
2.2495,1,73,74,0.6574324999999985,0.6574324999999985,0.0,0.03193021148904942,0.03193021148904942,0.09004428857868288,0.08438637787668204,0.005082051327000803,0.03193021148904942,0.005025098202000819,0.0,0.0,0.0,0.9984447630314733,0.0,0.0,0.9999358977443195,False
2.2705,1,74,75,0.6631024999999982,0.6631024999999983,1.1102230246251565e-16,0.03263896148904936,0.03263896148904936,0.09005637787668172,0.08426557654968092,0.005436426327000777,0.03263896148904936,0.005025098202000819,0.0,0.0,0.0,0.9984803572714758,0.0,0.0,0.9999372345098015,False
2.29175,1,75,76,0.668839999999998,0.668839999999998,0.0,0.03335614898904931,0.016678074494524655,0.09000307654968073,0.08349508772267994,0.006153613827000787,0.016678074494524655,0.005025098202000819,0.0,0.0,0.0,0.9985697157429616,0.0,0.0,0.9999392892524475,False
2.316,1,76,77,0.6753874999999979,0.6753874999999979,0.0,0.017496511994524712,0.017496511994524712,0.0900425877226798,0.08307053639567902,0.005226776384953601,0.017496511994524712,0.005025098202000819,0.0,0.0,0.0,0.9987370459896617,0.0,0.0,0.9999470814917413,False
2.34175,1,77,78,0.682339999999998,0.682339999999998,0.0,0.018365574494524774,0.018365574494524774,0.09002303639567896,0.08218192256867818,0.005661307634953571,0.018365574494524774,0.005025098202000819,0.0,0.0,0.0,0.9985562071571111,0.0,0.0,0.9999401511531815,False
2.37075,1,78,79,0.6901699999999977,0.6901699999999976,-1.1102230246251565e-16,0.019344324494524844,0.019344324494524844,0.09001192256867818,0.08293733368372458,0.005973495134953536,0.019344324494524844,0.005025098202000819,0.0,0.0,0.0,0.9986742351165233,0.0,0.0,0.9999446985958895,False
2.3970000000000002,1,79,80,0.697257499999998,0.6972574999999981,1.1102230246251565e-16,0.020230261994524913,0.020230261994524913,0.09002483368372467,0.08206430729877108,0.006416463884953508,0.020230261994524913,0.005025098202000819,0.0,0.0,0.0,0.9987165536462564,0.0,0.0,0.9999463200899595,False
2.4265,1,80,81,0.7052224999999979,0.705222499999998,1.1102230246251565e-16,0.02122588699452499,0.02122588699452499,0.09002930729877116,0.08150768716381762,0.007412088884953514,0.02122588699452499,0.005025098202000819,0.0,0.0,0.0,0.9988120204022783,0.0,0.0,0.9999492024610024,False
2.458,1,81,82,0.7137274999999976,0.7137274999999976,0.0,0.022289011994525064,0.022289011994525064,0.09001268716381722,0.08042794202886377,0.005838034248631209,0.022289011994525064,0.005025098202000819,0.0,0.0,0.0,0.9989605082251318,0.0,0.0,0.9999558526399126,False
2.4935,1,82,83,0.7233124999999972,0.7233124999999971,-1.1102230246251565e-16,0.02348713699452515,0.02348713699452515,0.09001294202886342,0.07989663439391005,0.0050581538174766915,0.02348713699452515,0.005025098202000819,0.0,0.0,0.0,0.9987488731799493,0.0,0.0,0.9999479179158279,False
2.531,1,83,84,0.733437499999997,0.733437499999997,0.0,0.024752761994525245,0.024752761994525245,0.09002163439390985,0.08369785557643315,0.00546948194247665,0.024752761994525245,0.005025098202000819,0.0,0.0,0.0,0.9986081626275145,0.0,0.0,0.9999422691243531,False
2.5545,1,84,85,0.7397824999999968,0.7397824999999968,0.0,0.0255458869945253,0.0255458869945253,0.09004285557643296,0.08292595175895627,0.00586604444247662,0.0255458869945253,0.005025098202000819,0.0,0.0,0.0,0.9985946551500007,0.0,0.0,0.9999417654671949,False
2.58075,1,85,86,0.7468699999999968,0.7468699999999968,0.0,0.026431824494525368,0.026431824494525368,0.09001345175895623,0.08286490731647957,0.006751981942476627,0.026431824494525368,0.005025098202000819,0.0,0.0,0.0,0.9986962674478377,0.0,0.0,0.9999455793159073,False
2.60725,1,86,87,0.7540249999999967,0.7540249999999967,0.0,0.027326199494525433,0.027326199494525433,0.09001990731647938,0.08197698787400275,0.005437610874315503,0.027326199494525433,0.005025098202000819,0.0,0.0,0.0,0.9988482469371338,0.0,0.0,0.9999515829372783,False
2.637,1,87,88,0.7620574999999963,0.7620574999999962,-1.1102230246251565e-16,0.028330261994525506,0.028330261994525506,0.0900094878740025,0.08135906843152592,0.005939642124315468,0.028330261994525506,0.005025098202000819,0.0,0.0,0.0,0.9986337130954116,0.0,0.0,0.9999433806684279,False
2.66925,1,88,89,0.7707649999999964,0.7707649999999964,0.0,0.029418699494525597,0.029418699494525597,0.09006656843152588,0.08032771148904938,0.005448157749315444,0.029418699494525597,0.005025098202000819,0.0,0.0,0.0,0.9987474502661962,0.0,0.0,0.9999478703964804,False
2.70525,1,89,90,0.7804849999999961,0.7804849999999961,0.0,0.030633699494525688,0.030633699494525688,0.09004771148904922,0.08130260061473377,0.006055657749315404,0.030633699494525688,0.005025098202000819,0.0,0.0,0.0,0.9986791672473997,0.0,0.0,0.9999453093753323,False
2.7375000000000003,1,90,91,0.789192499999996,0.789192499999996,0.0,0.031722136994525696,0.015861068497262848,0.09001010061473355,0.08017655224041817,0.007144095249315404,0.015861068497262848,0.005025098202000819,0.0,0.0,0.0,0.9987679324071654,0.0,0.0,0.9999479725679604,False
2.774,1,91,92,0.7990474999999958,0.7990474999999957,-1.1102230246251565e-16,0.01709294349726293,0.01709294349726293,0.0900315522404179,0.0794681601161026,0.005281696062157644,0.01709294349726293,0.005025098202000819,0.0,0.0,0.0,0.9989485371137459,0.0,0.0,0.999955792777223,False
2.81325,1,92,93,0.8096449999999955,0.8096449999999955,0.0,0.01841763099726303,0.01841763099726303,0.09006566011610245,0.08345927655394479,0.0051540788746576366,0.01841763099726303,0.005025098202000819,0.0,0.0,0.0,0.9986676137698139,0.0,0.0,0.9999447058181101,False
2.8375,1,93,94,0.8161924999999957,0.8161924999999957,0.0,0.0192360684972631,0.0192360684972631,0.09000677655394484,0.08258195549178718,0.005563297624657615,0.0192360684972631,0.005025098202000819,0.0,0.0,0.0,0.9985266997724016,0.0,0.0,0.9999393244119398,False
2.865,1,94,95,0.8236174999999957,0.8236174999999957,0.0,0.020164193497263165,0.020164193497263165,0.09000695549178717,0.08310631411712953,0.00572361012465758,0.020164193497263165,0.005025098202000819,0.0,0.0,0.0,0.9986442219266363,0.0,0.0,0.9999439142789159,False
2.89075,1,95,96,0.8305699999999956,0.8305699999999956,0.0,0.021033255997263228,0.021033255997263228,0.0900588141171296,0.08228911024247194,0.0061581413746575496,0.021033255997263228,0.005025098202000819,0.0,0.0,0.0,0.9986650505630328,0.0,0.0,0.9999447687776533,False
2.9195,1,96,97,0.8383324999999957,0.8383324999999957,0.0,0.0220035684972633,0.0220035684972633,0.09005161024247205,0.08172081261781447,0.007128453874657555,0.0220035684972633,0.005025098202000819,0.0,0.0,0.0,0.998765194644854,0.0,0.0,0.99994831254402,False
2.95025,1,97,98,0.8466349999999954,0.8466349999999954,0.0,0.023041380997263373,0.023041380997263373,0.09002331261781413,0.08065470249315662,0.006019798374315787,0.023041380997263373,0.005025098202000819,0.0,0.0,0.0,0.9989215722259003,0.0,0.0,0.9999546924579121,False
2.985,1,98,99,0.8560174999999952,0.8560174999999952,0.0,0.02421419349726347,0.02421419349726347,0.09003720249315642,0.08026359236849895,0.006606204624315753,0.02421419349726347,0.005025098202000819,0.0,0.0,0.0,0.9987762414853409,0.0,0.0,0.9999492093852175,False
3.02125,1,99,100,0.8658049999999949,0.865804999999995,1.1102230246251565e-16,0.025437630997263556,0.025437630997263556,0.0900510923684987,0.07905404474384133,0.005281258187328686,0.025437630997263556,0.005025098202000819,0.0,0.0,0.0,0.9988756001516154,0.0,0.0,0.9999531746794954,False
3.0620000000000003,1,100,101,0.8768074999999947,0.8768074999999946,-1.1102230246251565e-16,0.02681294349726366,0.02681294349726366,0.09005654474384099,0.08408763030651234,0.005968914437328641,0.02681294349726366,0.005025098202000819,0.0,0.0,0.0,0.9986777678186011,0.0,0.0,0.999945230887867,False
3.084,1,101,102,0.8827474999999944,0.8827474999999942,-1.1102230246251565e-16,0.02755544349726371,0.02755544349726371,0.09002763030651215,0.0833162158691835,0.005266930437157805,0.02755544349726371,0.005025098202000819,0.0,0.0,0.0,0.9986884442398156,0.0,0.0,0.9999455828752953,False
3.109,1,102,103,0.8894974999999944,0.8894974999999944,0.0,0.028399193497263768,0.028399193497263768,0.09006621586918333,0.08182339518185468,0.005688805437157775,0.028399193497263768,0.005025098202000819,0.0,0.0,0.0,0.9985600399051702,0.0,0.0,0.9999407520032902,False
3.1395,1,103,104,0.8977324999999942,0.8977324999999943,1.1102230246251565e-16,0.029428568497263857,0.029428568497263857,0.09005839518185467,0.08078619949452606,0.005910289812157745,0.029428568497263857,0.005025098202000819,0.0,0.0,0.0,0.998689967709981,0.0,0.0,0.9999458222241854,False
3.17375,1,104,105,0.9069799999999941,0.9069799999999941,0.0,0.030584505997263933,0.030584505997263933,0.09003369949452593,0.08173770655736814,0.0064882585621577,0.030584505997263933,0.005025098202000819,0.0,0.0,0.0,0.9987543628205277,0.0,0.0,0.9999483517971193,False
3.2045,1,105,106,0.915282499999994,0.915282499999994,0.0,0.03162231849726396,0.01581115924863198,0.090040206557368,0.08070640112021028,0.007526071062157713,0.01581115924863198,0.005025098202000819,0.0,0.0,0.0,0.9988303590558296,0.0,0.0,0.9999510720770521,False
3.239,1,106,107,0.9245974999999937,0.9245974999999937,0.0,0.016975534248632067,0.016975534248632067,0.09002140112021002,0.07994509568305239,0.00503815271857882,0.016975534248632067,0.005025098202000819,0.0,0.0,0.0,0.9989864913634627,0.0,0.0,0.9999573553481096,False
3.27625,1,107,108,0.9346549999999935,0.9346549999999934,-1.1102230246251565e-16,0.018232721748632153,0.018232721748632153,0.09000259568305219,0.08370725546447336,0.005262801156078779,0.018232721748632153,0.005025098202000819,0.0,0.0,0.0,0.9986020157824942,0.0,0.0,0.9999422554622188,False
3.29975,1,108,109,0.9409999999999934,0.9409999999999934,0.0,0.01902584674863222,0.01902584674863222,0.0900522554644734,0.08296379024589458,0.005659363656078758,0.01902584674863222,0.005025098202000819,0.0,0.0,0.0,0.9985469689254354,0.0,0.0,0.9999401955153248,False
3.326,1,109,110,0.9480874999999934,0.9480874999999934,0.0,0.019911784248632276,0.019911784248632276,0.0900512902458945,0.08310942658981574,0.005813348031078723,0.019911784248632276,0.005025098202000819,0.0,0.0,0.0,0.9986553639632396,0.0,0.0,0.9999444075236725,False
3.35175,1,110,111,0.9550399999999936,0.9550399999999937,1.1102230246251565e-16,0.02078084674863234,0.02078084674863234,0.0900619265898158,0.08225100043373701,0.006247879281078693,0.02078084674863234,0.005025098202000819,0.0,0.0,0.0,0.9986829665124187,0.0,0.0,0.9999455531512524,False
3.3805,1,111,112,0.9628024999999936,0.9628024999999936,0.0,0.021751159248632412,0.021751159248632412,0.0900135004337371,0.0816288242776584,0.007218191781078698,0.021751159248632412,0.005025098202000819,0.0,0.0,0.0,0.9987804359180341,0.0,0.0,0.9999491470255196,False
3.41175,1,112,113,0.9712399999999932,0.9712399999999933,1.1102230246251565e-16,0.02280584674863249,0.02280584674863249,0.0900663242776581,0.08062696062157944,0.0059651335621580676,0.02280584674863249,0.005025098202000819,0.0,0.0,0.0,0.9989354262396309,0.0,0.0,0.999955290367252,False
3.4465,1,113,114,0.9806224999999931,0.9806224999999931,0.0,0.023978659248632586,0.023978659248632586,0.09000946062157922,0.08012923759050061,0.006551539812158033,0.023978659248632586,0.005025098202000819,0.0,0.0,0.0,0.9987668372903838,0.0,0.0,0.9999488458545851,False
3.48325,1,114,115,0.9905449999999929,0.9905449999999929,0.0,0.02521897174863268,0.02521897174863268,0.0900517375905004,0.07893120205942189,0.005343002140539259,0.02521897174863268,0.005025098202000819,0.0,0.0,0.0,0.9988700719935942,0.0,0.0,0.9999529097355857,False
3.52425,1,115,116,1.0016149999999924,1.0016149999999926,2.220446049250313e-16,0.02660272174863278,0.02660272174863278,0.09000120205942153,0.08396632491888231,0.0060348771405392115,0.02660272174863278,0.005025098202000819,0.0,0.0,0.0,0.9986914570516513,0.0,0.0,0.9999457432131273,False
3.5467500000000003,1,116,117,1.0076899999999924,1.0076899999999922,-2.220446049250313e-16,0.027362096748632835,0.027362096748632835,0.09004132491888216,0.08324707277834295,0.005260691781078949,0.027362096748632835,0.005025098202000819,0.0,0.0,0.0,0.9987042983754,0.0,0.0,0.9999461337899931,False
3.572,1,117,118,1.0145074999999921,1.0145074999999921,0.0,0.02821428424863289,0.02821428424863289,0.0900645727783427,0.08172625813780349,0.005686785531078917,0.02821428424863289,0.005025098202000819,0.0,0.0,0.0,0.9985604761594115,0.0,0.0,0.9999407414430393,False
3.60275,1,118,119,1.0228099999999922,1.022809999999992,-2.220446049250313e-16,0.029252096748632977,0.029252096748632977,0.09002875813780345,0.08065263099726429,0.0059124886560788835,0.029252096748632977,0.005025098202000819,0.0,0.0,0.0,0.9986910706663601,0.0,0.0,0.9999457639537831,False
3.6375,1,119,120,1.032192499999992,1.032192499999992,0.0,0.03042490924863306,0.03042490924863306,0.09003513099726418,0.08171162671618526,0.006498894906078841,0.03042490924863306,0.005025098202000819,0.0,0.0,0.0,0.9987576245112306,0.0,0.0,0.9999484305829913,False
3.66825,1,120,121,1.0404949999999917,1.0404949999999915,-2.220446049250313e-16,0.03146272174863309,0.015731360874316546,0.09001412671618501,0.08065280993510618,0.007536707406078839,0.015731360874316546,0.005025098202000819,0.0,0.0,0.0,0.998831808297814,0.0,0.0,0.9999511323475736,False
3.7030000000000003,1,121,122,1.0498774999999916,1.0498774999999916,0.0,0.01690417337431664,0.01690417337431664,0.09003530993510599,0.07992727440402721,0.005054017765539388,0.01690417337431664,0.005025098202000819,0.0,0.0,0.0,0.9989886123894127,0.0,0.0,0.9999573644715186,False
3.7405,1,122,123,1.0600024999999913,1.0600024999999913,0.0,0.018169798374316738,0.018169798374316738,0.09005227440402709,0.0837326316384877,0.005280775578039353,0.018169798374316738,0.005025098202000819,0.0,0.0,0.0,0.9986072525988797,0.0,0.0,0.9999423559964682,False
3.76375,1,123,124,1.0662799999999912,1.0662799999999912,0.0,0.018954485874316796,0.018954485874316796,0.09001013163848766,0.08290580137294826,0.0056731193280393265,0.018954485874316796,0.005025098202000819,0.0,0.0,0.0,0.9985490944982063,0.0,0.0,0.9999401370277615,False
3.79025,1,124,125,1.0734349999999913,1.0734349999999913,0.0,0.01984886087431686,0.01984886087431686,0.09006080137294828,0.08310096329490893,0.005827103703039296,0.01984886087431686,0.005025098202000819,0.0,0.0,0.0,0.9986597317675326,0.0,0.0,0.9999444572269016,False
3.8160000000000003,1,125,126,1.0803874999999914,1.0803874999999916,2.220446049250313e-16,0.020717923374316924,0.020717923374316924,0.09005346329490899,0.08222456271686963,0.006261634953039266,0.020717923374316924,0.005025098202000819,0.0,0.0,0.0,0.9986854162940764,0.0,0.0,0.9999454471458628,False
3.845,1,126,127,1.0882174999999916,1.0882174999999918,2.220446049250313e-16,0.021696673374316994,0.021696673374316994,0.0900545627168697,0.0816392558888304,0.007240384953039266,0.021696673374316994,0.005025098202000819,0.0,0.0,0.0,0.9987841144430044,0.0,0.0,0.9999493148822053,False
3.876,1,127,128,1.0965874999999914,1.0965874999999912,-2.220446049250313e-16,0.022742923374317076,0.022742923374317076,0.09000925588883013,0.0805476990607909,0.005947293343579216,0.022742923374317076,0.005025098202000819,0.0,0.0,0.0,0.9989370225314139,0.0,0.0,0.9999551889660542,False
3.91125,1,128,129,1.1061049999999912,1.106104999999991,-2.220446049250313e-16,0.023932610874317164,0.023932610874317164,0.09006519906079061,0.08015434535775143,0.006542137093579176,0.023932610874317164,0.005025098202000819,0.0,0.0,0.0,0.9987664972770626,0.0,0.0,0.9999486923463792,False
3.94775,1,129,130,1.1159599999999907,1.1159599999999907,0.0,0.025164485874317247,0.025164485874317247,0.09000934535775115,0.08443798100623162,0.005571364351519535,0.025164485874317247,0.005025098202000819,0.0,0.0,0.0,0.9988673495593947,0.0,0.0,0.9999526899340457,False
3.9685,1,130,131,1.1215624999999905,1.1215624999999907,2.220446049250313e-16,0.0258647983743173,0.0258647983743173,0.09004048100623141,0.08376880415471187,0.005704254976519512,0.0258647983743173,0.005025098202000819,0.0,0.0,0.0,0.998596562017224,0.0,0.0,0.9999418832389465,False
3.99175,1,131,132,1.1278399999999902,1.1278399999999902,0.0,0.02664948587431736,0.02664948587431736,0.09004630415471167,0.08355736167819215,0.006096598726519485,0.02664948587431736,0.005025098202000819,0.0,0.0,0.0,0.998643433167087,0.0,0.0,0.9999436978055001,False
4.01575,1,132,133,1.13431999999999,1.1343199999999902,2.220446049250313e-16,0.027459485874317343,0.027459485874317343,0.09003736167819208,0.08273841920167258,0.005331927921789531,0.027459485874317343,0.005025098202000819,0.0,0.0,0.0,0.9987252525836495,0.0,0.0,0.9999468835697205,False
4.04275,1,133,134,1.1416099999999902,1.1416099999999902,0.0,0.028370735874317286,0.028370735874317286,0.09002841920167257,0.08221057047515307,0.005787552921789535,0.028370735874317286,0.005025098202000819,0.0,0.0,0.0,0.9985901993852045,0.0,0.0,0.9999416603809697,False
4.07175,1,134,135,1.14943999999999,1.14943999999999,0.0,0.029349485874317217,0.029349485874317217,0.090040570475153,0.0812439717486335,0.005979506046789534,0.029349485874317217,0.005025098202000819,0.0,0.0,0.0,0.9986989894335895,0.0,0.0,0.9999459668718349,False
4.10425,1,135,136,1.15821499999999,1.15821499999999,0.0,0.030446360874317135,0.030446360874317135,0.0900189717486334,0.08170016882684385,0.006527943546789532,0.030446360874317135,0.005025098202000819,0.0,0.0,0.0,0.9987559093935083,0.0,0.0,0.9999482130742365,False
4.135,1,136,137,1.16651749999999,1.16651749999999,0.0,0.03148417337431714,0.01574208668715857,0.09000266882684395,0.0806460534050544,0.007565756046789544,0.01574208668715857,0.005025098202000819,0.0,0.0,0.0,0.9988362282733461,0.0,0.0,0.9999512834245516,False
4.1697500000000005,1,137,138,1.17589999999999,1.1758999999999902,2.220446049250313e-16,0.016914899187158484,0.016914899187158484,0.09002855340505422,0.08499165194415945,0.005036901460894771,0.016914899187158484,0.005025098202000819,0.0,0.0,0.0,0.9989917006276794,0.0,0.0,0.9999572379682896,False
4.1885,1,138,139,1.18096249999999,1.18096249999999,0.0,0.017547711687158435,0.017547711687158435,0.09005415194415933,0.08438443798326456,0.005353307710894769,0.017547711687158435,0.005025098202000819,0.0,0.0,0.0,0.99844791428633,0.0,0.0,0.9999360726542393,False
4.2095,1,139,140,1.1866324999999898,1.1866324999999898,0.0,0.018256461687158384,0.018256461687158384,0.09005443798326446,0.08399238027236969,0.0053142842733947685,0.018256461687158384,0.005025098202000819,0.0,0.0,0.0,0.9985480921926296,0.0,0.0,0.999939943305943,False
4.232,1,140,141,1.1927074999999898,1.1927074999999898,0.0,0.019015836687158363,0.019015836687158363,0.09006738027236982,0.08324594756147502,0.005693971773394784,0.019015836687158363,0.005025098202000819,0.0,0.0,0.0,0.9985509582111408,0.0,0.0,0.9999401454458006,False
4.25725,1,141,142,1.1995249999999897,1.1995249999999897,0.0,0.019868024187158297,0.019868024187158297,0.09006344756147487,0.08313760078808008,0.005845846773394782,0.019868024187158297,0.005025098202000819,0.0,0.0,0.0,0.9986553022116829,0.0,0.0,0.9999441960886791,False
4.28275,1,142,143,1.2064099999999898,1.2064099999999895,-2.220446049250313e-16,0.020728649187158242,0.020728649187158242,0.09002260078808,0.0822361290146852,0.006276159273394785,0.020728649187158242,0.005025098202000819,0.0,0.0,0.0,0.9986874214016134,0.0,0.0,0.99994549020214,False
4.31175,1,143,144,1.2142399999999895,1.2142399999999895,0.0,0.021707399187158173,0.021707399187158173,0.09006612901468507,0.08168059474129029,0.0072549092733947855,0.021707399187158173,0.005025098202000819,0.0,0.0,0.0,0.9987862315157883,0.0,0.0,0.9999490943864838,False
4.34275,1,144,145,1.2226099999999893,1.2226099999999893,0.0,0.022753649187158092,0.022753649187158092,0.09005059474129015,0.08061881046789537,0.00594997479678954,0.022753649187158092,0.005025098202000819,0.0,0.0,0.0,0.9989387581320258,0.0,0.0,0.9999551714523569,False
4.3775,1,145,146,1.2319924999999892,1.2319924999999892,0.0,0.023926461687158007,0.023926461687158007,0.09000131046789528,0.0800970261945005,0.006536381046789539,0.023926461687158007,0.005025098202000819,0.0,0.0,0.0,0.9987639733921159,0.0,0.0,0.9999485000733325,False
4.41425,1,146,147,1.2419149999999894,1.2419149999999894,0.0,0.02516677418715794,0.02516677418715794,0.09001952619450058,0.08444722780780319,0.0055722983866974005,0.02516677418715794,0.005025098202000819,0.0,0.0,0.0,0.9988675617919096,0.0,0.0,0.9999525188469754,False
4.4350000000000005,1,147,148,1.2475174999999892,1.2475174999999892,0.0,0.02586708668715788,0.02586708668715788,0.09004972780780304,0.08377711692110565,0.005707298386697394,0.02586708668715788,0.005025098202000819,0.0,0.0,0.0,0.9985966496370796,0.0,0.0,0.9999417734078943,False
4.4582500000000005,1,148,149,1.2537949999999891,1.2537949999999891,0.0,0.026651774187157827,0.026651774187157827,0.09005461692110561,0.08356263103440822,0.006099642136697395,0.026651774187157827,0.005025098202000819,0.0,0.0,0.0,0.9986439657548177,0.0,0.0,0.9999436361594988,False
4.4822500000000005,1,149,150,1.2602749999999894,1.2602749999999894,0.0,0.027461774187157773,0.027461774187157773,0.09004263103440818,0.08274064514771079,0.005329049898394778,0.027461774187157773,0.005025098202000819,0.0,0.0,0.0,0.9987257431337774,0.0,0.0,0.9999468558312666,False
4.50925,1,150,151,1.2675649999999892,1.267564999999989,-2.220446049250313e-16,0.028373024187157717,0.028373024187157717,0.0900306451477108,0.08220975301101338,0.005784674898394781,0.028373024187157717,0.005025098202000819,0.0,0.0,0.0,0.9985895827842833,0.0,0.0,0.9999416501007892,False
4.53825,1,151,152,1.275394999999989,1.275394999999989,0.0,0.029351774187157648,0.029351774187157648,0.09003975301101333,0.08124011087431592,0.005980846773394782,0.029351774187157648,0.005025098202000819,0.0,0.0,0.0,0.9986983033256926,0.0,0.0,0.9999457863526997,False
4.57075,1,152,153,1.284169999999989,1.284169999999989,0.0,0.030448649187157565,0.030448649187157565,0.0900151108743158,0.08169918597592102,0.00652928427339478,0.030448649187157565,0.005025098202000819,0.0,0.0,0.0,0.9987560392121784,0.0,0.0,0.9999481333567231,False
4.6015,1,153,154,1.292472499999989,1.292472499999989,0.0,0.03148646168715757,0.015743230843578784,0.09000168597592112,0.08064794857752632,0.007567096773394792,0.015743230843578784,0.005025098202000819,0.0,0.0,0.0,0.9988362149819707,0.0,0.0,0.9999510200913071,False
4.63625,1,154,155,1.3018549999999889,1.3018549999999887,-2.220446049250313e-16,0.0169160433435787,0.0169160433435787,0.09003044857752614,0.08499498612832873,0.005035462449197395,0.0169160433435787,0.005025098202000819,0.0,0.0,0.0,0.9989919269298231,0.0,0.0,0.9999573098636353,False
4.655,1,155,156,1.3069174999999889,1.3069174999999889,0.0,0.01754885584357865,0.01754885584357865,0.09005748612832862,0.08438921117913123,0.005351868699197393,0.01754885584357865,0.005025098202000819,0.0,0.0,0.0,0.9984475586571571,0.0,0.0,0.9999360888402709,False
4.676,1,156,157,1.3125874999999887,1.3125874999999887,0.0,0.01825760584357863,0.01825760584357863,0.09005921117913138,0.08399859247993395,0.005314954636697407,0.01825760584357863,0.005025098202000819,0.0,0.0,0.0,0.9985477084997847,0.0,0.0,0.9999398763315943,False
4.69825,1,157,158,1.3185949999999886,1.3185949999999886,0.0,0.019008543343578568,0.019008543343578568,0.09000609247993377,0.08319453628073635,0.005690423386697402,0.019008543343578568,0.005025098202000819,0.0,0.0,0.0,0.9985490088401802,0.0,0.0,0.9999399736164115,False
4.7235000000000005,1,158,159,1.3254124999999886,1.3254124999999886,0.0,0.019860730843578502,0.019860730843578502,0.09001203628073619,0.08309395664403879,0.005842298386697402,0.019860730843578502,0.005025098202000819,0.0,0.0,0.0,0.998654590357959,0.0,0.0,0.9999441975052762,False
4.74925,1,159,160,1.3323649999999887,1.3323649999999887,0.0,0.020729793343578457,0.020729793343578457,0.09004645664403879,0.08225931450734139,0.0062768296366974095,0.020729793343578457,0.005025098202000819,0.0,0.0,0.0,0.9986884003291426,0.0,0.0,0.9999455715786381,False
4.7780000000000005,1,160,161,1.3401274999999884,1.3401274999999884,0.0,0.021700105843578378,0.021700105843578378,0.09002181450734117,0.08163982862064378,0.0072471421366974,0.021700105843578378,0.005025098202000819,0.0,0.0,0.0,0.9987851170686641,0.0,0.0,0.9999491501064867,False
4.809,1,161,162,1.3484974999999884,1.3484974999999884,0.0,0.022746355843578328,0.022746355843578328,0.09000982862064388,0.08058159273394647,0.005948151460894606,0.022746355843578328,0.005025098202000819,0.0,0.0,0.0,0.9989376788308816,0.0,0.0,0.999955016950245,False
4.844,1,162,163,1.3579474999999883,1.3579474999999883,0.0,0.023927605843578222,0.023927605843578222,0.0900315927339462,0.0801224193472488,0.0065387764608945955,0.023927605843578222,0.005025098202000819,0.0,0.0,0.0,0.9987651654018458,0.0,0.0,0.9999485982210877,False
4.88075,1,163,164,1.3678699999999882,1.3678699999999882,0.0,0.025167918343578156,0.025167918343578156,0.09004491934724888,0.08447017640390017,0.005574742943348716,0.025167918343578156,0.005025098202000819,0.0,0.0,0.0,0.9988680611022731,0.0,0.0,0.9999526900720489,False
4.90125,1,164,165,1.3734049999999882,1.3734049999999882,0.0,0.025859793343578116,0.025859793343578116,0.09000517640390018,0.08373855846055145,0.005703414818348716,0.025859793343578116,0.005025098202000819,0.0,0.0,0.0,0.9985954694791912,0.0,0.0,0.9999418708548926,False
4.9245,1,165,166,1.379682499999988,1.379682499999988,0.0,0.026644480843578063,0.026644480843578063,0.09001605846055141,0.08352795614220271,0.006095758568348717,0.026644480843578063,0.005025098202000819,0.0,0.0,0.0,0.9986432301060031,0.0,0.0,0.999943672550837,False
4.9485,1,166,167,1.3861624999999882,1.3861624999999882,0.0,0.02745448084357801,0.02745448084357801,0.09000795614220267,0.08270985382385396,0.00532813823044731,0.02745448084357801,0.005025098202000819,0.0,0.0,0.0,0.9987251027597069,0.0,0.0,0.9999469008845824,False
4.97575,1,167,168,1.393519999999988,1.393519999999988,0.0,0.02837416834357793,0.02837416834357793,0.09006735382385378,0.08224190775550508,0.005787981980447304,0.02837416834357793,0.005025098202000819,0.0,0.0,0.0,0.9985914593420253,0.0,0.0,0.9999419047407505,False
5.0045,1,168,169,1.401282499999988,1.401282499999988,0.0,0.029344480843577884,0.029344480843577884,0.09000440775550517,0.08120864918715645,0.005977825730447319,0.029344480843577884,0.005025098202000819,0.0,0.0,0.0,0.9986976356262776,0.0,0.0,0.9999460613068653,False
5.03725,1,169,170,1.410124999999988,1.410124999999988,0.0,0.03044979334357781,0.03044979334357781,0.09005114918715641,0.08172769845670907,0.006530481980447322,0.03044979334357781,0.005025098202000819,0.0,0.0,0.0,0.99875712286568,0.0,0.0,0.9999482751010109,False
5.0680000000000005,1,170,171,1.418427499999988,1.418427499999988,0.0,0.031487605843577786,0.015743802921788893,0.09003019845670894,0.08066893522626165,0.007568294480447305,0.015743802921788893,0.005025098202000819,0.0,0.0,0.0,0.9988366948205509,0.0,0.0,0.9999512203644046,False
5.10275,1,171,172,1.4278099999999876,1.4278099999999878,2.220446049250313e-16,0.016916615421788808,0.016916615421788808,0.09005143522626147,0.0850143192360378,0.005037115990223656,0.016916615421788808,0.005025098202000819,0.0,0.0,0.0,0.9989922687152745,0.0,0.0,0.9999575415433335,False
5.12125,1,172,173,1.432804999999988,1.4328049999999877,-2.220446049250313e-16,0.01754099042178878,0.01754099042178878,0.09000931923603785,0.08434782824581417,0.0053493034902236634,0.01754099042178878,0.005025098202000819,0.0,0.0,0.0,0.9984459681553355,0.0,0.0,0.9999362885156473,False
5.14225,1,173,174,1.4384749999999877,1.4384749999999877,0.0,0.01824974042178873,0.01824974042178873,0.09001782824581406,0.0839597747555904,0.005313444115223661,0.01824974042178873,0.005025098202000819,0.0,0.0,0.0,0.9985474760750188,0.0,0.0,0.9999402275180908,False
5.16475,1,174,175,1.4445499999999876,1.4445499999999876,0.0,0.019009115421788677,0.019009115421788677,0.0900347747555903,0.08321734626536664,0.005693131615223662,0.019009115421788677,0.005025098202000819,0.0,0.0,0.0,0.998551018963184,0.0,0.0,0.9999403783092555,False
5.19,1,175,176,1.4513674999999873,1.4513674999999875,2.220446049250313e-16,0.01986130292178861,0.01986130292178861,0.09003484626536648,0.08310983965014282,0.0058428972402236575,0.01986130292178861,0.005025098202000819,0.0,0.0,0.0,0.9986554097591148,0.0,0.0,0.999944480948869,False
5.21575,1,176,177,1.4583199999999874,1.4583199999999876,2.220446049250313e-16,0.020730365421788566,0.020730365421788566,0.09006233965014283,0.08226827053491916,0.006277428490223665,0.020730365421788566,0.005025098202000819,0.0,0.0,0.0,0.9986887910993136,0.0,0.0,0.9999458434718805,False
5.2445,1,177,178,1.4660824999999873,1.4660824999999873,0.0,0.021700677921788487,0.021700677921788487,0.09003077053491894,0.08164607641969528,0.007247740990223656,0.021700677921788487,0.005025098202000819,0.0,0.0,0.0,0.9987856516202319,0.0,0.0,0.9999495391512906,False
5.2755,1,178,179,1.4744524999999875,1.4744524999999875,0.0,0.022746927921788437,0.022746927921788437,0.09001607641969539,0.0805851323044717,0.005948294480447133,0.022746927921788437,0.005025098202000819,0.0,0.0,0.0,0.9989383185918487,0.0,0.0,0.99995556286747,False
5.3105,1,179,180,1.4839024999999875,1.4839024999999875,0.0,0.023928177921788363,0.023928177921788363,0.09003513230447169,0.08012536006424799,0.006538919480447138,0.023928177921788363,0.005025098202000819,0.0,0.0,0.0,0.9987655891730239,0.0,0.0,0.9999489756855804,False
5.34725,1,180,181,1.4938249999999873,1.4938249999999873,0.0,0.025168490421788266,0.025168490421788266,0.09004786006424784,0.08447281769413599,0.005575042370111844,0.025168490421788266,0.005025098202000819,0.0,0.0,0.0,0.9988685473239222,0.0,0.0,0.9999531585092534,False
5.36775,1,181,182,1.4993599999999874,1.4993599999999874,0.0,0.025860365421788226,0.025860365421788226,0.09000781769413602,0.08374090032402416,0.0057037142451118435,0.025860365421788226,0.005025098202000819,0.0,0.0,0.0,0.9985961142016099,0.0,0.0,0.9999424506357955,False
5.391,1,182,183,1.5056374999999873,1.5056374999999873,0.0,0.026645052921788173,0.026645052921788173,0.09001840032402413,0.08352999857891227,0.006096057995111845,0.026645052921788173,0.005025098202000819,0.0,0.0,0.0,0.9986439242321459,0.0,0.0,0.9999442928877038,False
5.415,1,183,184,1.5121174999999873,1.5121174999999871,-2.220446049250313e-16,0.02745505292178812,0.02745505292178812,0.09000999857891225,0.08271159683380039,0.005328209740223574,0.02745505292178812,0.005025098202000819,0.0,0.0,0.0,0.9987257843144767,0.0,0.0,0.9999475149622432,False
5.442,1,184,185,1.5194074999999871,1.5194074999999871,0.0,0.028366302921788062,0.028366302921788062,0.09000159683380039,0.08218428883868853,0.005783834740223578,0.028366302921788062,0.005025098202000819,0.0,0.0,0.0,0.9985901811361269,0.0,0.0,0.9999424380551013,False
5.471,1,185,186,1.5272374999999871,1.5272374999999871,0.0,0.029345052921787993,0.029345052921787993,0.09001428883868848,0.08121823084357661,0.005977897240223576,0.029345052921787993,0.005025098202000819,0.0,0.0,0.0,0.9986991369006005,0.0,0.0,0.9999467728782605,False
5.50375,1,186,187,1.5360799999999872,1.5360799999999872,0.0,0.03045036542178792,0.03045036542178792,0.09006073084357658,0.081737208603353,0.0065305534902235785,0.03045036542178792,0.005025098202000819,0.0,0.0,0.0,0.9987579736050353,0.0,0.0,0.9999490988340896,False
5.5345,1,187,188,1.5443824999999871,1.5443824999999871,0.0,0.031488177921787895,0.015744088960893948,0.09003970860335285,0.08067837386312929,0.007568365990223562,0.015744088960893948,0.005025098202000819,0.0,0.0,0.0,0.9988375613905284,0.0,0.0,0.9999520007330485,False
5.56925,1,188,189,1.5537649999999867,1.553764999999987,2.220446049250313e-16,0.016916901460893863,0.016916901460893863,0.09006087386312911,0.08502161274301731,0.005039261120111783,0.016916901460893863,0.005025098202000819,0.0,0.0,0.0,0.998990918534906,0.0,0.0,0.9999562786373183,False
5.58775,1,189,190,1.558759999999987,1.558759999999987,0.0,0.017541276460893835,0.017541276460893835,0.09001661274301737,0.08435297662290556,0.005351448620111791,0.017541276460893835,0.005025098202000819,0.0,0.0,0.0,0.9984427217741876,0.0,0.0,0.9999325618896867,False
5.60875,1,190,191,1.5644299999999867,1.5644299999999867,0.0,0.018250026460893784,0.018250026460893784,0.09002297662290545,0.08396277800279367,0.005313479870111789,0.018250026460893784,0.005025098202000819,0.0,0.0,0.0,0.9985449134450469,0.0,0.0,0.9999372078718132,False
5.6312500000000005,1,191,192,1.5705049999999865,1.5705049999999865,0.0,0.01900940146089373,0.01900940146089373,0.09003777800279357,0.08321820438268178,0.00569316737011179,0.01900940146089373,0.005025098202000819,0.0,0.0,0.0,0.9985484915750734,0.0,0.0,0.9999378428895394,False
5.6565,1,192,193,1.5773224999999864,1.5773224999999864,0.0,0.019861588960893666,0.019861588960893666,0.09003570438268162,0.08311066201256984,0.005842932995111786,0.019861588960893666,0.005025098202000819,0.0,0.0,0.0,0.9986530839869514,0.0,0.0,0.9999421284672743,False
5.68225,1,193,194,1.5842749999999863,1.5842749999999863,0.0,0.02073065146089362,0.02073065146089362,0.09006316201256984,0.08226905714245802,0.006277464245111794,0.02073065146089362,0.005025098202000819,0.0,0.0,0.0,0.9986865642974861,0.0,0.0,0.9999435891824444,False
5.711,1,194,195,1.5920374999999862,1.5920374999999862,0.0,0.021700963960893542,0.021700963960893542,0.09003155714245781,0.08164682727234603,0.007247776745111784,0.021700963960893542,0.005025098202000819,0.0,0.0,0.0,0.9987834957010129,0.0,0.0,0.9999473433671174,False
5.742,1,195,196,1.6004074999999864,1.6004074999999864,0.0,0.022747213960893492,0.022747213960893492,0.09001682727234614,0.08058584740223432,0.005948365990223397,0.022747213960893492,0.005025098202000819,0.0,0.0,0.0,0.9989363345693394,0.0,0.0,0.9999535661666192,False
5.777,1,196,197,1.6098574999999862,1.6098574999999862,0.0,0.023928463960893417,0.023928463960893417,0.0900358474022343,0.08012603940712248,0.006538990990223401,0.023928463960893417,0.005025098202000819,0.0,0.0,0.0,0.9987635634159528,0.0,0.0,0.9999468988108151,False
5.81375,1,197,198,1.6197799999999862,1.6197799999999862,0.0,0.02516877646089332,0.02516877646089332,0.09004853940712232,0.08447347915956642,0.005575060247555908,0.02516877646089332,0.005025098202000819,0.0,0.0,0.0,0.9988664300181365,0.0,0.0,0.9999510250044544,False
5.83425,1,198,199,1.6253149999999863,1.6253149999999863,0.0,0.02586065146089328,0.02586065146089328,0.09000847915956645,0.08374154391201052,0.005703732122555908,0.02586065146089328,0.005025098202000819,0.0,0.0,0.0,0.998593899276759,0.0,0.0,0.9999402196862107,False
5.8575,1,199,200,1.6315924999999862,1.6315924999999862,0.0,0.026645338960893227,0.026645338960893227,0.09001904391201049,0.08353062428945458,0.006096075872555909,0.026645338960893227,0.005025098202000819,0.0,0.0,0.0,0.9986415856722523,0.0,0.0,0.9999419462302332,False
5.8815,1,200,201,1.638072499999986,1.638072499999986,0.0,0.027455338960893173,0.027455338960893173,0.09001062428945454,0.08271220466689863,0.005328245495111706,0.027455338960893173,0.005025098202000819,0.0,0.0,0.0,0.9987235209271889,0.0,0.0,0.9999452398902902,False
5.9085,1,201,202,1.645362499999986,1.645362499999986,0.0,0.028366588960893117,0.028366588960893117,0.09000220466689862,0.08218487879434272,0.005783870495111709,0.028366588960893117,0.005025098202000819,0.0,0.0,0.0,0.9985877871923922,0.0,0.0,0.9999400147286405,False
5.9375,1,202,203,1.653192499999986,1.653192499999986,0.0,0.029345338960893048,0.029345338960893048,0.09001487879434264,0.08121880292178672,0.0059779329951117075,0.029345338960893048,0.005025098202000819,0.0,0.0,0.0,0.9986966395362474,0.0,0.0,0.9999442424485567,False
5.97025,1,203,204,1.6620349999999862,1.6620349999999862,0.0,0.030450651460892975,0.030450651460892975,0.09006130292178668,0.08173774492667497,0.00653058924511171,0.030450651460892975,0.005025098202000819,0.0,0.0,0.0,0.9987552743683855,0.0,0.0,0.9999463913385769,False
6.001,1,204,205,1.6703374999999858,1.6703374999999858,0.0,0.03148846396089295,0.015744231980446475,0.09004024492667484,0.08067887443156313,0.0075684017451116935,0.015744231980446475,0.005025098202000819,0.0,0.0,0.0,0.998835163488292,0.0,0.0,0.999949540436852,False
6.03575,1,205,206,1.679719999999986,1.679719999999986,0.0,0.01691704448044642,0.01691704448044642,0.0900613744315632,0.08502209543400732,0.005039278997555864,0.01691704448044642,0.005025098202000819,0.0,0.0,0.0,0.9989906076255737,0.0,0.0,0.9999558508832763,False
6.05425,1,206,207,1.6847149999999858,1.6847149999999855,-2.220446049250313e-16,0.017541419480446362,0.017541419480446362,0.09001709543400713,0.08435344143645127,0.005351466497555857,0.017541419480446362,0.005025098202000819,0.0,0.0,0.0,0.998445281777157,0.0,0.0,0.9999350117857287,False
6.0752500000000005,1,207,208,1.6903849999999856,1.6903849999999856,0.0,0.01825016948044631,0.01825016948044631,0.09002344143645116,0.08396322493889531,0.005313497747555855,0.01825016948044631,0.005025098202000819,0.0,0.0,0.0,0.9985465980402113,0.0,0.0,0.9999388551932504,False
6.0977500000000004,1,208,209,1.6964599999999854,1.6964599999999854,0.0,0.01900954448044626,0.01900954448044626,0.09003822493889521,0.08321863344133935,0.005693185247555856,0.01900954448044626,0.005025098202000819,0.0,0.0,0.0,0.9985497715126058,0.0,0.0,0.9999391061538265,False
6.123,1,209,210,1.7032774999999856,1.7032774999999858,2.220446049250313e-16,0.019861731980446225,0.019861731980446225,0.09003613344133944,0.08311107319378355,0.0058429508725558665,0.019861731980446225,0.005025098202000819,0.0,0.0,0.0,0.9986540783838521,0.0,0.0,0.9999430976185064,False
6.14875,1,210,211,1.7102299999999855,1.7102299999999853,-2.220446049250313e-16,0.02073079448044615,0.02073079448044615,0.09006357319378332,0.08226945044622745,0.00627748212255586,0.02073079448044615,0.005025098202000819,0.0,0.0,0.0,0.9986872970018584,0.0,0.0,0.999944305026347,False
6.1775,1,211,212,1.7179924999999856,1.7179924999999856,0.0,0.0217011069804461,0.0217011069804461,0.09003195044622747,0.0816472026986716,0.007247794622555879,0.0217011069804461,0.005025098202000819,0.0,0.0,0.0,0.9987840570577294,0.0,0.0,0.999947841381034,False
6.2085,1,212,213,1.7263624999999854,1.7263624999999854,0.0,0.02274735698044602,0.02274735698044602,0.09001720269867147,0.08058620495111558,0.005948401745111522,0.02274735698044602,0.005025098202000819,0.0,0.0,0.0,0.998936918720912,0.0,0.0,0.9999541524140447,False
6.2435,1,213,214,1.7358124999999853,1.7358124999999853,0.0,0.023928606980445945,0.023928606980445945,0.09003620495111557,0.0801263790785597,0.006539026745111526,0.023928606980445945,0.005025098202000819,0.0,0.0,0.0,0.9987641173328007,0.0,0.0,0.9999474424960889,False
6.2802500000000006,1,214,215,1.7457349999999852,1.7457349999999852,0.0,0.025168919480445848,0.025168919480445848,0.09004887907855955,0.0844738098922816,0.005575069186277933,0.025168919480445848,0.005025098202000819,0.0,0.0,0.0,0.9988668687913548,0.0,0.0,0.9999514511691505,False
6.30075,1,215,216,1.7512699999999852,1.7512699999999852,0.0,0.025860794480445808,0.025860794480445808,0.09000880989228163,0.08374186570600368,0.005703741061277941,0.025860794480445808,0.005025098202000819,0.0,0.0,0.0,0.998594515922771,0.0,0.0,0.999940807310503,False
6.324,1,216,217,1.7575474999999852,1.7575474999999852,0.0,0.026645481980445754,0.026645481980445754,0.09001936570600365,0.0835309371447257,0.006096084811277942,0.026645481980445754,0.005025098202000819,0.0,0.0,0.0,0.9986423090207843,0.0,0.0,0.9999426511693534,False
6.348,1,217,218,1.764027499999985,1.764027499999985,0.0,0.0274554819804457,0.0274554819804457,0.09001093714472568,0.08271250858344772,0.005328263372555768,0.0274554819804457,0.005025098202000819,0.0,0.0,0.0,0.9987241791264079,0.0,0.0,0.9999458909490405,False
6.375,1,218,219,1.7713174999999852,1.7713174999999852,0.0,0.028366731980445644,0.028366731980445644,0.09000250858344772,0.08218517377216977,0.005783888372555772,0.028366731980445644,0.005025098202000819,0.0,0.0,0.0,0.9985884461868875,0.0,0.0,0.9999406715792963,False
6.404,1,219,220,1.779147499999985,1.779147499999985,0.0,0.029345481980445575,0.029345481980445575,0.09001517377216971,0.08121908896089175,0.00597795087255577,0.029345481980445575,0.005025098202000819,0.0,0.0,0.0,0.9986974362475028,0.0,0.0,0.9999450407165713,False
6.43675,1,220,221,1.787989999999985,1.787989999999985,0.0,0.030450794480445503,0.030450794480445503,0.09006158896089173,0.08173801308833595,0.006530607122555773,0.030450794480445503,0.005025098202000819,0.0,0.0,0.0,0.9987561833575259,0.0,0.0,0.9999472834802662,False
6.4675,1,221,222,1.7962924999999852,1.7962924999999852,0.0,0.03148860698044551,0.015744303490222756,0.09004051308833604,0.08067912471578023,0.007568419622555785,0.015744303490222756,0.005025098202000819,0.0,0.0,0.0,0.9988356199766895,0.0,0.0,0.9999499319344259,False
6.50225,1,222,223,1.8056749999999848,1.8056749999999848,0.0,0.01691711599022267,0.01691711599022267,0.09006162471578007,0.08502233677950218,0.0050392879362778946,0.01691711599022267,0.005025098202000819,0.0,0.0,0.0,0.9989909658950842,0.0,0.0,0.9999561952831538,False
6.5207500000000005,1,223,224,1.8106699999999845,1.8106699999999845,0.0,0.017541490990222612,0.017541490990222612,0.09001733677950197,0.08435367384322409,0.005351475436277888,0.017541490990222612,0.005025098202000819,0.0,0.0,0.0,0.9984453647691272,0.0,0.0,0.9999351090006432,False
6.54175,1,224,225,1.8163399999999845,1.8163399999999845,0.0,0.01825024099022256,0.01825024099022256,0.09002367384322399,0.0839634484069461,0.005313506686277886,0.01825024099022256,0.005025098202000819,0.0,0.0,0.0,0.9985467916174503,0.0,0.0,0.9999390345780116,False
6.56425,1,225,226,1.8224149999999846,1.8224149999999846,0.0,0.01900961599022251,0.01900961599022251,0.090038448406946,0.08321884797066811,0.005693194186277887,0.01900961599022251,0.005025098202000819,0.0,0.0,0.0,0.9985497500491897,0.0,0.0,0.9999390771696789,False
6.5895,1,226,227,1.8292324999999845,1.8292324999999845,0.0,0.019861803490222475,0.019861803490222475,0.0900363479706682,0.08311127878439029,0.005842959811277898,0.019861803490222475,0.005025098202000819,0.0,0.0,0.0,0.9986539805367388,0.0,0.0,0.9999430149602799,False
6.6152500000000005,1,227,228,1.8361849999999844,1.8361849999999844,0.0,0.020730865990222398,0.020730865990222398,0.09006377878439004,0.08226964709811214,0.006277491061277891,0.020730865990222398,0.005025098202000819,0.0,0.0,0.0,0.9986872911278192,0.0,0.0,0.9999442903844967,False
6.644,1,228,229,1.8439474999999843,1.8439474999999843,0.0,0.02170117849022235,0.02170117849022235,0.09003214709811216,0.08164739041183425,0.007247803561277911,0.02170117849022235,0.005025098202000819,0.0,0.0,0.0,0.9987840546423981,0.0,0.0,0.9999477984310771,False
6.675,1,229,230,1.8523174999999843,1.8523174999999843,0.0,0.02274742849022227,0.02274742849022227,0.09001739041183413,0.08058638372555621,0.005948419622555584,0.02274742849022227,0.005025098202000819,0.0,0.0,0.0,0.9989367359322529,0.0,0.0,0.9999539702899436,False
6.71,1,230,231,1.8617674999999843,1.8617674999999843,0.0,0.023928678490222195,0.023928678490222195,0.0900363837255562,0.08012654891427828,0.006539044622555589,0.023928678490222195,0.005025098202000819,0.0,0.0,0.0,0.998764033471079,0.0,0.0,0.9999473535104063,False
6.7467500000000005,1,231,232,1.871689999999984,1.871689999999984,0.0,0.025168990990222097,0.025168990990222097,0.09004904891427815,0.08447397525863919,0.005575073655638948,0.025168990990222097,0.005025098202000819,0.0,0.0,0.0,0.9988668740266172,0.0,0.0,0.999951452452425,False
6.76725,1,232,233,1.8772249999999842,1.8772249999999842,0.0,0.025860865990222057,0.025860865990222057,0.09000897525863921,0.08374202660300026,0.005703745530638957,0.025860865990222057,0.005025098202000819,0.0,0.0,0.0,0.9985944498454202,0.0,0.0,0.9999407638407571,False
6.7905,1,233,234,1.883502499999984,1.883502499999984,0.0,0.026645553490222004,0.026645553490222004,0.09001952660300022,0.08353109357236126,0.006096089280638958,0.026645553490222004,0.005025098202000819,0.0,0.0,0.0,0.9986421863984297,0.0,0.0,0.9999425343402731,False
6.8145,1,234,235,1.889982499999984,1.8899824999999841,2.220446049250313e-16,0.02745555349022195,0.02745555349022195,0.09001109357236123,0.08271266054172227,0.0053282723112778,0.02745555349022195,0.005025098202000819,0.0,0.0,0.0,0.9987239257062519,0.0,0.0,0.9999456485024854,False
6.8415,1,235,236,1.8972724999999842,1.8972724999999842,0.0,0.028366803490221894,0.028366803490221894,0.09000266054172226,0.0821853212610833,0.0057838973112778035,0.028366803490221894,0.005025098202000819,0.0,0.0,0.0,0.9985883060088008,0.0,0.0,0.9999405178593544,False
6.8705,1,236,237,1.905102499999984,1.905102499999984,0.0,0.029345553490221825,0.029345553490221825,0.09001532126108322,0.08121923198044426,0.005977959811277802,0.029345553490221825,0.005025098202000819,0.0,0.0,0.0,0.9986970469218699,0.0,0.0,0.9999446381874473,False
6.90325,1,237,238,1.913944999999984,1.913944999999984,0.0,0.030450865990221752,0.030450865990221752,0.09006173198044423,0.08173814716916641,0.006530616061277804,0.030450865990221752,0.005025098202000819,0.0,0.0,0.0,0.9987557144924829,0.0,0.0,0.999946797110962,False
6.934,1,238,239,1.9222474999999841,1.9222474999999841,0.0,0.03148867849022176,0.01574433924511088,0.09004064716916652,0.08067924985788869,0.007568428561277817,0.01574433924511088,0.005025098202000819,0.0,0.0,0.0,0.9988352284709535,0.0,0.0,0.9999495285580309,False
6.96875,1,239,240,1.9316299999999837,1.9316299999999837,0.0,0.016917151745110794,0.016917151745110794,0.0900617498578885,0.0850224574522496,0.00503929240563891,0.016917151745110794,0.005025098202000819,0.0,0.0,0.0,0.998990629896559,0.0,0.0,0.9999558408900763,False
6.98725,1,240,241,1.9366249999999838,1.9366249999999836,-2.220446049250313e-16,0.017541526745110735,0.017541526745110735,0.09001745745224939,0.08435379004661049,0.005351479905638903,0.017541526745110735,0.005025098202000819,0.0,0.0,0.0,0.9984449027723885,0.0,0.0,0.9999346266667563,False
7.00825,1,241,242,1.9422949999999835,1.9422949999999835,0.0,0.018250276745110684,0.018250276745110684,0.09002379004661039,0.08396356014097149,0.005313511155638902,0.018250276745110684,0.005025098202000819,0.0,0.0,0.0,0.9985464605673059,0.0,0.0,0.9999387044819523,False
7.03075,1,242,243,1.9483699999999835,1.9483699999999837,2.220446049250313e-16,0.019009651745110663,0.019009651745110663,0.09003856014097163,0.08321895523533268,0.005693198655638917,0.019009651745110663,0.005025098202000819,0.0,0.0,0.0,0.9985495121160318,0.0,0.0,0.9999388295238465,False
7.056,1,243,244,1.9551874999999834,1.9551874999999836,2.220446049250313e-16,0.019861839245110598,0.019861839245110598,0.09003645523533253,0.08311138157969361,0.005842964280638914,0.019861839245110598,0.005025098202000819,0.0,0.0,0.0,0.9986537205803093,0.0,0.0,0.9999427461225927,False
7.08175,1,244,245,1.9621399999999831,1.9621399999999833,2.220446049250313e-16,0.02073090174511052,0.02073090174511052,0.09006388157969336,0.08226974542405445,0.006277495530638907,0.02073090174511052,0.005025098202000819,0.0,0.0,0.0,0.9986872227329711,0.0,0.0,0.9999442200183638,False
7.1105,1,245,246,1.9699024999999835,1.9699024999999835,0.0,0.021701214245110474,0.021701214245110474,0.09003224542405448,0.08164748426841556,0.007247808030638927,0.021701214245110474,0.005025098202000819,0.0,0.0,0.0,0.9987839113902792,0.0,0.0,0.9999476508119035,False
7.1415,1,246,247,1.9782724999999832,1.9782724999999832,0.0,0.022747464245110392,0.022747464245110392,0.09001748426841544,0.08058647311277652,0.005948428561277615,0.022747464245110392,0.005025098202000819,0.0,0.0,0.0,0.9989364175929561,0.0,0.0,0.999953646931777,False
7.1765,1,247,248,1.987722499999983,1.987722499999983,0.0,0.023928714245110318,0.023928714245110318,0.0900364731127765,0.08012663383213758,0.006539053561277619,0.023928714245110318,0.005025098202000819,0.0,0.0,0.0,0.9987637180510268,0.0,0.0,0.9999470487397174,False
7.21325,1,248,249,1.997644999999983,1.9976449999999828,-2.220446049250313e-16,0.02516902674511022,0.02516902674511022,0.09004913383213743,0.08447405794181798,0.005575075890319457,0.02516902674511022,0.005025098202000819,0.0,0.0,0.0,0.9988665763392517,0.0,0.0,0.9999511435467278,False
7.233750000000001,1,249,250,2.0031799999999826,2.003179999999983,4.440892098500626e-16,0.02586090174511018,0.02586090174511018,0.09000905794181799,0.08374210705149852,0.005703747765319464,0.02586090174511018,0.005025098202000819,0.0,0.0,0.0,0.9985939956947653,0.0,0.0,0.9999403147692842,False
7.257000000000001,1,250,251,2.009457499999983,2.009457499999983,0.0,0.026645589245110127,0.026645589245110127,0.09001960705149849,0.08353117178617903,0.006096091515319466,0.026645589245110127,0.005025098202000819,0.0,0.0,0.0,0.9986417020877904,0.0,0.0,0.9999420341589729,False
7.281000000000001,1,251,252,2.015937499999983,2.015937499999983,0.0,0.027455589245110074,0.027455589245110074,0.09001117178617898,0.08271273652085953,0.005328276780638815,0.027455589245110074,0.005025098202000819,0.0,0.0,0.0,0.9987234598087888,0.0,0.0,0.9999451716061923,False
7.308,1,252,253,2.023227499999983,2.023227499999983,0.0,0.028366839245110017,0.028366839245110017,0.09000273652085952,0.08218539500554004,0.0057839017806388185,0.028366839245110017,0.005025098202000819,0.0,0.0,0.0,0.9985878977156121,0.0,0.0,0.9999401009718655,False
7.337,1,253,254,2.031057499999983,2.031057499999983,0.0,0.029345589245109948,0.029345589245109948,0.09001539500553997,0.0812193034902205,0.0059779642806388165,0.029345589245109948,0.005025098202000819,0.0,0.0,0.0,0.9986966918299645,0.0,0.0,0.9999442837242023,False
7.36975,1,254,255,2.0398999999999825,2.0398999999999825,0.0,0.030450901745109876,0.030450901745109876,0.09006180349022047,0.08173821420958163,0.006530620530638819,0.030450901745109876,0.005025098202000819,0.0,0.0,0.0,0.9987555387935708,0.0,0.0,0.9999466325646815,False
7.4005,1,255,256,2.0482024999999826,2.0482024999999826,0.0,0.031488714245109885,0.015744357122554942,0.09004071420958173,0.08067931242894288,0.007568433030638832,0.015744357122554942,0.005025098202000819,0.0,0.0,0.0,0.9988350063977629,0.0,0.0,0.9999492975701129,False
7.43525,1,256,257,2.0575849999999827,2.0575849999999827,0.0,0.016917169622554858,0.016917169622554858,0.09006181242894272,0.0850225177886233,0.005039294640319418,0.016917169622554858,0.005025098202000819,0.0,0.0,0.0,0.9989904553937442,0.0,0.0,0.9999556827472748,False
7.45375,1,257,258,2.0625799999999823,2.0625799999999823,0.0,0.0175415446225548,0.0175415446225548,0.09001751778862309,0.08435384814830368,0.005351482140319411,0.0175415446225548,0.005025098202000819,0.0,0.0,0.0,0.998444670986578,0.0,0.0,0.9999343939607636,False
7.47475,1,258,259,2.0682499999999826,2.0682499999999826,0.0,0.01825029462255478,0.01825029462255478,0.09002384814830383,0.08396361600798438,0.005313513390319424,0.01825029462255478,0.005025098202000819,0.0,0.0,0.0,0.9985460339452932,0.0,0.0,0.9999382816339547,False
7.49725,1,259,260,2.0743249999999827,2.0743249999999827,0.0,0.019009669622554726,0.019009669622554726,0.0900386160079843,0.08321900886766484,0.005693200890319425,0.019009669622554726,0.005025098202000819,0.0,0.0,0.0,0.9985490772576121,0.0,0.0,0.9999384013168883,False
7.5225,1,260,261,2.0811424999999826,2.0811424999999826,0.0,0.01986185712255466,0.01986185712255466,0.09003650886766469,0.08311143297734527,0.0058429665153194215,0.01986185712255466,0.005025098202000819,0.0,0.0,0.0,0.9986532822009635,0.0,0.0,0.9999423111406305,False
7.54825,1,261,262,2.0880949999999823,2.0880949999999823,0.0,0.020730919622554585,0.020730919622554585,0.09006393297734504,0.08226979458702563,0.0062774977653194146,0.020730919622554585,0.005025098202000819,0.0,0.0,0.0,0.9986867179154183,0.0,0.0,0.9999437128298062,False
7.577,1,262,263,2.095857499999982,2.095857499999982,0.0,0.021701232122554537,0.021701232122554537,0.09003229458702565,0.08164753119670623,0.007247810265319434,0.021701232122554537,0.005025098202000819,0.0,0.0,0.0,0.998783393212138,0.0,0.0,0.9999471434878243,False
7.6080000000000005,1,263,264,2.104227499999982,2.104227499999982,0.0,0.022747482122554456,0.022747482122554456,0.0900175311967061,0.08058651780638668,0.005948433030638631,0.022747482122554456,0.005025098202000819,0.0,0.0,0.0,0.9989360411899522,0.0,0.0,0.9999532716972847,False
7.643,1,264,265,2.113677499999982,2.113677499999982,0.0,0.02392873212255438,0.02392873212255438,0.09003651780638666,0.08012667629106723,0.006539058030638635,0.02392873212255438,0.005025098202000819,0.0,0.0,0.0,0.9987632430577672,0.0,0.0,0.9999465783628655,False
7.67975,1,265,266,2.123599999999982,2.123599999999982,0.0,0.025169044622554284,0.025169044622554284,0.09004917629106708,0.08447409928340736,0.00557507700765971,0.025169044622554284,0.005025098202000819,0.0,0.0,0.0,0.998866075806343,0.0,0.0,0.9999506508096384,False
7.7002500000000005,1,266,267,2.129134999999982,2.129134999999982,0.0,0.025860919622554244,0.025860919622554244,0.09000909928340739,0.08374214727574766,0.0057037488826597186,0.025860919622554244,0.005025098202000819,0.0,0.0,0.0,0.9985934817088362,0.0,0.0,0.999939795564718,False
7.7235000000000005,1,267,268,2.1354124999999815,2.135412499999982,4.440892098500626e-16,0.02664560712255419,0.02664560712255419,0.09001964727574763,0.0835312108930879,0.00609609263265972,0.02664560712255419,0.005025098202000819,0.0,0.0,0.0,0.9986413259886495,0.0,0.0,0.9999416608690775,False
7.7475000000000005,1,268,269,2.1418924999999818,2.1418924999999818,0.0,0.027455607122554137,0.027455607122554137,0.09001121089308788,0.08271277451042816,0.005328279015319322,0.027455607122554137,0.005025098202000819,0.0,0.0,0.0,0.998723266213146,0.0,0.0,0.999944972709014,False
7.7745,1,269,270,2.1491824999999816,2.1491824999999816,0.0,0.02836685712255408,0.02836685712255408,0.09000277451042815,0.08218543187776842,0.005783904015319326,0.02836685712255408,0.005025098202000819,0.0,0.0,0.0,0.9985873682025052,0.0,0.0,0.9999395883819434,False
7.8035000000000005,1,270,271,2.157012499999982,2.157012499999982,0.0,0.02934560712255401,0.02934560712255401,0.09001543187776836,0.08121933924510863,0.005977966515319325,0.02934560712255401,0.005025098202000819,0.0,0.0,0.0,0.9986962572439582,0.0,0.0,0.9999438336923264,False
7.836250000000001,1,271,272,2.165854999999982,2.165854999999982,0.0,0.03045091962255394,0.03045091962255394,0.09006183924510859,0.08173824772978926,0.006530622765319328,0.03045091962255394,0.005025098202000819,0.0,0.0,0.0,0.9987549618232365,0.0,0.0,0.9999460564028478,False
7.867,1,272,273,2.174157499999982,2.174157499999982,0.0,0.031488732122553945,0.015744366061276972,0.09004074772978934,0.08067934371447,0.00756843526531934,0.015744366061276972,0.005025098202000819,0.0,0.0,0.0,0.998834402347659,0.0,0.0,0.999948714330128,False
7.90175,1,273,274,2.183539999999982,2.183539999999982,0.0,0.016917178561276888,0.016917178561276888,0.09006184371446982,0.08502254795681015,0.005039295757659671,0.016917178561276888,0.005025098202000819,0.0,0.0,0.0,0.998989800747204,0.0,0.0,0.9999550281619582,False
7.92025,1,274,275,2.188534999999982,2.188534999999982,0.0,0.01754155356127686,0.01754155356127686,0.09001754795681019,0.0843538771991505,0.005351483257659679,0.01754155356127686,0.005025098202000819,0.0,0.0,0.0,0.9984438898928364,0.0,0.0,0.9999335967322602,False
7.94125,1,275,276,2.1942049999999815,2.1942049999999815,0.0,0.01825030356127681,0.01825030356127681,0.09002387719915039,0.08396364394149072,0.005313514507659678,0.01825030356127681,0.005025098202000819,0.0,0.0,0.0,0.9985454178789791,0.0,0.0,0.999937663654932,False
7.96375,1,276,277,2.2002799999999816,2.2002799999999816,0.0,0.019009678561276756,0.019009678561276756,0.09003864394149061,0.08321903568383093,0.005693202007659679,0.019009678561276756,0.005025098202000819,0.0,0.0,0.0,0.9985483758294947,0.0,0.0,0.999937710933586,False
7.989,1,277,278,2.2070974999999815,2.2070974999999815,0.0,0.01986186606127669,0.01986186606127669,0.09003653568383078,0.0831114586761711,0.005842967632659676,0.01986186606127669,0.005025098202000819,0.0,0.0,0.0,0.9986527730041012,0.0,0.0,0.9999417840621696,False
8.01475,1,278,279,2.2140499999999816,2.2140499999999816,0.0,0.020730928561276646,0.020730928561276646,0.0900639586761712,0.08226981916851149,0.0062774988826596835,0.020730928561276646,0.005025098202000819,0.0,0.0,0.0,0.9986861886840405,0.0,0.0,0.9999431845932144,False
8.0435,1,279,280,2.2218124999999818,2.2218124999999813,-4.440892098500626e-16,0.021701241061276536,0.021701241061276536,0.09003231916851118,0.08164755466085151,0.007247811382659676,0.021701241061276536,0.005025098202000819,0.0,0.0,0.0,0.9987826826164118,0.0,0.0,0.9999464607780523,False
8.0745,1,280,281,2.2301824999999815,2.2301824999999815,0.0,0.022747491061276486,0.022747491061276486,0.09001755466085166,0.08058654015319196,0.005948435265319145,0.022747491061276486,0.005025098202000819,0.0,0.0,0.0,0.9989352927611063,0.0,0.0,0.9999525126807774,False
8.1095,1,281,282,2.2396324999999813,2.2396324999999813,0.0,0.02392874106127641,0.02392874106127641,0.09003654015319203,0.08012669752053228,0.00653906026531915,0.02392874106127641,0.005025098202000819,0.0,0.0,0.0,0.9987627761877509,0.0,0.0,0.9999461165745892,False
8.14625,1,282,283,2.2495549999999813,2.2495549999999813,0.0,0.025169053561276314,0.025169053561276314,0.09004919752053225,0.0844741199542024,0.005575077566329864,0.025169053561276314,0.005025098202000819,0.0,0.0,0.0,0.9988654008262009,0.0,0.0,0.9999499625702537,False
8.16675,1,283,284,2.2550899999999814,2.2550899999999814,0.0,0.025860928561276274,0.025860928561276274,0.09000911995420244,0.08374216738787255,0.005703749441329863,0.025860928561276274,0.005025098202000819,0.0,0.0,0.0,0.9985929974954691,0.0,0.0,0.9999393083092075,False
8.19,1,284,285,2.2613674999999818,2.2613674999999818,0.0,0.026645616061276252,0.026645616061276252,0.0900196673878728,0.08353123044654288,0.006096093191329879,0.026645616061276252,0.005025098202000819,0.0,0.0,0.0,0.998640728029837,0.0,0.0,0.999941076091057,False
8.214,1,285,286,2.2678474999999816,2.2678474999999816,0.0,0.027455616061276167,0.027455616061276167,0.09001123044654269,0.08271279350521277,0.005328280132659611,0.027455616061276167,0.005025098202000819,0.0,0.0,0.0,0.9987225347262866,0.0,0.0,0.9999442466439069,False
8.241,1,286,287,2.275137499999982,2.275137499999982,0.0,0.02836686606127614,0.02836686606127614,0.09000279350521313,0.08218545031388319,0.00578390513265963,0.02836686606127614,0.005025098202000819,0.0,0.0,0.0,0.9985868390065773,0.0,0.0,0.99993904166622,False
8.27,1,287,288,2.282967499999982,2.282967499999982,0.0,0.029345616061276072,0.029345616061276072,0.09001545031388325,0.0812193571225533,0.005977967632659618,0.029345616061276072,0.005025098202000819,0.0,0.0,0.0,0.9986956725957972,0.0,0.0,0.9999432578722456,False
8.30275,1,288,289,2.291809999999982,2.291809999999982,0.0,0.030450928561276,0.030450928561276,0.09006185712255345,0.08173826448989371,0.006530623882659621,0.030450928561276,0.005025098202000819,0.0,0.0,0.0,0.9987544550695157,0.0,0.0,0.9999455544958943,False
8.3335,1,289,290,2.300112499999982,2.300112499999982,0.0,0.03148874106127591,0.015744370530637954,0.09004076448989362,0.08067935935723389,0.007568436382659639,0.015744370530637954,0.005025098202000819,0.0,0.0,0.0,0.9988337888535821,0.0,0.0,0.9999481362425524,False
8.36825,1,290,291,2.309494999999982,2.309494999999982,0.0,0.0169171830306379,0.0169171830306379,0.09006185935723397,0.08502256304090411,0.005039296316329858,0.0169171830306379,0.005025098202000819,0.0,0.0,0.0,0.9989894686662477,0.0,0.0,0.9999547041414326,False
8.386750000000001,1,291,292,2.3144899999999815,2.3144899999999815,0.0,0.01754155803063784,0.01754155803063784,0.09001756304090394,0.08435389172457407,0.005351483816329851,0.01754155803063784,0.005025098202000819,0.0,0.0,0.0,0.9984436325481566,0.0,0.0,0.9999333543636344,False
8.40775,1,292,293,2.3201599999999813,2.3201599999999813,0.0,0.01825030803063776,0.01825030803063776,0.09002389172457377,0.08396365790824392,0.005313515066329826,0.01825030803063776,0.005025098202000819,0.0,0.0,0.0,0.9985448300896504,0.0,0.0,0.9999370628397424,False
8.430250000000001,1,293,294,2.326234999999982,2.326234999999982,0.0,0.01900968303063774,0.01900968303063774,0.09003865790824414,0.08321904909191424,0.005693202566329841,0.01900968303063774,0.005025098202000819,0.0,0.0,0.0,0.9985480456582905,0.0,0.0,0.9999373607222464,False
8.4555,1,294,295,2.3330524999999818,2.3330524999999813,-4.440892098500626e-16,0.019861870530637673,0.019861870530637673,0.0900365490919142,0.08311147152558429,0.005842968191329828,0.019861870530637673,0.005025098202000819,0.0,0.0,0.0,0.9986524260625159,0.0,0.0,0.9999414605566436,False
8.48125,1,295,296,2.340004999999982,2.340004999999982,0.0,0.020730933030637628,0.020730933030637628,0.09006397152558446,0.0822698314592545,0.006277499441329836,0.020730933030637628,0.005025098202000819,0.0,0.0,0.0,0.998685608484415,0.0,0.0,0.9999426165351918,False
8.51,1,296,297,2.3477674999999816,2.347767499999982,4.440892098500626e-16,0.02170124553063758,0.02170124553063758,0.09003233145925468,0.08164756639292473,0.007247811941329889,0.02170124553063758,0.005025098202000819,0.0,0.0,0.0,0.9987822845034224,0.0,0.0,0.9999460656670047,False
8.541,1,297,298,2.3561374999999813,2.3561374999999813,0.0,0.022747495530637468,0.022747495530637468,0.09001756639292442,0.08058655132659451,0.005948436382659377,0.022747495530637468,0.005025098202000819,0.0,0.0,0.0,0.9989349144005981,0.0,0.0,0.9999521320382321,False
8.576,1,298,299,2.3655874999999815,2.3655874999999815,0.0,0.023928745530637393,0.023928745530637393,0.09003655132659458,0.08012670813526468,0.006539061382659381,0.023928745530637393,0.005025098202000819,0.0,0.0,0.0,0.998762191719452,0.0,0.0,0.9999455251651305,False
8.61275,1,299,300,2.3755099999999816,2.3755099999999816,0.0,0.025169058030637296,0.025169058030637296,0.09004920813526464,0.08447413028959969,0.005575077845664947,0.025169058030637296,0.005025098202000819,0.0,0.0,0.0,0.9988650624049276,0.0,0.0,0.9999496396652449,False
8.63325,1,300,301,2.3810449999999816,2.3810449999999816,0.0,0.025860933030637256,0.025860933030637256,0.09000913028959974,0.08374217744393476,0.00570374972066494,0.025860933030637256,0.005025098202000819,0.0,0.0,0.0,0.9985924652083401,0.0,0.0,0.9999387739798357,False
8.6565,1,301,302,2.387322499999982,2.387322499999982,0.0,0.026645620530637234,0.026645620530637234,0.09001967744393502,0.08353124022327002,0.006096093470664956,0.026645620530637234,0.005025098202000819,0.0,0.0,0.0,0.9986401891442174,0.0,0.0,0.999940528281982,False
8.6805,1,302,303,2.393802499999982,2.393802499999982,0.0,0.02745562053063715,0.02745562053063715,0.09001124022326983,0.08271280300260483,0.005328280691329727,0.02745562053063715,0.005025098202000819,0.0,0.0,0.0,0.9987221332094836,0.0,0.0,0.9999438257159079,False
8.7075,1,303,304,2.401092499999982,2.401092499999982,0.0,0.028366870530637123,0.028366870530637123,0.09000280300260519,0.08218545953194016,0.005783905691329746,0.028366870530637123,0.005025098202000819,0.0,0.0,0.0,0.99858654376197,0.0,0.0,0.9999387542861562,False
8.7365,1,304,305,2.4089224999999823,2.4089224999999823,0.0,0.029345620530637054,0.029345620530637054,0.09001545953194023,0.08121936606127521,0.0059779681913297335,0.029345620530637054,0.005025098202000819,0.0,0.0,0.0,0.998695378924282,0.0,0.0,0.9999429785191173,False
8.76925,1,305,306,2.4177649999999824,2.4177649999999824,0.0,0.030450933030636982,0.030450933030636982,0.09006186606127536,0.0817382728699455,0.006530624441329736,0.030450933030636982,0.005025098202000819,0.0,0.0,0.0,0.9987541808545534,0.0,0.0,0.9999452825029654,False
8.8,1,306,307,2.4260674999999825,2.4260674999999825,0.0,0.031488745530636894,0.015744372765318447,0.09004077286994541,0.08067936717861557,0.007568436941329754,0.015744372765318447,0.005025098202000819,0.0,0.0,0.0,0.9988335766579579,0.0,0.0,0.9999479466125931,False
8.83475,1,307,308,2.4354499999999826,2.4354499999999826,0.0,0.016917185265318394,0.016917185265318394,0.09006186717861565,0.08502257058295073,0.005039296595664915,0.016917185265318394,0.005025098202000819,0.0,0.0,0.0,0.9989889596883236,0.0,0.0,0.9999542004887327,False
8.853250000000001,1,308,309,2.440444999999982,2.440444999999982,0.0,0.017541560265318334,0.017541560265318334,0.09001757058295055,0.08435389898728562,0.005351484095664908,0.017541560265318334,0.005025098202000819,0.0,0.0,0.0,0.9984433820678176,0.0,0.0,0.9999331113313287,False
8.87425,1,309,310,2.446114999999982,2.446114999999982,0.0,0.018250310265318252,0.018250310265318252,0.09002389898728533,0.08396366489162044,0.005313515345664883,0.018250310265318252,0.005025098202000819,0.0,0.0,0.0,0.9985448667625493,0.0,0.0,0.999937099134658,False
8.89675,1,310,311,2.452189999999982,2.452189999999982,0.0,0.01900968526531823,0.01900968526531823,0.09003866489162066,0.08321905579595569,0.005693202845664899,0.01900968526531823,0.005025098202000819,0.0,0.0,0.0,0.9985478383040055,0.0,0.0,0.999937157946963,False
8.922,1,311,312,2.459007499999982,2.459007499999982,0.0,0.019861872765318166,0.019861872765318166,0.09003655579595565,0.08311147795029068,0.005842968470664886,0.019861872765318166,0.005025098202000819,0.0,0.0,0.0,0.9986521483923508,0.0,0.0,0.9999411808287261,False
8.947750000000001,1,312,313,2.465959999999982,2.465959999999982,0.0,0.02073093526531812,0.02073093526531812,0.09006397795029084,0.08226983760462583,0.006277499720664894,0.02073093526531812,0.005025098202000819,0.0,0.0,0.0,0.9986857641385645,0.0,0.0,0.9999427591707089,False
8.9765,1,313,314,2.4737224999999823,2.4737224999999823,0.0,0.021701247765318073,0.021701247765318073,0.090032337604626,0.08164757225896102,0.0072478122206649466,0.021701247765318073,0.005025098202000819,0.0,0.0,0.0,0.9987826064132475,0.0,0.0,0.999946420589979,False
9.0075,1,314,315,2.482092499999982,2.482092499999982,0.0,0.02274749776531796,0.02274749776531796,0.09001757225896068,0.08058655691329572,0.0059484369413295,0.02274749776531796,0.005025098202000819,0.0,0.0,0.0,0.9989353744852999,0.0,0.0,0.999952601403862,False
9.0425,1,315,316,2.4915424999999822,2.491542499999982,-4.440892098500626e-16,0.023928747765317886,0.023928747765317886,0.09003655691329579,0.08012671344263082,0.0065390619413295045,0.023928747765317886,0.005025098202000819,0.0,0.0,0.0,0.9987627848674183,0.0,0.0,0.9999461303353385,False
9.07925,1,316,317,2.5014649999999823,2.5014649999999823,0.0,0.02516906026531779,0.02516906026531779,0.09004921344263078,0.08447413545729832,0.005575077985332476,0.02516906026531779,0.005025098202000819,0.0,0.0,0.0,0.9988658561689113,0.0,0.0,0.9999504296134922,False
9.09975,1,317,318,2.5069999999999824,2.5069999999999824,0.0,0.02586093526531775,0.02586093526531775,0.09000913545729836,0.08374218247196585,0.005703749860332469,0.02586093526531775,0.005025098202000819,0.0,0.0,0.0,0.9985936003296996,0.0,0.0,0.9999399104144583,False
9.123,1,318,319,2.5132774999999823,2.5132774999999823,0.0,0.026645622765317727,0.026645622765317727,0.09001968247196612,0.0835312451116336,0.0060960936103324845,0.026645622765317727,0.005025098202000819,0.0,0.0,0.0,0.9986416095518799,0.0,0.0,0.9999419514972887,False
9.147,1,319,320,2.519757499999982,2.519757499999982,0.0,0.02745562276531764,0.02745562276531764,0.0900112451116334,0.08271280775130088,0.0053282809706647885,0.02745562276531764,0.005025098202000819,0.0,0.0,0.0,0.9987236271083443,0.0,0.0,0.9999453372695978,False
9.174,1,320,321,2.5270474999999823,2.5270474999999823,0.0,0.028366872765317616,0.028366872765317616,0.09000280775130123,0.08218546414096867,0.005783905970664807,0.028366872765317616,0.005025098202000819,0.0,0.0,0.0,0.998588223959602,0.0,0.0,0.9999404453144481,False
9.203,1,321,322,2.5348774999999826,2.5348774999999826,0.0,0.029345622765317547,0.029345622765317547,0.09001546414096874,0.08121937053063619,0.0059779684706647955,0.029345622765317547,0.005025098202000819,0.0,0.0,0.0,0.9986975185901974,0.0,0.0,0.999945128590047,False
9.23575,1,322,323,2.5437199999999827,2.5437199999999827,0.0,0.030450935265317475,0.030450935265317475,0.09006187053063634,0.08173827705997143,0.006530624720664798,0.030450935265317475,0.005025098202000819,0.0,0.0,0.0,0.9987568410270303,0.0,0.0,0.9999479451658091,False
9.2665,1,323,324,2.5520224999999828,2.5520224999999828,0.0,0.03148874776531738,0.01574437388265869,0.09004077705997134,0.08067937108930644,0.007568437220664816,0.01574437388265869,0.005025098202000819,0.0,0.0,0.0,0.9988370601460751,0.0,0.0,0.9999514261447279,False
9.30125,1,324,325,2.5614049999999824,2.5614049999999824,0.0,0.016917186382658638,0.016917186382658638,0.09006187108930651,0.08502257435397406,0.005039296735332446,0.016917186382658638,0.005025098202000819,0.0,0.0,0.0,0.9989935217637989,0.0,0.0,0.9999587490100879,False
9.31975,1,325,326,2.5663999999999825,2.5663999999999825,0.0,0.01754156138265858,0.01754156138265858,0.0900175743539739,0.08435390261864144,0.005351484235332439,0.01754156138265858,0.005025098202000819,0.0,0.0,0.0,0.9984484001855394,0.0,0.0,0.9999381481142136,False
9.34075,1,326,327,2.5720699999999823,2.5720699999999823,0.0,0.01825031138265856,0.01825031138265856,0.09002390261864161,0.08396366838330913,0.005313515485332444,0.01825031138265856,0.005025098202000819,0.0,0.0,0.0,0.9985504466750076,0.0,0.0,0.9999427062192721,False
9.36325,1,327,328,2.5781449999999824,2.5781449999999824,0.0,0.019009686382658476,0.019009686382658476,0.09003866838330887,0.08321905914797637,0.00569320298533243,0.019009686382658476,0.005025098202000819,0.0,0.0,0.0,0.9985542739748954,0.0,0.0,0.999943622522822,False
9.3885,1,328,329,2.5849624999999823,2.5849624999999823,0.0,0.01986187388265841,0.01986187388265841,0.09003655914797634,0.08311148116264386,0.005842968610332417,0.01986187388265841,0.005025098202000819,4.2303823927957285e-05,4.2303823927957285e-05,0.0,0.998659630008534,0.0011711423835634588,0.0011288385596355014,0.9999486694560398,False
9.414250000000001,1,329,330,2.5919149999999824,2.5919149999999824,0.0,0.020730936382658365,0.020730936382658365,0.09006398116264401,0.0822698406773115,0.006277499860332425,0.020730936382658365,0.005025098202000819,0.000272740424940862,0.000272740424940862,0.0,0.9986941111184985,0.003349334961484658,0.003076594536543796,0.9999511126843544,False
9.443,1,330,331,2.5996774999999825,2.5996774999999825,0.0,0.021701248882658317,0.021701248882658317,0.0900323406773117,0.08164757519197915,0.007247812360332478,0.021701248882658317,0.005025098202000819,0.0005467451599624671,0.0005467451599624671,0.0,0.9987921702265756,0.0050480386841317455,0.004501293524169278,0.9999558283319963,False
9.474,1,331,332,2.6080474999999823,2.6080474999999823,0.0,0.022747498882658205,0.022747498882658205,0.09001757519197884,0.08058655970664633,0.005948437220664561,0.022747498882658205,0.005025098202000819,0.0009544870133338139,0.0009544870133338139,0.0,0.9989469035343106,0.010087510536812876,0.009133023523479063,0.9999641586269731,False
9.509,1,332,333,2.6174974999999825,2.6174974999999825,0.0,0.02392874888265813,0.02392874888265813,0.0900365597066464,0.08012671609631392,0.006539062220664566,0.02392874888265813,0.005025098202000819,0.0013710314763138766,0.0013710314763138766,0.0,0.9987762527679668,0.013998514651125428,0.01262748317481155,0.9999595648428324,False
9.54575,1,333,334,2.6274199999999825,2.6274199999999825,0.0,0.025169061382658033,0.025169061382658033,0.09004921609631389,0.08447413804114765,0.005575078055166241,0.025169061382658033,0.005025098202000819,0.0019730561694630963,0.0019730561694630963,0.0,0.9988820757690517,0.020255559574582575,0.018282503405119478,0.9999666836103662,False
9.56625,1,334,335,2.6329549999999826,2.632954999999982,-4.440892098500626e-16,0.025860936382657993,0.025860936382657993,0.09000913804114768,0.0837421849859814,0.005703749930166234,0.025860936382657993,0.005025098202000819,0.002402578309470261,0.002402578309470261,0.0,0.9986117612849741,0.02448966588708378,0.022087087577613518,0.9999581276788704,False
9.589500000000001,1,335,336,2.639232499999983,2.6392324999999826,-4.440892098500626e-16,0.02664562388265797,0.02664562388265797,0.09001968498598166,0.08353124755581537,0.00609609368016625,0.02664562388265797,0.005025098202000819,0.0029213790468904256,0.0029213790468904256,0.0,0.9986621676801473,0.029622207663697907,0.026700828616807483,0.9999625601308109,False
9.6135,1,336,337,2.6457124999999824,2.6457124999999824,0.0,0.027455623882657886,0.027455623882657886,0.09001124755581519,0.08271281012564889,0.0053282811103323195,0.027455623882657886,0.005025098202000819,0.0035392849463980625,0.0035392849463980625,0.0,0.9987470783102775,0.03581861128645569,0.03227932634005763,0.9999688732248803,False
9.6405,1,337,338,2.653002499999983,2.653002499999983,0.0,0.02836687388265786,0.02836687388265786,0.09000281012564924,0.08218546644548294,0.005783906110332338,0.02836687388265786,0.005025098202000819,0.0061562641881412385,0.0061562641881412385,0.0,0.9986176139775369,0.048541837735938946,0.042385573547797706,0.9999700748858837,False
9.6695,1,338,339,2.660832499999983,2.6608324999999833,4.440892098500626e-16,0.029345623882657792,0.029345623882657792,0.090015466445483,0.08121937276531668,0.005977968610332326,0.029345623882657792,0.005025098202000819,0.005324374456455028,0.005324374456455028,0.0,0.9987291193251909,0.05368840054088301,0.04836402608442798,0.999976863623081,False
9.70225,1,339,340,2.669674999999983,2.669674999999983,0.0,0.03045093638265772,0.03045093638265772,0.09006187276531682,0.08173827915498438,0.0065306248603323284,0.03045093638265772,0.005025098202000819,0.00639953987413527,0.00639953987413527,0.0,0.9987932689889133,0.06423742344228947,0.0578378835681542,0.9999844225753146,False
9.733,1,340,341,2.677977499999983,2.677977499999983,0.0,0.03148874888265763,0.015744374441328816,0.09004077915498429,0.08067937304465186,0.007568437360332346,0.015744374441328816,0.005025098202000819,0.007123146562632541,0.007123146562632541,0.0,0.9988763008016698,0.0709450033310442,0.06382185676841166,0.999990638164366,False
9.76775,1,341,342,2.687359999999983,2.687359999999983,0.0,0.016917186941328762,0.016917186941328762,0.09006187304465195,0.08502257623948574,0.005039296805166212,0.016917186941328762,0.005025098202000819,0.008105517902128713,0.008105517902128713,0.0,0.9990367935151888,0.08118484727203872,0.07307932936991,1.000001979845644,False
9.78625,1,342,343,2.692354999999983,2.692354999999983,0.0,0.017541561941328703,0.017541561941328703,0.09001757623948556,0.08435390443431934,0.005351484305166205,0.017541561941328703,0.005025098202000819,0.009368924423067181,0.009368924423067181,0.0,0.9984974388721443,0.09399360628147345,0.08462468185840627,0.999987258950179,False
9.80725,1,343,344,2.698024999999983,2.698024999999983,0.0,0.018250311941328683,0.018250311941328683,0.09002390443431951,0.08396367012915326,0.0053135155551662094,0.018250311941328683,0.005025098202000819,0.009129337382089594,0.009129337382089594,0.0,0.9985976328252862,0.09167767571867318,0.08254833833658358,0.9999899999655205,False
9.82975,1,344,345,2.704099999999983,2.7040999999999826,-4.440892098500626e-16,0.0190096869413286,0.0190096869413286,0.090038670129153,0.08321906082398674,0.005693203055166195,0.0190096869413286,0.005025098202000819,0.010837843057183062,0.010837843057183062,0.0,0.9986092157323027,0.10886866491963429,0.09803082186245123,0.9999987392769145,False
9.855,1,345,346,2.710917499999983,2.710917499999983,0.0,0.019861874441328534,0.019861874441328534,0.0900365608239867,0.08311148276882047,0.0058429686801661825,0.019861874441328534,0.005025098202000819,0.01160492473771528,0.01160492473771528,0.0,0.9987174037905763,0.11628549574509857,0.10468057100738329,1.0000054351433532,False
9.88075,1,346,347,2.717869999999983,2.7178699999999827,-4.440892098500626e-16,0.02073093694132849,0.02073093694132849,0.09006398276882062,0.08226984221365434,0.00627749993016619,0.02073093694132849,0.005025098202000819,0.012371262500020437,0.012371262500020437,0.0,0.9987545490773682,0.12388251543409048,0.11151125293407005,1.0000058270606096,False
9.9095,1,347,348,2.7256324999999832,2.7256324999999832,0.0,0.02170124944132844,0.02170124944132844,0.09003234221365453,0.08164757665848824,0.007247812430166243,0.02170124944132844,0.005025098202000819,0.013104866910055293,0.013104866910055293,0.0,0.9988548830834099,0.129848746816353,0.11674387990629771,1.000006188427007,False
9.9405,1,348,349,2.734002499999983,2.734002499999983,0.0,0.02274749944132833,0.02274749944132833,0.09001757665848792,0.08058656110332164,0.005948437360332092,0.02274749944132833,0.005025098202000819,0.01356166895944295,0.01356166895944295,0.0,0.9990098820856659,0.13562992327876175,0.1220682543193188,1.0000064080137758,False
9.9755,1,349,350,2.7434524999999828,2.7434524999999828,0.0,0.023928749441328254,0.023928749441328254,0.09003656110332171,0.08012671742315546,0.006539062360332097,0.023928749441328254,0.005025098202000819,0.014761431161438732,0.014761431161438732,0.0,0.9988430471995295,0.14745531880239507,0.13269388764095633,1.0000070377968233,False
10.01225,1,350,351,2.7533749999999833,2.7533749999999833,0.0,0.02516906194132822,0.02516906194132822,0.0900492174231559,0.08447413933307275,0.005575078090083153,0.02516906194132822,0.005025098202000819,0.01587804596998233,0.01587804596998233,0.0,0.9989512943283313,0.1589560622484858,0.14307801627850347,1.0000075866941223,False
10.03275,1,351,352,2.758909999999983,2.758909999999983,0.0,0.025860936941328117,0.025860936941328117,0.09000913933307231,0.08374218624298918,0.005703749965083117,0.025860936941328117,0.005025098202000819,0.014400801917859338,0.014400801917859338,0.0,0.9986716473881562,0.143990257550414,0.12958945563255467,1.0000067344916985,False
10.056000000000001,1,352,353,2.7651874999999833,2.7651874999999833,0.0,0.026645624441328095,0.026645624441328095,0.09001968624298945,0.08353124877790627,0.006096093715083133,0.026645624441328095,0.005025098202000819,0.017564592056010096,0.017564592056010096,0.0,0.9987352821935421,0.17552941681971818,0.15796482476370807,1.0000080420970519,False
10.08,1,353,354,2.771667499999983,2.771667499999983,0.0,0.02745562444132801,0.02745562444132801,0.09001124877790609,0.0827128113128229,0.005328281180166085,0.02745562444132801,0.005025098202000819,0.018716165877989663,0.018716165877989663,0.0,0.9988228586372453,0.1874039466607765,0.16868778078278684,1.0000089602902407,False
10.107000000000001,1,354,355,2.7789574999999833,2.7789574999999833,0.0,0.028366874441327985,0.028366874441327985,0.09000281131282326,0.08218546759774006,0.0057839061801661035,0.028366874441327985,0.005025098202000819,0.017948435956464295,0.017948435956464295,0.0,0.9986833399176132,0.17898343371654707,0.1610349977600828,1.0000083882727129,False
10.136000000000001,1,355,356,2.7867874999999835,2.7867874999999835,0.0,0.029345624441327916,0.029345624441327916,0.09001546759774012,0.08121937388265693,0.005977968680166091,0.029345624441327916,0.005025098202000819,0.02145147489839941,0.02145147489839941,0.0,0.9988095690850255,0.2152003232961232,0.1937488483977238,1.0000104117659006,False
10.168750000000001,1,356,357,2.7956299999999836,2.7956299999999836,0.0,0.030450936941327843,0.030450936941327843,0.09006187388265707,0.08173828020249087,0.006530624930166094,0.030450936941327843,0.005025098202000819,0.024048870767355096,0.024048870767355096,0.0,0.9988813513087167,0.24036895336560996,0.21632008259825486,1.000011617079185,False
10.1995,1,357,358,2.8039324999999833,2.8039324999999837,4.440892098500626e-16,0.031488749441327755,0.015744374720663878,0.09004078020249079,0.08067937402232458,0.007568437430166112,0.015744374720663878,0.005025098202000819,0.026465825722823112,0.026465825722823112,0.0,0.9989728915250056,0.26216386511571194,0.23569803939288883,1.0000121410767757,False
10.23425,1,358,359,2.8133149999999834,2.8133149999999834,0.0,0.016917187220663824,0.016917187220663824,0.09006187402232466,0.08502257718224157,0.005039296840083095,0.016917187220663824,0.005025098202000819,0.03084569695250604,0.03084569695250604,0.0,0.9991500395913397,0.30939510724929176,0.2785494102967857,1.0000151700488464,False
10.25275,1,359,360,2.8183099999999834,2.8183099999999834,0.0,0.017541562220663765,0.017541562220663765,0.09001757718224138,0.08435390534215828,0.005351484340083088,0.017541562220663765,0.005025098202000819,0.032220007297521155,0.032220007297521155,0.0,0.9986114583374295,0.32331918979050733,0.29109918249298616,1.0000158284596756,False
10.27375,1,360,361,2.8239799999999837,2.8239799999999837,0.0,0.018250312220663745,0.018250312220663745,0.09002390534215847,0.08396367100207533,0.005313515590083092,0.018250312220663745,0.005025098202000819,0.03224906888904021,0.03224906888904021,0.0,0.9987130665161993,0.3220442857511031,0.2897952168620629,1.0000155103699542,False
10.29625,1,361,362,2.8300549999999833,2.8300549999999833,0.0,0.019009687220663662,0.019009687220663662,0.09003867100207506,0.08321906166199193,0.005693203090083078,0.019009687220663662,0.005025098202000819,0.03574431563944009,0.03574431563944009,0.0,0.9987335466777295,0.3569634557291359,0.3212191400896958,1.000017431683822,False
10.3215,1,362,363,2.8368724999999833,2.8368724999999833,0.0,0.019861874720663596,0.019861874720663596,0.09003656166199188,0.08311148357190877,0.005842968715083065,0.019861874720663596,0.005025098202000819,0.039361266209106,0.039361266209106,0.0,0.9988558593369768,0.39536573745273645,0.35600447124363044,1.0000194926198618,False
10.34725,1,363,364,2.8438249999999834,2.8438249999999834,0.0,0.02073093722066355,0.02073093722066355,0.09006398357190892,0.08226984298182577,0.006277499965083073,0.02073093722066355,0.005025098202000819,0.04003444932118923,0.04003444932118923,0.0,0.9988927199464058,0.3993621784815841,0.3593277291603949,1.0000193329782718,False
10.376,1,364,365,2.8515874999999835,2.8515874999999835,0.0,0.021701249720663503,0.021701249720663503,0.09003234298182594,0.08164757739174276,0.007247812465083126,0.021701249720663503,0.005025098202000819,0.04584039824276291,0.04584039824276291,0.0,0.9990184110758158,0.45492513436614623,0.4090847361233833,1.0000222153201428,False
10.407,1,365,366,2.8599574999999833,2.8599574999999833,0.0,0.02274749972066339,0.02274749972066339,0.09001757739174245,0.0805865618016593,0.005948437430165858,0.02274749972066339,0.005025098202000819,0.05285467598694175,0.05285467598694175,0.0,0.9992062096267995,0.5273332454712228,0.4744785694842811,1.0000257880798629,False
10.442,1,366,367,2.8694074999999835,2.8694074999999835,0.0,0.023928749720663316,0.023928749720663316,0.09003656180165936,0.08012671808657623,0.006539062430165862,0.023928749720663316,0.005025098202000819,0.05850827382582915,0.05850827382582915,0.0,0.9990612891046633,0.5868633332069099,0.5283550593810807,1.000029055947823,False
10.47875,1,367,368,2.879329999999984,2.879329999999984,0.0,0.025169062220663282,0.025169062220663282,0.09004921808657668,0.08447413997903508,0.005575078107541595,0.025169062220663282,0.005025098202000819,0.07112588424578609,0.07112588424578609,0.0,0.9992174394174951,0.709517293006751,0.638391408760965,1.000034012708229,False
10.49925,1,368,369,2.8848649999999836,2.8848649999999836,0.0,0.02586093722066318,0.02586093722066318,0.09000913997903465,0.08374218687149308,0.005703749982541559,0.02586093722066318,0.005025098202000819,0.07507314508168232,0.07507314508168232,0.0,0.9989373750397824,0.9289523522648729,0.8538792071831907,1.0000358456661762,False
10.5225,1,369,370,2.8911424999999835,2.8911424999999835,0.0,0.026645624720663157,0.026645624720663157,0.09001968687149334,0.08353124938895172,0.006096093732541575,0.026645624720663157,0.005025098202000819,0.1283155832359359,0.1283155832359359,0.0,0.9990160666043394,1.0207267422342379,0.8924111589983019,1.0000397822191858,False
10.5465,1,370,371,2.8976224999999833,2.897622499999984,4.440892098500626e-16,0.027455624720663072,0.027455624720663072,0.09001124938895153,0.08271281190640992,0.005328281215082968,0.027455624720663072,0.005025098202000819,0.09692886292624178,0.09692886292624178,0.0,0.9992150248809342,0.8432558832656468,0.746327020339405,1.0000425532331039,False
10.573500000000001,1,371,372,2.904912499999984,2.904912499999984,0.0,0.028366874720663047,0.028366874720663047,0.09000281190641027,0.08218546817386863,0.005783906215082986,0.028366874720663047,0.005025098202000819,0.10939338992705976,0.10939338992705976,0.0,0.9991463650620417,0.9460966347329992,0.8367032448059395,1.000047780741384,False
10.602500000000001,1,372,373,2.912742499999984,2.912742499999984,0.0,0.029345624720662978,0.029345624720662978,0.09001546817386868,0.08121937444132706,0.005977968715082974,0.029345624720662978,0.005025098202000819,0.1216742909337627,0.1216742909337627,0.0,0.9993242879330497,1.0491355414560095,0.9274612505222468,1.0000530258021403,False
10.635250000000001,1,373,374,2.9215849999999843,2.9215849999999843,0.0,0.030450937220662905,0.030450937220662905,0.0900618744413272,0.0817382807262441,0.006530624965082977,0.030450937220662905,0.005025098202000819,0.4784873173195847,0.4784873173195847,0.0,0.9993751494919191,1.4910364200213788,1.012549102701794,1.000065644126867,False
10.666,1,374,375,2.929887499999984,2.929887499999984,0.0,0.03148874972066282,0.01574437486033141,0.09004078072624402,0.08067937451116095,0.007568437465082995,0.01574437486033141,0.005025098202000819,0.160309672991555,0.160309672991555,0.0,0.9997016719137567,1.3520002682316221,1.1916905952400672,1.0000684659139243,False
10.700750000000001,1,375,376,2.939269999999984,2.939269999999984,0.0,0.016917187360331355,0.016917187360331355,0.09006187451116102,0.08502257765361948,0.005039296857541536,0.016917187360331355,0.005025098202000819,1.0515692122485258,1.0515692122485258,0.0,0.9992730007359024,2.6976615387419116,1.6460923264933858,1.000090381060324,False
10.71925,1,376,377,2.944264999999984,2.9442649999999837,-4.440892098500626e-16,0.017541562360331296,0.017541562360331296,0.0900175776536193,0.08435390579607777,0.005351484357541529,0.017541562360331296,0.005025098202000819,1.124569977285264,1.124569977285264,0.0,0.9992621559580928,2.3797158922288215,1.2551459149435575,1.0000953855867303,False
10.74025,1,377,378,2.949934999999984,2.949934999999984,0.0,0.018250312360331276,0.018250312360331276,0.09002390579607794,0.08396367143853636,0.005313515607541533,0.018250312360331276,0.005025098202000819,1.0005002003447137,1.0005002003447137,0.0,0.9993185702391022,2.1551672829762736,1.15466708263156,1.000101484263825,False
10.76275,1,378,379,2.9560099999999836,2.9560099999999836,0.0,0.019009687360331193,0.019009687360331193,0.0900386714385361,0.08321906208099453,0.005693203107541519,0.019009687360331193,0.005025098202000819,1.0599253841258816,1.0599253841258816,0.0,0.9993792660217555,2.460174000598799,1.4002486164729175,1.0001144187245448,False
10.788,1,379,380,2.9628274999999835,2.9628274999999835,0.0,0.019861874860331127,0.019861874860331127,0.09003656208099448,0.08311148397345292,0.005842968732541506,0.019861874860331127,0.005025098202000819,1.8737038748216035,1.8737038748216035,0.0,0.999420736930292,2.8322566387866335,0.95855276396503,1.0001276920484987,False
10.81375,1,380,381,2.9697799999999837,2.9697799999999837,0.0,0.020730937360331082,0.020730937360331082,0.09006398397345307,0.08226984336591148,0.006277499982541514,0.020730937360331082,0.005025098202000819,1.6685601731148272,1.6685601731148272,0.0,0.9990086521014084,2.9898326603330827,1.3212724872182555,1.0001371535230483,False
10.8425,1,381,382,2.977542499999984,2.977542499999984,0.0,0.021701249860331034,0.021701249860331034,0.09003234336591165,0.08164757775837003,0.007247812482541567,0.021701249860331034,0.005025098202000819,2.418955013529886,2.418955013569215,3.9328984513531395e-11,0.9990071230603017,3.328906845345146,0.9099518318152597,1.0001602671980727,False
10.8735,1,382,383,2.9859124999999835,2.9859124999999835,0.0,0.022747499860330922,0.022747499860330922,0.09001757775836972,0.08058656215082813,0.0059484374650827405,0.022747499860330922,0.005025098202000819,2.356109206168905,2.356109206168905,0.0,0.9991913646682121,3.497307977592974,1.1411987714240688,1.0001789191653232,False
10.9085,1,383,384,2.9953624999999837,2.9953624999999837,0.0,0.023928749860330847,0.023928749860330847,0.0900365621508282,0.08012671841828661,0.006539062465082745,0.023928749860330847,0.005025098202000819,3.294573238333263,3.294573238400381,6.711786681989906e-11,0.9993772597429582,3.8217126968458017,0.5271394585125386,1.000187554675043,False
10.94525,1,384,385,3.005284999999984,3.005284999999984,0.0,0.025169062360330813,0.025169062360330813,0.09004921841828706,0.08447414030201625,0.005575078116270816,0.025169062360330813,0.005025098202000819,5.276308818166864,5.276308818166864,0.0,0.9993301243665388,3.633918745282358,-1.6423900728845062,1.0002295635961873,False
10.96575,1,385,386,3.0108199999999843,3.0108199999999847,4.440892098500626e-16,0.025860937360330773,0.025860937360330773,0.09000914030201629,0.08374218718574544,0.005703749991270809,0.025860937360330773,0.005025098202000819,6.2633738939981205,6.2633738939981205,0.0,0.9994677274256216,4.589048053514738,-1.674325840483382,1.0001817472321566,False
10.989,1,386,387,3.0170974999999842,3.0170974999999842,0.0,0.02664562486033069,0.02664562486033069,0.09001968718574521,0.08392359344447442,0.006096093741270795,0.02664562486033069,0.005025098202000819,2.2136856109654937,2.2136856109654937,0.0,0.9996791411563668,5.34409955391791,3.130413942952416,1.0002628716023794,False
11.011750000000001,1,387,388,3.0232399999999844,3.0232399999999844,0.0,0.027413437360330646,0.027413437360330646,0.09006609344447455,0.08320218720320371,0.0053071874825414275,0.027413437360330646,0.005025098202000819,7.1512266775831925,7.1512266775831925,0.0,0.9993391447502362,3.8040300220374017,-3.347196655545791,1.0001510363691628,False
11.037,1,388,389,3.030057499999984,3.0300574999999843,4.440892098500626e-16,0.02826562486033058,0.02826562486033058,0.0900196872032037,0.08191124971193285,0.005733281232541425,0.02826562486033058,0.005025098202000819,1.920355124221228,1.9203551242227408,1.5127898933542383e-12,0.9989382556764204,5.659258827019188,3.73890370279796,1.0002748949740632,False
11.067,1,389,390,3.038157499999984,3.038157499999984,0.0,0.02927812486033049,0.02927812486033049,0.09001124971193276,0.08089031222066193,0.0059442187325414045,0.02927812486033049,0.005025098202000819,2.5227186023027617,2.5227186023027617,0.0,0.9991803914055969,6.054799364773608,3.532080762470846,1.0002965890760607,False
11.10075,1,390,391,3.047269999999985,3.0472699999999846,-4.440892098500626e-16,0.030417187360330458,0.030417187360330458,0.09000281222066242,0.08169187473812088,0.006513749982541428,0.030417187360330458,0.005025098202000819,6.931133525794835,6.931133525861148,6.631317717165075e-11,0.9992861923404356,6.2433461186887165,-0.6877874071061187,1.000316616720917,False
11.13175,1,391,392,3.0556399999999844,3.0556399999999844,0.0,0.031463437360330346,0.015731718680165173,0.09006187473812063,0.08070468725557914,0.007559999982541426,0.015731718680165173,0.005025098202000819,7.529509979578894,7.529509979578894,0.0,0.9995195436077021,7.763141083280362,0.23363110370146867,1.0003998492399466,False
11.16625,1,392,393,3.0649549999999843,3.0649549999999843,0.0,0.01689609368016514,0.01689609368016514,0.09001968725557936,0.07992421852303783,0.005047734366270767,0.01689609368016514,0.005025098202000819,10.190713071221628,10.190713071223005,1.3766765505351941e-12,0.9998336000791075,11.564644173532606,1.3739311023109781,1.0005621357964762,False
11.20375,1,393,394,3.0750799999999847,3.0750799999999847,0.0,0.018161718680165043,0.018161718680165043,0.09004921852303768,0.08373585915676687,0.005279765616270759,0.018161718680165043,0.005025098202000819,2.141197021767252,2.141197021767252,0.0,0.9995120360567662,12.831560570763855,10.690363548996604,1.0006166957546228,False
11.227,1,394,395,3.081357499999984,3.081357499999984,0.0,0.01894640618016496,0.01894640618016496,0.09001335915676663,0.08291531229049581,0.005672109366270745,0.01894640618016496,0.005025098202000819,2.3899587595840965,2.3899587595840965,0.0,0.9996730422646956,13.67360436137819,11.283645601794094,1.0006628540593545,False
11.25325,1,395,396,3.088444999999984,3.0884449999999846,4.440892098500626e-16,0.019832343680164934,0.019832343680164934,0.0900028122904961,0.08305242167422527,0.005830312491270742,0.019832343680164934,0.005025098202000819,15.355965668680115,15.355965668680115,0.0,0.9996574897745836,20.939221134372847,5.583255465692732,1.0010211995700757,False
11.279,1,396,397,3.0953974999999847,3.0953974999999847,0.0,0.02070140618016489,0.02070140618016489,0.09000492167422544,0.08218546855795456,0.00626484374127075,0.02070140618016489,0.005025098202000819,2.9121052353848387,2.9121052353848387,0.0,1.000000000000009,2.917757669852444,0.005652434467605438,1.0014082841995058,False
11.308,1,397,398,3.103227499999985,3.103227499999985,0.0,0.02168015618016482,0.02168015618016482,0.09001546855795459,0.08160960919168372,0.007243593741270783,0.02168015618016482,0.005025098202000819,3.415441344550165,3.415441344550165,0.0,1.000000000000009,3.4200852344080213,0.004643889857856465,1.0016632708491102,False
11.33925,1,398,399,3.1116649999999844,3.111664999999985,4.440892098500626e-16,0.02273484368016475,0.02273484368016475,0.09004710919168371,0.08058656232541284,0.005947382795041207,0.02273484368016475,0.005025098202000819,3.9834422735600876,3.9834422735600876,0.0,1.000000000000009,3.9879945373700756,0.004552263809987966,1.0019531476682169,False
11.37425,1,399,400,3.1211149999999845,3.1211149999999845,0.0,0.02391609368016461,0.02391609368016461,0.09003656232541243,0.08012249983414164,0.0065380077950411815,0.02391609368016461,0.005025098202000819,4.616786471741168,4.616786471741168,0.0,1.000000000000009,4.621329578491405,0.004543106750237058,1.0022631150484325,False
11.411,1,400,401,3.1310374999999846,3.1310374999999846,0.0,0.025156406180164577,0.025156406180164577,0.0900449998341421,0.08446781233850668,0.005577187495635414,0.025156406180164577,0.005025098202000819,5.27745703722056,5.27745703722056,0.0,1.000000000000009,5.281945002636359,0.004487965415798989,1.002597376689536,False
11.4315,1,401,402,3.1365724999999847,3.1365724999999847,0.0,0.025848281180164537,0.025848281180164537,0.09000281233850674,0.0837337498428713,0.005705859370635407,0.025848281180164537,0.005025098202000819,5.643227994759405,5.643227994759405,0.0,1.000000000000009,5.647707550566041,0.004479555806636171,1.0027697667592643,False
11.45475,1,402,403,3.1428499999999846,3.142849999999984,-4.440892098500626e-16,0.026632968680164452,0.026632968680164452,0.09001124984287107,0.08391304672223567,0.006098203120635393,0.026632968680164452,0.005025098202000819,6.057452074371476,6.057452074371476,0.0,1.000000000000009,6.061920618250156,0.004468543878680009,1.0029787066937033,False
11.477500000000001,1,403,404,3.1489924999999843,3.1489924999999843,0.0,0.02740078118016441,0.02740078118016441,0.09005554672223579,0.08318953110160035,0.005306660147520631,0.02740078118016441,0.005025098202000819,6.461513231091012,6.461513231091012,0.0,1.000000000000009,6.465969395014438,0.004456163923426182,1.0031835719297912,False
11.50275,1,404,405,3.1558099999999847,3.1558099999999847,0.0,0.028252968680164345,0.028252968680164345,0.09000703110160035,0.0818964842309649,0.005732753897520628,0.028252968680164345,0.005025098202000819,6.908582545782197,6.908582545782197,0.0,1.000000000000009,6.913018147560315,0.00443560177811797,1.00340142439177,False
11.533,1,405,406,3.163977499999985,3.163977499999985,0.0,0.029273906180164296,0.029273906180164296,0.09006398423096514,0.08093249986032966,0.005947910147520642,0.029273906180164296,0.005025098202000819,7.4408516940044205,7.4408516940044205,0.0,1.000000000000009,7.445258903782857,0.0044072097784368935,1.0036723766545868,False
11.56675,1,406,407,3.173089999999985,3.173089999999985,0.0,0.0304129686801642,0.0304129686801642,0.09004499986032967,0.08172615221280895,0.006517441397520636,0.0304129686801642,0.005025098202000819,8.031870188037345,8.031870188037345,0.0,1.000000000000009,8.036259817263021,0.004389629225675762,1.0039702232532153,False
11.5975,1,407,408,3.1813924999999847,3.1813924999999847,0.0,0.03145078118016411,0.015725390590082055,0.09002865221280885,0.08067199206528815,0.007555253897520654,0.015725390590082055,0.005025098202000819,8.567976010870694,8.567976010870694,0.0,1.000000000000009,8.57457847714231,0.006602466271615981,1.004241277438067,False
11.63225,1,408,409,3.190774999999985,3.190774999999985,0.0,0.016898203090082,0.016898203090082,0.09005449206528823,0.08500280261652787,0.0050516894487603594,0.016898203090082,0.005025098202000819,9.170268432766298,9.170268432766298,0.0,1.000000000000009,9.17461112277735,0.004342690011052142,1.004548368114175,False
11.651,1,409,410,3.195837499999985,3.195837499999985,0.0,0.017531015590081984,0.017531015590081984,0.09006530261652801,0.0843808006677676,0.005368095698760372,0.017531015590081984,0.005025098202000819,9.493784712663324,9.493784712663324,0.0,1.000000000000009,9.498115983644166,0.00433127098084185,1.0046893067639804,False
11.672,1,410,411,3.2015074999999844,3.2015074999999844,0.0,0.0182397655900819,0.0182397655900819,0.0900508006677673,0.08397395496900695,0.005319580073760349,0.0182397655900819,0.005025098202000819,9.855104539414489,9.855104539414489,0.0,1.000000000000009,9.859423466641074,0.00431892722658489,1.004873802191675,False
11.6945,1,411,412,3.207582499999985,3.207582499999985,0.0,0.01899914059008188,0.01899914059008188,0.09004895496900717,0.08321273427024674,0.005699267573760365,0.01899914059008188,0.005025098202000819,10.240969451959934,10.240969451959934,0.0,1.000000000000009,10.245272340312514,0.00430288835257997,1.0050667364651453,False
11.71975,1,412,413,3.214399999999985,3.214399999999985,0.0,0.019851328090081815,0.019851328090081815,0.0900302342702467,0.08309909169648627,0.0058405956987603565,0.019851328090081815,0.005025098202000819,10.672080273309922,10.672080273309922,0.0,1.000000000000009,10.676362505734161,0.004282232424239751,1.0052862966001774,False
11.7455,1,413,414,3.221352499999985,3.221352499999985,0.0,0.02072039059008177,0.02072039059008177,0.09005159169648641,0.08225138662272594,0.006275126948760364,0.02072039059008177,0.005025098202000819,11.110000589968427,11.110000589968427,0.0,1.000000000000009,11.114266373046675,0.004265783078247765,1.0055064605510486,False
11.77425,1,414,415,3.2291149999999846,3.2291149999999846,0.0,0.02169070309008166,0.02169070309008166,0.09001388662272564,0.08162305654896523,0.007245439448760357,0.02169070309008166,0.005025098202000819,11.596991357746958,11.596991357746958,0.0,1.000000000000009,11.601241640009922,0.004250282262963978,1.0057536778020741,False
11.8055,1,415,416,3.2375524999999845,3.2375524999999845,0.0,0.02274539059008159,0.02274539059008159,0.09006055654896523,0.08061503897520482,0.005950019522520417,0.02274539059008159,0.005025098202000819,12.123620641515199,12.123620641515199,0.0,1.000000000000009,12.127844679433114,0.0042240379179148135,1.0060229230034072,False
11.8405,1,416,417,3.2470024999999847,3.247002499999985,4.440892098500626e-16,0.023926640590081514,0.023926640590081514,0.09006503897520489,0.08014913077644448,0.006540644522520421,0.023926640590081514,0.005025098202000819,12.710428688198098,12.710428688198098,0.0,1.000000000000009,12.71463271657989,0.004204028381792568,1.0063095997835174,False
11.877,1,417,418,3.256857499999985,3.256857499999985,0.0,0.025158515590081438,0.025158515590081438,0.0900041307764446,0.0844302391770644,0.005573891599380211,0.025158515590081438,0.005025098202000819,13.318955379226397,13.318955379226397,0.0,1.000000000000009,13.323131144526547,0.0041757653001504025,1.0066177689756812,False
11.89775,1,418,419,3.262459999999985,3.262459999999985,0.0,0.025858828090081377,0.025858828090081377,0.09003273917706428,0.08375853507768406,0.005706782224380195,0.025858828090081377,0.005025098202000819,13.663275925651044,13.663275925651044,0.0,1.000000000000009,13.667438561846398,0.0041626361953532864,1.006779467494711,False
11.921,1,419,420,3.268737499999985,3.268737499999985,0.0,0.026643515590081355,0.026643515590081355,0.09003603507768432,0.08354456535330405,0.006099125974380211,0.026643515590081355,0.005025098202000819,14.04782888908811,14.04782888908811,0.0,1.000000000000009,14.051977645582763,0.004148756494652517,1.006973539973723,False
11.945,1,420,421,3.275217499999985,3.275217499999985,0.0,0.02745351559008127,0.02745351559008127,0.09002456535330387,0.08272309562892362,0.005329072261260247,0.02745351559008127,0.005025098202000819,14.443307866026947,14.443307866026947,0.0,1.000000000000009,14.4474398134928,0.004131947465852548,1.007174427608476,False
11.972,1,421,422,3.2825074999999857,3.2825074999999857,0.0,0.028364765590081244,0.028364765590081244,0.09001309562892398,0.0821927196545437,0.005784697261260265,0.028364765590081244,0.005025098202000819,14.886356134015989,14.886356134015989,0.0,1.000000000000009,14.890470319726825,0.004114185710836438,1.0073906592949,False
