time,inserted_nodes,node_count_before,node_count_after,rest_length_before,rest_length_after,rest_length_error,tail_rest_length_before,tail_rest_length_after,payout_buffer_rest_length_before,payout_buffer_rest_length_after,payout_buffer_min_rest_length_after,payout_buffer_max_rest_length_after,minimum_physical_rest_length_after,peak_tension_before,peak_tension_after,peak_tension_jump,minimum_geometric_ratio_after,peak_tension_post_step,peak_tension_post_step_jump,minimum_standard_ratio_post_step,remeshed_in_same_step
0.51825,1,103,104,1.0300093670966437,1.0300093670966435,-2.220446049250313e-16,0.01125117088708047,0.01125117088708047,0.09000936709664376,0.08438378165310352,0.005625585443540235,0.01125117088708047,0.005625585443540235,0.0,0.0,0.0,0.9998388445903984,0.0,0.0,0.9999847435212138,False
0.6065,1,104,105,1.0356328857832477,1.0356328857832477,0.0,0.011954110722906003,0.011954110722906003,0.0900073003397078,0.08367877506034202,0.005977055361453001,0.011954110722906003,0.005625585443540235,0.0,0.0,0.0,0.9996217715239428,0.0,0.0,0.9999802874532734,False
0.68475,1,105,106,1.0419760276565313,1.0419760276565315,2.220446049250313e-16,0.012747003457066435,0.006373501728533217,0.09002191693362549,0.08325196883801206,0.006373501728533217,0.012747003457066435,0.005625585443540235,0.0,0.0,0.0,0.9995635723887946,0.0,0.0,0.9999770556956874,False
0.754,1,106,107,1.0487246648625572,1.0487246648625572,0.0,0.007217081379286444,0.007217081379286444,0.09000060604403787,0.0823870782976712,0.006795291553909831,0.013590583107819663,0.005625585443540235,0.0,0.0,0.0,0.9995201045878767,0.0,0.0,0.9999759559186343,False
0.82125,1,107,108,1.056344514252144,1.056344514252144,0.0,0.008169562552984788,0.008169562552984788,0.090006927687258,0.07546386340573999,0.007271532140759009,0.014543064281518019,0.005625585443540235,0.0,0.0,0.0,0.9994858698374817,0.0,0.0,0.9999747747427132,False
0.9295,1,108,109,1.0708939610244108,1.0708939610244108,0.0,0.009988243399518116,0.009988243399518116,0.09001331017800655,0.07365156504995524,0.008180872564025658,0.009988243399518116,0.005625585443540235,0.0,0.0,0.0,0.9994672200129056,0.0,0.0,0.9999744823810713,False
1.03175,1,109,110,1.0872816977292485,1.0872816977292483,-2.220446049250313e-16,0.012036710487622853,0.012036710487622853,0.09003930175479313,0.07980996210266274,0.006018355243811426,0.012036710487622853,0.005625585443540235,0.0,0.0,0.0,0.999446154341418,0.0,0.0,0.9999743031147962,False
1.0885,1,110,111,1.097492194390036,1.0974921943900358,-2.220446049250313e-16,0.013313022570221288,0.013313022570221288,0.09002045876345019,0.07851480702872136,0.006445616372422337,0.013313022570221288,0.005625585443540235,0.0,0.0,0.0,0.9991640715315391,0.0,0.0,0.9999646285098749,False
1.14775,1,111,112,1.108995723799506,1.108995723799506,0.0,0.01475096374640509,0.01475096374640509,0.09001833643819182,0.0761654031040125,0.007164586960514238,0.01475096374640509,0.005625585443540235,0.0,0.0,0.0,0.9991668998642518,0.0,0.0,0.9999649521953223,False
1.214,1,112,113,1.1228632946145252,1.122863294614525,-2.220446049250313e-16,0.01648441009828243,0.01648441009828243,0.09003297391903134,0.07444659423297466,0.005233027427235511,0.01648441009828243,0.005233027427235511,0.0,0.0,0.0,0.9992038282115837,0.0,0.0,0.9999665729892704,False
1.28325,1,113,114,1.1384653340617636,1.1384653340617634,-2.220446049250313e-16,0.018434665029187173,0.018434665029187173,0.09004863368021301,0.07920034543691662,0.005783629415694156,0.018434665029187173,0.005625585443540235,0.0,0.0,0.0,0.9989424344099943,0.0,0.0,0.9999571823951674,False
1.32875,1,114,115,1.149313178322313,1.1493131783223127,-2.220446049250313e-16,0.019790645561755835,0.019790645561755835,0.09004818969746584,0.08394605530953331,0.006102134387932525,0.019790645561755835,0.005625585443540235,0.0,0.0,0.0,0.9988895491382103,0.0,0.0,0.9999551663483978,False
1.3535,1,115,116,1.1554067253556302,1.1554067253556302,0.0,0.020552338940920484,0.020552338940920484,0.0900396023428506,0.08317577457575341,0.006842466371560818,0.020552338940920484,0.005625585443540235,0.0,0.0,0.0,0.9988194427953762,0.0,0.0,0.9999525129969506,False
1.38075,1,116,117,1.1622690690581587,1.1622690690581587,0.0,0.021410131903736584,0.021410131903736584,0.09003811827828224,0.08127902198803869,0.00507937461634486,0.021410131903736584,0.00507937461634486,0.0,0.0,0.0,0.9989231389394864,0.0,0.0,0.9999568017705491,False
1.41475,1,117,118,1.1710510757973327,1.171051075797333,2.220446049250313e-16,0.02250788274613328,0.02250788274613328,0.09006102872721225,0.08020418159457199,0.005628250037543208,0.02250788274613328,0.005625585443540235,0.0,0.0,0.0,0.9986210336257565,0.0,0.0,0.9999453892997145,False
1.45175,1,118,119,1.180876729421069,1.180876729421069,0.0,0.023736089449100342,0.023736089449100342,0.09002983521830848,0.08501672677843815,0.0050131084398703325,0.023736089449100342,0.0050131084398703325,0.0,0.0,0.0,0.9987224665010122,0.0,0.0,0.9999495263542605,False
1.47025,1,119,120,1.1858913441917067,1.1858913441917067,0.0,0.02436291629543008,0.02436291629543008,0.09003134154907602,0.08439140626287596,0.005326521863035202,0.02436291629543008,0.0050131084398703325,0.0,0.0,0.0,0.9984263372769184,0.0,0.0,0.9999380432210347,False
1.49075,1,120,121,1.1915250472592824,1.1915250472592822,-2.220446049250313e-16,0.02506712917887702,0.02506712917887702,0.09002510933045144,0.08399437458396929,0.00603073474648214,0.02506712917887702,0.0050131084398703325,0.0,0.0,0.0,0.9985072952579772,0.0,0.0,0.9999410841837184,False
1.5125,1,121,122,1.1975885169391924,1.1975885169391927,2.220446049250313e-16,0.025825062888865803,0.025825062888865803,0.09005784426387951,0.0832691758074086,0.005141160338760812,0.025825062888865803,0.0050131084398703325,0.0,0.0,0.0,0.9986545385146162,0.0,0.0,0.9999469220403077,False
1.5365,1,122,123,1.2043792792594565,1.2043792792594568,2.220446049250313e-16,0.02667390817889882,0.02667390817889882,0.09005993812767271,0.08488836268191918,0.005171575445753536,0.02667390817889882,0.0050131084398703325,0.0,0.0,0.0,0.9984523519086667,0.0,0.0,0.9999395451806649,False
1.5545,1,123,124,1.2095391463173124,1.2095391463173122,-2.220446049250313e-16,0.027318891561130775,0.027318891561130775,0.09004822973977486,0.08423167091178936,0.005494067136869517,0.027318891561130775,0.0050131084398703325,0.0,0.0,0.0,0.998388670992897,0.0,0.0,0.9999370095527694,False
1.5745,1,124,125,1.2153373630080384,1.2153373630080384,0.0,0.028043668647471567,0.028043668647471567,0.09002988760251573,0.08381104337930542,0.00558201796944074,0.028043668647471567,0.0050131084398703325,0.0,0.0,0.0,0.9984753297487146,0.0,0.0,0.9999404406549952,False
1.59575,1,125,126,1.2215705499471365,1.2215705499471365,0.0,0.028822817014858792,0.028822817014858792,0.09004423031840321,0.08304623772780567,0.005971592153134351,0.028822817014858792,0.0050131084398703325,0.0,0.0,0.0,0.9984918689819993,0.0,0.0,0.9999411754604507,False
1.61925,1,126,127,1.2285475053843444,1.2285475053843444,0.0,0.02969493644450978,0.02969493644450978,0.09002319316501363,0.08278990739853467,0.0068437115827853475,0.02969493644450978,0.0050131084398703325,0.0,0.0,0.0,0.9985808837139996,0.0,0.0,0.9999446663454508,False
1.64325,1,127,128,1.2357597974849688,1.2357597974849688,0.0,0.030596472957087836,0.015298236478543918,0.09000219949915922,0.08186737722010218,0.007745248095363415,0.015298236478543918,0.0050131084398703325,0.0,0.0,0.0,0.9987311043218466,0.0,0.0,0.9999502088483883,False
1.67,1,128,129,1.24389671321344,1.24389671321344,0.0,0.016315350944602795,0.016315350944602795,0.09000429294857314,0.08124193038715086,0.005464842436520877,0.016315350944602795,0.0050131084398703325,0.0,0.0,0.0,0.9988643742233404,0.0,0.0,0.9999557584098497,False
1.6985000000000001,1,129,130,1.2526730952711858,1.252673095271186,2.220446049250313e-16,0.01741239870182102,0.01741239870182102,0.09001831244489678,0.08015890212625623,0.00601336631513,0.01741239870182102,0.0050131084398703325,0.0,0.0,0.0,0.9984654394702365,0.0,0.0,0.9999406628809623,False
1.73025,1,130,131,1.262571042485287,1.262571042485287,0.0,0.018649642103583653,0.018649642103583653,0.09005684934035721,0.08225771574485548,0.005664519627100301,0.018649642103583653,0.0050131084398703325,0.0,0.0,0.0,0.9985941724437036,0.0,0.0,0.9999458334199839,False
1.7550000000000001,1,131,132,1.2703680357392881,1.270368035739288,-2.220446049250313e-16,0.019624266260333784,0.019624266260333784,0.09005470899885663,0.08128095124660475,0.006151831705475379,0.019624266260333784,0.0050131084398703325,2.2656183875153918e-05,2.2656183875153918e-05,0.0,0.99845143506512,0.0001390545144231009,0.00011639833054794698,0.999940466426389,False
1.7825,1,132,133,1.2791074831084441,1.2791074831084441,0.0,0.0207166971814783,0.0207166971814783,0.09002039861576094,0.08070273382097365,0.007244262626619903,0.0207166971814783,0.0050131084398703325,5.926980477399679e-05,5.926980477399679e-05,0.0,0.9985684999669703,0.0,-5.926980477399679e-05,0.9999444432714731,False
1.81175,1,133,134,1.288482420504757,1.2884824205047567,-2.220446049250313e-16,0.021888564356017336,0.021888564356017336,0.09007767121728594,0.08483290523262277,0.005244765984663171,0.021888564356017336,0.0050131084398703325,9.897276654321549e-05,9.897276654321549e-05,0.0,0.9987578600003925,0.0009682287250361854,0.0008692559584929699,0.9999526883266564,False
1.828,1,134,135,1.2937225223583197,1.29372252235832,2.220446049250313e-16,0.022543577087712745,0.022543577087712745,0.09007300708618594,0.08417322836982738,0.0060926142484867924,0.022543577087712745,0.0050131084398703325,0.00013352102179249419,0.00013352102179249419,0.0,0.9982206946556439,0.0010118086439505763,0.0008782876221580822,0.9999320111633749,False
1.846,1,135,136,1.2995508211916262,1.2995508211916262,0.0,0.023272114441876064,0.023272114441876064,0.09000152720313383,0.08485803122043747,0.005143495982696353,0.023272114441876064,0.0050131084398703325,0.0001859495284347367,0.0001859495284347367,0.0,0.9984550833234414,0.001779601728312416,0.0015936521998776794,0.9999414283408249,False
1.862,1,136,137,1.3047507134674996,1.3047507134674996,0.0,0.023922100976360206,0.023922100976360206,0.09005792349631077,0.08426444097913025,0.005468489249938435,0.023922100976360206,0.0050131084398703325,0.00019062229291798635,0.00019062229291798635,0.0,0.9981748322632691,0.0017661750412310412,0.0015755527483130548,0.9999306089822502,False
1.87975,1,137,138,1.3105382830545937,1.3105382830545937,0.0,0.02464554717474699,0.02464554717474699,0.0900520105662246,0.08386007511789936,0.005586556309944298,0.02464554717474699,0.0050131084398703325,0.00022544905312647492,0.00022544905312647492,0.0,0.9982869724054448,0.0021188854830150455,0.0018934364298885706,0.9999350931360569,False
1.89875,1,138,139,1.316752853463109,1.316752853463109,0.0,0.025422368475811388,0.025422368475811388,0.0900746455264145,0.08310588877702488,0.005974966960476492,0.025422368475811388,0.0050131084398703325,0.0002592464319614024,0.0002592464319614024,0.0,0.9983283109014213,0.002391955771004456,0.0021327093390430536,0.9999368171026528,False
1.92,1,139,140,1.3237235108481107,1.3237235108481107,0.0,0.026293700648936574,0.026293700648936574,0.09007654616202646,0.08284183637789255,0.006846299133601692,0.026293700648936574,0.0050131084398703325,0.0002918699042298367,0.0002918699042298367,0.0,0.9984421786698601,0.0020927594649303577,0.001800889560700521,0.9999410709751502,False
1.942,1,140,141,1.3309581600116158,1.3309581600116158,0.0,0.02719803179437476,0.02719803179437476,0.09007648554139791,0.08193744461182584,0.005373534477574399,0.02719803179437476,0.0050131084398703325,0.00033865755193676536,0.00033865755193676536,0.0,0.9986212922934007,0.0032330467349020037,0.0028943891829652383,0.9999485002176081,False
1.9665000000000001,1,141,142,1.3390305074446975,1.3390305074446975,0.0,0.028207075223509948,0.028207075223509948,0.09000979204490742,0.08125011833673235,0.005878056192141999,0.028207075223509948,0.0050131084398703325,0.000397121425466235,0.000397121425466235,0.0,0.9983229782981794,0.0037005183467641034,0.0033033969212978684,0.9999372538882975,False
1.99325,1,142,143,1.3478550226113941,1.3478550226113941,0.0,0.029310139619347024,0.029310139619347024,0.09007463350342886,0.08021189539941673,0.005492057499754573,0.029310139619347024,0.0050131084398703325,0.0004505244892442818,0.0004505244892442818,0.0,0.9984659769919042,0.004231647402818589,0.0037811229135743074,0.9999430127296387,False
2.023,1,143,144,1.3576725000000005,1.3576725000000005,0.0,0.030537324292922798,0.030537324292922798,0.09002937278802298,0.08131654581190055,0.006105649836542456,0.030537324292922798,0.0050131084398703325,0.0005226227313180388,0.0005226227313180388,0.0,0.9984064016434419,0.004780565504712467,0.004257942773394428,0.9999409718798795,False
2.0495,1,144,145,1.3664175000000005,1.3664175000000003,-2.220446049250313e-16,0.03163044929292272,0.01581522464646136,0.09006154581190065,0.08025559383577824,0.007198774836542496,0.01581522464646136,0.0050131084398703325,0.0005752752226168453,0.0005752752226168453,0.0,0.9985129548907494,0.003405346406333186,0.0028300711837163407,0.9999440185940461,False
2.07925,1,145,146,1.3762350000000005,1.3762350000000005,0.0,0.01704241214646137,0.01704241214646137,0.09007309383577836,0.08480878495500092,0.005264308880777432,0.01704241214646137,0.0050131084398703325,0.0006253689471534341,0.0006253689471534341,0.0,0.9987301451481403,0.006050394584700677,0.005425025637547243,0.9999540168824625,False
2.095,1,146,147,1.3814325000000007,1.3814325000000005,-2.220446049250313e-16,0.017692099646461384,0.017692099646461384,0.09000628495500104,0.08409228857422359,0.005589152630777439,0.017692099646461384,0.0050131084398703325,0.000682758379547643,0.000682758379547643,0.0,0.9981898124702573,0.006563055939648135,0.0058802975601004925,0.9999335120184394,False
2.113,1,147,148,1.3873725000000008,1.3873725000000008,0.0,0.018434599646461384,0.018434599646461384,0.09003228857422363,0.08370063594344616,0.005215871086665215,0.018434599646461384,0.0050131084398703325,0.000723911275780006,0.000723911275780006,0.0,0.9983096795800118,0.007053641557919169,0.006329730282139162,0.9999383531385303,False
2.13225,1,148,149,1.3937250000000008,1.3937250000000008,0.0,0.019228662146461392,0.019228662146461392,0.0900531359434463,0.08292742081266881,0.0056129023366652195,0.019228662146461392,0.0050131084398703325,0.0007428664302092983,0.0007428664302092983,0.0,0.998219099701873,0.0071905697860477485,0.00644770335583845,0.9999349359214954,False
2.15375,1,149,150,1.400820000000001,1.400820000000001,0.0,0.020115537146461405,0.020115537146461405,0.09002242081266901,0.08312561222600372,0.005749543668271279,0.020115537146461405,0.0050131084398703325,0.0007687003809377973,0.0007687003809377973,0.0,0.9983537283721523,0.007409409036771009,0.006640708655833211,0.9999402196221258,False
2.17475,1,150,151,1.4077500000000012,1.4077500000000014,2.220446049250313e-16,0.020981787146461428,0.020981787146461428,0.09005561222600401,0.0822925536393387,0.00618266866827129,0.020981787146461428,0.0050131084398703325,0.000783068822040431,0.000783068822040431,0.0,0.9983827359618911,0.007409497208804093,0.006626428386763662,0.9999413340736774,False
2.1982500000000003,1,151,152,1.4155050000000011,1.4155050000000011,0.0,0.021951162146461433,0.021951162146461433,0.09004755363933886,0.08171215130267354,0.0071520436682713205,0.021951162146461433,0.0050131084398703325,0.0008057583973778896,0.0008057583973778896,0.0,0.9985043898866819,0.005694017598776829,0.00488825920139894,0.9999449355364326,False
2.2235,1,152,153,1.4238375000000016,1.4238375000000014,-2.220446049250313e-16,0.022992724646461436,0.022992724646461436,0.09004465130267361,0.08066768646600828,0.0060085717866153595,0.022992724646461436,0.0050131084398703325,0.0008076698301998372,0.0008076698301998372,0.0,0.9986950123330294,0.007567906704594271,0.006760236874394434,0.9999534088506258,False
2.2520000000000002,1,153,154,1.4332425000000018,1.4332425000000018,0.0,0.024168349646461456,0.024168349646461456,0.09007268646600851,0.08027033029773713,0.00659638428661537,0.024168349646461456,0.0050131084398703325,0.0008310863611948242,0.0008310863611948242,0.0,0.9985111969352657,0.007669204537651436,0.006838118176456612,0.9999463201392049,False
2.2815,1,154,155,1.442977500000002,1.4429775000000018,-2.220446049250313e-16,0.025385224646461473,0.025385224646461473,0.09000533029773736,0.08449571471360166,0.005509615584135701,0.025385224646461473,0.0050131084398703325,0.0008466517615088473,0.0008466517615088473,0.0,0.9986314102204477,0.008245441362820821,0.0073987896013119735,0.9999512453426272,False
2.29825,1,155,156,1.4485050000000022,1.448505000000002,-2.220446049250313e-16,0.026076162146461482,0.026076162146461482,0.09002321471360175,0.08382266162946603,0.005638521834135693,0.026076162146461482,0.0050131084398703325,0.0008662924058806883,0.0008662924058806883,0.0,0.9982745340040068,0.008356454855357798,0.00749016244947711,0.9999376306503683,False
2.317,1,156,157,1.4546925000000022,1.4546925000000022,0.0,0.026849599646461483,0.026849599646461483,0.09001016162946607,0.08359820229533035,0.006025240584135694,0.026849599646461483,0.0050131084398703325,0.0008694475716867396,0.0008694475716867396,0.0,0.9983316168772398,0.008414875930894551,0.007545428359207812,0.9999398483603676,False
2.3365,1,157,158,1.4611275000000021,1.4611275000000021,0.0,0.027653974646461486,0.027653974646461486,0.09003320229533045,0.08281686796119471,0.005334910893307729,0.027653974646461486,0.0050131084398703325,0.000872591829901117,0.000872591829901117,0.0,0.9984339239538829,0.008446550760159294,0.0075739589302581765,0.999943806440282,False
2.3585000000000003,1,158,159,1.4683875000000026,1.4683875000000026,0.0,0.028561474646461506,0.028561474646461506,0.09007686796119496,0.0823397523770592,0.005788660893307739,0.028561474646461506,0.0050131084398703325,0.0008965869957019827,0.0008965869957019827,0.0,0.9982863328669915,0.008642639276217404,0.0077460522805154215,0.9999382222838441,False
2.3817500000000003,1,159,160,1.4760600000000026,1.4760600000000026,0.0,0.029520537146461516,0.029520537146461516,0.09001225237705938,0.0813160742929236,0.005974285893307731,0.029520537146461516,0.0050131084398703325,0.0009161676030634827,0.0009161676030634827,0.0,0.998415092471602,0.008735192620090551,0.007819025017027068,0.9999432159902867,False
2.4082500000000002,1,160,161,1.4848050000000028,1.4848050000000028,0.0,0.030613662146461527,0.030613662146461527,0.09006107429292383,0.081766475899616,0.006520848393307736,0.030613662146461527,0.0050131084398703325,0.0009317142257653774,0.0009317142257653774,0.0,0.9984870566662613,0.008723398663275872,0.007791684437510495,0.9999459513912706,False
2.43325,1,161,162,1.4930550000000027,1.4930550000000027,0.0,0.031644912146461444,0.015822456073230722,0.09001647589961606,0.08069062750630823,0.007552098393307771,0.015822456073230722,0.0050131084398703325,0.0009453191387245143,0.0009453191387245143,0.0,0.9985844831848524,0.00681091837821679,0.005865599239492276,0.999948354687606,False
2.4615,1,162,163,1.5023775000000028,1.5023775000000028,0.0,0.01698776857323073,0.01698776857323073,0.0900131275063083,0.08499442205965439,0.005018705446653914,0.01698776857323073,0.0050131084398703325,0.0009414251885353846,0.0009414251885353846,0.0,0.9987742518118713,0.00918462357680093,0.008243198388265545,0.9999572019532035,False
2.47675,1,163,164,1.5074100000000028,1.5074100000000028,0.0,0.017616831073230737,0.017616831073230737,0.09002692205965446,0.08437915411300052,0.005333236696653918,0.017616831073230737,0.0050131084398703325,0.0009720067734243249,0.0009720067734243249,0.0,0.9981057602486868,0.009434444513807247,0.008462437740382921,0.9999316608124292,False
2.494,1,164,165,1.5131025000000031,1.5131025000000031,0.0,0.018328393573230753,0.018328393573230753,0.0900716541130007,0.08402685491634673,0.005302299196653914,0.018328393573230753,0.0050131084398703325,0.0009919410388671915,0.0009919410388671915,0.0,0.9982306334434534,0.009676003105389588,0.008684062066522396,0.9999365753416976,False
2.51225,1,165,166,1.5191250000000034,1.5191250000000034,0.0,0.019081206073230765,0.019081206073230765,0.09004935491634689,0.0832517432196929,0.0056787054466539205,0.019081206073230765,0.0050131084398703325,0.001004041109117781,0.001004041109117781,0.0,0.9982337126157644,0.00974140444826932,0.008737363339151538,0.9999367250590604,False
2.53275,1,166,167,1.5258900000000035,1.5258900000000035,0.0,0.019926831073230764,0.019926831073230764,0.090016743219693,0.08311600652303902,0.00582823669665391,0.019926831073230764,0.0050131084398703325,0.0010210477448560089,0.0010210477448560089,0.0,0.998361192484205,0.009886383808569543,0.008865336063713534,0.999941697574242,False
2.55375,1,167,168,1.5328200000000036,1.5328200000000036,0.0,0.020793081073230787,0.020793081073230787,0.09004600652303932,0.0822790198263853,0.006261361696653921,0.020793081073230787,0.0050131084398703325,0.0010424795789020995,0.0010424795789020995,0.0,0.9984030815921722,0.00994649585727319,0.00890401627837109,0.9999433351997413,False
2.5772500000000003,1,168,169,1.540575000000004,1.540575000000004,0.0,0.021762456073230792,0.021762456073230792,0.09003401982638547,0.08167406437973146,0.007230736696653951,0.021762456073230792,0.0050131084398703325,0.0010698390535306534,0.0010698390535306534,0.0,0.9985220214865618,0.008269095872970603,0.007199256819439949,0.9999468407852813,False
2.6025,1,169,170,1.5489075000000039,1.5489075000000039,0.0,0.022804018573230795,0.022804018573230795,0.09000656437973152,0.08060504643307752,0.005961395268307699,0.022804018573230795,0.0050131084398703325,0.0010769904231125187,0.0010769904231125187,0.0,0.9987088035359104,0.01025495690086091,0.00917796647774839,0.9999552276753925,False
2.6310000000000002,1,170,171,1.558312500000004,1.558312500000004,0.0,0.023979643573230815,0.023979643573230815,0.09001004643307775,0.08012899723642372,0.00654920776830771,0.023979643573230815,0.0050131084398703325,0.0011085254670030675,0.0011085254670030675,0.0,0.9985027088966166,0.01042812527894768,0.009319599811944614,0.9999473161603695,False
2.661,1,171,172,1.5682125000000042,1.568212500000004,-2.220446049250313e-16,0.02521714357323082,0.02521714357323082,0.09002899723642388,0.08446972263809688,0.00555927459832701,0.02521714357323082,0.0050131084398703325,0.0011358959569443552,0.0011358959569443552,0.0,0.998628167598595,0.011125479940988545,0.00998958398404419,0.9999525006302472,False
2.678,1,172,173,1.5738225000000043,1.5738225000000046,2.220446049250313e-16,0.025918393573230843,0.025918393573230843,0.09007972263809706,0.08381919803977,0.0056933370983270086,0.025918393573230843,0.0050131084398703325,0.0011676417612180815,0.0011676417612180815,0.0,0.9982926050273285,0.011349742036585925,0.010182100275367843,0.9999397623027239,False
2.69675,1,173,174,1.5800100000000046,1.5800100000000044,-2.220446049250313e-16,0.026691831073230844,0.026691831073230844,0.09000669803977006,0.08353992344144304,0.006080055848327009,0.026691831073230844,0.0050131084398703325,0.0011655895858857842,0.0011655895858857842,0.0,0.998347273281533,0.011358810689831592,0.010193221103945807,0.9999418638301216,False
2.7165,1,174,175,1.5865275000000045,1.5865275000000045,0.0,0.02750651857323086,0.02750651857323086,0.09005742344144321,0.08277596134311616,0.0053319476341539065,0.02750651857323086,0.0050131084398703325,0.001184694141966662,0.001184694141966662,0.0,0.9984503146931565,0.011596777460012503,0.01041208331804584,0.9999459507594054,False
2.7385,1,175,176,1.5937875000000048,1.5937875000000048,0.0,0.02841401857323086,0.02841401857323086,0.09003596134311626,0.08223371799478918,0.005785697634153908,0.02841401857323086,0.0050131084398703325,0.0012122662916919185,0.0012122662916919185,0.0,0.9982870942091795,0.011786812952545439,0.01057454666085352,0.9999397625373044,False
2.76225,1,176,177,1.601625000000005,1.601625000000005,0.0,0.02939370607323088,0.02939370607323088,0.09007121799478943,0.08128928714646233,0.005981635134153902,0.02939370607323088,0.0050131084398703325,0.0012311998615922501,0.0012311998615922501,0.0,0.9984208166275829,0.011877117958615617,0.010645918097023368,0.9999449468958423,False
2.78875,1,177,178,1.6103700000000052,1.6103700000000054,2.220446049250313e-16,0.03048683107323089,0.03048683107323089,0.09003428714646255,0.08172202701230856,0.006528197634153908,0.03048683107323089,0.0050131084398703325,0.0012613488208668459,0.0012613488208668459,0.0,0.9984902811540236,0.012012678997856532,0.010751330176989687,0.9999476570520758,False
2.814,1,178,179,1.6187025000000053,1.6187025000000053,0.0,0.031528393573230826,0.015764196786615413,0.09005452701230862,0.0807007043781546,0.007569760134153937,0.015764196786615413,0.0050131084398703325,0.0012751782456702804,0.0012751782456702804,0.0,0.998589442356828,0.010132572222323291,0.00885739397665301,0.999950145084062,False
2.84225,1,179,180,1.6280250000000054,1.6280250000000054,0.0,0.01692950928661544,0.01692950928661544,0.09002320437815484,0.0849905118110778,0.005032692567077009,0.01692950928661544,0.0050131084398703325,0.0012676536645571952,0.0012676536645571952,0.0,0.9987783677796384,0.012444676382897188,0.011177022718339993,0.9999589251203987,False
2.8575,1,180,181,1.6330575000000056,1.6330575000000056,0.0,0.017558571786615445,0.017558571786615445,0.09002301181107789,0.08436125674400086,0.005347223817077012,0.017558571786615445,0.0050131084398703325,0.0013036887589808583,0.0013036887589808583,0.0,0.998112108620505,0.012757447540251071,0.011453758781270213,0.9999335016893778,False
2.87475,1,181,182,1.6387500000000055,1.6387500000000055,0.0,0.018270134286615444,0.018270134286615444,0.09005375674400087,0.08399497042692385,0.005311130067076997,0.018270134286615444,0.0050131084398703325,0.00132888053982873,0.00132888053982873,0.0,0.998236413527483,0.013058144419525103,0.011729263879696373,0.9999384227974685,False
2.8930000000000002,1,182,183,1.6447725000000057,1.6447725000000055,-2.220446049250313e-16,0.019022946786615456,0.019022946786615456,0.09001747042692401,0.08320587160984694,0.005687536317077003,0.019022946786615456,0.0050131084398703325,0.0013475018571393628,0.0013475018571393628,0.0,0.9982380097701958,0.01317677007302881,0.011829268215889447,0.9999385409678034,False
2.91375,1,183,184,1.6516200000000056,1.6516200000000056,0.0,0.019878884286615467,0.019878884286615467,0.09005337160984711,0.08313349154277007,0.005842223817076999,0.019878884286615467,0.0050131084398703325,0.0013777452229735091,0.0013777452229735091,0.0,0.9983677864061364,0.013464859338078762,0.012087114115105253,0.9999436708805355,False
2.93475,1,184,185,1.6585500000000062,1.6585500000000062,0.0,0.020745134286615473,0.020745134286615473,0.09006349154277023,0.08227736147569314,0.006275348817077002,0.020745134286615473,0.0050131084398703325,0.0013962103895900201,0.0013962103895900201,0.0,0.9984081923088798,0.013491697390352414,0.012095487000762394,0.9999452372493951,False
2.95825,1,185,186,1.6663050000000061,1.6663050000000061,0.0,0.021714509286615478,0.021714509286615478,0.0900323614756933,0.08165326265861622,0.007244723817077032,0.021714509286615478,0.0050131084398703325,0.0014116691562572098,0.0014116691562572098,0.0,0.9985265946625547,0.011679548059726277,0.010267878903469068,0.999948655991717,False
2.98375,1,186,187,1.6747200000000064,1.6747200000000064,0.0,0.022766384286615492,0.022766384286615492,0.09006826265861637,0.08063728884153927,0.005954564821653877,0.022766384286615492,0.0050131084398703325,0.0014306911969812017,0.0014306911969812017,0.0,0.9987143708238786,0.013815921167671899,0.012385229970690697,0.99995715433586,False
3.01225,1,187,188,1.6841250000000065,1.6841250000000065,0.0,0.023942009286615513,0.023942009286615513,0.0900422888415395,0.0801369400244624,0.006542377321653887,0.023942009286615513,0.0050131084398703325,0.0014626265421614423,0.0014626265421614423,0.0,0.9985030385593807,0.013970408104777524,0.012507781562616081,0.9999490291350481,False
3.04225,1,188,189,1.694025000000007,1.694025000000007,0.0,0.02517950928661552,0.02517950928661552,0.09003694002446255,0.084465515615924,0.005571424408538551,0.02517950928661552,0.0050131084398703325,0.0014922106626037766,0.0014922106626037766,0.0,0.9986287317829949,0.014703465644042027,0.01321125498143825,0.9999542333617351,False
3.05925,1,189,190,1.699635000000007,1.699635000000007,0.0,0.025880759286615523,0.025880759286615523,0.09007551561592406,0.08380284120738549,0.005705486908538546,0.025880759286615523,0.0050131084398703325,0.001519416024328584,0.001519416024328584,0.0,0.9982976836752823,0.01487452445311585,0.013355108428787267,0.999941652151105,False
3.07825,1,190,191,1.705905000000007,1.705905000000007,0.0,0.026664509286615536,0.026664509286615536,0.09007284120738562,0.08358360429884705,0.0060973619085385525,0.026664509286615536,0.0050131084398703325,0.0015166200644957202,0.0015166200644957202,0.0,0.9983547697264531,0.014889340132312759,0.013372720067817038,0.9999438491229826,False
3.09775,1,191,192,1.7123400000000069,1.7123400000000069,0.0,0.02746888428661554,0.02746888428661554,0.09001860429884714,0.08272499239030853,0.0053285324108269866,0.02746888428661554,0.0050131084398703325,0.001533579953948806,0.001533579953948806,0.0,0.9984536370000126,0.015101053604510944,0.013567473650562139,0.9999477632696774,False
3.12,1,192,193,1.7196825000000073,1.7196825000000073,0.0,0.028386696786615553,0.028386696786615553,0.09006749239030874,0.08224794298177013,0.005787438660826994,0.028386696786615553,0.0050131084398703325,0.001565070048283114,0.001565070048283114,0.0,0.9982907584801102,0.015318528359929327,0.013753458311646214,0.9999416021259686,False
3.1435,1,193,194,1.7274375000000075,1.7274375000000075,0.0,0.029356071786615576,0.029356071786615576,0.0900029429817704,0.08121401857323177,0.005978219910826991,0.029356071786615576,0.0050131084398703325,0.0015798736180368787,0.0015798736180368787,0.0,0.9984205503381656,0.015362136244118148,0.013782262626081268,0.9999466143853188,False
3.1702500000000002,1,194,195,1.7362650000000077,1.7362650000000077,0.0,0.03045950928661558,0.03045950928661558,0.09004151857323195,0.08172236116240486,0.006529938660826994,0.03045950928661558,0.0050131084398703325,0.001609025470634397,0.001609025470634397,0.0,0.9984934959232126,0.015494134759386102,0.013885109288751706,0.9999494525546099,False
3.1955,1,195,196,1.7445975000000078,1.7445975000000078,0.0,0.03150107178661552,0.01575053589330776,0.09005486116240491,0.08069414125157781,0.007571501160827023,0.01575053589330776,0.0050131084398703325,0.001624154814997348,0.001624154814997348,0.0,0.9985915092951094,0.013608681560288757,0.011984526745291409,0.9999518960861539,False
3.22375,1,196,197,1.7539200000000081,1.7539200000000081,0.0,0.016915848393307786,0.016915848393307786,0.09001664125157803,0.08498307817116449,0.005033563080413551,0.016915848393307786,0.0050131084398703325,0.0015964374461792344,0.0015964374461792344,0.0,0.9987802505670498,0.015739920423616924,0.014143482977437689,0.9999605749838668,False
3.239,1,197,198,1.7589525000000081,1.758952500000008,-2.220446049250313e-16,0.017544910893307793,0.017544910893307793,0.09001557817116455,0.08435295259075098,0.0053480943304135544,0.017544910893307793,0.0050131084398703325,0.001633858859691145,0.001633858859691145,0.0,0.9981140534426094,0.01607415668921206,0.014440297829520917,0.9999351717083126,False
3.25625,1,198,199,1.7646450000000082,1.7646450000000082,0.0,0.01825647339330779,0.01825647339330779,0.090045452590751,0.08398579576033743,0.005314578705413539,0.01825647339330779,0.0050131084398703325,0.0016568305191219628,0.0016568305191219628,0.0,0.9982383087248758,0.01634867687432965,0.014691846355207688,0.9999400771106376,False
3.2745,1,199,200,1.770667500000008,1.770667500000008,0.0,0.019009285893307803,0.019009285893307803,0.09000829576033759,0.08319582642992399,0.005690984955413545,0.019009285893307803,0.0050131084398703325,0.0016719400198426636,0.0016719400198426636,0.0,0.9982406392015187,0.016433188790347754,0.01476124877050509,0.9999402077802407,False
3.2952500000000002,1,200,201,1.7775150000000082,1.7775150000000084,2.220446049250313e-16,0.019865223393307815,0.019865223393307815,0.09004332642992416,0.08311999772451056,0.005843094330413542,0.019865223393307815,0.0050131084398703325,0.0016976827571041858,0.0016976827571041858,0.0,0.9983702510611214,0.0166809256385304,0.014983242881426216,0.99994531342124,False
3.31625,1,201,202,1.7844450000000085,1.7844450000000085,0.0,0.02073147339330782,0.02073147339330782,0.09004999772451072,0.08226041901909709,0.006276219330413545,0.02073147339330782,0.0050131084398703325,0.0017195073328883266,0.0017195073328883266,0.0,0.9984100168726588,0.01673180517467799,0.015012297841789663,0.9999468677773214,False
3.33975,1,202,203,1.7922000000000087,1.792200000000009,2.220446049250313e-16,0.021700848393307826,0.021700848393307826,0.09001541901909725,0.08163287156368362,0.007245594330413575,0.021700848393307826,0.0050131084398703325,0.0017370338533023025,0.0017370338533023025,0.0,0.9985283981255216,0.01491637058035572,0.013179336727053417,0.9999502775364524,False
3.36525,1,203,204,1.800615000000009,1.800615000000009,0.0,0.02275272339330784,0.02275272339330784,0.09004787156368378,0.08061344910827015,0.005951149598326964,0.02275272339330784,0.0050131084398703325,0.0017427585970249727,0.0017427585970249727,0.0,0.9987160660105652,0.01694504417687251,0.015202285579847536,0.99995872108747,False
3.3937500000000003,1,204,205,1.810020000000009,1.810020000000009,0.0,0.02392834839330786,0.02392834839330786,0.09001844910827037,0.08011222977785673,0.006538962098326974,0.02392834839330786,0.0050131084398703325,0.0017668817932173066,0.0017668817932173066,0.0,0.9985038345995368,0.017014508038035905,0.0152476262448186,0.9999505166873318,False
3.42375,1,205,206,1.8199200000000095,1.8199200000000093,-2.220446049250313e-16,0.025165848393307867,0.025165848393307867,0.09001222977785688,0.08444037011265006,0.005571859665206823,0.025165848393307867,0.0050131084398703325,0.0017836200925302951,0.0017836200925302951,0.0,0.9986295720518382,0.01762574454933162,0.015842124456801325,0.9999556577434602,False
3.44075,1,206,207,1.8255300000000094,1.8255300000000094,0.0,0.025867098393307888,0.025867098393307888,0.09005037011265024,0.08377726044744338,0.005705922165206826,0.025867098393307888,0.0050131084398703325,0.0018126403667666274,0.0018126403667666274,0.0,0.9982992716878937,0.017820771558914657,0.01600813119214803,0.9999431306907663,False
3.45975,1,207,208,1.8318000000000094,1.8318000000000096,2.220446049250313e-16,0.026650848393307884,0.026650848393307884,0.09004726044744339,0.08355758828223656,0.006097797165206824,0.026650848393307884,0.0050131084398703325,0.0018065830989684702,0.0018065830989684702,0.0,0.9983563320036573,0.017792826394152243,0.015986243295183774,0.999945305838324,False
3.4795000000000003,1,208,209,1.8383175000000098,1.8383175000000096,-2.220446049250313e-16,0.0274655358933079,0.0274655358933079,0.09007508828223673,0.08277072861702986,0.005331981049163536,0.0274655358933079,0.0050131084398703325,0.0018196183631403362,0.0018196183631403362,0.0,0.9984574857302629,0.01797034330187157,0.016150724938731233,0.9999492913085029,False
3.5015,1,209,210,1.8455775000000096,1.8455775000000096,0.0,0.0283730358933079,0.0283730358933079,0.09003072861702996,0.08221074395182308,0.005785731049163537,0.0283730358933079,0.0050131084398703325,0.0018500484662735822,0.0018500484662735822,0.0,0.9982902954489659,0.01819054975531257,0.016340501289038988,0.9999429668276695,False
3.52525,1,210,211,1.8534150000000098,1.8534150000000098,0.0,0.029352723393307918,0.029352723393307918,0.09004824395182331,0.08124857178661642,0.005981668549163532,0.029352723393307918,0.0050131084398703325,0.0018607875932944164,0.0018607875932944164,0.0,0.9984239746349223,0.018166882191839602,0.016306094598545186,0.9999480968529023,False
3.552,1,211,212,1.86224250000001,1.86224250000001,0.0,0.030456160893307924,0.030456160893307924,0.09007607178661661,0.08175346573745298,0.006533387299163535,0.030456160893307924,0.0050131084398703325,0.0018691838370071495,0.0018691838370071495,0.0,0.9984955315834665,0.01810801994201376,0.01623883610500661,0.9999507833395299,False
3.577,1,212,213,1.8704925000000103,1.8704925000000103,0.0,0.03148741089330789,0.015743705446653947,0.09000346573745321,0.08064960968828958,0.007564637299163588,0.015743705446653947,0.0050131084398703325,0.0018736933695990858,0.0018736933695990858,0.0,0.9985914632972557,0.016100980218441918,0.014227286848842832,0.9999530864942999,False
3.6055,1,213,214,1.8798975000000104,1.8798975000000104,0.0,0.01691933044665395,0.01691933044665395,0.0900546096882896,0.08501674416370779,0.005037865524581821,0.01691933044665395,0.0050131084398703325,0.0018377303867356217,0.0018377303867356217,0.0,0.9987819361732856,0.018159946044889172,0.01632221565815355,0.9999617964262963,False
3.62075,1,214,215,1.8849300000000107,1.8849300000000104,-2.220446049250313e-16,0.017548392946653956,0.017548392946653956,0.09004924416370785,0.084382316139126,0.005352396774581824,0.017548392946653956,0.0050131084398703325,0.0018667414132792681,0.0018667414132792681,0.0,0.9981166593408489,0.018422759633754573,0.016556018220475307,0.9999364021100381,False
3.638,1,215,216,1.8906225000000103,1.8906225000000103,0.0,0.018259955446653972,0.018259955446653972,0.09007481613912618,0.08401085686454432,0.005316303024581818,0.018259955446653972,0.0050131084398703325,0.0018979242405494693,0.0018979242405494693,0.0,0.9982407713008808,0.018778322672524106,0.016880398431974638,0.9999413398669509,False
3.65625,1,216,217,1.8966450000000106,1.8966450000000106,0.0,0.019012767946653967,0.019012767946653967,0.09003335686454433,0.08321658508996246,0.005692709274581815,0.019012767946653967,0.0050131084398703325,0.0019146985449193638,0.0019146985449193638,0.0,0.9982423573871175,0.018863212261288703,0.01694851371636934,0.999941442443121,False
3.677,1,217,218,1.9034925000000107,1.9034925000000107,0.0,0.019868705446653978,0.019868705446653978,0.09006408508996264,0.08313903206538076,0.005844818649581813,0.019868705446653978,0.0050131084398703325,0.0019214489267049854,0.0019214489267049854,0.0,0.9983718026644067,0.01892431863346363,0.017002869706758645,0.9999464533743827,False
3.698,1,218,219,1.9104225000000112,1.9104225000000112,0.0,0.020734955446654,0.020734955446654,0.09006903206538108,0.08227772904079916,0.006277943649581824,0.020734955446654,0.0050131084398703325,0.0019357677423172477,0.0019357677423172477,0.0,0.9984115085912567,0.01889799857802136,0.016962230835704112,0.9999479690027706,False
3.7215000000000003,1,219,220,1.9181775000000112,1.9181775000000112,0.0,0.021704330446654006,0.021704330446654006,0.09003272904079933,0.0816484572662174,0.0072473186495818544,0.021704330446654006,0.0050131084398703325,0.001962042144598732,0.001962042144598732,0.0,0.9985298738098976,0.01715356004768978,0.015191517903091048,0.999951404767641,False
3.747,1,220,221,1.9265925000000115,1.9265925000000115,0.0,0.02275620544665402,0.02275620544665402,0.09006345726621756,0.08062731049163563,0.005952020111663509,0.02275620544665402,0.0050131084398703325,0.0019475550037770233,0.0019475550037770233,0.0,0.998717358194872,0.018982226487753343,0.01703467148397632,0.9999597473094894,False
3.7755,1,221,222,1.9359975000000116,1.9359975000000114,-2.220446049250313e-16,0.023931830446654024,0.023931830446654024,0.09003231049163572,0.08012436684205382,0.00653983261166351,0.023931830446654024,0.0050131084398703325,0.0019691596529264692,0.0019691596529264692,0.0,0.998505025598795,0.019046715743451334,0.017077556090524866,0.9999515333058621,False
3.8055,1,222,223,1.9458975000000118,1.9458975000000116,-2.220446049250313e-16,0.025169330446654047,0.025169330446654047,0.0900243668420541,0.08445164501726313,0.0055727218247909665,0.025169330446654047,0.0050131084398703325,0.001981173413524065,0.001981173413524065,0.0,0.9986307054841826,0.019606961248193264,0.0176257878346692,0.9999566432949066,False
3.8225000000000002,1,223,224,1.951507500000012,1.951507500000012,0.0,0.02587058044665405,0.02587058044665405,0.09006164501726319,0.0837876731924722,0.005706784324790957,0.02587058044665405,0.0050131084398703325,0.002004760434034238,0.002004760434034238,0.0,0.9983004697338999,0.01976725530094816,0.017762494866913923,0.9999441134947445,False
3.8415,1,224,225,1.957777500000012,1.9577775000000122,2.220446049250313e-16,0.026654330446654065,0.026654330446654065,0.09005767319247235,0.08356713886768136,0.006098659324790963,0.026654330446654065,0.0050131084398703325,0.0019987636606479224,0.0019987636606479224,0.0,0.9983575142989399,0.019704403213679396,0.017705639553031473,0.9999462702788426,False
3.861,1,225,226,1.9642125000000124,1.9642125000000124,0.0,0.027458705446654068,0.027458705446654068,0.09000213886768144,0.08270722954289042,0.005327260055831802,0.027458705446654068,0.0050131084398703325,0.0020023846602865666,0.0020023846602865666,0.0,0.9984562779709277,0.019766738157559693,0.017764353497273126,0.9999501091864721,False
3.88325,1,226,227,1.9715550000000124,1.9715550000000124,0.0,0.028376517946654082,0.028376517946654082,0.09004972954289064,0.08222888271809961,0.005786166305831809,0.028376517946654082,0.0050131084398703325,0.002017777476145211,0.002017777476145211,0.0,0.9982926736219089,0.01988945379019106,0.017871676314045848,0.9999438764737599,False
3.907,1,227,228,1.9793925000000125,1.9793925000000128,2.220446049250313e-16,0.02935620544665408,0.02935620544665408,0.0900663827180997,0.08126584839330868,0.0059821038058318005,0.02935620544665408,0.0050131084398703325,0.0020350226086176615,0.0020350226086176615,0.0,0.9984249478774178,0.019922341280122838,0.017887318671505177,0.999948979838686,False
3.9335,1,228,229,1.988137500000013,1.988137500000013,0.0,0.03044933044665411,0.03044933044665411,0.09001084839330906,0.08169296333747715,0.0065286663058318145,0.03044933044665411,0.0050131084398703325,0.0020244787148527544,0.0020244787148527544,0.0,0.9984941934366758,0.019640566017465083,0.01761608730261233,0.9999514653365451,False
3.95875,1,229,230,1.9964700000000128,1.9964700000000128,0.0,0.03149089294665405,0.015745446473327027,0.09002546333747719,0.08066601578164528,0.007570228805831844,0.015745446473327027,0.0050131084398703325,0.0020387270907028933,0.0020387270907028933,0.0,0.9985933324369046,0.017725822009530864,0.01568709491882797,0.9999539352374421,False
3.98725,1,230,231,2.005875000000013,2.005875000000013,0.0,0.016921071473327047,0.016921071473327047,0.09007101578164546,0.0850329326287295,0.005038083152915956,0.016921071473327047,0.0050131084398703325,0.0019741905441001597,0.0019741905441001597,0.0,0.9987833976089899,0.019549214220348846,0.017575023676248684,0.9999625149651296,False
4.0025,1,231,232,2.010907500000013,2.010907500000013,0.0,0.017550133973327036,0.017550133973327036,0.0900654326287294,0.08439828697581343,0.0053526144029159475,0.017550133973327036,0.0050131084398703325,0.0019948535803124444,0.0019948535803124444,0.0,0.9981173756539825,0.019707080178053685,0.01771222659774124,0.9999370474862225,False
4.0195,1,232,233,2.016517500000013,2.0165175000000133,4.440892098500626e-16,0.018251383973327057,0.018251383973327057,0.09000828697581345,0.08395442257289748,0.005311364402915931,0.018251383973327057,0.0050131084398703325,0.002029619757354181,0.002029619757354181,0.0,0.998238481218964,0.020130661176600687,0.018101041419246504,0.999941902459453,False
4.038,1,233,234,2.022622500000013,2.022622500000013,0.0,0.019014508973327047,0.019014508973327047,0.09005942257289726,0.0832424331699813,0.0056929269029159036,0.019014508973327047,0.0050131084398703325,0.002054898356703106,0.002054898356703106,0.0,0.9982446229742924,0.020281455113194638,0.01822655675649153,0.9999422117045588,False
4.0585,1,234,235,2.029387500000013,2.029387500000013,0.0,0.019860133973327063,0.019860133973327063,0.09000743316998133,0.08308731876706539,0.0058424581529158736,0.019860133973327063,0.0050131084398703325,0.002050223918519271,0.002050223918519271,0.0,0.9983699199188736,0.02018611917013357,0.018135895251614298,0.9999469886043272,False
4.0795,1,235,236,2.036317500000013,2.036317500000013,0.0,0.02072638397332707,0.02072638397332707,0.09001731876706537,0.08223095436414944,0.006275583152915851,0.02072638397332707,0.0050131084398703325,0.0020566375216136083,0.0020566375216136083,0.0,0.9984115514168903,0.020081991890048674,0.018025354368435068,0.9999485413123916,False
4.10325,1,236,237,2.0441550000000133,2.0441550000000133,0.0,0.021706071473327104,0.021706071473327104,0.09006845436414965,0.08168396496123372,0.007255270652915885,0.021706071473327104,0.0050131084398703325,0.002081597961677904,0.002081597961677904,0.0,0.9985320918148207,0.018359489444557897,0.016277891482879992,0.9999520658374288,False
4.1285,1,237,238,2.0524875000000127,2.0524875000000127,0.0,0.022747633973327106,0.022747633973327106,0.09001646496123339,0.08059041305831753,0.005947299118331747,0.022747633973327106,0.0050131084398703325,0.002075125114657229,0.002075125114657229,0.0,0.9987176294079626,0.0202238195859534,0.018148694471296172,0.999960353317299,False
4.15725,1,238,239,2.0619750000000123,2.0619750000000123,0.0,0.023933571473327104,0.023933571473327104,0.09007791305831717,0.08016201740540137,0.006540267868331711,0.023933571473327104,0.0050131084398703325,0.002074863623340548,0.002074863623340548,0.0,0.9985067311683831,0.020110619885443243,0.018035756262102694,0.9999521062897367,False
4.18725,1,239,240,2.0718750000000123,2.0718750000000123,0.0,0.025171071473327127,0.025171071473327127,0.09006201740540126,0.0844853195789434,0.00557669782645787,0.025171071473327127,0.0050131084398703325,0.002085857320473782,0.002085857320473782,0.0,0.9986313007029325,0.020670344085773805,0.018584486765300022,0.999957171099827,False
4.204,1,240,241,2.0774025000000123,2.0774025000000123,0.0,0.025862008973327136,0.025862008973327136,0.09001281957894323,0.08374518425248535,0.0057056040764578535,0.025862008973327136,0.0050131084398703325,0.0020986769829794715,0.0020986769829794715,0.0,0.9982992118108825,0.020733045282807665,0.018634368299828192,0.9999445300117261,False
4.223,1,241,242,2.083672500000012,2.083672500000012,0.0,0.02664575897332715,0.02664575897332715,0.09001518425248523,0.08352583017602737,0.006097479076457838,0.02664575897332715,0.0050131084398703325,0.0021070366293365365,0.0021070366293365365,0.0,0.9983577560188382,0.020796009936306502,0.018688973306969964,0.999946804362532,False
4.24275,1,242,243,2.0901900000000118,2.0901900000000118,0.0,0.027460446473327165,0.027460446473327165,0.0900433301760273,0.08273928859956942,0.005330055809165818,0.027460446473327165,0.0050131084398703325,0.0021085887286913093,0.0021085887286913093,0.0,0.9984588634338789,0.020822700269969872,0.018714111541278562,0.9999507163081992,False
4.265,1,243,244,2.0975325000000113,2.0975325000000113,0.0,0.028378258973327162,0.028378258973327162,0.09008178859956922,0.08225180952311137,0.005788962059165789,0.028378258973327162,0.0050131084398703325,0.0020984858941227075,0.0020984858941227075,0.0,0.9982938466805302,0.020694935106465535,0.01859644921234283,0.9999443095311947,False
4.2885,1,244,245,2.1052875000000117,2.1052875000000117,0.0,0.029347633973327184,0.029347633973327184,0.09000680952311138,0.08120745544665356,0.005977165184165775,0.029347633973327184,0.0050131084398703325,0.0021142263410286475,0.0021142263410286475,0.0,0.9984235796319025,0.020743380134971033,0.018629153793942387,0.999949323143624,False
4.31525,1,245,246,2.1141150000000115,2.1141150000000115,0.0,0.03045107147332719,0.03045107147332719,0.09003495544665346,0.08171427463748766,0.006528883934165746,0.03045107147332719,0.0050131084398703325,0.0021157299830465983,0.0021157299830465983,0.0,0.9984958006050965,0.02054084495839835,0.01842511497535175,0.9999519586709128,False
4.3405000000000005,1,246,247,2.1224475000000114,2.1224475000000114,0.0,0.031492633973327196,0.015746316986663598,0.09004677463748746,0.0806845313283217,0.007570446434165745,0.015746316986663598,0.0050131084398703325,0.0021293367597933596,0.0021293367597933596,0.0,0.9985938238887069,0.018647739545615286,0.016518402785821926,0.9999543951869823,False
4.36875,1,247,248,2.131770000000011,2.131770000000011,0.0,0.016911629486663606,0.016911629486663606,0.09000703132832139,0.08497270654873855,0.005034324779582846,0.016911629486663606,0.0050131084398703325,0.0020259742056850973,0.0020259742056850973,0.0,0.9987822345472794,0.020084185369870895,0.018058211164185798,0.9999627227900105,False
4.384,1,248,249,2.1368025000000106,2.1368025000000106,0.0,0.017540691986663613,0.017540691986663613,0.09000520654873842,0.08434181926915557,0.005348856029582831,0.017540691986663613,0.0050131084398703325,0.0020601592541487084,0.0020601592541487084,0.0,0.9981164483022701,0.020350330024581975,0.018290170770433267,0.9999373212048663,False
4.40125,1,249,250,2.142495000000011,2.142495000000011,0.0,0.018252254486663646,0.018252254486663646,0.09003431926915567,0.08397390073957281,0.005314051342082832,0.018252254486663646,0.0050131084398703325,0.0020919429833104056,0.0020919429833104056,0.0,0.9982407095006905,0.02076690064033259,0.018674957657022186,0.99994229424088,False
4.4197500000000005,1,250,251,2.1486000000000107,2.1486000000000107,0.0,0.019015379486663635,0.019015379486663635,0.09007890073957259,0.08325535720998972,0.005695613842082804,0.019015379486663635,0.0050131084398703325,0.0021243877396924286,0.0021243877396924286,0.0,0.9982457515498081,0.021005580768034562,0.018881193028342135,0.9999426035677996,False
4.44025,1,251,252,2.155365000000011,2.155365000000011,0.0,0.019861004486663652,0.019861004486663652,0.09002035720998976,0.08309755586790693,0.0058425669670827875,0.019861004486663652,0.0050131084398703325,0.0021293654867923758,0.0021293654867923758,0.0,0.9983709908363062,0.020966253002308123,0.018836887515515748,0.9999474050523792,False
4.46125,1,252,253,2.162295000000011,2.162295000000011,0.0,0.020727254486663658,0.020727254486663658,0.09002755586790691,0.08223850452582407,0.006275691967082765,0.020727254486663658,0.0050131084398703325,0.002132435927050853,0.002132435927050853,0.0,0.9984119579674957,0.020815908262650187,0.018683472335599333,0.9999489103127156,False
4.485,1,253,254,2.170132500000011,2.170132500000011,0.0,0.021706941986663657,0.021706941986663657,0.09007600452582398,0.0816888281837412,0.0072553794670827615,0.021706941986663657,0.0050131084398703325,0.002136648805626886,0.002136648805626886,0.0,0.9985323881913551,0.018919347937190037,0.01678269913156315,0.9999523441134147,False
4.51025,1,254,255,2.1784650000000108,2.1784650000000108,0.0,0.022748504486663695,0.022748504486663695,0.09002132818374117,0.0805925893416584,0.0059475167466659035,0.022748504486663695,0.0050131084398703325,0.00214447501839496,0.00214447501839496,0.0,0.998717992337284,0.020945713721731526,0.018801238703336567,0.9999607135613854,False
4.539,1,255,256,2.1879525000000104,2.1879525000000104,0.0,0.023934441986663692,0.023934441986663692,0.09008008934165804,0.08016408487457533,0.006540485496665868,0.023934441986663692,0.0050131084398703325,0.002130282375209998,0.002130282375209998,0.0,0.9985070536154372,0.020656147553310494,0.018525865178100495,0.9999523790489955,False
4.569,1,256,257,2.1978525000000104,2.1978525000000104,0.0,0.025171941986663716,0.025171941986663716,0.09006408487457522,0.08448733264103389,0.005576752233541327,0.025171941986663716,0.0050131084398703325,0.002137295996735413,0.002137295996735413,0.0,0.9986315936603652,0.02119255666905996,0.019055260672324548,0.9999574298911559,False
4.58575,1,257,258,2.20338000000001,2.20338000000001,0.0,0.025862879486663725,0.025862879486663725,0.09001483264103373,0.0837471429074924,0.005705658483541311,0.025862879486663725,0.0050131084398703325,0.002147162226196142,0.002147162226196142,0.0,0.9982994705172646,0.021221946918544947,0.019074784692348804,0.9999447751196223,False
4.60475,1,258,259,2.2096500000000097,2.2096500000000097,0.0,0.02664662948666374,0.02664662948666374,0.09001714290749227,0.08352773442395095,0.006097533483541295,0.02664662948666374,0.0050131084398703325,0.002164976125324941,0.002164976125324941,0.0,0.9983580596929595,0.021399022299022546,0.019234046173697606,0.9999471060264185,False
4.6245,1,259,260,2.21616750000001,2.21616750000001,0.0,0.02746131698666372,0.02746131698666372,0.0900452344239506,0.08274113844040928,0.0053301646233328785,0.02746131698666372,0.0050131084398703325,0.0021733023745146417,0.0021733023745146417,0.0,0.9984591995561349,0.021487002132787862,0.01931369975827322,0.9999510486506529,False
4.6465000000000005,1,260,261,2.2234275000000094,2.2234275000000094,0.0,0.02836881698666374,0.02836881698666374,0.09000113844040929,0.082181417456868,0.005783914623332862,0.02836881698666374,0.0050131084398703325,0.002153097704018894,0.002153097704018894,0.0,0.9982913130301211,0.02120994067770944,0.019056842973690546,0.9999444600032839,False
4.67025,1,261,262,2.23126500000001,2.23126500000001,0.0,0.029348504486663773,0.029348504486663773,0.0900189174568681,0.08121950897332683,0.005977273998332853,0.029348504486663773,0.0050131084398703325,0.002157728619393845,0.002157728619393845,0.0,0.9984250331231598,0.02117018971576968,0.019012461096375832,0.9999495847576776,False
4.697,1,262,263,2.2400925000000096,2.2400925000000096,0.0,0.030451941986663778,0.030451941986663778,0.09004700897332674,0.08172621934999383,0.006528992748332824,0.030451941986663778,0.0050131084398703325,0.002172860361523293,0.002172860361523293,0.0,0.9984961091685052,0.021128951902919912,0.01895609154139662,0.9999522526576385,False
4.72225,1,263,264,2.248425000000009,2.248425000000009,0.0,0.031493504486663784,0.015746752243331892,0.09005871934999363,0.08069636722666078,0.007570555248332823,0.015746752243331892,0.0050131084398703325,0.0021697148634569788,0.0021697148634569788,0.0,0.9985940435116916,0.01908590338051501,0.01691618851705803,0.9999546124853979,False
4.7505,1,264,265,2.2577475000000087,2.2577475000000087,0.0,0.0169120647433319,0.0169120647433319,0.09001886722666047,0.08498190991499407,0.005036957311666389,0.0169120647433319,0.0050131084398703325,0.0020566986117351027,0.0020566986117351027,0.0,0.9987824029399578,0.02037180898490947,0.01831511037317437,0.99996286588655,False
4.76575,1,265,266,2.262780000000009,2.262780000000009,0.0,0.017541127243331907,0.017541127243331907,0.09001440991499395,0.08434839010332755,0.005351488561666374,0.017541127243331907,0.0050131084398703325,0.002102091140920619,0.002102091140920619,0.0,0.9981175393163982,0.02076081853477938,0.01865872739385876,0.9999375604483676,False
4.783,1,266,267,2.2684725000000086,2.2684725000000086,0.0,0.018252689743331905,0.018252689743331905,0.09004089010332736,0.083977839041661,0.005314105749166353,0.018252689743331905,0.0050131084398703325,0.002125803289467932,0.002125803289467932,0.0,0.9982416480246913,0.02110688498144609,0.01898108169197816,0.9999424939404725,False
4.8012500000000005,1,267,268,2.274495000000009,2.274495000000009,0.0,0.019005502243331918,0.019005502243331918,0.09000033904166096,0.08318447547999458,0.005690511999166337,0.019005502243331918,0.0050131084398703325,0.0021576785439072514,0.0021576785439072514,0.0,0.9982429338402613,0.021361873653748455,0.019204195109841202,0.9999426670619845,False
4.822,1,268,269,2.281342500000009,2.281342500000009,0.0,0.019861439743331946,0.019861439743331946,0.0900319754799947,0.08310911973082832,0.0058426213741663265,0.019861439743331946,0.0050131084398703325,0.002180374971128479,0.002180374971128479,0.0,0.9983725512529904,0.021484830346098473,0.019304455374969994,0.9999477145905087,False
4.843,1,269,270,2.2882725000000086,2.2882725000000086,0.0,0.020727689743331952,0.020727689743331952,0.0900391197308283,0.0822500139816619,0.006275746374166304,0.020727689743331952,0.0050131084398703325,0.002188553750220544,0.002188553750220544,0.0,0.9984122521128488,0.02137610832180077,0.019187554571580227,0.999949191211175,False
4.8665,1,270,271,2.2960275000000085,2.2960275000000085,0.0,0.02169706474333194,0.02169706474333194,0.09000501398166172,0.08162293948249541,0.0072451213741662876,0.02169706474333194,0.0050131084398703325,0.0021678656043887154,0.0021678656043887154,0.0,0.9985304514212108,0.019212544185211303,0.01704467858082259,0.999952409971834,False
4.892,1,271,272,2.3044425000000084,2.3044425000000084,0.0,0.022748939743331954,0.022748939743331954,0.09003793948249517,0.0806039899833289,0.005950203685832962,0.022748939743331954,0.0050131084398703325,0.002181889646474738,0.002181889646474738,0.0,0.9987181870679193,0.02134584968956986,0.019163960043095122,0.9999609126889232,False
4.9205000000000005,1,272,273,2.3138475000000085,2.3138475000000085,0.0,0.023924564743331975,0.023924564743331975,0.09000898998332872,0.08010324360916249,0.006538016185832938,0.023924564743331975,0.0050131084398703325,0.0021761361368779334,0.0021761361368779334,0.0,0.9985056735177428,0.021104362502134058,0.018928226365256123,0.9999525405334527,False
4.9505,1,273,274,2.3237475000000085,2.3237475000000085,0.0,0.025162064743331998,0.025162064743331998,0.0900032436091624,0.0844316204220793,0.00557162318708309,0.025162064743331998,0.0050131084398703325,0.002175949872861223,0.002175949872861223,0.0,0.9986313472910536,0.02157124867809468,0.019395298805233455,0.9999576000892357,False
4.9675,1,274,275,2.329357500000008,2.329357500000008,0.0,0.025863314743331985,0.025863314743331985,0.09004162042207894,0.08376874723499589,0.005705685687083062,0.025863314743331985,0.0050131084398703325,0.002184402374609543,0.002184402374609543,0.0,0.998301072477925,0.021592369161222848,0.019407966786613304,0.9999450148050646,False
4.9865,1,275,276,2.335627500000008,2.335627500000008,0.0,0.026647064743331998,0.026647064743331998,0.09003874723499575,0.08354931154791267,0.006097560687083046,0.026647064743331998,0.0050131084398703325,0.002200347667691933,0.002200347667691933,0.0,0.9983582433711778,0.02177371594192215,0.019573368274230216,0.999947293403806,False
5.0062500000000005,1,276,277,2.342145000000008,2.342145000000008,0.0,0.027461752243332013,0.027461752243332013,0.0900668115479126,0.08276268836082952,0.005331508092916426,0.027461752243332013,0.0050131084398703325,0.0022124930625094423,0.0022124930625094423,0.0,0.9984594013719538,0.021907012516507916,0.019694519453998475,0.9999512585573822,False
5.02825,1,277,278,2.349405000000008,2.3494050000000075,-4.440892098500626e-16,0.028369252243332033,0.028369252243332033,0.09002268836082951,0.08220294017374644,0.0057852580929164095,0.028369252243332033,0.0050131084398703325,0.0021967775943458542,0.0021967775943458542,0.0,0.9982919022606602,0.02163922538350211,0.019442447789156256,0.9999446892039149,False
5.0520000000000005,1,278,279,2.357242500000008,2.3572425000000075,-4.440892098500626e-16,0.029348939743332032,0.029348939743332032,0.09004044017374625,0.08124100448666323,0.0059811955929163765,0.029348939743332032,0.0050131084398703325,0.0021872030525805493,0.0021872030525805493,0.0,0.9984254960808874,0.021450744803043667,0.019263541750463117,0.999949737813472,False
5.07875,1,279,280,2.3660700000000077,2.3660700000000077,0.0,0.030452377243332038,0.030452377243332038,0.09006850448666313,0.08174637139374671,0.006532914342916347,0.030452377243332038,0.0050131084398703325,0.0022084788945575355,0.0022084788945575355,0.0,0.9984971248273403,0.02150647768361666,0.019297998789059124,0.9999524724141245,False
5.104,1,280,281,2.3744025000000075,2.3744025000000075,0.0,0.031493939743332075,0.015746969871666038,0.0900788713937468,0.0807151758008304,0.0075744768429163835,0.015746969871666038,0.0050131084398703325,0.0021923680223060404,0.0021923680223060404,0.0,0.9985948887749146,0.01932092578453659,0.017128557762230552,0.9999547564031969,False
5.13225,1,281,282,2.383725000000007,2.383725000000007,0.0,0.016912282371666046,0.016912282371666046,0.0900376758008301,0.08500004675437194,0.005037629046458162,0.016912282371666046,0.0050131084398703325,0.0020922126273054302,0.0020922126273054302,0.0,0.9987831317439675,0.02069736935359253,0.0186051567262871,0.9999630498711448,False
5.1475,1,282,283,2.388757500000007,2.388757500000007,0.0,0.017541344871666052,0.017541344871666052,0.0900325467543718,0.08436585520791362,0.005352160296458147,0.017541344871666052,0.0050131084398703325,0.0021371075000343686,0.0021371075000343686,0.0,0.9981179397437226,0.02110428497167579,0.018967177471641422,0.9999377409239167,False
5.16475,1,283,284,2.394450000000007,2.394450000000007,0.0,0.01825290737166605,0.01825290737166605,0.09005835520791344,0.0839946324114553,0.005316066546458133,0.01825290737166605,0.0050131084398703325,0.002153757119797614,0.002153757119797614,0.0,0.9982419846327116,0.02137550688611771,0.019221749766320094,0.9999426360107678,False
5.183,1,284,285,2.4004725000000073,2.400472500000007,-4.440892098500626e-16,0.019005719871666063,0.019005719871666063,0.09001713241145526,0.08320059711499711,0.005692472796458117,0.019005719871666063,0.0050131084398703325,0.0021827567503635787,0.0021827567503635787,0.0,0.9982436309954392,0.021613488200322904,0.019430731449959326,0.9999428150402697,False
5.20375,1,285,286,2.4073200000000066,2.4073200000000066,0.0,0.019861657371666057,0.019861657371666057,0.09004809711499695,0.08312328056853882,0.005844582171458088,0.019861657371666057,0.0050131084398703325,0.002217613103846445,0.002217613103846445,0.0,0.9983732277920138,0.021875015613273853,0.019657402509427407,0.999947928505072,False
5.22475,1,286,287,2.414250000000007,2.414250000000007,0.0,0.020727907371666097,0.020727907371666097,0.09005328056853909,0.08226221402208092,0.006277707171458084,0.020727907371666097,0.0050131084398703325,0.0022241013126395775,0.0022241013126395775,0.0,0.9984128960220217,0.021755031296633802,0.019530929983994225,0.9999493986099353,False
5.2482500000000005,1,287,288,2.422005000000007,2.422005000000007,0.0,0.021697282371666085,0.021697282371666085,0.09001721402208074,0.08163317872562263,0.0072470821714580675,0.021697282371666085,0.0050131084398703325,0.002206870132144865,0.002206870132144865,0.0,0.9985310477652075,0.019579329037392124,0.01737245890524726,0.9999526087462458,False
5.27375,1,288,289,2.4304200000000065,2.430420000000006,-4.440892098500626e-16,0.0227491573716661,0.0227491573716661,0.0900481787256224,0.08061226842916434,0.005950258092916498,0.0227491573716661,0.0050131084398703325,0.0022036855946045166,0.0022036855946045166,0.0,0.9987186004012085,0.021586062488455793,0.019382376893851277,0.9999610432540101,False
5.30225,1,289,290,2.439825000000006,2.439825000000006,0.0,0.02392478237166612,0.02392478237166612,0.09001726842916416,0.08010956125770614,0.006538070592916475,0.02392478237166612,0.0050131084398703325,0.002213787975225878,0.002213787975225878,0.0,0.9985058723685412,0.021486837286345657,0.01927304931111978,0.9999527310258387,False
5.33225,1,290,291,2.449725000000006,2.449725000000006,0.0,0.025162282371666143,0.025162282371666143,0.09000956125770604,0.08443695767197705,0.005572603585728989,0.025162282371666143,0.0050131084398703325,0.0022132281326302772,0.0022132281326302772,0.0,0.9986315422200377,0.021936029794479506,0.01972280166184923,0.9999577812550402,False
5.3492500000000005,1,291,292,2.455335000000006,2.455335000000006,0.0,0.02586353237166613,0.02586353237166613,0.09004695767197671,0.08377310408624772,0.005706666085728952,0.02586353237166613,0.0050131084398703325,0.0022159203501091536,0.0022159203501091536,0.0,0.9983014981704664,0.021895926882573497,0.019680006532464343,0.9999451770854242,False
5.36825,1,292,293,2.461605000000006,2.461605000000006,0.0,0.026647282371666144,0.026647282371666144,0.0900431040862476,0.08355268800051865,0.006098541085728936,0.026647282371666144,0.0050131084398703325,0.002225619124398259,0.002225619124398259,0.0,0.9983586194938598,0.02203609195144985,0.01981047282705159,0.9999474342207303,False
5.388,1,293,294,2.468122500000006,2.4681225000000055,-4.440892098500626e-16,0.02746196987166616,0.02746196987166616,0.09007018800051857,0.0827650844147896,0.005331535296458194,0.02746196987166616,0.0050131084398703325,0.0022374146786405206,0.0022374146786405206,0.0,0.9984597458146266,0.02217556456072261,0.01993814988208209,0.9999514012580872,False
5.41,1,294,295,2.4753825000000056,2.4753825000000056,0.0,0.028369469871666178,0.028369469871666178,0.09002508441478958,0.08220435582906063,0.005785285296458178,0.028369469871666178,0.0050131084398703325,0.0022443485043444687,0.0022443485043444687,0.0,0.9982921477143236,0.022119407398051044,0.019875058893706575,0.9999449295843998,False
5.43375,1,295,296,2.4832200000000055,2.4832200000000055,0.0,0.029349157371666178,0.029349157371666178,0.09004185582906044,0.08124143974333152,0.005981222796458145,0.029349157371666178,0.0050131084398703325,0.002226153206163486,0.002226153206163486,0.0,0.9984256979925358,0.021818348939876817,0.01959219573371333,0.9999499225572066,False
5.4605,1,296,297,2.4920475000000053,2.4920475000000053,0.0,0.030452594871666183,0.030452594871666183,0.09006893974333141,0.08174677944687322,0.006532941546458115,0.030452594871666183,0.0050131084398703325,0.00223257704096516,0.00223257704096516,0.0,0.9984972501847987,0.021760006776820745,0.019527429735855584,0.9999525982514349,False
5.48575,1,297,298,2.500380000000005,2.500380000000005,0.0,0.031494157371666186,0.015747078685833093,0.09007927944687302,0.08071555665041491,0.007574504046458114,0.015747078685833093,0.0050131084398703325,0.0022163757664471068,0.0022163757664471068,0.0,0.9985950134294417,0.019542315523774292,0.017325939757327186,0.9999548665390139,False
5.514,1,298,299,2.509702500000005,2.509702500000005,0.0,0.016912391185833136,0.016912391185833136,0.09003805665041488,0.08500041400218583,0.005037642648229046,0.016912391185833136,0.0050131084398703325,0.002132119060477313,0.002132119060477313,0.0,0.9987833344186136,0.021082462796659013,0.0189503437361817,0.9999632421492102,False
5.52925,1,299,300,2.514735000000005,2.514735000000005,0.0,0.017541453685833142,0.017541453685833142,0.0900329140021857,0.08436620885395665,0.005352173898229031,0.017541453685833142,0.0050131084398703325,0.002168987469674257,0.002168987469674257,0.0,0.9981181041374835,0.02142213328373252,0.01925314581405826,0.999937900087369,False
5.5465,1,300,301,2.5204275000000047,2.5204275000000047,0.0,0.01825301618583314,0.01825301618583314,0.09005870885395646,0.08399497245572743,0.005316080148229017,0.01825301618583314,0.0050131084398703325,0.0021817233513368598,0.0021817233513368598,0.0,0.9982421291645858,0.021639950602734402,0.019458227251397543,0.9999427686506118,False
5.56475,1,301,302,2.5264500000000045,2.5264500000000045,0.0,0.019005828685833153,0.019005828685833153,0.0900174724557274,0.08320092355749836,0.005692486398229001,0.019005828685833153,0.0050131084398703325,0.002206319897571061,0.002206319897571061,0.0,0.9982437534665151,0.02183866410699114,0.019632344209420078,0.9999429281283742,False
5.5855,1,302,303,2.533297500000004,2.533297500000004,0.0,0.019861766185833147,0.019861766185833147,0.0900484235574982,0.08312359340926918,0.005844595773228972,0.019861766185833147,0.0050131084398703325,0.0022435463194135155,0.0022435463194135155,0.0,0.9983733604595524,0.022151242095487675,0.01990769577607416,0.99994806683259,False
5.6065000000000005,1,303,304,2.5402275000000047,2.5402275000000047,0.0,0.020728016185833153,0.020728016185833153,0.09005359340926916,0.08226251326104014,0.00627772077322895,0.020728016185833153,0.0050131084398703325,0.0022544401097673505,0.0022544401097673505,0.0,0.9984130500484478,0.02207718606269478,0.019822745952927427,0.9999495596437875,False
5.63,1,304,305,2.5479825000000043,2.5479825000000043,0.0,0.021697391185833175,0.021697391185833175,0.09001751326104025,0.08163346436281127,0.007247095773228971,0.021697391185833175,0.0050131084398703325,0.0022485181667126325,0.0022485181667126325,0.0,0.9985312586507414,0.019984616481985143,0.01773609831527251,0.9999528110599455,False
5.6555,1,305,306,2.556397500000004,2.5563975000000045,4.440892098500626e-16,0.02274926618583319,0.02274926618583319,0.09004846436281104,0.0806125404645821,0.005950285296458271,0.02274926618583319,0.0050131084398703325,0.002220793191875206,0.002220793191875206,0.0,0.998718687791002,0.021756027857518137,0.01953523466564293,0.9999611276943986,False
5.684,1,306,307,2.565802500000004,2.565802500000004,0.0,0.02392489118583321,0.02392489118583321,0.09001754046458192,0.08010981969135302,0.006538097796458247,0.02392489118583321,0.0050131084398703325,0.0022422935657487953,0.0022422935657487953,0.0,0.9985060192089182,0.021782949787065027,0.019540656221316233,0.9999528776978802,False
5.714,1,307,308,2.575702500000004,2.575702500000004,0.0,0.0251623911858332,0.0251623911858332,0.09000981969135263,0.08443720930473822,0.005572610386614413,0.0251623911858332,0.0050131084398703325,0.0022472956375731725,0.0022472956375731725,0.0,0.9986317155926043,0.022278598682030783,0.02003130304445761,0.9999579508561809,False
5.731,1,308,309,2.5813125000000037,2.5813125000000037,0.0,0.02586364118583322,0.02586364118583322,0.09004720930473814,0.0837733489181237,0.005706672886614403,0.02586364118583322,0.0050131084398703325,0.002247803682388631,0.002247803682388631,0.0,0.9983016601265318,0.022202139076926593,0.01995433539453796,0.9999453304963641,False
5.75,1,309,310,2.5875825000000034,2.5875825000000034,0.0,0.026647391185833234,0.026647391185833234,0.09004334891812357,0.08355292603150917,0.006098547886614387,0.026647391185833234,0.0050131084398703325,0.002247622319526738,0.002247622319526738,0.0,0.998358731512338,0.022255110438144446,0.02000748811861771,0.9999475440020065,False
5.76975,1,310,311,2.5941000000000036,2.5941000000000036,0.0,0.02746207868583325,0.02746207868583325,0.09007042603150911,0.08276531564489467,0.00533154889822908,0.02746207868583325,0.0050131084398703325,0.0022571495736136093,0.0022571495736136093,0.0,0.9984598460590192,0.022379017853223875,0.020121868279610267,0.9999515032291719,False
5.79175,1,311,312,2.6013600000000032,2.6013600000000032,0.0,0.028369578685833233,0.028369578685833233,0.09002531564489438,0.08220458025828,0.005785298898229045,0.028369578685833233,0.0050131084398703325,0.0022752720323524684,0.0022752720323524684,0.0,0.9982923054698619,0.022445498053623898,0.02017022602127143,0.999945092696497,False
5.8155,1,312,313,2.609197500000003,2.609197500000003,0.0,0.029349266185833268,0.029349266185833268,0.0900420802582801,0.08124165737166573,0.0059812363982290305,0.029349266185833268,0.0050131084398703325,0.002268246927579082,0.002268246927579082,0.0,0.9984259116019347,0.02223188718048732,0.019963640252908237,0.9999501298615034,False
5.84225,1,313,314,2.618025000000003,2.618025000000003,0.0,0.030452703685833273,0.030452703685833273,0.09006915737166563,0.08174698347343656,0.006532955148229001,0.030452703685833273,0.0050131084398703325,0.002253455399772029,0.002253455399772029,0.0,0.998497357027327,0.021964296141974857,0.019710840742202827,0.9999526997898659,False
5.8675,1,314,315,2.626357500000003,2.626357500000003,0.0,0.03149426618583328,0.01574713309291664,0.09007948347343636,0.08071574707520734,0.007574517648229,0.01574713309291664,0.0050131084398703325,0.0022477388925986204,0.0022477388925986204,0.0,0.9985951725640902,0.019829062122948257,0.017581323230349638,0.9999550095456737,False
5.8957500000000005,1,315,316,2.6356800000000025,2.6356800000000025,0.0,0.016912445592916648,0.016912445592916648,0.09003824707520702,0.08500059762609255,0.00503764944911448,0.016912445592916648,0.0050131084398703325,0.0021684586973923442,0.0021684586973923442,0.0,0.9987835157637386,0.02145722724950115,0.019288768552108808,0.9999634279828894,False
5.9110000000000005,1,316,317,2.6407125000000025,2.6407125000000025,0.0,0.017541508092916654,0.017541508092916654,0.09003309762609242,0.08436638567697793,0.005352180699114465,0.017541508092916654,0.0050131084398703325,0.002196852094795566,0.002196852094795566,0.0,0.9981182457863649,0.021708379557674032,0.019511527462878465,0.9999380432695352,False
5.92825,1,317,318,2.6464050000000023,2.646405000000003,4.440892098500626e-16,0.018253070592916688,0.018253070592916688,0.09005888567697803,0.08399514247786355,0.005316086949114459,0.018253070592916688,0.0050131084398703325,0.0022110268453942113,0.0022110268453942113,0.0,0.9982422781431393,0.021920968765552884,0.019709941920158673,0.9999429094549521,False
5.9465,1,318,319,2.652427500000002,2.652427500000002,0.0,0.019005883092916665,0.019005883092916665,0.09001764247786322,0.08320108677874874,0.005692493199114425,0.019005883092916665,0.0050131084398703325,0.002231930785439575,0.002231930785439575,0.0,0.9982438841774764,0.022079639196355458,0.019847708410915883,0.9999430490565048,False
5.96725,1,319,320,2.6592750000000027,2.6592750000000027,0.0,0.019861820592916694,0.019861820592916694,0.09004858677874887,0.08312374982963441,0.005844602574114415,0.019861820592916694,0.0050131084398703325,0.002263744804605978,0.002263744804605978,0.0,0.9983734628999792,0.022363088612653764,0.020099343808047787,0.9999481730360409,False
5.98825,1,320,321,2.6662050000000024,2.6662050000000024,0.0,0.0207280705929167,0.0207280705929167,0.0900537498296344,0.08226266288051994,0.006277727574114393,0.0207280705929167,0.0050131084398703325,0.0022733176519303,0.0022733176519303,0.0,0.9984131452947076,0.022279862750320456,0.020006545098390158,0.9999496602491301,False
6.01175,1,321,322,2.673960000000003,2.673960000000003,0.0,0.021697445592916722,0.021697445592916722,0.09001766288052004,0.08163360718140558,0.007247102574114413,0.021697445592916722,0.0050131084398703325,0.0022853025751399226,0.0022853025751399226,0.0,0.9985314430024161,0.02035346255312287,0.01806815997798295,0.9999529943506466,False
6.03725,1,322,323,2.682375000000002,2.6823750000000026,4.440892098500626e-16,0.022749320592916736,0.022749320592916736,0.09004860718140535,0.08061267648229095,0.005950298898229157,0.022749320592916736,0.0050131084398703325,0.002244256320782695,0.002244256320782695,0.0,0.998718806540316,0.021972452759663127,0.019728196438880432,0.9999612359251269,False
6.06575,1,323,324,2.691780000000002,2.691780000000002,0.0,0.023924945592916722,0.023924945592916722,0.09001767648229048,0.08010994890817619,0.006538111398229116,0.023924945592916722,0.0050131084398703325,0.002268003859626994,0.002268003859626994,0.0,0.9985061493800558,0.022043557745426212,0.01977555388579922,0.9999530066778409,False
6.09575,1,324,325,2.701680000000002,2.701680000000002,0.0,0.025162445592916746,0.025162445592916746,0.09000994890817607,0.08443733512111895,0.0055726137870571344,0.025162445592916746,0.0050131084398703325,0.0022761697754504202,0.0022761697754504202,0.0,0.9986318599818882,0.0225766058893037,0.02030043611385328,0.9999580977109587,False
6.11275,1,325,326,2.7072900000000018,2.7072900000000018,0.0,0.025863695592916767,0.025863695592916767,0.09004733512111887,0.08377347133406171,0.005706676287057124,0.025863695592916767,0.0050131084398703325,0.0022802512410175736,0.0022802512410175736,0.0,0.9983018236692364,0.02251856349621354,0.020238312255195966,0.9999454889181323,False
6.13175,1,326,327,2.7135600000000015,2.7135600000000015,0.0,0.02664744559291678,0.02664744559291678,0.0900434713340616,0.08355304504700446,0.006098551287057108,0.02664744559291678,0.0050131084398703325,0.002270155231566405,0.002270155231566405,0.0,0.9983588454317562,0.022471105058892216,0.02020094982732581,0.9999476523405545,False
6.1515,1,327,328,2.7200775000000013,2.7200775000000013,0.0,0.02746213309291676,0.02746213309291676,0.0900705450470041,0.08276543125994698,0.005331555699114505,0.02746213309291676,0.0050131084398703325,0.002276917384191151,0.002276917384191151,0.0,0.9984599459134682,0.022572014616920294,0.020295097232729143,0.9999516000995475,False
6.1735,1,328,329,2.7273375000000013,2.7273375000000013,0.0,0.02836963309291678,0.02836963309291678,0.09002543125994698,0.08220469247288988,0.005785305699114489,0.02836963309291678,0.0050131084398703325,0.002298982575266256,0.002298982575266256,0.0,0.9982924252823473,0.022697976740320758,0.0203989941650545,0.9999452189900213,False
6.19725,1,329,330,2.7351750000000012,2.7351750000000012,0.0,0.02934932059291678,0.02934932059291678,0.09004219247288969,0.08124176618583265,0.005981243199114465,0.02934932059291678,0.0050131084398703325,0.002303209801900469,0.002303209801900469,0.0,0.9984260872195462,0.022587758833795483,0.020284549031895013,0.9999503080349305,False
6.224,1,330,331,2.7440025000000015,2.7440025000000015,0.0,0.03045275809291682,0.03045275809291682,0.09006926618583283,0.08174708548671832,0.006532961949114454,0.03045275809291682,0.0050131084398703325,0.0022812459937561597,0.0022812459937561597,0.0,0.9984974973820873,0.02222714412804032,0.01994589813428416,0.9999528309806974,False
6.24925,1,331,332,2.7523350000000013,2.7523350000000013,0.0,0.031494320592916826,0.015747160296458413,0.0900795854867181,0.08071584228760362,0.007574524449114453,0.015747160296458413,0.0050131084398703325,0.002285841330468528,0.002285841330468528,0.0,0.9985953637019813,0.020189912697524723,0.017904071367056195,0.9999551892980417,False
6.2775,1,332,333,2.761657500000001,2.761657500000001,0.0,0.01691247279645842,0.01691247279645842,0.09003834228760332,0.08500068943804612,0.005037652849557202,0.01691247279645842,0.0050131084398703325,0.0021978429398349856,0.0021978429398349856,0.0,0.9987836601958522,0.02178105060685772,0.019583207667022734,0.9999635872464427,False
6.29275,1,333,334,2.7666900000000005,2.7666900000000005,0.0,0.017541535296458428,0.017541535296458428,0.09003318943804597,0.08436647408848877,0.0053521840995571866,0.017541535296458428,0.0050131084398703325,0.002222554774816306,0.002222554774816306,0.0,0.9981183752041554,0.021978167104634738,0.019755612329818432,0.9999381781185693,False
6.3100000000000005,1,334,335,2.772382500000001,2.772382500000001,0.0,0.018253097796458426,0.018253097796458426,0.09005897408848859,0.0839952274889314,0.0053160903495571765,0.018253097796458426,0.0050131084398703325,0.002241890968642929,0.002241890968642929,0.0,0.9982424335682231,0.0222245559691051,0.019982665000462172,0.9999430614553152,False
6.32825,1,335,336,2.7784050000000007,2.7784050000000007,0.0,0.01900591029645844,0.01900591029645844,0.09001772748893136,0.08320116838937418,0.005692496599557161,0.01900591029645844,0.0050131084398703325,0.0022603703691727855,0.0022603703691727855,0.0,0.9982440278630831,0.02234962621042586,0.020089255841253074,0.9999431844090838,False
6.349,1,336,337,2.785252500000001,2.7852525000000004,-4.440892098500626e-16,0.019861847796458467,0.019861847796458467,0.09004866838937431,0.08312382803981709,0.005844605974557142,0.019861847796458467,0.0050131084398703325,0.00228163391464799,0.00228163391464799,0.0,0.9983735531490999,0.022543544899221127,0.020261910984573136,0.9999482636349277,False
6.37,1,337,338,2.7921825000000005,2.7921825000000005,0.0,0.020728097796458473,0.020728097796458473,0.09005382803981708,0.08226273769025987,0.0062777309745571195,0.020728097796458473,0.0050131084398703325,0.0022902644159547114,0.0022902644159547114,0.0,0.998413230447909,0.02245214521699361,0.0201618808010389,0.9999497459182265,False
6.3935,1,338,339,2.7999375000000004,2.7999375000000004,0.0,0.02169747279645846,0.02169747279645846,0.09001773769025967,0.08163367859070253,0.007247105974557103,0.02169747279645846,0.0050131084398703325,0.0023145523509118357,0.0023145523509118357,0.0,0.9985315884623578,0.020655102522925448,0.018340550172013612,0.9999531434546266,False
6.4190000000000005,1,339,340,2.8083525,2.8083525,0.0,0.022749347796458475,0.022749347796458475,0.09004867859070231,0.0806127444911452,0.005950305699114592,0.022749347796458475,0.0050131084398703325,0.0022720685620546805,0.0022720685620546805,0.0,0.9987189466552012,0.022225800934567636,0.019953732372512956,0.999961362851013,False
6.4475,1,340,341,2.8177575,2.8177575,0.0,0.023924972796458496,0.023924972796458496,0.09001774449114502,0.08011001351658797,0.0065381181991145685,0.023924972796458496,0.0050131084398703325,0.0022884924375849124,0.0022884924375849124,0.0,0.9985062519750216,0.022251799851531792,0.01996330741394688,0.9999531093221707,False
6.4775,1,341,342,2.8276575,2.8276575,0.0,0.02516247279645852,0.02516247279645852,0.09001001351658788,0.08443739802930939,0.0055726154872784974,0.02516247279645852,0.0050131084398703325,0.0023020038540925093,0.0023020038540925093,0.0,0.9986319878919035,0.022844255670500344,0.020542251816407835,0.9999582292923366,False
6.4945,1,342,343,2.8332675,2.8332675,0.0,0.025863722796458505,0.025863722796458505,0.09004739802930903,0.08377353254203054,0.005706677987278469,0.025863722796458505,0.0050131084398703325,0.002314487221901396,0.002314487221901396,0.0,0.9983019953457386,0.022858803157630725,0.020544315935729328,0.9999456591675281,False
6.5135000000000005,1,343,344,2.8395374999999996,2.8395374999999996,0.0,0.02664747279645852,0.02664747279645852,0.09004353254203043,0.08355310455475194,0.006098552987278454,0.02664747279645852,0.0050131084398703325,0.002298259587014603,0.002298259587014603,0.0,0.9983589867193767,0.022738630312009955,0.02044037072499535,0.9999477864352674,False
6.53325,1,344,345,2.8460549999999993,2.8460549999999993,0.0,0.027462160296458534,0.027462160296458534,0.09007060455475187,0.08276548906747337,0.0053315590995572405,0.027462160296458534,0.0050131084398703325,0.002301515108664334,0.002301515108664334,0.0,0.9984600696021191,0.022806378794890954,0.02050486368622662,0.999951717715364,False
6.55525,1,345,346,2.8533149999999994,2.8533149999999994,0.0,0.028369660296458554,0.028369660296458554,0.09002548906747337,0.08220474858019489,0.005785309099557224,0.028369660296458554,0.0050131084398703325,0.002319458379472938,0.002319458379472938,0.0,0.998292528229764,0.022909226939540436,0.020589768560067497,0.9999453247906522,False
6.579,1,346,347,2.861152499999999,2.8611524999999993,4.440892098500626e-16,0.029349347796458553,0.029349347796458553,0.09004224858019469,0.08124182059291626,0.005981246599557191,0.029349347796458553,0.0050131084398703325,0.002331457947282089,0.002331457947282089,0.0,0.9984262280980404,0.022883806733694126,0.020552348786412038,0.9999504557702328,False
6.6057500000000005,1,347,348,2.869979999999999,2.869979999999999,0.0,0.03045278529645856,0.03045278529645856,0.09006932059291617,0.08174713649335894,0.006532965349557162,0.03045278529645856,0.0050131084398703325,0.002311013595392268,0.002311013595392268,0.0,0.9984976467740974,0.022508427781116336,0.02019741418572407,0.9999529713600024,False
6.631,1,348,349,2.878312499999999,2.878312499999999,0.0,0.03149434779645859,0.015747173898229296,0.09007963649335901,0.0807158898938018,0.007574527849557198,0.015747173898229296,0.0050131084398703325,0.0023223431032429066,0.0023223431032429066,0.0,0.9985955454933707,0.020546503802874858,0.018224160699631953,0.9999553662012458,False
6.65925,1,349,350,2.8876349999999986,2.8876349999999986,0.0,0.016912486398229305,0.016912486398229305,0.0900383898938015,0.08500073534402292,0.005037654549778569,0.016912486398229305,0.0050131084398703325,0.002212629960986744,0.002212629960986744,0.0,0.9987837309563626,0.02196388000634413,0.01975125004535739,0.9999636755690172,False
6.6745,1,350,351,2.8926674999999986,2.8926674999999986,0.0,0.01754154889822931,0.01754154889822931,0.09003323534402279,0.08436651829424421,0.005352185799778554,0.01754154889822931,0.0050131084398703325,0.002240641754400821,0.002240641754400821,0.0,0.9981184660256893,0.02217113639181944,0.019930494637418618,0.9999382745468972,False
6.69175,1,351,352,2.8983599999999985,2.8983599999999985,0.0,0.01825311139822931,0.01825311139822931,0.09005901829424404,0.08399526999446548,0.0053160920497785395,0.01825311139822931,0.0050131084398703325,0.0022710412975247337,0.0022710412975247337,0.0,0.9982425797110905,0.022518270623843734,0.020247229326318998,0.9999432084961231,False
6.71,1,352,353,2.9043824999999983,2.9043824999999983,0.0,0.019005923898229322,0.019005923898229322,0.09001776999446545,0.08320120919468689,0.005692498299778524,0.019005923898229322,0.0050131084398703325,0.002292953598189322,0.002292953598189322,0.0,0.9982441914355691,0.022666782178547555,0.020373828580358234,0.9999433432539762,False
6.7307500000000005,1,353,354,2.911229999999998,2.911229999999998,0.0,0.019861861398229316,0.019861861398229316,0.09004870919468673,0.08312386714490819,0.005844607674778496,0.019861861398229316,0.0050131084398703325,0.0023029022851163697,0.0023029022851163697,0.0,0.9983736600134359,0.022750028456416244,0.020447126171299873,0.9999483673366181,False
6.75175,1,354,355,2.918159999999998,2.918159999999998,0.0,0.02072811139822932,0.02072811139822932,0.09005386714490816,0.08226277509512962,0.006277732674778474,0.02072811139822932,0.0050131084398703325,0.002310999680774713,0.002310999680774713,0.0,0.9984133343509471,0.022653255642617096,0.020342255961842384,0.9999498462322933,False
6.77525,1,355,356,2.925914999999998,2.925914999999998,0.0,0.021697486398229344,0.021697486398229344,0.09001777509512973,0.08163371429535121,0.007247107674778494,0.021697486398229344,0.0050131084398703325,0.0023400754184773557,0.0023400754184773557,0.0,0.9985317148720841,0.020919502254942726,0.018579426836465372,0.9999532737578598,False
6.80075,1,356,357,2.9343299999999983,2.934329999999998,-4.440892098500626e-16,0.02274936139822936,0.02274936139822936,0.09004871429535098,0.08061277849557252,0.005950309099557313,0.02274936139822936,0.0050131084398703325,0.002306694294170884,0.002306694294170884,0.0,0.9987191201057088,0.022552068610241463,0.02024537431607058,0.9999615260412275,False
6.82925,1,357,358,2.943734999999998,2.9437349999999975,-4.440892098500626e-16,0.02392498639822938,0.02392498639822938,0.09001777849557235,0.08011004582079392,0.006538121599557289,0.02392498639822938,0.0050131084398703325,0.0023100002457387865,0.0023100002457387865,0.0,0.9985063593451285,0.022459444191157175,0.02014944394541839,0.9999532120267722,False
6.85925,1,358,359,2.9536349999999976,2.9536349999999976,0.0,0.025162486398229367,0.025162486398229367,0.09001004582079353,0.08443742948340435,0.005572616337389175,0.025162486398229367,0.0050131084398703325,0.0023222869746386153,0.0023222869746386153,0.0,0.9986320876744491,0.023051840755570846,0.02072955378093223,0.9999583309659762,False
6.87625,1,359,360,2.9592449999999975,2.9592449999999975,0.0,0.02586373639822939,0.02586373639822939,0.09004742948340429,0.0837735631460151,0.005706678837389165,0.02586373639822939,0.0050131084398703325,0.0023441917213173043,0.0023441917213173043,0.0,0.9983021440449654,0.023157630610523748,0.020813438889206445,0.9999458086868822,False
6.89525,1,360,361,2.9655149999999972,2.9655149999999972,0.0,0.026647486398229402,0.026647486398229402,0.09004356314601497,0.08355313430862579,0.006098553837389149,0.026647486398229402,0.0050131084398703325,0.0023269339675648206,0.0023269339675648206,0.0,0.9983591305679153,0.023012936348329044,0.020686002380764224,0.9999479238682701,False
6.915,1,361,362,2.9720324999999974,2.9720324999999974,0.0,0.027462173898229417,0.027462173898229417,0.09007063430862572,0.08276551797123653,0.005331560799778601,0.027462173898229417,0.0050131084398703325,0.0023272105527700777,0.0023272105527700777,0.0,0.9984601986496253,0.023048659002900332,0.020721448450130256,0.9999518392713247,False
6.937,1,362,363,2.979292499999997,2.979292499999997,0.0,0.028369673898229437,0.028369673898229437,0.09002551797123652,0.08220477663384734,0.005785310799778585,0.028369673898229437,0.0050131084398703325,0.0023394691752794457,0.0023394691752794457,0.0,0.9982926283997504,0.023114859438645545,0.020775390263366098,0.9999454277785008,False
6.96075,1,363,364,2.987129999999997,2.987129999999997,0.0,0.029349361398229436,0.029349361398229436,0.09004227663384716,0.08124184779645803,0.005981248299778552,0.029349361398229436,0.0050131084398703325,0.002356769235713716,0.002356769235713716,0.0,0.9984263539469311,0.023151207533106705,0.02079443829739299,0.9999505886450584,False
6.9875,1,364,365,2.9959574999999967,2.995957499999997,4.440892098500626e-16,0.030452798898229442,0.030452798898229442,0.09006934779645792,0.08174716199667934,0.006532967049778522,0.030452798898229442,0.0050131084398703325,0.0023465166392185955,0.0023465166392185955,0.0,0.9984978240023357,0.022854292143762805,0.02050777550454421,0.9999531437530685,False
7.0127500000000005,1,365,366,3.0042899999999966,3.0042899999999966,0.0,0.03149436139822944,0.01574718069911472,0.09007966199667913,0.08071591369690059,0.007574529549778521,0.01574718069911472,0.0050131084398703325,0.0023576939995171415,0.0023576939995171415,0.0,0.9985957204544007,0.0209027069192287,0.01854501291971156,0.9999555422135524,False
7.041,1,366,367,3.0136124999999963,3.0136124999999963,0.0,0.01691249319911473,0.01691249319911473,0.09003841369690029,0.08500075829701105,0.005037655399889231,0.01691249319911473,0.0050131084398703325,0.0022194427211508624,0.0022194427211508624,0.0,0.9987837621002923,0.022058792087497156,0.019839349366346293,0.9999637201349777,False
7.05625,1,367,368,3.0186449999999962,3.0186449999999967,4.440892098500626e-16,0.017541555699114735,0.017541555699114735,0.09003325829701092,0.08436654039712169,0.005352186649889216,0.017541555699114735,0.0050131084398703325,0.002257687759694814,0.002257687759694814,0.0,0.9981185514535746,0.022349409628153405,0.02009172186845859,0.9999383636732594,False
7.0735,1,368,369,3.024337499999996,3.024337499999996,0.0,0.01825311819911477,0.01825311819911477,0.09005904039712179,0.08399529124723254,0.00531609289988922,0.01825311819911477,0.0050131084398703325,0.0022972485583149494,0.0022972485583149494,0.0,0.9982427107879951,0.022785603473616627,0.02048835491530168,0.9999433423739655,False
7.09175,1,369,370,3.0303599999999964,3.0303599999999964,0.0,0.01900593069911478,0.01900593069911478,0.09001779124723251,0.08320122959734325,0.0056924991498892045,0.01900593069911478,0.0050131084398703325,0.0023243687434731266,0.0023243687434731266,0.0,0.9982443486048026,0.022979421297120772,0.020655052553647645,0.9999434998144879,False
7.1125,1,370,371,3.037207499999996,3.037207499999996,0.0,0.019861868199114775,0.019861868199114775,0.09004872959734309,0.08312388669745387,0.005844608524889176,0.019861868199114775,0.0050131084398703325,0.002324241640894549,0.002324241640894549,0.0,0.9983737672063998,0.022951089090858627,0.020626847449964077,0.9999484683740419,False
7.1335,1,371,372,3.044137499999996,3.044137499999996,0.0,0.02072811819911478,0.02072811819911478,0.09005388669745384,0.08226279379756463,0.006277733524889154,0.02072811819911478,0.0050131084398703325,0.0023325632725035143,0.0023325632725035143,0.0,0.9984134424446536,0.022855854968741166,0.02052329169623765,0.9999499474823824,False
7.157,1,372,373,3.0518924999999966,3.0518924999999966,0.0,0.021697493199114803,0.021697493199114803,0.09001779379756472,0.08163373214767553,0.007247108524889174,0.021697493199114803,0.0050131084398703325,0.0023601932564751146,0.0023601932564751146,0.0,0.9985318143429516,0.021126596110589202,0.018766402854114086,0.9999533755260679,False
7.1825,1,373,374,3.060307499999996,3.060307499999996,0.0,0.022749368199114817,0.022749368199114817,0.09004873214767531,0.08061279549778616,0.005950310799778678,0.022749368199114817,0.0050131084398703325,0.002342854612964638,0.002342854612964638,0.0,0.9987193005261225,0.022902155284224276,0.020559300671259637,0.9999617008135955,False
7.211,1,374,375,3.069712499999995,3.069712499999995,0.0,0.023924993199114803,0.023924993199114803,0.0900177954977857,0.0801100619728966,0.006538123299778636,0.023924993199114803,0.0050131084398703325,0.002337260914705614,0.002337260914705614,0.0,0.9985064951918226,0.02272166026286538,0.020384399348159766,0.9999533421695023,False
7.2410000000000005,1,375,376,3.079612499999995,3.079612499999995,0.0,0.025162493199114826,0.025162493199114826,0.09001006197289652,0.084437445210452,0.0055726167624445145,0.025162493199114826,0.0050131084398703325,0.0023453404514379517,0.0023453404514379517,0.0,0.9986322012091173,0.023281121532287875,0.020935781080849925,0.9999584436590824,False
7.258,1,376,377,3.085222499999995,3.085222499999995,0.0,0.025863743199114848,0.025863743199114848,0.09004744521045194,0.0837735784480074,0.005706679262444505,0.025863743199114848,0.0050131084398703325,0.0023746076112445467,0.0023746076112445467,0.0,0.9983022960677546,0.02346442987746846,0.021089822266223916,0.9999459621785106,False
7.277,1,377,378,3.091492499999995,3.091492499999995,0.0,0.02664749319911486,0.02664749319911486,0.09004357844800728,0.08355314918556278,0.006098554262444489,0.02664749319911486,0.0050131084398703325,0.0023589271871780775,0.0023589271871780775,0.0,0.9983592906759693,0.02332465840561313,0.020965731218435053,0.9999480799666546,False
7.29675,1,378,379,3.098009999999995,3.098009999999995,0.0,0.02746218069911484,0.02746218069911484,0.0900706491855624,0.08276553242311792,0.005331561649889265,0.02746218069911484,0.0050131084398703325,0.002356889113517783,0.002356889113517783,0.0,0.9984603474074624,0.023331831401199377,0.020974942287681594,0.9999519812120913,False
7.3187500000000005,1,379,380,3.1052699999999946,3.1052699999999946,0.0,0.02836968069911486,0.02836968069911486,0.09002553242311791,0.08220479066067343,0.005785311649889249,0.02836968069911486,0.0050131084398703325,0.0023591081221294658,0.0023591081221294658,0.0,0.9982927267277564,0.023307145720312943,0.020948037598183478,0.999945524250106,False
7.3425,1,380,381,3.113107499999995,3.113107499999995,0.0,0.029349368199114895,0.029349368199114895,0.09004229066067353,0.08124186139822906,0.0059812491498892435,0.029349368199114895,0.0050131084398703325,0.002377020939997406,0.002377020939997406,0.0,0.9984264545589321,0.023363611810108625,0.02098659087011122,0.9999506941482618,False
7.36925,1,381,382,3.1219349999999952,3.1219349999999952,0.0,0.0304528056991149,0.0304528056991149,0.09006936139822896,0.08174717474833967,0.006532967899889214,0.0304528056991149,0.0050131084398703325,0.0023801513681405225,0.0023801513681405225,0.0,0.9984979911998576,0.02319118697448741,0.020811035606346888,0.9999533112321547,False
7.3945,1,382,383,3.1302674999999947,3.1302674999999947,0.0,0.03149436819911491,0.015747184099557453,0.09007967474833947,0.08071592559845023,0.007574530399889213,0.015747184099557453,0.0050131084398703325,0.0023854968918250816,0.0023854968918250816,0.0,0.9985958571267147,0.021192815771602536,0.018807318879777456,0.9999556846488108,False
7.42275,1,383,384,3.1395899999999948,3.1395899999999948,0.0,0.016912496599557462,0.016912496599557462,0.09003842559844993,0.08500076977350535,0.005037655824944582,0.016912496599557462,0.0050131084398703325,0.0022211177872139692,0.0022211177872139692,0.0,0.9987837684924198,0.022086919095503227,0.019865801308289258,0.9999637320684872,False
7.438,1,384,385,3.1446224999999943,3.1446224999999943,0.0,0.017541559099557468,0.017541559099557468,0.0900332697735052,0.08436655144856062,0.005352187074944567,0.017541559099557468,0.0050131084398703325,0.0022742913877596364,0.0022742913877596364,0.0,0.9981186346072639,0.022518985224742737,0.020244693836983102,0.9999384485170265,False
7.45525,1,385,386,3.150314999999994,3.1503149999999938,-4.440892098500626e-16,0.018253121599557467,0.018253121599557467,0.09005905144856044,0.08399530187361587,0.005316093324944548,0.018253121599557467,0.0050131084398703325,0.0023206724180652384,0.0023206724180652384,0.0,0.9982428278335596,0.023025264664950945,0.020704592246885707,0.9999434624148377,False
7.4735000000000005,1,386,387,3.156337499999994,3.156337499999994,0.0,0.01900593409955748,0.01900593409955748,0.09001780187361584,0.08320123979867126,0.005692499574944532,0.01900593409955748,0.0050131084398703325,0.0023534136567522086,0.0023534136567522086,0.0,0.9982444935685496,0.023273615995901643,0.020920202339149437,0.9999436471830752,False
7.49425,1,387,388,3.163184999999994,3.163184999999994,0.0,0.019861871599557508,0.019861871599557508,0.0900487397986714,0.08312389647372681,0.005844608949944522,0.019861871599557508,0.0050131084398703325,0.002351981693452091,0.002351981693452091,0.0,0.9983739063384259,0.02321350832328671,0.02086152662983462,0.999948600070025,False
7.51525,1,388,389,3.1701149999999942,3.170114999999994,-4.440892098500626e-16,0.020728121599557513,0.020728121599557513,0.09005389647372679,0.0822628031487822,0.0062777339499444995,0.020728121599557513,0.0050131084398703325,0.0023606549250927717,0.0023606549250927717,0.0,0.9984135831631334,0.02312091643517457,0.0207602615100818,0.9999500801006979,False
7.53875,1,389,390,3.177869999999994,3.177869999999994,0.0,0.021697496599557536,0.021697496599557536,0.0900178031487823,0.08163374107383775,0.00724710894994452,0.021697496599557536,0.0050131084398703325,0.0023805889595907874,0.0023805889595907874,0.0,0.9985319153043906,0.021331651783164027,0.01895106282357324,0.9999534764435075,False
7.56425,1,390,391,3.1862849999999936,3.1862849999999936,0.0,0.022749371599557516,0.022749371599557516,0.09004874107383723,0.08061280399889276,0.005950311649889343,0.022749371599557516,0.0050131084398703325,0.002379674430163217,0.002379674430163217,0.0,0.9987194836811403,0.023266962259552257,0.02088728782938904,0.9999618825223758,False
7.5927500000000006,1,391,392,3.1956899999999937,3.1956899999999937,0.0,0.023924996599557536,0.023924996599557536,0.09001780399889259,0.08011007004894816,0.006538124149889319,0.023924996599557536,0.0050131084398703325,0.002365809736607761,0.002365809736607761,0.0,0.998506637171511,0.022996971879956044,0.020631162143348283,0.999953478805438,False
7.62275,1,392,393,3.2055899999999933,3.2055899999999933,0.0,0.02516249659955756,0.02516249659955756,0.09001007004894807,0.08443745307397588,0.005572616974972187,0.02516249659955756,0.0050131084398703325,0.0023682991290000905,0.0023682991290000905,0.0,0.9986323143290761,0.023504971298771174,0.021136672169771085,0.9999585538167868,False
7.63975,1,393,394,3.2111999999999936,3.2111999999999936,0.0,0.02586374659955758,0.02586374659955758,0.0900474530739758,0.0837735860990036,0.005706679474972177,0.02586374659955758,0.0050131084398703325,0.0024026424697897383,0.0024026424697897383,0.0,0.9983024361529026,0.023747982872761746,0.021345340402972007,0.9999461040229084,False
7.65875,1,394,395,3.217469999999993,3.217469999999993,0.0,0.02664749659955756,0.02664749659955756,0.09004358609900318,0.08355315662403104,0.006098554474972143,0.02664749659955756,0.0050131084398703325,0.002390566876599579,0.002390566876599579,0.0,0.9983594487930851,0.023638166447537648,0.02124759957093807,0.9999482369674352,False
7.6785000000000005,1,395,396,3.223987499999993,3.2239874999999927,-4.440892098500626e-16,0.027462184099557575,0.027462184099557575,0.09007065662403096,0.0827655396490588,0.005331562074944616,0.027462184099557575,0.0050131084398703325,0.002388631723871315,0.002388631723871315,0.0,0.9984605062039351,0.023640611758506465,0.02125198003463515,0.9999521358926713,False
7.7005,1,396,397,3.231247499999993,3.231247499999993,0.0,0.028369684099557594,0.028369684099557594,0.0900255396490588,0.08220479767408662,0.0057853120749446,0.028369684099557594,0.0050131084398703325,0.0023813393848915983,0.0023813393848915983,0.0,0.9982928380616215,0.02351914908043349,0.021137809695541892,0.9999456306755617,False
7.7242500000000005,1,397,398,3.2390849999999927,3.2390849999999927,0.0,0.029349371599557594,0.029349371599557594,0.09004229767408643,0.0812418681991143,0.005981249574944567,0.029349371599557594,0.0050131084398703325,0.0023958384943980776,0.0023958384943980776,0.0,0.998426548098549,0.02355637488723271,0.02116053639283463,0.9999507899922273,False
7.751,1,398,399,3.2479124999999924,3.2479124999999924,0.0,0.0304528090995576,0.0304528090995576,0.09006936819911421,0.08174718112416961,0.0065329683249445375,0.0304528090995576,0.0050131084398703325,0.002410072646674421,0.002410072646674421,0.0,0.9984981393965633,0.023497679976799454,0.021087607330125033,0.9999534631797219,False
7.77625,1,399,400,3.2562449999999923,3.2562449999999927,4.440892098500626e-16,0.03149437159955764,0.01574718579977882,0.0900796811241697,0.0807159315492251,0.007574530824944574,0.01574718579977882,0.0050131084398703325,0.0024113816043320785,0.0024113816043320785,0.0,0.9985959844698377,0.021459021148468538,0.01904763954413646,0.9999558152772293,False
7.8045,1,400,401,3.2655674999999924,3.2655674999999924,0.0,0.016912498299778828,0.016912498299778828,0.0900384315492248,0.08500077551175254,0.005037656037472258,0.016912498299778828,0.0050131084398703325,0.002226226549161212,0.002226226549161212,0.0,0.9987837930490965,0.022132430513160196,0.019906203963998986,0.9999637536046901,False
7.81975,1,401,402,3.270599999999992,3.270599999999992,0.0,0.017541560799778835,0.017541560799778835,0.09003327551175241,0.08436655697428014,0.005352187287472243,0.017541560799778835,0.0050131084398703325,0.002295208311624838,0.002295208311624838,0.0,0.9981187391952282,0.02272925161092724,0.0204340432993024,0.9999385537650256,False
7.837,1,402,403,3.2762924999999923,3.2762924999999923,0.0,0.018253123299778833,0.018253123299778833,0.09005905697427996,0.08399530718680773,0.005316093537472227,0.018253123299778833,0.0050131084398703325,0.0023447419562366576,0.0023447419562366576,0.0,0.9982429480257986,0.023270972101656573,0.020926230145419916,0.9999435854214447,False
7.85525,1,403,404,3.2823149999999917,3.2823149999999917,0.0,0.019005935799778845,0.019005935799778845,0.09001780718680769,0.08320124489933543,0.005692499787472212,0.019005935799778845,0.0050131084398703325,0.0023811383892546976,0.0023811383892546976,0.0,0.9982446317869447,0.02355637519611694,0.021175236806862244,0.999943788866836,False
7.876,1,404,405,3.2891624999999918,3.2891624999999918,0.0,0.01986187329977884,0.01986187329977884,0.09004874489933527,0.08312390136186304,0.005844609162472184,0.01986187329977884,0.0050131084398703325,0.002381516162355083,0.002381516162355083,0.0,0.9983740542666883,0.023496092733388305,0.02111457657103322,0.9999487417602688,False
7.897,1,405,406,3.2960924999999923,3.2960924999999923,0.0,0.02072812329977888,0.02072812329977888,0.09005390136186332,0.08226280782439105,0.00627773416247218,0.02072812329977888,0.0050131084398703325,0.0023900664248466337,0.0023900664248466337,0.0,0.998413730406018,0.023400370597990355,0.021010304173143722,0.9999502199293357,False
7.9205000000000005,1,406,407,3.303847499999992,3.303847499999992,0.0,0.021697498299778867,0.021697498299778867,0.09001780782439087,0.08163374553691868,0.007247109162472163,0.021697498299778867,0.0050131084398703325,0.0023988485396288957,0.0023988485396288957,0.0,0.9985320057512646,0.021510162648131992,0.019111314108503096,0.9999535642125444,False
7.946,1,407,408,3.3122624999999912,3.3122624999999912,0.0,0.022749373299778882,0.022749373299778882,0.09004874553691844,0.08061280824944629,0.005950312074944694,0.022749373299778882,0.0050131084398703325,0.0024139648599403353,0.0024139648599403353,0.0,0.9987196539251645,0.023613207736724956,0.02119924287678462,0.9999620546842202,False
7.9745,1,408,409,3.3216674999999913,3.3216674999999913,0.0,0.023924998299778902,0.023924998299778902,0.09001780824944611,0.08011007408697399,0.00653812457494467,0.023924998299778902,0.0050131084398703325,0.0023962075827972155,0.0023962075827972155,0.0,0.9985067879886087,0.023295488783641613,0.0208992812008444,0.9999536268525441,False
8.0045,1,409,410,3.3315674999999914,3.3315674999999914,0.0,0.025162498299778912,0.025162498299778912,0.09001007408697362,0.0844374570057376,0.005572617081236019,0.025162498299778912,0.0050131084398703325,0.0023943563727048677,0.0023943563727048677,0.0,0.9986324429510015,0.023757454949717885,0.021363098577013018,0.9999586784132495,False
8.0215,1,410,411,3.3371774999999912,3.3371774999999912,0.0,0.025863748299779048,0.025863748299779048,0.09004745700573787,0.08377358992450182,0.005706679581236018,0.025863748299779048,0.0050131084398703325,0.0024306765746582833,0.0024306765746582833,0.0,0.9983025761391459,0.024032964984442906,0.021602288409784624,0.9999462465271328,False
8.0405,1,411,412,3.343447499999991,3.343447499999991,0.0,0.026647498299779148,0.026647498299779148,0.09004358992450173,0.08355316034326572,0.006098554581236002,0.026647498299779148,0.0050131084398703325,0.002422109227929147,0.002422109227929147,0.0,0.9983596062606258,0.023954185539161114,0.021532076311231968,0.9999483952643397,False
8.06025,1,412,413,3.3499649999999903,3.3499649999999903,0.0,0.02746218579977918,0.02746218579977918,0.09007066034326511,0.08276554326202917,0.005331562287472273,0.02746218579977918,0.0050131084398703325,0.002420398139307224,0.002420398139307224,0.0,0.9984606648145696,0.023955161644961087,0.021534763505653864,0.9999522934598373,False
8.08225,1,413,414,3.357224999999991,3.357224999999991,0.0,0.0283696857997793,0.0283696857997793,0.09002554326202916,0.08220480118079325,0.005785312287472257,0.0283696857997793,0.0050131084398703325,0.0024061142968651804,0.0024061142968651804,0.0,0.9982929621984276,0.02375240815254919,0.021346293855684012,0.9999457477660809,False
8.106,1,414,415,3.3650624999999907,3.3650624999999907,0.0,0.029349373299779408,0.029349373299779408,0.09004230118079307,0.0812418715995572,0.00598124978747222,0.029349373299779408,0.0050131084398703325,0.0024157052670074866,0.0024157052670074866,0.0,0.9984266469692676,0.023754980773568524,0.021339275506561037,0.9999508888643772,False
8.13275,1,415,416,3.3738899999999905,3.3738899999999905,0.0,0.030452810799779607,0.030452810799779607,0.09006937159955766,0.0817471843120854,0.006532968537472227,0.030452810799779607,0.0050131084398703325,0.0024383242242201827,0.0024383242242201827,0.0,0.9984982791539854,0.0237895491081504,0.021351224883930216,0.999953607720525,False
8.158,1,416,417,3.3822224999999904,3.3822224999999904,0.0,0.03149437329977969,0.015747186649889847,0.09007968431208518,0.08071593452461298,0.007574531037472198,0.015747186649889847,0.0050131084398703325,0.0024324945684417064,0.0024324945684417064,0.0,0.9985960880565483,0.02167775258652964,0.01924525801808793,0.999955922266072,False
8.18625,1,417,418,3.391544999999991,3.3915449999999905,-4.440892098500626e-16,0.016912499149889983,0.016912499149889983,0.0900384345246129,0.08500077838087683,0.005037656143736077,0.016912499149889983,0.0050131084398703325,0.00223489715848656,0.00223489715848656,0.0,0.9987838361919816,0.02219822112376159,0.019963323965275028,0.9999637860340965,False
8.2015,1,418,419,3.3965774999999905,3.3965774999999905,0.0,0.01754156164989006,0.01754156164989006,0.09003327838087681,0.08436655973714074,0.0053521873937360616,0.01754156164989006,0.0050131084398703325,0.0023162449026548205,0.0023162449026548205,0.0,0.9981188443294959,0.022940428611681926,0.020624183709027105,0.9999386595186962,False
8.21875,1,419,420,3.40226999999999,3.40226999999999,0.0,0.0182531241498901,0.0182531241498901,0.0900590597371404,0.08399530984340439,0.00531609364373603,0.0182531241498901,0.0050131084398703325,0.0023663432945943558,0.0023663432945943558,0.0,0.9982430558619532,0.02349324204968331,0.021126898755088955,0.9999436966277668,False
8.237,1,420,421,3.40829249999999,3.40829249999999,0.0,0.019005936649890195,0.019005936649890195,0.09001780984340446,0.08320124744966848,0.005692499893736014,0.019005936649890195,0.0050131084398703325,0.0024057235060301807,0.0024057235060301807,0.0,0.9982447543644697,0.02380776002124712,0.021402036515216938,0.9999439148410657,False
8.25775,1,421,422,3.415139999999991,3.415139999999991,0.0,0.019861874149890355,0.019861874149890355,0.09004874744966898,0.08312390380593293,0.005844609268736011,0.019861874149890355,0.0050131084398703325,0.002412569440267061,0.002412569440267061,0.0,0.9983742094700478,0.023799816055597348,0.021387246615330285,0.999948893895655,False
8.27875,1,422,423,3.422069999999991,3.422069999999991,0.0,0.02072812414989042,0.02072812414989042,0.09005390380593269,0.08226281016219669,0.00627773426873597,0.02072812414989042,0.0050131084398703325,0.002421984518573417,0.002421984518573417,0.0,0.9984138898498162,0.023710241153849704,0.02128825663527629,0.9999503748270647,False
8.30225,1,423,424,3.4298249999999904,3.429824999999991,4.440892098500626e-16,0.02169749914989055,0.02169749914989055,0.09001781016219687,0.08163374776846088,0.007247109268735964,0.02169749914989055,0.0050131084398703325,0.0024183079024594077,0.0024183079024594077,0.0,0.9985321024096355,0.021694357424282634,0.019276049521823227,0.9999536550107299,False
8.32775,1,424,425,3.4382399999999906,3.43823999999999,-4.440892098500626e-16,0.022749374149890644,0.022749374149890644,0.09004874776846045,0.08061281037472456,0.005950312287472596,0.022749374149890644,0.0050131084398703325,0.002445974297988684,0.002445974297988684,0.0,0.9987198125180481,0.023943298693077084,0.021497324395088398,0.9999622185787611,False
8.35625,1,425,426,3.4476449999999907,3.4476449999999907,0.0,0.02392499914989083,0.02392499914989083,0.09001781037472473,0.08011007610598889,0.006538124787472591,0.02392499914989083,0.0050131084398703325,0.0024268717299069545,0.0024268717299069545,0.0,0.9985069396985969,0.02360232935405574,0.021175457624148786,0.9999537787569129,False
8.38625,1,426,427,3.45754499999999,3.45754499999999,0.0,0.025162499149890955,0.025162499149890955,0.09001007610598852,0.08443745897162064,0.005572617134367887,0.025162499149890955,0.0050131084398703325,0.002423218196030853,0.002423218196030853,0.0,0.9986325854059145,0.02403952592284453,0.021616307726813676,0.9999588177564128,False
8.40325,1,427,428,3.4631549999999898,3.4631549999999898,0.0,0.025863749149891018,0.025863749149891018,0.09004745897162034,0.08377359183725248,0.005706679634367873,0.025863749149891018,0.0050131084398703325,0.0024579608914680378,0.0024579608914680378,0.0,0.9983027122854249,0.02431317072582482,0.021855209834356782,0.9999463865852104,False
8.42225,1,428,429,3.4694249999999895,3.4694249999999895,0.0,0.02664749914989112,0.02664749914989112,0.09004359183725241,0.08355316220288454,0.006098554634367858,0.02664749914989112,0.0050131084398703325,0.0024524996832854026,0.0024524996832854026,0.0,0.9983597579103407,0.024259822375298307,0.021807322692012902,0.9999485483965833,False
8.442,1,429,430,3.4759424999999897,3.4759424999999897,0.0,0.027462186649891224,0.027462186649891224,0.09007066220288448,0.08276554506851663,0.005331562393736217,0.027462186649891224,0.0050131084398703325,0.002453272824685157,0.002453272824685157,0.0,0.9984608287575235,0.024284250861890552,0.021830978037205396,0.9999524583594127,False
8.464,1,430,431,3.4832024999999898,3.48320249999999,4.440892098500626e-16,0.028369686649891344,0.028369686649891344,0.09002554506851662,0.0822048029341488,0.005785312393736201,0.028369686649891344,0.0050131084398703325,0.002435768314726765,0.002435768314726765,0.0,0.998293110693762,0.024034382555532315,0.02159861424080555,0.9999458891804551,False
8.48775,1,431,432,3.4910399999999893,3.4910399999999893,0.0,0.02934937414989145,0.02934937414989145,0.0900423029341486,0.0812418732997808,0.005981249893736167,0.02934937414989145,0.0050131084398703325,0.002437186815770769,0.002437186815770769,0.0,0.9984267540451133,0.02396358251409314,0.021526395698322372,0.9999509928702472,False
8.5145,1,432,433,3.499867499999989,3.499867499999989,0.0,0.030452811649891578,0.030452811649891578,0.09006937329978068,0.08174718590604454,0.006532968643736137,0.030452811649891578,0.0050131084398703325,0.0024629689068687926,0.0024629689068687926,0.0,0.9984984010458073,0.02404436629636897,0.021581397389500177,0.9999537338261281,False
8.53975,1,433,434,3.5081999999999898,3.5081999999999898,0.0,0.031494374149891737,0.015747187074945868,0.0900796859060449,0.08071593601230875,0.007574531143736182,0.015747187074945868,0.0050131084398703325,0.002450969307728283,0.002450969307728283,0.0,0.9985961786753891,0.0218650400635,0.019414070755771715,0.9999560137218603,False
8.568,1,434,435,3.5175224999999894,3.5175224999999894,0.0,0.016912499574946005,0.016912499574946005,0.0900384360123087,0.08500077981544064,0.005037656196868048,0.016912499574946005,0.0050131084398703325,0.002251121423287759,0.002251121423287759,0.0,0.99878391763632,0.022327324871478746,0.020076203448190985,0.999963850689501,False
8.58325,1,435,436,3.5225549999999894,3.5225549999999894,0.0,0.01754156207494608,0.01754156207494608,0.09003327981544063,0.0843665611185726,0.005352187446868033,0.01754156207494608,0.0050131084398703325,0.0023378650760967124,0.0023378650760967124,0.0,0.9981189522980275,0.023158398457152216,0.020820533381055502,0.9999387686830601,False
8.6005,1,436,437,3.5282474999999893,3.5282474999999893,0.0,0.01825312457494612,0.01825312457494612,0.09005906111857223,0.08399531117170426,0.005316093696868003,0.01825312457494612,0.0050131084398703325,0.002386719338764552,0.002386719338764552,0.0,0.9982431575113696,0.023705507347283536,0.021318788008518982,0.9999438027635976,False
8.61875,1,437,438,3.534269999999989,3.534269999999989,0.0,0.019005937074946216,0.019005937074946216,0.09001781117170433,0.08320124872483636,0.005692499946867987,0.019005937074946216,0.0050131084398703325,0.0024290224377805122,0.0024290224377805122,0.0,0.9982448705783046,0.024046329427836258,0.021617306990055745,0.9999440343189473,False
8.6395,1,438,439,3.541117499999989,3.541117499999989,0.0,0.019861874574946304,0.019861874574946304,0.09004874872483629,0.08312390502796833,0.005844609321867966,0.019861874574946304,0.0050131084398703325,0.002443876930094393,0.002443876930094393,0.0,0.9983743655756091,0.024112428973113824,0.02166855204301943,0.9999490504151292,False
8.6605,1,439,440,3.5480474999999894,3.5480474999999894,0.0,0.02072812457494644,0.02072812457494644,0.09005390502796869,0.08226281133110072,0.006277734321867962,0.02072812457494644,0.0050131084398703325,0.002454880100166713,0.002454880100166713,0.0,0.9984140536728653,0.0240367007767901,0.021581820676623384,0.9999505377323211,False
8.684000000000001,1,440,441,3.5558024999999898,3.5558024999999898,0.0,0.02169749957494657,0.02169749957494657,0.0900178113311009,0.08163374888423296,0.007247109321867956,0.02169749957494657,0.0050131084398703325,0.002440590541221625,0.002440590541221625,0.0,0.998532213488172,0.021900404068124588,0.01945981352690296,0.9999537569986253,False
8.7095,1,441,442,3.564217499999989,3.564217499999989,0.0,0.022749374574946666,0.022749374574946666,0.0900487488842325,0.08061281143736465,0.005950312393736602,0.022749374574946666,0.0050131084398703325,0.002474772892620682,0.002474772892620682,0.0,0.9987199548379537,0.024246002521903995,0.021771229629283313,0.9999623685922406,False
8.738,1,442,443,3.5736224999999893,3.5736224999999893,0.0,0.023924999574946853,0.023924999574946853,0.09001781143736481,0.08011007711549692,0.006538124893736596,0.023924999574946853,0.0050131084398703325,0.002455825100689294,0.002455825100689294,0.0,0.9985070825808817,0.02389631320567156,0.021440488104982263,0.9999539239826563,False
8.768,1,443,444,3.5835224999999893,3.583522499999989,-4.440892098500626e-16,0.025162499574946977,0.025162499574946977,0.09001007711549658,0.08443745995456267,0.005572617160933901,0.025162499574946977,0.0050131084398703325,0.002453322175621302,0.002453322175621302,0.0,0.9986327337543354,0.02433763394139174,0.021884311765770437,0.999958964959129,False
8.785,1,444,445,3.5891324999999887,3.5891324999999887,0.0,0.02586374957494704,0.02586374957494704,0.09004745995456237,0.0837735927936285,0.005706679660933869,0.02586374957494704,0.0050131084398703325,0.0024832955923721482,0.0024832955923721482,0.0,0.9983028386197446,0.02457657895690169,0.022093283364529544,0.9999465182136109,False
8.804,1,445,446,3.5954024999999885,3.5954024999999885,0.0,0.02664749957494714,0.02664749957494714,0.09004359279362842,0.08355316313269456,0.006098554660933854,0.02664749957494714,0.0050131084398703325,0.002481430793996539,0.002481430793996539,0.0,0.9983599022764619,0.024552120489511567,0.02207068969551503,0.9999486948103314,False
8.82375,1,446,447,3.6019199999999882,3.6019199999999882,0.0,0.027462187074947245,0.027462187074947245,0.09007066313269452,0.08276554597176067,0.00533156244686822,0.027462187074947245,0.0050131084398703325,0.002484163356057408,0.002484163356057408,0.0,0.9984609826992364,0.02459546403765138,0.022111300681593973,0.9999526143561734,False
8.84575,1,447,448,3.6091799999999887,3.6091799999999887,0.0,0.028369687074947365,0.028369687074947365,0.09002554597176066,0.08220480381082682,0.005785312446868204,0.028369687074947365,0.0050131084398703325,0.002467915989312782,0.002467915989312782,0.0,0.9982932714373602,0.024345277206963147,0.021877361217650364,0.9999460449692551,False
8.8695,1,448,449,3.6170174999999882,3.6170174999999887,4.440892098500626e-16,0.029349374574947473,0.029349374574947473,0.09004230381082665,0.08124187414989287,0.005981249946868169,0.029349374574947473,0.0050131084398703325,0.002460441017801244,0.002460441017801244,0.0,0.9984268702031402,0.024184509065654128,0.021724068047852884,0.9999511032029675,False
8.89625,1,449,450,3.6258449999999884,3.6258449999999884,0.0,0.0304528120749476,0.0304528120749476,0.09006937414989272,0.08174718670302458,0.00653296869686814,0.0304528120749476,0.0050131084398703325,0.0024851663998450985,0.0024851663998450985,0.0,0.9984985109090954,0.024273171071730854,0.021788004671885755,0.9999538470846376,False
8.9215,1,450,451,3.6341774999999883,3.6341774999999883,0.0,0.03149437457494769,0.015747187287473846,0.09007968670302438,0.08071593675615629,0.00757453119686811,0.015747187287473846,0.0050131084398703325,0.0024688291653056768,0.0024688291653056768,0.0,0.9985962663502636,0.02204054658724032,0.019571717421934642,0.999956099408268,False
8.94975,1,451,452,3.643499999999989,3.643499999999989,0.0,0.016912499787474056,0.016912499787474056,0.0900384367561568,0.08500078053272275,0.00503765622343405,0.016912499787474056,0.0050131084398703325,0.002277708812001262,0.002277708812001262,0.0,0.9987840511244881,0.022552252040770798,0.020274543228769537,0.9999639636051125,False
8.965,1,452,453,3.648532499999989,3.648532499999989,0.0,0.01754156228747413,0.01754156228747413,0.09003328053272275,0.08436656180928871,0.005352187473434035,0.01754156228747413,0.0050131084398703325,0.0023593177275294426,0.0023593177275294426,0.0,0.9981190593679168,0.023375711689007116,0.021016393961477673,0.9999388775005429,False
8.98225,1,453,454,3.6542249999999887,3.6542249999999887,0.0,0.01825312478747417,0.01825312478747417,0.09005906180928835,0.08399531183585437,0.005316093723434004,0.01825312478747417,0.0050131084398703325,0.0024058596574860268,0.0024058596574860268,0.0,0.9982432529395698,0.0239069512057086,0.02150109154822257,0.9999439034800721,False
9.0005,1,454,455,3.660247499999988,3.660247499999988,0.0,0.019005937287474267,0.019005937287474267,0.09001781183585444,0.08320124936242049,0.005692499973433988,0.019005937287474267,0.0050131084398703325,0.0024513772509674706,0.0024513772509674706,0.0,0.9982449820962311,0.02427667714636985,0.02182529989540238,0.9999441495768605,False
9.02125,1,455,456,3.6670949999999882,3.6670949999999882,0.0,0.019861874787474355,0.019861874787474355,0.09004874936242041,0.08312390563898645,0.005844609348433967,0.019861874787474355,0.0050131084398703325,0.002474143815263276,0.002474143815263276,0.0,0.998374516222516,0.02441866830613313,0.021944524490869855,0.9999492037425641,False
9.042250000000001,1,456,457,3.6740249999999888,3.6740249999999888,0.0,0.020728124787474492,0.020728124787474492,0.0900539056389868,0.08226281191555282,0.006277734348433963,0.020728124787474492,0.0050131084398703325,0.0024874637491693165,0.0024874637491693165,0.0,0.9984142154728278,0.024365342745753985,0.02187787899658467,0.9999507014215795,False
9.06575,1,457,458,3.681779999999989,3.681779999999989,0.0,0.021697499787474622,0.021697499787474622,0.09001781191555301,0.08163374944211907,0.007247109348433957,0.021697499787474622,0.0050131084398703325,0.0024668699331425827,0.0024668699331425827,0.0,0.9985323447865284,0.022142708567583033,0.01967583863444045,0.999953877372559,False
9.09125,1,458,459,3.6901949999999886,3.6901949999999886,0.0,0.022749374787474717,0.022749374787474717,0.09004874944211863,0.08061281196868475,0.005950312446868614,0.022749374787474717,0.0050131084398703325,0.0024999890500270617,0.0024999890500270617,0.0,0.9987200791147972,0.02451448440808518,0.02201449535805812,0.9999625013347347,False
9.11975,1,459,460,3.6995999999999887,3.6995999999999887,0.0,0.023924999787474904,0.023924999787474904,0.09001781196868493,0.08011007762025103,0.006538124946868609,0.023924999787474904,0.0050131084398703325,0.0024822116059941795,0.0024822116059941795,0.0,0.9985072126143835,0.024166499720869657,0.021684288114875477,0.9999540572338225,False
9.149750000000001,1,460,461,3.7094999999999883,3.7094999999999883,0.0,0.025162499787475028,0.025162499787475028,0.09001007762025068,0.08443746044603379,0.0055726171742169015,0.025162499787475028,0.0050131084398703325,0.0024829142199836968,0.0024829142199836968,0.0,0.9986328791913481,0.024634932343819846,0.02215201812383615,0.9999591115233364,False
9.16675,1,461,462,3.715109999999988,3.715109999999988,0.0,0.02586374978747509,0.02586374978747509,0.09004746044603347,0.0837735932718166,0.00570667967421687,0.02586374978747509,0.0050131084398703325,0.0025061718621139655,0.0025061718621139655,0.0,0.9983029526573279,0.02481650515547422,0.022310333293360254,0.9999466381144307,False
9.18575,1,462,463,3.721379999999988,3.721379999999988,0.0,0.02664749978747519,0.02664749978747519,0.09004359327181652,0.08355316359759968,0.006098554674216854,0.02664749978747519,0.0050131084398703325,0.0025088307946531806,0.0025088307946531806,0.0,0.9983600389966413,0.02482961423889036,0.02232078344423718,0.9999488337340048,False
9.2055,1,463,464,3.727897499999988,3.727897499999988,0.0,0.027462187287475296,0.027462187287475296,0.09007066359759963,0.08276554642338278,0.0053315624734342265,0.027462187287475296,0.0050131084398703325,0.002514350126625394,0.002514350126625394,0.0,0.9984611331687453,0.02489948257873817,0.022385132452112776,0.9999527667519813,False
9.227500000000001,1,464,465,3.7351574999999877,3.7351574999999877,0.0,0.028369687287475416,0.028369687287475416,0.09002554642338276,0.08220480424916593,0.00578531247343421,0.028369687287475416,0.0050131084398703325,0.0025018560665819793,0.0025018560665819793,0.0,0.9982934407963141,0.024680287452013783,0.022178431385431803,0.9999462127322829,False
9.25125,1,465,466,3.7429949999999876,3.7429949999999876,0.0,0.029349374787475523,0.029349374787475523,0.09004230424916575,0.08124187457494897,0.005981249973434175,0.029349374787475523,0.0050131084398703325,0.002486670212367303,0.002486670212367303,0.0,0.998427001383759,0.024433331985127427,0.021946661772760123,0.9999512276139253,False
9.278,1,466,467,3.7518224999999874,3.7518224999999874,0.0,0.03045281228747565,0.03045281228747565,0.09006937457494882,0.08174718710151468,0.006532968723434146,0.03045281228747565,0.0050131084398703325,0.0025051669702953468,0.0025051669702953468,0.0,0.9984986098930243,0.024478348364039226,0.02197318139374388,0.9999539486255965,False
9.30325,1,467,468,3.7601549999999873,3.7601549999999873,0.0,0.03149437478747574,0.01574718739373787,0.09007968710151447,0.08071593712808038,0.0075745312234341165,0.01574718739373787,0.0050131084398703325,0.0024876323614266725,0.0024876323614266725,0.0,0.9985963589840995,0.02221769461533485,0.019730062253908175,0.9999561860923931,False
9.3315,1,468,469,3.7694774999999874,3.7694774999999874,0.0,0.016912499893738008,0.016912499893738008,0.09003843712808031,0.08500078089136329,0.005037656236717016,0.016912499893738008,0.0050131084398703325,0.002314629414649928,0.002314629414649928,0.0,0.998784236183488,0.022878893542532322,0.020564264127882394,0.9999641274695101,False
9.34675,1,469,470,3.774509999999987,3.774509999999987,0.0,0.017541562393738084,0.017541562393738084,0.09003328089136328,0.08436656215464627,0.005352187486717001,0.017541562393738084,0.0050131084398703325,0.002379177408717698,0.002379177408717698,0.0,0.9981191584868572,0.023577239978921388,0.02119806257020369,0.999938978388817,False
9.364,1,470,471,3.7802024999999873,3.7802024999999873,0.0,0.018253124893738197,0.018253124893738197,0.09005906215464651,0.08399531216792949,0.005316093736717007,0.018253124893738197,0.0050131084398703325,0.002423769593950374,0.002423769593950374,0.0,0.9982433422422864,0.024095361299134192,0.021671591705183818,0.9999439977395949,False
9.38225,1,471,472,3.7862249999999875,3.7862249999999875,0.0,0.019005937393738292,0.019005937393738292,0.09001781216792956,0.08320124968121256,0.005692499986716991,0.019005937393738292,0.0050131084398703325,0.0024729515804703455,0.0024729515804703455,0.0,0.9982450896739049,0.02450129905213322,0.022028347471662872,0.9999442618971397,False
9.403,1,472,473,3.7930724999999876,3.7930724999999876,0.0,0.01986187489373838,0.01986187489373838,0.09004874968121249,0.08312390594449552,0.00584460936171697,0.01986187489373838,0.0050131084398703325,0.0025032425972251466,0.0025032425972251466,0.0,0.9983746609645847,0.02471400808458136,0.02221076548735621,0.9999493516493438,False
9.424,1,473,474,3.8000024999999877,3.8000024999999877,0.0,0.020728124893738518,0.020728124893738518,0.09005390594449587,0.0822628122077789,0.006277734361716966,0.020728124893738518,0.0050131084398703325,0.0025194012727755323,0.0025194012727755323,0.0,0.9984143738018292,0.024689792118975748,0.022170390846200216,0.9999508628221139,False
9.4475,1,474,475,3.807757499999988,3.807757499999988,0.0,0.021697499893738648,0.021697499893738648,0.09001781220777907,0.08163374972106213,0.00724710936171696,0.021697499893738648,0.0050131084398703325,0.0024977967821058814,0.0024977967821058814,0.0,0.9985324993243896,0.02243191637829252,0.01993411959618664,0.9999540213167086,False
9.473,1,475,476,3.8161724999999875,3.8161724999999875,0.0,0.022749374893738742,0.022749374893738742,0.0900487497210617,0.08061281223434483,0.005950312473434621,0.022749374893738742,0.0050131084398703325,0.002521927713551482,0.002521927713551482,0.0,0.9987201871155412,0.024747769974248116,0.022225842260696634,0.9999626164695155,False
9.5015,1,476,477,3.825577499999987,3.825577499999987,0.0,0.023924999893738856,0.023924999893738856,0.09001781223434441,0.08011007787262758,0.006538124973434579,0.023924999893738856,0.0050131084398703325,0.002506577632154596,0.002506577632154596,0.0,0.9985073326909701,0.024416767323203845,0.02191018969104925,0.9999541805979997,False
9.5315,1,477,478,3.8354774999999877,3.8354774999999877,0.0,0.025162499893739053,0.025162499893739053,0.09001007787262781,0.08443746069176941,0.005572617180858403,0.025162499893739053,0.0050131084398703325,0.0025113002917586157,0.0025113002917586157,0.0,0.9986330183948475,0.024923250813335684,0.02241195052157707,0.999959253247296,False
9.5485,1,478,479,3.841087499999987,3.841087499999987,0.0,0.025863749893739116,0.025863749893739116,0.09004746069176911,0.08377359351091075,0.0057066796808583715,0.025863749893739116,0.0050131084398703325,0.0025272008500173177,0.0025272008500173177,0.0,0.998303057531367,0.025036372062230985,0.022509171212213668,0.9999467480451414,False
9.5675,1,479,480,3.847357499999987,3.847357499999987,0.0,0.026647499893739216,0.026647499893739216,0.09004359351091068,0.0835531638300523,0.006098554680858356,0.026647499893739216,0.0050131084398703325,0.0025350944693012696,0.0025350944693012696,0.0,0.9983601700276629,0.02509747209301779,0.02256237762371652,0.9999489677327015,False
9.587250000000001,1,480,481,3.853874999999987,3.853874999999987,0.0,0.02746218739373932,0.02746218739373932,0.09007066383005226,0.0827655466491939,0.00533156248671723,0.02746218739373932,0.0050131084398703325,0.0025423245831720336,0.0025423245831720336,0.0,0.9984612726706982,0.025181682735840136,0.022639358152668102,0.999952908154327,False
9.60925,1,481,482,3.8611349999999867,3.8611349999999867,0.0,0.02836968739373944,0.02836968739373944,0.09002554664919389,0.08220480446833556,0.005785312486717213,0.02836968739373944,0.0050131084398703325,0.0025344740812523196,0.0025344740812523196,0.0,0.9982936032106219,0.02500763133557036,0.02247315725431804,0.9999463766184574,False
9.633000000000001,1,482,483,3.8689724999999866,3.8689724999999866,0.0,0.02934937489373955,0.02934937489373955,0.09004230446833536,0.08124187478747709,0.005981249986717198,0.02934937489373955,0.0050131084398703325,0.002516747058139634,0.002516747058139634,0.0,0.9984271518455049,0.024719391500268417,0.022202644442128782,0.9999513707281623,False
9.65975,1,483,484,3.8777999999999864,3.8777999999999864,0.0,0.030452812393739676,0.030452812393739676,0.09006937478747695,0.0817471873007598,0.006532968736717168,0.030452812393739676,0.0050131084398703325,0.0025250488056906073,0.0025250488056906073,0.0,0.9984987083289124,0.024679889706652025,0.02215484090096142,0.9999540483888089,False
9.685,1,484,485,3.8861324999999862,3.8861324999999862,0.0,0.03149437489373977,0.015747187446869884,0.09007968730075959,0.0807159373140425,0.007574531236717139,0.015747187446869884,0.0050131084398703325,0.002510440934259844,0.002510440934259844,0.0,0.998596471955925,0.022428076020899995,0.01991763508664015,0.9999562896888298,False
9.71325,1,485,486,3.8954549999999863,3.8954549999999863,0.0,0.01691249994687002,0.01691249994687002,0.09003843731404243,0.08500078107068391,0.005037656243358518,0.01691249994687002,0.0050131084398703325,0.0023600767183629477,0.0023600767183629477,0.0,0.9987844633038482,0.02329670167026803,0.020936624951905083,0.9999643366383271,False
9.7285,1,486,487,3.9004874999999863,3.9004874999999863,0.0,0.017541562446870097,0.017541562446870097,0.0900332810706839,0.0843665623273254,0.005352187493358503,0.017541562446870097,0.0050131084398703325,0.0023958490261483103,0.0023958490261483103,0.0,0.9981192417691733,0.023745121982146747,0.021349272955998436,0.9999390624176023,False
9.745750000000001,1,487,488,3.9061799999999867,3.9061799999999867,0.0,0.01825312494687021,0.01825312494687021,0.09005906232732563,0.0839953123339671,0.005316093743358518,0.01825312494687021,0.0050131084398703325,0.0024387780436068433,0.0024387780436068433,0.0,0.9982434171554246,0.024251495077571524,0.02181271703396468,0.9999440759732571,False
9.764,1,488,489,3.9122024999999865,3.9122024999999865,0.0,0.019005937446870305,0.019005937446870305,0.09001781233396718,0.08320124984060867,0.005692499993358502,0.019005937446870305,0.0050131084398703325,0.002491014137794986,0.002491014137794986,0.0,0.9982451796799687,0.024692310521326234,0.022201296383531247,0.999944357407006,False
9.78475,1,489,490,3.919049999999986,3.919049999999986,0.0,0.019861874946870393,0.019861874946870393,0.0900487498406086,0.08312390609725012,0.0058446093683584815,0.019861874946870393,0.0050131084398703325,0.002529303604137918,0.002529303604137918,0.0,0.9983747906410723,0.024977788320914962,0.022448484716777045,0.9999494837931661,False
9.80575,1,490,491,3.9259799999999867,3.9259799999999867,0.0,0.02072812494687053,0.02072812494687053,0.09005390609725047,0.08226281235389199,0.0062777343683584775,0.02072812494687053,0.0050131084398703325,0.002549240711369315,0.002549240711369315,0.0,0.9984145216883127,0.02499297727175176,0.022443736560382444,0.9999510135642632,False
9.82925,1,491,492,3.933734999999986,3.933734999999986,0.0,0.021697499946870587,0.021697499946870587,0.09001781235389159,0.08163374986053319,0.0072471093683583974,0.021697499946870587,0.0050131084398703325,0.0025321039198461797,0.0025321039198461797,0.0,0.9985326704481009,0.02276006240751914,0.020227958487672962,0.9999541846108357,False
9.854750000000001,1,492,493,3.9421499999999865,3.9421499999999865,0.0,0.022749374946870755,0.022749374946870755,0.09004874986053334,0.08061281236717496,0.005950312486717642,0.022749374946870755,0.0050131084398703325,0.002543296233688926,0.002543296233688926,0.0,0.9987202926868587,0.024968962474894746,0.02242566624120582,0.9999627258353676,False
9.88325,1,493,494,3.951554999999986,3.951554999999986,0.0,0.02392499994687087,0.02392499994687087,0.09001781236717454,0.08011007799881623,0.0065381249867176,0.02392499994687087,0.0050131084398703325,0.0025306614228102946,0.0025306614228102946,0.0,0.9985074515125626,0.024663845138477636,0.022133183715667342,0.9999543025050923,False
9.91325,1,494,495,3.961454999999986,3.961454999999986,0.0,0.025162499946871066,0.025162499946871066,0.09001007799881644,0.08443746081463728,0.005572617184179158,0.025162499946871066,0.0050131084398703325,0.0025395932089186217,0.0025395932089186217,0.0,0.9986331571334647,0.025211575051487918,0.022671981842569296,0.9999593949049772,False
9.930250000000001,1,495,496,3.967064999999986,3.967064999999986,0.0,0.02586374994687113,0.02586374994687113,0.09004746081463699,0.08377359363045786,0.005706679684179127,0.02586374994687113,0.0050131084398703325,0.0025488291326035244,0.0025488291326035244,0.0,0.9983031655015596,0.02525830657677005,0.022709477444166525,0.9999468590902836,False
9.949250000000001,1,496,497,3.973334999999986,3.973334999999986,0.0,0.02664749994687123,0.02664749994687123,0.09004359363045777,0.08355316394627867,0.006098554684179111,0.02664749994687123,0.0050131084398703325,0.0025615634649094783,0.0025615634649094783,0.0,0.9983603020397596,0.025369469019645687,0.022807905554736208,0.9999491037249911,False
9.969,1,497,498,3.9798524999999856,3.9798524999999856,0.0,0.027462187446871334,0.027462187446871334,0.0900706639462786,0.0827655467620995,0.00533156249335874,0.027462187446871334,0.0050131084398703325,0.0025703876098752457,0.0025703876098752457,0.0,0.9984614126523027,0.025466372689435017,0.022895985079559773,0.999953050678704,False
9.991,1,498,499,3.9871124999999856,3.9871124999999856,0.0,0.028369687446871454,0.028369687446871454,0.0900255467620995,0.0822048045779204,0.005785312493358724,0.028369687446871454,0.0050131084398703325,0.0025665347676927593,0.0025665347676927593,0.0,0.9982937624423297,0.025332228167969012,0.022765693400276253,0.9999465391444681,False
10.01475,1,499,500,3.9949499999999856,3.9949499999999856,0.0,0.02934937494687156,0.02934937494687156,0.09004230457792022,0.08124187489374118,0.005981249993358708,0.02934937494687156,0.0050131084398703325,0.00254940165951482,0.00254940165951482,0.0,0.9984273148820269,0.025037044774762776,0.022487643115247955,0.9999515294754848,False
10.041500000000001,1,500,501,4.003777499999986,4.003777499999986,0.0,0.030452812446871688,0.030452812446871688,0.09006937489374106,0.08174718740038239,0.0065329687433586785,0.030452812446871688,0.0050131084398703325,0.0025445312492504246,0.0025445312492504246,0.0,0.9984988048888944,0.024872712122899987,0.022328180873649562,0.9999541438449517,False
10.06675,1,501,502,4.012109999999986,4.012109999999986,0.0,0.031494374946871774,0.015747187473435887,0.09007968740038216,0.08071593740702357,0.007574531243358649,0.015747187473435887,0.0050131084398703325,0.0025369977765490196,0.0025369977765490196,0.0,0.998596604000183,0.022671871145554787,0.020134873369005768,0.9999564102884663,False
10.095,1,502,503,4.021432499999985,4.021432499999985,0.0,0.016912499973436024,0.016912499973436024,0.0900384374070235,0.08500078116034424,0.005037656246679273,0.016912499973436024,0.0050131084398703325,0.0024118128623881567,0.0024118128623881567,0.0,0.9987847208712035,0.02378983280238548,0.021378019939997325,0.9999645827875984,False
10.11025,1,503,504,4.026464999999985,4.026464999999985,0.0,0.0175415624734361,0.0175415624734361,0.09003328116034422,0.08436656241366496,0.005352187496679258,0.0175415624734361,0.0050131084398703325,0.0024111765687918575,0.0024111765687918575,0.0,0.9981193184540619,0.023897214027613703,0.021486037458821845,0.9999391385304448,False
10.1275,1,504,505,4.032157499999985,4.032157499999985,0.0,0.018253124973436213,0.018253124973436213,0.09005906241366518,0.0839953124169859,0.005316093746679273,0.018253124973436213,0.0050131084398703325,0.0024545500567436512,0.0024545500567436512,0.0,0.9982434960144769,0.024410298274535593,0.02195574821779194,0.999944155654919,False
10.14575,1,505,506,4.0381799999999854,4.0381799999999854,0.0,0.019005937473436308,0.019005937473436308,0.09001781241698598,0.08320124992030672,0.0056924999966792575,0.019005937473436308,0.0050131084398703325,0.002507897090021869,0.002507897090021869,0.0,0.998245263770283,0.024871192875465173,0.022363295785443302,0.9999444469163186,False
10.166500000000001,1,506,507,4.045027499999986,4.045027499999986,0.0,0.019861874973436396,0.019861874973436396,0.09004874992030665,0.08312390617362742,0.005844609371679237,0.019861874973436396,0.0050131084398703325,0.0025536107047928313,0.0025536107047928313,0.0,0.9983749117130113,0.025222630152513692,0.02266901944772086,0.9999496064568737,False
10.1875,1,507,508,4.051957499999985,4.051957499999985,0.0,0.02072812497343646,0.02072812497343646,0.09005390617362717,0.08226281242694801,0.006277734371679196,0.02072812497343646,0.0050131084398703325,0.002575947728395195,0.002575947728395195,0.0,0.9984146541296941,0.025263482093201936,0.022687534364806743,0.9999511480514813,False
10.211,1,508,509,4.059712499999986,4.059712499999986,0.0,0.02169749997343659,0.02169749997343659,0.0900178124269482,0.08163374993026905,0.00724710937167919,0.02169749997343659,0.0050131084398703325,0.0025648392938620247,0.0025648392938620247,0.0,0.9985328331803853,0.02307931529770274,0.020514476003840716,0.999954343053016,False
10.2365,1,509,510,4.068127499999985,4.068127499999985,0.0,0.022749374973436758,0.022749374973436758,0.09004874993026919,0.08061281243359006,0.005950312493359143,0.022749374973436758,0.0050131084398703325,0.0025615919752848683,0.0025615919752848683,0.0,0.9987203834919466,0.025152553748269225,0.022590961772984357,0.9999628168213603,False
10.265,1,510,511,4.077532499999985,4.077532499999985,0.0,0.02392499997343687,0.02392499997343687,0.09001781243358965,0.08011007806191056,0.006538124993359101,0.02392499997343687,0.0050131084398703325,0.002550554422601278,0.002550554422601278,0.0,0.9985075495665012,0.024868037097008737,0.02231748267440746,0.999954403100049,False
10.295,1,511,512,4.087432499999984,4.087432499999984,0.0,0.025162499973436996,0.025162499973436996,0.0900100780619102,0.08443746087607071,0.005572617185839499,0.025162499973436996,0.0050131084398703325,0.002564550508499875,0.002564550508499875,0.0,0.998633279466057,0.02546695855299113,0.022902408044491254,0.9999595202898381,False
10.312,1,512,513,4.093042499999985,4.093042499999985,0.0,0.02586374997343713,0.02586374997343713,0.09004746087607099,0.08377359369023145,0.005706679685839523,0.02586374997343713,0.0050131084398703325,0.002569496194558354,0.002569496194558354,0.0,0.9983032688093453,0.025465651512773503,0.02289615531821515,0.999946962920854,False
10.331,1,513,514,4.099312499999986,4.099312499999986,0.0,0.02664749997343723,0.02664749997343723,0.09004359369023138,0.08355316400439186,0.0060985546858395075,0.02664749997343723,0.0050131084398703325,0.0025868230705555135,0.0025868230705555135,0.0,0.9983604279656939,0.025631262113288415,0.0230444390427329,0.9999492345887101,False
10.35075,1,514,515,4.105829999999985,4.105829999999985,0.0,0.027462187473437337,0.027462187473437337,0.0900706640043918,0.0827655468185523,0.005331562496679491,0.027462187473437337,0.0050131084398703325,0.002598408367099402,0.002598408367099402,0.0,0.9984615523808166,0.02575371596324042,0.02315530759614102,0.9999531944002461,False
10.37275,1,515,516,4.1130899999999855,4.1130899999999855,0.0,0.028369687473437384,0.028369687473437384,0.09002554681855171,0.08220480463271229,0.005785312496679438,0.028369687473437384,0.0050131084398703325,0.002599031352782608,0.002599031352782608,0.0,0.998293923805662,0.025661323883813716,0.02306229253103111,0.9999467039533939,False
10.3965,1,516,517,4.120927499999985,4.120927499999985,0.0,0.029349374973437564,0.029349374973437564,0.0900423046327127,0.08124187494687327,0.005981249996679458,0.029349374973437564,0.0050131084398703325,0.0025862656555402995,0.0025862656555402995,0.0,0.9984274984968541,0.02540297904857873,0.02281671339303843,0.9999517121271334,False
10.42325,1,517,518,4.129754999999985,4.129754999999985,0.0,0.03045281247343769,0.03045281247343769,0.09006937494687313,0.08174718745019371,0.0065329687466794285,0.03045281247343769,0.0050131084398703325,0.0025685163708691174,0.0025685163708691174,0.0,0.9984989241980929,0.02510421684721427,0.022535700476345153,0.9999542588543094,False
10.448500000000001,1,518,519,4.138087499999985,4.138087499999985,0.0,0.03149437497343778,0.01574718748671889,0.09007968745019351,0.08071593745351416,0.007574531246679399,0.01574718748671889,0.0050131084398703325,0.0025707373161864694,0.0025707373161864694,0.0,0.9985967719181428,0.022989316900163495,0.020418579583977026,0.9999565678685347,False
10.476750000000001,1,519,520,4.147409999999985,4.147409999999985,0.0,0.016912499986719027,0.016912499986719027,0.09003843745351407,0.0850007812051744,0.005037656248339667,0.016912499986719027,0.0050131084398703325,0.0024686787213056938,0.0024686787213056938,0.0,0.9987850027637052,0.02434985283615526,0.021881174114849567,0.999964861368355,False
10.492,1,520,521,4.152442499999985,4.152442499999985,0.0,0.017541562486719103,0.017541562486719103,0.0900332812051744,0.08436656245683474,0.005352187498339652,0.017541562486719103,0.0050131084398703325,0.002428854533388677,0.002428854533388677,0.0,0.9981194070026788,0.024069429942304925,0.021640575408916247,0.9999392246938034,False
10.50925,1,521,522,4.1581349999999855,4.1581349999999855,0.0,0.018253124986719216,0.018253124986719216,0.09005906245683498,0.08399531245849531,0.005316093748339648,0.018253124986719216,0.0050131084398703325,0.002473120458761465,0.002473120458761465,0.0,0.9982435889767783,0.024591756559682973,0.022118636100921508,0.9999442467592495,False
10.5275,1,522,523,4.164157499999986,4.164157499999986,0.0,0.01900593748671931,0.01900593748671931,0.09001781245849537,0.08320124996015571,0.0056924999983396325,0.01900593748671931,0.0050131084398703325,0.0025246460658046557,0.0025246460658046557,0.0,0.9982453472374423,0.0250464675094157,0.022521821443611045,0.9999445347330713,False
10.54825,1,523,524,4.171004999999985,4.171004999999985,0.0,0.0198618749867194,0.0198618749867194,0.09004874996015566,0.08312390621181605,0.005844609373339611,0.0198618749867194,0.0050131084398703325,0.0025781063565146513,0.0025781063565146513,0.0,0.9983750338496669,0.025469494304779315,0.022891387948264664,0.9999497300914257,False
10.56925,1,524,525,4.1779349999999855,4.177934999999985,-8.881784197001252e-16,0.020728124986719464,0.020728124986719464,0.0900539062118158,0.08226281246347626,0.00627773437333957,0.020728124986719464,0.0050131084398703325,0.002602477552595885,0.002602477552595885,0.0,0.9984147859145861,0.02553187191688458,0.022929394364288695,0.9999512815953517,False
10.59275,1,525,526,4.185689999999985,4.185689999999985,0.0,0.021697499986719593,0.021697499986719593,0.09001781246347645,0.08163374996513692,0.007247109373339564,0.021697499986719593,0.0050131084398703325,0.002597846617483181,0.002597846617483181,0.0,0.9985329966977764,0.02340676532288863,0.02080891870540545,0.9999545050739113,False
10.61825,1,526,527,4.194104999999985,4.194104999999985,0.0,0.02274937498671976,0.02274937498671976,0.09004874996513706,0.08061281246679755,0.0059503124966798935,0.02274937498671976,0.0050131084398703325,0.002581463816561572,0.002581463816561572,0.0,0.9987204825570717,0.025348212052257603,0.022766748235696032,0.9999629141744504,False
10.64675,1,527,528,4.2035099999999845,4.2035099999999845,0.0,0.023924999986719875,0.023924999986719875,0.09001781246679716,0.08011007809345769,0.006538124996679852,0.023924999986719875,0.0050131084398703325,0.0025689705750509733,0.0025689705750509733,0.0,0.9985076403390967,0.025054504470081194,0.022485533895030222,0.9999544948777734,False
10.67675,1,528,529,4.213409999999985,4.213409999999984,-8.881784197001252e-16,0.02516249998672,0.02516249998672,0.09001007809345733,0.08443746090678764,0.005572617186669687,0.02516249998672,0.0050131084398703325,0.0025870933292099028,0.0025870933292099028,0.0,0.9986333898348738,0.02569893958604491,0.02311184625683501,0.9999596340304879,False
10.69375,1,529,530,4.2190199999999844,4.2190199999999844,0.0,0.025863749986720135,0.025863749986720135,0.09004746090678793,0.08377359372011821,0.00570667968666971,0.025863749986720135,0.0050131084398703325,0.0025898947793620945,0.0025898947793620945,0.0,0.9983033709321005,0.0256653275602255,0.023075432780863405,0.9999470629782307,False
10.71275,1,530,531,4.225289999999985,4.225289999999984,-8.881784197001252e-16,0.026647499986720235,0.026647499986720235,0.09004359372011814,0.08355316403344842,0.006098554686669694,0.026647499986720235,0.0050131084398703325,0.0026083157890122426,0.0026083157890122426,0.0,0.9983605350914687,0.025855830889956334,0.02324751510094409,0.9999493468804415,False
10.7325,1,531,532,4.231807499999984,4.231807499999984,0.0,0.027462187486720267,0.027462187486720267,0.0900706640334478,0.08276554684677817,0.005331562498339829,0.027462187486720267,0.0050131084398703325,0.002621224791542656,0.002621224791542656,0.0,0.9984616660682701,0.025992062620734474,0.023370837829191818,0.9999533135547096,False
10.7545,1,532,533,4.239067499999983,4.239067499999983,0.0,0.028369687486720387,0.028369687486720387,0.09002554684677817,0.08220480466010857,0.005785312498339813,0.028369687486720387,0.0050131084398703325,0.0026259018354438768,0.0026259018354438768,0.0,0.998294057239913,0.025932323362795384,0.023306421527351507,0.9999468397271866,False
10.77825,1,533,534,4.246904999999984,4.246904999999984,0.0,0.029349374986720567,0.029349374986720567,0.09004230466010896,0.08124187497343935,0.005981249998339834,0.029349374986720567,0.0050131084398703325,0.0026184594190672406,0.0026184594190672406,0.0,0.9984276583648821,0.025727385769954522,0.023108926350887283,0.999951873733449,False
10.805,1,534,535,4.255732499999985,4.255732499999985,0.0,0.030452812486720694,0.030452812486720694,0.09006937497343921,0.08174718747509939,0.006532968748339804,0.030452812486720694,0.0050131084398703325,0.002591512542039705,0.002591512542039705,0.0,0.9984990389504264,0.025320640434551622,0.022729127892511917,0.9999543666349637,False
10.83025,1,535,536,4.264064999999984,4.264064999999984,0.0,0.03149437498672078,0.01574718749336039,0.09007968747509917,0.0807159374767594,0.007574531248339775,0.01574718749336039,0.0050131084398703325,0.002604074535831484,0.002604074535831484,0.0,0.9985969375878163,0.023309942024081307,0.020705867488249822,0.9999567269498225,False
10.8585,1,536,537,4.273387499999984,4.273387499999984,0.0,0.016912499993360527,0.016912499993360527,0.09003843747675934,0.08500078122758947,0.005037656249169855,0.016912499993360527,0.0050131084398703325,0.002522978702632119,0.002522978702632119,0.0,0.9987852707647152,0.024899304617247806,0.022376325914615688,0.9999651337616162,False
10.87375,1,537,538,4.278419999999984,4.278419999999984,0.0,0.017541562493360602,0.017541562493360602,0.09003328122758947,0.08436656247841962,0.00535218749916984,0.017541562493360602,0.0050131084398703325,0.002447732948009198,0.002447732948009198,0.0,0.9981195016124956,0.024250751816891333,0.021803018868882137,0.9999393154214733,False
10.891,1,538,539,4.284112499999983,4.284112499999983,0.0,0.018253124993360643,0.018253124993360643,0.09005906247841927,0.08399531247924949,0.005316093749169799,0.018253124993360643,0.0050131084398703325,0.0024940502755357785,0.0024940502755357785,0.0,0.9982436937853577,0.024792860202325552,0.022298809926789773,0.9999443477076098,False
10.90925,1,539,540,4.290134999999983,4.290134999999983,0.0,0.019005937493360738,0.019005937493360738,0.09001781247924956,0.08320124998007979,0.0056924999991697835,0.019005937493360738,0.0050131084398703325,0.002541933091232767,0.002541933091232767,0.0,0.9982454334754004,0.02522286867500524,0.022680935583772474,0.999944623215,False
10.93,1,540,541,4.296982499999984,4.296982499999984,0.0,0.0198618749933609,0.0198618749933609,0.0900487499800803,0.08312390623091048,0.005844609374169799,0.0198618749933609,0.0050131084398703325,0.0026035146447928835,0.0026035146447928835,0.0,0.998375160549438,0.025727469733541633,0.02312395508874875,0.9999498592086827,False
10.951,1,541,542,4.303912499999983,4.303912499999983,0.0,0.020728124993360963,0.020728124993360963,0.09005390623091022,0.08226281248174046,0.006277734374169759,0.020728124993360963,0.0050131084398703325,0.0026303085376865438,0.0026303085376865438,0.0,0.9984149243089095,0.025815803076128796,0.023185494538442254,0.9999514230003589,False
10.9745,1,542,543,4.311667499999984,4.311667499999984,0.0,0.021697499993361093,0.021697499993361093,0.09001781248174065,0.0816337499825709,0.007247109374169752,0.021697499993361093,0.0050131084398703325,0.0026323434159430973,0.0026323434159430973,0.0,0.998533167332999,0.0237515625331685,0.0211192191172254,0.9999546754721956,False
11.0,1,543,544,4.320082499999984,4.320082499999984,0.0,0.022749374993361188,0.022749374993361188,0.09004874998257045,0.0806128124834008,0.005950312498340232,0.022749374993361188,0.0050131084398703325,0.002606541187319515,0.002606541187319515,0.0,0.9987206077955707,0.0255952937986205,0.022988752611300987,0.9999630374677292,False
11.028500000000001,1,544,545,4.329487499999983,4.329487499999984,8.881784197001252e-16,0.023924999993361375,0.023924999993361375,0.09001781248340097,0.08011007810923133,0.006538124998340227,0.023924999993361375,0.0050131084398703325,0.0025918530085456202,0.0025918530085456202,0.0,0.9985077535843776,0.025280346749607864,0.022688493741062243,0.9999546064632789,False
11.0585,1,545,546,4.339387499999984,4.339387499999984,0.0,0.0251624999933615,0.0251624999933615,0.09001007810923098,0.08443746092214618,0.005572617187084781,0.0251624999933615,0.0050131084398703325,0.002611687775172295,0.002611687775172295,0.0,0.9986335103516075,0.02595123979632428,0.023339552021151982,0.9999597578302061,False
11.0755,1,546,547,4.344997499999984,4.344997499999984,0.0,0.025863749993361634,0.025863749993361634,0.09004746092214647,0.08377359373506166,0.005706679687084804,0.025863749993361634,0.0050131084398703325,0.0026156805456140656,0.0026156805456140656,0.0,0.9983035000382199,0.025915581810394328,0.02329990126478026,0.9999471883434331,False
11.0945,1,547,548,4.351267499999984,4.351267499999984,0.0,0.026647499993361662,0.026647499993361662,0.09004359373506099,0.08355316404797627,0.006098554687084752,0.026647499993361662,0.0050131084398703325,0.002631957515751294,0.002631957515751294,0.0,0.9983606529692433,0.026101008975948803,0.02346905146019751,0.9999494695574662,False
11.11425,1,548,549,4.357784999999983,4.357784999999983,0.0,0.027462187493361767,0.027462187493361767,0.09007066404797623,0.08276554686089152,0.005331562499170035,0.027462187493361767,0.0050131084398703325,0.0026452471651423246,0.0026452471651423246,0.0,0.9984617857185173,0.026244387580463414,0.02359914041532109,0.9999534397074767,False
11.13625,1,549,550,4.365044999999983,4.365044999999983,0.0,0.028369687493361887,0.028369687493361887,0.09002554686089151,0.08220480467380677,0.005785312499170019,0.028369687493361887,0.0050131084398703325,0.002654750168180916,0.002654750168180916,0.0,0.99829420076233,0.02622167921959436,0.023566929051413447,0.9999469846836605,False
11.16,1,550,551,4.372882499999983,4.372882499999983,0.0,0.029349374993361994,0.029349374993361994,0.09004230467380658,0.08124187498672189,0.005981249999169985,0.029349374993361994,0.0050131084398703325,0.0026517766420911006,0.0026517766420911006,0.0,0.9984278235403595,0.026065188403716105,0.023413411761625005,0.9999520418108174,False
11.18675,1,551,552,4.381709999999983,4.381709999999983,0.0,0.03045281249336212,0.03045281249336212,0.09006937498672177,0.08174718748755182,0.006532968749169955,0.03045281249336212,0.0050131084398703325,0.0026194584829233496,0.0026194584829233496,0.0,0.9984991785662077,0.025584540903181102,0.022965082420257753,0.9999544982974884,False
11.212,1,552,553,4.390042499999983,4.390042499999983,0.0,0.03149437499336228,0.01574718749668114,0.09007968748755218,0.08071593748838221,0.0075745312491699995,0.01574718749668114,0.0050131084398703325,0.002637934522578829,0.002637934522578829,0.0,0.9985971051744881,0.023643608932542984,0.021005674409964155,0.9999568919555519,False
11.24025,1,553,554,4.3993649999999835,4.3993649999999835,0.0,0.016912499996681277,0.016912499996681277,0.09003843748838214,0.08500078123879717,0.0050376562495849575,0.016912499996681277,0.0050131084398703325,0.0025725212803306067,0.0025725212803306067,0.0,0.9987855140795786,0.025412639373630676,0.02284011809330007,0.9999653872072232,False
11.2555,1,554,555,4.404397499999983,4.404397499999983,0.0,0.017541562496681352,0.017541562496681352,0.09003328123879717,0.08436656248921223,0.005352187499584942,0.017541562496681352,0.0050131084398703325,0.0024681376458937127,0.0024681376458937127,0.0,0.99811960395132,0.024445072937072085,0.021976935291178373,0.9999394126948755,False
11.27275,1,555,556,4.4100899999999825,4.4100899999999825,0.0,0.018253124996681393,0.018253124996681393,0.09005906248921187,0.083995312489627,0.0053160937495849115,0.018253124996681393,0.0050131084398703325,0.0025150042956600636,0.0025150042956600636,0.0,0.9982437987886887,0.024992113893047195,0.02247710959738713,0.9999444477141776,False
11.291,1,556,557,4.416112499999983,4.416112499999983,0.0,0.019005937496681488,0.019005937496681488,0.09001781248962705,0.08320124999004219,0.005692499999584896,0.019005937496681488,0.0050131084398703325,0.0025568387276311095,0.0025568387276311095,0.0,0.9982455080199306,0.0253698790774771,0.02281304034984599,0.9999446971036474,False
11.31175,1,557,558,4.422959999999983,4.422959999999983,0.0,0.019861874996681576,0.019861874996681576,0.09004874999004212,0.08312390624045725,0.005844609374584875,0.019861874996681576,0.0050131084398703325,0.002625635308171365,0.002625635308171365,0.0,0.9983752707899489,0.025955934026257864,0.0233302987180865,0.9999499734867455,False
11.33275,1,558,559,4.4298899999999835,4.4298899999999835,0.0,0.020728124996681713,0.020728124996681713,0.0900539062404576,0.08226281249087271,0.006277734374584871,0.020728124996681713,0.0050131084398703325,0.0026535801622707485,0.0026535801622707485,0.0,0.9984150398944237,0.02605904060383428,0.02340546044156353,0.9999515440171788,False
11.356250000000001,1,559,560,4.437644999999983,4.437644999999983,0.0,0.021697499996681843,0.021697499996681843,0.0900178124908729,0.08163374999128804,0.007247109374584865,0.021697499996681843,0.0050131084398703325,0.0026619664702405236,0.0026619664702405236,0.0,0.9985333136255486,0.024046313402177097,0.021384346931936575,0.9999548207571123,False
11.38175,1,560,561,4.446059999999983,4.446059999999982,-8.881784197001252e-16,0.022749374996681938,0.022749374996681938,0.09004874999128759,0.08061281249170282,0.0059503124991704195,0.022749374996681938,0.0050131084398703325,0.002628318548880326,0.002628318548880326,0.0,0.9987207164001608,0.025811844299794134,0.023183525750913807,0.9999631454219422,False
11.41025,1,561,562,4.4554649999999825,4.4554649999999825,0.0,0.023924999996682125,0.023924999996682125,0.090017812491703,0.0801100781171182,0.006538124999170414,0.023924999996682125,0.0050131084398703325,0.00261124946052468,0.00261124946052468,0.0,0.9985078497639301,0.0254660130745279,0.02285476361400322,0.9999546982276905,False
11.44025,1,562,563,4.4653649999999825,4.4653649999999825,0.0,0.02516249999668225,0.02516249999668225,0.09001007811711785,0.08443746092982549,0.005572617187292355,0.02516249999668225,0.0050131084398703325,0.002630684637938992,0.002630684637938992,0.0,0.9986336031509144,0.026145721544739563,0.02351503690680057,0.9999598529259391,False
11.45725,1,563,564,4.4709749999999815,4.4709749999999815,0.0,0.02586374999668231,0.02586374999668231,0.09004746092982518,0.08377359374253288,0.005706679687292324,0.02586374999668231,0.0050131084398703325,0.0026396851303563573,0.0026396851303563573,0.0,0.9983036202716399,0.02614689352854488,0.023507208398188522,0.9999473042167752,False
11.47625,1,564,565,4.477244999999982,4.477244999999982,0.0,0.026647499996682412,0.026647499996682412,0.09004359374253279,0.08355316405524048,0.006098554687292308,0.026647499996682412,0.0050131084398703325,0.002651671839506188,0.002651671839506188,0.0,0.9983607513074678,0.026304276689038786,0.023652604849532598,0.9999495713674751,False
11.496,1,565,566,4.483762499999981,4.483762499999981,0.0,0.027462187496682517,0.027462187496682517,0.09007066405524043,0.08276554686794813,0.005331562499585129,0.027462187496682517,0.0050131084398703325,0.0026649956762542153,0.0026649956762542153,0.0,0.9984618839751326,0.026454530891007237,0.02378953521475302,0.9999535448050114,False
11.518,1,566,567,4.491022499999982,4.491022499999982,0.0,0.028369687496682637,0.028369687496682637,0.09002554686794811,0.08220480468065583,0.005785312499585113,0.028369687496682637,0.0050131084398703325,0.002682253111619461,0.002682253111619461,0.0,0.998294337731383,0.02649852047134193,0.02381626735972247,0.9999471232994626,False
11.54175,1,567,568,4.498859999999982,4.498859999999982,0.0,0.029349374996682744,0.029349374996682744,0.09004230468065563,0.08124187499336341,0.005981249999585078,0.029349374996682744,0.0050131084398703325,0.0026838901244784366,0.0026838901244784366,0.0,0.9984279826793759,0.02638989552861397,0.023706005404135533,0.9999522033217951,False
11.5685,1,568,569,4.507687499999982,4.507687499999982,0.0,0.03045281249668287,0.03045281249668287,0.09006937499336326,0.08174718749377823,0.006532968749585049,0.03045281249668287,0.0050131084398703325,0.002651827964461198,0.002651827964461198,0.0,0.9984993402268741,0.025894785958600036,0.02324295799413884,0.9999546532213744,False
11.59375,1,569,570,4.5160199999999815,4.5160199999999815,0.0,0.031494374996682964,0.015747187498341482,0.09007968749377801,0.08071593749419301,0.007574531249585019,0.015747187498341482,0.0050131084398703325,0.002672185133746541,0.002672185133746541,0.0,0.9985972741587065,0.023986495881669026,0.021314310747922484,0.999957061196103,False
11.622,1,570,571,4.525342499999981,4.525342499999981,0.0,0.01691249999834169,0.01691249999834169,0.09003843749419353,0.08500078124440102,0.005037656249792504,0.01691249999834169,0.0050131084398703325,0.0026189076328338124,0.0026189076328338124,0.0,0.9987857411657773,0.025901637859237228,0.023282730226403415,0.9999656280085448,False
11.63725,1,571,572,4.530374999999982,4.530374999999982,0.0,0.017541562498341767,0.017541562498341767,0.09003328124440102,0.08436656249460853,0.005352187499792489,0.017541562498341767,0.0050131084398703325,0.0024948217984054814,0.0024948217984054814,0.0,0.9981197376169557,0.024701161835159795,0.022206340036754313,0.9999395408936856,False
11.6545,1,572,573,4.536067499999981,4.536067499999981,0.0,0.018253124998341808,0.018253124998341808,0.09005906249460817,0.08399531249481573,0.005316093749792458,0.018253124998341808,0.0050131084398703325,0.0025402299066777014,0.0025402299066777014,0.0,0.9982439250827672,0.025234253796255476,0.022694023889577773,0.999944569080494,False
11.67275,1,573,574,4.542089999999981,4.542089999999981,0.0,0.019005937498341903,0.019005937498341903,0.0900178124948158,0.08320124999502339,0.005692499999792443,0.019005937498341903,0.0050131084398703325,0.0025753817320221324,0.0025753817320221324,0.0,0.9982456009576096,0.02554593553181752,0.022970553799795387,0.9999447855997703,False
11.6935,1,574,575,4.548937499999981,4.548937499999981,0.0,0.01986187499834199,0.01986187499834199,0.09004874999502332,0.0831239062452309,0.005844609374792422,0.01986187499834199,0.0050131084398703325,0.002648388736231384,0.002648388736231384,0.0,0.9983753840077801,0.026195529298895237,0.023547140562663854,0.9999500932718502,False
11.714500000000001,1,575,576,4.555867499999982,4.555867499999982,0.0,0.02072812499834213,0.02072812499834213,0.09005390624523124,0.08226281249543882,0.006277734374792418,0.02072812499834213,0.0050131084398703325,0.0026763731206188687,0.0026763731206188687,0.0,0.9984151527931157,0.026304478671697926,0.023628105551079057,0.9999516659340574,False
11.738,1,576,577,4.5636224999999815,4.5636224999999815,0.0,0.021697499998342258,0.021697499998342258,0.090017812495439,0.0816337499956466,0.007247109374792411,0.021697499998342258,0.0050131084398703325,0.002694700670687957,0.002694700670687957,0.0,0.9985334756472009,0.02436989278220049,0.02167519211151253,0.9999549805612411,False
11.7635,1,577,578,4.572037499999981,4.572037499999981,0.0,0.022749374998342353,0.022749374998342353,0.09004874999564616,0.08061281249585384,0.005950312499585523,0.022749374998342353,0.0050131084398703325,0.0026543603660660183,0.0026543603660660183,0.0,0.9987208459894265,0.02607293540939628,0.02341857504333026,0.9999632754022464,False
11.792,1,578,579,4.581442499999982,4.581442499999982,0.0,0.02392499999834254,0.02392499999834254,0.09001781249585401,0.08011007812106168,0.006538124999585518,0.02392499999834254,0.0050131084398703325,0.002637852879946587,0.002637852879946587,0.0,0.998507982182891,0.025719007837091135,0.023081154957144547,0.9999548238607535,False
11.822000000000001,1,579,580,4.591342499999981,4.591342499999981,0.0,0.025162499998342663,0.025162499998342663,0.09001007812106132,0.08443746093366519,0.005572617187396129,0.025162499998342663,0.0050131084398703325,0.0026534055746422055,0.0026534055746422055,0.0,0.9986337145374069,0.026373425867782387,0.02372002029314018,0.9999599645427969,False
11.839,1,580,581,4.596952499999981,4.596952499999981,0.0,0.025863749998342726,0.025863749998342726,0.09004746093366489,0.0837735937462688,0.005706679687396097,0.025863749998342726,0.0050131084398703325,0.0026694398817852256,0.0026694398817852256,0.0,0.9983037691888144,0.026436636279640983,0.02376719639785576,0.9999474492627427,False
11.858,1,581,582,4.603222499999981,4.603222499999981,0.0,0.026647499998342827,0.026647499998342827,0.09004359374626872,0.08355316405887263,0.006098554687396081,0.026647499998342827,0.0050131084398703325,0.002674243316517776,0.002674243316517776,0.0,0.9983608640204018,0.026532190243692112,0.023857946927174335,0.9999496856094953,False
11.87775,1,582,583,4.609739999999981,4.609739999999981,0.0,0.027462187498342932,0.027462187498342932,0.09007066405887257,0.0827655468714765,0.005331562499792681,0.027462187498342932,0.0050131084398703325,0.002684935495516885,0.002684935495516885,0.0,0.9984619832138092,0.026664584399067867,0.023979648903550983,0.9999536499991752,False
11.899750000000001,1,583,584,4.6169999999999805,4.6169999999999805,0.0,0.028369687498343052,0.028369687498343052,0.09002554687147649,0.08220480468408044,0.005785312499792665,0.028369687498343052,0.0050131084398703325,0.0027109083461015794,0.0027109083461015794,0.0,0.9982944804258147,0.02679191538093894,0.02408100703483736,0.9999472700754478,False
11.9235,1,584,585,4.62483749999998,4.62483749999998,0.0,0.02934937499834316,0.02934937499834316,0.09004230468408024,0.08124187499668423,0.00598124999979263,0.02934937499834316,0.0050131084398703325,0.0027170857624184376,0.0027170857624184376,0.0,0.9984281473797082,0.02672325031652159,0.024006164554103152,0.9999523692081436,False
11.95025,1,585,586,4.63366499999998,4.63366499999998,0.0,0.030452812498343286,0.030452812498343286,0.0900693749966841,0.0817471874968915,0.0065329687497926005,0.030452812498343286,0.0050131084398703325,0.00268696214344362,0.00268696214344362,0.0,0.9984995152471513,0.026237928161995633,0.023550966018552014,0.9999548242539114,False
11.9755,1,586,587,4.64199749999998,4.64199749999998,0.0,0.03149437499834338,0.01574718749917169,0.09007968749689128,0.08071593749709874,0.007574531249792571,0.01574718749917169,0.0050131084398703325,0.0027043371828287203,0.0027043371828287203,0.0,0.9985974322926778,0.024308028628946765,0.021603691446118047,0.9999572192749598,False
