time,inserted_nodes,node_count_before,node_count_after,rest_length_before,rest_length_after,rest_length_error,tail_rest_length_before,tail_rest_length_after,payout_buffer_rest_length_before,payout_buffer_rest_length_after,payout_buffer_min_rest_length_after,payout_buffer_max_rest_length_after,minimum_physical_rest_length_after,peak_tension_before,peak_tension_after,peak_tension_jump,minimum_geometric_ratio_after,peak_tension_post_step,peak_tension_post_step_jump,minimum_standard_ratio_post_step,remeshed_in_same_step
0.5525,1,33,34,0.33000625869273076,0.33000625869273076,0.0,0.011250782336591344,0.011250782336591344,0.09000625869273075,0.08438086752443508,0.005625391168295672,0.011250782336591344,0.005625391168295672,0.0003999590517870734,0.0003999590517870734,0.0,0.9998478035180568,0.0036475384825320973,0.003247579430745024,0.9999902006662659,False
0.64725,1,34,35,0.33564230691665375,0.33564230691665375,0.0,0.011955288364581717,0.0059776441822908585,0.09001691574835806,0.08368701855207202,0.0059776441822908585,0.011955288364581717,0.005625391168295672,0.0003373816413396718,0.0003373816413396718,0.0,0.9996359130358212,0.003167187873737343,0.0028298062323976712,0.9999703982418068,False
0.731,1,35,36,0.3419680771350651,0.34196807713506516,5.551115123125783e-17,0.006768365459592284,0.006768365459592284,0.09001278877048341,0.07726677912860028,0.006373004820941571,0.012746009641883141,0.005625391168295672,0.0002985665783395296,0.0002985665783395296,0.0,0.9995801611390975,0.002625298521736947,0.0023267319433974173,0.9999647237679512,False
0.8632500000000001,1,36,37,0.35470923342892846,0.35470923342892846,0.0,0.008361009996325199,0.008361009996325199,0.09000793542246358,0.07566928124384753,0.0071693270893080285,0.014338654178616057,0.005625391168295672,0.0002616396240065744,0.0002616396240065744,0.0,0.9995306336612231,0.0020231796549307,0.0017615400309241255,0.999959472166574,False
0.9812500000000001,1,37,38,0.36905404198106573,0.36905404198106573,0.0,0.010154111065342357,0.010154111065342357,0.09001408979598483,0.0738823345483516,0.0050770555326711785,0.01613175524763322,0.0050770555326711785,0.0002436058488236,0.0002436058488236,0.0,0.9994902359964002,0.0022863955205335296,0.0020427896717099296,0.9999561628655168,False
1.0925,1,38,39,0.38520149178017193,0.38520149178017193,0.0,0.012172542290230633,0.012172542290230633,0.09002978434745779,0.07187959787493631,0.005888590825789956,0.012172542290230633,0.005625391168295672,0.00023295439140350038,0.00023295439140350038,0.0,0.999244464489812,0.0022755467112598807,0.0020425923198563803,0.9999338980694165,False
1.20075,1,39,40,0.4033382984708233,0.40333829847082325,-5.551115123125783e-17,0.014439643126562063,0.014439643126562063,0.09001640456558777,0.07676844434604287,0.007022141243955672,0.014439643126562063,0.005625391168295672,0.0002257569944508998,0.0002257569944508998,0.0,0.9992509306919388,0.002038901845755073,0.001813144851304173,0.9999341243547999,False
1.27225,1,40,41,0.4165941535694859,0.4165941535694859,0.0,0.01609662501389489,0.01609662501389489,0.09002429944470541,0.0751193573378277,0.00550978474061185,0.01609662501389489,0.00550978474061185,0.0002218536029998954,0.0002218536029998954,0.0,0.9992410520398065,0.002199471051227239,0.001977617448227344,0.9999333617678412,False
1.347,1,41,42,0.4314945423820792,0.4314945423820792,0.0,0.01795917361546905,0.01795917361546905,0.09001974615042091,0.07947807441755828,0.00583761107551418,0.01795917361546905,0.005625391168295672,0.00021805404680002227,0.00021805404680002227,0.0,0.999041167414389,0.0021878543410140047,0.0019698002942139825,0.999915255006441,False
1.397,1,42,43,0.4420302552201444,0.4420302552201444,0.0,0.019276137720227175,0.019276137720227175,0.09001378725562349,0.0781551514180027,0.006496093127893259,0.019276137720227175,0.005625391168295672,0.00021563422918913352,0.00021563422918913352,0.0,0.9989691318154719,0.0021085772505490367,0.0018929430213599032,0.999908521755645,False
1.451,1,43,44,0.45389570516364924,0.45389570516364924,0.0,0.02075931896316526,0.02075931896316526,0.09002060136150755,0.08204132699067618,0.005086239344941132,0.02075931896316526,0.005086239344941132,0.00021319368211102346,0.00021319368211102346,0.0,0.9990365404976207,0.002213890155080514,0.0020006964729694906,0.9999147089480691,False
1.48625,1,44,45,0.4619012888679593,0.4619012888679593,0.0,0.021760016926204013,0.021760016926204013,0.09004691069498622,0.08106693836111609,0.005586588326460511,0.021760016926204013,0.005586588326460511,0.00021154414919459475,0.00021154414919459475,0.0,0.9987042424418894,0.002193262602130302,0.001981718452935707,0.9998845282755143,False
1.52475,1,45,46,0.47086810813143937,0.4708681081314395,1.1102230246251565e-16,0.022880869334139,0.022880869334139,0.09003375762459617,0.07927445083041193,0.005379653397092113,0.022880869334139,0.005379653397092113,0.00020980823013743355,0.00020980823013743355,0.0,0.9987940753237712,0.0021765421826710485,0.001966733952533615,0.9998926944036765,False
1.56975,1,46,47,0.4816284994655225,0.4816284994655225,0.0,0.0242259182508994,0.0242259182508994,0.09003484216449516,0.08331013985064264,0.006724702313852522,0.0242259182508994,0.005625391168295672,0.0002079915357720303,0.0002079915357720303,0.0,0.9987638529207504,0.001714871998696299,0.0015068804629242687,0.9998894958803728,False
1.59725,1,47,48,0.48834441279850194,0.48834441279850194,0.0,0.025065407417521838,0.025065407417521838,0.09002605318362207,0.08246186170314711,0.005206960262868277,0.025065407417521838,0.005206960262868277,0.00020691805176125278,0.00020691805176125278,0.0,0.9988843104337111,0.002133952214131714,0.001927034162370461,0.9999007744813846,False
1.62775,1,48,49,0.495910027590318,0.49591002759031805,5.551115123125783e-17,0.026011109266498827,0.026011109266498827,0.09002747649496312,0.0796894468466884,0.005169014824137364,0.026011109266498827,0.005169014824137364,0.00020551437327835783,0.00020551437327835783,0.0,0.9986059157684707,0.002159713232150206,0.001954198858871848,0.9998755790006669,False
1.66875,1,49,50,0.5062618851158878,0.5062618851158877,-1.1102230246251565e-16,0.02730509145719502,0.02730509145719502,0.09004130437225805,0.08357830735742447,0.005565831428725779,0.02730509145719502,0.005565831428725779,0.00020395703906827623,0.00020395703906827623,0.0,0.9986468071074348,0.0021900483574151808,0.0019860913183469046,0.9998792030473697,False
1.694,1,50,51,0.5127335899203531,0.5127335899203532,1.1102230246251565e-16,0.028114054557753208,0.028114054557753208,0.09005001216188996,0.0827780520464982,0.00597031297900487,0.028114054557753208,0.005625391168295672,0.00020305298068598815,0.00020305298068598815,0.0,0.9986130101220203,0.0021986997979570634,0.0019956468172710753,0.999876132077108,False
1.722,1,51,52,0.5199895698078572,0.5199895698078572,0.0,0.02902105204369122,0.02902105204369122,0.09003403193400222,0.08275223991878025,0.006877310464942871,0.02902105204369122,0.005625391168295672,0.00020205873172573748,0.00020205873172573748,0.0,0.9987001508840538,0.0018841734324539436,0.001682114700728206,0.9998837978233169,False
1.7497500000000001,1,52,53,0.5272570798431396,0.5272570798431396,0.0,0.029929490798101525,0.029929490798101525,0.0900197499540627,0.08182951918443043,0.005035521821724,0.029929490798101525,0.005035521821724,0.00020116287567022487,0.00020116287567022487,0.0,0.9988404967497102,0.0021680237946534522,0.001966860918983227,0.9998967931189869,False
1.78075,1,53,54,0.5354575769206142,0.5354575769206142,0.0,0.030954552932785862,0.030954552932785862,0.09003001626190506,0.08121920490786755,0.005548052889066163,0.030954552932785862,0.005548052889066163,0.00020008700181415717,0.00020008700181415717,0.0,0.9984947423354388,0.002164702728936308,0.001964615727122151,0.9998653558032734,False
1.81375,1,54,55,0.5442718247385021,0.5442718247385022,1.1102230246251565e-16,0.032056333910021856,0.032056333910021856,0.09003345272575548,0.08012086039448199,0.005110032221141797,0.032056333910021856,0.005110032221141797,0.00019910664731971552,0.00019910664731971552,0.0,0.9986155438200525,0.00213982132044592,0.0019407146731262044,0.9998763231893777,False
1.8505,1,55,56,0.5541762895569591,0.5541762895569591,0.0,0.033294392012328936,0.033294392012328936,0.09002532521293882,0.0816249021769874,0.005729061272295349,0.033294392012328936,0.005625391168295672,0.00019811843179791551,0.00019811843179791551,0.0,0.998537036093008,0.0020105350191707873,0.0018124165873728718,0.9998690985020501,False
1.8815,1,56,57,0.5625915672051433,0.5625915672051431,-1.1102230246251565e-16,0.03434630171835198,0.01717315085917599,0.0900401798251716,0.08058784708319716,0.006780970978318375,0.01717315085917599,0.005625391168295672,0.000197384865113211,0.000197384865113211,0.0,0.9986225236893884,0.001310356897523384,0.0011129720324101731,0.9998760012473084,False
1.9160000000000001,1,57,58,0.5720082899958518,0.5720082899958518,0.0,0.01835024120801458,0.01835024120801458,0.09000456987390579,0.07988767785043493,0.005058446011735431,0.01835024120801458,0.005058446011735431,0.00020554936501872767,0.00020554936501872767,0.0,0.9988207026188997,0.00205677425241612,0.0018512248873973924,0.9998950420697622,False
1.953,1,58,59,0.5821506923861802,0.5821506923861802,0.0,0.019618041506805607,0.019618041506805607,0.09003008024076324,0.08370383393023677,0.006326246310526471,0.019618041506805607,0.005625391168295672,0.00019971845411101722,0.00019971845411101722,0.0,0.9985105324148561,0.0009393061418061233,0.000739587687695106,0.9998656346796683,False
1.976,1,59,60,0.5884696655146043,0.5884696655146042,-1.1102230246251565e-16,0.020407913147858624,0.020407913147858624,0.0900228070586609,0.0829066891070814,0.005317381159077283,0.020407913147858624,0.005317381159077283,0.00019815055072948786,0.00019815055072948786,0.0,0.9986745254609438,0.002055042024285053,0.0018568914735555653,0.9998816606562241,False
2.0020000000000002,1,60,61,0.5956187500000001,0.5956187500000001,0.0,0.02130154870853309,0.02130154870853309,0.09005577359247716,0.08384475687272541,0.005764198939414518,0.02130154870853309,0.005625391168295672,0.00019628153659767382,0.00019628153659767382,0.0,0.9984803772679256,0.002070983705144965,0.0018747021685472914,0.999864006565693,False
2.0245,1,61,62,0.6018062500000002,0.6018062500000002,0.0,0.022074986208533022,0.022074986208533022,0.09003225687272556,0.08304780265297379,0.0058414031638377596,0.022074986208533022,0.005625391168295672,0.00019521089595117276,0.00019521089595117276,0.0,0.9985564194296777,0.0020760099827573097,0.001880799086806137,0.999870910879861,False
2.05,1,62,63,0.6088187500000004,0.6088187500000003,-1.1102230246251565e-16,0.02295154870853295,0.02295154870853295,0.09006030265297395,0.08264610371355939,0.006279684413837784,0.02295154870853295,0.005625391168295672,0.00019428260246846427,0.00019428260246846427,0.0,0.9985952453543911,0.0020572986024288663,0.001863015999960402,0.999874415949888,False
2.07675,1,63,64,0.6161750000000003,0.6161750000000003,0.0,0.023871079958532864,0.023871079958532864,0.09000235371355947,0.08166862352414489,0.007031029602565211,0.023871079958532864,0.005625391168295672,0.00019352354154618433,0.00019352354154618433,0.0,0.9986893304851423,0.0019276914215879196,0.0017341678800417352,0.9998828491534705,False
2.10725,1,64,65,0.6245625000000006,0.6245625000000007,1.1102230246251565e-16,0.024919517458532773,0.024919517458532773,0.09005612352414509,0.08137018911030724,0.007555248352565238,0.024919517458532773,0.005625391168295672,0.00019282044040530447,0.00019282044040530447,0.0,0.9988324271751743,0.001457721873419776,0.0012649014330144716,0.9998954047442153,False
2.13875,1,65,66,0.633225000000001,0.633225000000001,0.0,0.026002329958532692,0.013001164979266346,0.09003268911030762,0.0802639421964697,0.008638060852565297,0.013001164979266346,0.005625391168295672,0.00019227448589663161,0.00019227448589663161,0.0,0.9989081342716974,0.0006298420095594559,0.0004375675236628243,0.9999011099749253,False
2.1742500000000002,1,66,67,0.6429875000000015,0.6429875000000015,0.0,0.014221477479266406,0.014221477479266406,0.09002644219647019,0.08475105311455121,0.00527538908191898,0.014221477479266406,0.00527538908191898,0.00019826874355541118,0.00019826874355541118,0.0,0.9990435134337711,0.0019783855735685946,0.0017801168300131834,0.9999152364534464,False
2.1935000000000002,1,67,68,0.6482812500000018,0.6482812500000019,1.1102230246251565e-16,0.01488319622926644,0.01488319622926644,0.09004480311455146,0.08410769528263247,0.005606248456918998,0.01488319622926644,0.00527538908191898,0.00019560019319654707,0.00019560019319654707,0.0,0.9984101231013224,0.0020169889481038844,0.0018213887549073373,0.9998575893109344,False
2.215,1,68,69,0.6541937500000021,0.654193750000002,-1.1102230246251565e-16,0.015622258729266482,0.015622258729266482,0.09002019528263275,0.08367488432571374,0.005891686676282723,0.015622258729266482,0.00527538908191898,0.0001935974230870591,0.0001935974230870591,0.0,0.9985125599669414,0.002038295001443896,0.001844697578356837,0.9998669005315673,False
2.23825,1,69,70,0.6605875000000019,0.6605875000000019,0.0,0.016421477479266415,0.016421477479266415,0.09006863432571377,0.08292410461879474,0.006291296051282744,0.016421477479266415,0.00527538908191898,0.0001921134331927595,0.0001921134331927595,0.0,0.9985895172063938,0.0020335993166442565,0.001841485883451497,0.9998738822585214,False
2.2640000000000002,1,70,71,0.667668750000002,0.667668750000002,0.0,0.017306633729266337,0.017306633729266337,0.09000535461879475,0.082429292942512,0.00647176480128276,0.017306633729266337,0.00527538908191898,0.00019093221731563727,0.00019093221731563727,0.0,0.9986851216186099,0.0019943122299595564,0.0018033800126439192,0.9998825393613064,False
2.29175,1,71,72,0.6753000000000021,0.6753000000000022,1.1102230246251565e-16,0.01826053997926626,0.01826053997926626,0.09006054294251206,0.08153057501622926,0.006948717926282788,0.01826053997926626,0.00527538908191898,0.0001899859645755266,0.0001899859645755266,0.0,0.9987293547804257,0.0018377684896989585,0.001647782525123432,0.9998864363438332,False
2.32275,1,72,73,0.6838250000000022,0.6838250000000021,-1.1102230246251565e-16,0.019326164979266158,0.019326164979266158,0.09005557501622924,0.0808595914649464,0.008014342926282806,0.019326164979266158,0.00527538908191898,0.0001891705667484017,0.0001891705667484017,0.0,0.9988228995931455,0.0007670268476405312,0.0005778562808921295,0.9998936739847178,False
2.356,1,73,74,0.6929687500000026,0.6929687500000025,-1.1102230246251565e-16,0.020469133729266068,0.020469133729266068,0.09000334146494679,0.08483386531430534,0.005169476150641455,0.020469133729266068,0.005169476150641455,0.00018879699929267788,0.00018879699929267788,0.0,0.9989700901061498,0.0020194736592024226,0.0018306766599097447,0.999908547440621,False
2.375,1,74,75,0.6981937500000026,0.6981937500000025,-1.1102230246251565e-16,0.021122258729266,0.021122258729266,0.09005886531430542,0.08423626416366395,0.005143694900641455,0.021122258729266,0.005143694900641455,0.00018825494459657945,0.00018825494459657945,0.0,0.9983788156715137,0.0020387658242288845,0.001850510879632305,0.9998547428583158,False
2.396,1,75,76,0.7039687500000028,0.7039687500000028,0.0,0.02184413372926595,0.02184413372926595,0.09001126416366421,0.08414569426302274,0.005504632400641481,0.02184413372926595,0.005169476150641455,0.00018779510842038155,0.00018779510842038155,0.0,0.9983907067859777,0.0020514337866696375,0.001863638678249256,0.9998558151084717,False
2.4175,1,76,77,0.7098812500000028,0.7098812500000028,0.0,0.022583196229265873,0.022583196229265873,0.09005819426302278,0.08345356186238129,0.0056356870881414875,0.022583196229265873,0.005169476150641455,0.00018738813906850641,0.00018738813906850641,0.0,0.9984883107234702,0.002051541356511491,0.0018641532174429845,0.9998646771679196,False
2.4415,1,77,78,0.7164812500000031,0.716481250000003,-1.1102230246251565e-16,0.023408196229265803,0.023408196229265803,0.09005356186238142,0.08298486696173993,0.00604818708814151,0.023408196229265803,0.005169476150641455,0.00018695203302526438,0.00018695203302526438,0.0,0.9985391718883629,0.002030013116213262,0.0018430610831879975,0.9998692755052704,False
2.46725,1,78,79,0.7235625000000033,0.7235625000000034,1.1102230246251565e-16,0.024293352479265742,0.024293352479265742,0.09006611696174013,0.0821122658110986,0.0069333433381415415,0.024293352479265742,0.005169476150641455,0.0001865154551007487,0.0001865154551007487,0.0,0.9986389388944671,0.0018779914653301623,0.0016914760102294136,0.9998781983683236,False
2.496,1,79,80,0.7314687500000033,0.7314687500000033,0.0,0.025281633729265642,0.025281633729265642,0.09001851581109865,0.08168439122295709,0.0078092756198166954,0.025281633729265642,0.005169476150641455,0.00018632614922639942,0.00018632614922639942,0.0,0.9988090180097738,0.001366591417427794,0.0011802652682013947,0.9998931740869967,False
2.52625,1,80,81,0.7397875000000038,0.7397875000000036,-2.220446049250313e-16,0.026321477479265557,0.013160738739632779,0.09000314122295743,0.0806291728848158,0.008849119369816754,0.013160738739632779,0.005169476150641455,0.00018586783639421784,0.00018586783639421784,0.0,0.9989341994294655,0.0005216643806420923,0.0003357965442478745,0.9999033722087376,False
2.5605,1,81,82,0.7492062500000041,0.7492062500000042,1.1102230246251565e-16,0.014338082489632845,0.014338082489632845,0.09004792288481633,0.0849785168407455,0.005069406044070839,0.014338082489632845,0.005069406044070839,0.0001918666231341882,0.0001918666231341882,0.0,0.9990595337011856,0.0019326881421685357,0.0017408215190343477,0.9999166413806315,False
2.579,1,82,83,0.7542937500000044,0.7542937500000044,0.0,0.014974019989632877,0.014974019989632877,0.09006601684074574,0.08436067329667488,0.005387374794070855,0.014974019989632877,0.005069406044070839,0.00018945083684617913,0.00018945083684617913,0.0,0.9983453912457033,0.001971966920909854,0.001782516084063675,0.9998516549854394,False
2.5997500000000002,1,83,84,0.7600000000000047,0.7600000000000047,0.0,0.015687301239632908,0.015687301239632908,0.09006692329667515,0.08396626725260427,0.005934911247408448,0.015687301239632908,0.005069406044070839,0.00018757013951520329,0.00018757013951520329,0.0,0.9984527715061742,0.0019980413043376027,0.0018104711648223993,0.9998614201748587,False
2.62175,1,84,85,0.7660500000000046,0.7660500000000046,0.0,0.016443551239632835,0.016443551239632835,0.09001626725260425,0.08315936120853337,0.0063130362474084645,0.016443551239632835,0.005069406044070839,0.0001861916135951795,0.0001861916135951795,0.0,0.9985895310476207,0.0019922296938212833,0.0018060380802261038,0.9998738366433845,False
2.64675,1,85,86,0.7729250000000049,0.7729250000000049,0.0,0.017302926239632775,0.017302926239632775,0.09003436120853348,0.082483824961125,0.006495653434908492,0.017302926239632775,0.005069406044070839,0.00018505925385894082,0.00018505925385894082,0.0,0.9986843428567278,0.0019502751767464174,0.0017652159228874766,0.9998824189185419,False
2.6742500000000002,1,86,87,0.7804875000000047,0.7804875000000046,-1.1102230246251565e-16,0.01824823873963269,0.01824823873963269,0.09004632496112497,0.08155047621371646,0.006968309684908514,0.01824823873963269,0.005069406044070839,0.00018479626773885974,0.00018479626773885974,0.0,0.9987319379868553,0.0017851385742396822,0.0016003423065008224,0.9998866128998705,False
2.705,1,87,88,0.7889437500000047,0.7889437500000047,0.0,0.01930526998963259,0.01930526998963259,0.09000672621371648,0.08083197121630792,0.008025340934908538,0.01930526998963259,0.005069406044070839,0.00018497219575254069,0.00018497219575254069,0.0,0.9988244849994032,0.0006720423130152642,0.0004870701172627235,0.9998937099660932,False
2.7385,1,88,89,0.7981562500000051,0.7981562500000051,0.0,0.020456832489632495,0.020456832489632495,0.09004447121630826,0.08488131246760396,0.005163158748704317,0.020456832489632495,0.005069406044070839,0.00018508611392455932,0.00018508611392455932,0.0,0.9989722659469216,0.0019946499127005343,0.001809563798775975,0.9999087176090831,False
2.75725,1,89,90,0.8033125000000052,0.8033125000000052,0.0,0.021101363739632433,0.021101363739632433,0.09003756246760405,0.08422987246889974,0.005147045467454319,0.021101363739632433,0.005069406044070839,0.00018574294624456894,0.00018574294624456894,0.0,0.9983746218661592,0.0020146528482418817,0.0018289099019973129,0.9998543353021077,False
2.77825,1,90,91,0.8090875000000055,0.8090875000000055,0.0,0.021823238739632385,0.021823238739632385,0.0900048724689,0.08413595200144566,0.005507982967454344,0.021823238739632385,0.005069406044070839,0.0001853908508229614,0.0001853908508229614,0.0,0.9983916026987582,0.0020271127027072927,0.0018417218518843312,0.9998558699665945,False
2.79975,1,91,92,0.8150000000000056,0.8150000000000056,0.0,0.022562301239632324,0.022562301239632324,0.09004845200144582,0.08344046903399145,0.005641186092454361,0.022562301239632324,0.005069406044070839,0.00018507006700010578,0.00018507006700010578,0.0,0.9984890984598804,0.002025742983856181,0.0018406729168560752,0.999864720457232,False
2.82375,1,92,93,0.8216000000000058,0.8216000000000058,0.0,0.023387301239632237,0.023387301239632237,0.09004046903399146,0.0829684235665371,0.006053686092454376,0.023387301239632237,0.005069406044070839,0.00018478269642671296,0.00018478269642671296,0.0,0.9985403918645557,0.0020010378523875987,0.0018162551559608856,0.9998693544133517,False
2.8495,1,93,94,0.8286812500000057,0.8286812500000058,1.1102230246251565e-16,0.024272457489632176,0.024272457489632176,0.09004967356653733,0.08209247184908292,0.0069388423424544075,0.024272457489632176,0.005069406044070839,0.0001845899874276827,0.0001845899874276827,0.0,0.9986399951757191,0.0018386047775907702,0.0016540147901630874,0.9998782506549518,False
2.8785000000000003,1,94,95,0.8366562500000061,0.8366562500000061,0.0,0.025269332489632087,0.025269332489632087,0.09006747184908306,0.08171925450662865,0.007808348747408309,0.025269332489632087,0.005069406044070839,0.00018470755812571366,0.00018470755812571366,0.0,0.9988111144255186,0.0013171936124800401,0.0011324860543543264,0.999893306725954,False
2.90875,1,95,96,0.8449750000000064,0.8449750000000062,-1.1102230246251565e-16,0.026309176239632002,0.013154588119816001,0.09003800450662895,0.08064994341417447,0.008848192497408367,0.013154588119816001,0.005069406044070839,0.00018423500061856083,0.00018423500061856083,0.0,0.9989340638685252,0.0004507676351032247,0.0002665326344846639,0.999903278913529,False
2.943,1,96,97,0.8543937500000068,0.8543937500000067,-1.1102230246251565e-16,0.014331931869816052,0.014331931869816052,0.09006869341417487,0.08499224099294761,0.00507645242122727,0.014331931869816052,0.005069406044070839,0.00018631910107673466,0.00018631910107673466,0.0,0.9990594089826123,0.001900552916305094,0.0017142338152283595,0.9999165949507047,False
2.96125,1,97,98,0.859412500000007,0.859412500000007,0.0,0.014959275619816088,0.014959275619816088,0.09001099099294788,0.08430719482172058,0.005390124296227288,0.014959275619816088,0.005069406044070839,0.0001847019812001731,0.0001847019812001731,0.0,0.9983449037884435,0.001938148598359453,0.00175344661715928,0.9998515746093446,False
2.982,1,98,99,0.8651187500000073,0.8651187500000075,2.220446049250313e-16,0.015672556869816123,0.015672556869816123,0.09001344482172086,0.08391003927549354,0.005932299373704252,0.015672556869816123,0.005069406044070839,0.00018331335436620733,0.00018331335436620733,0.0,0.9984534380570776,0.0019680007695318455,0.001784687415165638,0.9998614483186486,False
3.00425,1,99,100,0.8712375000000073,0.8712375000000073,0.0,0.01643740061981606,0.01643740061981606,0.09002878927549363,0.08316053997926628,0.006314721248704274,0.01643740061981606,0.005069406044070839,0.00018277957900562222,0.00018277957900562222,0.0,0.9985907662235423,0.001964398126026043,0.0017816185470204207,0.999873917708363,False
3.02925,1,100,101,0.8781125000000074,0.8781125000000075,1.1102230246251565e-16,0.017296775619815984,0.017296775619815984,0.09003553997926628,0.082479021855562,0.0064951899987042904,0.017296775619815984,0.005069406044070839,0.00018287952571415946,0.00018287952571415946,0.0,0.9986846284575722,0.0019218449295800855,0.001738965403865926,0.9998824129886815,False
3.05675,1,101,102,0.8856750000000073,0.8856750000000072,-1.1102230246251565e-16,0.018242088119815897,0.018242088119815897,0.09004152185556198,0.08153969123185767,0.006967846248704313,0.018242088119815897,0.005069406044070839,0.0001831878572391106,0.0001831878572391106,0.0,0.9987318372226215,0.001752509269216669,0.0015693214119775584,0.999886567707916,False
3.08775,1,102,103,0.8942000000000074,0.8942000000000074,0.0,0.01930771311981581,0.01930771311981581,0.09006469123185777,0.0808796574831534,0.008033471248704347,0.01930771311981581,0.005069406044070839,0.00018359644143292028,0.00018359644143292028,0.0,0.9988256582486977,0.0006174714147916399,0.00043387497335871963,0.9998937539212938,False
3.121,1,103,104,0.9033437500000079,0.9033437500000078,-1.1102230246251565e-16,0.020450681869815704,0.020450681869815704,0.09002340748315366,0.08485940623380145,0.005164001249352214,0.020450681869815704,0.005069406044070839,0.0001839237206246138,0.0001839237206246138,0.0,0.9989721974549144,0.0019796302478022818,0.001795706527177668,0.9999086949478608,False
3.1397500000000003,1,104,105,0.9085000000000079,0.908500000000008,1.1102230246251565e-16,0.02109521311981566,0.02109521311981566,0.09001565623380169,0.08420712373444945,0.005146813749352225,0.02109521311981566,0.005069406044070839,0.00018479893578577633,0.00018479893578577633,0.0,0.9983748437673021,0.002000780559501411,0.0018159816237156348,0.9998543404985393,False
3.161,1,105,106,0.914343750000008,0.914343750000008,0.0,0.021825681869815587,0.021825681869815587,0.09005087373444955,0.08417359123509731,0.005512048124352241,0.021825681869815587,0.005069406044070839,0.000184480888272571,0.000184480888272571,0.0,0.9983938817235298,0.0020140659537524197,0.0018295850654798486,0.9998560626801322,False
3.1822500000000002,1,106,107,0.9201875000000082,0.9201875000000082,0.0,0.022556150619815533,0.022556150619815533,0.09001734123509751,0.08340958998574526,0.00564095437435226,0.022556150619815533,0.005069406044070839,0.00018416215560379225,0.00018416215560379225,0.0,0.9984879876623438,0.002011106240841779,0.0018269440852379869,0.9998646036154366,False
3.2062500000000003,1,107,108,0.9267875000000084,0.9267875000000084,0.0,0.023381150619815463,0.023381150619815463,0.0900095899857454,0.08294207311139312,0.0060534543743522825,0.023381150619815463,0.005069406044070839,0.00018390546884289324,0.00018390546884289324,0.0,0.9985403266595223,0.001984627304340344,0.0018007218354974507,0.9998693305195623,False
3.232,1,108,109,0.9338687500000085,0.9338687500000085,0.0,0.024266306869815384,0.024266306869815384,0.09002332311139322,0.08207064998704092,0.0069386106243522995,0.024266306869815384,0.005069406044070839,0.00018374086972548092,0.00018374086972548092,0.0,0.9986399369907045,0.0018154749839102355,0.0016317341141847547,0.9998782198287924,False
3.261,1,109,110,0.9418437500000086,0.9418437500000088,1.1102230246251565e-16,0.025263181869815295,0.025263181869815295,0.09004564998704107,0.08169766436268872,0.007804662654954109,0.025263181869815295,0.005069406044070839,0.00018394075163796468,0.00018394075163796468,0.0,0.9988110679542728,0.001287823495312021,0.0011038827436740564,0.9998932680162599,False
3.2912500000000002,1,110,111,0.950162500000009,0.9501625000000089,-1.1102230246251565e-16,0.02630302561981521,0.013151512809907605,0.09001641436268905,0.08062858498833667,0.008844506404954168,0.013151512809907605,0.005069406044070839,0.00018347379582794835,0.00018347379582794835,0.0,0.9989336064787996,0.00040844126095854194,0.0002249674651305936,0.999903187643367,False
3.3255,1,111,112,0.9595812500000097,0.9595812500000096,-1.1102230246251565e-16,0.014328856559907672,0.014328856559907672,0.0900473349883372,0.08497099842616096,0.005076336562176223,0.014328856559907672,0.005069406044070839,0.00018169870231789838,0.00018169870231789838,0.0,0.9990590429787412,0.0018834925553645257,0.0017017938530466273,0.9999165434645844,False
3.344,1,112,113,0.9646687500000097,0.9646687500000097,0.0,0.014964794059907704,0.014964794059907704,0.0900584984261612,0.08434622436398498,0.005394305312176239,0.014964794059907704,0.005069406044070839,0.0001836861403376237,0.0001836861403376237,0.0,0.9983473401258341,0.0019174155012709679,0.0017337293609333442,0.9998517737354965,False
3.36475,1,113,114,0.9703750000000101,0.9703750000000101,0.0,0.015678075309907735,0.015678075309907735,0.09005247436398522,0.08394488780180898,0.0059347532024771575,0.015678075309907735,0.005069406044070839,0.00018209935639174843,0.00018209935639174843,0.0,0.9984544785596021,0.0019490653749740794,0.001766966018582331,0.9998615222392262,False
3.387,1,114,115,0.9764937500000099,0.97649375000001,1.1102230246251565e-16,0.016442919059907656,0.016442919059907656,0.0900636378018089,0.08319120748963264,0.006317175077477172,0.016442919059907656,0.005069406044070839,0.00018163778111701022,0.00018163778111701022,0.0,0.9985912670471455,0.0019469208623609027,0.0017652830812438926,0.9998739436043073,False
3.412,1,115,116,0.98336875000001,0.98336875000001,0.0,0.017302294059907596,0.017302294059907596,0.09006620748963276,0.08250723553715557,0.006497643827477196,0.017302294059907596,0.005069406044070839,0.00018190331895816424,0.00018190331895816424,0.0,0.9986850656869953,0.0019046819671378057,0.0017227786481796414,0.9998824334312173,False
3.43925,1,116,117,0.99086250000001,0.99086250000001,0.0,0.018239012809907515,0.018239012809907515,0.0900009855371556,0.08150529483467836,0.006966003202477221,0.018239012809907515,0.005069406044070839,0.0001823538388152366,0.0001823538388152366,0.0,0.9987307761689456,0.001731930477249767,0.0015495766384345305,0.9998864488429571,False
3.47025,1,117,118,0.9993875000000101,0.99938750000001,-1.1102230246251565e-16,0.01930463780990741,0.01930463780990741,0.09003029483467836,0.08085140100720109,0.00803162820247724,0.01930463780990741,0.005069406044070839,0.0001829950949793592,0.0001829950949793592,0.0,0.9988253791225318,0.0005825608358360768,0.00039956574085671755,0.9998936871331175,False
3.50375,1,118,119,1.0086000000000104,1.0086000000000104,0.0,0.020456200309907316,0.020456200309907316,0.09006390100720144,0.08489867284346275,0.00516522816373867,0.020456200309907316,0.005069406044070839,0.00018358982339506172,0.00018358982339506172,0.0,0.9989729492173076,0.0019740868308883927,0.0017904970074933309,0.9999087571832067,False
3.5225,1,119,120,1.0137562500000106,1.0137562500000108,2.220446049250313e-16,0.02110073155990727,0.02110073155990727,0.090054922843463,0.08424516342972431,0.005148040663738679,0.02110073155990727,0.005069406044070839,0.00018463814638131008,0.00018463814638131008,0.0,0.9983751835765312,0.0019960496101218556,0.0018114114637405455,0.9998543663406734,False
3.5435,1,120,121,1.0195312500000109,1.0195312500000109,0.0,0.021822606559907205,0.021822606559907205,0.09002016342972445,0.08415024776598576,0.0055089781637386965,0.021822606559907205,0.005069406044070839,0.00018433890690989647,0.00018433890690989647,0.0,0.9983918602461617,0.0020091785317392884,0.001824839624829392,0.9998558740810936,False
3.565,1,121,122,1.025443750000011,1.0254437500000109,-2.220446049250313e-16,0.022561669059907145,0.022561669059907145,0.09006274776598591,0.08345376960224721,0.005644329726238712,0.022561669059907145,0.005069406044070839,0.00018409863350750863,0.00018409863350750863,0.0,0.9984893242908863,0.0020065746645327384,0.0018224760310252299,0.9998647202245685,False
3.589,1,122,123,1.032043750000011,1.032043750000011,0.0,0.023386669059907075,0.023386669059907075,0.09005376960224734,0.08298072893850861,0.006056829726238735,0.023386669059907075,0.005069406044070839,0.00018383599086509522,0.00018383599086509522,0.0,0.9985410870927047,0.0019783900338406456,0.0017945540429755503,0.9998693928834458,False
3.61475,1,123,124,1.0391250000000112,1.0391250000000112,0.0,0.024271825309906996,0.024271825309906996,0.0900619789385087,0.08210378202476995,0.006941985976238752,0.024271825309906996,0.005069406044070839,0.0001836883659636088,0.0001836883659636088,0.0,0.9986405970441732,0.0018040265941435159,0.001620338228179907,0.9998782672956458,False
3.6435,1,124,125,1.0470312500000114,1.0470312500000112,-2.220446049250313e-16,0.025260106559906913,0.025260106559906913,0.09001003202477015,0.08166726479853134,0.007803893827477017,0.025260106559906913,0.005069406044070839,0.00018393550327378555,0.00018393550327378555,0.0,0.9988102820002778,0.0012706614304858477,0.001086725927212062,0.9998931764296495,False
3.674,1,125,126,1.0554187500000118,1.0554187500000116,-2.220446049250313e-16,0.026308544059906822,0.013154272029953411,0.09005476479853164,0.08066356007229279,0.008852331327477071,0.013154272029953411,0.005069406044070839,0.0001835090061299603,0.0001835090061299603,0.0,0.9989345496939396,0.0003857085091625301,0.00020219950303256977,0.9999032446525102,False
3.708,1,126,127,1.064768750000012,1.064768750000012,0.0,0.014323022029953466,0.014323022029953466,0.09001356007229323,0.0849398327091738,0.005073727363119444,0.014323022029953466,0.005069406044070839,0.0001779068804984153,0.0001779068804984153,0.0,0.9990589690650894,0.001880421111022157,0.0017025142305237416,0.9999165346156492,False
3.7265,1,127,128,1.0698562500000122,1.0698562500000122,0.0,0.014958959529953499,0.014958959529953499,0.09002733270917404,0.08431766784605457,0.0053916961131194605,0.014958959529953499,0.005069406044070839,0.0001835981813246508,0.0001835981813246508,0.0,0.9983465722881736,0.0019060467404411474,0.0017224485591164967,0.9998516926440922,False
3.74725,1,128,129,1.0755625000000124,1.0755625000000126,2.220446049250313e-16,0.015672240779953533,0.015672240779953533,0.09002391784605483,0.08391894048293536,0.005932220351238604,0.015672240779953533,0.005069406044070839,0.0001817046066617386,0.0001817046066617386,0.0,0.9984538069093742,0.0019380414853456263,0.0017563368786838876,0.99986144992438,False
3.7695000000000003,1,129,130,1.0816812500000128,1.0816812500000126,-2.220446049250313e-16,0.01643708452995347,0.01643708452995347,0.09003769048293543,0.08316786936981593,0.0063146422262386264,0.01643708452995347,0.005069406044070839,0.00018120878391797562,0.00018120878391797562,0.0,0.9985907262554325,0.0019372290782194157,0.00175602029430144,0.9998738840050454,False
3.7945,1,130,131,1.0885562500000125,1.0885562500000125,0.0,0.017296459529953394,0.017296459529953394,0.09004286936981593,0.08248643026857727,0.006497259413738642,0.017296459529953394,0.005069406044070839,0.00018163369013493233,0.00018163369013493233,0.0,0.9986845963442382,0.0018956271807657951,0.0017139934906308628,0.9998823809245193,False
3.822,1,131,132,1.0961187500000125,1.0961187500000125,0.0,0.018241772029953307,0.018241772029953307,0.09004893026857727,0.0815471786673386,0.006969915663738665,0.018241772029953307,0.005069406044070839,0.00018230662292403513,0.00018230662292403513,0.0,0.998732177356428,0.0017220545033257081,0.001539747880401673,0.9998865656942921,False
3.85275,1,132,133,1.1045750000000125,1.1045750000000125,0.0,0.019298803279953227,0.019298803279953227,0.09000342866733874,0.08082706769110001,0.008026946913738703,0.019298803279953227,0.005069406044070839,0.00018307677027427205,0.00018307677027427205,0.0,0.998824692355377,0.0005608468851042436,0.0003777701148299716,0.999893597260993,False
3.88625,1,133,134,1.1137875000000133,1.1137875000000133,0.0,0.02045036577995313,0.02045036577995313,0.09003956769110036,0.08487560595298096,0.005163961738119398,0.02045036577995313,0.005069406044070839,0.00018395638691244757,0.00018395638691244757,0.0,0.9989724274797142,0.001975512652072839,0.0017915562651603914,0.9999087118338857,False
3.9050000000000002,1,134,135,1.1189437500000132,1.118943750000013,-2.220446049250313e-16,0.02109489702995307,0.02109489702995307,0.09003185595298108,0.08422336296486167,0.005147848456869402,0.02109489702995307,0.005069406044070839,0.00018514652513026362,0.00018514652513026362,0.0,0.9983748334207654,0.001997850688046983,0.0018127041629167192,0.9998543374202858,False
3.92625,1,135,136,1.1247875000000134,1.1247875000000134,0.0,0.021825365779952997,0.021825365779952997,0.09006711296486178,0.08418879575799236,0.005513082831869417,0.021825365779952997,0.005069406044070839,0.00018490281872949875,0.00018490281872949875,0.0,0.998394167963578,0.0020119782560147105,0.0018270754372852118,0.9998560875068117,False
3.9475000000000002,1,136,137,1.1306312500000135,1.1306312500000135,0.0,0.022555834529952943,0.022555834529952943,0.09003254575799255,0.08342375980112313,0.005641989081869436,0.022555834529952943,0.005069406044070839,0.0001846720114560555,0.0001846720114560555,0.0,0.9984882422339434,0.00200823326299826,0.0018235612515422046,0.9998646246165432,False
3.9715000000000003,1,137,138,1.1372312500000135,1.1372312500000135,0.0,0.023380834529952873,0.023380834529952873,0.09002375980112326,0.08295520821925381,0.006054489081869458,0.023380834529952873,0.005069406044070839,0.0001844484491752822,0.0001844484491752822,0.0,0.9985405642712248,0.001979026513383681,0.0017945780642083988,0.9998693468905593,False
3.99725,1,138,139,1.1443125000000136,1.1443125000000136,0.0,0.024265990779952794,0.024265990779952794,0.0900364582192539,0.08208275038738443,0.006939645331869475,0.024265990779952794,0.005069406044070839,0.0001843278174408731,0.0001843278174408731,0.0,0.9986401438669519,0.0018000845321991532,0.0016157567147582802,0.9998782225652465,False
4.02625,1,139,140,1.1522875000000141,1.1522875000000141,0.0,0.025262865779952848,0.025262865779952848,0.09005775038738473,0.08170873005551521,0.007806732069988468,0.025262865779952848,0.005069406044070839,0.00018465429277508892,0.00018465429277508892,0.0,0.9988112283588457,0.0012638509452511174,0.0010791966524760284,0.9998932541655978,False
4.0565,1,140,141,1.1606062500000143,1.1606062500000143,0.0,0.02630270952995289,0.013151354764976446,0.09002748005551556,0.080638615973646,0.008846575819988512,0.013151354764976446,0.005069406044070839,0.0001842028444923548,0.0001842028444923548,0.0,0.9989338610067693,0.0003710453691079807,0.0001868425246156259,0.9999031608657635,False
4.09075,1,141,142,1.170025000000015,1.170025000000015,0.0,0.014328698514976512,0.014328698514976512,0.09005736597364652,0.08498051205771173,0.005076853915934798,0.014328698514976512,0.005069406044070839,0.0001781546169221487,0.0001781546169221487,0.0,0.9990592475541696,0.0018883760476013783,0.0017102214306792297,0.9999165698017989,False
4.10925,1,142,143,1.175112500000015,1.175112500000015,0.0,0.014964636014976529,0.014964636014976529,0.09006801205771182,0.08435522064177706,0.005394822665934806,0.014964636014976529,0.005069406044070839,0.00018443841653045679,0.00018443841653045679,0.0,0.9983474802633531,0.0019061257565887516,0.0017216873400582948,0.9998517761886003,False
4.13,1,143,144,1.1808187500000153,1.1808187500000153,0.0,0.015677917264976582,0.015677917264976582,0.0900614706417774,0.08395336672584258,0.005935787909994326,0.015677917264976582,0.005069406044070839,0.00018207041124508448,0.00018207041124508448,0.0,0.9984546000677899,0.001936259516967527,0.0017541891057224425,0.9998615206861091,False
4.152,1,144,145,1.1868687500000155,1.1868687500000157,2.220446049250313e-16,0.01643416726497663,0.01643416726497663,0.09000336672584282,0.08313901280990801,0.00631391290999435,0.01643416726497663,0.005069406044070839,0.00018141295703938987,0.00018141295703938987,0.0,0.9985896672171529,0.0019344590408521961,0.0017530460838128062,0.9998737851828366,False
4.1770000000000005,1,145,146,1.1937437500000156,1.1937437500000156,0.0,0.017293542264976657,0.017293542264976657,0.090014012809908,0.0824625998999137,0.006494381659994363,0.017293542264976657,0.005069406044070839,0.00018195629866618338,0.00018195629866618338,0.0,0.9986844657054432,0.0018932296134516746,0.0017112733147854912,0.999882366819126,False
4.2045,1,146,147,1.2013062500000158,1.201306250000016,2.220446049250313e-16,0.018238854764976702,0.018238854764976702,0.09002509989991384,0.08152837448991951,0.006967037909994385,0.018238854764976702,0.005069406044070839,0.00018277350516172927,0.00018277350516172927,0.0,0.9987316911641579,0.0017179108184315617,0.0015351373132698324,0.9998865177527608,False
4.2355,1,147,148,1.2098312500000161,1.2098312500000163,2.220446049250313e-16,0.01930447976497678,0.01930447976497678,0.09005337448991996,0.08086914907992557,0.008032662909994406,0.01930447976497678,0.005069406044070839,0.0001837454034082527,0.0001837454034082527,0.0,0.9988255379457258,0.0005498948455547742,0.0003661494421465215,0.9998936584186144,False
4.26875,1,148,149,1.2189750000000168,1.2189750000000168,0.0,0.020447448514976832,0.020447448514976832,0.09001289907992599,0.08484930199992877,0.0051635970799972265,0.020447448514976832,0.005069406044070839,0.00018488120156836223,0.00018488120156836223,0.0,0.9989721148418748,0.0019826490795310237,0.0017977678779626614,0.9999086920735695,False
4.2875000000000005,1,149,150,1.224131250000017,1.224131250000017,0.0,0.02109197976497686,0.02109197976497686,0.09000555199992893,0.08419742366993173,0.005146409579997239,0.02109197976497686,0.005069406044070839,0.00018619218767148763,0.00018619218767148763,0.0,0.9983747426847321,0.002005134923142953,0.0018189427354714655,0.9998543384951001,False
4.30875,1,150,151,1.2299750000000174,1.2299750000000171,-2.220446049250313e-16,0.021822448514976906,0.021822448514976906,0.090041173669932,0.08416429533993477,0.005511643954997262,0.021822448514976906,0.005069406044070839,0.0001860020790726507,0.0001860020790726507,0.0,0.9983937869728984,0.0020198582844359256,0.0018338562053632748,0.999856062828591,False
4.33,1,151,152,1.2358187500000173,1.2358187500000175,2.220446049250313e-16,0.022552917264976952,0.022552917264976952,0.09000804533993499,0.08340069825993776,0.005640550204997289,0.022552917264976952,0.005069406044070839,0.0001858369966182954,0.0001858369966182954,0.0,0.9984879064849431,0.0020160235316116736,0.001830186534993378,0.99986460389593,False
4.354,1,152,153,1.2424187500000174,1.2424187500000174,0.0,0.023377917264976997,0.023377917264976997,0.0900006982599379,0.08293358555494064,0.006053050204997312,0.023377917264976997,0.005069406044070839,0.0001856403935615801,0.0001856403935615801,0.0,0.9985402523699196,0.0019856922837464958,0.0018000518901849156,0.9998693270540188,False
4.3797500000000005,1,153,154,1.2495000000000174,1.2495000000000176,2.220446049250313e-16,0.024263073514977026,0.024263073514977026,0.0900148355549406,0.08206256659994336,0.006938206454997283,0.024263073514977026,0.005069406044070839,0.0001855358592298252,0.0001855358592298252,0.0,0.9986398747689925,0.0018023918494188343,0.001616855990189009,0.9998782018534551,False
4.40875,1,154,155,1.2574750000000177,1.2574750000000177,0.0,0.025259948514977076,0.025259948514977076,0.09003756659994351,0.08168998514494626,0.007803854316244343,0.025259948514977076,0.005069406044070839,0.00018590124259374173,0.00018590124259374173,0.0,0.9988110262752716,0.001262844323785449,0.0010769430811917071,0.9998932341547433,False
4.439,1,155,156,1.2657937500000183,1.2657937500000185,2.220446049250313e-16,0.02629979226497715,0.013149896132488575,0.09000873514494684,0.08062130993994951,0.008843698066244417,0.013149896132488575,0.005069406044070839,0.00018545569643647967,0.00018545569643647967,0.0,0.998933527000043,0.00036431690174873466,0.00017886120531225498,0.9999031172917642,False
4.47325,1,156,157,1.2752125000000187,1.2752125000000187,0.0,0.014327239882488641,0.014327239882488641,0.09004005993995004,0.08496392546245132,0.005076134477498708,0.014327239882488641,0.005069406044070839,0.000180100413199114,0.000180100413199114,0.0,0.999059002647935,0.0019076379687467115,0.0017275375555475976,0.9999165706187595,False
4.49175,1,157,158,1.2803000000000189,1.2803000000000189,0.0,0.014963177382488658,0.014963177382488658,0.09005142546245141,0.08433935348495274,0.005394103227498716,0.014963177382488658,0.005069406044070839,0.00018598756132794976,0.00018598756132794976,0.0,0.9983472845863313,0.0019149874989166232,0.0017289999375886735,0.9998517695152698,False
4.5125,1,158,159,1.2860062500000191,1.2860062500000191,0.0,0.01567645863248871,0.01567645863248871,0.09004560348495308,0.08393821900745435,0.005934349033122273,0.01567645863248871,0.005069406044070839,0.0001830886511609406,0.0001830886511609406,0.0,0.9984544271451569,0.001941785419430908,0.0017586967682699675,0.9998615121324961,False
4.53475,1,159,160,1.292125000000019,1.2921250000000193,2.220446049250313e-16,0.01644130238248874,0.01644130238248874,0.09005696900745443,0.08318474077995572,0.006316770908122288,0.01644130238248874,0.005069406044070839,0.0001822867187886466,0.0001822867187886466,0.0,0.9985911861862495,0.001940114247233865,0.0017578275284452186,0.9998739298574129,False
4.55975,1,160,161,1.2990000000000195,1.2990000000000195,0.0,0.017300677382488798,0.017300677382488798,0.09005974077995596,0.08250117299683371,0.006497239658122321,0.017300677382488798,0.005069406044070839,0.00018285445423235408,0.00018285445423235408,0.0,0.9986850014729893,0.0018980452752370772,0.001715190821004723,0.999882421230343,False
4.58725,1,161,162,1.3065625000000196,1.3065625000000196,0.0,0.018245989882488843,0.018245989882488843,0.09006367299683385,0.08155979271371157,0.006969895908122343,0.018245989882488843,0.005069406044070839,0.00018375870857810029,0.00018375870857810029,0.0,0.998732190962672,0.0017205953040319646,0.0015368365954538644,0.999886566990123,False
4.618,1,162,163,1.3150187500000197,1.3150187500000197,0.0,0.019303021132488878,0.019303021132488878,0.09001604271371168,0.08083755305558935,0.008026927158122322,0.019303021132488878,0.005069406044070839,0.00018481250947796125,0.00018481250947796125,0.0,0.9988247092960215,0.0005432343789951583,0.000358421869517197,0.9998935720670511,False
4.6515,1,163,164,1.3242312500000204,1.3242312500000202,-2.220446049250313e-16,0.02045458363248894,0.02045458363248894,0.09005005305558986,0.08488502697652867,0.005165026079061195,0.02045458363248894,0.005069406044070839,0.00018622714411078693,0.00018622714411078693,0.0,0.9989724514926015,0.001994586985221085,0.001808359841110298,0.9999087364412677,False
4.67025,1,164,165,1.3293875000000208,1.3293875000000208,0.0,0.021099114882489,0.021099114882489,0.09004127697652908,0.08423171964746788,0.005147838579061218,0.021099114882489,0.005069406044070839,0.00018762230676468375,0.00018762230676468375,0.0,0.9983751594149664,0.00201688157174474,0.0018292592649800563,0.9998543903611635,False
4.69125,1,165,166,1.335162500000021,1.3351625000000207,-2.220446049250313e-16,0.021820989882489036,0.021820989882489036,0.09000671964746808,0.08413700606840686,0.005508776079061236,0.021820989882489036,0.005069406044070839,0.00018745064882009048,0.00018745064882009048,0.0,0.9983918406187354,0.002031320505826474,0.0018438698570063835,0.9998558999852378,False
4.71275,1,166,167,1.341075000000021,1.341075000000021,0.0,0.022560052382489062,0.022560052382489062,0.09004950606840693,0.08344072998934575,0.005641979204061253,0.022560052382489062,0.005069406044070839,0.00018739529762576882,0.00018739529762576882,0.0,0.9984893126524321,0.002028415519425751,0.0018410202217999823,0.999864746409195,False
4.73675,1,167,168,1.347675000000021,1.347675000000021,0.0,0.023385052382489106,0.023385052382489106,0.09004072998934588,0.08296789141028468,0.0060544792040612755,0.023385052382489106,0.005069406044070839,0.00018722151921740215,0.00018722151921740215,0.0,0.9985405940507387,0.001997229656711959,0.0018100081374945566,0.9998693718974524,False
4.7625,1,168,169,1.3547562500000212,1.3547562500000212,0.0,0.024270208632489167,0.024270208632489167,0.09004914141028487,0.08209114658122366,0.006939635454061277,0.024270208632489167,0.005069406044070839,0.00018716992159054872,0.00018716992159054872,0.0,0.9986401746035111,0.0018104318914807203,0.0016232619698901716,0.9998782391184515,False
4.7915,1,169,170,1.3627312500000213,1.3627312500000213,0.0,0.025267083632489216,0.025267083632489216,0.09006614658122382,0.08171713612716255,0.007807786533122389,0.025267083632489216,0.005069406044070839,0.00018761444695052434,0.00018761444695052434,0.0,0.9988112611635059,0.0012678044644070796,0.0010801900174565553,0.9998932607480513,False
4.82175,1,170,171,1.3710500000000216,1.3710500000000216,0.0,0.02630692738248926,0.01315346369124463,0.0900358861271629,0.0806470319231016,0.008847630283122432,0.01315346369124463,0.005069406044070839,0.00018719282070566164,0.00018719282070566164,0.0,0.998934022760509,0.00036508479043963205,0.0001778919697339704,0.9999031574608573,False
4.856,1,171,172,1.3804687500000221,1.3804687500000223,2.220446049250313e-16,0.014330807441244696,0.014330807441244696,0.09006578192310213,0.08498893294607143,0.005076848977030689,0.014330807441244696,0.005069406044070839,0.00018283960053827817,0.00018283960053827817,0.0,0.9990594098522342,0.0019361996712888227,0.0017533600707505446,0.9999166410878954,False
4.87425,1,172,173,1.3854875000000226,1.3854875000000226,0.0,0.014958151191244733,0.014958151191244733,0.0900076829460717,0.08430349021904102,0.0053905208520307075,0.014958151191244733,0.005069406044070839,0.0001881753910008204,0.0001881753910008204,0.0,0.9983450206688304,0.0019315626440204597,0.0017433872530196394,0.9998515835527555,False
4.8950000000000005,1,173,174,1.3911937500000227,1.3911937500000227,0.0,0.015671432441244755,0.015671432441244755,0.0900097402190411,0.08390593811701041,0.0059320182665612755,0.015671432441244755,0.005069406044070839,0.0001846680090268896,0.0001846680090268896,0.0,0.9984535353855604,0.001953520121200314,0.0017688521121734244,0.9998614453730652,False
4.91725,1,174,175,1.3973125000000228,1.3973125000000228,0.0,0.016436276191244815,0.016436276191244815,0.09002468811701074,0.08315604226498005,0.006314440141561305,0.016436276191244815,0.005069406044070839,0.00018357186710052492,0.00018357186710052492,0.0,0.9985907104953171,0.0019500955086240931,0.0017665236415235683,0.9998738985736874,False
4.9422500000000005,1,175,176,1.404187500000023,1.404187500000023,0.0,0.01729565119124484,0.01729565119124484,0.09003104226498003,0.08247480524841878,0.006494908891561323,0.01729565119124484,0.005069406044070839,0.00018412446547244073,0.00018412446547244073,0.0,0.9986845891780286,0.001907118557539375,0.0017229940920669344,0.9998823945926558,False
4.96975,1,176,177,1.411750000000023,1.4117500000000232,2.220446049250313e-16,0.018240963691244887,0.018240963691244887,0.09003730524841891,0.08153575573185763,0.006967565141561345,0.018240963691244887,0.005069406044070839,0.00018510338455631238,0.00018510338455631238,0.0,0.9987318096355005,0.0017278245205465878,0.0015427211359902754,0.9998865414412749,False
5.00075,1,177,178,1.4202750000000235,1.4202750000000235,0.0,0.019306588691244964,0.019306588691244964,0.0900607557318581,0.08087600309029673,0.008033190141561366,0.019306588691244964,0.005069406044070839,0.00018632010722325446,0.00018632010722325446,0.0,0.99882564598356,0.0005454183946472652,0.00035909828742401067,0.9998936565414809,False
5.034,1,178,179,1.429418750000024,1.429418750000024,0.0,0.020449557441245016,0.020449557441245016,0.09001975309029715,0.08485589239451645,0.005163860695780704,0.020449557441245016,0.005069406044070839,0.00018794909771840837,0.00018794909771840837,0.0,0.9989722106319071,0.0020102923091366645,0.001822343211418256,0.9999087329176686,False
5.0527500000000005,1,179,180,1.4345750000000241,1.4345750000000241,0.0,0.021094088691245044,0.021094088691245044,0.09001214239451663,0.08420375044873595,0.005146673195780719,0.021094088691245044,0.005069406044070839,0.0001893834485116918,0.0001893834485116918,0.0,0.9983748538951998,0.0020325953143258135,0.0018432118658141218,0.9998543809530323,False
5.074,1,180,181,1.4404187500000243,1.4404187500000243,0.0,0.02182455744124509,0.02182455744124509,0.09004750044873622,0.0841703585029555,0.005511907570780742,0.02182455744124509,0.005069406044070839,0.00018927720081432007,0.00018927720081432007,0.0,0.9983938984815387,0.0020475995368499506,0.0018583223360356305,0.9998561063333794,False
5.09525,1,181,182,1.4462625000000247,1.4462625000000244,-2.220446049250313e-16,0.022555026191245137,0.022555026191245137,0.09001410850295571,0.083406497807175,0.0056408138207807695,0.022555026191245137,0.005069406044070839,0.00018925329181675418,0.00018925329181675418,0.0,0.9984880113451599,0.002044235359631108,0.0018549820678143538,0.9998646472374405,False
5.11925,1,182,183,1.4528625000000246,1.4528625000000246,0.0,0.02338002619124518,0.02338002619124518,0.09000649780717515,0.08293912148639442,0.006053313820780792,0.02338002619124518,0.005069406044070839,0.0001891637083707597,0.0001891637083707597,0.0,0.9985403543315187,0.0020131534931266022,0.0018239897847558426,0.9998693692643107,False
5.1450000000000005,1,183,184,1.4599437500000247,1.4599437500000247,0.0,0.02426518244124521,0.02426518244124521,0.09002037148639436,0.08206783891561364,0.006938470070780763,0.02426518244124521,0.005069406044070839,0.00018918653362123112,0.00018918653362123112,0.0,0.9986399705225735,0.001824082777670339,0.001634896244049108,0.9998782372730243,False
5.174,1,184,185,1.4679187500000248,1.4679187500000248,0.0,0.02526205744124526,0.02526205744124526,0.09004283891561381,0.08169499384483306,0.007804381547811389,0.02526205744124526,0.005069406044070839,0.00018970789535317935,0.00018970789535317935,0.0,0.9988111119674766,0.001279333839143977,0.0010896259437907978,0.999893259986083,False
5.20425,1,185,186,1.4762375000000256,1.4762375000000256,0.0,0.026301901191245335,0.013150950595622667,0.09001374384483365,0.08062605502405283,0.008844225297811464,0.013150950595622667,0.005069406044070839,0.00018931332656885015,0.00018931332656885015,0.0,0.9989336373707349,0.0003714594840386748,0.00018214615746982464,0.9999031245858264,False
5.2385,1,186,187,1.485656250000026,1.4856562500000259,-2.220446049250313e-16,0.014328294345622734,0.014328294345622734,0.09004480502405336,0.08496853873866292,0.005076266285390448,0.014328294345622734,0.005069406044070839,0.0001861528374356395,0.0001861528374356395,0.0,0.9990591335568418,0.001970454088839016,0.0017843012514033765,0.9999166557720237,False
5.257,1,187,188,1.490743750000026,1.4907437500000262,2.220446049250313e-16,0.01496423184562275,0.01496423184562275,0.09005603873866301,0.08434383495327258,0.005394235035390456,0.01496423184562275,0.005069406044070839,0.0001907328820714536,0.0001907328820714536,0.0,0.9983473742187405,0.0019548248299950735,0.00176409194792362,0.999851824107282,False
5.27775,1,188,189,1.4964500000000265,1.4964500000000265,0.0,0.015677513095622805,0.015677513095622805,0.09005008495327294,0.08394256866788247,0.005934612648905797,0.015677513095622805,0.005069406044070839,0.00018662370894300347,0.00018662370894300347,0.0,0.9984545002123904,0.001971258253042278,0.0017846345440992748,0.9998615534914652,False
5.3,1,189,190,1.5025687500000262,1.5025687500000262,0.0,0.016442356845622834,0.016442356845622834,0.09006131866788254,0.0831889586324921,0.006317034523905811,0.016442356845622834,0.005069406044070839,0.00018525134382488598,0.00018525134382488598,0.0,0.9985912779511605,0.0019654893852463426,0.0017802380414214565,0.9998739678405657,False
5.325,1,190,191,1.5094437500000266,1.5094437500000266,0.0,0.017301731845622892,0.017301731845622892,0.09006395863249234,0.08250512723358656,0.006497503273905844,0.017301731845622892,0.005069406044070839,0.00018576328894189515,0.00018576328894189515,0.0,0.9986850860160758,0.0019213975947548964,0.0017356343058130012,0.9998824561787724,False
5.3525,1,191,192,1.5170062500000268,1.5170062500000268,0.0,0.018247044345622937,0.018247044345622937,0.09006762723358669,0.08156348333468089,0.006970159523905867,0.018247044345622937,0.005069406044070839,0.00018679063748311468,0.00018679063748311468,0.0,0.9987322735007134,0.0017406421040334838,0.001553851466550369,0.9998865986965022,False
5.38325,1,192,193,1.5254625000000268,1.5254625000000268,0.0,0.01930407559562297,0.01930407559562297,0.09001973333468101,0.08084098006077516,0.008027190773905846,0.01930407559562297,0.005069406044070839,0.00018807621491496676,0.00018807621491496676,0.0,0.9988247878525877,0.0005511493794249506,0.0003630731645099838,0.9998935824632899,False
5.41675,1,193,194,1.5346750000000275,1.5346750000000275,0.0,0.020455638095623035,0.020455638095623035,0.09005348006077567,0.08488832217382271,0.0051651578869529565,0.020455638095623035,0.005069406044070839,0.00018996829835802342,0.00018996829835802342,0.0,0.9989725267926743,0.0020299090310350806,0.0018399407326770572,0.9999087840769812,False
5.4355,1,194,195,1.5398312500000277,1.5398312500000277,0.0,0.021100169345623095,0.021100169345623095,0.09004457217382314,0.08423488303687017,0.00514797038695298,0.021100169345623095,0.005069406044070839,0.00019144584407393753,0.00019144584407393753,0.0,0.9983752426177669,0.002052400725094751,0.0018609548810208133,0.999854438925216,False
5.4565,1,195,196,1.545606250000028,1.545606250000028,0.0,0.02182204434562313,0.02182204434562313,0.09000988303687035,0.08414003764991738,0.0055089078869529975,0.02182204434562313,0.005069406044070839,0.00019138990458923016,0.00019138990458923016,0.0,0.9983919252398424,0.002067083841232043,0.0018756939366428131,0.9998559501440312,False
5.478,1,196,197,1.551518750000028,1.551518750000028,0.0,0.022561106845623156,0.022561106845623156,0.09005253764991746,0.0834436297629645,0.005642111011953015,0.022561106845623156,0.005069406044070839,0.0001915032769273201,0.0001915032769273201,0.0,0.9984893951814292,0.0020654258129240467,0.0018739225359967267,0.9998647976773564,False
5.502,1,197,198,1.5581187500000282,1.5581187500000282,0.0,0.0233861068456232,0.0233861068456232,0.09004362976296465,0.08297065937601168,0.006054611011953037,0.0233861068456232,0.005069406044070839,0.00019148151055294255,0.00019148151055294255,0.0,0.9985406765140469,0.0020345819800318167,0.001843100469478874,0.999869423497898,False
5.52775,1,198,199,1.5652000000000283,1.5652000000000283,0.0,0.02427126309562326,0.02427126309562326,0.09005190937601187,0.0820937827390589,0.006939767261953039,0.02427126309562326,0.005069406044070839,0.00019157263961404737,0.00019157263961404737,0.0,0.9986402549809321,0.0018440488274752039,0.0016524761878611565,0.9998782865127084,False
5.5565,1,199,200,1.5731062500000286,1.5731062500000286,0.0,0.0252595443456233,0.0252595443456233,0.09000003273905896,0.08165948422710595,0.007803753273905907,0.0252595443456233,0.005069406044070839,0.0001921380258046954,0.0001921380258046954,0.0,0.9988100456806625,0.0012960264275803449,0.0011038884017756496,0.9998931819028035,False
5.587,1,200,201,1.581493750000029,1.5814937500000288,-2.220446049250313e-16,0.026307981845623354,0.013153990922811677,0.09004698422710639,0.08065799821515332,0.00885219077390596,0.013153990922811677,0.005069406044070839,0.00019178359853336263,0.00019178359853336263,0.0,0.9989346301657454,0.00038593891920779555,0.00019415532067443292,0.9999032273439564,False
5.621,1,201,202,1.5908437500000292,1.5908437500000292,0.0,0.014322740922811732,0.014322740922811732,0.09000799821515376,0.0849353802091772,0.005072618005976565,0.014322740922811732,0.005069406044070839,0.00018995715337241257,0.00018995715337241257,0.0,0.9990591266336196,0.0020110848242477844,0.0018211276708753718,0.9999167022929637,False
5.6395,1,202,203,1.5959312500000298,1.5959312500000298,0.0,0.01495867842281178,0.01495867842281178,0.09002288020917754,0.08431432470320097,0.005390586755976589,0.01495867842281178,0.005069406044070839,0.00019370931506737705,0.00019370931506737705,0.0,0.9983463507957274,0.0019817890892266654,0.0017880797741592885,0.9998517622637546,False
5.6602500000000004,1,203,204,1.6016375000000298,1.6016375000000296,-2.220446049250313e-16,0.015671959672811802,0.015671959672811802,0.09002057470320106,0.0839167066972245,0.005932150074453037,0.015671959672811802,0.005069406044070839,0.00018893800484536612,0.00018893800484536612,0.0,0.9984536017121965,0.0019919209536983992,0.001802982948853033,0.9998614959775939,False
5.6825,1,204,205,1.6077562500000302,1.6077562500000302,0.0,0.016436803422811862,0.016436803422811862,0.09003545669722482,0.08316674494124823,0.006314571949453067,0.016436803422811862,0.005069406044070839,0.00018720058624035807,0.00018720058624035807,0.0,0.9985907830359788,0.0019836811924079864,0.0017964806061676283,0.9998739440217042,False
5.7075000000000005,1,205,206,1.61463125000003,1.61463125000003,0.0,0.01729617842281189,0.01729617842281189,0.09004174494124823,0.08248537611679521,0.0064971891369530865,0.01729617842281189,0.005069406044070839,0.00018764941433284827,0.00018764941433284827,0.0,0.9986846573890513,0.0019386132214863072,0.001750963807153459,0.9998824371628396,False
5.735,1,206,207,1.6221937500000303,1.6221937500000303,0.0,0.018241490922811934,0.018241490922811934,0.09004787611679535,0.0815461947923423,0.006969845386953109,0.018241490922811934,0.005069406044070839,0.00018872922797526207,0.00018872922797526207,0.0,0.9987322441109949,0.00175685460067692,0.001568125372701658,0.999886615019633,False
5.76575,1,207,208,1.6306500000000308,1.6306500000000306,-2.220446049250313e-16,0.019298522172812,0.019298522172812,0.09000244479234266,0.08082615409288955,0.008026876636953117,0.019298522172812,0.005069406044070839,0.00019013166747772615,0.00019013166747772615,0.0,0.9988247673101631,0.0005628767498382786,0.00037274508236055247,0.9998935918370441,False
5.79925,1,208,209,1.639862500000031,1.639862500000031,0.0,0.020450084672812063,0.020450084672812063,0.09003865409289007,0.0848747274931635,0.005163926599726585,0.020450084672812063,0.005069406044070839,0.00019226799839382202,0.00019226799839382202,0.0,0.9989725202402089,0.0020524774830745704,0.0018602094846807485,0.9999088094290914,False
5.8180000000000005,1,209,210,1.6450187500000313,1.6450187500000313,0.0,0.02109461592281209,0.02109461592281209,0.09003097749316366,0.08422251964343709,0.0051478133184766,0.02109461592281209,0.005069406044070839,0.00019378621189039322,0.00019378621189039322,0.0,0.9983749267903123,0.002075245912147805,0.0018814597002574118,0.9998544364797671,False
5.83925,1,210,211,1.6508625000000317,1.6508625000000317,0.0,0.021825084672812137,0.021825084672812137,0.09006626964343736,0.08418798757496077,0.0055130476934766234,0.021825084672812137,0.005069406044070839,0.00019383538035540055,0.00019383538035540055,0.0,0.9983942671906126,0.002090855802721246,0.0018970204223658456,0.9998561906075883,False
5.8605,1,211,212,1.6567062500000318,1.6567062500000318,0.0,0.022555553422812184,0.022555553422812184,0.090031737574961,0.0834229867564844,0.005641953943476651,0.022555553422812184,0.005069406044070839,0.0001939962582579961,0.0001939962582579961,0.0,0.9984883470540166,0.002089203827977098,0.0018952075697191019,0.9998647303383311,False
5.8845,1,212,213,1.6633062500000317,1.663306250000032,2.220446049250313e-16,0.023380553422812228,0.023380553422812228,0.09002298675648454,0.08295447031300793,0.006054453943476673,0.023380553422812228,0.005069406044070839,0.00019408617239336605,0.00019408617239336605,0.0,0.9985406736391123,0.0020592403174702553,0.0018651541450768892,0.9998694520975261,False
5.9102500000000004,1,213,214,1.6703875000000319,1.6703875000000319,0.0,0.024265709672812257,0.024265709672812257,0.09003572031300788,0.08208204761953128,0.006939610193476644,0.024265709672812257,0.005069406044070839,0.00019425544987208338,0.00019425544987208338,0.0,0.998640257799768,0.001868136924989612,0.0016738814751175288,0.9998783150302843,False
5.93925,1,214,215,1.678362500000032,1.6783625000000317,-2.220446049250313e-16,0.025262584672812307,0.025262584672812307,0.09005704761953143,0.0817080624260548,0.007806661793203154,0.025262584672812307,0.005069406044070839,0.0001949118050063471,0.0001949118050063471,0.0,0.998811348184553,0.001319438302985261,0.001124526497978914,0.9998933268126862,False
5.9695,1,215,216,1.6866812500000326,1.6866812500000326,0.0,0.02630242842281238,0.01315121421140619,0.0900268124260554,0.0806379834825787,0.008846505543203228,0.01315121421140619,0.005069406044070839,0.00019453893347006894,0.00019453893347006894,0.0,0.9989339782704442,0.00040301430204824074,0.0002084753685781718,0.9999031841003552,False
6.00375,1,216,217,1.6961000000000335,1.6961000000000332,-2.220446049250313e-16,0.014328557961406257,0.014328557961406257,0.09005673348257923,0.08497989713584084,0.005076836346738388,0.014328557961406257,0.005069406044070839,0.00019402209603933905,0.00019402209603933905,0.0,0.9990594520099343,0.0020522160086453092,0.0018581939126059701,0.9999167787997111,False
6.0222500000000005,1,217,218,1.7011875000000334,1.7011875000000334,0.0,0.014964495461406274,0.014964495461406274,0.09006739713584094,0.08435462328910256,0.005394805096738397,0.014964495461406274,0.005069406044070839,0.00019691152302594,0.00019691152302594,0.0,0.9983476121913335,0.0020129096128697274,0.0018159980898437874,0.9998519121614701,False
6.043,1,218,219,1.7068937500000336,1.7068937500000336,0.0,0.015677776711406327,0.015677776711406327,0.09006087328910291,0.0839527869423645,0.005935752771601679,0.015677776711406327,0.005069406044070839,0.00019148261371209406,0.00019148261371209406,0.0,0.998454702281508,0.0020167624494677253,0.0018252798357556311,0.9998616243072495,False
6.065,1,219,220,1.7129437500000337,1.7129437500000337,0.0,0.016434026711406344,0.016434026711406344,0.0900027869423645,0.08313845059562612,0.006313877771601688,0.016434026711406344,0.005069406044070839,0.00018938678196773958,0.00018938678196773958,0.0,0.9985897573893109,0.002004795827687922,0.0018154090457201822,0.9998738752228369,False
6.09,1,220,221,1.7198187500000337,1.7198187500000337,0.0,0.017293401711406402,0.017293401711406402,0.09001345059562635,0.08246207282402471,0.006494346521601721,0.017293401711406402,0.005069406044070839,0.00018977597020080258,0.00018977597020080258,0.0,0.9986845564716605,0.001959011313082966,0.0017692353428821633,0.9998824515154767,False
6.1175,1,221,222,1.7273812500000338,1.7273812500000338,0.0,0.018238714211406448,0.018238714211406448,0.09002457282402485,0.08152788255242317,0.006967002771601743,0.018238714211406448,0.005069406044070839,0.00019089820712771174,0.00019089820712771174,0.0,0.9987317859644388,0.0017767913389735782,0.0015858931318458664,0.9998865964484104,False
6.1485,1,222,223,1.7359062500000342,1.7359062500000342,0.0,0.019304339211406493,0.019304339211406493,0.09005288255242337,0.08086869228082164,0.008032627771601733,0.019304339211406493,0.005069406044070839,0.00019244836818663056,0.00019244836818663056,0.0,0.9988256396654438,0.0005810300121199263,0.0003885816439332958,0.9998936903335894,False
6.18175,1,223,224,1.7450500000000349,1.7450500000000349,0.0,0.020447307961406577,0.020447307961406577,0.09001244228082231,0.0848488627700214,0.00516357951080091,0.020447307961406577,0.005069406044070839,0.00019480351598833898,0.00019480351598833898,0.0,0.9989722328794804,0.0020775248573069033,0.0018827213413185643,0.9999088121030721,False
6.2005,1,224,225,1.7502062500000348,1.750206250000035,2.220446049250313e-16,0.021091839211406605,0.021091839211406605,0.09000511277002157,0.08419700200922069,0.005146392010800918,0.021091839211406605,0.005069406044070839,0.00019634960229208403,0.00019634960229208403,0.0,0.998374861535506,0.0021005531025753213,0.0019042035002832373,0.9998544596469351,False
6.22175,1,225,226,1.7560500000000352,1.7560500000000352,0.0,0.02182230796140665,0.02182230796140665,0.09004075200922096,0.08416389124842004,0.005511626385800941,0.02182230796140665,0.005069406044070839,0.00019649047591223644,0.00019649047591223644,0.0,0.9983939115102736,0.0021166187707258137,0.0019201282948135773,0.999856188458648,False
6.243,1,226,227,1.7618937500000351,1.7618937500000351,0.0,0.022552776711406666,0.022552776711406666,0.09000764124842002,0.08340031173761914,0.005640532635800953,0.022552776711406666,0.005069406044070839,0.00019675532203838035,0.00019675532203838035,0.0,0.9984880369538733,0.0021160897007972655,0.0019193343787588851,0.9998647335340974,False
6.267,1,227,228,1.7684937500000353,1.7684937500000353,0.0,0.02337777671140671,0.02337777671140671,0.09000031173761927,0.08293321660181838,0.006053032635800975,0.02337777671140671,0.005069406044070839,0.00019694294144703678,0.00019694294144703678,0.0,0.9985403882232836,0.0020870547142601732,0.0018901117728131365,0.999869458552939,False
6.29275,1,228,229,1.7755750000000354,1.7755750000000357,2.220446049250313e-16,0.02426293296140677,0.02426293296140677,0.09001446660181857,0.08206221521601766,0.0069381888858009765,0.02426293296140677,0.005069406044070839,0.00019719629472985333,0.00019719629472985333,0.0,0.9986400157485857,0.001896027613082378,0.0016988313183525247,0.9998783255237272,False
6.32175,1,229,230,1.7835500000000357,1.7835500000000357,0.0,0.02525980796140682,0.02525980796140682,0.09003721521601782,0.08168965133021686,0.007803819177851787,0.02525980796140682,0.005069406044070839,0.00019792193668951452,0.00019792193668951452,0.0,0.9988111726697555,0.0013463800457977557,0.001148458109108241,0.9998933413599663,False
6.352,1,230,231,1.7918687500000363,1.7918687500000363,0.0,0.026299651711406864,0.013149825855703432,0.0900084013302172,0.0806209936944162,0.008843662927851829,0.013149825855703432,0.005069406044070839,0.00019756945335533502,0.00019756945335533502,0.0,0.998933672900586,0.00042511985908570693,0.0002275504057303719,0.9999031788188397,False
6.38625,1,231,232,1.8012875000000363,1.8012875000000363,0.0,0.014327169605703498,0.014327169605703498,0.09003974369441672,0.08496361800151618,0.005076125692900539,0.014327169605703498,0.005069406044070839,0.00019850131386921855,0.00019850131386921855,0.0,0.9990592428484347,0.002098400616627888,0.0018998993027586693,0.99991681272445,False
6.40475,1,232,233,1.806375000000037,1.806375000000037,0.0,0.014963107105703546,0.014963107105703546,0.09005111800151652,0.08433905480861598,0.005394094442900563,0.014963107105703546,0.005069406044070839,0.00020046868455430726,0.00020046868455430726,0.0,0.9983474492293025,0.002047302793268417,0.0018468341087141099,0.9998519365534124,False
6.4255,1,233,234,1.8120812500000372,1.8120812500000372,0.0,0.01567638835570357,0.01567638835570357,0.09004530480861608,0.08393792911571553,0.00593433146392598,0.01567638835570357,0.005069406044070839,0.00019433586616654418,0.00019433586616654418,0.0,0.9984545566593097,0.002044347006444888,0.001850011140278344,0.9998616427305617,False
6.44775,1,234,235,1.8182000000000373,1.8182000000000373,0.0,0.01644123210570363,0.01644123210570363,0.09005667911571585,0.08318445967281532,0.00631675333892601,0.01644123210570363,0.005069406044070839,0.00019189189292659066,0.00019189189292659066,0.0,0.9985913012487203,0.0020301925536461637,0.001838300660719573,0.9998740444233472,False
6.4727500000000004,1,235,236,1.8250750000000373,1.8250750000000373,0.0,0.017300607105703657,0.017300607105703657,0.0900594596728153,0.08250090945888934,0.006497222088926027,0.017300607105703657,0.005069406044070839,0.00019216086114125046,0.00019216086114125046,0.0,0.9986851145470531,0.001982981086718877,0.0017908202255776263,0.9998825295216625,False
6.50025,1,236,237,1.8326375000000374,1.8326375000000374,0.0,0.018245919605703702,0.018245919605703702,0.09006340945888948,0.08155954674496349,0.006969878338926049,0.018245919605703702,0.005069406044070839,0.00019330559829849626,0.00019330559829849626,0.0,0.9987323071904712,0.0018003357949071819,0.0016070301966086857,0.9998866707243053,False
6.531,1,237,238,1.841093750000038,1.8410937500000377,-2.220446049250313e-16,0.019302950855703768,0.019302950855703768,0.09001579674496385,0.0808373246560378,0.00802690958892606,0.019302950855703768,0.005069406044070839,0.00019491494827726652,0.00019491494827726652,0.0,0.9988248320952374,0.0005999383911015482,0.0004050234428242817,0.9998936372952053,False
6.5645,1,238,239,1.8503062500000385,1.8503062500000385,0.0,0.02045451335570383,0.02045451335570383,0.09004982465603831,0.08488480736157525,0.005165017294463056,0.02045451335570383,0.005069406044070839,0.00019753872825054202,0.00019753872825054202,0.0,0.9989725902008978,0.002105275976773395,0.001907737248522853,0.9999088760766475,False
6.5832500000000005,1,239,240,1.8554625000000387,1.8554625000000387,0.0,0.02109904460570386,0.02109904460570386,0.09004105736157544,0.0842315088171124,0.005147829794463071,0.02109904460570386,0.005069406044070839,0.00019911882214803766,0.00019911882214803766,0.0,0.998375299267906,0.0021286799155952676,0.00192956109344723,0.9998545313720331,False
6.60425,1,240,241,1.8612375000000387,1.8612375000000387,0.0,0.021820919605703894,0.021820919605703894,0.09000650881711258,0.08413680402264953,0.005508767294463089,0.021820919605703894,0.005069406044070839,0.00019933502220832746,0.00019933502220832746,0.0,0.9983919862130016,0.00214459276577033,0.0019452577435620023,0.99985604605549,False
6.62575,1,241,242,1.8671500000000392,1.8671500000000392,0.0,0.022559982105703952,0.022559982105703952,0.09004930402264984,0.08344053672818677,0.005641970419463122,0.022559982105703952,0.005069406044070839,0.00019974242643805543,0.00019974242643805543,0.0,0.998489464612599,0.002146082682264055,0.0019463402558259995,0.9998648977515576,False
6.64975,1,242,243,1.8737500000000393,1.8737500000000393,0.0,0.023384982105703996,0.023384982105703996,0.0900405367281869,0.08296770693372382,0.006054470419463144,0.023384982105703996,0.005069406044070839,0.0001999986622837735,0.0001999986622837735,0.0,0.998540751835962,0.002117842845892958,0.0019178441836091846,0.9998695269709749,False
6.6755,1,243,244,1.8808312500000395,1.8808312500000395,0.0,0.024270138355704025,0.024270138355704025,0.09004895693372378,0.0820909708892607,0.006939626669463115,0.024270138355704025,0.005069406044070839,0.00020033874869355184,0.00020033874869355184,0.0,0.9986403376879405,0.0019273033905659806,0.0017269646418724288,0.9998783907088831,False
6.7045,1,244,245,1.8888062500000395,1.8888062500000395,0.0,0.025267013355704075,0.025267013355704075,0.09006597088926085,0.08171696921979775,0.007807768963926096,0.025267013355704075,0.005069406044070839,0.00020113249272950636,0.00020113249272950636,0.0,0.9988114289331019,0.001376337049537192,0.0011752045568076857,0.9998933987044558,False
6.73475,1,245,246,1.89712500000004,1.89712500000004,0.0,0.02630685710570415,0.013153428552852075,0.09003571921979833,0.08064687380033517,0.00884761271392617,0.013153428552852075,0.005069406044070839,0.00020081044424885786,0.00020081044424885786,0.0,0.9989341910707731,0.00045160832176387167,0.0002507978775150138,0.9999032539710482,False
6.769,1,246,247,1.9065437500000404,1.9065437500000404,0.0,0.014330772302852141,0.014330772302852141,0.0900656238003357,0.08498877921560408,0.005076844584731624,0.014330772302852141,0.005069406044070839,0.00020325915690939177,0.00020325915690939177,0.0,0.999059676558242,0.0021477145132345263,0.0019444553563251344,0.9999169084795466,False
6.78725,1,247,248,1.9115625000000407,1.911562500000041,2.220446049250313e-16,0.014958116052852178,0.014958116052852178,0.09000752921560433,0.08430334088087271,0.005390516459731642,0.014958116052852178,0.005069406044070839,0.00020437445362619507,0.00020437445362619507,0.0,0.9983452114329232,0.002084874998640858,0.001880500545014663,0.9998517760593424,False
6.808,1,248,249,1.9172687500000407,1.9172687500000407,0.0,0.015671397302852202,0.015671397302852202,0.09000959088087282,0.08390579317114119,0.005932009481963144,0.015671397302852202,0.005069406044070839,0.00019748309646552047,0.00019748309646552047,0.0,0.9984536869369123,0.002074475648373375,0.0018769925519078546,0.9998615983686004,False
6.83025,1,249,250,1.9233875000000409,1.9233875000000409,0.0,0.01643624105285223,0.01643624105285223,0.09002454317114127,0.08315590171140967,0.006314431356963158,0.01643624105285223,0.005069406044070839,0.0001945805696739705,0.0001945805696739705,0.0,0.9985908453405121,0.002056932991132382,0.0018623524214584114,0.9998740337815075,False
6.85525,1,250,251,1.9302625000000413,1.9302625000000413,0.0,0.01729561605285229,0.01729561605285229,0.0900309017114099,0.08247467347944679,0.006494900106963191,0.01729561605285229,0.005069406044070839,0.00019471173772938266,0.00019471173772938266,0.0,0.9986847201351565,0.002008455147970767,0.0018137434102413843,0.9998825229302846,False
6.88275,1,251,252,1.9378250000000414,1.9378250000000414,0.0,0.018240928552852333,0.018240928552852333,0.09003717347944692,0.08153563274748377,0.006967556356963214,0.018240928552852333,0.005069406044070839,0.00019587547625746993,0.00019587547625746993,0.0,0.9987319430940079,0.001825559727074877,0.001629684250817407,0.9998866665913854,False
6.91375,1,252,253,1.9463500000000415,1.9463500000000415,0.0,0.01930655355285238,0.01930655355285238,0.09006063274748397,0.08087588889052076,0.008033181356963204,0.01930655355285238,0.005069406044070839,0.00019763227935859327,0.00019763227935859327,0.0,0.9988257859432345,0.0006242410288040956,0.0004266087494455023,0.9998937507620289,False
6.947,1,253,254,1.9554937500000422,1.9554937500000422,0.0,0.020449522302852463,0.020449522302852463,0.09001963889052143,0.0848557825870398,0.005163856303481646,0.020449522302852463,0.005069406044070839,0.00020047439609613578,0.00020047439609613578,0.0,0.9989723665276306,0.0021346854843135032,0.0019342110882173674,0.9999088894426494,False
6.96575,1,254,255,1.9606500000000424,1.9606500000000424,0.0,0.02109405355285249,0.02109405355285249,0.09001203258703996,0.08420364503355834,0.005146668803481654,0.02109405355285249,0.005069406044070839,0.00020205640958946496,0.00020205640958946496,0.0,0.9983750109791867,0.002158195303322223,0.001956138893732758,0.9998545389920906,False
6.987,1,255,256,1.9664937500000428,1.9664937500000428,0.0,0.021824522302852537,0.021824522302852537,0.0900473950335586,0.08417025748007696,0.005511903178481677,0.021824522302852537,0.005069406044070839,0.00020240562172613505,0.00020240562172613505,0.0,0.9983940615873403,0.002175284367244311,0.001972878745518176,0.999856270098155,False
7.00825,1,256,257,1.9723375000000427,1.9723375000000427,0.0,0.022554991052852552,0.022554991052852552,0.09001400748007693,0.08340640117659531,0.005640809428481689,0.022554991052852552,0.005069406044070839,0.00020286881305017415,0.00020286881305017415,0.0,0.9984881810797547,0.0021770719935966937,0.0019742031805465195,0.9998648171513762,False
7.03225,1,257,258,1.9789375000000429,1.9789375000000429,0.0,0.023379991052852597,0.023379991052852597,0.09000640117659545,0.08293902924811382,0.006053309428481711,0.023379991052852597,0.005069406044070839,0.0002032219153482732,0.0002032219153482732,0.0,0.998540529944759,0.0021499152777432404,0.001946693362394967,0.9998695440121994,False
7.058,1,258,259,1.986018750000043,1.986018750000043,0.0,0.024265147302852657,0.024265147302852657,0.09002027924811402,0.08206775106963238,0.006938465678481712,0.024265147302852657,0.005069406044070839,0.0002036611660185345,0.0002036611660185345,0.0,0.9986401516217228,0.0019603737628554087,0.001756712596836874,0.9998784121149216,False
7.087,1,259,260,1.993993750000043,1.993993750000043,0.0,0.025262022302852707,0.025262022302852707,0.09004275106963253,0.08169491039115084,0.007804372763213259,0.025262022302852707,0.005069406044070839,0.00020452368817567356,0.00020452368817567356,0.0,0.9988112973767354,0.0014088709748416306,0.001204347286665957,0.9998934236341608,False
7.11725,1,260,261,2.0023125000000435,2.0023125000000435,0.0,0.02630186605285275,0.013150933026426375,0.09001366039115119,0.08062597596266943,0.008844216513213302,0.013150933026426375,0.005069406044070839,0.00020423919104867872,0.00020423919104867872,0.0,0.9989338240140736,0.0004793917529746783,0.00027515256192599957,0.9999032502339665,False
7.1515,1,261,262,2.011731250000044,2.011731250000044,0.0,0.014328276776426441,0.014328276776426441,0.09004472596266996,0.08496846187342906,0.005076264089240907,0.014328276776426441,0.005069406044070839,0.0002082903721574145,0.0002082903721574145,0.0,0.9990594219556092,0.00219933047056535,0.0019910400984079354,0.9999169443286464,False
7.17,1,262,263,2.016818750000044,2.016818750000044,0.0,0.01496421427642649,0.01496421427642649,0.0900559618734294,0.0843437602841885,0.005394232839240931,0.01496421427642649,0.005069406044070839,0.00020835919563522157,0.00020835919563522157,0.0,0.9983475857638104,0.0021250309093967593,0.0019166717137615377,0.9998520371777229,False
7.19075,1,263,264,2.0225250000000443,2.0225250000000443,0.0,0.015677495526426513,0.015677495526426513,0.09005001028418859,0.08394249619494767,0.005934608256606716,0.015677495526426513,0.005069406044070839,0.00020076543877722413,0.00020076543877722413,0.0,0.9984546701261817,0.0021076954584626564,0.0019069300196854324,0.9998617253291259,False
7.213,1,264,265,2.028643750000045,2.028643750000045,0.0,0.016442339276426573,0.016442339276426573,0.09006124619494801,0.08318888835570709,0.006317030131606746,0.016442339276426573,0.005069406044070839,0.00019746864542474,0.00019746864542474,0.0,0.9985914292117588,0.0020865705421042116,0.0018891018966794716,0.9998741205370174,False
7.238,1,265,266,2.035518750000045,2.035518750000045,0.0,0.0173017142764266,0.0173017142764266,0.09006388835570708,0.08250506134910038,0.006497498881606763,0.0173017142764266,0.005069406044070839,0.000197464868502921,0.000197464868502921,0.0,0.9986852319463743,0.002036684100960612,0.0018392192324576907,0.9998826015423998,False
7.2655,1,266,267,2.043081250000045,2.043081250000045,0.0,0.018247026776426645,0.018247026776426645,0.09006756134910052,0.0815634218424938,0.006970155131606786,0.018247026776426645,0.005069406044070839,0.0001986357887887584,0.0001986357887887584,0.0,0.9987324214856106,0.0018536102766724127,0.0016549744878836543,0.9998867419929309,False
7.296250000000001,1,267,268,2.0515375000000455,2.0515375000000455,0.0,0.01930405802642671,0.01930405802642671,0.09001967184249415,0.08084092296088738,0.008027186381606795,0.01930405802642671,0.005069406044070839,0.00020044848825065268,0.00020044848825065268,0.0,0.9988249423919046,0.0006481886684602811,0.00044774018020962844,0.9998937006136447,False
7.32975,1,268,269,2.060750000000046,2.060750000000046,0.0,0.020455620526426774,0.020455620526426774,0.09005342296088789,0.08488826727008446,0.005165155690803424,0.020455620526426774,0.005069406044070839,0.00020355801153528128,0.00020355801153528128,0.0,0.9989726972284613,0.0021661377941945698,0.0019625797826592884,0.9999089551644694,False
7.3485000000000005,1,269,270,2.065906250000046,2.0659062500000465,4.440892098500626e-16,0.021100151776426802,0.021100151776426802,0.09004451727008464,0.08423483032928122,0.005147968190803439,0.021100151776426802,0.005069406044070839,0.00020516034230362362,0.00020516034230362362,0.0,0.9983754142640875,0.0021899448512282746,0.001984784508924651,0.9998546116630466,False
7.3695,1,270,271,2.0716812500000463,2.0716812500000463,0.0,0.021822026776426837,0.021822026776426837,0.09000983032928142,0.08413998713847799,0.005508905690803457,0.021822026776426837,0.005069406044070839,0.00020559702072608067,0.00020559702072608067,0.0,0.9983921029052534,0.0022070144424024968,0.002001417421676416,0.9998561289184814,False
7.391,1,271,272,2.0775937500000463,2.0775937500000463,0.0,0.022561089276426895,0.022561089276426895,0.0900524871384783,0.08344358144767486,0.00564210881580349,0.022561089276426895,0.005069406044070839,0.00020620327182137562,0.00020620327182137562,0.0,0.9984895795052875,0.0022108952706638256,0.00200469199884245,0.9998649830584382,False
7.415,1,272,273,2.084193750000047,2.0841937500000465,-4.440892098500626e-16,0.02338608927642694,0.02338608927642694,0.090043581447675,0.08297061325687155,0.006054608815803512,0.02338608927642694,0.005069406044070839,0.0002066377536518883,0.0002066377536518883,0.0,0.9985408668234408,0.0021846962696710805,0.001978058516019192,0.9998696145180529,False
7.44075,1,273,274,2.0912750000000466,2.0912750000000466,0.0,0.02427124552642697,0.02427124552642697,0.0900518632568715,0.08209373881606807,0.006939765065803483,0.02427124552642697,0.005069406044070839,0.00020714790364195903,0.00020714790364195903,0.0,0.9986404507516223,0.001996112080195296,0.0017889641765533371,0.9998784802467443,False
7.46975,1,274,275,2.0992500000000467,2.0992500000000467,0.0,0.025268120526427018,0.025268120526427018,0.09006873881606822,0.08171959875026474,0.0078080457566068314,0.025268120526427018,0.005069406044070839,0.00020809752100960576,0.00020809752100960576,0.0,0.9988115374798244,0.0014436906191311258,0.0012355930981215201,0.9998934850516917,False
7.5,1,275,276,2.107568750000047,2.107568750000047,0.0,0.026307964276427093,0.013153982138213546,0.09003834875026534,0.0806493649344618,0.008847889506606905,0.013153982138213546,0.005069406044070839,0.00020784422761722823,0.00020784422761722823,0.0,0.9989343133627673,0.0005106465609125699,0.00030280233329534165,0.9999033286770571,False
7.53425,1,276,277,2.1169875000000475,2.1169875000000475,0.0,0.014331325888213613,0.014331325888213613,0.09006811493446233,0.08499120115156053,0.005076913782901808,0.014331325888213613,0.005069406044070839,0.00021354896939083899,0.00021354896939083899,0.0,0.9990598355808878,0.0022535519832823925,0.0020400030138915536,0.9999170437385904,False
7.5525,1,277,278,2.122006250000048,2.122006250000048,0.0,0.01495866963821365,0.01495866963821365,0.09000995115156077,0.08430569361865897,0.005390585657901827,0.01495866963821365,0.005069406044070839,0.00021275246268680136,0.00021275246268680136,0.0,0.9983453345351958,0.0021679824975346096,0.0019552300348478083,0.9998518814695155,False
7.57325,1,278,279,2.1277125000000483,2.1277125000000483,0.0,0.015671950888213673,0.015671950888213673,0.09001194361865907,0.08390807671075726,0.005932147878303512,0.015671950888213673,0.005069406044070839,0.00020435652004434046,0.00020435652004434046,0.0,0.9984537886754952,0.002142645556487327,0.0019382890364429866,0.9998616852868909,False
7.5955,1,279,280,2.133831250000048,2.133831250000048,0.0,0.016436794638213702,0.016436794638213702,0.09002682671075735,0.08315811605285556,0.006314569753303526,0.016436794638213702,0.005069406044070839,0.00020053426692007644,0.00020053426692007644,0.0,0.9985909489296783,0.002117405668971728,0.0019168714020516516,0.9998741122870951,False
7.6205,1,280,281,2.1407062500000484,2.1407062500000484,0.0,0.01729616963821376,0.01729616963821376,0.0900331160528558,0.0824767494245523,0.006495038503303559,0.01729616963821376,0.005069406044070839,0.00020034140260736342,0.00020034140260736342,0.0,0.9986848162446894,0.00206586503390592,0.0018655236312985564,0.9998825972027304,False
7.648000000000001,1,281,282,2.1482687500000486,2.1482687500000486,0.0,0.018241482138213805,0.018241482138213805,0.09003924942455244,0.08153757029624892,0.006967694753303582,0.018241482138213805,0.005069406044070839,0.0002014974984889565,0.0002014974984889565,0.0,0.9987320374736149,0.0018824665728326556,0.0016809690743436992,0.9998867401036499,False
7.679,1,282,283,2.156793750000049,2.156793750000049,0.0,0.019307107138213882,0.019307107138213882,0.09006257029624937,0.08087768804294576,0.008033319753303602,0.019307107138213882,0.005069406044070839,0.0002034552405355789,0.0002034552405355789,0.0,0.9988258795976706,0.000676459101081911,0.00047300386054633205,0.9998938173827234,False
7.71225,1,283,284,2.1659375000000494,2.1659375000000494,0.0,0.020450075888213935,0.020450075888213935,0.09002143804294618,0.08485751254129435,0.005163925501651829,0.020450075888213935,0.005069406044070839,0.00020678270547976993,0.00020678270547976993,0.0,0.9989724617298296,0.0021985930509176924,0.0019918103454379223,0.999908970883585,False
7.731,1,284,285,2.1710937500000496,2.1710937500000496,0.0,0.021094607138213962,0.021094607138213962,0.09001376254129453,0.08420530578964272,0.005146738001651837,0.021094607138213962,0.005069406044070839,0.0002083799415454701,0.0002083799415454701,0.0,0.9983751102493471,0.0022224332840722616,0.0020140533425267917,0.9998546211984717,False
7.75225,1,285,286,2.17693750000005,2.17693750000005,0.0,0.02182507588821401,0.02182507588821401,0.09004905578964299,0.08417184903799116,0.00551197237665186,0.02182507588821401,0.005069406044070839,0.00020894655630852637,0.00020894655630852637,0.0,0.9983941627728861,0.002240695166604384,0.0020317486102958576,0.9998563549389624,False
7.7735,1,286,287,2.1827812500000503,2.1827812500000503,0.0,0.022555544638214055,0.022555544638214055,0.09001559903799139,0.08340792353633955,0.005640878626651888,0.022555544638214055,0.005069406044070839,0.00020957777706644268,0.00020957777706644268,0.0,0.9984882823891532,0.0022446757193760325,0.0020350979423095898,0.9998649043712233,False
7.7975,1,287,288,2.18938125000005,2.18938125000005,0.0,0.023380544638214068,0.023380544638214068,0.09000792353633945,0.08294048240968763,0.006053378626651894,0.023380544638214068,0.005069406044070839,0.00021018292082652045,0.00021018292082652045,0.0,0.9985406333587407,0.002220223866352969,0.002010040945526448,0.9998696344274912,False
7.82325,1,288,289,2.19646250000005,2.1964625000000506,4.440892098500626e-16,0.02426570088821413,0.02426570088821413,0.09002173240968783,0.082069135033036,0.006938534876651896,0.02426570088821413,0.005069406044070839,0.00021075219256121895,0.00021075219256121895,0.0,0.9986402546888111,0.0020326713457162297,0.0018219191531550108,0.9998785046629064,False
7.85225,1,289,290,2.2044375000000507,2.2044375000000507,0.0,0.025262575888214178,0.025262575888214178,0.09004413503303615,0.08169622515638428,0.007804511159553619,0.025262575888214178,0.005069406044070839,0.0002118218451427142,0.0002118218451427142,0.0,0.9988113997554919,0.0014804185667272526,0.0012685967215845385,0.9998935141964207,False
7.8825,1,290,291,2.212756250000051,2.2127562500000506,-4.440892098500626e-16,0.026302419638214253,0.013151209819107126,0.09001497515638487,0.08062722152973294,0.008844354909553693,0.013151209819107126,0.005069406044070839,0.00021160158020969258,0.00021160158020969258,0.0,0.9989339337925236,0.0005424745059243591,0.0003308729257146665,0.9999033287517405,False
7.91675,1,291,292,2.2221750000000515,2.2221750000000515,0.0,0.014328553569107162,0.014328553569107162,0.09004597152973322,0.08496967284140722,0.0050762986883259986,0.014328553569107162,0.005069406044070839,0.00021903278394981538,0.00021903278394981538,0.0,0.9990595733826305,0.0023095905172975315,0.002090557733347716,0.9999170838440896,False
7.93525,1,292,293,2.2272625000000517,2.2272625000000517,0.0,0.01496449106910721,0.01496449106910721,0.09005717284140756,0.08434493665308156,0.0053942674383260225,0.01496449106910721,0.005069406044070839,0.00021715299618824718,0.00021715299618824718,0.0,0.9983477042815492,0.002212608339480983,0.0019954553432927355,0.9998521471782255,False
7.956,1,293,294,2.232968750000052,2.232968750000052,0.0,0.015677772319107233,0.015677772319107233,0.09005118665308165,0.08394363796475565,0.005934677454776896,0.015677772319107233,0.005069406044070839,0.00020802982908258864,0.00020802982908258864,0.0,0.9984547681857154,0.0021801046568147645,0.0019720748277321756,0.999861816657132,False
7.97825,1,294,295,2.2390875000000516,2.2390875000000516,0.0,0.016442616069107293,0.016442616069107293,0.09006238796475598,0.08318999552642997,0.006317099329776926,0.016442616069107293,0.005069406044070839,0.00020381851502372056,0.00020381851502372056,0.0,0.9985915226216511,0.002150763164013185,0.0019469446489894643,0.9998742023047914,False
8.00325,1,295,296,2.2459625000000525,2.2459625000000525,0.0,0.01730199106910735,0.01730199106910735,0.09006499552643019,0.08250609932165329,0.006497568079776955,0.01730199106910735,0.005069406044070839,0.00020338966198057127,0.00020338966198057127,0.0,0.998685319033966,0.002097397641618287,0.0018940079796377159,0.9998826787245017,False
8.03075,1,296,297,2.253525000000052,2.253525000000052,0.0,0.018247303569107396,0.018247303569107396,0.09006859932165327,0.08156439061687637,0.006970224329776946,0.018247303569107396,0.005069406044070839,0.00020452003757308668,0.00020452003757308668,0.0,0.9987325073365847,0.0019136485338044906,0.001709128496231404,0.9998868182280634,False
8.0615,1,297,298,2.2619812500000522,2.2619812500000522,0.0,0.01930433481910743,0.01930433481910743,0.09002064061687623,0.08084182253709936,0.008027255579776911,0.01930433481910743,0.005069406044070839,0.0002065257518273249,0.0002065257518273249,0.0,0.9988250291556487,0.0007036974429858456,0.0004971716911585206,0.9998937705720089,False
8.095,1,298,299,2.271193750000052,2.271193750000052,0.0,0.020455897319107495,0.020455897319107495,0.09005432253709933,0.08488913224721091,0.005165190289888431,0.020455897319107495,0.005069406044070839,0.00021010805066659362,0.00021010805066659362,0.0,0.9989727877155015,0.0022325549061475367,0.002022446855480943,0.9999090390059725,False
8.11375,1,299,300,2.2763500000000523,2.2763500000000523,0.0,0.021100428569107554,0.021100428569107554,0.09004538224721109,0.08423566070732263,0.005148002789888453,0.021100428569107554,0.005069406044070839,0.00021173893750410405,0.00021173893750410405,0.0,0.9983755070945118,0.002256801315461923,0.002045062377957819,0.9998546962419547,False
8.13475,1,300,301,2.282125000000052,2.282125000000052,0.0,0.021822303569107557,0.021822303569107557,0.09001066070732233,0.08414078291743392,0.005508940289888431,0.021822303569107557,0.005069406044070839,0.0002123560623177237,0.0002123560623177237,0.0,0.9983921974044488,0.002274729025775208,0.002062372963457484,0.9998562157499286,False
8.15625,1,301,302,2.288037500000052,2.288037500000052,0.0,0.022561366069107584,0.022561366069107584,0.0900532829174338,0.08344434262754541,0.0056421434148884245,0.022561366069107584,0.005069406044070839,0.000213134585357499,0.000213134585357499,0.0,0.9984896752175382,0.0022808631643931425,0.0020677285790356437,0.9998650724403808,False
8.180250000000001,1,302,303,2.294637500000052,2.2946375000000523,4.440892098500626e-16,0.02338636606910766,0.02338636606910766,0.09004434262754561,0.0829713398376572,0.0060546434148884345,0.02338636606910766,0.005069406044070839,0.0002138932974415531,0.0002138932974415531,0.0,0.998540966094756,0.002258178190861309,0.002044284893419756,0.999869708174123,False
8.206,1,303,304,2.3017187500000524,2.3017187500000524,0.0,0.02427152231910772,0.02427152231910772,0.09005258983765727,0.08209443079776883,0.006939799664888436,0.02427152231910772,0.005069406044070839,0.00021451035501036706,0.00021451035501036706,0.0,0.9986405504682957,0.002071481496462607,0.0018569711414522401,0.9998785759464278,False
8.23475,1,304,305,2.309625000000052,2.309625000000052,0.0,0.025259803569107727,0.025259803569107727,0.09000068079776843,0.08166009988288006,0.007803818079776809,0.025259803569107727,0.005069406044070839,0.00021567907809198018,0.00021567907809198018,0.0,0.9988103469423499,0.0015181297791131351,0.0013024507010211549,0.9998934613600773,False
8.26525,1,305,306,2.3180125000000515,2.3180125000000515,0.0,0.02630824106910778,0.01315412053455389,0.09004759988288,0.08065858146799162,0.008852255579776794,0.01315412053455389,0.005069406044070839,0.00021550779976709024,0.00021550779976709024,0.0,0.9989349372995051,0.0005779765687814464,0.0003624687690143562,0.9999034590413274,False
8.29925,1,306,307,2.327362500000052,2.327362500000052,0.0,0.014322870534553899,0.014322870534553899,0.0900085814679917,0.08493594726054751,0.005072634207444186,0.014322870534553899,0.005069406044070839,0.0002249082089671909,0.0002249082089671909,0.0,0.9990595853855672,0.002370804737118544,0.002145896528151353,0.9999171550127304,False
8.31775,1,307,308,2.3324500000000516,2.3324500000000516,0.0,0.014958808034553874,0.014958808034553874,0.09002344726054731,0.08431487555310316,0.005390602957444174,0.014958808034553874,0.005069406044070839,0.00022197122593031694,0.00022197122593031694,0.0,0.9983467012604786,0.0022602946014143796,0.0020383233754840626,0.9998521102084081,False
8.3385,1,308,309,2.338156250000052,2.3381562500000523,4.440892098500626e-16,0.015672089284553915,0.015672089284553915,0.09002112555310346,0.08391724134565924,0.005932182477388393,0.015672089284553915,0.005069406044070839,0.00021201324497515696,0.00021201324497515696,0.0,0.998453887421384,0.0022193152545438508,0.002007302009568694,0.9998617813956362,False
8.36075,1,309,310,2.344275000000052,2.344275000000052,0.0,0.016436933034553944,0.016436933034553944,0.09003599134565918,0.08316726338821498,0.006314604352388382,0.016436933034553944,0.005069406044070839,0.0002072992021900146,0.0002072992021900146,0.0,0.9985910394542951,0.0021853502939645914,0.001978051091774577,0.9998741979808923,False
8.38575,1,310,311,2.351150000000052,2.351150000000052,0.0,0.017296308034554002,0.017296308034554002,0.09004226338821511,0.08248586216082673,0.006497221539888397,0.017296308034554002,0.005069406044070839,0.0002065319274364436,0.0002065319274364436,0.0,0.9986849003122756,0.0021295465391039103,0.0019230146116674667,0.9998826774053376,False
8.41325,1,311,312,2.3587125000000517,2.3587125000000517,0.0,0.018241620534554047,0.018241620534554047,0.09004836216082672,0.08154664843343837,0.006969877789888388,0.018241620534554047,0.005069406044070839,0.00020762471344806457,0.00020762471344806457,0.0,0.9987324872281348,0.001945184510705765,0.0017375597972577005,0.9998868524031704,False
8.444,1,312,313,2.367168750000052,2.367168750000052,0.0,0.01929865178455408,0.01929865178455408,0.09000289843343823,0.0808265753310499,0.008026909039888354,0.01929865178455408,0.005069406044070839,0.00020971180817610648,0.00020971180817610648,0.0,0.9988250184632858,0.0007327178945770868,0.0005230060864009804,0.9998938020749633,False
8.477500000000001,1,313,314,2.3763812500000516,2.376381250000052,4.440892098500626e-16,0.020450214284554145,0.020450214284554145,0.09003907533104988,0.0848751325298557,0.005163942801194159,0.020450214284554145,0.005069406044070839,0.00021352382440238926,0.00021352382440238926,0.0,0.998972791961368,0.0022671480268668665,0.002053624202464477,0.9999090788222227,False
8.49625,1,314,315,2.381537500000052,2.381537500000052,0.0,0.021094745534554205,0.021094745534554205,0.09003138252985587,0.0842229084786617,0.005147829519944174,0.021094745534554205,0.005069406044070839,0.00021518585794464302,0.00021518585794464302,0.0,0.998375201200451,0.002291781602812258,0.002076595744867615,0.9998547083300745,False
8.5175,1,315,316,2.3873812500000513,2.3873812500000513,0.0,0.02182521428455419,0.02182521428455419,0.09006665847866124,0.08418836020871713,0.005513063894944143,0.02182521428455419,0.005069406044070839,0.0002159121711093966,0.0002159121711093966,0.0,0.998394549074097,0.0023106215857959522,0.0020947094146865556,0.9998564707117087,False
8.53875,1,316,317,2.3932250000000517,2.3932250000000517,0.0,0.022555683034554234,0.022555683034554234,0.09003211020871717,0.08342334318877306,0.005641970144944146,0.022555683034554234,0.005069406044070839,0.00021672742502088185,0.00021672742502088185,0.0,0.9984886372625215,0.0023167801602146446,0.002100052735193763,0.9998650196330746,False
8.56275,1,317,318,2.3998250000000514,2.399825000000052,4.440892098500626e-16,0.02338068303455431,0.02338068303455431,0.09002334318877328,0.08295481054382911,0.006054470144944156,0.02338068303455431,0.005069406044070839,0.00021766901483629333,0.00021766901483629333,0.0,0.9985409744456902,0.0022964428851759873,0.002078773870339694,0.9998697531165679,False
8.5885,1,318,319,2.406906250000052,2.406906250000052,0.0,0.02426583928455437,0.02426583928455437,0.09003606054382918,0.08208237164888502,0.006939626394944157,0.02426583928455437,0.005069406044070839,0.00021840685126758004,0.00021840685126758004,0.0,0.9986405655930719,0.0021111979385386587,0.0018927910872710786,0.9998786230734947,False
8.6175,1,319,320,2.4148812500000516,2.414881250000051,-4.440892098500626e-16,0.02526271428455442,0.02526271428455442,0.09005737164888496,0.08170837025394082,0.007806694196138492,0.02526271428455442,0.005069406044070839,0.00021966399905187466,0.00021966399905187466,0.0,0.9988116624166388,0.001558484426900139,0.0013388204278482645,0.9998936267941784,False
8.64775,1,320,321,2.423200000000051,2.423200000000051,0.0,0.026302558034554432,0.013151279017277216,0.09002712025394041,0.08063827510899632,0.008846537946138436,0.013151279017277216,0.005069406044070839,0.0002195407814086647,0.0002195407814086647,0.0,0.9989342979249158,0.0006124324073365911,0.0003928916259279264,0.9999034385953914,False
8.682,1,321,322,2.432618750000051,2.432618750000051,0.0,0.014328622767277205,0.014328622767277205,0.09005702510899624,0.0849801806615242,0.0050768444474720365,0.014328622767277205,0.005069406044070839,0.0002305346991178955,0.0002305346991178955,0.0,0.999059926339173,0.002427318465718427,0.002196783766600531,0.9999172500248764,False
8.7005,1,322,323,2.4377062500000513,2.4377062500000513,0.0,0.01496456026727718,0.01496456026727718,0.090067680661524,0.084354898714052,0.005394813197472024,0.01496456026727718,0.005069406044070839,0.00022671301354503895,0.00022671301354503895,0.0,0.9983479810025977,0.0023083807496355954,0.0020816677360905563,0.9998522807097412,False
8.72125,1,323,324,2.4434125000000515,2.4434125000000515,0.0,0.015677841517277222,0.015677841517277222,0.0900611487140523,0.08395305426658024,0.005935768973069215,0.015677841517277222,0.005069406044070839,0.0002160043654544865,0.0002160043654544865,0.0,0.9984550047086989,0.002259959383229024,0.002043955017774537,0.9998619288511003,False
8.74325,1,324,325,2.4494625000000516,2.449462500000051,-4.440892098500626e-16,0.01643409151727727,0.01643409151727727,0.09000305426658034,0.08313870981910826,0.006313893973069214,0.01643409151727727,0.005069406044070839,0.00021085452818781042,0.00021085452818781042,0.0,0.9985900271768025,0.002221100245449012,0.0020102457172612017,0.9998741468543346,False
8.76825,1,325,326,2.4563375000000507,2.4563375000000507,0.0,0.017293466517277267,0.017293466517277267,0.09001370981910789,0.08246231584603875,0.006494362723069188,0.017293466517277267,0.005069406044070839,0.00020978183337903893,0.00020978183337903893,0.0,0.9986848105829491,0.002162933356365103,0.001953151522986064,0.9998827073860038,False
8.79575,1,326,327,2.4639000000000513,2.4639000000000513,0.0,0.01823877901727731,0.01823877901727731,0.09002481584603873,0.0815281093729696,0.006967018973069179,0.01823877901727731,0.005069406044070839,0.00021084821173784267,0.00021084821173784267,0.0,0.9987320396480839,0.0019783577664619634,0.0017675095547241208,0.9998868495350126,False
8.82675,1,327,328,2.472425000000051,2.472425000000051,0.0,0.01930440401727739,0.01930440401727739,0.09005310937296979,0.08086890289990065,0.008032643973069185,0.01930440401727739,0.005069406044070839,0.00021304344195346376,0.00021304344195346376,0.0,0.9988259014163473,0.0007652881202349082,0.0005522446782814445,0.9998939190741265,False
8.86,1,328,329,2.481568750000051,2.4815687500000516,4.440892098500626e-16,0.020447372767277473,0.020447372767277473,0.09001265289990079,0.08484906528836621,0.0051635876115345754,0.020447372767277473,0.005069406044070839,0.00021706375600728393,0.00021706375600728393,0.0,0.9989725156654434,0.002302841916169897,0.0020857781601626127,0.9999090944579684,False
8.87875,1,329,330,2.486725000000051,2.486725000000051,0.0,0.02109190401727747,0.02109190401727747,0.09000531528836589,0.08419719642683135,0.0051464001115345695,0.02109190401727747,0.005069406044070839,0.00021873688447121548,0.00021873688447121548,0.0,0.9983751464546419,0.0023277338811974885,0.002108996996726273,0.9998547444280131,False
8.9,1,330,331,2.492568750000051,2.492568750000051,0.0,0.021822372767277515,0.021822372767277515,0.09004094642683139,0.08416407756529681,0.005511634486534568,0.021822372767277515,0.005069406044070839,0.000219544366690729,0.000219544366690729,0.0,0.9983942035844637,0.002346766279106991,0.0021272219124162622,0.9998564811835436,False
8.92125,1,331,332,2.498412500000051,2.498412500000051,0.0,0.02255284151727756,0.02255284151727756,0.09000782756529685,0.08340048995376229,0.0056405407365345715,0.02255284151727756,0.005069406044070839,0.00022050041266481139,0.00022050041266481139,0.0,0.9984883380660251,0.002354434209386934,0.0021339337967221225,0.9998650359682112,False
8.94525,1,332,333,2.505012500000051,2.5050125000000514,4.440892098500626e-16,0.023377841517277637,0.023377841517277637,0.0900004899537625,0.08293338671722791,0.006053040736534582,0.023377841517277637,0.005069406044070839,0.000221500440014816,0.000221500440014816,0.0,0.9985406995084803,0.0023354700119258068,0.0021139695719109906,0.9998697731729519,False
8.971,1,333,334,2.512093750000051,2.5120937500000506,-4.440892098500626e-16,0.024262997767277635,0.024262997767277635,0.0900146367172275,0.08206237723069297,0.006938196986534522,0.024262997767277635,0.005069406044070839,0.0002224539761057786,0.0002224539761057786,0.0,0.998640335936406,0.0021526475027672035,0.001930193526661425,0.9998786499389634,False
9.0,1,334,335,2.5200687500000507,2.5200687500000507,0.0,0.025259872767277685,0.025259872767277685,0.09003737723069291,0.08168980524415839,0.0078038353793192985,0.025259872767277685,0.005069406044070839,0.00022369951849601614,0.00022369951849601614,0.0,0.9988114986843436,0.0015992867464649507,0.0013755872279689347,0.9998936582087179,False
9.03025,1,335,336,2.5283875000000506,2.5283875000000506,0.0,0.02629971651727776,0.01314985825863888,0.0900085552441585,0.08062113950762398,0.008843679129319304,0.01314985825863888,0.005069406044070839,0.000223673706229516,0.000223673706229516,0.0,0.998934004647278,0.0006488125695513908,0.00042513886332187474,0.999903451990951,False
9.0645,1,336,337,2.5378062500000507,2.5378062500000507,0.0,0.014327202008638868,0.014327202008638868,0.09003988950762389,0.08496375976435663,0.005076129743267249,0.014327202008638868,0.005069406044070839,0.0002365297653085078,0.0002365297653085078,0.0,0.9990597337954864,0.002488371697163927,0.0022518419318554193,0.9999173020546241,False
9.083,1,337,338,2.542893750000051,2.542893750000051,0.0,0.014963139508638843,0.014963139508638843,0.09005125976435643,0.0843391925210892,0.005394098493267237,0.014963139508638843,0.005069406044070839,0.00023175225243799173,0.00023175225243799173,0.0,0.9983478365807584,0.00235884206001042,0.0021270898075724286,0.9998523247544255,False
9.10375,1,338,339,2.548600000000051,2.548600000000051,0.0,0.015676420758638884,0.015676420758638884,0.09004544252108952,0.08393806277782224,0.005934339564659648,0.015676420758638884,0.005069406044070839,0.00022021519628739156,0.00022021519628739156,0.0,0.9984548755833206,0.0023021132366881567,0.002081898040400765,0.9998619650082531,False
9.126,1,339,340,2.5547187500000508,2.5547187500000508,0.0,0.016441264508638913,0.016441264508638913,0.09005681277782217,0.08318458928455491,0.006316761439659637,0.016441264508638913,0.005069406044070839,0.00021455730120968852,0.00021455730120968852,0.0,0.9985915839538698,0.0022590862494982766,0.002044528948288588,0.9998743313923569,False
9.151,1,340,341,2.5615937500000507,2.5615937500000507,0.0,0.01730063950863897,0.01730063950863897,0.09005958928455504,0.08250103096989542,0.006497230189659642,0.01730063950863897,0.005069406044070839,0.00021316762750209407,0.00021316762750209407,0.0,0.9986853797474388,0.002198118103786159,0.0019849504762840652,0.9998827990161544,False
9.1785,1,341,342,2.569156250000051,2.569156250000051,0.0,0.018245952008639016,0.018245952008639016,0.0900635309698954,0.08155966015523579,0.006969886439659633,0.018245952008639016,0.005069406044070839,0.00021417403429152407,0.00021417403429152407,0.0,0.9987325710273375,0.0020130906399190435,0.0017989166056275193,0.9998869372228136,False
9.20925,1,342,343,2.5776125000000505,2.5776125000000505,0.0,0.01930298325863905,0.01930298325863905,0.09001591015523565,0.08083742996557607,0.008026917689659598,0.01930298325863905,0.005069406044070839,0.00021636660311892504,0.00021636660311892504,0.0,0.9988251035889465,0.0007957716890491656,0.0005794050859302406,0.9998938809416767,False
9.242750000000001,1,343,344,2.586825000000051,2.586825000000051,0.0,0.020454545758639114,0.020454545758639114,0.09004992996557604,0.08488490862074624,0.005165021344829787,0.020454545758639114,0.005069406044070839,0.00022064289502689248,0.00022064289502689248,0.0,0.9989728827771007,0.002339392691214935,0.0021187497961880426,0.999909169224089,False
9.2615,1,344,345,2.591981250000051,2.5919812500000505,-4.440892098500626e-16,0.021099077008639174,0.021099077008639174,0.09004115862074642,0.08423160602591662,0.0051478338448297965,0.021099077008639174,0.005069406044070839,0.00022235594295620605,0.00022235594295620605,0.0,0.9983755939206449,0.0023648800254993663,0.00214252408254316,0.9998548272077015,False
9.2825,1,345,346,2.5977562500000504,2.5977562500000504,0.0,0.021820952008639177,0.021820952008639177,0.09000660602591633,0.08413689718108658,0.005508771344829775,0.021820952008639177,0.005069406044070839,0.0002232824403296142,0.0002232824403296142,0.0,0.99839228846193,0.0023839686286134913,0.002160686188283877,0.999856350157817,False
9.304,1,346,347,2.6036687500000504,2.6036687500000504,0.0,0.022560014508639203,0.022560014508639203,0.09004939718108643,0.08344062583625671,0.005641974469829768,0.022560014508639203,0.005069406044070839,0.00022439340728135565,0.00022439340728135565,0.0,0.9984897761603851,0.0023938969218589984,0.002169503514577643,0.9998652118686521,False
9.328,1,347,348,2.6102687500000505,2.6102687500000505,0.0,0.02338501450863928,0.02338501450863928,0.09004062583625692,0.08296779199142715,0.006054474469829778,0.02338501450863928,0.005069406044070839,0.0002253653862301745,0.0002253653862301745,0.0,0.9985410724079162,0.00237544492916655,0.0021500795429363756,0.9998698527873395,False
9.35375,1,348,349,2.6173500000000507,2.6173500000000507,0.0,0.02427017075863934,0.02427017075863934,0.09004904199142721,0.08209105189659743,0.00693963071982978,0.02427017075863934,0.005069406044070839,0.00022659590727881364,0.00022659590727881364,0.0,0.9986406696301943,0.0021959263528421626,0.001969330445563349,0.9998787297418602,False
9.38275,1,349,350,2.6253250000000508,2.6253250000000508,0.0,0.02526704575863939,0.02526704575863939,0.09006605189659739,0.08171704617676762,0.007807777064659734,0.02526704575863939,0.005069406044070839,0.00022780404144333064,0.00022780404144333064,0.0,0.9988117656629957,0.0016407879330723601,0.0014129838916290295,0.9998937296588245,False
9.413,1,350,351,2.6336437500000502,2.6336437500000502,0.0,0.0263068895086394,0.0131534447543197,0.09003579617676724,0.0806469467069375,0.008847620814659679,0.0131534447543197,0.005069406044070839,0.0002278742507763132,0.0002278742507763132,0.0,0.9989345340343883,0.0006872256687697337,0.00045935141799342046,0.9999035426950769,False
9.44725,1,351,352,2.64306250000005,2.64306250000005,0.0,0.014330788504319689,0.014330788504319689,0.09006569670693743,0.08498885009702258,0.005076846609914848,0.014330788504319689,0.005069406044070839,0.00024266027775058098,0.00024266027775058098,0.0,0.9990601831227833,0.0025510590085177087,0.002308398730767128,0.9999174141700872,False
9.4655,1,352,353,2.64808125000005,2.6480812500000503,4.440892098500626e-16,0.014958132254319684,0.014958132254319684,0.09000760009702254,0.0843034097371077,0.005390518484914846,0.014958132254319684,0.005069406044070839,0.00023709142929821588,0.00023709142929821588,0.0,0.9983456172075522,0.002411877639424069,0.002174786210125853,0.9998521832492135,False
9.48625,1,353,354,2.6537875000000497,2.6537875000000497,0.0,0.015671413504319665,0.015671413504319665,0.09000965973710752,0.08390586000219269,0.0059320135323298155,0.015671413504319665,0.005069406044070839,0.0002246540802545467,0.0002246540802545467,0.0,0.9984540220384763,0.002345945179256896,0.0021212910990023493,0.9998619373913065,False
9.5085,1,354,355,2.6599062500000503,2.6599062500000503,0.0,0.016436257254319755,0.016436257254319755,0.09002461000219311,0.08315596651727825,0.006314435407329835,0.016436257254319755,0.005069406044070839,0.0002183645339271519,0.0002183645339271519,0.0,0.9985911405932035,0.0022973035505139475,0.0020789390165867954,0.9998743347627149,False
9.5335,1,355,356,2.66678125000005,2.66678125000005,0.0,0.01729563225431975,0.01729563225431975,0.09003096651727788,0.08247473423494808,0.006494904157329809,0.01729563225431975,0.005069406044070839,0.00021664186289405073,0.00021664186289405073,0.0,0.9986849961638639,0.0022336538701372075,0.002017012007243157,0.9998828047508099,False
9.561,1,356,357,2.67434375000005,2.67434375000005,0.0,0.018240944754319796,0.018240944754319796,0.09003723423494808,0.0815356894526183,0.0069675604073298,0.018240944754319796,0.005069406044070839,0.00021750883963931103,0.00021750883963931103,0.0,0.9987322158116776,0.0020474886822968927,0.0018299798426575815,0.9998869441520863,False
9.592,1,357,358,2.68286875000005,2.68286875000005,0.0,0.019306569754319873,0.019306569754319873,0.09006068945261848,0.08087594154528872,0.008033185407329807,0.019306569754319873,0.005069406044070839,0.00021981485718899175,0.00021981485718899175,0.0,0.9988260660511192,0.0008294667182144749,0.0006096518610254832,0.999894006478705,False
9.62525,1,358,359,2.6920125000000503,2.6920125000000503,0.0,0.020449538504319957,0.020449538504319957,0.09001969154528885,0.08485583321662397,0.005163858328664886,0.020449538504319957,0.005069406044070839,0.00022429974647789275,0.00022429974647789275,0.0,0.9989726677593591,0.002376270918786144,0.0021519711723082514,0.9999091917856617,False
9.644,1,359,360,2.69716875000005,2.69716875000005,0.0,0.021094069754319954,0.021094069754319954,0.09001208321662366,0.08420369363795882,0.0051466708286648805,0.021094069754319954,0.005069406044070839,0.00022599614403456583,0.00022599614403456583,0.0,0.9983753140183705,0.0024018266976299427,0.0021758305535953767,0.9998548439664264,False
9.66525,1,360,361,2.70301250000005,2.70301250000005,0.0,0.02182453850432,0.02182453850432,0.09004744363795884,0.08417030405929396,0.005511905203664879,0.02182453850432,0.005069406044070839,0.00022710317240877133,0.00022710317240877133,0.0,0.9983943727054481,0.0024223946803948286,0.002195291507986057,0.9998565837952228,False
9.6865,1,361,362,2.70885625000005,2.70885625000005,0.0,0.022555007254320046,0.022555007254320046,0.090014054059294,0.08340644573062912,0.0056408114536648825,0.022555007254320046,0.005069406044070839,0.00022840765046001956,0.00022840765046001956,0.0,0.9984885032414882,0.002434005350430951,0.0022055976999709316,0.9998651426649199,False
9.7105,1,362,363,2.7154562500000505,2.71545625000005,-4.440892098500626e-16,0.023380007254320122,0.023380007254320122,0.09000644573062934,0.08293907177696444,0.0060533114536648926,0.023380007254320122,0.005069406044070839,0.0002292346323016465,0.0002292346323016465,0.0,0.9985408582205497,0.002414623219789365,0.0021853885874877185,0.999869878510035,False
9.73625,1,363,364,2.72253750000005,2.72253750000005,0.0,0.02426516350432012,0.02426516350432012,0.09002032177696402,0.08206779157329919,0.006938467703664833,0.02426516350432012,0.005069406044070839,0.000230703315963992,0.000230703315963992,0.0,0.9986404929797069,0.0022385750510586153,0.0020078717350946232,0.9998787628236092,False
9.76525,1,364,365,2.73051250000005,2.73051250000005,0.0,0.02526203850432017,0.02526203850432017,0.09004279157329911,0.0816949488696343,0.00780437681357992,0.02526203850432017,0.005069406044070839,0.00023199281166712957,0.00023199281166712957,0.0,0.9988116438930547,0.0016830267560980841,0.0014510339444309545,0.9998937665051504,False
9.7955,1,365,366,2.73883125000005,2.73883125000005,0.0,0.026301882254320244,0.013150941127160122,0.0900136988696344,0.08062601241596958,0.008844220563579926,0.013150941127160122,0.005069406044070839,0.00023211804585235204,0.00023211804585235204,0.0,0.9989341768480924,0.000724777866960985,0.000492659821108633,0.9999035517074569,False
9.82975,1,366,367,2.74825000000005,2.74825000000005,0.0,0.01432828487716011,0.01432828487716011,0.09004476241596948,0.08496849731413708,0.005076265101832405,0.01432828487716011,0.005069406044070839,0.0002490439237472734,0.0002490439237472734,0.0,0.9990599428544029,0.002614651298983209,0.0023656073752359352,0.9999174647170679,False
9.84825,1,367,368,2.7533375000000495,2.7533375000000495,0.0,0.014964222377160085,0.014964222377160085,0.09005599731413688,0.08434379471230449,0.005394233851832393,0.014964222377160085,0.005069406044070839,0.0002422379922885703,0.0002422379922885703,0.0,0.9983480064102974,0.002464333251941231,0.002222095259652661,0.9998524595227145,False
9.869,1,368,369,2.7590437500000498,2.7590437500000498,0.0,0.01567750362716013,0.01567750362716013,0.09005004471230481,0.08394252961047238,0.005934610281789959,0.01567750362716013,0.005069406044070839,0.00022907549364710114,0.00022907549364710114,0.0,0.9984550194789557,0.002390934230707513,0.002161858737060412,0.9998620788063114,False
9.89125,1,369,370,2.76516250000005,2.76516250000005,0.0,0.016442347377160157,0.016442347377160157,0.0900612796104723,0.0831889207586399,0.006317032156789948,0.016442347377160157,0.005069406044070839,0.00022220002872801826,0.00022220002872801826,0.0,0.9985917356765945,0.002336738749313831,0.002114538720585813,0.9998744334904334,False
9.91625,1,370,371,2.77203750000005,2.77203750000005,0.0,0.017301722377160215,0.017301722377160215,0.09006392075864002,0.08250509172685008,0.006497500906789953,0.017301722377160215,0.005069406044070839,0.00022025348475600853,0.00022025348475600853,0.0,0.9986855183116108,0.00227107938624474,0.0020508259014887314,0.9998828946973317,False
9.94375,1,371,372,2.77960000000005,2.77960000000005,0.0,0.01824703487716026,0.01824703487716026,0.09006759172685007,0.08156345019506014,0.006970157156789944,0.01824703487716026,0.005069406044070839,0.00022093011037991648,0.00022093011037991648,0.0,0.9987327021229458,0.0020833055239682097,0.0018623754135882933,0.9998870289375569,False
9.9745,1,372,373,2.78805625000005,2.78805625000005,0.0,0.019304066127160294,0.019304066127160294,0.09001970019506,0.0808409492882701,0.008027188406789908,0.019304066127160294,0.005069406044070839,0.00022329735645987967,0.00022329735645987967,0.0,0.998825230581223,0.000861548163376899,0.0006382508069170194,0.9998939667803731,False
10.008000000000001,1,373,374,2.7972687500000495,2.79726875000005,4.440892098500626e-16,0.02045562862716036,0.02045562862716036,0.09005344928827008,0.08488829258487514,0.005165156703394942,0.02045562862716036,0.005069406044070839,0.00022798308825795283,0.00022798308825795283,0.0,0.9989730057322979,0.0024138575673500473,0.0021858744790920945,0.9999092650858978,False
10.02675,1,374,375,2.80242500000005,2.80242500000005,0.0,0.021100159877160417,0.021100159877160417,0.0900445425848753,0.08423485463148035,0.0051479692033949516,0.021100159877160417,0.005069406044070839,0.0002296911921438379,0.0002296911921438379,0.0,0.9983757244743626,0.002439754107898061,0.002210062915754223,0.9998549242528328,False
10.04775,1,375,376,2.8082000000000495,2.8082000000000495,0.0,0.02182203487716042,0.02182203487716042,0.09000985463148006,0.08414001042808514,0.00550890670339493,0.02182203487716042,0.005069406044070839,0.00023096751245058904,0.00023096751245058904,0.0,0.9983924221403973,0.002461119792809611,0.0022301522803590216,0.999856451357845,False
10.06925,1,376,377,2.8141125000000495,2.8141125000000495,0.0,0.022561097377160447,0.022561097377160447,0.09005251042808501,0.08344360372469013,0.005642109828394923,0.022561097377160447,0.005069406044070839,0.0002324405359704086,0.0002324405359704086,0.0,0.9984899101180488,0.0024750827579144465,0.002242642221944038,0.9998653176357696,False
10.09325,1,377,378,2.8207125000000497,2.8207125000000497,0.0,0.023386097377160523,0.023386097377160523,0.09004360372469035,0.08297063452129541,0.006054609828394933,0.023386097377160523,0.005069406044070839,0.00023325534752407265,0.00023325534752407265,0.0,0.9985412025079863,0.0024556073823225263,0.0022223520347984535,0.9998699566506112,False
10.119,1,378,379,2.82779375000005,2.82779375000005,0.0,0.024271253627160583,0.024271253627160583,0.09005188452129548,0.08209375906790056,0.006939766078394935,0.024271253627160583,0.005069406044070839,0.00023477066918041443,0.00023477066918041443,0.0,0.9986407991879929,0.002281628551892293,0.002046857882711879,0.9998788398199482,False
10.14775,1,379,380,2.8357000000000494,2.8357000000000494,0.0,0.02525953487716059,0.02525953487716059,0.09000000906790016,0.08165946173950528,0.007803750906790025,0.02525953487716059,0.005069406044070839,0.0002363921852659734,0.0002363921852659734,0.0,0.9988106029652839,0.0017264649474138874,0.001490072762147914,0.9998937212605571,False
10.17825,1,380,381,2.8440875000000494,2.8440875000000494,0.0,0.026307972377160645,0.013153986188580323,0.09004696173950522,0.08065797691111035,0.00885218840679001,0.013153986188580323,0.005069406044070839,0.0002364697478709802,0.0002364697478709802,0.0,0.9989351941133379,0.0007653325110221348,0.0005288627631511546,0.9999036893194935,False
10.212250000000001,1,381,382,2.85343750000005,2.8534375000000494,-4.440892098500626e-16,0.014322736188580331,0.014322736188580331,0.09000797691111043,0.08493535949691298,0.005072617414197436,0.014322736188580331,0.005069406044070839,0.00025598674664378,0.00025598674664378,0.0,0.9990599707244666,0.0026836136501953572,0.0024276269035515773,0.9999175460231855,False
10.23075,1,382,383,2.858525000000049,2.858525000000049,0.0,0.014958673688580306,0.014958673688580306,0.09002285949691279,0.08431430458271538,0.005390586164197423,0.014958673688580306,0.005069406044070839,0.00024782860051841674,0.00024782860051841674,0.0,0.9983470183119014,0.0025202074935173,0.0022723788929988834,0.9998524330896179,False
10.2515,1,383,384,2.8642312500000493,2.8642312500000493,0.0,0.015671954938580285,0.015671954938580285,0.09002055458271518,0.08391668716851779,0.005932148890894971,0.015671954938580285,0.005069406044070839,0.00023382801933415596,0.00023382801933415596,0.0,0.9984541527843607,0.0024379755265756323,0.0022041475072414763,0.999862053613491,False
10.27375,1,384,385,2.8703500000000495,2.8703500000000495,0.0,0.016436798688580376,0.016436798688580376,0.09003543716851821,0.08316672600432078,0.00631457076589499,0.016436798688580376,0.005069406044070839,0.0002262311869186902,0.0002262311869186902,0.0,0.9985912667484862,0.002377130688310733,0.002150899501392043,0.999874436900472,False
10.29875,1,385,386,2.877225000000049,2.877225000000049,0.0,0.01729617368858037,0.01729617368858037,0.09004172600432041,0.08248535836342545,0.006497187953394975,0.01729617368858037,0.005069406044070839,0.0002239142971509484,0.0002239142971509484,0.0,0.9986851121693222,0.002308735573209063,0.0020848212760581145,0.9998829007734596,False
10.32625,1,386,387,2.884787500000049,2.884787500000049,0.0,0.018241486188580416,0.018241486188580416,0.09004785836342544,0.0815461782225305,0.006969844203394966,0.018241486188580416,0.005069406044070839,0.000224381821887382,0.000224381821887382,0.0,0.9987326920722648,0.0021187041625506664,0.0018943223406632844,0.9998870683252902,False
10.357000000000001,1,387,388,2.8932437500000496,2.893243750000049,-4.440892098500626e-16,0.019298517438580513,0.019298517438580513,0.09000242822253085,0.08082613870663591,0.008026875453394991,0.019298517438580513,0.005069406044070839,0.00022684318613707497,0.00022684318613707497,0.0,0.9988252292399705,0.000894776154177962,0.000667932968040887,0.9998940040838804,False
10.3905,1,388,389,2.9024562500000495,2.9024562500000495,0.0,0.020450079938580577,0.020450079938580577,0.09003863870663589,0.08487471269868843,0.005163926007947463,0.020450079938580577,0.005069406044070839,0.00023168831993201946,0.00023168831993201946,0.0,0.9989730173279802,0.0024513667353099275,0.002219678415377908,0.9999093088544154,False
10.40925,1,389,390,2.907612500000049,2.9076125000000492,4.440892098500626e-16,0.021094611188580574,0.021094611188580574,0.09003096269868811,0.0842225054407407,0.0051478127266974625,0.021094611188580574,0.005069406044070839,0.00023339180549589386,0.00023339180549589386,0.0,0.9983754264502404,0.002477387364257809,0.002243995558761915,0.9998549400174064,False
10.4305,1,390,391,2.913456250000049,2.913456250000049,0.0,0.02182507993858062,0.02182507993858062,0.09006625544074072,0.08418797396404326,0.005513047101697461,0.02182507993858062,0.005069406044070839,0.0002348580534262475,0.0002348580534262475,0.0,0.9983947825610384,0.002500513338415944,0.0022656552849896964,0.9998567111322761,False
10.45175,1,391,392,2.919300000000049,2.919300000000049,0.0,0.022555548688580666,0.022555548688580666,0.0900317239640433,0.08342297373734583,0.0056419533516974645,0.022555548688580666,0.005069406044070839,0.00023635882525404573,0.00023635882525404573,0.0,0.9984888801157191,0.0025152180492998763,0.0022788592240458308,0.999865270444401,False
10.47575,1,392,393,2.9259000000000492,2.9259000000000492,0.0,0.023380548688580742,0.023380548688580742,0.09002297373734605,0.08295445788564856,0.0060544533516974745,0.023380548688580742,0.005069406044070839,0.00023742537599441796,0.00023742537599441796,0.0,0.9985412196567869,0.0024972417507966548,0.002259816374802237,0.9998700061699162,False
10.5015,1,393,394,2.932981250000049,2.932981250000049,0.0,0.02426570493858074,0.02426570493858074,0.09003570788564814,0.08208203578395074,0.006939609601697415,0.02426570493858074,0.005069406044070839,0.00023878237496545101,0.00023878237496545101,0.0,0.9986408191045242,0.002323378994978354,0.002084596620012903,0.9998788895741393,False
10.5305,1,394,395,2.940956250000049,2.940956250000049,0.0,0.02526257993858079,0.02526257993858079,0.09005703578395066,0.08170805118225327,0.00780666060964507,0.02526257993858079,0.005069406044070839,0.0002409008945345004,0.0002409008945345004,0.0,0.9988119274913874,0.0017724155003083775,0.0015315146057738771,0.9998938939017166,False
10.56075,1,395,396,2.949275000000049,2.949275000000049,0.0,0.026302423688580864,0.013151211844290432,0.09002680118225337,0.08063797283055596,0.008846504359645076,0.013151211844290432,0.005069406044070839,0.00024097298185990013,0.00024097298185990013,0.0,0.9989345647521243,0.0008046640171313069,0.0005636910352714067,0.9999036756234074,False
10.595,1,396,397,2.958693750000049,2.958693750000049,0.0,0.01432855559429042,0.01432855559429042,0.09005672283055587,0.08497988677970716,0.005076836050848696,0.01432855559429042,0.005069406044070839,0.0002621760994309741,0.0002621760994309741,0.0,0.9990603212929784,0.0027454391096871297,0.0024832630102561556,0.999917647826076,False
10.6135,1,397,398,2.9637812500000487,2.9637812500000487,0.0,0.014964493094290396,0.014964493094290396,0.09006738677970696,0.08435461322885829,0.005394804800848684,0.014964493094290396,0.005069406044070839,0.0002531536513456385,0.0002531536513456385,0.0,0.9983483080275817,0.0025744303700642387,0.0023212767187186004,0.9998526113731012,False
10.63425,1,398,399,2.969487500000049,2.969487500000049,0.0,0.01567777434429044,0.01567777434429044,0.0900608632288586,0.08395277717800989,0.005935752179822534,0.01567777434429044,0.005069406044070839,0.00023846594551486618,0.00023846594551486618,0.0,0.9984552804993906,0.002485288971198228,0.002246823025683362,0.9998622095633111,False
10.65625,1,399,400,2.9755375000000486,2.9755375000000486,0.0,0.016434024344290424,0.016434024344290424,0.09000277717800947,0.08313844112716082,0.006313877179822503,0.016434024344290424,0.005069406044070839,0.00023039415874200763,0.00023039415874200763,0.0,0.9985902658247878,0.002418780437896992,0.0021883862791549843,0.9998743934225517,False
10.68125,1,400,401,2.9824125000000485,2.982412500000049,4.440892098500626e-16,0.017293399344290483,0.017293399344290483,0.09001344112716095,0.08246206394733847,0.0064943459298225075,0.017293399344290483,0.005069406044070839,0.00022758660052695471,0.00022758660052695471,0.0,0.9986850307411546,0.0023468175433918603,0.0021192309428649057,0.9998829368220121,False
10.70875,1,401,402,2.989975000000049,2.989975000000049,0.0,0.018238711844290528,0.018238711844290528,0.09002456394733846,0.08152787426751601,0.006967002179822499,0.018238711844290528,0.005069406044070839,0.00022797044272761455,0.00022797044272761455,0.0,0.9987322518914389,0.0021556762143397565,0.0019277057716121418,0.9998870703805405,False
10.73975,1,402,403,2.9985000000000492,2.9985000000000492,0.0,0.019304336844290605,0.019304336844290605,0.0900528742675162,0.0808686845876937,0.008032627179822505,0.019304336844290605,0.005069406044070839,0.00023048223280580418,0.00023048223280580418,0.0,0.9988261184071774,0.0009310433498665727,0.0007005611170607685,0.9998941259925557,False
10.773,1,403,404,3.0076437500000495,3.0076437500000495,0.0,0.02044730559429069,0.02044730559429069,0.09001243458769384,0.08484885537278258,0.00516357921491125,0.02044730559429069,0.005069406044070839,0.00023549004840956134,0.00023549004840956134,0.0,0.9989727461535653,0.0024896420440644537,0.0022541519956548925,0.9999093278582172,False
10.79175,1,404,405,3.012800000000049,3.012800000000049,0.0,0.021091836844290685,0.021091836844290685,0.09000510537278228,0.08419699490787107,0.005146391714911229,0.021091836844290685,0.005069406044070839,0.0002371678528345683,0.0002371678528345683,0.0,0.9983753768750363,0.00251557559722191,0.0022784077443873414,0.9998549790628143,False
10.813,1,405,406,3.0186437500000487,3.0186437500000487,0.0,0.02182230559429073,0.02182230559429073,0.09004074490787109,0.08416388444295987,0.005511626089911228,0.02182230559429073,0.005069406044070839,0.0002387087552081859,0.0002387087552081859,0.0,0.9983944420247451,0.002539548844563068,0.002300840089354882,0.9998567250370799,False
10.83425,1,406,407,3.024487500000049,3.024487500000049,0.0,0.022552774344290778,0.022552774344290778,0.0900076344429599,0.08340030522804867,0.005640532339911231,0.022552774344290778,0.005069406044070839,0.000240195161778258,0.000240195161778258,0.0,0.9984885836469676,0.002554466138810177,0.002314270977031919,0.9998652887899593,False
10.85825,1,407,408,3.031087500000049,3.031087500000049,0.0,0.02337777434429079,0.02337777434429079,0.0900003052280484,0.08293321038813722,0.006053032339911211,0.02337777434429079,0.005069406044070839,0.00024182110077917854,0.00024182110077917854,0.0,0.9985409536597475,0.0025410936730480456,0.002299272572268867,0.9998700325757135,False
10.884,1,408,409,3.0381687500000485,3.0381687500000485,0.0,0.02426293059429085,0.02426293059429085,0.09001446038813729,0.08206220929822611,0.006938188589911212,0.02426293059429085,0.005069406044070839,0.00024289476089164527,0.00024289476089164527,0.0,0.9986405920641444,0.002365694233912252,0.002122799473020607,0.9998789174937338,False
10.913,1,409,410,3.0461437500000486,3.0461437500000486,0.0,0.0252598055942909,0.0252598055942909,0.09003720929822603,0.08168964570831486,0.0078038185860726025,0.0252598055942909,0.005069406044070839,0.0002455334623763351,0.0002455334623763351,0.0,0.9988117723820852,0.0018196041138832386,0.0015740706515069034,0.9998939334156786,False
10.94325,1,410,411,3.054462500000049,3.054462500000049,0.0,0.026299649344290976,0.013149824672145488,0.09000839570831498,0.08062098836840378,0.008843662336072608,0.013149824672145488,0.005069406044070839,0.00024564426577074406,0.00024564426577074406,0.0,0.9989342801922123,0.0008465714287169968,0.0006009271629462526,0.9999036962871704,False
10.977500000000001,1,411,412,3.0638812500000485,3.0638812500000485,0.0,0.014327168422145476,0.014327168422145476,0.0900397383684037,0.08496361282344811,0.005076125544955595,0.014327168422145476,0.005069406044070839,0.0002688469019734081,0.0002688469019734081,0.0,0.999060136844317,0.002811900626637609,0.002543053724664201,0.9999177066307424,False
10.996,1,412,413,3.0689687500000487,3.0689687500000487,0.0,0.014963105922145451,0.014963105922145451,0.09005111282344791,0.08433904977849234,0.005394094294955583,0.014963105922145451,0.005069406044070839,0.0002587652835023655,0.0002587652835023655,0.0,0.998348172240003,0.002630887505763249,0.0023721222222608837,0.999852662889654,False
11.01675,1,413,414,3.0746750000000485,3.0746750000000485,0.0,0.01567638717214543,0.01567638717214543,0.09004529977849215,0.0839379242335366,0.00593433116803627,0.01567638717214543,0.005069406044070839,0.0002432784849675243,0.0002432784849675243,0.0,0.9984551601497414,0.0025338323355487136,0.002290553850581189,0.9998622537523001,False
11.039,1,414,415,3.0807937500000486,3.0807937500000486,0.0,0.01644123092214552,0.01644123092214552,0.090056674233537,0.08318445493858141,0.006316753043036289,0.01644123092214552,0.005069406044070839,0.00023463105627652804,0.00023463105627652804,0.0,0.9985918312160285,0.0024620936387130393,0.0022274625824365113,0.9998745847758427,False
11.064,1,415,416,3.0876687500000486,3.0876687500000486,0.0,0.017300605922145516,0.017300605922145516,0.09005945493858104,0.0825009050205448,0.0064972217930362635,0.017300605922145516,0.005069406044070839,0.00023125401482451086,0.00023125401482451086,0.0,0.9986856049417243,0.002385372171713182,0.0021541181568886713,0.9998830326542898,False
11.0915,1,416,417,3.095231250000049,3.0952312500000487,-4.440892098500626e-16,0.018245918422145624,0.018245918422145624,0.09006340502054527,0.08155954260250897,0.006969878043036285,0.018245918422145624,0.005069406044070839,0.00023169695275130072,0.00023169695275130072,0.0,0.998732789621088,0.0021944584341169887,0.001962761481365688,0.9998871632291597,False
11.122250000000001,1,417,418,3.103687500000049,3.103687500000049,0.0,0.01930294967214566,0.01930294967214566,0.09001579260250883,0.08083732080947259,0.00802690929303625,0.01930294967214566,0.005069406044070839,0.00023400663664681506,0.00023400663664681506,0.0,0.9988253242841779,0.0009643175079871308,0.0007303108713403157,0.9998940915363916,False
11.15575,1,418,419,3.1129000000000486,3.1129000000000486,0.0,0.020454512172145722,0.020454512172145722,0.09004982080947257,0.08488480366295448,0.005165017146518113,0.020454512172145722,0.005069406044070839,0.00023929225091742857,0.00023929225091742857,0.0,0.9989731169268863,0.00252834463242943,0.0022890523815120014,0.9999094053853947,False
11.1745,1,419,420,3.1180562500000484,3.1180562500000484,0.0,0.02109904342214572,0.02109904342214572,0.09004105366295415,0.08423150526643608,0.005147829646518108,0.02109904342214572,0.005069406044070839,0.00024100292405470524,0.00024100292405470524,0.0,0.9983758281922657,0.002554695887524154,0.0023136929634694488,0.9998550643901585,False
11.195500000000001,1,420,421,3.1238312500000487,3.1238312500000487,0.0,0.021820918422145785,0.021820918422145785,0.09000650526643626,0.08413680061991814,0.005508767146518117,0.021820918422145785,0.005069406044070839,0.00024242153921339647,0.00024242153921339647,0.0,0.9983925276856489,0.0025776625227610026,0.002335240983547606,0.9998565943213832,False
11.217,1,421,422,3.1297437500000482,3.1297437500000482,0.0,0.02255998092214581,0.02255998092214581,0.09004930061991802,0.08344053347339991,0.005641970271518094,0.02255998092214581,0.005069406044070839,0.00024413538463028043,0.00024413538463028043,0.0,0.9984900232971182,0.002594912894023898,0.0023507775093936176,0.9998654658684388,False
11.241,1,422,423,3.136343750000049,3.136343750000049,0.0,0.023384980922145887,0.023384980922145887,0.09004053347340013,0.08296770382688201,0.006054470271518104,0.023384980922145887,0.005069406044070839,0.00024637342748853836,0.00024637342748853836,0.0,0.9985413359410905,0.0025873911027801677,0.0023410176752916294,0.9998701204079565,False
11.26675,1,423,424,3.143425000000048,3.143425000000048,0.0,0.024270137172145885,0.024270137172145885,0.09004895382688159,0.08209096793036355,0.006939626521518045,0.024270137172145885,0.005069406044070839,0.00024725661163092094,0.00024725661163092094,0.0,0.9986409295033855,0.002410494413130338,0.0021632378014994173,0.9998789992181399,False
11.29575,1,424,425,3.151400000000048,3.151400000000048,0.0,0.025267012172145935,0.025267012172145935,0.09006596793036348,0.08171696640884545,0.007807768668036356,0.025267012172145935,0.005069406044070839,0.00025011709108155853,0.00025011709108155853,0.0,0.9988120458003451,0.0018668879971706007,0.0016167709060890421,0.9998940120778288,False
11.326,1,425,426,3.159718750000048,3.159718750000048,0.0,0.02630685592214601,0.013153427961073005,0.09003571640884556,0.08064687113732752,0.008847612418036362,0.013153427961073005,0.005069406044070839,0.0002504095773059889,0.0002504095773059889,0.0,0.998934817501756,0.0008910629187859204,0.0006406533414799315,0.9999037947353563,False
11.36025,1,426,427,3.169137500000048,3.169137500000048,0.0,0.014330771711072993,0.014330771711072993,0.09006562113732741,0.0849887766265684,0.005076844510759011,0.014330771711072993,0.005069406044070839,0.000275579849286442,0.000275579849286442,0.0,0.9990605924673226,0.002879133971456574,0.0026035541221701318,0.999917824362124,False
11.3785,1,427,428,3.174156250000048,3.174156250000048,0.0,0.014958115461072988,0.014958115461072988,0.09000752662656836,0.08430333836580936,0.005390516385759009,0.014958115461072988,0.005069406044070839,0.000264689296015531,0.000264689296015531,0.0,0.9983459610877093,0.00268991644850277,0.0024252271524872393,0.9998525287936952,False
11.39925,1,428,429,3.179862500000048,3.179862500000048,0.0,0.01567139671107297,0.01567139671107297,0.09000958836580918,0.0839057907300502,0.005932009334018157,0.01567139671107297,0.005069406044070839,0.00024823458876930876,0.00024823458876930876,0.0,0.9984543137624967,0.0025833761853176276,0.0023351415965483188,0.999862233190524,False
11.4215,1,429,430,3.1859812500000477,3.1859812500000477,0.0,0.016436240461072997,0.016436240461072997,0.09002454073005012,0.08315589934429116,0.006314431209018146,0.016436240461072997,0.005069406044070839,0.00023908110273044818,0.00023908110273044818,0.0,0.9985913967421867,0.0025066171142742733,0.002267536011543825,0.9998745962144918,False
11.4465,1,430,431,3.192856250000048,3.192856250000048,0.0,0.017295615461073055,0.017295615461073055,0.09003089934429129,0.08247467126027314,0.006494899959018151,0.017295615461073055,0.005069406044070839,0.00023492143229087798,0.00023492143229087798,0.0,0.9986852245949406,0.002423262823593321,0.002188341391302443,0.999883041190489,False
11.474,1,431,432,3.200418750000048,3.200418750000048,0.0,0.0182409279610731,0.0182409279610731,0.09003717126027312,0.08153563067625501,0.006967556209018142,0.0182409279610731,0.005069406044070839,0.0002354178903943463,0.0002354178903943463,0.0,0.9987324397824104,0.002232911317680983,0.0019974934272866366,0.9998871752876729,False
11.505,1,432,433,3.2089437500000484,3.208943750000048,-4.440892098500626e-16,0.019306552961073177,0.019306552961073177,0.09006063067625521,0.08087588696723708,0.008033181209018149,0.019306552961073177,0.005069406044070839,0.00023759165417878468,0.00023759165417878468,0.0,0.9988262890356036,0.000999946956654757,0.0007623553024759723,0.9998942196485414,False
11.53825,1,433,434,3.218087500000048,3.218087500000048,0.0,0.02044952171107326,0.02044952171107326,0.0900196369672372,0.08485578073772812,0.005163856229509071,0.02044952171107326,0.005069406044070839,0.00024315619738720363,0.00024315619738720363,0.0,0.9989729048821211,0.0025672244253477847,0.002324068227960581,0.9999094304820925,False
11.557,1,434,435,3.223243750000048,3.223243750000048,0.0,0.021094052961073258,0.021094052961073258,0.09001203073772782,0.08420364325821877,0.005146668729509051,0.021094052961073258,0.005069406044070839,0.0002448620617838147,0.0002448620617838147,0.0,0.9983755515978595,0.002593577955207052,0.0023487158934232372,0.9998550836333092,False
11.57825,1,435,436,3.229087500000048,3.229087500000048,0.0,0.021824521711073304,0.021824521711073304,0.09004739325821881,0.08417025577870976,0.00551190310450905,0.021824521711073304,0.005069406044070839,0.0002463041784783917,0.0002463041784783917,0.0,0.9983946132613939,0.002617346918728773,0.0023710427402503812,0.9998568288222862,False
11.5995,1,436,437,3.2349312500000478,3.2349312500000478,0.0,0.02255499046107335,0.02255499046107335,0.0900140057787098,0.08340639954920075,0.005640809354509053,0.02255499046107335,0.005069406044070839,0.00024771650051790553,0.00024771650051790553,0.0,0.998488745636058,0.002631027900451211,0.0023833113999333056,0.9998653912453644,False
11.6235,1,437,438,3.2415312500000475,3.2415312500000475,0.0,0.023379990461073363,0.023379990461073363,0.09000639954920048,0.08293902769469147,0.006053309354509033,0.023379990461073363,0.005069406044070839,0.0002508532798857953,0.0002508532798857953,0.0,0.9985411295737766,0.002632942313087458,0.0023820890332016628,0.9998701543384858,False
11.64925,1,438,439,3.248612500000048,3.2486125000000476,-4.440892098500626e-16,0.024265146711073424,0.024265146711073424,0.09002027769469154,0.08206774959018254,0.006938465604509034,0.024265146711073424,0.005069406044070839,0.00025189903682857473,0.00025189903682857473,0.0,0.9986407600093924,0.002457143867642883,0.0022052448308143083,0.9998790374756701,False
11.67825,1,439,440,3.2565875000000477,3.2565875000000477,0.0,0.025262021711073473,0.025262021711073473,0.09004274959018246,0.08169490898567347,0.007804372615268246,0.025262021711073473,0.005069406044070839,0.0002544860608549674,0.0002544860608549674,0.0,0.9988119264364463,0.0019124668594307365,0.0016579807985757692,0.9998940529413514,False
11.7085,1,440,441,3.264906250000048,3.264906250000048,0.0,0.026301865461073548,0.013150932730536774,0.0900136589856736,0.08062597463116458,0.008844216365268252,0.013150932730536774,0.005069406044070839,0.0002551126319586423,0.0002551126319586423,0.0,0.9989344663584747,0.0009341419376598242,0.0006790293057011819,0.9999038106649834,False
11.742750000000001,1,441,442,3.2743250000000477,3.2743250000000477,0.0,0.014328276480536762,0.014328276480536762,0.09004472463116449,0.08496846057890999,0.005076264052254506,0.014328276480536762,0.005069406044070839,0.00028238191833297483,0.00028238191833297483,0.0,0.9990603576023825,0.002946728782590391,0.0026643468642574162,0.9999178798244927,False
11.76125,1,442,443,3.2794125000000474,3.2794125000000474,0.0,0.014964213980536737,0.014964213980536737,0.09005596057890979,0.08434375902665531,0.005394232802254493,0.014964213980536737,0.005069406044070839,0.0002702841204367173,0.0002702841204367173,0.0,0.9983483563034522,0.0027468608297667035,0.002476576709329986,0.9998528106396188,False
11.782,1,443,444,3.2851187500000476,3.2851187500000476,0.0,0.015677495230536718,0.015677495230536718,0.09005000902665514,0.08394249497440065,0.005934608182634092,0.015677495230536718,0.005069406044070839,0.0002529574513613873,0.0002529574513613873,0.0,0.9984553154606064,0.0026320067652046628,0.0023790493138432754,0.9998623789653884,False
11.80425,1,444,445,3.2912375000000478,3.2912375000000478,0.0,0.01644233898053681,0.01644233898053681,0.09006124497440107,0.08318888717214656,0.006317030057634111,0.01644233898053681,0.005069406044070839,0.00024343140233296293,0.00024343140233296293,0.0,0.9985919986311249,0.0025514906928180703,0.002308059290485107,0.9998747018918478,False
11.82925,1,445,446,3.2981125000000473,3.2981125000000473,0.0,0.017301713980536804,0.017301713980536804,0.0900638871721462,0.08250506023951212,0.0064974988076340855,0.017301713980536804,0.005069406044070839,0.00023870973866849216,0.00023870973866849216,0.0,0.998685749442629,0.0024624328059933073,0.0022237230673248154,0.9998831331611917,False
11.85675,1,446,447,3.305675000000048,3.305675000000048,0.0,0.018247026480536912,0.018247026480536912,0.0900675602395126,0.08156342080687849,0.006970155057634107,0.018247026480536912,0.005069406044070839,0.0002391215180751663,0.0002391215180751663,0.0,0.9987329298091698,0.002272146765827189,0.002033025247752023,0.9998872643178187,False
11.887500000000001,1,447,448,3.314131250000048,3.314131250000048,0.0,0.019304057730536946,0.019304057730536946,0.09001967080687835,0.08084092199924428,0.008027186307634073,0.019304057730536946,0.005069406044070839,0.00024114630936898808,0.00024114630936898808,0.0,0.998825454873934,0.0010330423756430007,0.0007918960662740126,0.9998941814754344,False
11.921,1,448,449,3.323343750000048,3.323343750000048,0.0,0.02045562023053701,0.02045562023053701,0.09005342199924427,0.08488826634542723,0.005165155653817024,0.02045562023053701,0.005069406044070839,0.0002469984219499754,0.0002469984219499754,0.0,0.998973244980228,0.0026063783902252127,0.0023593799682752373,0.9999095057480694,False
11.93975,1,449,450,3.328500000000047,3.328500000000047,0.0,0.021100151480537007,0.021100151480537007,0.09004451634542693,0.08423482944160994,0.005147968153817018,0.021100151480537007,0.005069406044070839,0.0002488008838152944,0.0002488008838152944,0.0,0.9983759653268542,0.002633678134136931,0.0023848772503216368,0.9998551667163987,False
11.96075,1,450,451,3.334275000000048,3.334275000000048,0.0,0.021822026480537073,0.021822026480537073,0.09000982944161012,0.0841399862877931,0.005508905653817027,0.021822026480537073,0.005069406044070839,0.0002500990466965307,0.0002500990466965307,0.0,0.998392662217004,0.0026555143675743714,0.002405415320877841,0.9998566947640799,False
11.98225,1,451,452,3.340187500000048,3.340187500000048,0.0,0.0225610889805371,0.0225610889805371,0.09005248628779297,0.08344358063397594,0.0056421087788170055,0.0225610889805371,0.005069406044070839,0.0002517189186742205,0.0002517189186742205,0.0,0.9984901524588427,0.0026715266790639652,0.0024198077603897446,0.9998655653453652,False
