time,inserted_nodes,node_count_before,node_count_after,rest_length_before,rest_length_after,rest_length_error,tail_rest_length_before,tail_rest_length_after,payout_buffer_rest_length_before,payout_buffer_rest_length_after,payout_buffer_min_rest_length_after,payout_buffer_max_rest_length_after,minimum_physical_rest_length_after,peak_tension_before,peak_tension_after,peak_tension_jump,minimum_geometric_ratio_after,peak_tension_post_step,peak_tension_post_step_jump,minimum_standard_ratio_post_step,remeshed_in_same_step
0.50275,1,33,34,0.3300134119337309,0.3300134119337309,0.0,0.011251676491716364,0.005625838245858182,0.09001341193373091,0.07876173544201455,0.005625838245858182,0.011251676491716364,0.005625838245858182,0.0,0.0,0.0,0.999819856698272,0.0,0.0,0.9999775977472604,False
0.656,1,34,35,0.3412629860399631,0.3412629860399631,0.0,0.0070320350091371804,0.0070320350091371804,0.09001130954824667,0.07735343629325128,0.006328936627497692,0.012657873254995384,0.006328936627497692,0.0,0.0,0.0,0.9995651982356748,0.0,0.0,0.999968472708184,False
0.776,1,35,36,0.35392725353661136,0.35392725353661136,0.0,0.008615068446218215,0.008615068446218215,0.09001770378989961,0.07577679709782319,0.007120453346038209,0.014240906692076418,0.007120453346038209,0.0,0.0,0.0,0.9994901222290709,0.0,0.0,0.9999659858914027,False
0.882,1,36,37,0.36817245734506593,0.3681724573450659,-5.551115123125783e-17,0.01039571892227503,0.01039571892227503,0.09002200090627774,0.0740004437381445,0.005197859461137515,0.01602155716813324,0.005197859461137515,0.0,0.0,0.0,0.9994446816354364,0.0,0.0,0.9999653930476939,False
0.981,1,37,38,0.3841724574537077,0.38417245745370776,5.551115123125783e-17,0.012395718935855253,0.012395718935855253,0.09000044384678635,0.07197888666507286,0.005846310277107895,0.012395718935855253,0.005846310277107895,0.0,0.0,0.0,0.9991985324634239,0.0,0.0,0.9999578503336628,False
1.077,1,38,39,0.4022098189730216,0.40220981897302166,5.551115123125783e-17,0.01465038912576948,0.01465038912576948,0.09001624818438667,0.07686047415879718,0.006973645372065009,0.01465038912576948,0.006973645372065009,0.0,0.0,0.0,0.9991839890437488,0.0,0.0,0.9999584810857661,False
1.1400000000000001,1,39,40,0.4153917522426336,0.4153917522426336,0.0,0.016298130784470996,0.016298130784470996,0.0900424074284092,0.0826406495862637,0.007401757842145496,0.016298130784470996,0.007401757842145496,0.0,0.0,0.0,0.9991699504708769,0.0,0.0,0.9999585428496763,False
1.1732500000000001,1,40,41,0.4227734147953017,0.4227734147953017,0.0,0.017220838603554528,0.017220838603554528,0.09002231213893186,0.08169784647770284,0.005335714972403568,0.017220838603554528,0.005335714972403568,0.0,0.0,0.0,0.9991067894720936,0.0,0.0,0.9999564532932459,False
1.20925,1,41,42,0.4310918401117214,0.4310918401117214,0.0,0.018260641768107006,0.018260641768107006,0.0900162717941225,0.07943237377972004,0.005291949007201232,0.018260641768107006,0.005291949007201232,0.0,0.0,0.0,0.9987896337151393,0.0,0.0,0.9999449326004317,False
1.25325,1,42,43,0.4417124862646205,0.4417124862646205,0.0,0.019588222537219372,0.019588222537219372,0.09005301993261913,0.08343349015630551,0.006519406939235988,0.019588222537219372,0.006519406939235988,0.0,0.0,0.0,0.9987791592185972,0.0,0.0,0.9999448947527578,False
1.2795,1,43,44,0.4482823034482953,0.44828230344829534,5.551115123125783e-17,0.02040944968517872,0.02040944968517872,0.0900033073399803,0.08256255041570734,0.007340634087195333,0.02040944968517872,0.006619529776313621,0.0,0.0,0.0,0.9988694355318085,0.0,0.0,0.9999484600819444,False
1.3085,1,44,45,0.455739624347245,0.45573962434724496,-5.551115123125783e-17,0.021341614797547436,0.021341614797547436,0.09001987131465711,0.08056338014826062,0.008071877668204962,0.021341614797547436,0.006619529776313621,0.0,0.0,0.0,0.9989680982940105,0.0,0.0,0.9999523281917929,False
1.34425,1,45,46,0.46521492059117076,0.46521492059117076,0.0,0.022526026828038153,0.022526026828038153,0.09003867639218627,0.08471822479374268,0.005320451598443601,0.022526026828038153,0.005320451598443601,0.0,0.0,0.0,0.9990465786568976,0.0,0.0,0.9999557614254754,False
1.36375,1,46,47,0.47051196761467634,0.4705119676146764,5.551115123125783e-17,0.023188157705976344,0.023188157705976344,0.09001527181724835,0.08403268934086654,0.005059671053996488,0.023188157705976344,0.005059671053996488,0.0,0.0,0.0,0.9985048345995011,0.0,0.0,0.9999355710436171,False
1.3855,1,47,48,0.47652520993229114,0.47652520993229114,0.0,0.023939812995678204,0.023939812995678204,0.09004593165848138,0.08423460531478302,0.005435498698847413,0.023939812995678204,0.005320451598443601,0.0,0.0,0.0,0.9984329472691226,0.0,0.0,0.9999329687093851,False
1.4060000000000001,1,48,49,0.48229242027702346,0.48229242027702335,-1.1102230246251565e-16,0.024660714288769727,0.024660714288769727,0.09000181565951519,0.08346958802272532,0.005928529857805805,0.024660714288769727,0.005320451598443601,0.0,0.0,0.0,0.9984958794546721,0.0,0.0,0.9999354622253276,False
1.429,1,49,50,0.48887562283690544,0.48887562283690544,0.0,0.025483614608754996,0.025483614608754996,0.09005279058260741,0.08307349027068323,0.006339980017798436,0.025483614608754996,0.005320451598443601,0.0,0.0,0.0,0.9986032597070722,0.0,0.0,0.999939594929703,False
1.453,1,50,51,0.49586921554617885,0.4958692155461789,5.551115123125783e-17,0.026357813697414172,0.026357813697414172,0.09006708297995661,0.08221358357937324,0.006544038284035843,0.026357813697414172,0.005320451598443601,0.0,0.0,0.0,0.9986689603154493,0.0,0.0,0.9999420484433342,False
1.47925,1,51,52,0.5036598084779363,0.5036598084779363,0.0,0.02733163781388385,0.02733163781388385,0.09000417651113071,0.08140472312821079,0.007030950342270686,0.02733163781388385,0.005320451598443601,0.0,0.0,0.0,0.9986985079797979,0.0,0.0,0.9999430129986339,False
1.50775,1,52,53,0.5122802063461663,0.5122802063461663,0.0,0.028409187547412586,0.014204593773706293,0.09002512099644074,0.08034811787999208,0.008108500075799434,0.014204593773706293,0.005320451598443601,0.0,0.0,0.0,0.9987695170354879,0.0,0.0,0.999944372309249,False
1.53925,1,53,54,0.5219970216961004,0.5219970216961003,-1.1102230246251565e-16,0.015419195692448047,0.015419195692448047,0.09006493322992609,0.08482485579232721,0.005240077437598896,0.015419195692448047,0.005240077437598896,0.0,0.0,0.0,0.9989075642853222,0.0,0.0,0.9999516532987776,False
1.556,1,54,55,0.5272418140552949,0.5272418140552949,0.0,0.016074794737347364,0.016074794737347364,0.09006964815152171,0.0841739716690235,0.005567876960048551,0.016074794737347364,0.005240077437598896,0.0,0.0,0.0,0.998259500681944,0.0,0.0,0.9999273298122066,False
1.5745,1,55,56,0.5330953050996786,0.5330953050996787,1.1102230246251565e-16,0.01680648111789533,0.01680648111789533,0.09002746271340736,0.08372789937281083,0.005598649739111663,0.01680648111789533,0.005240077437598896,0.0,0.0,0.0,0.9983532314006117,0.0,0.0,0.9999309500451277,False
1.59425,1,56,57,0.5394125421090418,0.5394125421090418,0.0,0.01759613574406573,0.01759613574406573,0.0900451363821739,0.08295591841540698,0.0059934770521968515,0.01759613574406573,0.005240077437598896,0.0,0.0,0.0,0.9983581986541975,0.0,0.0,0.9999310981365022,False
1.61625,1,57,58,0.5465295177216619,0.5465295177216619,0.0,0.018485757695643246,0.018485757695643246,0.09007289402802715,0.08279496771116758,0.006194831998868194,0.018485757695643246,0.005240077437598896,0.0,0.0,0.0,0.9984580610081033,0.0,0.0,0.9999348802742343,False
1.6385,1,58,59,0.5538097418336961,0.5538097418336961,0.0,0.019395785709647527,0.019395785709647527,0.09007519182320181,0.08188723749233796,0.006649846005870332,0.019395785709647527,0.005240077437598896,0.0,0.0,0.0,0.9984893602951809,0.0,0.0,0.9999359400070723,False
1.6632500000000001,1,59,60,0.5620007535927619,0.5620007535927619,0.0,0.02041966217953074,0.02041966217953074,0.0900782492514037,0.08126124576374183,0.007673722475753551,0.02041966217953074,0.005240077437598896,0.0,0.0,0.0,0.9985846345959145,0.0,0.0,0.9999383398241165,False
1.6895,1,60,61,0.5707892182802669,0.5707892182802669,0.0,0.02151822026546885,0.02151822026546885,0.09004971045124671,0.08013414887764674,0.005654194587851739,0.02151822026546885,0.005240077437598896,0.0,0.0,0.0,0.9987470384185442,0.0,0.0,0.9999461097656244,False
1.71875,1,61,62,0.5806966394611406,0.5806966394611406,0.0,0.02275664791307809,0.02275664791307809,0.09004157005852068,0.08480870895036915,0.005232861108151522,0.02275664791307809,0.005232861108151522,0.0,0.0,0.0,0.9983881915141146,0.0,0.0,0.9999325936467606,False
1.734,1,62,63,0.5859069053917598,0.5859069053917598,0.0,0.023407931154405478,0.023407931154405478,0.09001897488098831,0.08413483053150939,0.005558502728815219,0.023407931154405478,0.005232861108151522,0.0,0.0,0.0,0.9981025492132296,0.0,0.0,0.9999219347767407,False
1.75125,1,63,64,0.5918352886066651,0.5918352886066652,1.1102230246251565e-16,0.02414897905626862,0.02414897905626862,0.09006321374641454,0.08376366311573617,0.005701519676245722,0.02414897905626862,0.005232861108151522,0.0,0.0,0.0,0.998216560942182,0.0,0.0,0.999926282888923,False
1.7695,1,64,65,0.5981453659169763,0.5981453659169762,-1.1102230246251565e-16,0.024937738720057518,0.024937738720057518,0.09007374042604728,0.08298543013158004,0.006095899508140168,0.024937738720057518,0.005232861108151522,0.0,0.0,0.0,0.9982584209414189,0.0,0.0,0.9999278240240418,False
1.78975,1,65,66,0.6051897315106953,0.6051897315106953,0.0,0.02581828441927242,0.02581828441927242,0.09002979572529929,0.08265897068604977,0.006976445207355073,0.02581828441927242,0.005232861108151522,0.0,0.0,0.0,0.9983694715641508,0.0,0.0,0.999931736504786,False
1.81075,1,66,67,0.6125389041979126,0.6125389041979126,0.0,0.026736931005174585,0.026736931005174585,0.09000814337326701,0.08171867174811537,0.005436452663778737,0.026736931005174585,0.005232861108151522,0.0,0.0,0.0,0.9985503027009631,0.0,0.0,0.9999392198362984,False
1.8345,1,67,68,0.6208993531932812,0.6208993531932812,0.0,0.02778198712959565,0.02778198712959565,0.09007912074348381,0.08113897282580554,0.005958980725989264,0.02778198712959565,0.005232861108151522,0.0,0.0,0.0,0.9982248791435333,0.0,0.0,0.9999266570022312,False
1.85975,1,68,69,0.6298383162169062,0.6298383162169062,0.0,0.028899357507548802,0.028899357507548802,0.09007793584943076,0.08504917670161505,0.005028759147815718,0.028899357507548802,0.005028759147815718,0.0,0.0,0.0,0.998364915219945,0.0,0.0,0.9999322859084009,False
1.87375,1,69,70,0.6348143626080153,0.6348143626080154,1.1102230246251565e-16,0.029521363306437426,0.029521363306437426,0.0900252230927241,0.08437445814601974,0.005753652775959261,0.029521363306437426,0.005028759147815718,0.0,0.0,0.0,0.9979484106532193,0.0,0.0,0.9999163297996194,False
1.88975,1,70,71,0.6405164956288203,0.6405164956288203,0.0,0.030234129934038047,0.030234129934038047,0.09007659116682475,0.08114293957418253,0.006110036089759575,0.030234129934038047,0.005028759147815718,0.0,0.0,0.0,0.9982017197822164,0.0,0.0,0.9999258873720839,False
1.91475,1,71,72,0.6494540966214861,0.6494540966214862,1.1102230246251565e-16,0.031351330058121296,0.031351330058121296,0.0900805405668485,0.08505511470848579,0.0050254258583627255,0.031351330058121296,0.0050254258583627255,0.0,0.0,0.0,0.9983849781731553,0.0,0.0,0.9999332648528363,False
1.92875,1,72,73,0.6544716401308782,0.6544716401308781,-1.1102230246251565e-16,0.03197852299679529,0.03197852299679529,0.09007265821787766,0.08442003942084095,0.005077758296594451,0.03197852299679529,0.0050254258583627255,0.0,0.0,0.0,0.9979332378379165,0.0,0.0,0.9999159597695226,False
1.9445000000000001,1,73,74,0.6601249691333813,0.6601249691333813,0.0,0.03268518912210818,0.03268518912210818,0.0900733684233441,0.08428894400143674,0.005431091359250898,0.03268518912210818,0.0050254258583627255,0.0,0.0,0.0,0.9979773160623063,0.0,0.0,0.9999176377659971,False
1.9605000000000001,1,74,75,0.6658753885829307,0.6658753885829306,-1.1102230246251565e-16,0.03340399155330183,0.016701995776650914,0.09003936345098609,0.08353613659788507,0.00614989379044457,0.016701995776650914,0.0050254258583627255,0.0,0.0,0.0,0.9980951639447121,0.0,0.0,0.9999206703761176,False
1.9785000000000001,1,75,76,0.6723508589957702,0.6723508589957701,-1.1102230246251565e-16,0.01751142957825585,0.01751142957825585,0.09001160701072464,0.08305227941867512,0.005222857412214314,0.01751142957825585,0.0050254258583627255,0.0,0.0,0.0,0.998314846236456,0.0,0.0,0.9999306657804766,False
1.998,1,76,77,0.6793700004796739,0.6793700004796739,0.0,0.018388822263743804,0.018388822263743804,0.09007142090257872,0.08223470062504126,0.005661553754958289,0.018388822263743804,0.0050254258583627255,0.0,0.0,0.0,0.9980775831561578,0.0,0.0,0.9999215630987071,False
2.01975,1,77,78,0.6872,0.6872,0.0,0.019367572203784586,0.019367572203784586,0.09006470014536735,0.08298570010762434,0.005972737068078507,0.019367572203784586,0.0050254258583627255,0.0,0.0,0.0,0.998233662650042,0.0,0.0,0.9999276144487532,False
2.03925,1,78,79,0.69422,0.69422,0.0,0.02024507220378461,0.02024507220378461,0.09000570010762438,0.08204920006988135,0.006411487068078498,0.02024507220378461,0.0050254258583627255,0.0,0.0,0.0,0.9982877233148517,0.0,0.0,0.9999296837790376,False
2.0615,1,79,80,0.7022300000000001,0.7022300000000001,0.0,0.02124632220378465,0.02124632220378465,0.0900592000698815,0.08154014637488244,0.007412737068078514,0.02124632220378465,0.0050254258583627255,0.0,0.0,0.0,0.9984174279855352,0.0,0.0,0.9999337332451567,False
2.085,1,80,81,0.7106899999999999,0.71069,1.1102230246251565e-16,0.02230382220378468,0.02230382220378468,0.09000014637488235,0.0804235926798833,0.005840330550946153,0.02230382220378468,0.0050254258583627255,0.0,0.0,0.0,0.998614518427852,0.0,0.0,0.9999424635088459,False
2.1117500000000002,1,81,82,0.7203200000000001,0.7203200000000001,0.0,0.023507572203784736,0.023507572203784736,0.0900535926798834,0.08499722414584415,0.005056368534039251,0.023507572203784736,0.0050254258583627255,0.0,0.0,0.0,0.9983349898166385,0.0,0.0,0.9999319708308985,False
2.12575,1,82,83,0.72536,0.7253600000000001,1.1102230246251565e-16,0.02413757220378475,0.02413757220378475,0.09003722414584409,0.08435085561180483,0.005371368534039242,0.02413757220378475,0.0050254258583627255,0.0,0.0,0.0,0.997938335256838,0.0,0.0,0.9999166049825248,False
2.1415,1,83,84,0.7310300000000001,0.7310300000000001,0.0,0.02484632220378478,0.02484632220378478,0.0900208556118049,0.08394073707776563,0.00550636853403924,0.02484632220378478,0.0050254258583627255,0.0,0.0,0.0,0.9980715967413606,0.0,0.0,0.999921731578479,False
2.1585,1,84,85,0.7371500000000002,0.7371500000000001,-1.1102230246251565e-16,0.025611322203784804,0.025611322203784804,0.09006073707776562,0.08321561854372636,0.005888868534039233,0.025611322203784804,0.0050254258583627255,0.0,0.0,0.0,0.9981303366109341,0.0,0.0,0.9999240130609764,False
2.1775,1,85,86,0.7439900000000003,0.7439900000000003,0.0,0.02646632220378484,0.02646632220378484,0.09005561854372646,0.08292925000968719,0.005001415275473079,0.02646632220378484,0.005001415275473079,0.0,0.0,0.0,0.998261133269823,0.0,0.0,0.9999291912277448,False
2.19725,1,86,87,0.7511000000000004,0.7511000000000004,0.0,0.02735507220378488,0.02735507220378488,0.09003925000968735,0.08202413147564806,0.0054457902754730765,0.02735507220378488,0.0050254258583627255,0.0,0.0,0.0,0.9980097497487025,0.0,0.0,0.999919550792632,False
2.2195,1,87,88,0.7591100000000004,0.7591100000000003,-1.1102230246251565e-16,0.0283563222037849,0.0283563222037849,0.09003413147564805,0.0814002629416088,0.0064470402754730725,0.0283563222037849,0.0050254258583627255,0.0,0.0,0.0,0.9981814159260091,0.0,0.0,0.9999257805369152,False
2.2435,1,88,89,0.7677500000000003,0.7677500000000004,1.1102230246251565e-16,0.029436322203784938,0.014718161101892469,0.09004026294160886,0.08032639440756961,0.007527040275473086,0.014718161101892469,0.0050254258583627255,0.0,0.0,0.0,0.9984418416084528,0.0,0.0,0.9999354392971552,False
2.2705,1,89,90,0.7774700000000003,0.7774700000000003,0.0,0.015933161101892475,0.015933161101892475,0.09004639440756959,0.0808599791320965,0.005580790275473072,0.015933161101892475,0.0050254258583627255,0.0,0.0,0.0,0.9986578487568907,0.0,0.0,0.9999445842595259,False
2.2960000000000003,1,90,91,0.7866500000000005,0.7866500000000005,0.0,0.01708066110189252,0.01708066110189252,0.09003997913209658,0.08487302149436003,0.0051669576377365405,0.01708066110189252,0.0050254258583627255,0.0,0.0,0.0,0.9982574410800655,0.0,0.0,0.9999293831311987,False
2.31025,1,91,92,0.7917800000000005,0.7917800000000006,1.1102230246251565e-16,0.017721911101892546,0.017721911101892546,0.09000302149436011,0.08419481385662356,0.005265395137736534,0.017721911101892546,0.0050254258583627255,0.0,0.0,0.0,0.9979818674632169,0.0,0.0,0.9999186704935565,False
2.3265000000000002,1,92,93,0.7976300000000005,0.7976300000000005,0.0,0.018453161101892566,0.018453161101892566,0.09004481385662355,0.08404816871888703,0.005631020137736527,0.018453161101892566,0.0050254258583627255,0.0,0.0,0.0,0.9980452016019271,0.0,0.0,0.9999211113585904,False
2.34325,1,93,94,0.8036600000000005,0.8036600000000005,0.0,0.019206911101892595,0.019206911101892595,0.0900781687188871,0.08332777358115054,0.006384770137736537,0.019206911101892595,0.0050254258583627255,0.0,0.0,0.0,0.9981638451131092,0.0,0.0,0.9999256057702446,False
2.362,1,94,95,0.8104100000000003,0.8104100000000004,1.1102230246251565e-16,0.020050661101892617,0.020050661101892617,0.09007777358115054,0.08284925344341401,0.007228520137736539,0.020050661101892617,0.0050254258583627255,0.0,0.0,0.0,0.998377752222895,0.0,0.0,0.9999336495541279,False
2.382,1,95,96,0.8176100000000004,0.8176100000000005,1.1102230246251565e-16,0.02095066110189265,0.02095066110189265,0.09004925344341398,0.08192073330567744,0.0052991451377365295,0.02095066110189265,0.0050254258583627255,0.0,0.0,0.0,0.9985570384103254,0.0,0.0,0.999940949816748,False
2.4045,1,96,97,0.8257100000000005,0.8257100000000005,0.0,0.021963161101892684,0.021963161101892684,0.09002073330567742,0.08370908816794087,0.005805395137736522,0.021963161101892684,0.0050254258583627255,0.0,0.0,0.0,0.9981426976515091,0.0,0.0,0.9999249860301196,False
2.422,1,97,98,0.8320100000000006,0.8320100000000006,0.0,0.022750661101892715,0.022750661101892715,0.09000908816794093,0.08290994303020437,0.005380707637736508,0.022750661101892715,0.0050254258583627255,0.0,0.0,0.0,0.9982218216377906,0.0,0.0,0.9999280963585049,False
2.44175,1,98,99,0.8391200000000006,0.8391200000000006,0.0,0.023639411101892754,0.023639411101892754,0.09001994303020447,0.08253829789246792,0.005825082637736506,0.023639411101892754,0.0050254258583627255,0.0,0.0,0.0,0.998130365294765,0.0,0.0,0.9999246589388503,False
2.4625,1,99,100,0.8465900000000007,0.8465900000000006,-1.1102230246251565e-16,0.02457316110189279,0.02457316110189279,0.09000829789246798,0.08159290275473143,0.006758832637736518,0.02457316110189279,0.0050254258583627255,0.0,0.0,0.0,0.9982655972627166,0.0,0.0,0.9999298498167476,False
2.486,1,100,101,0.8550500000000008,0.8550500000000008,0.0,0.02563066110189282,0.02563066110189282,0.09005290275473142,0.08179219511699488,0.007802665275473121,0.02563066110189282,0.0050254258583627255,0.0,0.0,0.0,0.9984997564417823,0.0,0.0,0.9999388255872462,False
2.509,1,101,102,0.8633300000000007,0.8633300000000008,1.1102230246251565e-16,0.026665661101892862,0.013332830550946431,0.09007219511699488,0.08077648747925835,0.008837665275473113,0.013332830550946431,0.0050254258583627255,0.0,0.0,0.0,0.9986730123309366,0.0,0.0,0.9999454159061938,False
2.53475,1,102,103,0.8726000000000007,0.8726000000000008,1.1102230246251565e-16,0.014491580550946414,0.014491580550946414,0.09004648747925821,0.08504144616038996,0.0050050413188682495,0.014491580550946414,0.0050050413188682495,0.0,0.0,0.0,0.9988264579731865,0.0,0.0,0.9999515834947612,False
2.54875,1,103,104,0.8776400000000004,0.8776400000000004,0.0,0.015121580550946397,0.015121580550946397,0.09008144616038985,0.0844464048415216,0.005320041318868241,0.015121580550946397,0.0050050413188682495,0.0,0.0,0.0,0.9979203064297507,0.0,0.0,0.9999166652847046,False
2.56425,1,104,105,0.8832200000000006,0.8832200000000006,0.0,0.01581908055094641,0.01581908055094641,0.09002640484152168,0.08400886352265341,0.005926332637736543,0.01581908055094641,0.0050050413188682495,0.0,0.0,0.0,0.9980523663061962,0.0,0.0,0.9999218013541488,False
2.581,1,105,106,0.8892500000000005,0.8892500000000007,1.1102230246251565e-16,0.016572830550946438,0.016572830550946438,0.09003886352265349,0.08326757220378521,0.006303207637736539,0.016572830550946438,0.0050050413188682495,0.0,0.0,0.0,0.9982452934424777,0.0,0.0,0.9999292747794564,False
2.5997500000000002,1,106,107,0.8960000000000006,0.8960000000000006,0.0,0.01741658055094646,0.01741658055094646,0.09001757220378523,0.08249373956604866,0.006460707637736528,0.01741658055094646,0.0050050413188682495,0.0,0.0,0.0,0.9983597044080655,0.0,0.0,0.9999336607674635,False
2.62075,1,107,108,0.9035600000000006,0.9035600000000006,0.0,0.01836158055094649,0.01836158055094649,0.09005373956604872,0.08158490692831216,0.00693320763773652,0.01836158055094649,0.0050050413188682495,0.0,0.0,0.0,0.9984170337957645,0.0,0.0,0.9999359859343272,False
2.64425,1,108,109,0.9120200000000007,0.9120200000000006,-1.1102230246251565e-16,0.01941908055094652,0.01941908055094652,0.09004490692831217,0.08089544929057566,0.007990707637736521,0.01941908055094652,0.0050050413188682495,0.0,0.0,0.0,0.9985328303497907,0.0,0.0,0.9999403405700317,False
2.66975,1,109,110,0.9212000000000007,0.9212000000000007,0.0,0.020566580550946564,0.020566580550946564,0.09007544929057562,0.07977849165283911,0.005428520137736624,0.020566580550946564,0.0050050413188682495,0.0,0.0,0.0,0.9987166154974498,0.0,0.0,0.9999476382606206,False
2.6982500000000003,1,110,111,0.9314600000000006,0.9314600000000006,0.0,0.021849080550946618,0.021849080550946618,0.09003849165283917,0.07914528401510267,0.005210353818868251,0.021849080550946618,0.0050050413188682495,0.0,0.0,0.0,0.9982537310926671,0.0,0.0,0.999930016315921,False
2.7285,1,111,112,0.9423500000000008,0.9423500000000008,0.0,0.02321033055094667,0.02321033055094667,0.09003528401510275,0.07778082637736625,0.005890978818868245,0.02321033055094667,0.0050050413188682495,0.0,0.0,0.0,0.9982166294079898,0.0,0.0,0.9999284586360847,False
2.7625,1,112,113,0.9545900000000006,0.9545900000000007,1.1102230246251565e-16,0.024740330550946717,0.024740330550946717,0.09002082637736625,0.08259984755849797,0.0074209788188682535,0.024740330550946717,0.0050050413188682495,0.0,0.0,0.0,0.9984202790662112,0.0,0.0,0.999936153426875,False
2.7832500000000002,1,113,114,0.9620600000000007,0.9620600000000008,1.1102230246251565e-16,0.025674080550946752,0.025674080550946752,0.09006984755849796,0.08171511873962972,0.005268010068868311,0.025674080550946752,0.0050050413188682495,0.0,0.0,0.0,0.9985964123823099,0.0,0.0,0.9999429118191367,False
2.8065,1,114,115,0.9704300000000008,0.9704300000000007,-1.1102230246251565e-16,0.02672033055094679,0.02672033055094679,0.09008511873962971,0.08000351492076145,0.0050408019094341245,0.02672033055094679,0.0050050413188682495,0.0,0.0,0.0,0.9981441332592654,0.0,0.0,0.9999257756024179,False
2.8345000000000002,1,115,116,0.9805100000000008,0.9805100000000008,0.0,0.027980330550946834,0.027980330550946834,0.09008351492076153,0.08378271301132738,0.00630080190943414,0.027980330550946834,0.0050050413188682495,0.0,0.0,0.0,0.9981400430085038,0.0,0.0,0.9999254566039645,False
2.852,1,116,117,0.9868100000000009,0.9868100000000009,0.0,0.028767830550946866,0.028767830550946866,0.09008271301132743,0.08299441110189329,0.0057714475688682805,0.028767830550946866,0.0050050413188682495,0.0,0.0,0.0,0.9983464478707199,0.0,0.0,0.9999335278430891,False
2.8715,1,117,118,0.9938300000000007,0.9938300000000008,1.1102230246251565e-16,0.02964533055094689,0.02964533055094689,0.09001441110189326,0.08077515103302493,0.006210197568868272,0.02964533055094689,0.0050050413188682495,0.0,0.0,0.0,0.9982375908891751,0.0,0.0,0.9999294921697894,False
2.89725,1,118,119,1.0031000000000008,1.003100000000001,2.220446049250313e-16,0.030804080550946928,0.030804080550946928,0.09004515103302496,0.0848461459985908,0.005199005034434151,0.030804080550946928,0.0050050413188682495,0.0,0.0,0.0,0.9984096315272936,0.0,0.0,0.9999362629407331,False
2.91175,1,119,120,1.0083200000000005,1.0083200000000005,0.0,0.03145658055094688,0.01572829027547344,0.09006614599859074,0.08421464096415657,0.008021447568868283,0.01572829027547344,0.0050050413188682495,0.0,0.0,0.0,0.99799750766874,0.0,0.0,0.999919836509503,False
2.928,1,120,121,1.014170000000001,1.014170000000001,0.0,0.016459540275473483,0.016459540275473483,0.09006464096415669,0.08475032342972254,0.005314317534434142,0.016459540275473483,0.0050050413188682495,0.0,0.0,0.0,0.9986603860187654,0.0,0.0,0.9999457411838851,False
2.94275,1,121,122,1.0194800000000008,1.0194800000000008,0.0,0.017123290275473498,0.017123290275473498,0.09006032342972249,0.08408225589528835,0.005646192534434134,0.017123290275473498,0.0050050413188682495,0.0,0.0,0.0,0.9980398661797264,0.0,0.0,0.9999217008592337,False
2.95925,1,122,123,1.025420000000001,1.0254200000000009,-2.220446049250313e-16,0.017865790275473532,0.017865790275473532,0.09002225589528845,0.0836335633608543,0.005298848784434136,0.017865790275473532,0.0050050413188682495,0.0,0.0,0.0,0.9981656317600935,0.0,0.0,0.9999265283871948,False
2.977,1,123,124,1.031810000000001,1.0318100000000008,-2.220446049250313e-16,0.018664540275473557,0.018664540275473557,0.09002356336085432,0.08283612082642017,0.005698223784434129,0.018664540275473557,0.0050050413188682495,0.0,0.0,0.0,0.9980783338270647,0.0,0.0,0.9999232915230595,False
2.997,1,124,125,1.039010000000001,1.039010000000001,0.0,0.01956454027547359,0.01956454027547359,0.09003612082642026,0.08303852204198611,0.005928848784434123,0.01956454027547359,0.0050050413188682495,0.0,0.0,0.0,0.9982240398909709,0.0,0.0,0.9999289810382328,False
3.0165,1,125,126,1.0460300000000013,1.0460300000000013,0.0,0.020442040275473614,0.020442040275473614,0.09005852204198615,0.082183423257552,0.006367598784434114,0.020442040275473614,0.0050050413188682495,0.0,0.0,0.0,0.998278358449502,0.0,0.0,0.9999311571296994,False
3.03825,1,126,127,1.0538600000000014,1.0538600000000011,-2.220446049250313e-16,0.021420790275473646,0.021420790275473646,0.09001342325755209,0.08155894947311795,0.007346348784434123,0.021420790275473646,0.0050050413188682495,0.0,0.0,0.0,0.9984046788934776,0.0,0.0,0.9999357659348795,False
3.06175,1,127,128,1.0623200000000015,1.0623200000000013,-2.220446049250313e-16,0.022478290275473697,0.022478290275473697,0.09001894947311802,0.08050697568868387,0.005883947568868411,0.022478290275473697,0.0050050413188682495,0.0,0.0,0.0,0.9986049719253695,0.0,0.0,0.9999436087728155,False
3.08825,1,128,129,1.0718600000000016,1.0718600000000014,-2.220446049250313e-16,0.023670790275473738,0.023670790275473738,0.09004697568868386,0.08001187690424974,0.005017549392217059,0.023670790275473738,0.0050050413188682495,0.0,0.0,0.0,0.9983440918894922,0.0,0.0,0.9999338479183537,False
3.116,1,129,130,1.081850000000001,1.081850000000001,0.0,0.02491954027547377,0.02491954027547377,0.09000187690424966,0.0837355775120326,0.005422549392217044,0.02491954027547377,0.0050050413188682495,0.0,0.0,0.0,0.998130046058778,0.0,0.0,0.9999253299930848,False
3.1335,1,130,131,1.088150000000001,1.088150000000001,0.0,0.0257070402754738,0.0257070402754738,0.09003557751203264,0.08298177811981558,0.0058162993922170406,0.0257070402754738,0.0050050413188682495,0.0,0.0,0.0,0.9981130748046751,0.0,0.0,0.9999246300092283,False
3.153,1,131,132,1.0951700000000013,1.0951700000000013,0.0,0.026584540275473825,0.026584540275473825,0.09000177811981558,0.08291422872759852,0.006693799392217044,0.026584540275473825,0.0050050413188682495,0.0,0.0,0.0,0.9982494463936274,0.0,0.0,0.9999300327672502,False
3.17275,1,132,133,1.1022800000000013,1.1022800000000013,0.0,0.027473290275473863,0.027473290275473863,0.09002422872759858,0.08204792933538152,0.0054394737844341914,0.027473290275473863,0.0050050413188682495,0.0,0.0,0.0,0.9984543552891046,0.0,0.0,0.999938012731401,False
3.1950000000000003,1,133,134,1.1102900000000013,1.1102900000000013,0.0,0.028474540275473904,0.028474540275473904,0.09005792933538155,0.0814741299431645,0.005940098784434187,0.028474540275473904,0.0050050413188682495,0.0,0.0,0.0,0.9981807680982823,0.0,0.0,0.999927413205361,False
3.21875,1,134,135,1.1188400000000014,1.1188400000000014,0.0,0.029543290275473928,0.029543290275473928,0.09002412994316444,0.0803715805509474,0.005447911284434172,0.029543290275473928,0.0050050413188682495,0.0,0.0,0.0,0.9983279944919278,0.0,0.0,0.9999330664885135,False
3.2455000000000003,1,135,136,1.1284700000000014,1.1284700000000014,0.0,0.030747040275473984,0.030747040275473984,0.09000158055094755,0.08128835676651333,0.00604978628443417,0.030747040275473984,0.0050050413188682495,0.0,0.0,0.0,0.9982384933674424,0.0,0.0,0.9999297691222332,False
3.26975,1,136,137,1.137200000000001,1.137200000000001,0.0,0.031838290275473836,0.015919145137736918,0.09001835676651318,0.08021388298207897,0.0071410362844341775,0.015919145137736918,0.0050050413188682495,0.0,0.0,0.0,0.9983590301314893,0.0,0.0,0.999934116491079,False
3.297,1,137,138,1.1470100000000012,1.1470100000000012,0.0,0.01714539513773696,0.01714539513773696,0.090023882982079,0.07949378419764483,0.005265049392217084,0.01714539513773696,0.0050050413188682495,0.0,0.0,0.0,0.9985992059005552,0.0,0.0,0.9999437303210156,False
3.32625,1,138,139,1.1575400000000013,1.1575400000000013,0.0,0.01846164513773702,0.01846164513773702,0.09002378419764497,0.08344248480542785,0.005142705642217092,0.01846164513773702,0.0050050413188682495,0.0,0.0,0.0,0.9982194974649843,0.0,0.0,0.9999288660492267,False
3.3445,1,139,140,1.1641100000000013,1.1641100000000013,0.0,0.01928289513773703,0.01928289513773703,0.09001248480542778,0.08260993541321068,0.005553330642217079,0.01928289513773703,0.0050050413188682495,0.0,0.0,0.0,0.9980354042836719,0.0,0.0,0.9999217131113135,False
3.36525,1,140,141,1.1715800000000014,1.1715800000000014,0.0,0.020216645137737067,0.020216645137737067,0.0900799354132108,0.08318222977099368,0.0057192681422170676,0.020216645137737067,0.0050050413188682495,0.0,0.0,0.0,0.9981938169143072,0.0,0.0,0.9999280188383277,False
3.38425,1,141,142,1.1784200000000014,1.1784200000000014,0.0,0.021071645137737103,0.021071645137737103,0.09002222977099383,0.08226952412877672,0.006146768142217065,0.021071645137737103,0.0050050413188682495,0.0,0.0,0.0,0.998217649887308,0.0,0.0,0.9999288426677825,False
3.4057500000000003,1,142,143,1.1861600000000017,1.1861600000000014,-2.220446049250313e-16,0.02203914513773714,0.02203914513773714,0.09000952412877686,0.08169994348655975,0.007114268142217079,0.02203914513773714,0.0050050413188682495,0.0,0.0,0.0,0.9983530140014327,0.0,0.0,0.9999341382250608,False
3.4290000000000003,1,143,144,1.1945300000000016,1.1945300000000016,0.0,0.023085395137737177,0.023085395137737177,0.09006994348655972,0.08071411284434263,0.006032911284434278,0.023085395137737177,0.0050050413188682495,0.0,0.0,0.0,0.998563877466925,0.0,0.0,0.9999424044259851,False
3.455,1,144,145,1.2038900000000017,1.2038900000000017,0.0,0.02425539513773721,0.02425539513773721,0.09007411284434255,0.0803160947021255,0.006617911284434267,0.02425539513773721,0.0050050413188682495,0.0,0.0,0.0,0.9983731242484609,0.0,0.0,0.9999349277237778,False
3.482,1,145,146,1.2136100000000016,1.2136100000000016,0.0,0.02547039513773726,0.02547039513773726,0.09003609470212556,0.08454958563101703,0.0054865090711085284,0.02547039513773726,0.0050050413188682495,0.0,0.0,0.0,0.998503808382219,0.0,0.0,0.9999400433665266,False
3.49725,1,146,147,1.2191000000000016,1.2191000000000016,0.0,0.026156645137737283,0.026156645137737283,0.09003958563101701,0.08386682655990847,0.00561588407110852,0.026156645137737283,0.0050050413188682495,0.0,0.0,0.0,0.9981019119761876,0.0,0.0,0.9999244051317213,False
3.5145,1,147,148,1.2253100000000017,1.2253100000000017,0.0,0.02693289513773732,0.02693289513773732,0.09007682655990853,0.0836846924888,0.0060040090711085195,0.02693289513773732,0.0050050413188682495,0.0,0.0,0.0,0.9981669356524799,0.0,0.0,0.9999268695815504,False
3.53225,1,148,149,1.2317000000000018,1.2317000000000018,0.0,0.027731645137737345,0.027731645137737345,0.09007469248879998,0.08288380841769144,0.005339580642217132,0.027731645137737345,0.0050050413188682495,0.0,0.0,0.0,0.9982774111034128,0.0,0.0,0.9999311087093896,False
3.55225,1,149,150,1.2389000000000017,1.2389000000000017,0.0,0.028631645137737378,0.028631645137737378,0.0900838084176915,0.08238104934658295,0.005789580642217127,0.028631645137737378,0.0050050413188682495,0.0,0.0,0.0,0.9981221698718808,0.0,0.0,0.9999251649113154,False
3.5735,1,150,151,1.2465500000000016,1.2465500000000016,0.0,0.0295878951377374,0.0295878951377374,0.09003104934658292,0.0813720402754744,0.005975205642217115,0.0295878951377374,0.0050050413188682495,0.0,0.0,0.0,0.9982630623242758,0.0,0.0,0.9999307468704999,False
3.5975,1,151,152,1.255190000000002,1.255190000000002,0.0,0.03066789513773744,0.03066789513773744,0.09001204027547449,0.08173620963325734,0.006515205642217109,0.03066789513773744,0.0050050413188682495,0.0,0.0,0.0,0.9983393027062746,0.0,0.0,0.9999338194075258,False
3.6205000000000003,1,152,153,1.2634700000000016,1.2634700000000016,0.0,0.031702895137737344,0.015851447568868672,0.09001620963325728,0.08070537899104013,0.007550205642217127,0.015851447568868672,0.0050050413188682495,0.0,0.0,0.0,0.9984481202440662,0.0,0.0,0.99993791305153,False
3.6465,1,153,154,1.2728300000000017,1.2728300000000017,0.0,0.017021447568868704,0.017021447568868704,0.09006537899104007,0.08504996366993152,0.005015415321108554,0.017021447568868704,0.0050050413188682495,0.0,0.0,0.0,0.9986558567421367,0.0,0.0,0.9999459212238572,False
3.6605,1,154,155,1.2778700000000018,1.2778700000000018,0.0,0.017651447568868738,0.017651447568868738,0.09008996366993162,0.08444454834882305,0.005330415321108555,0.017651447568868738,0.0050050413188682495,0.0,0.0,0.0,0.9979248864892041,0.0,0.0,0.9999176518923161,False
3.676,1,155,156,1.2834500000000015,1.2834500000000015,0.0,0.018348947568868755,0.018348947568868755,0.09002454834882302,0.08399663302771446,0.005293852821108551,0.018348947568868755,0.0050050413188682495,0.0,0.0,0.0,0.9980564613949979,0.0,0.0,0.9999227662671006,False
3.69275,1,156,157,1.2894800000000015,1.2894800000000017,2.220446049250313e-16,0.019102697568868784,0.019102697568868784,0.09002663302771453,0.08324496770660597,0.005670727821108547,0.019102697568868784,0.0050050413188682495,0.0,0.0,0.0,0.9980628682143484,0.0,0.0,0.9999230738819468,False
3.71175,1,157,158,1.296320000000002,1.296320000000002,0.0,0.01995769756886882,0.01995769756886882,0.0900849677066061,0.0831823648854975,0.0058282278211085415,0.01995769756886882,0.0050050413188682495,0.0,0.0,0.0,0.9982044917864743,0.0,0.0,0.9999283930761912,False
3.73075,1,158,159,1.3031600000000019,1.3031600000000019,0.0,0.020812697568868836,0.020812697568868836,0.0900223648854975,0.08226476206438892,0.006255727821108529,0.020812697568868836,0.0050050413188682495,0.0,0.0,0.0,0.9982467581193769,0.0,0.0,0.9999300223917155,False
3.75225,1,159,160,1.310900000000002,1.310900000000002,0.0,0.021780197568868873,0.021780197568868873,0.09000476206438907,0.08165653424328051,0.007223227821108544,0.021780197568868873,0.0050050413188682495,0.0,0.0,0.0,0.9983776667274962,0.0,0.0,0.9999349708186359,False
3.7755,1,160,161,1.319270000000002,1.319270000000002,0.0,0.02282644756886891,0.02282644756886891,0.09002653424328047,0.08063205642217192,0.0059681743922172115,0.02282644756886891,0.0050050413188682495,0.0,0.0,0.0,0.9985827678874717,0.0,0.0,0.9999431895492935,False
3.80175,1,161,162,1.328720000000002,1.328720000000002,0.0,0.024007697568868957,0.024007697568868957,0.09008205642217196,0.08020382860106343,0.006558799392217206,0.024007697568868957,0.0050050413188682495,0.0,0.0,0.0,0.9983612235973529,0.0,0.0,0.9999347174907315,False
3.829,1,162,163,1.338530000000002,1.338530000000002,0.0,0.025233947568869,0.025233947568869,0.09001382860106345,0.0844615896905092,0.005552238910554258,0.025233947568869,0.0050050413188682495,0.0,0.0,0.0,0.9984949057277216,0.0,0.0,0.9999399483953565,False
3.8445,1,163,164,1.344110000000002,1.344110000000002,0.0,0.025931447568869018,0.025931447568869018,0.09004158969050913,0.08379185077995485,0.005687238910554252,0.025931447568869018,0.0050050413188682495,0.0,0.0,0.0,0.9981253485829106,0.0,0.0,0.9999254180557294,False
3.8617500000000002,1,164,165,1.350320000000002,1.350320000000002,0.0,0.026707697568869055,0.026707697568869055,0.09000185077995493,0.08353836186940067,0.006075363910554251,0.026707697568869055,0.0050050413188682495,0.0,0.0,0.0,0.9981872914785953,0.0,0.0,0.9999278121213887,False
3.87975,1,165,166,1.356800000000002,1.356800000000002,0.0,0.027517697568869074,0.027517697568869074,0.09001836186940061,0.08274487295884633,0.005329712196108597,0.027517697568869074,0.0050050413188682495,0.0,0.0,0.0,0.9982982990467919,0.0,0.0,0.9999321634365195,False
3.9,1,166,167,1.3640900000000022,1.3640900000000022,0.0,0.02842894756886912,0.02842894756886912,0.09003487295884649,0.08223825904829221,0.005785337196108598,0.02842894756886912,0.0050050413188682495,0.0,0.0,0.0,0.9981227216805149,0.0,0.0,0.9999252882629507,False
3.9217500000000003,1,167,168,1.3719200000000025,1.3719200000000025,0.0,0.029407697568869153,0.029407697568869153,0.09006825904829223,0.08129289513773796,0.005979399696108586,0.029407697568869153,0.0050050413188682495,0.0,0.0,0.0,0.9982676789441832,0.0,0.0,0.9999308492678466,False
3.946,1,168,169,1.3806500000000022,1.3806500000000022,0.0,0.030498947568869186,0.030498947568869186,0.09002289513773801,0.08171193294162937,0.006525024696108577,0.030498947568869186,0.0050050413188682495,0.0,0.0,0.0,0.9983429039140578,0.0,0.0,0.9999339628065973,False
3.96925,1,169,170,1.3890200000000021,1.3890200000000021,0.0,0.03154519756886913,0.015772598784434565,0.0900819329416293,0.0807247207455207,0.0075712746961085885,0.015772598784434565,0.0050050413188682495,0.0,0.0,0.0,0.9984522363805611,0.0,0.0,0.9999378838232414,False
3.99525,1,170,171,1.3983800000000022,1.3983800000000022,0.0,0.016942598784434618,0.016942598784434618,0.09008472074552079,0.0850489271474665,0.005035793598054297,0.016942598784434618,0.0050050413188682495,0.0,0.0,0.0,0.9986593517470124,0.0,0.0,0.9999463335960986,False
4.00925,1,171,172,1.4034200000000019,1.4034200000000019,0.0,0.01757259878443463,0.01757259878443463,0.09008892714746633,0.08442313354941203,0.0053507935980542775,0.01757259878443463,0.0050050413188682495,0.0,0.0,0.0,0.9979322661684775,0.0,0.0,0.9999178512437273,False
4.02475,1,172,173,1.409000000000002,1.409000000000002,0.0,0.01827009878443467,0.01827009878443467,0.090003133549412,0.08395483995135772,0.005307199848054261,0.01827009878443467,0.0050050413188682495,0.0,0.0,0.0,0.9980630105306353,0.0,0.0,0.9999230406585783,False
4.04175,1,173,174,1.4151200000000017,1.4151200000000017,0.0,0.01903509878443467,0.01903509878443467,0.09007483995135745,0.08326154635330316,0.0056896998480542235,0.01903509878443467,0.0050050413188682495,0.0,0.0,0.0,0.9980707258872735,0.0,0.0,0.9999234220867943,False
4.0605,1,174,175,1.4218700000000017,1.421870000000002,2.220446049250313e-16,0.019878848784434733,0.019878848784434733,0.09001154635330341,0.08309559650524911,0.0058387623480542095,0.019878848784434733,0.0050050413188682495,0.0,0.0,0.0,0.9982068118264934,0.0,0.0,0.9999286854497429,False
4.07975,1,175,176,1.4288000000000018,1.4288000000000018,0.0,0.020745098784434743,0.020745098784434743,0.09002559650524901,0.08224339665719474,0.006271887348054171,0.020745098784434743,0.0050050413188682495,0.0,0.0,0.0,0.9982527067540573,0.0,0.0,0.9999305010847792,False
4.1015,1,176,177,1.4366300000000018,1.4366300000000018,0.0,0.021723848784434775,0.021723848784434775,0.09007339665719477,0.08169494680914055,0.007250637348054179,0.021723848784434775,0.0050050413188682495,0.0,0.0,0.0,0.9983838684538674,0.0,0.0,0.9999352326194165,False
4.12475,1,177,178,1.4450000000000016,1.4450000000000014,-2.220446049250313e-16,0.02277009878443481,0.02277009878443481,0.0900649468091402,0.08064024696108606,0.005954087196108659,0.02277009878443481,0.0050050413188682495,0.0,0.0,0.0,0.998587174630448,0.0,0.0,0.999943089272559,False
4.15075,1,178,179,1.454360000000001,1.4543600000000012,2.220446049250313e-16,0.023940098784434843,0.023940098784434843,0.09000024696108566,0.08010023461303159,0.006539087196108616,0.023940098784434843,0.0050050413188682495,0.0,0.0,0.0,0.9983553989176662,0.0,0.0,0.9999345090796024,False
4.17825,1,179,180,1.4642600000000008,1.4642600000000008,0.0,0.02517759878443488,0.02517759878443488,0.09000023461303132,0.08443147843900434,0.0055687561740269875,0.02517759878443488,0.0050050413188682495,0.0,0.0,0.0,0.9984933215621887,0.0,0.0,0.9999399709153444,False
4.19375,1,180,181,1.4698400000000007,1.469840000000001,2.220446049250313e-16,0.02587509878443492,0.02587509878443492,0.0900114784390042,0.08374522226497719,0.005700943674026973,0.02587509878443492,0.0050050413188682495,0.0,0.0,0.0,0.9981302460024009,0.0,0.0,0.9999255617728218,False
4.21125,1,181,182,1.4761400000000005,1.4761400000000007,2.220446049250313e-16,0.02666259878443495,0.02666259878443495,0.090045222264977,0.08355677859095002,0.006094693674026949,0.02666259878443495,0.0050050413188682495,0.0,0.0,0.0,0.9981943046647921,0.0,0.0,0.9999281405430555,False
4.22925,1,182,183,1.4826200000000003,1.4826200000000003,0.0,0.02747259878443497,0.02747259878443497,0.0900367785909498,0.08273833491692281,0.005328293598054243,0.02747259878443497,0.0050050413188682495,0.0,0.0,0.0,0.9983031039570673,0.0,0.0,0.9999324216798572,False
4.2495,1,183,184,1.48991,1.4899099999999998,-2.220446049250313e-16,0.028383848784434996,0.028383848784434996,0.09002833491692266,0.0822123912428957,0.00578391859805421,0.028383848784434996,0.0050050413188682495,0.0,0.0,0.0,0.998122466434445,0.0,0.0,0.9999254497973876,False
4.27125,1,184,185,1.4977400000000003,1.4977400000000003,0.0,0.02936259878443507,0.02936259878443507,0.09004239124289588,0.08124769756886896,0.0059807935980541954,0.02936259878443507,0.0050050413188682495,0.0,0.0,0.0,0.9982674958087988,0.0,0.0,0.9999309920190449,False
4.29575,1,185,186,1.5065600000000001,1.5065600000000001,0.0,0.030465098784435096,0.030465098784435096,0.09006769756886882,0.08174690397081456,0.0065320435980541535,0.030465098784435096,0.0050050413188682495,0.0,0.0,0.0,0.9983457366472679,0.0,0.0,0.9999339385318694,False
4.3187500000000005,1,186,187,1.51484,1.51484,0.0,0.0315000987844351,0.01575004939221755,0.09002690397081425,0.08067111037276009,0.007567043598054151,0.01575004939221755,0.0050050413188682495,0.0,0.0,0.0,0.9984514076098887,0.0,0.0,0.9999378289841915,False
4.34475,1,187,188,1.5241999999999996,1.5241999999999996,0.0,0.01692004939221758,0.01692004939221758,0.09003111037275967,0.08499602607373263,0.005035084299027044,0.01692004939221758,0.0050050413188682495,0.0,0.0,0.0,0.9986585648728159,0.0,0.0,0.9999462144106278,False
4.35875,1,188,189,1.5292399999999993,1.5292399999999993,0.0,0.017550049392217614,0.017550049392217614,0.09003602607373257,0.0843709417747055,0.005350084299027029,0.017550049392217614,0.0050050413188682495,0.0,0.0,0.0,0.9979322192791713,0.0,0.0,0.9999180430181095,False
4.3745,1,189,190,1.534909999999999,1.534909999999999,0.0,0.018258799392217626,0.018258799392217626,0.09004094177470529,0.08398210747567825,0.005313521799026997,0.018258799392217626,0.0050050413188682495,0.0,0.0,0.0,0.9980662903612039,0.0,0.0,0.9999230800424509,False
4.39125,1,190,191,1.540939999999999,1.540939999999999,0.0,0.019012549392217654,0.019012549392217654,0.0900121074756782,0.08319952317665116,0.005690396799026973,0.019012549392217654,0.0050050413188682495,0.0,0.0,0.0,0.9980691067863334,0.0,0.0,0.9999233120078272,False
4.4102500000000004,1,191,192,1.547779999999999,1.547779999999999,0.0,0.01986754939221769,0.01986754939221769,0.09003952317665119,0.08311725137762417,0.0058422717990269475,0.01986754939221769,0.0050050413188682495,0.0,0.0,0.0,0.9982101097653866,0.0,0.0,0.9999288513338636,False
4.4295,1,192,193,1.5547099999999991,1.5547099999999994,2.220446049250313e-16,0.02073379939221774,0.02073379939221774,0.09004725137762438,0.08225872957859734,0.006275396799026929,0.02073379939221774,0.0050050413188682495,0.0,0.0,0.0,0.998253677011252,0.0,0.0,0.9999306119690877,False
4.45125,1,193,194,1.5625399999999994,1.5625399999999994,0.0,0.021712549392217773,0.021712549392217773,0.09008872957859736,0.08169833277957037,0.007254146799026937,0.021712549392217773,0.0050050413188682495,0.0,0.0,0.0,0.9983848733308538,0.0,0.0,0.9999354660789799,False
4.4745,1,194,195,1.5709099999999991,1.5709099999999991,0.0,0.02275879939221781,0.02275879939221781,0.09006833277957003,0.08063168598054313,0.005951262348054409,0.02275879939221781,0.0050050413188682495,0.0,0.0,0.0,0.9985879181256782,0.0,0.0,0.9999432129889781,False
4.50075,1,195,196,1.5803599999999989,1.5803599999999989,0.0,0.023940049392217857,0.023940049392217857,0.09008168598054284,0.08016691418151599,0.006541887348054372,0.023940049392217857,0.0050050413188682495,0.0,0.0,0.0,0.9983571984190817,0.0,0.0,0.9999344367186968,False
4.52825,1,196,197,1.5902599999999985,1.5902599999999985,0.0,0.025177549392217894,0.025177549392217894,0.09006691418151569,0.08449077828200231,0.0055761358995133825,0.025177549392217894,0.0050050413188682495,0.0,0.0,0.0,0.9984937429301767,0.0,0.0,0.9999398778398626,False
4.54375,1,197,198,1.5958399999999984,1.5958399999999981,-2.220446049250313e-16,0.025875049392217932,0.025875049392217932,0.09007077828200219,0.08379714238248878,0.0057083233995133585,0.025875049392217932,0.0050050413188682495,0.0,0.0,0.0,0.998132555863787,0.0,0.0,0.9999257553676664,False
4.561,1,198,199,1.6020499999999982,1.6020499999999982,0.0,0.02665129939221795,0.02665129939221795,0.0900071423824885,0.08352256898297514,0.006096448399513328,0.02665129939221795,0.0050050413188682495,0.0,0.0,0.0,0.9981931813652658,0.0,0.0,0.9999280571535235,False
4.579,1,199,200,1.6085299999999978,1.6085299999999978,0.0,0.027461299392217968,0.027461299392217968,0.0900025689829749,0.08270799558346154,0.005326881174027118,0.027461299392217968,0.0050050413188682495,0.0,0.0,0.0,0.9983034677352113,0.0,0.0,0.9999323793122321,False
4.5995,1,200,201,1.6159099999999977,1.6159099999999977,0.0,0.02838379939221801,0.02838379939221801,0.0900879955834615,0.08225904718394816,0.0057881311740270915,0.02838379939221801,0.0050050413188682495,0.0,0.0,0.0,0.9981254516055761,0.0,0.0,0.9999256002765919,False
4.62125,1,201,202,1.6237399999999975,1.6237399999999975,0.0,0.02936254939221804,0.02936254939221804,0.09008904718394802,0.08128134878443474,0.005982193674027053,0.02936254939221804,0.0050050413188682495,0.0,0.0,0.0,0.998268700068116,0.0,0.0,0.9999311646667701,False
4.6455,1,202,203,1.6324699999999979,1.6324699999999976,-2.220446049250313e-16,0.030453799392218095,0.030453799392218095,0.09001134878443481,0.08169196761040769,0.006527818674027025,0.030453799392218095,0.0050050413188682495,0.0,0.0,0.0,0.9983436038013487,0.0,0.0,0.9999339919595177,False
4.66875,1,203,204,1.6408399999999976,1.6408399999999976,0.0,0.0315000493922181,0.01575002469610905,0.09006196761040747,0.08069633643638041,0.007574068674027036,0.01575002469610905,0.0050050413188682495,0.0,0.0,0.0,0.9984530262112813,0.0,0.0,0.9999380207555654,False
4.69475,1,204,205,1.6501999999999972,1.6501999999999972,0.0,0.016920024696109082,0.016920024696109082,0.09005633643638,0.08501914584936653,0.005037190587013484,0.016920024696109082,0.0050050413188682495,0.0,0.0,0.0,0.9986594077296387,0.0,0.0,0.9999460119943167,False
4.70875,1,205,206,1.655239999999997,1.655239999999997,0.0,0.017550024696109116,0.017550024696109116,0.09005914584936645,0.08439195526235295,0.005352190587013469,0.017550024696109116,0.0050050413188682495,0.0,0.0,0.0,0.9979329914286645,0.0,0.0,0.9999181012933851,False
4.7245,1,206,207,1.6609099999999968,1.6609099999999968,0.0,0.018258774696109127,0.018258774696109127,0.09006195526235272,0.08400101467533926,0.005314221837013446,0.018258774696109127,0.0050050413188682495,0.0,0.0,0.0,0.9980670680642597,0.0,0.0,0.9999231930535679,False
4.74125,1,207,208,1.6669399999999968,1.6669399999999968,0.0,0.019012524696109156,0.019012524696109156,0.0900310146753392,0.08321632408832572,0.005691096837013422,0.019012524696109156,0.0050050413188682495,0.0,0.0,0.0,0.9980693108200259,0.0,0.0,0.9999232903406132,False
4.76025,1,208,209,1.6737799999999967,1.6737799999999967,0.0,0.019867524696109192,0.019867524696109192,0.09005632408832576,0.08313335225131228,0.00584578433701339,0.019867524696109192,0.0050050413188682495,0.0,0.0,0.0,0.9982102766708038,0.0,0.0,0.9999288399610029,False
4.7795000000000005,1,209,210,1.6807099999999968,1.6807099999999968,0.0,0.0207337746961092,0.0207337746961092,0.09006335225131218,0.08227413041429871,0.006278909337013351,0.0207337746961092,0.0050050413188682495,0.0,0.0,0.0,0.9982545067943827,0.0,0.0,0.9999305755775441,False
4.801,1,210,211,1.688449999999997,1.688449999999997,0.0,0.02170127469610926,0.02170127469610926,0.09001413041429895,0.08163428357728554,0.007246409337013386,0.02170127469610926,0.0050050413188682495,0.0,0.0,0.0,0.9983831864057107,0.0,0.0,0.999935416276809,False
4.82425,1,211,212,1.6968199999999967,1.6968199999999967,0.0,0.022747524696109297,0.022747524696109297,0.09000428357728521,0.08057818674027185,0.0059484436740272805,0.022747524696109297,0.0050050413188682495,0.0,0.0,0.0,0.9985867866360585,0.0,0.0,0.9999433405020454,False
4.8505,1,212,213,1.706269999999996,1.706269999999996,0.0,0.023928774696109302,0.023928774696109302,0.09002818674027126,0.08012115240325801,0.006539068674027224,0.023928774696109302,0.0050050413188682495,0.0,0.0,0.0,0.9983565847409331,0.0,0.0,0.9999344121643122,False
4.878,1,213,214,1.716169999999996,1.7161699999999964,4.440892098500626e-16,0.02516627469610938,0.02516627469610938,0.09002115240325803,0.08444888523475144,0.005572267168506597,0.02516627469610938,0.0050050413188682495,0.0,0.0,0.0,0.9984931019894026,0.0,0.0,0.9999397427189605,False
4.8935,1,214,215,1.7217499999999957,1.7217499999999957,0.0,0.025863774696109378,0.025863774696109378,0.090028885234751,0.08375911806624442,0.005704454668506564,0.025863774696109378,0.0050050413188682495,0.0,0.0,0.0,0.9981313725865123,0.0,0.0,0.9999256852065872,False
4.9110000000000005,1,215,216,1.7280499999999956,1.7280499999999954,-2.220446049250313e-16,0.02665127469610941,0.02665127469610941,0.09005911806624423,0.08356716339773765,0.0060982046685065395,0.02665127469610941,0.0050050413188682495,0.0,0.0,0.0,0.9981952240107436,0.0,0.0,0.9999281139579685,False
4.929,1,216,217,1.7345299999999955,1.7345299999999952,-2.220446049250313e-16,0.027461274696109428,0.027461274696109428,0.09004716339773743,0.08274520872923084,0.00533109683701354,0.027461274696109428,0.0050050413188682495,0.0,0.0,0.0,0.9983038167515107,0.0,0.0,0.9999323026257994,False
4.94925,1,217,218,1.7418199999999953,1.7418199999999953,0.0,0.028372524696109496,0.028372524696109496,0.09003520872923101,0.08221575406072443,0.005786721837013527,0.028372524696109496,0.0050050413188682495,0.0,0.0,0.0,0.9981232914456087,0.0,0.0,0.9999254743138165,False
4.971,1,218,219,1.7496499999999953,1.7496499999999955,2.220446049250313e-16,0.029351274696109528,0.029351274696109528,0.09004575406072429,0.08124754939221779,0.005980784337013499,0.029351274696109528,0.0050050413188682495,0.0,0.0,0.0,0.998268305774595,0.0,0.0,0.9999311217092741,False
4.9955,1,219,220,1.758469999999995,1.758469999999995,0.0,0.030453774696109555,0.030453774696109555,0.09006754939221764,0.08174395255520409,0.006532034337013457,0.030453774696109555,0.0050050413188682495,0.0,0.0,0.0,0.9983459277552973,0.0,0.0,0.9999341086571001,False
5.0185,1,220,221,1.7667499999999947,1.7667499999999947,0.0,0.031488774696109556,0.015744387348054778,0.09002395255520379,0.0806653557181903,0.007567034337013455,0.015744387348054778,0.0050050413188682495,0.0,0.0,0.0,0.9984516685918613,0.0,0.0,0.9999380141573166,False
5.0445,1,221,222,1.7761099999999947,1.7761099999999947,0.0,0.016914387348054852,0.016914387348054852,0.09002535571819023,0.08498886979968352,0.005036485918506702,0.016914387348054852,0.0050050413188682495,0.0,0.0,0.0,0.9986582033229305,0.0,0.0,0.9999458292692571,False
5.0585,1,222,223,1.7811499999999945,1.7811499999999945,0.0,0.017544387348054843,0.017544387348054843,0.09002886979968314,0.08436238388117645,0.005351485918506667,0.017544387348054843,0.0050050413188682495,0.0,0.0,0.0,0.9979325514925679,0.0,0.0,0.9999179044751559,False
5.07425,1,223,224,1.7868199999999943,1.7868199999999943,0.0,0.018253137348054897,0.018253137348054897,0.09003238388117654,0.08397214796266983,0.005313517168506669,0.018253137348054897,0.0050050413188682495,0.0,0.0,0.0,0.9980668208468045,0.0,0.0,0.9999231680942418,False
5.091,1,224,225,1.7928499999999943,1.7928499999999945,2.220446049250313e-16,0.019006887348054925,0.019006887348054925,0.09000214796266978,0.08318816204416307,0.005690392168506645,0.019006887348054925,0.0050050413188682495,0.0,0.0,0.0,0.9980690615123915,0.0,0.0,0.9999232440350494,False
5.11,1,225,226,1.7996899999999942,1.7996899999999942,0.0,0.01986188734805492,0.01986188734805492,0.09002816204416278,0.08310589487565614,0.005842267168506599,0.01986188734805492,0.0050050413188682495,0.0,0.0,0.0,0.9982099750848243,0.0,0.0,0.9999287171013407,False
5.12925,1,226,227,1.8066199999999943,1.8066199999999943,0.0,0.02072813734805497,0.02072813734805497,0.09003589487565634,0.08224737770714965,0.0062753921685065805,0.02072813734805497,0.0050050413188682495,0.0,0.0,0.0,0.9982534608574092,0.0,0.0,0.9999303956543865,False
5.151,1,227,228,1.8144499999999946,1.8144499999999946,0.0,0.021706887348055003,0.021706887348055003,0.09007737770714969,0.08168698553864306,0.007254142168506589,0.021706887348055003,0.0050050413188682495,0.0,0.0,0.0,0.9983848361460145,0.0,0.0,0.9999353949436942,False
5.17425,1,228,229,1.822819999999994,1.822819999999994,0.0,0.02275313734805504,0.02275313734805504,0.09005698553864272,0.08062034337013618,0.005949846837013716,0.02275313734805504,0.0050050413188682495,0.0,0.0,0.0,0.9985881678724275,0.0,0.0,0.9999434559747533,False
5.2005,1,229,230,1.8322699999999936,1.8322699999999936,0.0,0.023934387348055086,0.023934387348055086,0.0900703433701359,0.0801555762016294,0.00654047183701368,0.023934387348055086,0.0050050413188682495,0.0,0.0,0.0,0.9983570144856878,0.0,0.0,0.9999345291655166,False
5.228,1,230,231,1.8421699999999934,1.8421699999999934,0.0,0.025171887348055123,0.025171887348055123,0.09005557620162911,0.0844794426173759,0.005576133584253209,0.025171887348055123,0.0050050413188682495,0.0,0.0,0.0,0.9984934439061319,0.0,0.0,0.9999398120562134,False
5.2435,1,231,232,1.8477499999999933,1.8477499999999933,0.0,0.02586938734805516,0.02586938734805516,0.09005944261737578,0.08378580903312255,0.005708321084253185,0.02586938734805516,0.0050050413188682495,0.0,0.0,0.0,0.9981324427628462,0.0,0.0,0.9999256417319663,False
5.261,1,232,233,1.854049999999993,1.854049999999993,0.0,0.026656887348055193,0.026656887348055193,0.09008580903312235,0.08358998794886917,0.006102071084253161,0.026656887348055193,0.0050050413188682495,0.0,0.0,0.0,0.9981962794074828,0.0,0.0,0.9999281350437307,False
5.279,1,233,234,1.860529999999993,1.860529999999993,0.0,0.027466887348055212,0.027466887348055212,0.09006998794886895,0.08276416686461574,0.005331798418506777,0.027466887348055212,0.0050050413188682495,0.0,0.0,0.0,0.9983047510774424,0.0,0.0,0.9999323111184747,False
5.29925,1,234,235,1.867819999999993,1.867819999999993,0.0,0.02837813734805524,0.02837813734805524,0.09005416686461559,0.08223084578036242,0.005787423418506745,0.02837813734805524,0.0050050413188682495,0.0,0.0,0.0,0.9981234091074288,0.0,0.0,0.9999253860683978,False
5.321,1,235,236,1.8756499999999927,1.8756499999999927,0.0,0.02935688734805527,0.02935688734805527,0.09006084578036228,0.08125877469610918,0.005981485918506707,0.02935688734805527,0.0050050413188682495,0.0,0.0,0.0,0.9982683873768673,0.0,0.0,0.9999310351783186,False
5.3455,1,236,237,1.8844699999999925,1.8844699999999925,0.0,0.030459387348055297,0.030459387348055297,0.09007877469610905,0.0817544762776023,0.006532735918506665,0.030459387348055297,0.0050050413188682495,0.0,0.0,0.0,0.9983460388280381,0.0,0.0,0.9999340583991546,False
5.3685,1,237,238,1.8927499999999924,1.8927499999999924,0.0,0.03149438734805533,0.015747193674027667,0.0900344762776023,0.0806751778590956,0.007567735918506703,0.015747193674027667,0.0050050413188682495,0.0,0.0,0.0,0.9984517253344494,0.0,0.0,0.9999379158596088,False
5.3945,1,238,239,1.9021099999999922,1.9021099999999922,0.0,0.0169171936740277,0.0169171936740277,0.09003517785909518,0.08499834114984187,0.005036836709253311,0.0169171936740277,0.0050050413188682495,0.0,0.0,0.0,0.9986581840375511,0.0,0.0,0.9999456868829146,False
5.4085,1,239,240,1.907149999999992,1.907149999999992,0.0,0.017547193674027732,0.017547193674027732,0.0900383411498418,0.08437150444058848,0.005351836709253295,0.017547193674027732,0.0050050413188682495,0.0,0.0,0.0,0.9979325657052085,0.0,0.0,0.9999177823050354,False
5.42425,1,240,241,1.9128199999999917,1.912819999999992,2.220446049250313e-16,0.018255943674027744,0.018255943674027744,0.09004150444058825,0.08398091773133495,0.005313867959253273,0.018255943674027744,0.0050050413188682495,0.0,0.0,0.0,0.9980668278401365,0.0,0.0,0.999923070518066,False
5.441,1,241,242,1.918849999999992,1.918849999999992,0.0,0.019009693674027772,0.019009693674027772,0.0900109177313349,0.0831965810220816,0.005690742959253249,0.019009693674027772,0.0050050413188682495,0.0,0.0,0.0,0.9980691543257392,0.0,0.0,0.999923231447557,False
5.46,1,242,243,1.925689999999992,1.925689999999992,0.0,0.01986469367402781,0.01986469367402781,0.09003658102208165,0.08311396306282834,0.005842617959253223,0.01986469367402781,0.0050050413188682495,0.0,0.0,0.0,0.9982100138621707,0.0,0.0,0.999928649460339,False
5.47925,1,243,244,1.9326199999999918,1.9326199999999918,0.0,0.020730943674027818,0.020730943674027818,0.09004396306282822,0.08225509510357494,0.006275742959253185,0.020730943674027818,0.0050050413188682495,0.0,0.0,0.0,0.9982309713915463,0.0,0.0,0.9999085821857858,False
5.501,1,244,245,1.9404499999999918,1.9404499999999918,0.0,0.02170969367402785,0.02170969367402785,0.09008509510357496,0.08169435214432175,0.007254492959253193,0.02170969367402785,0.0050050413188682495,0.0,0.0,0.0,0.9983852227707584,0.0,0.0,0.9999352807552235,False
5.52425,1,245,246,1.9488199999999916,1.9488199999999916,0.0,0.022755943674027886,0.022755943674027886,0.0900643521443214,0.08062735918506825,0.005950548418506928,0.022755943674027886,0.0050050413188682495,0.0,0.0,0.0,0.9985867742227588,0.0,0.0,0.9999421420915212,False
5.5505,1,246,247,1.9582699999999913,1.9582699999999913,0.0,0.023937193674027933,0.023937193674027933,0.09007735918506797,0.08016224122581489,0.006541173418506891,0.023937193674027933,0.0050050413188682495,0.0,0.0,0.0,0.9983554253543498,0.0,0.0,0.9999328405470674,False
5.578,1,247,248,1.9681699999999909,1.9681699999999909,0.0,0.02517469367402797,0.02517469367402797,0.0900622412258146,0.0844859322461881,0.005576308979626501,0.02517469367402797,0.0050050413188682495,0.0,0.0,0.0,0.9984919813728005,0.0,0.0,0.9999382421270363,False
5.5935,1,248,249,1.9737499999999908,1.9737499999999908,0.0,0.02587219367402801,0.02587219367402801,0.09006593224618797,0.08379212326656145,0.0057084964796264865,0.02587219367402801,0.0050050413188682495,0.0,0.0,0.0,0.9981311742566649,0.0,0.0,0.9999243255894457,False
5.61075,1,249,250,1.9799599999999904,1.9799599999999904,0.0,0.026648443674028025,0.026648443674028025,0.09000212326656115,0.08351737678693467,0.006096621479626456,0.026648443674028025,0.0050050413188682495,0.0,0.0,0.0,0.9981917606724011,0.0,0.0,0.9999265593071428,False
5.6290000000000004,1,250,251,1.9865299999999904,1.9865299999999904,0.0,0.02746969367402806,0.02746969367402806,0.09008737678693454,0.08278138030730806,0.005332149209253383,0.02746969367402806,0.0050050413188682495,0.0,0.0,0.0,0.9983049142095692,0.0,0.0,0.9999311140690483,False
5.64925,1,251,252,1.9938199999999902,1.9938199999999902,0.0,0.028380943674028086,0.028380943674028086,0.0900713803073079,0.08224225882768142,0.005787774209253351,0.028380943674028086,0.0050050413188682495,0.0,0.0,0.0,0.9981221069313617,0.0,0.0,0.9999239621146566,False
5.671,1,252,253,2.00164999999999,2.00164999999999,0.0,0.029359693674028117,0.029359693674028117,0.09007225882768129,0.08126438734805488,0.005981836709253313,0.029359693674028117,0.0050050413188682495,0.0,0.0,0.0,0.9982671865059268,0.0,0.0,0.9999297337444292,False
5.6955,1,253,254,2.01046999999999,2.01046999999999,0.0,0.030462193674028186,0.030462193674028186,0.09008438734805506,0.08175973813880166,0.006533086709253291,0.030462193674028186,0.0050050413188682495,0.0,0.0,0.0,0.9983448564616779,0.0,0.0,0.9999327970832579,False
5.7185,1,254,255,2.01874999999999,2.01874999999999,0.0,0.03149719367402819,0.015748596837014094,0.09003973813880137,0.08068008892954805,0.007568086709253289,0.015748596837014094,0.0050050413188682495,0.0,0.0,0.0,0.9984502564575705,0.0,0.0,0.9999363599899339,False
5.7445,1,255,256,2.0281099999999896,2.0281099999999896,0.0,0.016918596837014126,0.016918596837014126,0.09004008892954762,0.08500307682492102,0.005037012104626613,0.016918596837014126,0.0050050413188682495,0.0,0.0,0.0,0.9986568102452563,0.0,0.0,0.9999442608421795,False
5.7585,1,256,257,2.0331499999999894,2.0331499999999894,0.0,0.01754859683701416,0.01754859683701416,0.09004307682492094,0.08437606472029431,0.005352012104626598,0.01754859683701416,0.0050050413188682495,0.0,0.0,0.0,0.997931243086772,0.0,0.0,0.9999163933011601,False
5.77425,1,257,258,2.038819999999989,2.038819999999989,0.0,0.01825734683701417,0.01825734683701417,0.09004606472029408,0.0839853026156675,0.0053140433546265756,0.01825734683701417,0.0050050413188682495,0.0,0.0,0.0,0.9980654333708419,0.0,0.0,0.9999216138358182,False
5.791,1,258,259,2.044849999999989,2.044849999999989,0.0,0.0190110968370142,0.0190110968370142,0.09001530261566745,0.08320079051104085,0.005690918354626552,0.0190110968370142,0.0050050413188682495,0.0,0.0,0.0,0.998067726583157,0.0,0.0,0.9999217606058647,False
5.8100000000000005,1,259,260,2.051689999999989,2.051689999999989,0.0,0.019866096837014235,0.019866096837014235,0.09004079051104086,0.08311799715641427,0.005842793354626516,0.019866096837014235,0.0050050413188682495,0.0,0.0,0.0,0.998208613007858,0.0,0.0,0.9999272022060779,False
5.82925,1,260,261,2.0586199999999897,2.0586199999999897,0.0,0.020732346837014286,0.020732346837014286,0.09004799715641448,0.08225895380178785,0.0062759183546264976,0.020732346837014286,0.0050050413188682495,0.0,0.0,0.0,0.998252143430824,0.0,0.0,0.9999289190606074,False
5.851,1,261,262,2.0664499999999895,2.0664499999999895,0.0,0.021711096837014318,0.021711096837014318,0.09008895380178789,0.08169803544716131,0.007254668354626506,0.021711096837014318,0.0050050413188682495,0.0,0.0,0.0,0.998383238210247,0.0,0.0,0.9999336589141404,False
5.87425,1,262,263,2.0748199999999892,2.0748199999999892,0.0,0.022757346837014355,0.022757346837014355,0.09006803544716098,0.08063086709253449,0.005950899209253545,0.022757346837014355,0.0050050413188682495,0.0,0.0,0.0,0.9985865092384228,0.0,0.0,0.9999417218523263,False
5.9005,1,263,264,2.084269999999989,2.0842699999999885,-4.440892098500626e-16,0.0239385968370144,0.0239385968370144,0.0900808670925342,0.08016557373790778,0.006541524209253509,0.0239385968370144,0.0050050413188682495,0.0,0.0,0.0,0.9983556338835452,0.0,0.0,0.9999329173478927,False
5.928,1,264,265,2.0941699999999885,2.0941699999999885,0.0,0.02517609683701444,0.02517609683701444,0.0900655737379075,0.08448917706059433,0.005576396677313167,0.02517609683701444,0.0050050413188682495,0.0,0.0,0.0,0.9984920481828584,0.0,0.0,0.9999382156808636,False
5.9435,1,265,266,2.0997499999999882,2.0997499999999882,0.0,0.025873596837014477,0.025873596837014477,0.0900691770605942,0.08379528038328102,0.005708584177313143,0.025873596837014477,0.0050050413188682495,0.0,0.0,0.0,0.9981308131730605,0.0,0.0,0.999923937338281,False
5.96075,1,266,267,2.105959999999988,2.105959999999988,0.0,0.026649846837014494,0.026649846837014494,0.0900052803832807,0.08352044620596757,0.006096709177313113,0.026649846837014494,0.0050050413188682495,0.0,0.0,0.0,0.9981914782995672,0.0,0.0,0.9999262694445625,False
5.97875,1,267,268,2.112439999999988,2.112439999999988,0.0,0.027459846837014513,0.027459846837014513,0.09000044620596734,0.0827056120286542,0.005326699604626685,0.027459846837014513,0.0050050413188682495,0.0,0.0,0.0,0.9983018121121356,0.0,0.0,0.9999306362094039,False
5.99925,1,268,269,2.119819999999988,2.119819999999988,0.0,0.028382346837014554,0.028382346837014554,0.09008561202865416,0.08225640285134103,0.005787949604626659,0.028382346837014554,0.0050050413188682495,0.0,0.0,0.0,0.9981234768391335,0.0,0.0,0.9999236586837424,False
6.021,1,269,270,2.1276499999999876,2.1276499999999876,0.0,0.029361096837014586,0.029361096837014586,0.0900864028513409,0.08127844367402784,0.005982012104626621,0.029361096837014586,0.0050050413188682495,0.0,0.0,0.0,0.9982666168783361,0.0,0.0,0.9999291151862071,False
6.04525,1,270,271,2.1363799999999875,2.1363799999999875,0.0,0.03045234683701464,0.03045234683701464,0.09000844367402791,0.0816892440694012,0.006527637104626592,0.03045234683701464,0.0050050413188682495,0.0,0.0,0.0,0.9983416668882074,0.0,0.0,0.9999321052755699,False
6.0685,1,271,272,2.1447499999999877,2.1447499999999877,0.0,0.03149859683701465,0.015749298418507324,0.090059244069401,0.08069379446477437,0.007573887104626604,0.015749298418507324,0.0050050413188682495,0.0,0.0,0.0,0.9984510512996203,0.0,0.0,0.9999360119810828,False
6.0945,1,272,273,2.1541099999999873,2.154109999999987,-4.440892098500626e-16,0.016919298418507357,0.016919298418507357,0.09005379446477396,0.0850166946624607,0.005037099802313268,0.016919298418507357,0.0050050413188682495,0.0,0.0,0.0,0.9986574059276666,0.0,0.0,0.9999439897700408,False
6.1085,1,273,274,2.159149999999987,2.159149999999987,0.0,0.01754929841850739,0.01754929841850739,0.09005669466246062,0.08438959486014733,0.005352099802313252,0.01754929841850739,0.0050050413188682495,0.0,0.0,0.0,0.997930912066846,0.0,0.0,0.9999160214418514,False
6.12425,1,274,275,2.1648199999999864,2.164819999999987,4.440892098500626e-16,0.0182580484185074,0.0182580484185074,0.09005959486014711,0.08399874505783386,0.00531413105231323,0.0182580484185074,0.0050050413188682495,0.0,0.0,0.0,0.9980650122947844,0.0,0.0,0.999921157642536,False
6.141,1,275,276,2.1708499999999864,2.1708499999999864,0.0,0.01901179841850743,0.01901179841850743,0.09002874505783381,0.08321414525552054,0.005691006052313206,0.01901179841850743,0.0050050413188682495,0.0,0.0,0.0,0.9980673614669763,0.0,0.0,0.9999213562828677,False
6.16,1,276,277,2.177689999999987,2.177689999999987,0.0,0.019866798418507466,0.019866798418507466,0.09005414525552058,0.08313126420320732,0.005845693552313174,0.019866798418507466,0.0050050413188682495,0.0,0.0,0.0,0.9982082091861127,0.0,0.0,0.9999267632375514,False
6.17925,1,277,278,2.1846199999999865,2.1846199999999865,0.0,0.020733048418507476,0.020733048418507476,0.09006126420320722,0.08227213315089396,0.006278818552313136,0.020733048418507476,0.0050050413188682495,0.0,0.0,0.0,0.9982523889822696,0.0,0.0,0.9999284417087078,False
6.20075,1,278,279,2.192359999999987,2.192359999999987,0.0,0.021700548418507534,0.021700548418507534,0.09001213315089421,0.08163237709858101,0.00724631855231317,0.021700548418507534,0.0050050413188682495,0.0,0.0,0.0,0.9983809755433085,0.0,0.0,0.9999331606869973,False
6.224,1,279,280,2.2007299999999868,2.2007299999999868,0.0,0.02274679841850757,0.02274679841850757,0.09000237709858067,0.08057637104626754,0.005948262104626849,0.02274679841850757,0.0050050413188682495,0.0,0.0,0.0,0.9985847784588754,0.0,0.0,0.9999413489399377,False
6.25025,1,280,281,2.210179999999986,2.210179999999986,0.0,0.023928048418507576,0.023928048418507576,0.09002637104626694,0.0801194274939539,0.006538887104626793,0.023928048418507576,0.0050050413188682495,0.0,0.0,0.0,0.9983544768698575,0.0,0.0,0.9999323293804732,False
6.27775,1,281,282,2.220079999999986,2.220079999999986,0.0,0.025165548418507655,0.025165548418507655,0.09001942749395395,0.08444720571779746,0.005572221776156489,0.025165548418507655,0.0050050413188682495,0.0,0.0,0.0,0.9984910356540191,0.0,0.0,0.9999377070910326,False
6.2932500000000005,1,282,283,2.2256599999999853,2.2256599999999853,0.0,0.025863048418507652,0.025863048418507652,0.090027205717797,0.08375748394164054,0.005704409276156456,0.025863048418507652,0.0050050413188682495,0.0,0.0,0.0,0.9981291504602237,0.0,0.0,0.999923459346448,False
6.3107500000000005,1,283,284,2.2319599999999853,2.2319599999999853,0.0,0.026650548418507683,0.026650548418507683,0.09005748394164034,0.08356557466548387,0.006098159276156432,0.026650548418507683,0.0050050413188682495,0.0,0.0,0.0,0.998193014030555,0.0,0.0,0.9999259164560806,False
6.32875,1,284,285,2.238439999999985,2.238439999999985,0.0,0.027460548418507702,0.027460548418507702,0.09004557466548364,0.08274366538932718,0.005331006052313324,0.027460548418507702,0.0050050413188682495,0.0,0.0,0.0,0.9983017437608338,0.0,0.0,0.999930231895208,False
6.349,1,285,286,2.2457299999999853,2.2457299999999853,0.0,0.02837179841850777,0.02837179841850777,0.09003366538932735,0.08221425611317087,0.005786631052313311,0.02837179841850777,0.0050050413188682495,0.0,0.0,0.0,0.998121073693942,0.0,0.0,0.9999232535579072,False
6.37075,1,286,287,2.253559999999985,2.253559999999985,0.0,0.029350548418507802,0.029350548418507802,0.09004425611317074,0.08124609683701434,0.005980693552313283,0.029350548418507802,0.0050050413188682495,0.0,0.0,0.0,0.9982659695781649,0.0,0.0,0.9999287869689335,False
6.39525,1,287,288,2.2623799999999847,2.2623799999999847,0.0,0.03045304841850783,0.03045304841850783,0.09006609683701419,0.08174259078470086,0.006531943552313241,0.03045304841850783,0.0050050413188682495,0.0,0.0,0.0,0.9983435961802933,0.0,0.0,0.999931798624423,False
6.4182500000000005,1,288,289,2.270659999999985,2.2706599999999844,-4.440892098500626e-16,0.03148804841850783,0.015744024209253915,0.09002259078470054,0.08066408473238729,0.007566943552313239,0.015744024209253915,0.0050050413188682495,0.0,0.0,0.0,0.9984491546633439,0.0,0.0,0.9999354492839237,False
6.44425,1,289,290,2.2800199999999844,2.2800199999999844,0.0,0.01691402420925399,0.01691402420925399,0.09002408473238721,0.08498764420623062,0.0050364405261565945,0.01691402420925399,0.0050050413188682495,0.0,0.0,0.0,0.9986559704388037,0.0,0.0,0.9999435780834024,False
6.4582500000000005,1,290,291,2.2850599999999845,2.285059999999984,-4.440892098500626e-16,0.01754402420925398,0.01754402420925398,0.09002764420623022,0.08436120368007365,0.005351440526156559,0.01754402420925398,0.0050050413188682495,0.0,0.0,0.0,0.997929795808336,0.0,0.0,0.9999151369073903,False
6.474,1,291,292,2.2907299999999844,2.2907299999999844,0.0,0.018252774209254034,0.018252774209254034,0.09003120368007374,0.08397101315391714,0.005313471776156561,0.018252774209254034,0.0050050413188682495,0.0,0.0,0.0,0.9980638111992146,0.0,0.0,0.9999201654312662,False
6.49075,1,292,293,2.2967599999999844,2.2967599999999844,0.0,0.019006524209254062,0.019006524209254062,0.09000101315391709,0.08318707262776048,0.005690346776156537,0.019006524209254062,0.0050050413188682495,0.0,0.0,0.0,0.9980659924004381,0.0,0.0,0.999920195155092,False
6.50975,1,293,294,2.3035999999999843,2.303599999999984,-4.440892098500626e-16,0.019861524209254057,0.019861524209254057,0.09002707262776019,0.08310485085160366,0.005842221776156491,0.019861524209254057,0.0050050413188682495,0.0,0.0,0.0,0.9982069076543569,0.0,0.0,0.9999256460101607,False
6.529,1,294,295,2.310529999999984,2.310529999999984,0.0,0.020727774209254108,0.020727774209254108,0.09003485085160386,0.0822463790754473,0.006275346776156473,0.020727774209254108,0.0050050413188682495,0.0,0.0,0.0,0.9982502872742871,0.0,0.0,0.9999272040026944,False
6.55075,1,295,296,2.318359999999984,2.318359999999984,0.0,0.02170652420925414,0.02170652420925414,0.09007637907544731,0.0816860322992908,0.007254096776156481,0.02170652420925414,0.0050050413188682495,0.0,0.0,0.0,0.9983813182786563,0.0,0.0,0.9999318181999923,False
6.574,1,296,297,2.3267299999999835,2.3267299999999835,0.0,0.022752774209254176,0.022752774209254176,0.09005603229929046,0.08061943552313403,0.0059497560523135,0.022752774209254176,0.0050050413188682495,0.0,0.0,0.0,0.9985844380856774,0.0,0.0,0.9999397339202507,False
6.60025,1,297,298,2.3361799999999837,2.3361799999999837,0.0,0.023934024209254223,0.023934024209254223,0.09006943552313375,0.08015471374697736,0.006540381052313464,0.023934024209254223,0.0050050413188682495,0.0,0.0,0.0,0.998353354037399,0.0,0.0,0.9999308898275237,False
6.62775,1,298,299,2.3460799999999833,2.3460799999999833,0.0,0.02517152420925426,0.02517152420925426,0.09005471374697707,0.08447860285889891,0.005576110888078155,0.02517152420925426,0.0050050413188682495,0.0,0.0,0.0,0.9984897488238758,0.0,0.0,0.9999361304437594,False
6.64325,1,299,300,2.351659999999983,2.351659999999983,0.0,0.0258690242092543,0.0258690242092543,0.09005860285889877,0.08378499197082061,0.005708298388078131,0.0258690242092543,0.0050050413188682495,0.0,0.0,0.0,0.9981286789827032,0.0,0.0,0.9999218657178784,False
6.66075,1,300,301,2.3579599999999834,2.3579599999999834,0.0,0.02665652420925433,0.02665652420925433,0.09008499197082043,0.08358919358274228,0.006102048388078107,0.02665652420925433,0.0050050413188682495,0.0,0.0,0.0,0.9981923659635483,0.0,0.0,0.999924206918892,False
6.67875,1,301,302,2.3644399999999823,2.3644399999999823,0.0,0.02746652420925435,0.02746652420925435,0.09006919358274204,0.08276339519466391,0.0053317530261566696,0.02746652420925435,0.0050050413188682495,0.0,0.0,0.0,0.9983007499095468,0.0,0.0,0.9999283050240023,False
6.699,1,302,303,2.3717299999999826,2.3717299999999826,0.0,0.028377774209254376,0.028377774209254376,0.09005339519466377,0.08223009680658563,0.005787378026156637,0.028377774209254376,0.0050050413188682495,0.0,0.0,0.0,0.9981193173434225,0.0,0.0,0.9999212796871254,False
6.72075,1,303,304,2.3795599999999824,2.379559999999982,-4.440892098500626e-16,0.029356524209254407,0.029356524209254407,0.0900600968065855,0.08125804841850745,0.005981440526156599,0.029356524209254407,0.0050050413188682495,0.0,0.0,0.0,0.998264165597813,0.0,0.0,0.999926797263239,False
6.74525,1,304,305,2.388379999999982,2.388379999999982,0.0,0.030459024209254434,0.030459024209254434,0.09007804841850732,0.08175379539235067,0.006532690526156557,0.030459024209254434,0.0050050413188682495,0.0,0.0,0.0,0.9983418017831601,0.0,0.0,0.9999298344315329,False
6.76825,1,305,306,2.396659999999982,2.396659999999982,0.0,0.03149402420925447,0.015747012104627235,0.09003379539235068,0.08067454236619409,0.007567690526156595,0.015747012104627235,0.0050050413188682495,0.0,0.0,0.0,0.9984473340904376,0.0,0.0,0.9999334830336284,False
6.79425,1,306,307,2.406019999999982,2.406019999999982,0.0,0.016917012104627267,0.016917012104627267,0.09003454236619368,0.08499772835311542,0.005036814013078257,0.016917012104627267,0.0050050413188682495,0.0,0.0,0.0,0.9986539513290904,0.0,0.0,0.9999414482092732,False
6.80825,1,307,308,2.4110599999999813,2.4110599999999813,0.0,0.0175470121046273,0.0175470121046273,0.09003772835311535,0.08437091434003707,0.0053518140130782415,0.0175470121046273,0.0050050413188682495,0.0,0.0,0.0,0.9979282558342328,0.0,0.0,0.9999134429158403,False
6.824,1,308,309,2.4167299999999816,2.4167299999999816,0.0,0.018255762104627312,0.018255762104627312,0.09004091434003685,0.08398035032695861,0.005313845263078219,0.018255762104627312,0.0050050413188682495,0.0,0.0,0.0,0.9980623468292679,0.0,0.0,0.9999185588604064,False
6.84075,1,309,310,2.4227599999999816,2.4227599999999816,0.0,0.01900951210462734,0.01900951210462734,0.09001035032695856,0.08319603631388031,0.005690720263078195,0.01900951210462734,0.0050050413188682495,0.0,0.0,0.0,0.9980645142286614,0.0,0.0,0.9999185820965395,False
6.85975,1,310,311,2.4295999999999816,2.4295999999999816,0.0,0.019864512104627377,0.019864512104627377,0.09003603631388035,0.0831134410508021,0.005842595263078169,0.019864512104627377,0.0050050413188682495,0.0,0.0,0.0,0.9982054477657211,0.0,0.0,0.9999240851325119,False
6.8790000000000004,1,311,312,2.4365299999999817,2.4365299999999817,0.0,0.020730762104627386,0.020730762104627386,0.09004344105080199,0.08225459578772376,0.006275720263078131,0.020730762104627386,0.0050050413188682495,0.0,0.0,0.0,0.998248902871547,0.0,0.0,0.9999257300661161,False
6.90075,1,312,313,2.444359999999982,2.444359999999981,-8.881784197001252e-16,0.021709512104627418,0.021709512104627418,0.09008459578772376,0.08169387552464562,0.007254470263078139,0.021709512104627418,0.0050050413188682495,0.0,0.0,0.0,0.998380120620076,0.0,0.0,0.9999305507486776,False
6.924,1,313,314,2.452729999999981,2.452729999999981,0.0,0.022755762104627455,0.022755762104627455,0.09006387552464527,0.08062690526156718,0.00595050302615682,0.022755762104627455,0.0050050413188682495,0.0,0.0,0.0,0.9985832979592819,0.0,0.0,0.9999385193830722,False
6.9502500000000005,1,314,315,2.4621799999999805,2.4621799999999805,0.0,0.0239370121046275,0.0239370121046275,0.09007690526156689,0.08016180999848886,0.0065411280261567836,0.0239370121046275,0.0050050413188682495,0.0,0.0,0.0,0.9983522055095889,0.0,0.0,0.9999295665888379,False
6.97775,1,315,316,2.4720799999999805,2.4720799999999805,0.0,0.02517451210462754,0.02517451210462754,0.09006180999848859,0.08448551236694961,0.005576297631538974,0.02517451210462754,0.0050050413188682495,0.0,0.0,0.0,0.9984887604418929,0.0,0.0,0.9999349903638236,False
6.99325,1,316,317,2.47765999999998,2.47765999999998,0.0,0.025872012104627577,0.025872012104627577,0.09006551236694949,0.08379171473541047,0.0057084851315389595,0.025872012104627577,0.0050050413188682495,0.0,0.0,0.0,0.9981275482029569,0.0,0.0,0.9999206599958209,False
7.0105,1,317,318,2.48386999999998,2.48386999999998,0.0,0.026648262104627594,0.026648262104627594,0.09000171473541019,0.08351697960387124,0.006096610131538929,0.026648262104627594,0.0050050413188682495,0.0,0.0,0.0,0.9981880613293852,0.0,0.0,0.9999228517958109,False
7.0287500000000005,1,318,319,2.49043999999998,2.49043999999998,0.0,0.027469512104627627,0.027469512104627627,0.0900869796038711,0.08278099447233213,0.005332126513078329,0.027469512104627627,0.0050050413188682495,0.0,0.0,0.0,0.998301049801854,0.0,0.0,0.999927243758748,False
7.049,1,319,320,2.49772999999998,2.49772999999998,0.0,0.028380762104627654,0.028380762104627654,0.09007099447233198,0.08224188434079303,0.005787751513078297,0.028380762104627654,0.0050050413188682495,0.0,0.0,0.0,0.9981183863680965,0.0,0.0,0.9999202390703087,False
7.07075,1,320,321,2.5055599999999796,2.5055599999999796,0.0,0.029359512104627686,0.029359512104627686,0.0900718843407929,0.08126402420925402,0.005981814013078259,0.029359512104627686,0.0050050413188682495,0.0,0.0,0.0,0.9982632757062799,0.0,0.0,0.999925807072965,False
7.09525,1,321,322,2.5143799999999796,2.5143799999999796,0.0,0.030462012104627754,0.030462012104627754,0.0900840242092542,0.08175939769617585,0.006533064013078237,0.030462012104627754,0.0050050413188682495,0.0,0.0,0.0,0.9983407617563119,0.0,0.0,0.9999286841220903,False
7.11825,1,322,323,2.5226599999999797,2.5226599999999797,0.0,0.031497012104627756,0.015748506052313878,0.09003939769617555,0.0806797711830973,0.007568064013078235,0.015748506052313878,0.0050050413188682495,0.0,0.0,0.0,0.9984465102964204,0.0,0.0,0.9999325735121586,False
7.14425,1,323,324,2.5320199999999793,2.532019999999979,-4.440892098500626e-16,0.01691850605231391,0.01691850605231391,0.09003977118309688,0.0850027704265578,0.005037000756539086,0.01691850605231391,0.0050050413188682495,0.0,0.0,0.0,0.9986530138058478,0.0,0.0,0.9999404378561787,False
7.15825,1,324,325,2.537059999999979,2.537059999999979,0.0,0.017548506052313943,0.017548506052313943,0.09004277042655773,0.08437576967001861,0.005352000756539071,0.017548506052313943,0.0050050413188682495,0.0,0.0,0.0,0.9979273317743487,0.0,0.0,0.9999124559448969,False
7.174,1,325,326,2.542729999999979,2.542729999999979,0.0,0.018257256052313955,0.018257256052313955,0.0900457696700184,0.08398501891347931,0.005314032006539049,0.018257256052313955,0.0050050413188682495,0.0,0.0,0.0,0.9980613402944964,0.0,0.0,0.9999174953946063,False
7.19075,1,326,327,2.548759999999979,2.548759999999979,0.0,0.019011006052313983,0.019011006052313983,0.09001501891347927,0.08320051815694018,0.005690907006539025,0.019011006052313983,0.0050050413188682495,0.0,0.0,0.0,0.9980636346547987,0.0,0.0,0.9999176322877393,False
7.2097500000000005,1,327,328,2.5555999999999788,2.5555999999999788,0.0,0.01986600605231402,0.01986600605231402,0.09004051815694022,0.08311773615040115,0.005842782006538989,0.01986600605231402,0.0050050413188682495,0.0,0.0,0.0,0.9982045455025976,0.0,0.0,0.9999231382668984,False
7.229,1,328,329,2.5625299999999793,2.562529999999979,-4.440892098500626e-16,0.02073225605231407,0.02073225605231407,0.09004773615040136,0.08225870414386226,0.006275907006538971,0.02073225605231407,0.0050050413188682495,0.0,0.0,0.0,0.9982479020339956,0.0,0.0,0.999924707285133,False
7.25075,1,329,330,2.570359999999979,2.570359999999979,0.0,0.021711006052314102,0.021711006052314102,0.09008870414386227,0.08169779713732325,0.007254657006538979,0.021711006052314102,0.0050050413188682495,0.0,0.0,0.0,0.9983791455218858,0.0,0.0,0.9999295710313311,False
7.274,1,330,331,2.578729999999979,2.578729999999979,0.0,0.02275725605231414,0.02275725605231414,0.09006779713732291,0.08063064013078394,0.005950876513078491,0.02275725605231414,0.0050050413188682495,0.0,0.0,0.0,0.9985824007498251,0.0,0.0,0.9999375987864223,False
7.30025,1,331,332,2.588179999999978,2.588179999999978,0.0,0.023938506052314186,0.023938506052314186,0.09008064013078368,0.08016535812424477,0.006541501513078455,0.023938506052314186,0.0050050413188682495,0.0,0.0,0.0,0.9983516603694325,0.0,0.0,0.9999289469553566,False
7.32775,1,332,333,2.598079999999978,2.598079999999978,0.0,0.025176006052314223,0.025176006052314223,0.09006535812424449,0.08448896712097509,0.005576391003269404,0.025176006052314223,0.0050050413188682495,0.0,0.0,0.0,0.9984881186126303,0.0,0.0,0.9999343060535131,False
7.34325,1,333,334,2.6036599999999783,2.603659999999978,-4.440892098500626e-16,0.02587350605231426,0.02587350605231426,0.09006896712097495,0.08379507611770554,0.00570857850326938,0.02587350605231426,0.0050050413188682495,0.0,0.0,0.0,0.9981267900410746,0.0,0.0,0.99991989454573,False
7.3605,1,334,335,2.6098699999999777,2.6098699999999777,0.0,0.026649756052314278,0.026649756052314278,0.09000507611770522,0.08352024761443586,0.006096703503269349,0.026649756052314278,0.0050050413188682495,0.0,0.0,0.0,0.9981872848260043,0.0,0.0,0.9999220493453048,False
7.3785,1,335,336,2.6163499999999775,2.6163499999999775,0.0,0.027459756052314297,0.027459756052314297,0.09000024761443562,0.08270541911116625,0.005326688256539158,0.027459756052314297,0.0050050413188682495,0.0,0.0,0.0,0.9982975684108265,0.0,0.0,0.9999263634023545,False
7.399,1,336,337,2.6237299999999775,2.623729999999978,4.440892098500626e-16,0.02838225605231434,0.02838225605231434,0.0900854191111662,0.08225621560789684,0.005787938256539132,0.02838225605231434,0.0050050413188682495,0.0,0.0,0.0,0.9981195684097115,0.0,0.0,0.9999197528818142,False
7.42075,1,337,338,2.6315599999999773,2.6315599999999773,0.0,0.02936100605231437,0.02936100605231437,0.0900862156078967,0.0812782621046274,0.005982000756539094,0.02936100605231437,0.0050050413188682495,0.0,0.0,0.0,0.9982627583229986,0.0,0.0,0.9999252654455912,False
7.445,1,338,339,2.640289999999977,2.640289999999977,0.0,0.030452256052314424,0.030452256052314424,0.09000826210462747,0.0816890738480883,0.006527625756539065,0.030452256052314424,0.0050050413188682495,0.0,0.0,0.0,0.9983376699120082,0.0,0.0,0.9999280913845601,False
7.46825,1,339,340,2.6486599999999774,2.6486599999999774,0.0,0.03149850605231443,0.015749253026157217,0.09005907384808809,0.08069363559154899,0.007573875756539077,0.015749253026157217,0.0050050413188682495,0.0,0.0,0.0,0.9984468766102205,0.0,0.0,0.9999318220658371,False
7.49425,1,340,341,2.658019999999977,2.6580199999999765,-4.440892098500626e-16,0.01691925302615725,0.01691925302615725,0.09005363559154858,0.08501654146327908,0.005037094128269504,0.01691925302615725,0.0050050413188682495,0.0,0.0,0.0,0.9986531582613779,0.0,0.0,0.9999397494652293,False
7.50825,1,341,342,2.6630599999999767,2.6630599999999767,0.0,0.01754925302615724,0.01754925302615724,0.09005654146327868,0.0843894473350092,0.005352094128269469,0.01754925302615724,0.0050050413188682495,0.0,0.0,0.0,0.997926507657793,0.0,0.0,0.9999115967951078,False
7.524,1,342,343,2.668729999999977,2.668729999999977,0.0,0.018258003026157293,0.018258003026157293,0.0900594473350093,0.0839986032067398,0.005314125378269466,0.018258003026157293,0.0050050413188682495,0.0,0.0,0.0,0.9980608471873492,0.0,0.0,0.9999169607682495,False
7.54075,1,343,344,2.674759999999976,2.674759999999976,0.0,0.019011753026157322,0.019011753026157322,0.09002860320673975,0.08321400907847024,0.0056910003782694426,0.019011753026157322,0.0050050413188682495,0.0,0.0,0.0,0.9980630655407606,0.0,0.0,0.9999170232524457,False
7.55975,1,344,345,2.6815999999999764,2.6815999999999764,0.0,0.01986675302615736,0.01986675302615736,0.09005400907847025,0.08313113370020077,0.005845687878269411,0.01986675302615736,0.0050050413188682495,0.0,0.0,0.0,0.9982039474791692,0.0,0.0,0.9999225067771403,False
7.579,1,345,346,2.688529999999976,2.688529999999976,0.0,0.020733003026157368,0.020733003026157368,0.09006113370020065,0.08227200832193118,0.006278812878269372,0.020733003026157368,0.0050050413188682495,0.0,0.0,0.0,0.9982482573945828,0.0,0.0,0.9999243223046441,False
7.6005,1,346,347,2.6962699999999766,2.6962699999999766,0.0,0.021700503026157426,0.021700503026157426,0.0900120083219314,0.08163225794366197,0.007246312878269406,0.021700503026157426,0.0050050413188682495,0.0,0.0,0.0,0.9983769109257317,0.0,0.0,0.9999291469358759,False
7.62375,1,347,348,2.7046399999999764,2.7046399999999764,0.0,0.022746753026157463,0.022746753026157463,0.09000225794366162,0.08057625756539226,0.005948250756539322,0.022746753026157463,0.0050050413188682495,0.0,0.0,0.0,0.9985806149795486,0.0,0.0,0.9999371951583932,False
7.65,1,348,349,2.7140899999999757,2.7140899999999757,0.0,0.02392800302615747,0.02392800302615747,0.09002625756539165,0.0801193196871224,0.006538875756539266,0.02392800302615747,0.0050050413188682495,0.0,0.0,0.0,0.9983504889117734,0.0,0.0,0.9999283509144431,False
7.6775,1,349,350,2.7239899999999757,2.7239899999999757,0.0,0.025165503026157547,0.025165503026157547,0.09001931968712244,0.08444710074798784,0.005572218939134607,0.025165503026157547,0.0050050413188682495,0.0,0.0,0.0,0.998487121194938,0.0,0.0,0.9999337865828025,False
7.6930000000000005,1,350,351,2.729569999999975,2.729569999999975,0.0,0.025863003026157544,0.025863003026157544,0.09002710074798738,0.08375738180885278,0.005704406439134574,0.025863003026157544,0.0050050413188682495,0.0,0.0,0.0,0.9981250900793732,0.0,0.0,0.9999193846607561,False
7.710500000000001,1,351,352,2.735869999999975,2.735869999999975,0.0,0.026650503026157575,0.026650503026157575,0.0900573818088526,0.08356547536971802,0.0060981564391345494,0.026650503026157575,0.0050050413188682495,0.0,0.0,0.0,0.9981887436917012,0.0,0.0,0.999921614313874,False
7.7285,1,352,353,2.742349999999975,2.7423499999999743,-8.881784197001252e-16,0.027460503026157594,0.027460503026157594,0.09004547536971778,0.0827435689305832,0.0053310003782695604,0.027460503026157594,0.0050050413188682495,0.0,0.0,0.0,0.9982971636231794,0.0,0.0,0.9999256209714897,False
7.74875,1,353,354,2.7496399999999745,2.7496399999999745,0.0,0.028371753026157662,0.028371753026157662,0.09003356893058337,0.08221416249144878,0.005786625378269548,0.028371753026157662,0.0050050413188682495,0.0,0.0,0.0,0.998116815935651,0.0,0.0,0.9999189825005074,False
7.7705,1,354,355,2.7574699999999748,2.7574699999999748,0.0,0.029350503026157694,0.029350503026157694,0.09004416249144864,0.08124600605231411,0.00598068787826952,0.029350503026157694,0.0050050413188682495,0.0,0.0,0.0,0.9982618790341499,0.0,0.0,0.9999247129097006,False
7.795,1,355,356,2.7662899999999744,2.7662899999999744,0.0,0.03045300302615772,0.03045300302615772,0.09006600605231398,0.0817425056740444,0.006531937878269478,0.03045300302615772,0.0050050413188682495,0.0,0.0,0.0,0.9983395645978417,0.0,0.0,0.9999277568010168,False
7.8180000000000005,1,356,357,2.774569999999974,2.774569999999974,0.0,0.03148800302615772,0.01574400151307886,0.0900225056740441,0.08066400529577461,0.0075669378782694755,0.01574400151307886,0.0050050413188682495,0.0,0.0,0.0,0.9984450022961543,0.0,0.0,0.9999313311330882,False
7.844,1,357,358,2.783929999999974,2.783929999999974,0.0,0.016914001513078893,0.016914001513078893,0.0900240052957742,0.0849875676066395,0.005036437689134692,0.016914001513078893,0.0050050413188682495,0.0,0.0,0.0,0.9986517560752114,0.0,0.0,0.999939350126589,False
7.8580000000000005,1,358,359,2.7889699999999737,2.7889699999999737,0.0,0.017544001513078927,0.017544001513078927,0.09002756760663942,0.08436112991750472,0.005351437689134677,0.017544001513078927,0.0050050413188682495,0.0,0.0,0.0,0.997925937269516,0.0,0.0,0.9999112486110722,False
7.87375,1,359,360,2.794639999999974,2.794639999999974,0.0,0.01825275151307898,0.01825275151307898,0.09003112991750481,0.08397094222837011,0.005313468939134679,0.01825275151307898,0.0050050413188682495,0.0,0.0,0.0,0.9980602542472322,0.0,0.0,0.9999165809608126,False
7.8905,1,360,361,2.8006699999999736,2.8006699999999736,0.0,0.01900650151307901,0.01900650151307901,0.09000094222837005,0.08318700453923533,0.005690343939134655,0.01900650151307901,0.0050050413188682495,0.0,0.0,0.0,0.9980624890375828,0.0,0.0,0.9999166387559967,False
7.9095,1,361,362,2.8075099999999735,2.8075099999999735,0.0,0.019861501513079003,0.019861501513079003,0.09002700453923504,0.08310478560010037,0.00584221893913461,0.019861501513079003,0.0050050413188682495,0.0,0.0,0.0,0.9982032972113283,0.0,0.0,0.9999220208946548,False
7.92875,1,362,363,2.8144399999999736,2.8144399999999736,0.0,0.020727751513079054,0.020727751513079054,0.09003478560010059,0.08224631666096589,0.006275343939134591,0.020727751513079054,0.0050050413188682495,0.0,0.0,0.0,0.9982466287686144,0.0,0.0,0.9999235832233301,False
7.9505,1,363,364,2.822269999999974,2.822269999999974,0.0,0.021706501513079086,0.021706501513079086,0.09007631666096591,0.08168597272183128,0.0072540939391346,0.021706501513079086,0.0050050413188682495,0.0,0.0,0.0,0.9983780930479746,0.0,0.0,0.9999286742455568,False
7.97375,1,364,365,2.830639999999973,2.830639999999973,0.0,0.022752751513079122,0.022752751513079122,0.09005597272183095,0.0806193787826964,0.005949750378269737,0.022752751513079122,0.0050050413188682495,0.0,0.0,0.0,0.9985814070526497,0.0,0.0,0.9999367217039158,False
8.0,1,365,366,2.840089999999973,2.840089999999973,0.0,0.023934001513079128,0.023934001513079128,0.0900693787826958,0.08015465984356132,0.0065403753782696805,0.023934001513079128,0.0050050413188682495,0.0,0.0,0.0,0.9983504044799182,0.0,0.0,0.9999279289400355,False
8.0275,1,366,367,2.849989999999973,2.849989999999973,0.0,0.02517150151307912,0.02517150151307912,0.09005465984356155,0.07890244090442708,0.005359546969567227,0.02517150151307912,0.0050050413188682495,0.0,0.0,0.0,0.9984868480747207,0.0,0.0,0.9999332246395907,False
8.0585,1,367,368,2.861149999999972,2.861149999999972,0.0,0.026566501513078974,0.026566501513078974,0.09006244090442614,0.08400539393485898,0.006057046969567154,0.026566501513078974,0.0050050413188682495,0.0,0.0,0.0,0.9982586082765939,0.0,0.0,0.9999240817553654,False
8.07525,1,368,369,2.867179999999972,2.867179999999972,0.0,0.027320251513078927,0.027320251513078927,0.09003539393485878,0.08322459696529161,0.005258625189134784,0.027320251513078927,0.0050050413188682495,0.0,0.0,0.0,0.9982728938068406,0.0,0.0,0.9999246371827184,False
8.09425,1,369,370,2.874019999999972,2.8740199999999714,-4.440892098500626e-16,0.028175251513078876,0.028175251513078876,0.0900645969652914,0.08170129999572423,0.005686125189134758,0.028175251513078876,0.0050050413188682495,0.0,0.0,0.0,0.9980769726135387,0.0,0.0,0.9999170664975797,False
8.1175,1,370,371,2.8823899999999716,2.8823899999999716,0.0,0.029221501513078847,0.029221501513078847,0.09007129999572432,0.08066175302615716,0.0059139376891347495,0.029221501513078847,0.0050050413188682495,0.0,0.0,0.0,0.9982530715750507,0.0,0.0,0.9999240370338351,False
8.1435,1,371,372,2.8917499999999716,2.8917499999999716,0.0,0.03039150151307876,0.03039150151307876,0.09002175302615693,0.08169187783702211,0.0064989376891347065,0.03039150151307876,0.0050050413188682495,0.0,0.0,0.0,0.9983391466532952,0.0,0.0,0.999927157243308,False
8.16675,1,372,373,2.900119999999971,2.900119999999971,0.0,0.03143775151307869,0.015718875756539345,0.09006187783702155,0.08068575264788685,0.007545187689134678,0.015718875756539345,0.0050050413188682495,0.0,0.0,0.0,0.9984403661971895,0.0,0.0,0.9999309979966046,False
8.19275,1,373,374,2.9094799999999705,2.90947999999997,-4.440892098500626e-16,0.01688887575653926,0.01688887575653926,0.0900457526478862,0.0849864400533189,0.005059312594567307,0.01688887575653926,0.0050050413188682495,0.0,0.0,0.0,0.9986479568425319,0.0,0.0,0.9999387312666159,False
8.20675,1,374,375,2.9145199999999707,2.9145199999999707,0.0,0.01751887575653927,0.01751887575653927,0.09002644005331902,0.08433712745875166,0.005374312594567311,0.01751887575653927,0.0050050413188682495,0.0,0.0,0.0,0.9979340104975744,0.0,0.0,0.9999113548145827,False
8.2225,1,375,376,2.9201899999999696,2.9201899999999696,0.0,0.01822762575653917,0.01822762575653917,0.09000712745875097,0.08392406486418369,0.005319468844567262,0.01822762575653917,0.0050050413188682495,0.0,0.0,0.0,0.9980672120678977,0.0,0.0,0.9999165554038569,False
8.2395,1,376,377,2.9263099999999698,2.9263099999999698,0.0,0.018992625756539174,0.018992625756539174,0.09004406486418393,0.08319600226961658,0.005701968844567265,0.018992625756539174,0.0050050413188682495,0.0,0.0,0.0,0.9980677079731325,0.0,0.0,0.9999166089454486,False
8.2585,1,377,378,2.93314999999997,2.93314999999997,0.0,0.019847625756539124,0.019847625756539124,0.09003600226961644,0.08309653342504911,0.005836968844567239,0.019847625756539124,0.0050050413188682495,0.0,0.0,0.0,0.9982061061867972,0.0,0.0,0.9999217861961706,False
8.277750000000001,1,378,379,2.94007999999997,2.94007999999997,0.0,0.020713875756539046,0.020713875756539046,0.09002653342504882,0.08222081458048149,0.0062700938445672,0.020713875756539046,0.0050050413188682495,0.0,0.0,0.0,0.9982448428561915,0.0,0.0,0.9999230825354218,False
8.2995,1,379,380,2.947909999999969,2.947909999999969,0.0,0.02169262575653894,0.02169262575653894,0.09005081458048099,0.0816488457359138,0.007248843844567168,0.02169262575653894,0.0050050413188682495,0.0,0.0,0.0,0.9983764453559921,0.0,0.0,0.9999281481238159,False
8.322750000000001,1,380,381,2.956279999999969,2.956279999999969,0.0,0.02273887575653891,0.02273887575653891,0.09001884573591368,0.0805706268913465,0.00594628143913472,0.02273887575653891,0.0050050413188682495,0.0,0.0,0.0,0.9985803081003563,0.0,0.0,0.9999364436033753,False
8.349,1,381,382,2.9657299999999682,2.965729999999968,-4.440892098500626e-16,0.023920125756538797,0.023920125756538797,0.0900206268913458,0.08011115804677872,0.006536906439134664,0.023920125756538797,0.0050050413188682495,0.0,0.0,0.0,0.998349248781718,0.0,0.0,0.9999275562772466,False
8.3765,1,382,383,2.975629999999968,2.975629999999968,0.0,0.02515762575653871,0.02515762575653871,0.09001115804677833,0.07886418920221135,0.0053569219222834915,0.02515762575653871,0.0050050413188682495,0.0,0.0,0.0,0.9984855444639156,0.0,0.0,0.9999325406865852,False
8.4075,1,383,384,2.986789999999967,2.9867899999999676,4.440892098500626e-16,0.026552625756538644,0.026552625756538644,0.09002418920221106,0.08396976727992758,0.006054421922283459,0.026552625756538644,0.0050050413188682495,0.0,0.0,0.0,0.9982576205164083,0.0,0.0,0.9999237600754194,False
8.4245,1,384,385,2.9929099999999673,2.9929099999999673,0.0,0.02731762575653857,0.02731762575653857,0.09008976727992717,0.08327034535764372,0.005262515719567261,0.02731762575653857,0.0050050413188682495,0.0,0.0,0.0,0.9982745514033058,0.0,0.0,0.9999241748932809,False
8.44325,1,385,386,2.999659999999967,2.999659999999967,0.0,0.028161375756538546,0.028161375756538546,0.09002034535764371,0.0816596734353602,0.00568439071956725,0.028161375756538546,0.0050050413188682495,0.0,0.0,0.0,0.9980741473617288,0.0,0.0,0.999916449576101,False
8.4665,1,386,387,3.0080299999999665,3.0080299999999665,0.0,0.029207625756538437,0.029207625756538437,0.09002967343535964,0.08062275151307624,0.005912203219567201,0.029207625756538437,0.0050050413188682495,0.0,0.0,0.0,0.9982521608406072,0.0,0.0,0.9999235778876517,False
8.492750000000001,1,387,388,3.0174799999999666,3.0174799999999666,0.0,0.030388875756538404,0.030388875756538404,0.09007275151307642,0.08173898579350913,0.006502828219567184,0.030388875756538404,0.0050050413188682495,0.0,0.0,0.0,0.9983412243870546,0.0,0.0,0.9999271111793565,False
8.51575,1,388,389,3.0257599999999663,3.0257599999999663,0.0,0.03142387575653836,0.01571193787826918,0.09001898579350878,0.08065022007394157,0.007537828219567182,0.01571193787826918,0.0050050413188682495,0.0,0.0,0.0,0.9984384518251476,0.0,0.0,0.999930602459144,False
8.54175,1,389,390,3.035119999999966,3.035119999999966,0.0,0.016881937878269093,0.016881937878269093,0.09001022007394092,0.08495177471415737,0.005058445359783552,0.016881937878269093,0.0050050413188682495,0.0,0.0,0.0,0.9986470226441636,0.0,0.0,0.9999389074690646,False
8.556000000000001,1,390,391,3.0402499999999657,3.0402499999999657,0.0,0.017523187878269075,0.017523187878269075,0.09008177471415728,0.0843820793543737,0.005379070359783543,0.017523187878269075,0.0050050413188682495,0.0,0.0,0.0,0.9979376291211466,0.0,0.0,0.9999113862604656,False
8.57175,1,391,392,3.0459199999999655,3.0459199999999655,0.0,0.018231937878269055,0.018231937878269055,0.09005207935437365,0.08396425899459006,0.005324226609783554,0.018231937878269055,0.0050050413188682495,0.0,0.0,0.0,0.9980684330010656,0.0,0.0,0.9999163520222982,False
8.588750000000001,1,392,393,3.0520399999999652,3.0520399999999652,0.0,0.01899693787826898,0.01899693787826898,0.09008425899458965,0.08323143863480609,0.005706726609783517,0.01899693787826898,0.0050050413188682495,0.0,0.0,0.0,0.9980687795108063,0.0,0.0,0.9999162475931295,False
8.60775,1,393,394,3.058879999999965,3.058879999999965,0.0,0.01985193787826893,0.01985193787826893,0.09007143863480595,0.08312721202502238,0.005838914109783477,0.01985193787826893,0.0050050413188682495,0.0,0.0,0.0,0.9982069629011731,0.0,0.0,0.9999213621649633,False
8.627,1,394,395,3.065809999999965,3.065809999999965,0.0,0.020718187878268852,0.020718187878268852,0.09005721202502211,0.08224673541523855,0.0062720391097834385,0.020718187878268852,0.0050050413188682495,0.0,0.0,0.0,0.9982452835153517,0.0,0.0,0.9999230228126268,False
8.64875,1,395,396,3.0736399999999646,3.0736399999999646,0.0,0.021696937878268825,0.021696937878268825,0.0900767354152387,0.08167000880545518,0.007250789109783487,0.021696937878268825,0.0050050413188682495,0.0,0.0,0.0,0.9983766213764148,0.0,0.0,0.999927942194416,False
8.672,1,396,397,3.082009999999964,3.082009999999964,0.0,0.022743187878268716,0.022743187878268716,0.0900400088054544,0.08058703219567098,0.005947359469567152,0.022743187878268716,0.0050050413188682495,0.0,0.0,0.0,0.9985801411011266,0.0,0.0,0.9999360019570619,False
8.69825,1,397,398,3.091459999999964,3.091459999999964,0.0,0.023924437878268683,0.023924437878268683,0.09003703219567091,0.08012561808588753,0.006537984469567135,0.023924437878268683,0.0050050413188682495,0.0,0.0,0.0,0.9983488063501519,0.0,0.0,0.9999268448325852,False
8.72575,1,398,399,3.1013599999999633,3.1013599999999633,0.0,0.025161937878268596,0.025161937878268596,0.09002561808588713,0.07887670397610384,0.00535789455489165,0.025161937878268596,0.0050050413188682495,0.0,0.0,0.0,0.998485630883578,0.0,0.0,0.9999324253855549,False
8.75675,1,399,400,3.1125199999999626,3.1125199999999626,0.0,0.02655693787826845,0.02655693787826845,0.09003670397610289,0.08398130942121132,0.0060553945548915775,0.02655693787826845,0.0050050413188682495,0.0,0.0,0.0,0.9982573973813679,0.0,0.0,0.9999233044885645,False
8.7735,1,400,401,3.118549999999962,3.1185499999999626,4.440892098500626e-16,0.027310687878268403,0.027310687878268403,0.0900113094212111,0.08320216486631951,0.005257429734783491,0.027310687878268403,0.0050050413188682495,0.0,0.0,0.0,0.9982715865943409,0.0,0.0,0.9999237349130127,False
8.7925,1,401,402,3.125389999999962,3.125389999999962,0.0,0.028165687878268352,0.028165687878268352,0.0900421648663193,0.0816805203114277,0.005684929734783466,0.028165687878268352,0.0050050413188682495,0.0,0.0,0.0,0.9980756719106357,0.0,0.0,0.9999161180857018,False
8.81575,1,402,403,3.1337599999999624,3.1337599999999624,0.0,0.029211937878268323,0.029211937878268323,0.0900505203114278,0.08064262575653622,0.005912742234783437,0.029211937878268323,0.0050050413188682495,0.0,0.0,0.0,0.9982516652430677,0.0,0.0,0.9999229619080969,False
8.84175,1,403,404,3.1431199999999624,3.1431199999999624,0.0,0.030381937878268237,0.030381937878268237,0.09000262575653598,0.08167394602175246,0.006497742234783394,0.030381937878268237,0.0050050413188682495,0.0,0.0,0.0,0.9983380327926197,0.0,0.0,0.999926336401074,False
8.865,1,404,405,3.1514899999999617,3.1514899999999617,0.0,0.03142818787826816,0.01571409393913408,0.09004394602175189,0.08066901628696849,0.007543992234783366,0.01571409393913408,0.0050050413188682495,0.0,0.0,0.0,0.9984388865600505,0.0,0.0,0.9999298304865895,False
8.891,1,405,406,3.160849999999961,3.160849999999961,0.0,0.016884093939133996,0.016884093939133996,0.09002901628696784,0.07991158655218453,0.00505871486739166,0.016884093939133996,0.0050050413188682495,0.0,0.0,0.0,0.9986474661946413,0.0,0.0,0.999938438888916,False
8.91925,1,406,407,3.1710199999999604,3.1710199999999604,0.0,0.018155343939133907,0.018155343939133907,0.09008158655218401,0.08375162168479233,0.005285121117391607,0.018155343939133907,0.0050050413188682495,0.0,0.0,0.0,0.9981408308321844,0.0,0.0,0.9999179947410474,False
8.93675,1,407,408,3.17731999999996,3.17731999999996,0.0,0.01894284393913386,0.01894284393913386,0.09005162168479214,0.08293415681740045,0.005678871117391583,0.01894284393913386,0.0050050413188682495,0.0,0.0,0.0,0.9980629600657982,0.0,0.0,0.9999154604012014,False
8.9565,1,408,409,3.18442999999996,3.18442999999996,0.0,0.019831593939133807,0.019831593939133807,0.09004415681740031,0.08308278570000868,0.005830746117391556,0.019831593939133807,0.0050050413188682495,0.0,0.0,0.0,0.9982081343986391,0.0,0.0,0.999921013924431,False
8.97575,1,409,410,3.1913599999999605,3.1913599999999605,0.0,0.02069784393913381,0.02069784393913381,0.09001278570000903,0.08218516458261732,0.006263871117391557,0.02069784393913381,0.0050050413188682495,0.0,0.0,0.0,0.9982425299228495,0.0,0.0,0.9999222917690848,False
8.9975,1,410,411,3.19918999999996,3.19918999999996,0.0,0.021676593939133702,0.021676593939133702,0.09001516458261682,0.08160254346522522,0.007242621117391526,0.021676593939133702,0.0050050413188682495,0.0,0.0,0.0,0.9983742957883492,0.0,0.0,0.9999273827650567,False
9.021,1,411,412,3.2076499999999593,3.2076499999999593,0.0,0.022734093939133646,0.022734093939133646,0.0900625434652249,0.08059242234783337,0.0059478984847833975,0.022734093939133646,0.0050050413188682495,0.0,0.0,0.0,0.9985803499271726,0.0,0.0,0.9999357161764486,False
9.04725,1,412,413,3.217099999999959,3.217099999999959,0.0,0.023915343939133533,0.023915343939133533,0.09004242234783263,0.08012792623044121,0.006538523484783341,0.023915343939133533,0.0050050413188682495,0.0,0.0,0.0,0.9983488676053215,0.0,0.0,0.9999268184678437,False
9.07475,1,413,414,3.2269999999999595,3.2269999999999595,0.0,0.025152843939133526,0.025152843939133526,0.09002792623044144,0.07887593011305001,0.0053594355586956965,0.025152843939133526,0.0050050413188682495,0.0,0.0,0.0,0.998485440365645,0.0,0.0,0.999932152448279,False
9.10575,1,414,415,3.238159999999958,3.238159999999958,0.0,0.02654784393913338,0.02654784393913338,0.09003593011304907,0.08397899455435345,0.006056935558695624,0.02654784393913338,0.0050050413188682495,0.0,0.0,0.0,0.9982571989915071,0.0,0.0,0.999922736001962,False
9.1225,1,415,416,3.244189999999958,3.244189999999958,0.0,0.027301593939133333,0.027301593939133333,0.09000899455435324,0.08319830899565761,0.005257699242391614,0.027301593939133333,0.0050050413188682495,0.0,0.0,0.0,0.9982715806924921,0.0,0.0,0.9999233274330691,False
9.1415,1,416,417,3.2510299999999575,3.2510299999999583,8.881784197001252e-16,0.028156593939133282,0.028156593939133282,0.09003830899565737,0.08167512343696173,0.005685199242391589,0.028156593939133282,0.0050050413188682495,0.0,0.0,0.0,0.9980756285157892,0.0,0.0,0.9999159788588777,False
9.16475,1,417,418,3.259399999999958,3.259399999999958,0.0,0.029202843939133253,0.029202843939133253,0.09004512343696183,0.08063568787826622,0.00591301174239158,0.029202843939133253,0.0050050413188682495,0.0,0.0,0.0,0.9982513653335492,0.0,0.0,0.9999225762186925,False
9.191,1,418,419,3.268849999999958,3.268849999999958,0.0,0.03038409393913314,0.03038409393913314,0.09008568787826576,0.08174548863587415,0.006503636742391523,0.03038409393913314,0.0050050413188682495,0.0,0.0,0.0,0.9983402923190309,0.0,0.0,0.9999259840991191,False
9.214,1,419,420,3.277129999999957,3.277129999999957,0.0,0.03141909393913309,0.015709546969566546,0.09002548863587378,0.08065028939348226,0.007538636742391521,0.015709546969566546,0.0050050413188682495,0.0,0.0,0.0,0.9984377302038975,0.0,0.0,0.9999297752387973,False
9.24,1,420,421,3.286489999999957,3.2864899999999566,-4.440892098500626e-16,0.01687954696956646,0.01687954696956646,0.0900102893934816,0.07989259015109017,0.005058849621195721,0.01687954696956646,0.0050050413188682495,0.0,0.0,0.0,0.9986461967346596,0.0,0.0,0.9999379573624793,False
9.26825,1,421,422,3.2966599999999557,3.2966599999999557,0.0,0.018150796969566372,0.018150796969566372,0.09006259015108965,0.08373249052989393,0.005285255871195678,0.018150796969566372,0.0050050413188682495,0.0,0.0,0.0,0.9981412148504916,0.0,0.0,0.9999183949827822,False
9.28575,1,422,423,3.302959999999956,3.302959999999956,0.0,0.018938296969566323,0.018938296969566323,0.09003249052989372,0.08291489090869797,0.005679005871195654,0.018938296969566323,0.0050050413188682495,0.0,0.0,0.0,0.998063036539288,0.0,0.0,0.9999155141291138,False
9.3055,1,423,424,3.310069999999956,3.310069999999956,0.0,0.019827046969566272,0.019827046969566272,0.09002489090869784,0.08306338503750213,0.005828068371195634,0.019827046969566272,0.0050050413188682495,0.0,0.0,0.0,0.9982080071983135,0.0,0.0,0.9999208392160591,False
9.325000000000001,1,424,425,3.317089999999956,3.317089999999956,0.0,0.020704546969566247,0.020704546969566247,0.09008338503750227,0.08224437916630652,0.0062668183711956215,0.020704546969566247,0.0050050413188682495,0.0,0.0,0.0,0.9982445556262804,0.0,0.0,0.999922191191476,False
9.34675,1,425,426,3.3249199999999552,3.3249199999999552,0.0,0.02168329696956614,0.02168329696956614,0.09007437916630602,0.08165037329511038,0.00724556837119559,0.02168329696956614,0.0050050413188682495,0.0,0.0,0.0,0.9983744912094784,0.0,0.0,0.9999269593338274,False
9.370000000000001,1,426,427,3.3332899999999555,3.3332899999999555,0.0,0.02272954696956611,0.02272954696956611,0.09002037329511026,0.08055011742391466,0.0059439492423915205,0.02272954696956611,0.0050050413188682495,0.0,0.0,0.0,0.9985783485244883,0.0,0.0,0.9999350978938648,False
9.39625,1,427,428,3.3427399999999547,3.3427399999999547,0.0,0.023910796969566,0.023910796969566,0.09000011742391394,0.08008829905271843,0.006534574242391464,0.023910796969566,0.0050050413188682495,0.0,0.0,0.0,0.9983475338559986,0.0,0.0,0.9999263759157958,False
9.424,1,428,429,3.352729999999955,3.3527299999999545,-4.440892098500626e-16,0.025159546969565964,0.025159546969565964,0.09007829905271844,0.07891773068152297,0.005360909185597729,0.025159546969565964,0.0050050413188682495,0.0,0.0,0.0,0.9984863057967638,0.0,0.0,0.9999316159064051,False
9.455,1,429,430,3.3638899999999534,3.3638899999999534,0.0,0.02655454696956582,0.02655454696956582,0.09007773068152203,0.08401932149592437,0.006058409185597656,0.02655454696956582,0.0050050413188682495,0.0,0.0,0.0,0.9982574662625417,0.0,0.0,0.9999226078601706,False
9.47175,1,430,431,3.3699199999999534,3.3699199999999534,0.0,0.02730829696956577,0.02730829696956577,0.09004932149592415,0.08323716231032649,0.005261349621195662,0.02730829696956577,0.0050050413188682495,0.0,0.0,0.0,0.9982717906142604,0.0,0.0,0.9999232000509026,False
9.49075,1,431,432,3.3767599999999534,3.3767599999999534,0.0,0.02816329696956572,0.02816329696956572,0.09007716231032627,0.0817125031247286,0.005688849621195637,0.02816329696956572,0.0050050413188682495,0.0,0.0,0.0,0.9980765350468398,0.0,0.0,0.9999157932987893,False
9.514,1,432,433,3.385129999999953,3.385129999999953,0.0,0.02920954696956569,0.02920954696956569,0.09008250312472868,0.08067159393913104,0.005916662121195628,0.02920954696956569,0.0050050413188682495,0.0,0.0,0.0,0.9982521664942907,0.0,0.0,0.9999224786501024,False
9.540000000000001,1,433,434,3.394489999999953,3.394489999999953,0.0,0.030379546969565605,0.030379546969565605,0.0900315939391308,0.0816989943179351,0.006501662121195585,0.030379546969565605,0.0050050413188682495,0.0,0.0,0.0,0.998338394827995,0.0,0.0,0.9999258236109886,False
9.56325,1,434,435,3.4028599999999525,3.4028599999999525,0.0,0.03142579696956554,0.01571289848478277,0.09006899431793455,0.08069014469673896,0.0075479121211955566,0.01571289848478277,0.0050050413188682495,0.0,0.0,0.0,0.9984392169299441,0.0,0.0,0.9999294345148637,False
9.58925,1,435,436,3.4122199999999525,3.4122199999999525,0.0,0.016882898484782763,0.016882898484782763,0.09005014469673894,0.07992879507554337,0.005060674810597785,0.016882898484782763,0.0050050413188682495,0.0,0.0,0.0,0.9986475675151751,0.0,0.0,0.9999379525684915,False
9.61725,1,436,437,3.4222999999999515,3.4222999999999515,0.0,0.01814289848478262,0.01814289848478262,0.09000879507554244,0.08368812026494471,0.0052814560605977156,0.01814289848478262,0.0050050413188682495,0.0,0.0,0.0,0.998137925085895,0.0,0.0,0.9999177751565035,False
9.635,1,437,438,3.4286899999999516,3.4286899999999516,0.0,0.018941648484782626,0.018941648484782626,0.09007812026494492,0.08295869545434711,0.005680831060597718,0.018941648484782626,0.0050050413188682495,0.0,0.0,0.0,0.9980647919985198,0.0,0.0,0.9999150305238568,False
9.65475,1,438,439,3.4357999999999507,3.4357999999999507,0.0,0.019830398484782494,0.019830398484782494,0.09006869545434634,0.08309973939374862,0.005832706060597651,0.019830398484782494,0.0050050413188682495,0.0,0.0,0.0,0.9982081586434839,0.0,0.0,0.9999205370692585,False
9.674,1,439,440,3.442729999999951,3.442729999999951,0.0,0.020696648484782497,0.020696648484782497,0.09002973939374898,0.08219453333315119,0.006265831060597652,0.020696648484782497,0.0050050413188682495,0.0,0.0,0.0,0.9982425701687795,0.0,0.0,0.9999218590620587,False
9.69575,1,440,441,3.4505599999999506,3.4505599999999506,0.0,0.02167539848478239,0.02167539848478239,0.09002453333315069,0.08160995227255305,0.007244581060597621,0.02167539848478239,0.0050050413188682495,0.0,0.0,0.0,0.9983738644531782,0.0,0.0,0.9999265365101675,False
9.71925,1,441,442,3.45901999999995,3.45901999999995,0.0,0.022732898484782334,0.022732898484782334,0.0900699522725527,0.08059787121195511,0.005947599621195569,0.022732898484782334,0.0050050413188682495,0.0,0.0,0.0,0.9985796555252898,0.0,0.0,0.9999346989953567,False
9.7455,1,442,443,3.46846999999995,3.46846999999995,0.0,0.0239141484847823,0.0239141484847823,0.09004787121195504,0.08013141515135742,0.006538224621195553,0.0239141484847823,0.0050050413188682495,0.0,0.0,0.0,0.9983478224892066,0.0,0.0,0.9999258528398762,False
9.773,1,443,444,3.47836999999995,3.47836999999995,0.0,0.025151648484782213,0.025151648484782213,0.09003141515135701,0.0788774590907595,0.005360415530298744,0.025151648484782213,0.0050050413188682495,0.0,0.0,0.0,0.9984847296371281,0.0,0.0,0.9999315014535242,False
9.804,1,444,445,3.4895299999999487,3.4895299999999487,0.0,0.026546648484782068,0.026546648484782068,0.09003745909075855,0.08397954356045989,0.006057915530298671,0.026546648484782068,0.0050050413188682495,0.0,0.0,0.0,0.9982570108710518,0.0,0.0,0.9999222968516559,False
9.82075,1,445,446,3.4955599999999487,3.4955599999999487,0.0,0.02730039848478202,0.02730039848478202,0.09000954356045968,0.08319787803016099,0.0052575498105976995,0.02730039848478202,0.0050050413188682495,0.0,0.0,0.0,0.9982712783840965,0.0,0.0,0.999922832968507,False
9.83975,1,446,447,3.5023999999999487,3.5023999999999487,0.0,0.02815539848478197,0.02815539848478197,0.09003787803016076,0.08167371249986208,0.005685049810597674,0.02815539848478197,0.0050050413188682495,0.0,0.0,0.0,0.9980750527021928,0.0,0.0,0.9999154714295059,False
9.863,1,447,448,3.5107699999999484,3.5107699999999484,0.0,0.02920164848478194,0.02920164848478194,0.09004371249986218,0.0806332969695635,0.005912862310597645,0.02920164848478194,0.0050050413188682495,0.0,0.0,0.0,0.998250708546393,0.0,0.0,0.9999219705991608,False
9.88925,1,448,449,3.520219999999948,3.520219999999948,0.0,0.030382898484781828,0.030382898484781828,0.09008329696956305,0.08174324715896536,0.006503487310597589,0.030382898484781828,0.0050050413188682495,0.0,0.0,0.0,0.9983399770442788,0.0,0.0,0.9999257519341082,False
9.91225,1,449,450,3.528499999999948,3.528499999999948,0.0,0.031417898484781784,0.015708949242390892,0.09002324715896501,0.08064819734836738,0.007538487310597587,0.015708949242390892,0.0050050413188682495,0.0,0.0,0.0,0.9984369145515573,0.0,0.0,0.9999290261070866,False
9.93825,1,450,451,3.537859999999947,3.5378599999999474,4.440892098500626e-16,0.016878949242390806,0.016878949242390806,0.09000819734836674,0.0798906475377692,0.005058774905298764,0.016878949242390806,0.0050050413188682495,0.0,0.0,0.0,0.9986455373402245,0.0,0.0,0.9999373621661757,False
9.9665,1,451,452,3.5480299999999465,3.5480299999999465,0.0,0.018150199242390717,0.018150199242390717,0.09006064753776868,0.08373062263246991,0.005285181155298711,0.018150199242390717,0.0050050413188682495,0.0,0.0,0.0,0.9981403025485941,0.0,0.0,0.9999175128015488,False
9.984,1,452,453,3.5543299999999465,3.5543299999999465,0.0,0.01893769924239067,0.01893769924239067,0.09003062263246972,0.08291309772717093,0.005678931155298687,0.01893769924239067,0.0050050413188682495,0.0,0.0,0.0,0.9980620465378189,0.0,0.0,0.9999145724600008,False
10.00375,1,453,454,3.5614399999999464,3.5614399999999464,0.0,0.019826449242390617,0.019826449242390617,0.09002309772717079,0.08306166657187206,0.005827993655298667,0.019826449242390617,0.0050050413188682495,0.0,0.0,0.0,0.9982072613288694,0.0,0.0,0.9999201331661224,False
10.02325,1,454,455,3.5684599999999467,3.5684599999999467,0.0,0.020703949242390593,0.020703949242390593,0.0900816665718722,0.08224273541657341,0.006266743655298655,0.020703949242390593,0.0050050413188682495,0.0,0.0,0.0,0.9982438706009189,0.0,0.0,0.999921517521727,False
10.045,1,455,456,3.576289999999946,3.576289999999946,0.0,0.021682699242390486,0.021682699242390486,0.09007273541657292,0.08164880426127424,0.007245493655298623,0.021682699242390486,0.0050050413188682495,0.0,0.0,0.0,0.9983740642262766,0.0,0.0,0.999926553165012,False
10.06825,1,456,457,3.584659999999946,3.5846599999999462,4.440892098500626e-16,0.022728949242390457,0.022728949242390457,0.09001880426127412,0.08054862310597548,0.005943799810597607,0.022728949242390457,0.0050050413188682495,0.0,0.0,0.0,0.9985776184592242,0.0,0.0,0.9999343775524959,False
10.09475,1,457,458,3.5941999999999457,3.5941999999999457,0.0,0.023921449242390397,0.023921449242390397,0.09008862310597518,0.08016562945067658,0.006540049810597577,0.023921449242390397,0.0050050413188682495,0.0,0.0,0.0,0.9983495750978038,0.0,0.0,0.9999259721748434,False
10.122250000000001,1,458,459,3.6040999999999452,3.6040999999999452,0.0,0.02515894924239031,0.02515894924239031,0.09006562945067617,0.07890513579537767,0.005360871827649245,0.02515894924239031,0.0050050413188682495,0.0,0.0,0.0,0.9984847534607421,0.0,0.0,0.9999312036535475,False
10.15325,1,459,460,3.615259999999945,3.615259999999945,0.0,0.026553949242390244,0.026553949242390244,0.09006513579537737,0.08400676396772815,0.006058371827649212,0.026553949242390244,0.0050050413188682495,0.0,0.0,0.0,0.9982564147124534,0.0,0.0,0.9999215583332458,False
10.17,1,460,461,3.621289999999944,3.621289999999944,0.0,0.027307699242390116,0.027307699242390116,0.0900367639677273,0.08322464214007816,0.005261274905298706,0.027307699242390116,0.0050050413188682495,0.0,0.0,0.0,0.9982706988471817,0.0,0.0,0.9999221391373386,False
10.189,1,461,462,3.6281299999999437,3.6281299999999437,0.0,0.028162699242390066,0.028162699242390066,0.09006464214007794,0.08170002031242875,0.00568877490529868,0.028162699242390066,0.0050050413188682495,0.0,0.0,0.0,0.9980754867931543,0.0,0.0,0.9999147922708015,False
10.212250000000001,1,462,463,3.636499999999944,3.636499999999944,0.0,0.029208949242390037,0.029208949242390037,0.09007002031242883,0.08065914848477967,0.005913774905298657,0.029208949242390037,0.0050050413188682495,0.0,0.0,0.0,0.9982511777203827,0.0,0.0,0.9999215277012173,False
10.23825,1,463,464,3.645859999999944,3.645859999999944,0.0,0.03037894924238995,0.03037894924238995,0.09001914848477943,0.0816866235794807,0.006498774905298614,0.03037894924238995,0.0050050413188682495,0.0,0.0,0.0,0.9983370983080816,0.0,0.0,0.9999251923595128,False
10.2615,1,464,465,3.6542299999999437,3.6542299999999437,0.0,0.031425199242389956,0.015712599621194978,0.09005662357948077,0.08067784867418207,0.007545024905298666,0.015712599621194978,0.0050050413188682495,0.0,0.0,0.0,0.9984379104390905,0.0,0.0,0.9999287388120826,False
10.2875,1,465,466,3.663589999999943,3.663589999999943,0.0,0.016882599621194892,0.016882599621194892,0.09003784867418142,0.07991657376888281,0.005060637452649307,0.016882599621194892,0.0050050413188682495,0.0,0.0,0.0,0.9986463665355686,0.0,0.0,0.9999372386871663,False
10.31575,1,466,467,3.6737599999999424,3.6737599999999424,0.0,0.018153849621194804,0.018153849621194804,0.0900865737688823,0.08375468631623298,0.005285637452649257,0.018153849621194804,0.0050050413188682495,0.0,0.0,0.0,0.9981405371967416,0.0,0.0,0.9999172361944619,False
10.33325,1,467,468,3.680059999999942,3.680059999999942,0.0,0.018941349621194755,0.018941349621194755,0.09005468631623277,0.08293529886358345,0.0056793874526492325,0.018941349621194755,0.0050050413188682495,0.0,0.0,0.0,0.9980619830756493,0.0,0.0,0.9999143743975539,False
10.353,1,468,469,3.6871699999999423,3.687169999999942,-4.440892098500626e-16,0.019830099621194704,0.019830099621194704,0.09004529886358331,0.083083411410934,0.005831262452649206,0.019830099621194704,0.0050050413188682495,0.0,0.0,0.0,0.9982073310832434,0.0,0.0,0.9999200501980142,False
10.372250000000001,1,469,470,3.694099999999942,3.694099999999942,0.0,0.020696349621194626,0.020696349621194626,0.09001341141093372,0.08218527395828445,0.006264387452649167,0.020696349621194626,0.0050050413188682495,0.0,0.0,0.0,0.9982418898902987,0.0,0.0,0.9999215508766548,False
10.394,1,470,471,3.7019299999999413,3.7019299999999413,0.0,0.02167509962119452,0.02167509962119452,0.09001527395828396,0.0816021365056348,0.007243137452649135,0.02167509962119452,0.0050050413188682495,0.0,0.0,0.0,0.9983730615395573,0.0,0.0,0.9999260511055257,False
10.4175,1,471,472,3.710389999999941,3.710389999999941,0.0,0.022732599621194463,0.022732599621194463,0.09006213650563447,0.08059149905298535,0.005947524905298602,0.022732599621194463,0.0050050413188682495,0.0,0.0,0.0,0.9985786266899745,0.0,0.0,0.999933912057015,False
10.44375,1,472,473,3.7198399999999405,3.719839999999941,4.440892098500626e-16,0.02391384962119443,0.02391384962119443,0.09004149905298528,0.0801264866003362,0.006538149905298585,0.02391384962119443,0.0050050413188682495,0.0,0.0,0.0,0.9983472763579114,0.0,0.0,0.9999253458651141,False
10.47125,1,473,474,3.729739999999941,3.7297399999999405,-4.440892098500626e-16,0.025151349621194342,0.025151349621194342,0.09002648660033577,0.07887397414768679,0.005359693726324501,0.025151349621194342,0.0050050413188682495,0.0,0.0,0.0,0.9984837814901208,0.0,0.0,0.9999305947534542,False
10.50225,1,474,475,3.7408999999999395,3.7408999999999395,0.0,0.026546349621194197,0.026546349621194197,0.09003397414768584,0.08397678042136142,0.006057193726324428,0.026546349621194197,0.0050050413188682495,0.0,0.0,0.0,0.9982558925551014,0.0,0.0,0.9999213483517411,False
10.519,1,475,476,3.7469299999999395,3.7469299999999395,0.0,0.02730009962119415,0.02730009962119415,0.0900067804213612,0.08319583669503677,0.005257512452649216,0.02730009962119415,0.0050050413188682495,0.0,0.0,0.0,0.9982700502114695,0.0,0.0,0.9999217612255779,False
10.538,1,476,477,3.753769999999939,3.753769999999939,0.0,0.0281550996211941,0.0281550996211941,0.09003583669503654,0.0816723929687121,0.00568501245264919,0.0281550996211941,0.0050050413188682495,0.0,0.0,0.0,0.9980738625065028,0.0,0.0,0.9999142977649407,False
10.56125,1,477,478,3.762139999999939,3.762139999999939,0.0,0.02920134962119407,0.02920134962119407,0.09004239296871218,0.08063269924238776,0.0059128249526491615,0.02920134962119407,0.0050050413188682495,0.0,0.0,0.0,0.9982496312513862,0.0,0.0,0.9999209099584937,False
10.5875,1,478,479,3.7715899999999385,3.7715899999999385,0.0,0.030382599621193957,0.030382599621193957,0.09008269924238732,0.08174268678973809,0.006503449952649105,0.030382599621193957,0.0050050413188682495,0.0,0.0,0.0,0.9983389850183152,0.0,0.0,0.9999247789191206,False
10.6105,1,479,480,3.7798699999999386,3.7798699999999386,0.0,0.03141759962119391,0.015708799810596957,0.09002268678973774,0.08064767433708861,0.007538449952649103,0.015708799810596957,0.0050050413188682495,0.0,0.0,0.0,0.9984356629864964,0.0,0.0,0.9999277710490077,False
10.6365,1,480,481,3.7892299999999386,3.7892299999999386,0.0,0.01687879981059695,0.01687879981059695,0.0900076743370886,0.07989016188443948,0.005058756226324563,0.01687879981059695,0.0050050413188682495,0.0,0.0,0.0,0.9986446531720976,0.0,0.0,0.999936515150442,False
10.66475,1,481,482,3.799399999999938,3.799399999999938,0.0,0.018150049810596862,0.018150049810596862,0.09006016188443897,0.0837301556581144,0.005285162476324509,0.018150049810596862,0.0050050413188682495,0.0,0.0,0.0,0.998139383888772,0.0,0.0,0.999916602099728,False
10.68225,1,482,483,3.8056999999999377,3.8056999999999377,0.0,0.018937549810596813,0.018937549810596813,0.09003015565811419,0.08291264943178961,0.0056789124763244846,0.018937549810596813,0.0050050413188682495,0.0,0.0,0.0,0.9980610122488959,0.0,0.0,0.9999135312393067,False
10.702,1,483,484,3.8128099999999367,3.8128099999999367,0.0,0.019826299810596682,0.019826299810596682,0.09002264943178882,0.08306123695546437,0.005827974976324425,0.019826299810596682,0.0050050413188682495,0.0,0.0,0.0,0.9982062878343996,0.0,0.0,0.9999191731034139,False
10.7215,1,484,485,3.819829999999937,3.819829999999937,0.0,0.020703799810596658,0.020703799810596658,0.09008123695546451,0.08224232447914001,0.006266724976324412,0.020703799810596658,0.0050050413188682495,0.0,0.0,0.0,0.9982430224158275,0.0,0.0,0.9999206728691056,False
10.74325,1,485,486,3.8276599999999377,3.8276599999999377,0.0,0.02168254981059663,0.02168254981059663,0.09007232447914015,0.08164841200281568,0.0072454749763244605,0.02168254981059663,0.0050050413188682495,0.0,0.0,0.0,0.998373264096009,0.0,0.0,0.9999257743600162,False
10.7665,1,486,487,3.836029999999936,3.836029999999936,0.0,0.02272879981059652,0.02272879981059652,0.09001841200281491,0.08054824952649056,0.005943762452649103,0.02272879981059652,0.0050050413188682495,0.0,0.0,0.0,0.998576724742934,0.0,0.0,0.9999334433458574,False
10.793000000000001,1,487,488,3.8455699999999364,3.8455699999999364,0.0,0.02392129981059646,0.02392129981059646,0.09008824952649026,0.08016527455016591,0.006540012452649073,0.02392129981059646,0.0050050413188682495,0.0,0.0,0.0,0.9983486742053476,0.0,0.0,0.9999251056273308,False
10.820500000000001,1,488,489,3.8554699999999364,3.8554699999999356,-8.881784197001252e-16,0.025158799810596374,0.025158799810596374,0.0900652745501655,0.07890479957384124,0.005360862488162124,0.025158799810596374,0.0050050413188682495,0.0,0.0,0.0,0.9984839661551033,0.0,0.0,0.9999304292507943,False
10.8515,1,489,490,3.866629999999936,3.866629999999936,0.0,0.02655379981059631,0.02655379981059631,0.09006479957384092,0.08400643708567884,0.006058362488162091,0.02655379981059631,0.0050050413188682495,0.0,0.0,0.0,0.998255821740935,0.0,0.0,0.9999210036597632,False
10.86825,1,490,491,3.8726599999999354,3.872659999999936,4.440892098500626e-16,0.02730754981059626,0.02730754981059626,0.09003643708567863,0.08322432459751652,0.005261256226324494,0.02730754981059626,0.0050050413188682495,0.0,0.0,0.0,0.998269793599932,0.0,0.0,0.9999212480881191,False
10.88725,1,491,492,3.8794999999999353,3.8794999999999353,0.0,0.02816254981059621,0.02816254981059621,0.0900643245975163,0.08169971210935414,0.005688756226324468,0.02816254981059621,0.0050050413188682495,0.0,0.0,0.0,0.9980745770972892,0.0,0.0,0.999913920383561,False
10.9105,1,492,493,3.8878699999999347,3.8878699999999347,0.0,0.0292087998105961,0.0292087998105961,0.0900697121093536,0.08065884962119156,0.0059137562263244054,0.0292087998105961,0.0050050413188682495,0.0,0.0,0.0,0.998250426461344,0.0,0.0,0.9999207580658508,False
10.9365,1,493,494,3.8972299999999347,3.8972299999999347,0.0,0.030378799810596015,0.030378799810596015,0.09001884962119133,0.08168634339486688,0.0064987562263243625,0.030378799810596015,0.0050050413188682495,0.0,0.0,0.0,0.9983361668521323,0.0,0.0,0.9999242844062534,False
10.95975,1,494,495,3.905599999999935,3.905599999999935,0.0,0.031425049810596024,0.015712524905298012,0.09005634339486696,0.08067758716854254,0.007545006226324414,0.015712524905298012,0.0050050413188682495,0.0,0.0,0.0,0.9984369033188409,0.0,0.0,0.9999277300530878,False
10.98575,1,495,496,3.914959999999934,3.914959999999934,0.0,0.016882524905297926,0.016882524905297926,0.0900375871685419,0.07991633094221758,0.005060628113162161,0.016882524905297926,0.0050050413188682495,0.0,0.0,0.0,0.9986452596295537,0.0,0.0,0.9999361568958901,False
11.014,1,496,497,3.9251299999999336,3.925129999999933,-4.440892098500626e-16,0.018153774905297838,0.018153774905297838,0.09008633094221706,0.08375445282905489,0.005285628113162131,0.018153774905297838,0.0050050413188682495,0.0,0.0,0.0,0.9981395819455194,0.0,0.0,0.9999162630825208,False
11.0315,1,497,498,3.931429999999933,3.931429999999933,0.0,0.01894127490529779,0.01894127490529779,0.0900544528290547,0.08293507471589251,0.005679378113162107,0.01894127490529779,0.0050050413188682495,0.0,0.0,0.0,0.9980607313588442,0.0,0.0,0.9999131177838796,False
11.05125,1,498,499,3.938539999999933,3.938539999999933,0.0,0.019830024905297738,0.019830024905297738,0.09004507471589236,0.0830831966027302,0.00583125311316208,0.019830024905297738,0.0050050413188682495,0.0,0.0,0.0,0.998206022135183,0.0,0.0,0.9999188049792552,False
11.070500000000001,1,499,500,3.9454699999999323,3.9454699999999323,0.0,0.02069627490529766,0.02069627490529766,0.09001319660272991,0.08218506848956778,0.0062643781131620415,0.02069627490529766,0.0050050413188682495,0.0,0.0,0.0,0.9982404502342133,0.0,0.0,0.999920128711969,False
11.09225,1,500,501,3.9532999999999325,3.953299999999932,-4.440892098500626e-16,0.021675024905297553,0.021675024905297553,0.09001506848956728,0.08160194037640524,0.00724312811316201,0.021675024905297553,0.0050050413188682495,0.0,0.0,0.0,0.9983724070379791,0.0,0.0,0.9999254209150942,False
11.11575,1,501,502,3.961759999999932,3.961759999999932,0.0,0.022732524905297497,0.022732524905297497,0.09006194037640489,0.08059131226324291,0.00594750622632436,0.022732524905297497,0.0050050413188682495,0.0,0.0,0.0,0.9985779614850929,0.0,0.0,0.9999332278666692,False
11.142,1,502,503,3.9712099999999317,3.9712099999999313,-4.440892098500626e-16,0.023913774905297464,0.023913774905297464,0.09004131226324283,0.08012630915008087,0.006538131226324344,0.023913774905297464,0.0050050413188682495,0.0,0.0,0.0,0.9983463744497164,0.0,0.0,0.9999244348780608,False
11.169500000000001,1,503,504,3.9811099999999313,3.9811099999999313,0.0,0.025151274905297376,0.025151274905297376,0.09002630915008047,0.0788738060369186,0.005359689056580939,0.025151274905297376,0.0050050413188682495,0.0,0.0,0.0,0.9984830970344433,0.0,0.0,0.9999298719480642,False
11.2005,1,504,505,3.9922699999999307,3.9922699999999307,0.0,0.02654627490529731,0.02654627490529731,0.0900338060369183,0.0839766169803374,0.006057189056580906,0.02654627490529731,0.0050050413188682495,0.0,0.0,0.0,0.9982553421070199,0.0,0.0,0.9999208049855328,False
11.21725,1,505,506,3.99829999999993,3.9982999999999302,4.440892098500626e-16,0.027300024905297184,0.027300024905297184,0.09000661698033655,0.0831956779237557,0.005257503113162095,0.027300024905297184,0.0050050413188682495,0.0,0.0,0.0,0.9982693101279779,0.0,0.0,0.9999210523454062,False
11.23625,1,506,507,4.00513999999993,4.00513999999993,0.0,0.028155024905297133,0.028155024905297133,0.0900356779237555,0.0816722388671746,0.00568500311316207,0.028155024905297133,0.0050050413188682495,0.0,0.0,0.0,0.9980731591012438,0.0,0.0,0.9999136400648859,False
11.259500000000001,1,507,508,4.013509999999931,4.013509999999931,0.0,0.029201274905297104,0.029201274905297104,0.09004223886717469,0.08063254981059384,0.005912815613162041,0.029201274905297104,0.0050050413188682495,0.0,0.0,0.0,0.9982492371700581,0.0,0.0,0.9999204893328667,False
11.28575,1,508,509,4.02295999999993,4.02295999999993,0.0,0.03038252490529699,0.03038252490529699,0.09008254981059338,0.08174254669743128,0.006503440613161985,0.03038252490529699,0.0050050413188682495,0.0,0.0,0.0,0.9983381382613502,0.0,0.0,0.9999239560008117,False
11.30875,1,509,510,4.031239999999929,4.031239999999929,0.0,0.03141752490529702,0.01570876245264851,0.09002254669743157,0.08064754358426947,0.007538440613162062,0.01570876245264851,0.0050050413188682495,0.0,0.0,0.0,0.9984354254780979,0.0,0.0,0.9999275835272057,False
11.33475,1,510,511,4.0405999999999285,4.0405999999999285,0.0,0.016878762452648424,0.016878762452648424,0.09000754358426882,0.07989004047110682,0.005058751556581002,0.016878762452648424,0.0050050413188682495,0.0,0.0,0.0,0.9986438333339442,0.0,0.0,0.9999356961884294,False
11.363,1,511,512,4.050769999999929,4.050769999999929,0.0,0.018150012452648336,0.018150012452648336,0.0900600404711063,0.0837300389145253,0.005285157806580949,0.018150012452648336,0.0050050413188682495,0.0,0.0,0.0,0.998138935447714,0.0,0.0,0.9999161434592123,False
11.3805,1,512,513,4.0570699999999285,4.0570699999999285,0.0,0.018937512452648287,0.018937512452648287,0.0900300389145251,0.08291253735794407,0.005678907806580925,0.018937512452648287,0.0050050413188682495,0.0,0.0,0.0,0.9980604446321332,0.0,0.0,0.9999129880556763,False
11.40025,1,513,514,4.064179999999929,4.064179999999928,-8.881784197001252e-16,0.019826262452648236,0.019826262452648236,0.09002253735794394,0.08306112955136295,0.005827970306580905,0.019826262452648236,0.0050050413188682495,0.0,0.0,0.0,0.998205741185151,0.0,0.0,0.9999186621023113,False
11.41975,1,514,515,4.071199999999928,4.071199999999928,0.0,0.02070376245264813,0.02070376245264813,0.09008112955136245,0.08224222174478152,0.006266720306580853,0.02070376245264813,0.0050050413188682495,0.0,0.0,0.0,0.9982422497299953,0.0,0.0,0.9999199596843896,False
11.4415,1,515,516,4.079029999999928,4.079029999999928,0.0,0.021682512452648104,0.021682512452648104,0.09007222174478166,0.08164831393820075,0.007245470306580901,0.021682512452648104,0.0050050413188682495,0.0,0.0,0.0,0.998372379075081,0.0,0.0,0.9999249033782869,False
11.46475,1,516,517,4.087399999999928,4.087399999999928,0.0,0.022728762452647995,0.022728762452647995,0.09001831393819998,0.0805481561316192,0.0059437531131619715,0.022728762452647995,0.0050050413188682495,0.0,0.0,0.0,0.998575739231628,0.0,0.0,0.9999324073373794,False
11.49125,1,517,518,4.096939999999927,4.096939999999927,0.0,0.023921262452647935,0.023921262452647935,0.09008815613161889,0.08016518582503813,0.006540003113161942,0.023921262452647935,0.0050050413188682495,0.0,0.0,0.0,0.9983474181003454,0.0,0.0,0.9999238699505821,False
11.51875,1,518,519,4.106839999999927,4.106839999999927,0.0,0.025158762452647847,0.025158762452647847,0.09006518582503772,0.07890471551845707,0.005360860153290344,0.025158762452647847,0.0050050413188682495,0.0,0.0,0.0,0.9984828295414806,0.0,0.0,0.9999293165802247,False
11.54975,1,519,520,4.117999999999927,4.117999999999927,0.0,0.026553762452647782,0.026553762452647782,0.09006471551845677,0.08400635536516646,0.0060583601532903115,0.026553762452647782,0.0050050413188682495,0.0,0.0,0.0,0.9982554792290371,0.0,0.0,0.999920656021251,False
11.5665,1,520,521,4.124029999999927,4.124029999999927,0.0,0.027307512452647734,0.027307512452647734,0.09003635536516624,0.08322424521187592,0.005261251556580928,0.027307512452647734,0.0050050413188682495,0.0,0.0,0.0,0.9982695802105787,0.0,0.0,0.9999210239206366,False
11.5855,1,521,522,4.130869999999926,4.130869999999926,0.0,0.028162512452647684,0.028162512452647684,0.0900642452118757,0.08169963505858532,0.005688751556580903,0.028162512452647684,0.0050050413188682495,0.0,0.0,0.0,0.9980742305011445,0.0,0.0,0.9999135766971524,False
11.60875,1,522,523,4.139239999999925,4.139239999999925,0.0,0.029208762452647575,0.029208762452647575,0.09006963505858478,0.08065877490529451,0.00591375155658084,0.029208762452647575,0.0050050413188682495,0.0,0.0,0.0,0.9982500576154808,0.0,0.0,0.9999203763712916,False
11.63475,1,523,524,4.1485999999999255,4.1485999999999255,0.0,0.03037876245264749,0.03037876245264749,0.09001877490529428,0.0816862733487134,0.006498751556580797,0.03037876245264749,0.0050050413188682495,0.0,0.0,0.0,0.9983354865101514,0.0,0.0,0.9999236052066107,False
11.658,1,524,525,4.156969999999925,4.156969999999925,0.0,0.0314250124526475,0.01571250622632375,0.09005627334871347,0.08067752179213263,0.007545001556580848,0.01571250622632375,0.0050050413188682495,0.0,0.0,0.0,0.9984366078540604,0.0,0.0,0.9999274943248038,False
11.684000000000001,1,525,526,4.166329999999925,4.166329999999925,0.0,0.016882506226323663,0.016882506226323663,0.09003752179213198,0.07991627023555123,0.005060625778290378,0.016882506226323663,0.0050050413188682495,0.0,0.0,0.0,0.9986442573789087,0.0,0.0,0.9999351408574663,False
11.712250000000001,1,526,527,4.176499999999924,4.176499999999924,0.0,0.018153756226323575,0.018153756226323575,0.09008627023555071,0.08375439445726032,0.005285625778290348,0.018153756226323575,0.0050050413188682495,0.0,0.0,0.0,0.9981392065128487,0.0,0.0,0.999915915021209,False
11.729750000000001,1,527,528,4.182799999999924,4.182799999999924,0.0,0.018941256226323526,0.018941256226323526,0.09005439445726011,0.08293501867896971,0.005679375778290324,0.018941256226323526,0.0050050413188682495,0.0,0.0,0.0,0.9980604984772955,0.0,0.0,0.9999128870348307,False
11.7495,1,528,529,4.189909999999924,4.189909999999923,-8.881784197001252e-16,0.019830006226323475,0.019830006226323475,0.09004501867896958,0.0830831429006792,0.005831250778290297,0.019830006226323475,0.0050050413188682495,0.0,0.0,0.0,0.9982057667298174,0.0,0.0,0.9999185668662024,False
11.76875,1,529,530,4.1968399999999235,4.1968399999999235,0.0,0.020696256226323397,0.020696256226323397,0.09001314290067891,0.08218501712238854,0.006264375778290259,0.020696256226323397,0.0050050413188682495,0.0,0.0,0.0,0.9982401782544915,0.0,0.0,0.999919892268854,False
11.7905,1,530,531,4.204669999999924,4.204669999999924,0.0,0.02167500622632337,0.02167500622632337,0.09001501712238869,0.08160189134409834,0.007243125778290307,0.02167500622632337,0.0050050413188682495,0.0,0.0,0.0,0.9983719552652618,0.0,0.0,0.9999250532576425,False
11.814,1,531,532,4.213129999999922,4.213129999999922,0.0,0.022732506226323234,0.022732506226323234,0.09006189134409737,0.08059126556580717,0.0059475015565807745,0.022732506226323234,0.0050050413188682495,0.0,0.0,0.0,0.9985774995178158,0.0,0.0,0.9999327648998697,False
11.840250000000001,1,532,533,4.2225799999999225,4.2225799999999225,0.0,0.0239137562263232,0.0239137562263232,0.0900412655658071,0.08012626478751692,0.006538126556580758,0.0239137562263232,0.0050050413188682495,0.0,0.0,0.0,0.9983456689773739,0.0,0.0,0.9999237546358798,False
11.867750000000001,1,533,534,4.2324799999999225,4.232479999999922,-8.881784197001252e-16,0.025151256226323113,0.025151256226323113,0.09002626478751652,0.07887376400922642,0.005359687889145047,0.025151256226323113,0.0050050413188682495,0.0,0.0,0.0,0.9984823753396962,0.0,0.0,0.9999291973431573,False
11.89875,1,534,535,4.243639999999921,4.243639999999921,0.0,0.026546256226323048,0.026546256226323048,0.09003376400922612,0.08397657612008111,0.006057187889145014,0.026546256226323048,0.0050050413188682495,0.0,0.0,0.0,0.9982550207307376,0.0,0.0,0.9999204674542408,False
11.9155,1,535,536,4.249669999999922,4.249669999999922,0.0,0.027300006226323,0.027300006226323,0.0900065761200809,0.08319563823093587,0.005257500778290342,0.027300006226323,0.0050050413188682495,0.0,0.0,0.0,0.9982689412510797,0.0,0.0,0.9999206783930435,False
11.9345,1,536,537,4.2565099999999205,4.256509999999921,8.881784197001252e-16,0.02815500622632295,0.02815500622632295,0.09003563823093566,0.08167220034179058,0.005685000778290317,0.02815500622632295,0.0050050413188682495,0.0,0.0,0.0,0.9980727939626024,0.0,0.0,0.999913272745435,False
11.95775,1,537,538,4.264879999999921,4.264879999999921,0.0,0.02920125622632284,0.02920125622632284,0.09004220034179003,0.08063251245264508,0.005912813278290248,0.02920125622632284,0.0050050413188682495,0.0,0.0,0.0,0.9982489483428394,0.0,0.0,0.9999201910880211,False
11.984,1,538,539,4.27432999999992,4.27432999999992,0.0,0.030382506226322728,0.030382506226322728,0.09008251245264462,0.08174251167435434,0.0065034382782901915,0.030382506226322728,0.0050050413188682495,0.0,0.0,0.0,0.998336951697865,0.0,0.0,0.9999226796769988,False
