time,inserted_nodes,node_count_before,node_count_after,rest_length_before,rest_length_after,rest_length_error,tail_rest_length_before,tail_rest_length_after,payout_buffer_rest_length_before,payout_buffer_rest_length_after,payout_buffer_min_rest_length_after,payout_buffer_max_rest_length_after,minimum_physical_rest_length_after,peak_tension_before,peak_tension_after,peak_tension_jump,minimum_geometric_ratio_after,peak_tension_post_step,peak_tension_post_step_jump,minimum_standard_ratio_post_step,remeshed_in_same_step
0.5525,1,103,104,1.0300062586927308,1.030006258692731,2.220446049250313e-16,0.011250782336591344,0.005625391168295672,0.09000625869273075,0.07875547635613941,0.005625391168295672,0.011250782336591344,0.005625391168295672,0.0,0.0,0.0,0.9998418374874939,0.0,0.0,0.9999844980270471,False
0.7225,1,104,105,1.0412660374435336,1.0412660374435336,0.0,0.007032863512146055,0.007032863512146055,0.09001525510694247,0.07735700042650073,0.006329127340220863,0.012658254680441726,0.006329127340220863,0.0,0.0,0.0,0.9995993635741778,0.0,0.0,0.9999625715650364,False
0.856,1,105,106,1.0539205167970065,1.0539205167970065,0.0,0.00861467343133017,0.00861467343133017,0.09001147977997362,0.07577141518034777,0.0071200322998129185,0.014240064599625837,0.0071200322998129185,0.0,0.0,0.0,0.9995297162977701,0.0,0.0,0.9999562544298773,False
0.9745,1,106,107,1.0681563661095683,1.0681563661095685,2.220446049250313e-16,0.010394154595400405,0.010394154595400405,0.09000726449290969,0.07398771872921361,0.005197077297700203,0.01601954576369608,0.005197077297700203,0.0,0.0,0.0,0.9994883571299418,0.0,0.0,0.9999526032878954,False
1.086,1,107,108,1.0841880766369494,1.0841880766369494,0.0,0.012398118411323001,0.012398118411323001,0.0900194292565944,0.07199591967697572,0.005847191119698899,0.012398118411323001,0.005847191119698899,0.0,0.0,0.0,0.9992584016580663,0.0,0.0,0.9999319730230227,False
1.1945000000000001,1,108,109,1.1022271801473726,1.1022271801473726,0.0,0.014653006350125933,0.014653006350125933,0.09003502318739916,0.07687665796879048,0.006974635089100365,0.014653006350125933,0.006974635089100365,0.0,0.0,0.0,0.9992479560258541,0.0,0.0,0.9999310608745705,False
1.266,1,109,110,1.1153959374290854,1.1153959374290852,-2.220446049250313e-16,0.01629910101034004,0.01629910101034004,0.09004541525050332,0.08264318531109192,0.007402229939411396,0.01629910101034004,0.007402229939411396,0.0,0.0,0.0,0.9992375727434321,0.0,0.0,0.9999300829782238,False
1.304,1,110,111,1.1227956789139457,1.1227956789139455,-2.220446049250313e-16,0.017224068695947586,0.017224068695947586,0.09004292679595216,0.08171572917093324,0.005336570702161731,0.017224068695947586,0.005336570702161731,0.0,0.0,0.0,0.9991809922682338,0.0,0.0,0.9999251136294747,False
1.345,1,111,112,1.1310824221472797,1.1310824221472797,0.0,0.018259911600114295,0.018259911600114295,0.09000247240426694,0.07829348809577677,0.005290770169544358,0.018259911600114295,0.005290770169544358,0.0,0.0,0.0,0.9988891442635588,0.0,0.0,0.9998986200399609,False
1.40075,1,112,113,1.1428381861467416,1.1428381861467414,-2.220446049250313e-16,0.019729382100046988,0.019729382100046988,0.09004925209523855,0.08220736798897738,0.006025505419510722,0.019729382100046988,0.006025505419510722,0.0,0.0,0.0,0.9989025681615962,0.0,0.0,0.9998998213847294,False
1.4365,1,113,114,1.1506613957793528,1.1506613957793528,0.0,0.020707283304123417,0.020707283304123417,0.09003057762158895,0.08121079231125133,0.007003406623587173,0.020707283304123417,0.007003406623587173,0.0,0.0,0.0,0.9989108310033322,0.0,0.0,0.9999002729368717,False
1.4757500000000001,1,114,115,1.159495800332187,1.1594958003321867,-2.220446049250313e-16,0.021811583873227663,0.021811583873227663,0.09004519686408527,0.08120275442142749,0.008107707192691415,0.021811583873227663,0.007402229939411396,0.0,0.0,0.0,0.9990319683231431,0.0,0.0,0.9999107695524957,False
1.514,1,115,116,1.1683415816050529,1.168341581605053,2.220446049250313e-16,0.022917306532335906,0.011458653266167953,0.09004853569429361,0.08010037059252756,0.009213429851799685,0.011458653266167953,0.007402229939411396,0.0,0.0,0.0,0.9991258917413006,0.0,0.0,0.9999191211387184,False
1.55575,1,116,117,1.1782496250485306,1.1782496250485306,0.0,0.01269715869660266,0.01269715869660266,0.09000841403600521,0.08478244639488802,0.0052259676411171956,0.01269715869660266,0.0052259676411171956,0.0,0.0,0.0,0.999209227429638,0.0,0.0,0.9999277966194688,False
1.5775000000000001,1,117,118,1.1835107239292952,1.1835107239292955,2.220446049250313e-16,0.013354796056698237,0.013354796056698237,0.09004354527565264,0.08415994027443988,0.005554786321164984,0.013354796056698237,0.0052259676411171956,0.0,0.0,0.0,0.9985777146036785,0.0,0.0,0.9998703898554103,False
1.6015,1,118,119,1.1893914015611442,1.1893914015611442,0.0,0.014089880760679359,0.014089880760679359,0.09004061790628887,0.08375074688114276,0.006289871025146117,0.014089880760679359,0.0052259676411171956,0.0,0.0,0.0,0.998651914406014,0.0,0.0,0.9998770859114371,False
1.6267500000000001,1,119,120,1.1956600926161516,1.1956600926161518,2.220446049250313e-16,0.014873467142555299,0.014873467142555299,0.09001943793615029,0.08294598052912823,0.006689970053905739,0.014873467142555299,0.0052259676411171956,0.0,0.0,0.0,0.9987854641318872,0.0,0.0,0.9998891572720681,False
1.655,1,120,121,1.202767951682284,1.2027679516822836,-4.440892098500626e-16,0.01576194952582178,0.01576194952582178,0.09005383959526009,0.08208359396714987,0.006858136103262919,0.01576194952582178,0.0052259676411171956,0.0,0.0,0.0,0.9988507947541534,0.0,0.0,0.9998949232985975,False
1.68625,1,121,122,1.2107397683866212,1.210739768386621,-2.220446049250313e-16,0.016758426613863966,0.016758426613863966,0.0900554106714875,0.08108868795533511,0.007356374647284021,0.016758426613863966,0.0052259676411171956,0.0,0.0,0.0,0.9988756751965617,0.0,0.0,0.999896915589697,False
1.72075,1,122,123,1.219663944557585,1.2196639445575848,-2.220446049250313e-16,0.01787394863523444,0.01787394863523444,0.0900128641262988,0.08032241257971391,0.00847189666865448,0.01787394863523444,0.0052259676411171956,0.0,0.0,0.0,0.9989430034324647,0.0,0.0,0.9999020772739765,False
1.7577500000000001,1,123,124,1.2293654096292193,1.2293654096292193,0.0,0.01908663176918874,0.01908663176918874,0.0900238776513483,0.0845723103110787,0.005451567340269594,0.01908663176918874,0.0052259676411171956,0.0,0.0,0.0,0.9990630431104776,0.0,0.0,0.9999144885334627,False
1.77825,1,124,125,1.2347932537577473,1.234793253757747,-2.220446049250313e-16,0.019765112285254727,0.019765112285254727,0.09000015443960659,0.08387010658327101,0.005430649431347938,0.019765112285254727,0.0052259676411171956,0.0,0.0,0.0,0.9985102256220546,0.0,0.0,0.9998642185324488,False
1.80125,1,125,126,1.2409235331534687,1.240923533153469,2.220446049250313e-16,0.020531397209719946,0.020531397209719946,0.09000038597899272,0.08380345162317956,0.005813791893580544,0.020531397209719946,0.0052259676411171956,0.0,0.0,0.0,0.998516403193285,0.0,0.0,0.9998647321376846,False
1.8245,1,126,127,1.2471600759110342,1.2471600759110342,0.0,0.02131096505441564,0.02131096505441564,0.0900399943807452,0.08306349218023634,0.00595445654391784,0.02131096505441564,0.0052259676411171956,6.921506906590064e-07,6.921506906590064e-07,0.0,0.9985971046650695,5.893416112453718e-07,-1.0280907941363467e-07,0.9998720153744768,False
1.85025,1,127,128,1.25410863277965,1.2541086327796498,-2.220446049250313e-16,0.022179534662992575,0.022179534662992575,0.09001204904885177,0.08255011970199858,0.006388741348206303,0.022179534662992575,0.0052259676411171956,4.854629868921443e-07,4.854629868921443e-07,0.0,0.9986363254074251,2.8585628911848406e-07,-1.996066977736602e-07,0.9998754870214223,False
1.87775,1,128,129,1.2615710318206645,1.2615710318206648,2.220446049250313e-16,0.023112334543119402,0.023112334543119402,0.0900125187430133,0.0816177895160333,0.007087680112751092,0.023112334543119402,0.0052259676411171956,0.0,0.0,0.0,0.9987224131868855,0.0,0.0,0.9998831204082543,False
1.9085,1,129,130,1.2699572944382682,1.2699572944382682,0.0,0.024160617370319857,0.024160617370319857,0.0900040521336368,0.08119994327381475,0.007611821526351311,0.024160617370319857,0.0052259676411171956,1.4309438413906959e-06,1.4309438413906959e-06,0.0,0.9988448655127152,1.4075098415837007e-06,-2.3433999806995228e-08,0.9998938925811248,False
1.94075,1,130,131,1.2787889114775988,1.2787889114775988,0.0,0.02526456950023615,0.012632284750118076,0.09003156031314516,0.08012349932340682,0.008715773656267614,0.012632284750118076,0.0052259676411171956,1.1219125373893805e-06,1.1219125373893805e-06,0.0,0.9989179006267983,1.0382861488427114e-06,-8.362638854666907e-08,0.9998999081028681,False
1.97675,1,131,132,1.2886758316470601,1.2886758316470601,0.0,0.013868149771300745,0.013868149771300745,0.09001041949286817,0.08465559888955189,0.005354820603316278,0.013868149771300745,0.0052259676411171956,1.7824982617421726e-06,1.7824982617421726e-06,0.0,0.9990501504106399,1.7856390806136489e-06,3.1408188714762697e-09,0.999913300861256,False
1.99625,1,132,133,1.294037502941324,1.294037502941324,0.0,0.014538358683083731,0.014538358683083731,0.09001727018381578,0.08399224066871651,0.005689925059207771,0.014538358683083731,0.0052259676411171956,1.7844422036399792e-06,1.7844422036399792e-06,0.0,0.9984307580738134,1.7860745875986701e-06,1.6323839586909056e-09,0.999856990381051,False
2.01825,1,133,134,1.3000875000000005,1.3000875000000005,0.0,0.015294608315418283,0.015294608315418283,0.0900422377273929,0.08359606303585058,0.0059511193175840185,0.015294608315418283,0.0052259676411171956,2.3051186171184866e-06,2.3051186171184866e-06,0.0,0.9985332505413194,2.364965800510997e-06,5.98471833925104e-08,0.9998662801994728,False
2.04175,1,134,135,1.3065500000000005,1.3065500000000005,0.0,0.01610242081541827,0.01610242081541827,0.0900585630358508,0.08280457584430848,0.006355025567584045,0.01610242081541827,0.0052259676411171956,2.536977528367338e-06,2.536977528367338e-06,0.0,0.998601103823563,2.412460634314685e-06,-1.2451689405265317e-07,0.9998723917275878,False
2.068,1,135,136,1.3137687500000006,1.3137687500000006,0.0,0.01700476456541818,0.01700476456541818,0.09002332584430839,0.08236205027672434,0.006544126735783955,0.01700476456541818,0.0052259676411171956,1.588778452459109e-06,1.588778452459109e-06,0.0,0.9986971580959192,1.652159243836803e-06,6.33807913776941e-08,0.9998810609544654,False
2.096,1,136,137,1.3214687500000006,1.3214687500000006,0.0,0.017967264565418098,0.017967264565418098,0.09006205027672438,0.08143827470914028,0.007025376735783981,0.017967264565418098,0.0052259676411171956,2.528425777199102e-06,2.528425777199102e-06,0.0,0.9987404121780648,2.608991444532266e-06,8.05656673331641e-08,0.9998848492558957,False
2.12725,1,137,138,1.3300625000000008,1.3300625000000008,0.0,0.019041483315418006,0.019041483315418006,0.09003202470914037,0.08073793664155623,0.008099595485784013,0.019041483315418006,0.0052259676411171956,1.916021990645077e-06,1.916021990645077e-06,0.0,0.9988326109288893,1.8647363401847703e-06,-5.128565046030658e-08,0.9998923399737014,False
2.161,1,138,139,1.339343750000001,1.339343750000001,0.0,0.020201639565417904,0.020201639565417904,0.09001918664155655,0.08479206448276444,0.005227122158792102,0.020201639565417904,0.0052259676411171956,2.3923183209037294e-06,2.3923183209037294e-06,0.0,0.9989788363871644,2.435424283851284e-06,4.310596294755446e-08,0.9999068504988099,False
2.18,1,139,140,1.3445687500000012,1.3445687500000014,2.220446049250313e-16,0.020854764565417853,0.020854764565417853,0.09001706448276464,0.08413681732397252,0.0051970633678920615,0.020854764565417853,0.0051970633678920615,2.2464480712062726e-06,2.2464480712062726e-06,0.0,0.9983921203817119,2.245404879740682e-06,-1.0431914655904492e-09,0.9998535072122671,False
2.2015000000000002,1,140,141,1.3504812500000014,1.3504812500000014,0.0,0.021593827065417792,0.021593827065417792,0.09004931732397271,0.08411319145608062,0.005566594617892082,0.021593827065417792,0.0052259676411171956,2.54635285461838e-06,2.54635285461838e-06,0.0,0.9984072490893108,2.609680125493957e-06,6.332727087557703e-08,0.9998548584452145,False
2.223,1,141,142,1.3563937500000016,1.3563937500000016,0.0,0.02233288956541773,0.02233288956541773,0.09002569145608079,0.0833505030881887,0.005695500867892098,0.02233288956541773,0.0052259676411171956,2.828617685341549e-06,2.828617685341549e-06,0.0,0.9985005663762093,2.8953019996259686e-06,6.668431428441947e-08,0.9998633193692833,False
2.24725,1,142,143,1.3630625000000016,1.3630625000000016,0.0,0.023166483315417655,0.023166483315417655,0.09001925308818881,0.08288000222029668,0.006112297742892118,0.023166483315417655,0.0052259676411171956,2.408907133946025e-06,2.408907133946025e-06,0.0,0.9985518688025956,2.314375201262534e-06,-9.453193268349112e-08,0.9998679369816859,False
2.27325,1,143,144,1.3702125000000018,1.3702125000000018,0.0,0.02406023331541757,0.02406023331541757,0.09003000222029675,0.08199700135240462,0.00700604774289213,0.02406023331541757,0.0052259676411171956,2.3378346985360805e-06,2.3378346985360805e-06,0.0,0.9986504379070853,2.432825127133252e-06,9.49904285971713e-08,0.9998767355666133,False
2.3025,1,144,145,1.378256250000002,1.378256250000002,0.0,0.025065702065417493,0.025065702065417493,0.09004075135240486,0.08161243798451268,0.007772480203854663,0.025065702065417493,0.0052259676411171956,3.1837527367748755e-06,3.1837527367748755e-06,0.0,0.9988197777768617,3.1072531755478236e-06,-7.649956122705187e-08,0.9998918929708948,False
2.33325,1,145,146,1.386712500000002,1.386712500000002,0.0,0.026122733315417396,0.013061366657708698,0.09006868798451292,0.08058334336662071,0.008829511453854712,0.013061366657708698,0.0052259676411171956,2.8965050527091887e-06,2.8965050527091887e-06,0.0,0.9989291067755034,2.884420189703976e-06,-1.2084863005212745e-08,0.9999011337860622,False
2.3675,1,146,147,1.3961312500000025,1.3961312500000025,0.0,0.014238710407708764,0.014238710407708764,0.09000209336662124,0.0848791476201751,0.005122945746446141,0.014238710407708764,0.005122945746446141,3.866920488487834e-06,3.866920488487834e-06,0.0,0.9990550121735463,3.874059787926628e-06,7.139299438793396e-09,0.9999137626749729,False
2.38625,1,147,148,1.401287500000003,1.401287500000003,0.0,0.014883241657708792,0.014883241657708792,0.09003539762017529,0.08426792062372915,0.005445211371446155,0.014883241657708792,0.005122945746446141,3.883802153677564e-06,3.883802153677564e-06,0.0,0.9983606686280914,3.903475562407792e-06,1.9673408730228048e-08,0.9998506523756533,False
2.40725,1,148,149,1.4070625000000032,1.4070625000000032,0.0,0.015605116657708843,0.015605116657708843,0.09004292062372951,0.08387583425228332,0.005937997914427435,0.015605116657708843,0.005122945746446141,4.397849326169892e-06,4.397849326169892e-06,0.0,0.9984668832282926,4.401800243515673e-06,3.950917345780895e-09,0.9998602972599848,False
2.42975,1,149,150,1.4132500000000032,1.4132500000000032,0.0,0.016378554157708777,0.016378554157708777,0.09006333425228336,0.08312281038083716,0.006324716664427455,0.016378554157708777,0.005122945746446141,4.247647121530002e-06,4.247647121530002e-06,0.0,0.9985912089366513,4.144115361433764e-06,-1.0353176009623814e-07,0.9998715689382556,False
2.455,1,150,151,1.4201937500000033,1.4201937500000033,0.0,0.017246522907708693,0.017246522907708693,0.0900665603808371,0.08248715621640965,0.0065073338519274675,0.017246522907708693,0.005122945746446141,4.0828521781852015e-06,4.0828521781852015e-06,0.0,0.9986854527494008,4.192245443828541e-06,1.0939326564333909e-07,0.9998800914959403,False
2.4825,1,151,152,1.4277562500000034,1.4277562500000034,0.0,0.018191835407708624,0.018191835407708624,0.09004965621640976,0.08152493955198226,0.006979990101927498,0.018191835407708624,0.005122945746446141,4.800540887285598e-06,4.800540887285598e-06,0.0,0.9987313024589862,4.729360216083607e-06,-7.118067120199124e-08,0.9998841380351698,False
2.5135,1,152,153,1.436281250000003,1.4362812500000033,2.220446049250313e-16,0.01925746040770852,0.01925746040770852,0.09004993955198225,0.08084631663755469,0.008045615101927518,0.01925746040770852,0.005122945746446141,4.33493596119016e-06,4.33493596119016e-06,0.0,0.9988247941707674,4.404294588394647e-06,6.935862720448696e-08,0.9998917696975146,False
2.547,1,153,154,1.4454937500000038,1.4454937500000036,-2.220446049250313e-16,0.020409022907708425,0.020409022907708425,0.09005881663755505,0.08488122393034123,0.005177592707213808,0.020409022907708425,0.005122945746446141,4.816377528583308e-06,4.816377528583308e-06,0.0,0.9989719043567555,4.78067140342696e-06,-3.5706125156348325e-08,0.9999062616812414,False
2.56575,1,154,155,1.4506500000000038,1.4506500000000038,0.0,0.021053554157708362,0.021053554157708362,0.09003747393034134,0.08421534997312753,0.0051571825509638125,0.021053554157708362,0.005122945746446141,4.67582580684171e-06,4.67582580684171e-06,0.0,0.9983760821469754,4.694852391692108e-06,1.902658485039739e-08,0.999852093742536,False
2.587,1,155,156,1.456493750000004,1.456493750000004,0.0,0.021784022907708308,0.021784022907708308,0.09005909997312775,0.08417144867216392,0.005522416925963836,0.021784022907708308,0.005122945746446141,4.981015338687282e-06,4.981015338687282e-06,0.0,0.9983941492311651,4.948544646385481e-06,-3.247069230180133e-08,0.9998537208715176,False
2.60825,1,156,157,1.4623375000000043,1.4623375000000043,0.0,0.022514491657708254,0.022514491657708254,0.09001519867216412,0.08339707862120026,0.005651323175963851,0.022514491657708254,0.005122945746446141,5.1190504476797416e-06,5.1190504476797416e-06,0.0,0.9984879256327299,5.045151581345203e-06,-7.389886633453837e-08,0.9998622267114283,False
2.6325,1,157,158,1.4690062500000043,1.4690062500000043,0.0,0.023348085407708177,0.023348085407708177,0.09006582862120036,0.08297934919523649,0.006068120050963871,0.023348085407708177,0.005122945746446141,4.384714887762585e-06,4.384714887762585e-06,0.0,0.9985420162205939,4.448474328076351e-06,6.375944031376595e-08,0.9998671055632598,False
2.6582500000000002,1,158,159,1.4760875000000044,1.4760875000000042,-2.220446049250313e-16,0.0242332416577081,0.0242332416577081,0.0900605991952366,0.0820889635192727,0.006953276300963888,0.0242332416577081,0.005122945746446141,4.9961921768917005e-06,4.9961921768917005e-06,0.0,0.9986402064550748,5.077609057198968e-06,8.141688030726714e-08,0.9998758844142874,False
2.68725,1,159,160,1.4840625000000047,1.4840625000000047,0.0,0.02523011665770801,0.02523011665770801,0.09006396351927284,0.08169701534330892,0.0078006932269272895,0.02523011665770801,0.005122945746446141,4.6607712616965975e-06,4.6607712616965975e-06,0.0,0.9988106777911521,4.615618516620105e-06,-4.5152745076492166e-08,0.9998911171817197,False
2.7175000000000002,1,160,161,1.4923812500000047,1.4923812500000047,0.0,0.026269960407707925,0.013134980203853962,0.09001576534330925,0.08060897341734527,0.008840536976927348,0.013134980203853962,0.005122945746446141,4.6360714280219454e-06,4.6360714280219454e-06,0.0,0.9989304492536191,4.674498331175915e-06,3.842690315396962e-08,0.9999012787043605,False
2.75175,1,161,162,1.5018000000000051,1.5018000000000051,0.0,0.014312323953854029,0.014312323953854029,0.0900277234173458,0.08494405401686378,0.005083669400482018,0.014312323953854029,0.005083669400482018,5.467444812939703e-06,5.467444812939703e-06,0.0,0.9990560383458724,5.466133060171122e-06,-1.3117527685813438e-09,0.9999138629337508,False
2.77025,1,162,163,1.5068875000000057,1.5068875000000057,0.0,0.014948261453854061,0.014948261453854061,0.09003155401686402,0.08431194711638199,0.005401638150482034,0.014948261453854061,0.005083669400482018,5.3542216584447625e-06,5.3542216584447625e-06,0.0,0.9983469412445267,5.3853019888502304e-06,3.108033040546791e-08,0.9998494233577525,False
2.791,1,163,164,1.512593750000006,1.512593750000006,0.0,0.015661542703854097,0.015661542703854097,0.09001819711638226,0.0839032777159002,0.0059327684884637475,0.015661542703854097,0.005083669400482018,5.714289395059599e-06,5.714289395059599e-06,0.0,0.9984538027598109,5.675790353107317e-06,-3.8499041952281816e-08,0.999859137072026,False
2.81325,1,164,165,1.5187125000000057,1.5187125000000057,0.0,0.016426386453854018,0.016426386453854018,0.09002202771590015,0.0831422645654181,0.006315190363463762,0.016426386453854018,0.005083669400482018,5.249392965204068e-06,5.249392965204068e-06,0.0,0.9985882993229408,5.1389465461384705e-06,-1.1044641906559737e-07,0.9998713375092609,False
2.83825,1,165,166,1.5255875000000059,1.525587500000006,2.220446049250313e-16,0.017285761453853958,0.017285761453853958,0.09001726456541821,0.08246027732695443,0.006495659113463786,0.017285761453853958,0.005083669400482018,5.184738487661393e-06,5.184738487661393e-06,0.0,0.9986821315295654,5.295698165152009e-06,1.1095967749061633e-07,0.9998798209230126,False
2.8657500000000002,1,166,167,1.5331500000000058,1.5331500000000058,0.0,0.01823107395385387,0.01823107395385387,0.0900227773269544,0.0815204775884906,0.006968315363463809,0.01823107395385387,0.005083669400482018,5.558117243847914e-06,5.558117243847914e-06,0.0,0.9987293109969801,5.471634740398421e-06,-8.648250344949295e-08,0.9998839846385433,False
2.89675,1,167,168,1.541675000000006,1.5416750000000061,2.220446049250313e-16,0.019296698953853785,0.019296698953853785,0.09004547758849071,0.08085997472502683,0.008033940363463844,0.019296698953853785,0.005083669400482018,5.127310026543649e-06,5.127310026543649e-06,0.0,0.9988230872239086,5.194749812067748e-06,6.743978552409845e-08,0.9998916135027313,False
2.93,1,168,169,1.5508187500000061,1.5508187500000061,0.0,0.02043966770385368,0.02043966770385368,0.0900037247250271,0.08483948891829514,0.005164235806731966,0.02043966770385368,0.005083669400482018,5.49344831103375e-06,5.49344831103375e-06,0.0,0.9989696363839394,5.465476069610644e-06,-2.797224142310649e-08,0.999906072563927,False
2.949,1,169,170,1.5560437500000064,1.5560437500000064,0.0,0.021092792703853627,0.021092792703853627,0.09006448891829533,0.08424712811156335,0.005151345181731971,0.021092792703853627,0.005083669400482018,5.322348898689197e-06,5.322348898689197e-06,0.0,0.9983747558512511,5.353086769132831e-06,3.073787044363427e-08,0.9998519917494182,False
2.97,1,170,171,1.5618187500000067,1.5618187500000067,0.0,0.02181466770385356,0.02181466770385356,0.09002212811156349,0.0841489079298315,0.005512282681731989,0.02181466770385356,0.005083669400482018,5.67619107188524e-06,5.67619107188524e-06,0.0,0.9983902072350518,5.6502761034188165e-06,-2.59149684664239e-08,0.9998533820501725,False
2.9915000000000003,1,171,172,1.5677312500000067,1.5677312500000067,0.0,0.0225537302038535,0.0225537302038535,0.09006140792983167,0.08344912524809966,0.005645485806732006,0.0225537302038535,0.005083669400482018,5.7043649997151564e-06,5.7043649997151564e-06,0.0,0.9984875562276685,5.6084718571436335e-06,-9.589314257152289e-08,0.9998622110127247,False
3.0155,1,172,173,1.5743312500000068,1.5743312500000068,0.0,0.02337873020385343,0.02337873020385343,0.0900491252480998,0.08297278006636777,0.0060579858067320285,0.02337873020385343,0.005083669400482018,4.903338073607578e-06,4.903338073607578e-06,0.0,0.9985387660206959,4.937601881761645e-06,3.426380815406665e-08,0.9998668249034443,False
3.0412500000000002,1,173,174,1.581412500000007,1.581412500000007,0.0,0.024263886453853353,0.024263886453853353,0.09005403006636788,0.08209252863463583,0.0069431420567320455,0.024263886453853353,0.005083669400482018,5.535552676643173e-06,5.535552676643173e-06,0.0,0.9986382225321963,5.62451384194733e-06,8.896116530415679e-08,0.9998757147992389,False
3.07025,1,174,175,1.589387500000007,1.589387500000007,0.0,0.025260761453853264,0.025260761453853264,0.09006752863463598,0.0817150115779039,0.0078062059884636,0.025260761453853264,0.005083669400482018,5.306013988361596e-06,5.306013988361596e-06,0.0,0.9988091603043471,5.251549579550401e-06,-5.4464408811194694e-08,0.9998909698059467,False
3.1005000000000003,1,175,176,1.5977062500000074,1.5977062500000077,2.220446049250313e-16,0.02630060520385318,0.01315030260192659,0.09003376157790421,0.08064140077117209,0.008846049738463658,0.01315030260192659,0.005083669400482018,5.308403887592273e-06,5.308403887592273e-06,0.0,0.9989311138820932,5.3339765566691325e-06,2.5572669076859853e-08,0.9999013005695482,False
3.13475,1,176,177,1.607125000000008,1.607125000000008,0.0,0.014327646351926656,0.014327646351926656,0.09006015077117262,0.08498154849280652,0.0050786022783660964,0.014327646351926656,0.0050786022783660964,6.221759071758703e-06,6.221759071758703e-06,0.0,0.999056542745075,6.218980949171312e-06,-2.7781225873913483e-09,0.9999139015989057,False
3.153,1,177,178,1.612143750000008,1.612143750000008,0.0,0.014954990101926677,0.014954990101926677,0.09000029849280666,0.08429435246444056,0.005392274153366107,0.014954990101926677,0.0050786022783660964,6.031101284571628e-06,6.031101284571628e-06,0.0,0.9983429699146775,6.0719811181038504e-06,4.0879833532222044e-08,0.9998490572598814,False
3.17375,1,178,179,1.6178500000000084,1.6178500000000084,0.0,0.015668271351926708,0.015668271351926708,0.09000060246444083,0.0838950470610747,0.005931227994231897,0.015668271351926708,0.0050786022783660964,6.527508723142185e-06,6.527508723142185e-06,0.0,0.9984514226417565,6.478631829815628e-06,-4.887689332655704e-08,0.9998589203695791,False
3.196,1,179,180,1.6239687500000084,1.6239687500000084,0.0,0.016433115101926646,0.016433115101926646,0.09001379706107476,0.08314339790770862,0.006313649869231919,0.016433115101926646,0.0050786022783660964,5.962292843249522e-06,5.962292843249522e-06,0.0,0.9985879681526211,5.8600509875030395e-06,-1.0224185574648288e-07,0.9998713078735242,False
3.221,1,180,181,1.6308437500000084,1.6308437500000084,0.0,0.01729249010192657,0.01729249010192657,0.0900183979077086,0.08246295116347668,0.006494118619231936,0.01729249010192657,0.0050786022783660964,6.045588043193228e-06,6.045588043193228e-06,0.0,0.9986818423387653,6.157083725834468e-06,1.1149568264124028e-07,0.999879790995831,False
3.2485,1,181,182,1.6384062500000085,1.6384062500000085,0.0,0.0182378026019265,0.0182378026019265,0.0900254511634768,0.08152469191924482,0.006966774869231966,0.0182378026019265,0.0050786022783660964,6.298277391510599e-06,6.298277391510599e-06,0.0,0.9987290413324682,6.208440897935788e-06,-8.983649357481149e-08,0.9998839481548054,False
3.2795,1,182,183,1.6469312500000084,1.6469312500000084,0.0,0.019303427601926396,0.019303427601926396,0.0900496919192448,0.08086572955001278,0.008032399869231986,0.019303427601926396,0.0050786022783660964,6.004675780523844e-06,6.004675780523844e-06,0.0,0.9988228542980149,6.068653892474154e-06,6.397811195030961e-08,0.9998915507265438,False
3.31275,1,183,184,1.656075000000009,1.656075000000009,0.0,0.020446396351926306,0.020446396351926306,0.09000947955001318,0.08484601399039712,0.005163465559616044,0.020446396351926306,0.0050786022783660964,6.259198926312321e-06,6.259198926312321e-06,0.0,0.9989694580935151,6.2349706059053355e-06,-2.422832040698572e-08,0.9999060549649399,False
3.3315,1,184,185,1.6612312500000086,1.661231250000009,4.440892098500626e-16,0.021090927601926244,0.021090927601926244,0.09000226399039724,0.08419426718078118,0.005146278059616048,0.021090927601926244,0.0050786022783660964,6.1115290684453e-06,6.1115290684453e-06,0.0,0.9983721308157228,6.150330903323772e-06,3.880183487847146e-08,0.9998517517174086,False
3.35275,1,185,186,1.6670750000000092,1.6670750000000092,0.0,0.02182139635192619,0.02182139635192619,0.09003801718078142,0.08416127037116533,0.005511512434616071,0.02182139635192619,0.0050786022783660964,6.5084005848191535e-06,6.5084005848191535e-06,0.0,0.9983911700901281,6.4532352719557675e-06,-5.5165312863386055e-08,0.9998534688546517,False
3.374,1,186,187,1.6729187500000093,1.6729187500000093,0.0,0.022551865101926118,0.022551865101926118,0.09000502037116542,0.08339780481154933,0.0056404186846160794,0.022551865101926118,0.0050786022783660964,6.609414059903393e-06,6.609414059903393e-06,0.0,0.998485282743986,6.514179909511577e-06,-9.523415039181622e-08,0.9998620000942546,False
3.39825,1,187,188,1.6795875000000093,1.6795875000000093,0.0,0.02338545885192604,0.02338545885192604,0.09006655481154943,0.08299097987693334,0.0060572155596160995,0.02338545885192604,0.0050786022783660964,5.7774638465526345e-06,5.7774638465526345e-06,0.0,0.9985395569701161,5.849313599773798e-06,7.184975322116396e-08,0.9998668902303327,False
3.42375,1,188,189,1.6866000000000096,1.6866000000000096,0.0,0.02426202135192597,0.02426202135192597,0.09000347987693347,0.08205134244231735,0.006933778059616121,0.02426202135192597,0.0050786022783660964,6.328372125727637e-06,6.328372125727637e-06,0.0,0.9986363775519291,6.424781829392911e-06,9.64097036652747e-08,0.9998755309086054,False
3.45275,1,189,190,1.6945750000000097,1.69457500000001,2.220446049250313e-16,0.025258896351925898,0.025258896351925898,0.09002634244231764,0.08167889250770147,0.007803591275481763,0.025258896351925898,0.0050786022783660964,6.045341621434524e-06,6.045341621434524e-06,0.0,0.9988077489944259,6.008558828035117e-06,-3.678279339940733e-08,0.999890818957735,False
3.48325,1,190,191,1.7029625000000101,1.7029625000000101,0.0,0.026307333851925806,0.013153666925962903,0.09006639250770175,0.08067050507308554,0.008852028775481817,0.013153666925962903,0.0050786022783660964,6.225167806588858e-06,6.225167806588858e-06,0.0,0.9989318306772523,6.26663989504938e-06,4.147208846052241e-08,0.9999013328966604,False
3.51725,1,191,192,1.7123125000000106,1.7123125000000106,0.0,0.014322416925962958,0.014322416925962958,0.09002050507308598,0.08494658479327784,0.005073920279808134,0.014322416925962958,0.005073920279808134,7.124149272328176e-06,7.124149272328176e-06,0.0,0.9990562879676083,7.118000633811629e-06,-6.148638516547235e-09,0.9999138708303085,False
3.53575,1,192,193,1.7174000000000107,1.7174000000000107,0.0,0.01495835442596299,0.01495835442596299,0.09003408479327807,0.08432422701346994,0.00539188902980815,0.01495835442596299,0.005073920279808134,6.950059379827125e-06,6.950059379827125e-06,0.0,0.9983440922286801,7.006211206343397e-06,5.61518265162716e-08,0.9998491479583422,False
3.5565,1,193,194,1.723106250000011,1.723106250000011,0.0,0.015671635675963025,0.015671635675963025,0.0900304770134702,0.08392530673366203,0.00593421751274098,0.015671635675963025,0.005073920279808134,7.388201615440263e-06,7.388201615440263e-06,0.0,0.998451315907226,7.315201294935561e-06,-7.300032050470149e-08,0.9998589013608968,False
3.57875,1,194,195,1.7292250000000111,1.7292250000000111,0.0,0.016436479425962963,0.016436479425962963,0.09004405673366209,0.08317404270385391,0.006316639387741002,0.016436479425962963,0.005073920279808134,6.6830324567364666e-06,6.6830324567364666e-06,0.0,0.9985885883776533,6.593144162976637e-06,-8.98882937598296e-08,0.9998713515668914,False
3.6037500000000002,1,195,196,1.736100000000011,1.736100000000011,0.0,0.017295854425962886,0.017295854425962886,0.0900490427038539,0.08249060644111289,0.006497108137741015,0.017295854425962886,0.005073920279808134,6.936545645747121e-06,6.936545645747121e-06,0.0,0.9986823836303683,7.036706707949625e-06,1.001610622025043e-07,0.9998798269006117,False
3.63125,1,196,197,1.7436625000000112,1.7436625000000112,0.0,0.0182411669259628,0.0182411669259628,0.09005310644111286,0.08154935767837182,0.006969764387741038,0.0182411669259628,0.005073920279808134,6.997739557081903e-06,6.997739557081903e-06,0.0,0.9987295438410702,6.904223979437767e-06,-9.351557764413648e-08,0.9998839754341223,False
3.662,1,197,198,1.7521187500000113,1.7521187500000113,0.0,0.01929819817596272,0.01929819817596272,0.09000560767837198,0.08082724954063086,0.008026795637741077,0.01929819817596272,0.005073920279808134,6.79403876475214e-06,6.79403876475214e-06,0.0,0.9988220253907556,6.8664589347515416e-06,7.242016999940161e-08,0.9998914450949651,False
3.6955,1,198,199,1.7613312500000116,1.7613312500000116,0.0,0.020449760675962606,0.020449760675962606,0.0900397495406311,0.0848747892217605,0.005164960318870578,0.020449760675962606,0.005073920279808134,6.954311897092722e-06,6.954311897092722e-06,0.0,0.9989697885489554,6.935142282105003e-06,-1.916961498771904e-08,0.9999060796434882,False
3.7142500000000003,1,199,200,1.7664875000000115,1.7664875000000115,0.0,0.02109429192596256,0.02109429192596256,0.09003103922176076,0.08422154765289015,0.005147772818870588,0.02109429192596256,0.005073920279808134,6.8071613539103805e-06,6.8071613539103805e-06,0.0,0.9983725464007239,6.890529380278095e-06,8.336802636771455e-08,0.9998517847429426,False
3.7355,1,200,201,1.7723312500000117,1.772331250000012,2.220446049250313e-16,0.02182476067596249,0.02182476067596249,0.09006529765289026,0.08418705608401966,0.005513007193870603,0.02182476067596249,0.005073920279808134,7.383449442154575e-06,7.383449442154575e-06,0.0,0.9983915748501379,7.28818159713936e-06,-9.526784501521514e-08,0.9998534999611179,False
3.7567500000000003,1,201,202,1.778175000000012,1.778175000000012,0.0,0.022555229425962435,0.022555229425962435,0.09003080608401985,0.08342209576514922,0.005641913443870623,0.022555229425962435,0.005073920279808134,7.3739218882256416e-06,7.3739218882256416e-06,0.0,0.9984856410410705,7.235477516592993e-06,-1.3844437163264842e-07,0.9998620259154001,False
3.7807500000000003,1,202,203,1.7847750000000122,1.7847750000000122,0.0,0.023380229425962365,0.023380229425962365,0.09002209576514937,0.08295361982127873,0.006054413443870645,0.023380229425962365,0.005073920279808134,6.463398126285746e-06,6.463398126285746e-06,0.0,0.9985379449850028,6.553824742328945e-06,9.042661604319953e-08,0.9998667301317161,False
3.8065,1,203,204,1.7918562500000121,1.7918562500000124,2.220446049250313e-16,0.024265385675962287,0.024265385675962287,0.09003486982127881,0.08208123762740815,0.006939569693870662,0.024265385675962287,0.005073920279808134,7.245465608836415e-06,7.245465608836415e-06,0.0,0.9986375077693366,7.2929375533233585e-06,4.7471944486943835e-08,0.9998756179056972,False
3.8355,1,204,205,1.7998312500000124,1.7998312500000124,0.0,0.025262260675962198,0.025262260675962198,0.0900562376274083,0.08170729293353761,0.007806580793990834,0.025262260675962198,0.005073920279808134,6.674002517451306e-06,6.674002517451306e-06,0.0,0.9988086110533417,6.670158165817888e-06,-3.844351633417505e-09,0.999890880124757,False
3.8657500000000002,1,205,206,1.8081500000000128,1.8081500000000128,0.0,0.026302104425962113,0.013151052212981056,0.09002604293353794,0.08063725448966719,0.008846424543990893,0.013151052212981056,0.005073920279808134,7.0237111845189535e-06,7.0237111845189535e-06,0.0,0.9989311437902363,7.077005630880013e-06,5.329444636105918e-08,0.999901251075879,False
3.9,1,206,207,1.8175687500000133,1.8175687500000133,0.0,0.014328395962981123,0.014328395962981123,0.09005600448966772,0.0849791883927323,0.005076816096935405,0.014328395962981123,0.005073920279808134,7.859110127062316e-06,7.859110127062316e-06,0.0,0.9990565642110799,7.847185788106289e-06,-1.1924338956027271e-08,0.9999138901520488,False
3.9185,1,207,208,1.8226562500000139,1.8226562500000136,-2.220446049250313e-16,0.014964333462981155,0.014964333462981155,0.09006668839273255,0.08435393479579714,0.005394784846935421,0.014964333462981155,0.005073920279808134,7.548192220772898e-06,7.548192220772898e-06,0.0,0.9983449225772248,7.64782603971401e-06,9.963381894111155e-08,0.9998492133350224,False
3.93925,1,208,209,1.8283625000000139,1.8283625000000137,-2.220446049250313e-16,0.015677614712981187,0.015677614712981187,0.09006018479579739,0.08395211869886196,0.00593571227199552,0.015677614712981187,0.005073920279808134,8.354326959611182e-06,8.354326959611182e-06,0.0,0.9984520385717026,8.22932283688478e-06,-1.2500412272640105e-07,0.9998589543071534,False
3.96125,1,209,210,1.8344125000000138,1.8344125000000138,0.0,0.016433864712981115,0.016433864712981115,0.09000211869886193,0.08313780260192649,0.006313837271995536,0.016433864712981115,0.005073920279808134,7.365631739882637e-06,7.365631739882637e-06,0.0,0.9985870838469757,7.20573019502544e-06,-1.5990154485719696e-07,0.9998712039965701,False
3.98625,1,210,211,1.8412875000000137,1.8412875000000137,0.0,0.017293239712981037,0.017293239712981037,0.09001280260192648,0.08246146532993094,0.006494306021995553,0.017293239712981037,0.005073920279808134,7.741032390456087e-06,7.741032390456087e-06,0.0,0.9986818581512191,7.864195768415752e-06,1.23163377959665e-07,0.9998797644149481,False
4.01375,1,211,212,1.8488500000000139,1.8488500000000139,0.0,0.018238552212981034,0.018238552212981034,0.09002396532993114,0.08152731555793553,0.006966962271995583,0.018238552212981034,0.005073920279808134,7.5918166764100535e-06,7.5918166764100535e-06,0.0,0.9987290591453892,7.479009575472862e-06,-1.128071009371919e-07,0.99988391974377,False
4.0447500000000005,1,212,213,1.857375000000014,1.857375000000014,0.0,0.01930417721298108,0.01930417721298108,0.09005231555793575,0.08086816578594011,0.008032587271995573,0.01930417721298108,0.005073920279808134,7.59947239004961e-06,7.59947239004961e-06,0.0,0.9988228667159212,7.666263569727869e-06,6.679117967825932e-08,0.9998915088925339,False
4.078,1,213,214,1.8665187500000144,1.8665187500000144,0.0,0.020447145962981132,0.020447145962981132,0.09001191578594053,0.08484835652494269,0.005163559260997842,0.020447145962981132,0.005073920279808134,7.513585879421808e-06,7.513585879421808e-06,0.0,0.998969470898804,7.486679741866895e-06,-2.6906137554912708e-08,0.9999060461372067,False
4.09675,1,214,215,1.8716750000000149,1.8716750000000149,0.0,0.02109167721298119,0.02109167721298119,0.09000460652494313,0.08419651601394526,0.00514637176099785,0.02109167721298119,0.005073920279808134,7.194520457238395e-06,7.194520457238395e-06,0.0,0.9983721515316247,7.285352300463727e-06,9.083184322533156e-08,0.999851745259507,False
4.118,1,215,216,1.877518750000015,1.877518750000015,0.0,0.021822145962981206,0.021822145962981206,0.0900402660139453,0.08416342550294748,0.0055116061359978576,0.021822145962981206,0.005073920279808134,8.431971687212776e-06,8.431971687212776e-06,0.0,0.9983911883616423,8.3430526592575e-06,-8.891902795527592e-08,0.9998534591170934,False
4.13925,1,216,217,1.8833625000000151,1.8833625000000151,0.0,0.022552614712981253,0.022552614712981253,0.09000717550294769,0.08339986624194988,0.005640512385997873,0.022552614712981253,0.005073920279808134,8.4946171089395e-06,8.4946171089395e-06,0.0,0.9984852972388787,8.333880932041252e-06,-1.6073617689824874e-07,0.9998619881074482,False
4.1635,1,217,218,1.8900312500000154,1.8900312500000154,0.0,0.023386208462981308,0.023386208462981308,0.09006861624195012,0.08299294760595224,0.006057309260997901,0.023386208462981308,0.005073920279808134,6.8146945862484955e-06,6.8146945862484955e-06,0.0,0.9985395655079925,6.952127246899606e-06,1.3743266065111004e-07,0.9998668715461226,False
4.189,1,218,219,1.8970437500000155,1.8970437500000155,0.0,0.024262770962981357,0.024262770962981357,0.09000544760595236,0.0820532164699545,0.006933871760997892,0.024262770962981357,0.005073920279808134,7.771270748802126e-06,7.771270748802126e-06,0.0,0.998636381961152,7.952041458482542e-06,1.8077070968041688e-07,0.9998755059376128,False
4.218,1,219,220,1.9050187500000155,1.9050187500000155,0.0,0.025259645962981407,0.025259645962981407,0.09002821646995465,0.08168067283395677,0.007803778678245434,0.025259645962981407,0.005073920279808134,7.1830329729954435e-06,7.1830329729954435e-06,0.0,0.9988077514071132,7.121687794459341e-06,-6.134517853610233e-08,0.9998907971915857,False
4.2485,1,220,221,1.913406250000016,1.913406250000016,0.0,0.02630808346298146,0.01315404173149073,0.09006817283395721,0.08067219169795928,0.008852216178245487,0.01315404173149073,0.005073920279808134,7.453929135723883e-06,7.453929135723883e-06,0.0,0.9989318387085002,7.574254114266622e-06,1.2032497854273902e-07,0.9999013130740602,False
4.2825,1,221,222,1.9227562500000164,1.9227562500000164,0.0,0.014322791731490786,0.014322791731490786,0.09002219169795972,0.08494822456746072,0.0050739671304989966,0.014322791731490786,0.005073920279808134,8.587376678046994e-06,8.587376678046994e-06,0.0,0.99905629832623,8.575290885214846e-06,-1.2085792832147594e-08,0.9999138628361454,False
4.301,1,222,223,1.927843750000017,1.927843750000017,0.0,0.014958729231490834,0.014958729231490834,0.09003572456746106,0.08432581993696206,0.0053919358804990205,0.014958729231490834,0.005073920279808134,7.960612439358611e-06,7.960612439358611e-06,0.0,0.998344087168936,8.05889151912111e-06,9.827907976249863e-08,0.9998491277085886,False
4.32175,1,223,224,1.9335500000000168,1.9335500000000168,0.0,0.015672010481490858,0.015672010481490858,0.09003206993696215,0.08392685280646316,0.005934311214122803,0.015672010481490858,0.005073920279808134,9.371738035157987e-06,9.371738035157987e-06,0.0,0.9984513093782769,9.320177891800925e-06,-5.156014335706209e-08,0.9998588795054588,False
4.344,1,224,225,1.9396687500000172,1.9396687500000174,2.220446049250313e-16,0.016436854231490886,0.016436854231490886,0.09004560280646323,0.08317554192596426,0.006316733089122817,0.016436854231490886,0.005073920279808134,8.093183952018201e-06,8.093183952018201e-06,0.0,0.9985885912216823,7.859475605362338e-06,-2.337083466558631e-07,0.9998713307290905,False
4.369,1,225,226,1.9465437500000173,1.9465437500000176,2.220446049250313e-16,0.017296229231490944,0.017296229231490944,0.09005054192596448,0.08249201196184171,0.00649720183912285,0.017296229231490944,0.005073920279808134,8.07259644075914e-06,8.07259644075914e-06,0.0,0.998682382965402,8.305193434183665e-06,2.3259699342452413e-07,0.9998798044617412,False
4.3965000000000005,1,226,227,1.9541062500000177,1.9541062500000175,-2.220446049250313e-16,0.01824154173149099,0.01824154173149099,0.09005451196184185,0.08155066949771904,0.006969858089122873,0.01824154173149099,0.005073920279808134,8.623132050430786e-06,8.623132050430786e-06,0.0,0.9987295474934859,8.454014160440504e-06,-1.691178899902821e-07,0.9998839580659223,False
4.42725,1,227,228,1.962562500000018,1.962562500000018,0.0,0.019298572981491055,0.019298572981491055,0.0900069194977194,0.08082846765859651,0.008026889339122883,0.019298572981491055,0.005073920279808134,7.837906823766671e-06,7.837906823766671e-06,0.0,0.9988220244964039,7.965927295759895e-06,1.2802047199322376e-07,0.9998914284116008,False
4.46075,1,228,229,1.9717750000000185,1.9717750000000187,2.220446049250313e-16,0.02045013548149112,0.02045013548149112,0.09004096765859702,0.08487596048903555,0.005165007169561475,0.02045013548149112,0.005073920279808134,8.231111267033384e-06,8.231111267033384e-06,0.0,0.998969794627532,8.162036705389251e-06,-6.907456164413324e-08,0.9999060734843994,False
4.4795,1,229,230,1.9769312500000187,1.9769312500000187,0.0,0.021094666731491147,0.021094666731491147,0.09003221048903573,0.08422267206947427,0.005147819669561483,0.021094666731491147,0.005073920279808134,7.673225260075247e-06,7.673225260075247e-06,0.0,0.9983725521558889,7.703343176029197e-06,3.0117915953949484e-08,0.9998517765619349,False
4.50075,1,230,231,1.9827750000000188,1.9827750000000188,0.0,0.021825135481491193,0.021825135481491193,0.09006642206947454,0.08418813364991307,0.005513054044561506,0.021825135481491193,0.005073920279808134,9.080333210706817e-06,9.080333210706817e-06,0.0,0.9983915881104247,9.152056462773757e-06,7.17232520669399e-08,0.999853498438901,False
4.522,1,231,232,1.988618750000019,1.988618750000019,0.0,0.022555604231491208,0.022555604231491208,0.09003188364991305,0.08342312648035159,0.005641960294561518,0.022555604231491208,0.005073920279808134,9.333988272428262e-06,9.333988272428262e-06,0.0,0.9984856536559175,9.305501217231246e-06,-2.8487055197016446e-08,0.9998620251484417,False
4.546,1,232,233,1.995218750000019,1.9952187500000191,2.220446049250313e-16,0.023380604231491253,0.023380604231491253,0.09002312648035174,0.08295460368579026,0.00605446029456154,0.023380604231491253,0.005073920279808134,7.413098459384639e-06,7.413098459384639e-06,0.0,0.9985379469711886,7.360601872073106e-06,-5.249658731153314e-08,0.9998667185910575,False
4.57175,1,233,234,2.0023000000000195,2.0023000000000195,0.0,0.024265760481491313,0.024265760481491313,0.09003585368579045,0.08208217464122898,0.006939616544561542,0.024265760481491313,0.005073920279808134,7.924509964432635e-06,7.924509964432635e-06,0.0,0.9986375037721581,8.121131327032622e-06,1.9662136259998662e-07,0.9998756042373845,False
4.60075,1,234,235,2.0102750000000196,2.0102750000000196,0.0,0.025262635481491363,0.025262635481491363,0.09005717464122914,0.08170818309666761,0.007806674495372918,0.025262635481491363,0.005073920279808134,8.33543595780891e-06,8.33543595780891e-06,0.0,0.9988086172481917,8.219438136534632e-06,-1.159978212742776e-07,0.9998908811722588,False
4.631,1,235,236,2.01859375000002,2.01859375000002,0.0,0.026302479231491437,0.013151239615745719,0.0900269330966682,0.08063809780210661,0.008846518245372992,0.013151239615745719,0.005073920279808134,7.889706830993819e-06,7.889706830993819e-06,0.0,0.9989311479043758,7.910847361828813e-06,2.114053083499402e-08,0.9999012518639746,False
4.66525,1,236,237,2.0280125000000204,2.0280125000000204,0.0,0.014328583365745754,0.014328583365745754,0.09005684780210689,0.08498000827982606,0.0050768395222808215,0.014328583365745754,0.005073920279808134,9.256283147779983e-06,9.256283147779983e-06,0.0,0.9990565700273446,9.254860552028308e-06,-1.4225957516752607e-09,0.999913886439331,False
4.68375,1,237,238,2.0331000000000206,2.0331000000000206,0.0,0.014964520865745802,0.014964520865745802,0.0900675082798264,0.08435473125754558,0.0053948082722808455,0.014964520865745802,0.005073920279808134,8.544831555255133e-06,8.544831555255133e-06,0.0,0.9983449107338168,8.58482351872653e-06,3.999196347139692e-08,0.9998491940227546,False
4.7045,1,238,239,2.038806250000021,2.038806250000021,0.0,0.015677802115745827,0.015677802115745827,0.09006098125754568,0.08395289173526485,0.0059357591226865455,0.015677802115745827,0.005073920279808134,9.782287331580006e-06,9.782287331580006e-06,0.0,0.998452032735535,9.90873526688011e-06,1.2644793530010388e-07,0.9998589422528162,False
4.7265,1,239,240,2.044856250000021,2.044856250000021,0.0,0.016434052115745876,0.016434052115745876,0.09000289173526509,0.08313855221298427,0.00631388412268657,0.016434052115745876,0.005073920279808134,9.628863103927735e-06,9.628863103927735e-06,0.0,0.9985870856431892,9.392585584826527e-06,-2.3627751910120778e-07,0.9998711946355083,False
4.7515,1,240,241,2.051731250000021,2.051731250000021,0.0,0.017293427115745934,0.017293427115745934,0.0900135522129845,0.08246216809029797,0.006494352872686603,0.017293427115745934,0.005073920279808134,8.194953877781609e-06,8.194953877781609e-06,0.0,0.9986818490952528,8.381936293522409e-06,1.869824157408001e-07,0.9998797475200717,False
4.779,1,241,242,2.0592937500000206,2.0592937500000206,0.0,0.01823873961574598,0.01823873961574598,0.0900246680902981,0.08152797146761152,0.006967009122686625,0.01823873961574598,0.005073920279808134,9.535617103688377e-06,9.535617103688377e-06,0.0,0.9987290609217632,9.46804570820496e-06,-6.757139548341663e-08,0.999883916745102,False
4.8100000000000005,1,242,243,2.067818750000021,2.067818750000021,0.0,0.019304364615746025,0.019304364615746025,0.09005297146761174,0.0808687748449251,0.008032634122686615,0.019304364615746025,0.005073920279808134,8.377386836113358e-06,8.377386836113358e-06,0.0,0.9988228623033979,8.435388786250965e-06,5.800195013760706e-08,0.9998915069772464,False
4.84325,1,243,244,2.0769625000000214,2.076962500000022,4.440892098500626e-16,0.020447333365746077,0.020447333365746077,0.09001252484492553,0.0848489421585822,0.005163582686343336,0.020447333365746077,0.005073920279808134,9.115014192636565e-06,9.115014192636565e-06,0.0,0.9989694756582935,9.082929588609151e-06,-3.208460402741309e-08,0.999906045816085,False
4.862,1,244,245,2.082118750000022,2.082118750000022,0.0,0.021091864615746136,0.021091864615746136,0.09000519215858263,0.08419707822223928,0.005146395186343359,0.021091864615746136,0.005073920279808134,8.458375378111142e-06,8.458375378111142e-06,0.0,0.9983721510803406,8.420563927724454e-06,-3.781145038668802e-08,0.9998517370535515,False
4.88325,1,245,246,2.087962500000022,2.087962500000022,0.0,0.02182233336574615,0.02182233336574615,0.0900408282222393,0.08416396428589597,0.005511629561343366,0.02182233336574615,0.005073920279808134,9.110369725398191e-06,9.110369725398191e-06,0.0,0.9983911906605971,9.285669707941626e-06,1.7529998254343514e-07,0.9998534578210689,False
4.9045000000000005,1,246,247,2.0938062500000223,2.0938062500000223,0.0,0.022552802115746198,0.022552802115746198,0.0900077142858962,0.08340038159955288,0.005640535811343394,0.022552802115746198,0.005073920279808134,9.330528733341825e-06,9.330528733341825e-06,0.0,0.998485300583912,9.464308324521882e-06,1.3377959118005683e-07,0.9998619899120722,False
4.9285,1,247,248,2.1004062500000225,2.1004062500000225,0.0,0.023377802115746242,0.023377802115746242,0.09000038159955301,0.08293328328820965,0.006053035811343416,0.023377802115746242,0.005073920279808134,8.787377720708561e-06,8.787377720708561e-06,0.0,0.9985376352925482,8.673005311377941e-06,-1.1437240933062013e-07,0.9998666987797116,False
4.95425,1,248,249,2.1074875000000226,2.1074875000000226,0.0,0.024262958365746302,0.024262958365746302,0.09001453328820985,0.08206227872686649,0.0069381920613434175,0.024262958365746302,0.005073920279808134,8.402756619681505e-06,8.402756619681505e-06,0.0,0.9986372152750274,8.448033151015391e-06,4.527653133388674e-08,0.9998755706175914,False
4.98325,1,249,250,2.1154625000000227,2.1154625000000227,0.0,0.025259833365746352,0.025259833365746352,0.09003727872686665,0.08168971166552325,0.00780382552893667,0.025259833365746352,0.005073920279808134,9.104059760227514e-06,9.104059760227514e-06,0.0,0.9988084042004506,9.112508095714892e-06,8.448335487377988e-09,0.99989086851318,False
5.0135000000000005,1,250,251,2.123781250000023,2.123781250000023,0.0,0.026299677115746396,0.013149838557873198,0.09000846166552359,0.08062105085418013,0.008843669278936712,0.013149838557873198,0.005073920279808134,9.043609745233093e-06,9.043609745233093e-06,0.0,0.9989308126854478,9.033783836284623e-06,-9.825908948470075e-09,0.9999012341684569,False
5.04775,1,251,252,2.1332000000000235,2.1332000000000235,0.0,0.014327182307873264,0.014327182307873264,0.09003980085418066,0.0849636735735089,0.00507612728067176,0.014327182307873264,0.005073920279808134,9.869789518576327e-06,9.869789518576327e-06,0.0,0.9990563008194248,9.874441107510809e-06,4.651588934482609e-09,0.9999138608468453,False
5.06625,1,252,253,2.1382875000000237,2.1382875000000237,0.0,0.014963119807873312,0.014963119807873312,0.09005117357350925,0.08433910879283749,0.005394096030671784,0.014963119807873312,0.005073920279808134,9.347790357538819e-06,9.347790357538819e-06,0.0,0.9983446993165214,9.327571519902043e-06,-2.0218837636776362e-08,0.9998491691943335,False
5.087,1,253,254,2.143993750000024,2.143993750000024,0.0,0.015676401057873334,0.015676401057873334,0.09004535879283758,0.08393798151216582,0.005934334639468421,0.015676401057873334,0.005073920279808134,9.699138851777112e-06,9.699138851777112e-06,0.0,0.9984518352492588,9.896622401001087e-06,1.9748354922397558e-07,0.99985891089231,False
5.10925,1,254,255,2.150112500000024,2.150112500000024,0.0,0.016441244807873363,0.016441244807873363,0.0900567315121659,0.08318451048149415,0.0063167565144684355,0.016441244807873363,0.005073920279808134,1.0268751249409188e-05,1.0268751249409188e-05,0.0,0.9985885975011679,1.0169946070819318e-05,-9.880517858987009e-08,0.9998713347549001,False
5.13425,1,255,256,2.1569875000000245,2.1569875000000245,0.0,0.01730061980787342,0.01730061980787342,0.09005951048149438,0.08250095709202598,0.0064972252644684685,0.01730061980787342,0.005073920279808134,8.960056788764848e-06,8.960056788764848e-06,0.0,0.9986823716549713,8.979131217781727e-06,1.9074429016878664e-08,0.9998797893015607,False
5.1617500000000005,1,256,257,2.164550000000024,2.1645500000000246,4.440892098500626e-16,0.018245932307873466,0.018245932307873466,0.09006345709202612,0.0815595912025577,0.006969881514468491,0.018245932307873466,0.005073920279808134,9.580007078083508e-06,9.580007078083508e-06,0.0,0.9987295378348088,9.64868056208977e-06,6.867348400626193e-08,0.9998839520737364,False
5.1925,1,257,258,2.173006250000025,2.173006250000025,0.0,0.01930296355787353,0.01930296355787353,0.09001584120255805,0.08083736593808954,0.008026912764468501,0.01930296355787353,0.005073920279808134,9.512573519632894e-06,9.512573519632894e-06,0.0,0.9988220302167992,9.461254758684576e-06,-5.131876094831788e-08,0.9998914394189946,False
5.226,1,258,259,2.1822187500000254,2.1822187500000254,0.0,0.020454526057873595,0.020454526057873595,0.09004986593809006,0.08488484705585578,0.005165018882234284,0.020454526057873595,0.005073920279808134,9.426903642366136e-06,9.426903642366136e-06,0.0,0.9989697899896868,9.437564940260559e-06,1.0661297894423022e-08,0.9999060677655521,False
5.24475,1,259,260,2.187375000000026,2.187375000000026,0.0,0.021099057307873623,0.021099057307873623,0.09004109705585596,0.0842315469236217,0.005147831382234292,0.021099057307873623,0.005073920279808134,9.380123701404692e-06,9.380123701404692e-06,0.0,0.9983725583955693,9.31230306072038e-06,-6.782064068431106e-08,0.9998517774682696,False
5.26575,1,260,261,2.193150000000026,2.193150000000026,0.0,0.02182093230787366,0.02182093230787366,0.09000654692362188,0.08413684054138759,0.00550876888223431,0.02182093230787366,0.005073920279808134,9.087293946249465e-06,9.087293946249465e-06,0.0,0.9983892110404093,9.201873965992589e-06,1.1458001974312421e-07,0.9998532605930661,False
5.28725,1,261,262,2.1990625000000263,2.1990625000000263,0.0,0.022559994807873716,0.022559994807873716,0.09004934054138791,0.08344057165915361,0.005641972007234343,0.022559994807873716,0.005073920279808134,9.265873246705876e-06,9.265873246705876e-06,0.0,0.9984866707097725,9.369181743673643e-06,1.0330849696776716e-07,0.9998620980164894,False
5.31125,1,262,263,2.2056625000000265,2.2056625000000265,0.0,0.02338499480787376,0.02338499480787376,0.09004057165915376,0.08296774027691944,0.006054472007234365,0.02338499480787376,0.005073920279808134,9.926398676628168e-06,9.926398676628168e-06,0.0,0.9985379720336134,9.916475084661936e-06,-9.923591966231899e-09,0.999866743796446,False
5.337,1,263,264,2.212743750000026,2.212743750000026,0.0,0.02427015105787379,0.02427015105787379,0.0900489902769194,0.08209100264468511,0.006939628257234336,0.02427015105787379,0.005073920279808134,9.577887497973827e-06,9.577887497973827e-06,0.0,0.9986375099878152,9.49307858980758e-06,-8.48089081662473e-08,0.9998756070523354,False
5.3660000000000005,1,264,265,2.2207187500000263,2.2207187500000267,4.440892098500626e-16,0.02526702605787384,0.02526702605787384,0.09006600264468528,0.08171699938745094,0.007807772139468537,0.02526702605787384,0.005073920279808134,9.161563521278891e-06,9.161563521278891e-06,0.0,0.9988085993650231,9.232293169622878e-06,7.072964834398685e-08,0.9998908712539933,False
5.39625,1,265,266,2.229037500000027,2.229037500000027,0.0,0.026306869807873914,0.013153434903936957,0.09003574938745154,0.08064690238021716,0.008847615889468611,0.013153434903936957,0.005073920279808134,9.644060913031649e-06,9.644060913031649e-06,0.0,0.9989312845685172,9.72529368293174e-06,8.123276990009017e-08,0.9999012779620234,False
5.4305,1,266,267,2.2384562500000276,2.2384562500000276,0.0,0.014330778653936992,0.014330778653936992,0.09006565238021744,0.08498880700160022,0.005076845378617219,0.014330778653936992,0.005073920279808134,1.0460790464901303e-05,1.0460790464901303e-05,0.0,0.9990566723990536,1.0459020092181326e-05,-1.7703727199773912e-09,0.9999138945841796,False
5.44875,1,267,268,2.2434750000000276,2.2434750000000276,0.0,0.014958122403937029,0.014958122403937029,0.09000755700160046,0.08430336787298326,0.0053905172536172375,0.014958122403937029,0.005073920279808134,1.0242315264011526e-05,1.0242315264011526e-05,0.0,0.9983424150409651,1.0188852879165707e-05,-5.346238484581949e-08,0.9998489618716444,False
5.4695,1,268,269,2.249181250000028,2.249181250000028,0.0,0.015671403653937085,0.015671403653937085,0.0900096178729836,0.08390581936936636,0.005932011069734365,0.015671403653937085,0.005073920279808134,9.870128476043483e-06,9.870128476043483e-06,0.0,0.9984509091727396,9.974077404001878e-06,1.0394892795839586e-07,0.9998588087439961,False
5.49175,1,269,270,2.255300000000028,2.255300000000028,0.0,0.016436247403937114,0.016436247403937114,0.09002456936936644,0.0831559271157492,0.006314432944734379,0.016436247403937114,0.005073920279808134,1.0320542323764126e-05,1.0320542323764126e-05,0.0,0.9985880881047909,1.0379562432874528e-05,5.902010911040204e-08,0.9998712744980978,False
5.51675,1,270,271,2.2621750000000285,2.2621750000000285,0.0,0.017295622403937172,0.017295622403937172,0.09003092711574945,0.08247469729601509,0.006494901694734412,0.017295622403937172,0.005073920279808134,1.0217750089442626e-05,1.0217750089442626e-05,0.0,0.9986819549538183,1.0142649912400385e-05,-7.510017704224115e-08,0.9998797594225407,False
5.54425,1,271,272,2.269737500000028,2.2697375000000286,4.440892098500626e-16,0.018240934903937217,0.018240934903937217,0.09003719729601523,0.08153565497628086,0.006967557944734435,0.018240934903937217,0.005073920279808134,9.587818751808784e-06,9.587818751808784e-06,0.0,0.998729121698103,9.59639819844791e-06,8.579446639125736e-09,0.9998838956783794,False
5.5752500000000005,1,272,273,2.2782625000000287,2.2782625000000287,0.0,0.019306559903937263,0.019306559903937263,0.09006065497628107,0.08087590953154664,0.008033182944734424,0.019306559903937263,0.005073920279808134,1.0427966354796666e-05,1.0427966354796666e-05,0.0,0.9988229515990471,1.0439740301645289e-05,1.177394684862259e-08,0.9998915279558758,False
5.6085,1,273,274,2.2874062500000294,2.2874062500000294,0.0,0.020449528653937316,0.020449528653937316,0.09001965953154706,0.08485580243417981,0.005163857097367241,0.020449528653937316,0.005073920279808134,9.936821576334818e-06,9.936821576334818e-06,0.0,0.9989695248408869,9.87979885826371e-06,-5.7022718071106804e-08,0.9999060375735821,False
5.62725,1,274,275,2.2925625000000296,2.2925625000000296,0.0,0.021094059903937375,0.021094059903937375,0.09001205243418024,0.08420366408681298,0.005146669597367264,0.021094059903937375,0.005073920279808134,1.0160298534412005e-05,1.0160298534412005e-05,0.0,0.9983722372914866,1.011090085097663e-05,-4.939768343537585e-08,0.9998517530781519,False
5.6485,1,275,276,2.2984062500000295,2.2984062500000295,0.0,0.02182452865393739,0.02182452865393739,0.09004741408681301,0.08417027573944577,0.005511903972367271,0.02182452865393739,0.005073920279808134,9.692426821720113e-06,9.692426821720113e-06,0.0,0.9983912432659731,9.700044812329376e-06,7.617990609263148e-09,0.9998534388300612,False
5.6697500000000005,1,276,277,2.30425000000003,2.30425000000003,0.0,0.022554997403937436,0.022554997403937436,0.090014025739446,0.08340641864207878,0.005640810222367299,0.022554997403937436,0.005073920279808134,9.550692887555804e-06,9.550692887555804e-06,0.0,0.9984853338559119,9.523143516021763e-06,-2.7549371534041356e-08,0.9998619589348162,False
5.6937500000000005,1,277,278,2.31085000000003,2.31085000000003,0.0,0.02337999740393748,0.02337999740393748,0.09000641864207891,0.08293904591971166,0.006053310222367321,0.02337999740393748,0.005073920279808134,1.0090818533747597e-05,1.0090818533747597e-05,0.0,0.998537692049078,1.0227677732720553e-05,1.3685919897295533e-07,0.9998667079391509,False
5.7195,1,278,279,2.31793125000003,2.31793125000003,0.0,0.02426515365393754,0.02426515365393754,0.09002029591971185,0.08206776694734458,0.006938466472367322,0.02426515365393754,0.005073920279808134,1.0797473340154533e-05,1.0797473340154533e-05,0.0,0.9986373034957621,1.0726170431647546e-05,-7.130290850698609e-08,0.9998756097075125,False
5.7485,1,279,280,2.3259062500000303,2.3259062500000303,0.0,0.02526202865393759,0.02526202865393759,0.09004276694734474,0.08169492547497743,0.0078043743509844795,0.02526202865393759,0.005073920279808134,9.428485786638067e-06,9.428485786638067e-06,0.0,0.9988084093204231,9.429524828558062e-06,1.039041919994807e-09,0.9998908365602778,False
5.7787500000000005,1,280,281,2.334225000000031,2.3342250000000306,-4.440892098500626e-16,0.026301872403937634,0.013150936201968817,0.09001367547497778,0.08062599025261041,0.008844218100984522,0.013150936201968817,0.005073920279808134,9.764305586729312e-06,9.764305586729312e-06,0.0,0.9989308509033299,9.849758261291734e-06,8.54526745624226e-08,0.9999012172706984,False
5.813,1,281,282,2.343643750000031,2.343643750000031,0.0,0.014328279951968883,0.014328279951968883,0.09004474025261094,0.08496847576642724,0.005076264486183712,0.014328279951968883,0.005073920279808134,1.1038817146245226e-05,1.1038817146245226e-05,0.0,0.9990563554883387,1.1032203983477718e-05,-6.613162767507737e-09,0.9999138681258207,False
5.8315,1,282,283,2.3487312500000317,2.3487312500000317,0.0,0.014964217451968931,0.014964217451968931,0.09005597576642758,0.08434377378024387,0.005394233236183736,0.014964217451968931,0.005073920279808134,1.089093456368886e-05,1.089093456368886e-05,0.0,0.998344738315057,1.0864239523622856e-05,-2.669504006600409e-08,0.9998491725731559,False
5.85225,1,283,284,2.354437500000032,2.354437500000032,0.0,0.015677498701968953,0.015677498701968953,0.09005002378024396,0.08394250929406025,0.005934609050492326,0.015677498701968953,0.005073920279808134,1.0452499687402066e-05,1.0452499687402066e-05,0.0,0.9984518475386344,1.0442242668612844e-05,-1.0257018789221542e-08,0.9998588871855485,False
5.8745,1,284,285,2.3605562500000317,2.3605562500000317,0.0,0.016442342451968982,0.016442342451968982,0.09006125929406032,0.08318890105787663,0.00631703092549234,0.016442342451968982,0.005073920279808134,1.020647217588516e-05,1.020647217588516e-05,0.0,0.998588607308202,1.0260640592434566e-05,5.4168416549406784e-08,0.9998712959713449,False
5.8995,1,285,286,2.367431250000032,2.367431250000032,0.0,0.01730171745196904,0.01730171745196904,0.09006390105787687,0.08250507325738457,0.006497499675492373,0.01730171745196904,0.005073920279808134,1.1209877532578918e-05,1.1209877532578918e-05,0.0,0.9986824378443157,1.1202273107442998e-05,-7.604425135919989e-09,0.9998798117983154,False
5.9270000000000005,1,286,287,2.374993750000032,2.374993750000032,0.0,0.018247029951969085,0.018247029951969085,0.09006757325738468,0.08156343295689236,0.006970155925492396,0.018247029951969085,0.005073920279808134,1.0204434476505377e-05,1.0204434476505377e-05,0.0,0.9987295659671461,1.0097109275774419e-05,-1.0732520073095868e-07,0.9998839321284612,False
5.95775,1,287,288,2.3834500000000327,2.3834500000000327,0.0,0.01930406120196915,0.01930406120196915,0.09001968295689272,0.08084093328140032,0.008027187175492405,0.01930406120196915,0.005073920279808134,1.0446011485303758e-05,1.0446011485303758e-05,0.0,0.9988220464211293,1.0563344419595573e-05,1.1733293429181551e-07,0.999891423444037,False
5.99125,1,288,289,2.392662500000033,2.392662500000033,0.0,0.020455623701969215,0.020455623701969215,0.09005343328140084,0.08488827719365459,0.005165156087746236,0.020455623701969215,0.005073920279808134,1.0700291886424362e-05,1.0700291886424362e-05,0.0,0.998969825493221,1.0630860961623417e-05,-6.943092480094469e-08,0.9999060726875523,False
6.01,1,289,290,2.397818750000033,2.397818750000033,0.0,0.021100154951969242,0.021100154951969242,0.09004452719365477,0.08423483985590854,0.005147968587746244,0.021100154951969242,0.005073920279808134,1.0700318460010548e-05,1.0700318460010548e-05,0.0,0.9983725997915022,1.0682945678839467e-05,-1.737278117108147e-08,0.999851786108295,False
6.031,1,290,291,2.4035937500000335,2.4035937500000335,0.0,0.021822029951969277,0.021822029951969277,0.09000983985590874,0.0841399962681625,0.005508906087746262,0.021822029951969277,0.005073920279808134,1.0561497708214102e-05,1.0561497708214102e-05,0.0,0.9983892601719591,1.0486540337907834e-05,-7.495737030626792e-08,0.999853269178791,False
6.0525,1,291,292,2.409506250000034,2.4095062500000335,-4.440892098500626e-16,0.022561092451969335,0.022561092451969335,0.09005249626816282,0.08344359018041658,0.005642109212746295,0.022561092451969335,0.005073920279808134,1.0272109128199477e-05,1.0272109128199477e-05,0.0,0.9984866981922997,1.016370418293686e-05,-1.0840494526261762e-07,0.9998620867297079,False
6.0765,1,292,293,2.416106250000034,2.416106250000034,0.0,0.02338609245196938,0.02338609245196938,0.09004359018041672,0.08297062159267045,0.006054609212746317,0.02338609245196938,0.005073920279808134,9.98690851673165e-06,9.98690851673165e-06,0.0,0.9985379523438869,1.0125453900327035e-05,1.3854538359538583e-07,0.9998667021987598,False
6.10225,1,293,294,2.423187500000034,2.423187500000034,0.0,0.02427124870196941,0.02427124870196941,0.0900518715926704,0.08209374675492417,0.006939765462746288,0.02427124870196941,0.005073920279808134,1.1175287926660013e-05,1.1175287926660013e-05,0.0,0.9986375487246794,1.1255335945312611e-05,8.00480186525978e-08,0.9998756295455399,False
6.1312500000000005,1,294,295,2.431162500000034,2.431162500000034,0.0,0.025268123701969458,0.025268123701969458,0.09006874675492432,0.08171960629217805,0.0078080465504924415,0.025268123701969458,0.005073920279808134,1.0265868671083413e-05,1.0265868671083413e-05,0.0,0.9988086208527628,1.0184575676026945e-05,-8.129299505646795e-08,0.9998908652583657,False
6.1615,1,295,296,2.4394812500000347,2.4394812500000347,0.0,0.026307967451969533,0.013153983725984766,0.09003835629217864,0.08064937207943229,0.008847890300492515,0.013153983725984766,0.005073920279808134,1.0196113068496808e-05,1.0196113068496808e-05,0.0,0.9989312875752404,1.020771083651021e-05,1.1597768013403e-08,0.9999012463234639,False
6.19575,1,296,297,2.4489000000000347,2.4489000000000347,0.0,0.014331327475984802,0.014331327475984802,0.09006812207943257,0.08499120809805938,0.005076913981373195,0.014331327475984802,0.005073920279808134,1.1550446249158837e-05,1.1550446249158837e-05,0.0,0.9990567046150025,1.1548998104946327e-05,-1.448144212510237e-09,0.9999139032643631,False
6.214,1,297,298,2.4539187500000352,2.4539187500000352,0.0,0.014958671225984838,0.014958671225984838,0.09000995809805963,0.08430570036668644,0.0053905858563732135,0.014958671225984838,0.005073920279808134,1.1407125654270959e-05,1.1407125654270959e-05,0.0,0.9983424280450607,1.1410948828798653e-05,3.823174527694184e-09,0.9998489593373444,False
6.23475,1,298,299,2.4596250000000355,2.4596250000000355,0.0,0.015671952475984893,0.015671952475984893,0.09001195036668679,0.08390808326031357,0.005932148275246317,0.015671952475984893,0.005073920279808134,1.129507568636449e-05,1.129507568636449e-05,0.0,0.99845093230351,1.1216643951485325e-05,-7.843173487916523e-08,0.9998588105730065,False
6.257000000000001,1,299,300,2.4657437500000357,2.4657437500000357,0.0,0.016436796225984922,0.016436796225984922,0.09002683326031365,0.08315812240394044,0.006314570150246331,0.016436796225984922,0.005073920279808134,1.0468625409101211e-05,1.0468625409101211e-05,0.0,0.9985880737898677,1.0437035924716756e-05,-3.1589484384455776e-08,0.999871229823229,False
6.282,1,300,301,2.472618750000036,2.472618750000036,0.0,0.01729617122598498,0.01729617122598498,0.09003312240394068,0.08247675537869437,0.006495038900246364,0.01729617122598498,0.005073920279808134,1.146520980033734e-05,1.146520980033734e-05,0.0,0.9986819665414433,1.1589572326278492e-05,1.2436252594115221e-07,0.9998797557533204,False
6.3095,1,301,302,2.4801812500000358,2.4801812500000358,0.0,0.018241483725985025,0.018241483725985025,0.0900392553786945,0.08153757585344819,0.006967695150246387,0.018241483725985025,0.005073920279808134,1.1226564068625959e-05,1.1226564068625959e-05,0.0,0.9987291667419991,1.1082780293173594e-05,-1.4378377545236506e-07,0.999883912683709,False
6.3405000000000005,1,302,303,2.4887062500000363,2.4887062500000363,0.0,0.01930710872598507,0.01930710872598507,0.0900625758534484,0.08087769320320201,0.008033320150246376,0.01930710872598507,0.005073920279808134,1.0549239110035832e-05,1.0549239110035832e-05,0.0,0.998822921935924,1.0622261491353074e-05,7.302238131724238e-08,0.9998914793122265,False
6.37375,1,303,304,2.497850000000037,2.497850000000037,0.0,0.020450077475985155,0.020450077475985155,0.09002144320320268,0.08485751750307945,0.005163925700123233,0.020450077475985155,0.005073920279808134,1.1243726861556974e-05,1.1243726861556974e-05,0.0,0.9989695457768678,1.1244494518910036e-05,7.676573530627584e-10,0.999906047473234,False
6.3925,1,304,305,2.5030062500000367,2.5030062500000367,0.0,0.021094608725985182,0.021094608725985182,0.09001376750307963,0.08420531055295641,0.00514673820012324,0.021094608725985182,0.005073920279808134,1.1129718395907223e-05,1.1129718395907223e-05,0.0,0.9983722502736782,1.1146711124923451e-05,1.6992729016227664e-08,0.9998517516847509,False
6.41375,1,305,306,2.508850000000037,2.508850000000037,0.0,0.021825077475985197,0.021825077475985197,0.09004906055295643,0.08417185360283322,0.005511972575123247,0.021825077475985197,0.005073920279808134,1.1349254384331893e-05,1.1349254384331893e-05,0.0,0.9983912926471784,1.1253185489644907e-05,-9.606889468698676e-08,0.9998534671567298,False
6.4350000000000005,1,306,307,2.514693750000037,2.514693750000037,0.0,0.022555546225985244,0.022555546225985244,0.09001560360283345,0.08340792790271025,0.005640878825123275,0.022555546225985244,0.005073920279808134,1.12925529583092e-05,1.12925529583092e-05,0.0,0.9984853871899024,1.1140058565703453e-05,-1.5249439260574694e-07,0.9998619914319938,False
6.4590000000000005,1,307,308,2.521293750000037,2.521293750000037,0.0,0.023380546225985288,0.023380546225985288,0.09000792790271038,0.08294048657758715,0.006053378825123297,0.023380546225985288,0.005073920279808134,1.0130761409875741e-05,1.0130761409875741e-05,0.0,0.9985376517570697,1.0205783178783627e-05,7.50217689078858e-08,0.9998666505496694,False
6.48475,1,308,309,2.528375000000038,2.5283750000000373,-4.440892098500626e-16,0.02426570247598535,0.02426570247598535,0.09002173657758734,0.0820691390024641,0.006938535075123298,0.02426570247598535,0.005073920279808134,1.0912256383385625e-05,1.0912256383385625e-05,0.0,0.9986372642950062,1.1053357646230303e-05,1.4110126284467813e-07,0.999875568228018,False
6.51375,1,309,310,2.5363500000000374,2.5363500000000374,0.0,0.0252625774759854,0.0252625774759854,0.09004413900246426,0.08169622892734098,0.0078045115564964315,0.0252625774759854,0.005073920279808134,1.1295076150411355e-05,1.1295076150411355e-05,0.0,0.9988084667264131,1.1228825938000835e-05,-6.625021241051952e-08,0.9998908793791671,False
6.5440000000000005,1,310,311,2.544668750000038,2.544668750000038,0.0,0.02630242122598544,0.01315121061299272,0.09001497892734132,0.08062722510221798,0.008844355306496474,0.01315121061299272,0.005073920279808134,1.0955846317476866e-05,1.0955846317476866e-05,0.0,0.9989308770618099,1.0910461010832484e-05,-4.5385306644382304e-08,0.9999012198694843,False
6.57825,1,311,312,2.5540875000000383,2.5540875000000383,0.0,0.014328554362992787,0.014328554362992787,0.09004597510221851,0.08496967631465682,0.0050762987875617,0.014328554362992787,0.005073920279808134,1.1965472566569953e-05,1.1965472566569953e-05,0.0,0.9990563740181436,1.1973714816396682e-05,8.242249826729176e-09,0.9999138753291934,False
6.59675,1,312,313,2.559175000000039,2.559175000000039,0.0,0.014964491862992835,0.014964491862992835,0.09005717631465716,0.08434494002709546,0.005394267537561724,0.014964491862992835,0.005073920279808134,1.1763241542820293e-05,1.1763241542820293e-05,0.0,0.9983447346333756,1.1796656835772059e-05,3.3415292951765566e-08,0.9998491625701112,False
6.6175,1,313,314,2.564881250000039,2.564881250000039,0.0,0.015677773112992857,0.015677773112992857,0.09005119002709555,0.08394364123953385,0.005934677653248302,0.015677773112992857,0.005073920279808134,1.21495468369988e-05,1.21495468369988e-05,0.0,0.9984518791919124,1.2056271872964497e-05,-9.327496403430298e-08,0.9998589095074386,False
6.63975,1,314,315,2.5710000000000397,2.5710000000000393,-4.440892098500626e-16,0.016442616862992917,0.016442616862992917,0.09006239123953418,0.08318999870197247,0.006317099528248332,0.016442616862992917,0.005073920279808134,1.1048523548244573e-05,1.1048523548244573e-05,0.0,0.9985886111630726,1.0946634758716916e-05,-1.0188878952765718e-07,0.9998712785199333,False
6.66475,1,315,316,2.5778750000000397,2.5778750000000397,0.0,0.017301991862992944,0.017301991862992944,0.09006499870197246,0.08250610229872417,0.006497568278248349,0.017301991862992944,0.005073920279808134,1.1258806627097262e-05,1.1258806627097262e-05,0.0,0.9986823935491627,1.1410829117420432e-05,1.520224903231698e-07,0.9998797616451461,False
6.6922500000000005,1,316,317,2.5854375000000394,2.5854375000000394,0.0,0.01824730436299299,0.01824730436299299,0.09006860229872429,0.081564393395476,0.006970224528248372,0.01824730436299299,0.005073920279808134,1.2052325901606279e-05,1.2052325901606279e-05,0.0,0.9987296079861904,1.1969364608540659e-05,-8.296129306561962e-08,0.9998839644998755,False
6.723,1,317,318,2.5938937500000394,2.59389375000004,4.440892098500626e-16,0.019304335612993054,0.019304335612993054,0.09002064339547636,0.08084182511722798,0.008027255778248381,0.019304335612993054,0.005073920279808134,1.0970422021377247e-05,1.0970422021377247e-05,0.0,0.998822030833757,1.0944861405039782e-05,-2.5560616337465215e-08,0.9998913896598957,False
6.7565,1,318,319,2.6031062500000406,2.60310625000004,-4.440892098500626e-16,0.02045589811299312,0.02045589811299312,0.0900543251172285,0.08488913472810429,0.005165190389124217,0.02045589811299312,0.005073920279808134,1.1319655790222979e-05,1.1319655790222979e-05,0.0,0.9989698084658335,1.1359217561251239e-05,3.956177102825949e-08,0.999906053421191,False
6.77525,1,319,320,2.6082625000000403,2.6082625000000403,0.0,0.021100429362993146,0.021100429362993146,0.09004538472810447,0.08423566308898026,0.005148002889124232,0.021100429362993146,0.005073920279808134,1.1325057852856218e-05,1.1325057852856218e-05,0.0,0.9983725883478354,1.1373664840166821e-05,4.8606987310603473e-08,0.9998517692560367,False
6.796250000000001,1,320,321,2.61403750000004,2.6140375000000406,4.440892098500626e-16,0.02182230436299318,0.02182230436299318,0.09001066308898045,0.08414078519985622,0.00550894038912425,0.02182230436299318,0.005073920279808134,1.2114348572483933e-05,1.2114348572483933e-05,0.0,0.9983892999711617,1.2080653205817486e-05,-3.3695366666446915e-08,0.9998533039972772,False
6.81775,1,321,322,2.619950000000041,2.619950000000041,0.0,0.02256136686299324,0.02256136686299324,0.09005328519985654,0.08344434481073232,0.005642143514124283,0.02256136686299324,0.005073920279808134,1.1906795972122745e-05,1.1906795972122745e-05,0.0,0.9984867491683362,1.17498643875871e-05,-1.5693158453564452e-07,0.999862128869833,False
6.84175,1,322,323,2.626550000000041,2.626550000000041,0.0,0.023386366862993283,0.023386366862993283,0.09004434481073245,0.0829713419216082,0.006054643514124305,0.023386366862993283,0.005073920279808134,1.0588448604716187e-05,1.0588448604716187e-05,0.0,0.9985379368925884,1.0593019560436778e-05,4.5709557205909565e-09,0.9998666701757508,False
6.8675,1,323,324,2.633631250000041,2.633631250000041,0.0,0.024271523112993312,0.024271523112993312,0.09005259192160815,0.08209443278248393,0.006939799764124276,0.024271523112993312,0.005073920279808134,1.0758406586103714e-05,1.0758406586103714e-05,0.0,0.9986374726234617,1.084863181545495e-05,9.022522935123612e-08,0.9998755480496887,False
6.89625,1,324,325,2.6415375000000414,2.6415375000000414,0.0,0.025259804362993382,0.025259804362993382,0.09000068278248424,0.08166010176835996,0.0078038182782484275,0.025259804362993382,0.005073920279808134,1.1718957523342325e-05,1.1718957523342325e-05,0.0,0.998807358817949,1.1768606241599849e-05,4.964871825752367e-08,0.9998907800409013,False
6.92675,1,325,326,2.6499250000000414,2.6499250000000414,0.0,0.026308241862993437,0.013154120931496718,0.0900476017683604,0.08065858325423605,0.008852255778248481,0.013154120931496718,0.005073920279808134,1.1738580291911692e-05,1.1738580291911692e-05,0.0,0.998931850852447,1.1692644981115875e-05,-4.5935310795817345e-08,0.9999013278561321,False
6.96075,1,326,327,2.659275000000042,2.6592750000000422,4.440892098500626e-16,0.014322870931496774,0.014322870931496774,0.0900085832542365,0.0849359489971743,0.005072634257062199,0.014322870931496774,0.005072634257062199,1.2278317851711578e-05,1.2278317851711578e-05,0.0,0.9990563100038806,1.2291287044335764e-05,1.296919262418596e-08,0.9999138707224675,False
6.97925,1,327,328,2.6643625000000424,2.664362500000042,-4.440892098500626e-16,0.01495880843149679,0.01495880843149679,0.09002344899717439,0.08431487724011222,0.0053906030070622075,0.01495880843149679,0.005072634257062199,1.1992194675753385e-05,1.1992194675753385e-05,0.0,0.9983436593457223,1.2044516890427794e-05,5.232221467440829e-08,0.9998490537224766,False
7.0,1,328,329,2.6700687500000426,2.6700687500000426,0.0,0.015672089681496845,0.015672089681496845,0.09002112724011256,0.08391724298305034,0.005932182576624305,0.015672089681496845,0.005072634257062199,1.2791850573626377e-05,1.2791850573626377e-05,0.0,0.9984509521802175,1.2748217363407513e-05,-4.363321021886386e-08,0.9998588306603207,False
7.0222500000000005,1,329,330,2.676187500000043,2.676187500000043,0.0,0.016436933431496874,0.016436933431496874,0.09003599298305043,0.08316726497598823,0.006314604451624319,0.016436933431496874,0.005072634257062199,1.1752620837133498e-05,1.1752620837133498e-05,0.0,0.9985881005664679,1.1611557028379214e-05,-1.4106380875428476e-07,0.999871243802859,False
7.04725,1,330,331,2.6830625000000428,2.6830625000000428,0.0,0.017296308431496932,0.017296308431496932,0.09004226497598847,0.08248586364936418,0.006497221639124347,0.017296308431496932,0.005072634257062199,1.1258087913546702e-05,1.1258087913546702e-05,0.0,0.9986819060240801,1.1356042359404874e-05,9.795444585817268e-08,0.999879687620991,False
7.07475,1,331,332,2.690625000000043,2.690625000000043,0.0,0.018241620931496977,0.018241620931496977,0.0900483636493643,0.08154664982274,0.00696987788912437,0.018241620931496977,0.005072634257062199,1.2165538311077032e-05,1.2165538311077032e-05,0.0,0.9987295244772666,1.2208345948917058e-05,4.280763784002576e-08,0.9998839404494594,False
7.1055,1,332,333,2.6990812500000434,2.6990812500000434,0.0,0.019298652181497043,0.019298652181497043,0.09000289982274037,0.08082657662111598,0.00802690913912438,0.019298652181497043,0.005072634257062199,1.1724067348472812e-05,1.1724067348472812e-05,0.0,0.9988220000293834,1.1647026909162878e-05,-7.704043930993371e-08,0.9998914012735947,False
7.139,1,333,334,2.7082937500000437,2.7082937500000437,0.0,0.020450214681497107,0.020450214681497107,0.09003907662111649,0.08487513377030426,0.005163942850812227,0.020450214681497107,0.005072634257062199,1.1431327953286875e-05,1.1431327953286875e-05,0.0,0.9989697498390652,1.1450131242458504e-05,1.8803289171629312e-08,0.9999060283029065,False
7.15775,1,334,335,2.7134500000000443,2.7134500000000443,0.0,0.021094745931497134,0.021094745931497134,0.09003138377030445,0.08422290966949222,0.005147829569562231,0.021094745931497134,0.005072634257062199,1.1457662070570387e-05,1.1457662070570387e-05,0.0,0.9983722203817478,1.1502578524824535e-05,4.491645425414796e-08,0.9998517183546971,False
7.179,1,335,336,2.7192937500000447,2.7192937500000447,0.0,0.02182521468149718,0.02182521468149718,0.09006665966949251,0.08418836134993027,0.005513063944562254,0.02182521468149718,0.005072634257062199,1.2456671226290591e-05,1.2456671226290591e-05,0.0,0.9983915997196753,1.24808861242936e-05,2.4214898003009676e-08,0.9998535102892918,False
7.2002500000000005,1,336,337,2.725137500000044,2.725137500000044,0.0,0.022555683431497196,0.022555683431497196,0.09003211134993025,0.08342334428036806,0.005641970194562266,0.022555683431497196,0.005072634257062199,1.2640330411977036e-05,1.2640330411977036e-05,0.0,0.9984856786561925,1.2555841966895853e-05,-8.448844508118314e-08,0.9998620482884799,False
7.2242500000000005,1,337,338,2.731737500000045,2.731737500000045,0.0,0.02338068343149724,0.02338068343149724,0.09002334428036819,0.08295481158580598,0.006054470194562288,0.02338068343149724,0.005072634257062199,1.1206208700010508e-05,1.1206208700010508e-05,0.0,0.998537915066175,1.1161918963121403e-05,-4.428973688910484e-08,0.9998666795245268,False
7.25,1,338,339,2.738818750000045,2.738818750000045,0.0,0.0242658396814973,0.0242658396814973,0.09003606158580618,0.08208237264124396,0.00693962644456229,0.0242658396814973,0.005072634257062199,1.1048490609073014e-05,1.1048490609073014e-05,0.0,0.9986374270385777,1.1056764203028668e-05,8.273593955654564e-09,0.9998755268771101,False
7.279,1,339,340,2.746793750000045,2.746793750000045,0.0,0.02526271468149735,0.02526271468149735,0.09005737264124411,0.08170837119668184,0.0078066942953744145,0.02526271468149735,0.005072634257062199,1.157188021493016e-05,1.157188021493016e-05,0.0,0.9988085847744749,1.1685392720777685e-05,1.1351250584752486e-07,0.9998908601358204,False
7.3092500000000005,1,340,341,2.7551125000000454,2.7551125000000454,0.0,0.026302558431497394,0.013151279215748697,0.09002712119668219,0.08063827600211985,0.008846538045374457,0.013151279215748697,0.005072634257062199,1.2117238176637097e-05,1.2117238176637097e-05,0.0,0.9989311576216569,1.217161071116621e-05,5.437253452911391e-08,0.9999012678091254,False
7.343500000000001,1,341,342,2.764531250000046,2.764531250000046,0.0,0.014328622965748763,0.014328622965748763,0.09005702600212039,0.08498018152983919,0.0050768444722811955,0.014328622965748763,0.005072634257062199,1.25646484747766e-05,1.25646484747766e-05,0.0,0.9990565796061821,1.2576632133581153e-05,1.1983658804553252e-08,0.9999138941278388,False
7.362,1,342,343,2.769618750000046,2.769618750000046,0.0,0.014964560465748811,0.014964560465748811,0.09006768152983953,0.08435489955755833,0.0053948132222812195,0.014964560465748811,0.005072634257062199,1.2165139202273355e-05,1.2165139202273355e-05,0.0,0.9983448674700762,1.2219958223478008e-05,5.481902120465349e-08,0.9998491520783492,False
7.382750000000001,1,343,344,2.7753250000000462,2.7753250000000462,0.0,0.015677841715748833,0.015677841715748833,0.09006114955755842,0.08395305508527723,0.0059357690226872935,0.015677841715748833,0.005072634257062199,1.3097192424672672e-05,1.3097192424672672e-05,0.0,0.9984520054347995,1.3134891259059258e-05,3.769883438658529e-08,0.9998589175211168,False
7.40475,1,344,345,2.781375000000047,2.7813750000000463,-4.440892098500626e-16,0.01643409171574888,0.01643409171574888,0.09000305508527746,0.08313871061299627,0.006313894022687318,0.01643409171574888,0.005072634257062199,1.2654559359750892e-05,1.2654559359750892e-05,0.0,0.99858706669252,1.2489798437349367e-05,-1.6476092240152497e-07,0.9998711716963165,False
7.42975,1,345,346,2.7882500000000463,2.7882500000000467,4.440892098500626e-16,0.01729346671574891,0.01729346671574891,0.09001371061299626,0.082462316590309,0.006494362772687335,0.01729346671574891,0.005072634257062199,1.1513484718331252e-05,1.1513484718331252e-05,0.0,0.9986817639707568,1.1542970088043755e-05,2.948536971250301e-08,0.9998796594808679,False
7.45725,1,346,347,2.795812500000047,2.795812500000047,0.0,0.018238779215748985,0.018238779215748985,0.09002481659030936,0.08152811006762206,0.006967019022687373,0.018238779215748985,0.005072634257062199,1.1859101018360177e-05,1.1859101018360177e-05,0.0,0.9987289901405222,1.1939367970045434e-05,8.026695168525725e-08,0.9998838524152597,False
7.48825,1,347,348,2.804337500000047,2.804337500000047,0.0,0.01930440421574903,0.01930440421574903,0.09005311006762226,0.0808689035449349,0.008032644022687363,0.01930440421574903,0.005072634257062199,1.2545903843217917e-05,1.2545903843217917e-05,0.0,0.9988228612992113,1.2457321209697505e-05,-8.858263352041226e-08,0.9998914995553287,False
7.5215000000000005,1,348,349,2.8134812500000472,2.8134812500000472,0.0,0.020447372965749083,0.020447372965749083,0.09001265354493532,0.0848490659085916,0.00516358763634371,0.020447372965749083,0.005072634257062199,1.1791425589558667e-05,1.1791425589558667e-05,0.0,0.9989694284981948,1.1761678288262076e-05,-2.9747301296591407e-08,0.9999059947432464,False
7.54025,1,349,350,2.8186375000000474,2.8186375000000474,0.0,0.02109190421574911,0.02109190421574911,0.09000531590859179,0.0841971970222481,0.005146400136343725,0.02109190421574911,0.005072634257062199,1.1714534964485067e-05,1.1714534964485067e-05,0.0,0.9983721137799058,1.1736054640278261e-05,2.1519675793193875e-08,0.9998517003804703,False
7.5615000000000006,1,350,351,2.824481250000048,2.824481250000048,0.0,0.021822372965749157,0.021822372965749157,0.09004094702224837,0.08416407813590464,0.005511634511343748,0.021822372965749157,0.005072634257062199,1.2514190035210017e-05,1.2514190035210017e-05,0.0,0.9983911834533349,1.2604413398613413e-05,9.022336340339663e-08,0.9998534531501854,False
7.58275,1,351,352,2.830325000000048,2.830325000000048,0.0,0.022552841715749204,0.022552841715749204,0.09000782813590487,0.08340049049956114,0.005640540761343768,0.022552841715749204,0.005072634257062199,1.296216312735833e-05,1.296216312735833e-05,0.0,0.9984853206393555,1.2963977457219566e-05,1.8143298612354874e-09,0.9998620107220554,False
7.60675,1,352,353,2.8369250000000483,2.836925000000048,-4.440892098500626e-16,0.023377841715749248,0.023377841715749248,0.09000049049956128,0.08293338723821755,0.00605304076134379,0.023377841715749248,0.005072634257062199,1.192088370398917e-05,1.192088370398917e-05,0.0,0.9985376220916149,1.184146390169772e-05,-7.941980229145057e-08,0.9998666784132137,False
7.6325,1,353,354,2.8440062500000485,2.8440062500000485,0.0,0.02426299796574931,0.02426299796574931,0.09001463723821775,0.082062377726874,0.0069381970113437915,0.02426299796574931,0.005072634257062199,1.153078634143807e-05,1.153078634143807e-05,0.0,0.9986371624009951,1.1488936045049382e-05,-4.185029638868699e-08,0.9998755117434475,False
7.6615,1,354,355,2.8519812500000485,2.8519812500000485,0.0,0.025259872965749358,0.025259872965749358,0.09003737772687416,0.08168980571553038,0.0078038354289374215,0.025259872965749358,0.005072634257062199,1.1376195252427542e-05,1.1376195252427542e-05,0.0,0.9988083226774243,1.1455966457756954e-05,7.977120532941208e-08,0.9998907935412787,False
7.69175,1,355,356,2.860300000000049,2.860300000000049,0.0,0.0262997167157494,0.0131498583578747,0.09000855571553072,0.0806211399541869,0.008843679178937464,0.0131498583578747,0.005072634257062199,1.1940289002108144e-05,1.1940289002108144e-05,0.0,0.9989307699381283,1.2032355990858858e-05,9.206698875071305e-08,0.999901198798493,False
7.726,1,356,357,2.8697187500000494,2.8697187500000494,0.0,0.014327202107874767,0.014327202107874767,0.09003988995418744,0.08496376019851548,0.005076129755671947,0.014327202107874767,0.005072634257062199,1.2833585122860717e-05,1.2833585122860717e-05,0.0,0.9990563117407371,1.2833614478478778e-05,2.935561806117169e-11,0.9999138703610378,False
7.7445,1,357,358,2.8748062500000495,2.8748062500000495,0.0,0.014963139607874784,0.014963139607874784,0.09005126019851557,0.08433919294284364,0.005394098505671956,0.014963139607874784,0.005072634257062199,1.2342041222126825e-05,1.2342041222126825e-05,0.0,0.9983446516865514,1.2381977828772382e-05,3.9936606645557104e-08,0.99984912345116,False
7.76525,1,358,359,2.8805125000000498,2.8805125000000498,0.0,0.015676420857874837,0.015676420857874837,0.090045442942844,0.08393806318717204,0.005934339589468797,0.015676420857874837,0.005072634257062199,1.3110964558248812e-05,1.3110964558248812e-05,0.0,0.9984517961764628,1.3229612224707364e-05,1.1864766645855137e-07,0.9998588757398683,False
7.7875000000000005,1,359,360,2.8866312500000495,2.8866312500000495,0.0,0.016441264607874866,0.016441264607874866,0.09005681318717211,0.08318458968150017,0.006316761464468811,0.016441264607874866,0.005072634257062199,1.3157345157637114e-05,1.3157345157637114e-05,0.0,0.9985885809678764,1.3034337784808734e-05,-1.2300737282838e-07,0.999871315694648,False
7.8125,1,360,361,2.89350625000005,2.89350625000005,0.0,0.017300639607874924,0.017300639607874924,0.09005958968150041,0.08250103134203163,0.006497230214468844,0.017300639607874924,0.005072634257062199,1.200492463268505e-05,1.200492463268505e-05,0.0,0.9986823018548525,1.1983515052768932e-05,-2.1409579916117417e-08,0.9998797139880051,False
7.84,1,361,362,2.90106875000005,2.90106875000005,0.0,0.01824595210787497,0.01824595210787497,0.09006353134203177,0.08155966050256296,0.006969886464468867,0.01824595210787497,0.005072634257062199,1.1705696996944465e-05,1.1705696996944465e-05,0.0,0.9987294394607972,1.1736898275881545e-05,3.120127893708059e-08,0.9998838544837574,False
7.87075,1,362,363,2.9095250000000505,2.9095250000000505,0.0,0.019302983357875034,0.019302983357875034,0.09001591050256333,0.08083743028809444,0.008026917714468876,0.019302983357875034,0.005072634257062199,1.3060693857005814e-05,1.3060693857005814e-05,0.0,0.9988220186269269,1.3100618209269387e-05,3.992435226357258e-08,0.999891425740779,False
7.90425,1,363,364,2.9187375000000513,2.9187375000000513,0.0,0.0204545458578751,0.0204545458578751,0.09004993028809495,0.08488490893086048,0.005165021357234473,0.0204545458578751,0.005072634257062199,1.227291869090767e-05,1.227291869090767e-05,0.0,0.9989697628424762,1.2229023348387752e-05,-4.3895342519918094e-08,0.9999060347183578,False
7.923,1,364,365,2.923893750000051,2.9238937500000515,4.440892098500626e-16,0.021099077107875126,0.021099077107875126,0.09004115893086065,0.0842316063236262,0.00514783385723448,0.021099077107875126,0.005072634257062199,1.1996688305816963e-05,1.1996688305816963e-05,0.0,0.9983725131329254,1.2003210808615966e-05,6.5225027990023195e-09,0.9998517337920689,False
7.944,1,365,366,2.9296687500000513,2.9296687500000513,0.0,0.02182095210787516,0.02182095210787516,0.09000660632362638,0.08413689746639191,0.005508771357234497,0.02182095210787516,0.005072634257062199,1.2313299686873586e-05,1.2313299686873586e-05,0.0,0.9983891817041713,1.2465213996191654e-05,1.5191430931806797e-07,0.9998532366037798,False
7.9655000000000005,1,366,367,2.9355812500000513,2.9355812500000513,0.0,0.022560014607875187,0.022560014607875187,0.09004939746639198,0.08344062610915753,0.005641974482234515,0.022560014607875187,0.005072634257062199,1.2943799956733506e-05,1.2943799956733506e-05,0.0,0.9984866851946719,1.3012679522071455e-05,6.887956533794897e-08,0.9998621160407443,False
7.9895000000000005,1,367,368,2.9421812500000515,2.9421812500000515,0.0,0.023385014607875232,0.023385014607875232,0.09004062610915767,0.08296779225192322,0.006054474482234537,0.023385014607875232,0.005072634257062199,1.2577278448263035e-05,1.2577278448263035e-05,0.0,0.9985379781668892,1.248350576321862e-05,-9.377268504441393e-08,0.9998667419033767,False
8.01525,1,368,369,2.949262500000051,2.9492625000000516,4.440892098500626e-16,0.02427017085787526,0.02427017085787526,0.09004904225192309,0.08209105214468865,0.006939630732234508,0.02427017085787526,0.005072634257062199,1.2036698475374325e-05,1.2036698475374325e-05,0.0,0.9986374696384187,1.1961175596263973e-05,-7.552287911035234e-08,0.9998755595286442,False
8.04425,1,369,370,2.9572375000000513,2.9572375000000513,0.0,0.02526704585787531,0.02526704585787531,0.09006605214468859,0.08171704641245413,0.0078077770894688465,0.02526704585787531,0.005072634257062199,1.1496504699025356e-05,1.1496504699025356e-05,0.0,0.9988085072424755,1.1504542718285111e-05,8.038019259755066e-09,0.9998907785004342,False
8.0745,1,370,371,2.965556250000052,2.965556250000052,0.0,0.026306889607875385,0.013153444803937693,0.09003579641245424,0.08064694693021977,0.008847620839468853,0.013153444803937693,0.005072634257062199,1.1757967843880299e-05,1.1757967843880299e-05,0.0,0.9989312020051756,1.1805582657730772e-05,4.76148138504732e-08,0.9999011986744355,False
8.10875,1,371,372,2.974975000000051,2.974975000000051,0.0,0.014330788553937681,0.014330788553937681,0.09006569693021968,0.08498885031410244,0.005076846616117243,0.014330788553937681,0.005072634257062199,1.311269442736938e-05,1.311269442736938e-05,0.0,0.9990566857174663,1.3099607319556595e-05,-1.308710781278556e-08,0.9999139066581648,False
8.127,1,372,373,2.9799937500000517,2.9799937500000517,0.0,0.014958132303937676,0.014958132303937676,0.0900076003141024,0.08430340994798516,0.00539051849111724,0.014958132303937676,0.005072634257062199,1.2566256384031513e-05,1.2566256384031513e-05,0.0,0.9983423628512269,1.2557531425068578e-05,-8.724958962934716e-09,0.9998489106006438,False
8.14775,1,373,374,2.985700000000051,2.985700000000051,0.0,0.015671413553937655,0.015671413553937655,0.09000965994798499,0.08390586020686776,0.005932013544734402,0.015671413553937655,0.005072634257062199,1.2996749887032389e-05,1.2996749887032389e-05,0.0,0.9984508559252424,1.3162905724934106e-05,1.6615583790171738e-07,0.9998587613101952,False
8.17,1,374,375,2.9918187500000517,2.9918187500000517,0.0,0.016436257303937683,0.016436257303937683,0.09002461020686768,0.08315596671575048,0.0063144354197343915,0.016436257303937683,0.005072634257062199,1.3557459786162383e-05,1.3557459786162383e-05,0.0,0.9985880798128859,1.3505470403541281e-05,-5.198938262110164e-08,0.9998712652326369,False
8.195,1,375,376,2.9986937500000517,2.9986937500000517,0.0,0.01729563230393774,0.01729563230393774,0.09003096671575062,0.08247473442101623,0.006494904169734396,0.01729563230393774,0.005072634257062199,1.2553650818354693e-05,1.2553650818354693e-05,0.0,0.99868189504785,1.2477423222830224e-05,-7.622759552446888e-08,0.9998796929155496,False
8.2225,1,376,377,3.0062562500000514,3.0062562500000514,0.0,0.018240944803937786,0.018240944803937786,0.09003723442101622,0.08153568962628185,0.006967560419734387,0.018240944803937786,0.005072634257062199,1.1879097460900074e-05,1.1879097460900074e-05,0.0,0.9987290235933345,1.1855650432408679e-05,-2.3447028491395557e-08,0.9998837945837139,False
8.2535,1,377,378,3.014781250000052,3.014781250000052,0.0,0.019306569803937863,0.019306569803937863,0.09006068962628204,0.08087594170654766,0.008033185419734393,0.019306569803937863,0.005072634257062199,1.3005788942036302e-05,1.3005788942036302e-05,0.0,0.9988229106739326,1.3148541507624179e-05,1.4275256558787678e-07,0.9998914865536689,False
8.28675,1,378,379,3.0239250000000517,3.0239250000000517,0.0,0.020449538553937947,0.020449538553937947,0.0900196917065478,0.08485583337168061,0.005163858334867194,0.020449538553937947,0.005072634257062199,1.2829989400337709e-05,1.2829989400337709e-05,0.0,0.9989695238295109,1.2798465372184407e-05,-3.1524028153301906e-08,0.999906034802095,False
8.3055,1,379,380,3.0290812500000515,3.0290812500000515,0.0,0.021094069803937944,0.021094069803937944,0.09001208337168029,0.08420369378681314,0.0051466708348671735,0.021094069803937944,0.005072634257062199,1.2186955722522703e-05,1.2186955722522703e-05,0.0,0.9983721768912408,1.217739662904298e-05,-9.559093479723495e-09,0.9998516939787656,False
8.32675,1,380,381,3.0349250000000514,3.034925000000052,4.440892098500626e-16,0.02182453855393799,0.02182453855393799,0.09004744378681317,0.084170304201946,0.005511905209867172,0.02182453855393799,0.005072634257062199,1.2347167027155794e-05,1.2347167027155794e-05,0.0,0.9983911928278405,1.2497154269039504e-05,1.4998724188371035e-07,0.9998533957777169,False
8.348,1,381,382,3.0407687500000513,3.0407687500000513,0.0,0.022555007303938036,0.022555007303938036,0.09001405420194603,0.08340644586707885,0.0056408114598671755,0.022555007303938036,0.005072634257062199,1.2536037331124252e-05,1.2536037331124252e-05,0.0,0.9984853074309792,1.2695031892242834e-05,1.589945611185818e-07,0.9998619437516667,False
8.372,1,382,383,3.047368750000051,3.047368750000051,0.0,0.02338000730393805,0.02338000730393805,0.0900064458670786,0.08293907190721145,0.006053311459867155,0.02338000730393805,0.005072634257062199,1.3236111870967127e-05,1.3236111870967127e-05,0.0,0.9985377323312348,1.3151398581290047e-05,-8.471328967708049e-08,0.9998667402944784,False
8.39775,1,383,384,3.0544500000000516,3.0544500000000516,0.0,0.02426516355393811,0.02426516355393811,0.09002032190721151,0.08206779169734439,0.006938467709867157,0.02426516355393811,0.005072634257062199,1.252948314498485e-05,1.252948314498485e-05,0.0,0.9986372724334289,1.2439630337660805e-05,-8.985280732404536e-08,0.9998755684666819,False
8.42675,1,384,385,3.0624250000000517,3.062425000000051,-8.881784197001252e-16,0.02526203855393816,0.02526203855393816,0.09004279169734433,0.08169494898747721,0.007804376825984417,0.02526203855393816,0.005072634257062199,1.1856279526929316e-05,1.1856279526929316e-05,0.0,0.9988083271385886,1.1819121120838893e-05,-3.7158406090422817e-08,0.9998907518478892,False
8.457,1,385,386,3.070743750000051,3.070743750000051,0.0,0.026301882303938234,0.013150941151969117,0.09001369898747733,0.0806260125276102,0.008844220575984423,0.013150941151969117,0.005072634257062199,1.1969219253286825e-05,1.1969219253286825e-05,0.0,0.9989307717992562,1.1949802006948053e-05,-1.9417246338771952e-08,0.9999011378630098,False
8.49125,1,386,387,3.080162500000051,3.080162500000051,0.0,0.014328284901969105,0.014328284901969105,0.09004476252761011,0.08496849742267654,0.005076265104933567,0.014328284901969105,0.005072634257062199,1.3385991784011222e-05,1.3385991784011222e-05,0.0,0.9990563698187924,1.3364356980375906e-05,-2.1634803635315442e-08,0.999913881327246,False
8.50975,1,387,388,3.085250000000051,3.085250000000051,0.0,0.01496422240196908,0.01496422240196908,0.09005599742267634,0.0843437948177428,0.0053942338549335545,0.01496422240196908,0.005072634257062199,1.2809956539991304e-05,1.2809956539991304e-05,0.0,0.9983446864690109,1.2790831519911938e-05,-1.912502007936622e-08,0.9998491204733239,False
8.5305,1,388,389,3.090956250000051,3.090956250000051,0.0,0.01567750365196906,0.01567750365196906,0.09005004481774262,0.08394252971280909,0.005934610287992178,0.01567750365196906,0.005072634257062199,1.2832600887227774e-05,1.2832600887227774e-05,0.0,0.9984517717127465,1.3021655719337277e-05,1.890548321095028e-07,0.999858819026876,False
8.55275,1,389,390,3.0970750000000513,3.0970750000000513,0.0,0.016442347401969152,0.016442347401969152,0.0900612797128095,0.08318892085787594,0.006317032162992197,0.016442347401969152,0.005072634257062199,1.3576709921302395e-05,1.3576709921302395e-05,0.0,0.9985885954702023,1.3625536275729985e-05,4.882635442759065e-08,0.9998712878657376,False
8.57775,1,390,391,3.103950000000051,3.103950000000051,0.0,0.017301722401969147,0.017301722401969147,0.09006392085787557,0.08250509181988341,0.006497500912992171,0.017301722401969147,0.005072634257062199,1.3168373659780858e-05,1.3168373659780858e-05,0.0,0.9986823989202512,1.3059651121994095e-05,-1.0872253778676256e-07,0.9998797634488946,False
8.60525,1,391,392,3.1115125000000514,3.1115125000000514,0.0,0.018247034901969255,0.018247034901969255,0.09006759181988389,0.08156345028189169,0.006970157162992193,0.018247034901969255,0.005072634257062199,1.2271479982404508e-05,1.2271479982404508e-05,0.0,0.9987294713423468,1.222107507195316e-05,-5.040491045134722e-08,0.9998838339724345,False
8.636000000000001,1,392,393,3.119968750000051,3.1199687500000515,4.440892098500626e-16,0.01930406615196929,0.01930406615196929,0.09001970028189155,0.0808409493688994,0.008027188412992159,0.01930406615196929,0.005072634257062199,1.2245502857626228e-05,1.2245502857626228e-05,0.0,0.9988219703751843,1.2394067696620218e-05,1.4856483899399007e-07,0.9998913471662204,False
8.6695,1,393,394,3.129181250000051,3.129181250000051,0.0,0.020455628651969354,0.020455628651969354,0.09005344936889939,0.08488829266240332,0.005165156706496067,0.020455628651969354,0.005072634257062199,1.3009978461651041e-05,1.3009978461651041e-05,0.0,0.9989698054461418,1.3029544395783268e-05,1.9565934132227008e-08,0.9999060554410053,False
8.68825,1,394,395,3.1343375000000506,3.1343375000000506,0.0,0.02110015990196935,0.02110015990196935,0.090044542662403,0.08423485470590697,0.005147969206496061,0.02110015990196935,0.005072634257062199,1.2376556741581532e-05,1.2376556741581532e-05,0.0,0.9983725291940075,1.2329782357839473e-05,-4.6774383742059365e-08,0.9998517142137944,False
8.70925,1,395,396,3.1401125000000514,3.140112500000051,-4.440892098500626e-16,0.021822034901969416,0.021822034901969416,0.09000985470590717,0.08414001049941108,0.00550890670649607,0.021822034901969416,0.005072634257062199,1.2119496622511402e-05,1.2119496622511402e-05,0.0,0.998389166879847,1.2268069458929261e-05,1.4857283641785986e-07,0.999853183114815,False
8.73075,1,396,397,3.146025000000051,3.146025000000051,0.0,0.022561097401969443,0.022561097401969443,0.09005251049941096,0.0834436037929149,0.005642109831496048,0.022561097401969443,0.005072634257062199,1.230044299693946e-05,1.230044299693946e-05,0.0,0.9984866270848599,1.2418909000045118e-05,1.1846600310565914e-07,0.9998620289978563,False
8.75475,1,397,398,3.152625000000051,3.152625000000051,0.0,0.023386097401969518,0.023386097401969518,0.09004360379291512,0.08297063458641904,0.0060546098314960585,0.023386097401969518,0.005072634257062199,1.3586507359141477e-05,1.3586507359141477e-05,0.0,0.998538012096938,1.359420980245068e-05,7.702443309203042e-09,0.9998667600640843,False
8.7805,1,398,399,3.159706250000051,3.159706250000051,0.0,0.024271253651969516,0.024271253651969516,0.09005188458641863,0.08209375912992262,0.006939766081495999,0.024271253651969516,0.005072634257062199,1.293157126086877e-05,1.293157126086877e-05,0.0,0.9986375589127745,1.2821902738923088e-05,-1.0966852194568225e-07,0.9998756243307237,False
8.80925,1,399,400,3.1676125000000512,3.1676125000000512,0.0,0.025259534901969586,0.025259534901969586,0.09000000912992273,0.0816594617984267,0.007803750912992274,0.025259534901969586,0.005072634257062199,1.2341144928032814e-05,1.2341144928032814e-05,0.0,0.9988072504608515,1.2300294589849931e-05,-4.085033818288284e-08,0.9998906657454321,False
8.83975,1,400,401,3.176000000000051,3.176000000000051,0.0,0.02630797240196964,0.01315398620098482,0.09004696179842665,0.08065797696693067,0.008852188412992259,0.01315398620098482,0.005072634257062199,1.2338567023251441e-05,1.2338567023251441e-05,0.0,0.9989317364818906,1.2289498269363056e-05,-4.906875388838481e-08,0.9999012257120119,False
8.87375,1,401,402,3.185350000000051,3.185350000000051,0.0,0.014322736200984829,0.014322736200984829,0.09000797696693072,0.08493535955118273,0.005072617415747998,0.014322736200984829,0.005072617415747998,1.3654174816365277e-05,1.3654174816365277e-05,0.0,0.999056317313864,1.3639922894884893e-05,-1.425192148038414e-08,0.9999138821582142,False
8.89225,1,402,403,3.1904375000000504,3.1904375000000504,0.0,0.014958673700984804,0.014958673700984804,0.09002285955118253,0.08431430463543454,0.005390586165747986,0.014958673700984804,0.005072617415747998,1.3100695084114283e-05,1.3100695084114283e-05,0.0,0.9983436298475665,1.3048766403956135e-05,-5.192868015814798e-08,0.9998490247822909,False
8.913,1,403,404,3.1961437500000507,3.1961437500000507,0.0,0.015671954950984782,0.015671954950984782,0.09002055463543437,0.08391668721968641,0.005932148893996111,0.015671954950984782,0.005072617415747998,1.2701228870668646e-05,1.2701228870668646e-05,0.0,0.9984508301609242,1.2882182296186938e-05,1.8095342551829223e-07,0.9998587155133849,False
8.93525,1,404,405,3.2022625000000504,3.2022625000000504,0.0,0.01643679870098481,0.01643679870098481,0.09003543721968633,0.0831667260539384,0.0063145707689961,0.01643679870098481,0.005072617415747998,1.3284375257704112e-05,1.3284375257704112e-05,0.0,0.9985880323346685,1.3407313678574416e-05,1.229384208703045e-07,0.9998711981328363,False
8.96025,1,405,406,3.2091375000000504,3.2091375000000504,0.0,0.01729617370098487,0.01729617370098487,0.09004172605393851,0.08248535840994242,0.006497187956496099,0.01729617370098487,0.005072617415747998,1.3720307592630319e-05,1.3720307592630319e-05,0.0,0.9986819659484925,1.3617382347372223e-05,-1.0292524525809548e-07,0.9998797449822862,False
8.98775,1,406,407,3.21670000000005,3.21670000000005,0.0,0.018241486200984914,0.018241486200984914,0.09004785840994241,0.08154617826594635,0.00696984420649609,0.018241486200984914,0.005072617415747998,1.2762690522805105e-05,1.2762690522805105e-05,0.0,0.9987294381326411,1.2707672480184777e-05,-5.5018042620327454e-08,0.9998838450537131,False
9.0185,1,407,408,3.225156250000051,3.225156250000051,0.0,0.01929851745098501,0.01929851745098501,0.09000242826594669,0.08082613874695058,0.008026875456496116,0.01929851745098501,0.005072617415747998,1.2112815554895408e-05,1.2112815554895408e-05,0.0,0.9988218866650749,1.215107437113589e-05,3.825881624048178e-08,0.9998913027400719,False
9.052,1,408,409,3.234368750000051,3.234368750000051,0.0,0.020450079950985075,0.020450079950985075,0.09003863874695056,0.0848747127374525,0.005163926009498048,0.020450079950985075,0.005072617415747998,1.2991384349660739e-05,1.2991384349660739e-05,0.0,0.9989697411552486,1.3018656688549299e-05,2.7272338888560395e-08,0.9999060253658926,False
9.07075,1,409,410,3.23952500000005,3.23952500000005,0.0,0.02109461120098507,0.02109461120098507,0.09003096273745219,0.08422250547795418,0.005147812728248025,0.02109461120098507,0.005072617415747998,1.2708825400015352e-05,1.2708825400015352e-05,0.0,0.9983721862602681,1.2629652691047013e-05,-7.917270896833962e-08,0.9998516828716779,False
9.092,1,410,411,3.2453687500000505,3.2453687500000505,0.0,0.021825079950985118,0.021825079950985118,0.09006625547795422,0.08418797399970619,0.005513047103248024,0.021825079950985118,0.005072617415747998,1.2261257283626787e-05,1.2261257283626787e-05,0.0,0.9983914742447554,1.239630556980179e-05,1.3504828617500337e-07,0.9998533863908456,False
9.11325,1,411,412,3.251212500000051,3.251212500000051,0.0,0.022555548700985164,0.022555548700985164,0.09003172399970621,0.0834229737714582,0.005641953353248027,0.022555548700985164,0.005072617415747998,1.2107671544194938e-05,1.2107671544194938e-05,0.0,0.9984855108914313,1.2158717221844952e-05,5.104567765001352e-08,0.9998618889625359,False
9.13725,1,412,413,3.2578125000000506,3.2578125000000506,0.0,0.02338054870098524,0.02338054870098524,0.09002297377145843,0.08295445791821038,0.006054453353248037,0.02338054870098524,0.005072617415747998,1.3519554604876283e-05,1.3519554604876283e-05,0.0,0.9985379338084107,1.35987561623607e-05,7.920155748441778e-08,0.9998667194759506,False
9.163,1,413,414,3.2648937500000503,3.2648937500000503,0.0,0.024265704950985238,0.024265704950985238,0.09003570791820997,0.08208203581496198,0.006939609603247978,0.024265704950985238,0.005072617415747998,1.3364580216480143e-05,1.3364580216480143e-05,0.0,0.9986375502287627,1.3201433697243562e-05,-1.6314651923658144e-07,0.9998756471287656,False
9.192,1,414,415,3.2728687500000504,3.2728687500000504,0.0,0.025262579950985287,0.025262579950985287,0.09005703581496191,0.08170805121171394,0.007806660612746194,0.025262579950985287,0.005072617415747998,1.2752320334679507e-05,1.2752320334679507e-05,0.0,0.9988085326729582,1.2717948520337212e-05,-3.4371814342294986e-08,0.9998907935552266,False
9.22225,1,415,416,3.2811875000000503,3.2811875000000503,0.0,0.026302423700985362,0.013151211850492681,0.09002680121171405,0.08063797285846608,0.0088465043627462,0.013151211850492681,0.005072617415747998,1.2773923800048351e-05,1.2773923800048351e-05,0.0,0.9989310748958353,1.2727827109365703e-05,-4.6096690682647496e-08,0.9999011835108559,False
9.2565,1,416,417,3.2906062500000504,3.2906062500000504,0.0,0.01432855560049267,0.01432855560049267,0.09005672285846598,0.08497988680684201,0.005076836051623978,0.01432855560049267,0.005072617415747998,1.3834180332456084e-05,1.3834180332456084e-05,0.0,0.9990565916458166,1.383101915557372e-05,-3.1611768823635526e-09,0.9999139074719664,False
9.275,1,417,418,3.29569375000005,3.29569375000005,0.0,0.014964493100492644,0.014964493100492644,0.09006738680684181,0.08435461325521786,0.0053948048016239656,0.014964493100492644,0.005072617415747998,1.3403357785840458e-05,1.3403357785840458e-05,0.0,0.9983448535116186,1.3332735506769497e-05,-7.062227907096171e-08,0.9998491366718734,False
9.29575,1,418,419,3.30140000000005,3.3014000000000503,4.440892098500626e-16,0.015677774350492626,0.015677774350492626,0.09006086325521767,0.08395277720359373,0.005935752181373066,0.015677774350492626,0.005072617415747998,1.2637706615652141e-05,1.2637706615652141e-05,0.0,0.9984518944883819,1.2775127777004586e-05,1.3742116135244506e-07,0.9998588044516327,False
9.31775,1,419,420,3.30745000000005,3.30745000000005,0.0,0.016434024350492675,0.016434024350492675,0.09000277720359383,0.08313844115196989,0.006313877181373065,0.016434024350492675,0.005072617415747998,1.2820456444889287e-05,1.2820456444889287e-05,0.0,0.9985869295404918,1.2940283253724649e-05,1.1982680883536247e-07,0.9998710505149261,False
9.34275,1,420,421,3.31432500000005,3.31432500000005,0.0,0.017293399350492733,0.017293399350492733,0.09001344115197,0.08246206397059694,0.006494345931373069,0.017293399350492733,0.005072617415747998,1.4160609332703448e-05,1.4160609332703448e-05,0.0,0.9986818339151765,1.4094111866415454e-05,-6.649746628799378e-08,0.9998797347878208,False
9.37025,1,421,422,3.32188750000005,3.32188750000005,0.0,0.018238711850492778,0.018238711850492778,0.09002456397059692,0.08152787428922388,0.006967002181373061,0.018238711850492778,0.005072617415747998,1.3144137725317423e-05,1.3144137725317423e-05,0.0,0.9987289743369429,1.3138043719767771e-05,-6.094005549651531e-09,0.9998838202121668,False
9.401250000000001,1,422,423,3.33041250000005,3.33041250000005,0.0,0.019304336850492855,0.019304336850492855,0.09005287428922407,0.08086868460785102,0.008032627181373066,0.019304336850492855,0.005072617415747998,1.2245825474551885e-05,1.2245825474551885e-05,0.0,0.9988227122056318,1.2210018454193455e-05,-3.580702035842982e-08,0.9998913594382199,False
9.4345,1,423,424,3.3395562500000504,3.3395562500000504,0.0,0.02044730560049294,0.02044730560049294,0.09001243460785115,0.08484885539216461,0.005163579215686531,0.02044730560049294,0.005072617415747998,1.3012848892265872e-05,1.3012848892265872e-05,0.0,0.9989693906332212,1.3022891887818311e-05,1.0042995552439244e-08,0.9999059643929721,False
9.45325,1,424,425,3.34471250000005,3.34471250000005,0.0,0.021091836850492936,0.021091836850492936,0.0900051053921643,0.08419699492647781,0.00514639171568651,0.021091836850492936,0.005072617415747998,1.312656165146513e-05,1.312656165146513e-05,0.0,0.9983720983597283,1.3030673428457708e-05,-9.588822300742123e-08,0.9998516829971611,False
9.4745,1,425,426,3.35055625000005,3.35055625000005,0.0,0.021822305600492982,0.021822305600492982,0.09004074492647784,0.08416388446079134,0.005511626090686509,0.021822305600492982,0.005072617415747998,1.2298103870033874e-05,1.2298103870033874e-05,0.0,0.9983910856989762,1.2395799558049583e-05,9.76956880157086e-08,0.9998533489256369,False
9.495750000000001,1,426,427,3.3564000000000505,3.3564000000000505,0.0,0.022552774350493028,0.022552774350493028,0.09000763446079137,0.08340030524510486,0.005640532340686512,0.022552774350493028,0.005072617415747998,1.2246817536816335e-05,1.2246817536816335e-05,0.0,0.9984851572967856,1.2233655673381162e-05,-1.3161863435172893e-08,0.9998618435899163,False
9.51975,1,427,428,3.36300000000005,3.3630000000000497,-4.440892098500626e-16,0.02337777435049304,0.02337777435049304,0.09000030524510459,0.08293321040441813,0.006053032340686492,0.02337777435049304,0.005072617415747998,1.3104164438218947e-05,1.3104164438218947e-05,0.0,0.998537556765674,1.3258210061411988e-05,1.5404562319304107e-07,0.9998666362139914,False
9.5455,1,428,429,3.37008125000005,3.37008125000005,0.0,0.0242629306004931,0.0242629306004931,0.0900144604044182,0.08206220931373173,0.006938188590686493,0.0242629306004931,0.005072617415747998,1.4001007660620053e-05,1.4001007660620053e-05,0.0,0.9986372713565472,1.3763751910194942e-05,-2.3725575042511147e-07,0.9998756290750255,False
9.5745,1,429,430,3.37805625000005,3.37805625000005,0.0,0.02525980560049315,0.02525980560049315,0.09003720931373166,0.08168964572304521,0.007803818587623165,0.02525980560049315,0.005072617415747998,1.3195863672873692e-05,1.3195863672873692e-05,0.0,0.9988083434492607,1.319917536026671e-05,3.3116873930175432e-09,0.9998907965699819,False
9.604750000000001,1,430,431,3.38637500000005,3.38637500000005,0.0,0.026299649350493226,0.013149824675246613,0.09000839572304531,0.08062098838235886,0.00884366233762317,0.013149824675246613,0.005072617415747998,1.3068851738939958e-05,1.3068851738939958e-05,0.0,0.9989307555343813,1.3036108136236106e-05,-3.27436027038523e-08,0.9999011754350192,False
9.639,1,431,432,3.39579375000005,3.39579375000005,0.0,0.014327168425246601,0.014327168425246601,0.09003973838235876,0.08496361283701553,0.005076125545343236,0.014327168425246601,0.005072617415747998,1.3942813886101909e-05,1.3942813886101909e-05,0.0,0.9990563281037155,1.3961208480371419e-05,1.8394594269509985e-08,0.999913886691703,False
9.6575,1,432,433,3.40088125000005,3.4008812500000496,-4.440892098500626e-16,0.014963105925246576,0.014963105925246576,0.09005111283701533,0.08433904979167212,0.005394094295343223,0.014963105925246576,0.005072617415747998,1.3688752439450355e-05,1.3688752439450355e-05,0.0,0.9983446478481658,1.3612875570289216e-05,-7.587686916113895e-08,0.9998491182066375,False
9.67825,1,433,434,3.4065875000000494,3.4065875000000494,0.0,0.015676387175246557,0.015676387175246557,0.09004529979167195,0.08393792424632875,0.005934331168811552,0.015676387175246557,0.005072617415747998,1.2698384566854841e-05,1.2698384566854841e-05,0.0,0.9984517168549847,1.2777937557077445e-05,7.955299022260363e-08,0.9998587884035286,False
9.7005,1,434,435,3.412706250000049,3.412706250000049,0.0,0.016441230925246585,0.016441230925246585,0.09005667424632866,0.08318445495098549,0.006316753043811541,0.016441230925246585,0.005072617415747998,1.2757536417932283e-05,1.2757536417932283e-05,0.0,0.9985884200089311,1.285029266155261e-05,9.275624362032624e-08,0.9998711633658232,False
9.7255,1,435,436,3.4195812500000495,3.4195812500000495,0.0,0.017300605925246643,0.017300605925246643,0.0900594549509856,0.08250090503217408,0.006497221793811544,0.017300605925246643,0.005072617415747998,1.4269618109251281e-05,1.4269618109251281e-05,0.0,0.9986823330846405,1.4265460161417756e-05,-4.15794783352523e-09,0.9998797591164249,False
9.753,1,436,437,3.4271437500000497,3.4271437500000497,0.0,0.01824591842524669,0.01824591842524669,0.09006340503217407,0.08155954261336255,0.006969878043811536,0.01824591842524669,0.005072617415747998,1.3321363527481812e-05,1.3321363527481812e-05,0.0,0.9987294893937411,1.3392925907567163e-05,7.156238008535105e-08,0.9998838880307814,False
9.78375,1,437,438,3.4356000000000497,3.4356000000000497,0.0,0.019302949675246785,0.019302949675246785,0.0900157926133629,0.08083732081955135,0.00802690929381156,0.019302949675246785,0.005072617415747998,1.2754581826420136e-05,1.2754581826420136e-05,0.0,0.9988218766180013,1.2635823496442495e-05,-1.1875832997764073e-07,0.9998912800155126,False
9.81725,1,438,439,3.44481250000005,3.44481250000005,0.0,0.02045451217524685,0.02045451217524685,0.09004982081955132,0.08488480367264556,0.005165017146905769,0.02045451217524685,0.005072617415747998,1.31329321999348e-05,1.31329321999348e-05,0.0,0.9989697005504387,1.314592034413523e-05,1.2988144200429068e-08,0.9999059790923405,False
9.836,1,439,440,3.4499687500000493,3.4499687500000493,0.0,0.021099043425246846,0.021099043425246846,0.09004105367264524,0.08423150527573951,0.005147829646905748,0.021099043425246846,0.005072617415747998,1.345182739556998e-05,1.345182739556998e-05,0.0,0.9983725025723271,1.3367429656665006e-05,-8.439773890497385e-08,0.9998517218732442,False
9.857,1,440,441,3.4557437500000496,3.4557437500000496,0.0,0.021820918425246912,0.021820918425246912,0.0900065052757397,0.08413680062883394,0.005508767146905757,0.021820918425246912,0.005072617415747998,1.240126212683846e-05,1.240126212683846e-05,0.0,0.9983891305739645,1.2416771135607596e-05,1.5509008769137004e-08,0.9998531745771079,False
9.8785,1,441,442,3.4616562500000496,3.4616562500000496,0.0,0.02255998092524694,0.02255998092524694,0.0900493006288338,0.08344053348192806,0.005641970271905749,0.02255998092524694,0.005072617415747998,1.2466344528162888e-05,1.2466344528162888e-05,0.0,0.9984865520962157,1.2424439113271184e-05,-4.190541489170369e-08,0.9998619712789198,False
9.9025,1,442,443,3.46825625000005,3.46825625000005,0.0,0.023384980925247014,0.023384980925247014,0.09004053348192828,0.08296770383502253,0.006054470271905759,0.023384980925247014,0.005072617415747998,1.2722446323271338e-05,1.2722446323271338e-05,0.0,0.9985378324366225,1.28829259568708e-05,1.60479633599461e-07,0.9998666150987305,False
9.92825,1,443,444,3.4753375000000495,3.4753375000000495,0.0,0.024270137175247012,0.024270137175247012,0.09004895383502211,0.08209096793811642,0.0069396265219057,0.024270137175247012,0.005072617415747998,1.4663263167069617e-05,1.4663263167069617e-05,0.0,0.9986375215027363,1.4438295535540169e-05,-2.2496763152944765e-07,0.999875630080789,False
9.95725,1,444,445,3.4833125000000495,3.483312500000049,-4.440892098500626e-16,0.025267012175247062,0.025267012175247062,0.09006596793811635,0.08171696641621065,0.007807768668811638,0.025267012175247062,0.005072617415747998,1.349231629077878e-05,1.349231629077878e-05,0.0,0.9988085929100361,1.3559985678677158e-05,6.766938789837693e-08,0.999890849225258,False
9.9875,1,445,446,3.4916312500000495,3.491631250000049,-4.440892098500626e-16,0.026306855925247136,0.013153427962623568,0.09003571641621076,0.08064687114430506,0.008847612418811643,0.013153427962623568,0.005072617415747998,1.3310621111780578e-05,1.3310621111780578e-05,0.0,0.9989312510285476,1.3272453191201628e-05,-3.8167920578949986e-08,0.9999012382493326,False
10.02175,1,446,447,3.501050000000049,3.501050000000049,0.0,0.014330771712623556,0.014330771712623556,0.09006562114430498,0.08498877663335214,0.005076844510952839,0.014330771712623556,0.005072617415747998,1.3989149014207262e-05,1.3989149014207262e-05,0.0,0.999056705365989,1.4019245307326992e-05,3.009629311972973e-08,0.9999139257701021,False
10.040000000000001,1,447,448,3.5060687500000496,3.5060687500000496,0.0,0.014958115462623552,0.014958115462623552,0.0900075266333521,0.08430333837239927,0.005390516385952836,0.014958115462623552,0.005072617415747998,1.399382204874814e-05,1.399382204874814e-05,0.0,0.9983423641068706,1.3922367682972237e-05,-7.145436577590296e-08,0.9998489114852331,False
10.06075,1,448,449,3.511775000000049,3.511775000000049,0.0,0.01567139671262353,0.01567139671262353,0.09000958837239909,0.08390579073644627,0.0059320093344057976,0.01567139671262353,0.005072617415747998,1.2898253596237187e-05,1.2898253596237187e-05,0.0,0.9984508150221726,1.2912076649979828e-05,1.3823053742640647e-08,0.9998587105571854,False
10.083,1,449,450,3.517893750000049,3.5178937500000496,4.440892098500626e-16,0.01643624046262356,0.01643624046262356,0.0900245407364462,0.0831558993504934,0.006314431209405787,0.01643624046262356,0.005072617415747998,1.275692822203543e-05,1.275692822203543e-05,0.0,0.9985879167786278,1.2803531976784502e-05,4.660375474907228e-08,0.9998711009492154,False
10.108,1,450,451,3.5247687500000495,3.5247687500000495,0.0,0.017295615462623617,0.017295615462623617,0.09003089935049352,0.08247467126608775,0.006494899959405791,0.017295615462623617,0.005072617415747998,1.4081086661069538e-05,1.4081086661069538e-05,0.0,0.9986818588650835,1.4153675839282706e-05,7.258917821316714e-08,0.9998796756370115,False
10.1355,1,451,452,3.532331250000049,3.532331250000049,0.0,0.018240927962623662,0.018240927962623662,0.09003717126608773,0.08153563068168197,0.006967556209405782,0.018240927962623662,0.005072617415747998,1.337331227054136e-05,1.337331227054136e-05,0.0,0.9987291224300413,1.3431426284936445e-05,5.8114014395084686e-08,0.9998838841123885,False
10.166500000000001,1,452,453,3.5408562500000498,3.5408562500000498,0.0,0.01930655296262374,0.01930655296262374,0.09006063068168216,0.08087588697227639,0.008033181209405788,0.01930655296262374,0.005072617415747998,1.3027152150792417e-05,1.3027152150792417e-05,0.0,0.9988227939122851,1.2876656467551958e-05,-1.504956832404593e-07,0.9998913601411956,False
10.19975,1,453,454,3.5500000000000496,3.5500000000000496,0.0,0.020449521712623823,0.020449521712623823,0.09001963697227652,0.08485578074257363,0.005163856229702892,0.020449521712623823,0.005072617415747998,1.3186982391361372e-05,1.3186982391361372e-05,0.0,0.9989694346013026,1.3198671091852023e-05,1.1688700490650945e-08,0.9999059475400188,False
10.2185,1,454,455,3.5551562500000493,3.5551562500000493,0.0,0.02109405296262382,0.02109405296262382,0.09001203074257333,0.08420364326287047,0.005146668729702871,0.02109405296262382,0.005072617415747998,1.3654961809668522e-05,1.3654961809668522e-05,0.0,0.9983721712490045,1.3595519408682356e-05,-5.944240098616603e-08,0.9998516873755677,False
10.23975,1,455,456,3.5610000000000497,3.5610000000000497,0.0,0.021824521712623866,0.021824521712623866,0.0900473932628705,0.08417025578316764,0.00551190310470287,0.021824521712623866,0.005072617415747998,1.2648312789968924e-05,1.2648312789968924e-05,0.0,0.9983911672682644,1.2631153703310269e-05,-1.7159086658654986e-08,0.9998533591514877,False
10.261000000000001,1,456,457,3.566843750000049,3.566843750000049,0.0,0.022554990462623912,0.022554990462623912,0.09001400578316766,0.0834063995534648,0.005640809354702873,0.022554990462623912,0.005072617415747998,1.2834800862115486e-05,1.2834800862115486e-05,0.0,0.9984852517732256,1.2754466959139376e-05,-8.033390297611087e-08,0.9998618699449596,False
10.285,1,457,458,3.573443750000049,3.573443750000049,0.0,0.023379990462623925,0.023379990462623925,0.09000639955346453,0.0829390276987617,0.006053309354702853,0.023379990462623925,0.005072617415747998,1.2558856660182401e-05,1.2558856660182401e-05,0.0,0.9985375343628913,1.2673715619967193e-05,1.1485895978479238e-07,0.9998665516614342,False
10.31075,1,458,459,3.5805250000000495,3.5805250000000495,0.0,0.024265146712623985,0.024265146712623985,0.09002027769876178,0.08206774959405894,0.006938465604702854,0.024265146712623985,0.005072617415747998,1.4491464461611147e-05,1.4491464461611147e-05,0.0,0.9986372300517659,1.4577007600691569e-05,8.554313908042172e-08,0.999875549707158,False
10.33975,1,459,460,3.588500000000049,3.5885000000000495,4.440892098500626e-16,0.025262021712624035,0.025262021712624035,0.09004274959405888,0.08169490898935607,0.007804372615655886,0.025262021712624035,0.005072617415747998,1.344805946176526e-05,1.344805946176526e-05,0.0,0.9988084505756093,1.3598248065597614e-05,1.5018860383235398e-07,0.9998908669249635,False
10.370000000000001,1,460,461,3.5968187500000495,3.5968187500000495,0.0,0.02630186546262411,0.013150932731312055,0.09001365898935618,0.08062597463465335,0.008844216365655891,0.013150932731312055,0.005072617415747998,1.3583747775963822e-05,1.3583747775963822e-05,0.0,0.9989308545032278,1.3532319213261754e-05,-5.142856270206845e-08,0.9999012161714737,False
10.40425,1,461,462,3.6062375000000495,3.6062375000000495,0.0,0.014328276481312043,0.014328276481312043,0.09004472463465325,0.08496846058230184,0.005076264052351416,0.014328276481312043,0.005072617415747998,1.4025417300505468e-05,1.4025417300505468e-05,0.0,0.9990563917350356,1.4046542015790493e-05,2.1124715285025393e-08,0.9999139027593045,False
10.42275,1,462,463,3.6113250000000487,3.6113250000000487,0.0,0.014964213981312018,0.014964213981312018,0.09005596058230164,0.08434375902995025,0.005394232802351404,0.014964213981312018,0.005072617415747998,1.410296178269646e-05,1.410296178269646e-05,0.0,0.9983446864374016,1.4045222422254595e-05,-5.773936044186484e-08,0.9998491203615055,False
10.4435,1,463,464,3.617031250000049,3.617031250000049,0.0,0.015677495231311997,0.015677495231311997,0.09005000902995006,0.08394249497759868,0.005934608182827912,0.015677495231311997,0.005072617415747998,1.3207970610500993e-05,1.3207970610500993e-05,0.0,0.9984517641341716,1.3171550439461379e-05,-3.642017103961466e-08,0.9998588028708744,False
10.46575,1,464,465,3.6231500000000487,3.6231500000000496,8.881784197001252e-16,0.016442338981312088,0.016442338981312088,0.0900612449775991,0.08318888717524768,0.006317030057827931,0.016442338981312088,0.005072617415747998,1.2876926788186136e-05,1.2876926788186136e-05,0.0,0.9985884645909988,1.2884392334365957e-05,7.465546179821379e-09,0.9998711475412687,False
10.49075,1,465,466,3.6300250000000487,3.6300250000000487,0.0,0.017301713981312083,0.017301713981312083,0.09006388717524731,0.08250506024241942,0.006497498807827905,0.017301713981312083,0.005072617415747998,1.376289069873337e-05,1.376289069873337e-05,0.0,0.9986822854928938,1.3873152410078933e-05,1.1026171134556334e-07,0.9998796687921303,False
10.51825,1,466,467,3.6375875000000493,3.6375875000000493,0.0,0.01824702648131213,0.01824702648131213,0.09006756024241941,0.08156342080959153,0.0069701550578278966,0.01824702648131213,0.005072617415747998,1.3490577897887475e-05,1.3490577897887475e-05,0.0,0.998729572214322,1.3445166335145726e-05,-4.541156274174912e-08,0.9998839358005499,False
10.549,1,467,468,3.6460437500000493,3.6460437500000493,0.0,0.019304057731312226,0.019304057731312226,0.09001967080959189,0.080840922001764,0.008027186307827922,0.019304057731312226,0.005072617415747998,1.3644626941742362e-05,1.3644626941742362e-05,0.0,0.998821937295501,1.3464747004064183e-05,-1.7987993767817876e-07,0.9998912983944842,False
10.5825,1,468,469,3.6552562500000496,3.6552562500000496,0.0,0.02045562023131229,0.02045562023131229,0.09005342200176397,0.08488826634785004,0.005165155653913934,0.02045562023131229,0.005072617415747998,1.325035388952076e-05,1.325035388952076e-05,0.0,0.9989697228704825,1.325556034421457e-05,5.206454693810914e-09,0.999905970007341,False
10.60125,1,469,470,3.660412500000049,3.6604125000000494,4.440892098500626e-16,0.021100151481312286,0.021100151481312286,0.09004451634784973,0.08423482944393584,0.005147968153913929,0.021100151481312286,0.005072617415747998,1.3781954782458293e-05,1.3781954782458293e-05,0.0,0.9983725267016357,1.374345309643856e-05,-3.850168601973344e-08,0.9998517124387102,False
10.622250000000001,1,470,471,3.6661875000000492,3.6661875000000492,0.0,0.021822026481312352,0.021822026481312352,0.09000982944393604,0.08413998629002209,0.0055089056539139375,0.021822026481312352,0.005072617415747998,1.3050886472176674e-05,1.3050886472176674e-05,0.0,0.9983891790531392,1.2973891282498708e-05,-7.699518967796568e-08,0.9998531877828094,False
10.64375,1,471,472,3.672100000000049,3.672100000000049,0.0,0.02256108898131238,0.02256108898131238,0.09005248629002194,0.08344358063610802,0.00564210877891393,0.02256108898131238,0.005072617415747998,1.301634186514256e-05,1.301634186514256e-05,0.0,0.9984866203051176,1.2938009358254479e-05,-7.833250688808157e-08,0.9998620053458099,False
10.66775,1,472,473,3.678700000000049,3.678700000000049,0.0,0.023386088981312454,0.023386088981312454,0.09004358063610823,0.08297061248219431,0.00605460877891394,0.023386088981312454,0.005072617415747998,1.2531436170005394e-05,1.2531436170005394e-05,0.0,0.9985378089911685,1.2611843083050665e-05,8.040691304527062e-08,0.9998665553913799,False
10.6935,1,473,474,3.6857812500000486,3.6857812500000486,0.0,0.024271245231312452,0.024271245231312452,0.09005186248219389,0.08209373807828002,0.0069397650289138805,0.024271245231312452,0.005072617415747998,1.3496025217181719e-05,1.3496025217181719e-05,0.0,0.9986374247423849,1.3743902625118983e-05,2.478774079372645e-07,0.9998755129634381,False
10.7225,1,474,475,3.6937562500000487,3.6937562500000487,0.0,0.025268120231312502,0.025268120231312502,0.09006873807827995,0.08171959804936607,0.007808045682827998,0.025268120231312502,0.005072617415747998,1.3257602342348197e-05,1.3257602342348197e-05,0.0,0.9988086673396162,1.3392257008911989e-05,1.3465466656379216e-07,0.9998909115928797,False
10.75275,1,475,476,3.7020750000000486,3.7020750000000486,0.0,0.026307963981312577,0.013153981990656288,0.0900383480493662,0.08064936427045231,0.008847889432828004,0.013153981990656288,0.005072617415747998,1.3873213188251041e-05,1.3873213188251041e-05,0.0,0.9989313094509885,1.3822398892390751e-05,-5.081429586029016e-08,0.999901270159893,False
10.787,1,476,477,3.7114937500000487,3.7114937500000487,0.0,0.014331325740656277,0.014331325740656277,0.09006811427045222,0.08499120050599529,0.005076913764456929,0.014331325740656277,0.005072617415747998,1.4106765160103062e-05,1.4106765160103062e-05,0.0,0.999056741612712,1.4108081188210771e-05,1.3160281077091387e-09,0.9999139390844032,False
10.805250000000001,1,477,478,3.7165125000000483,3.7165125000000483,0.0,0.014958669490656272,0.014958669490656272,0.09000995050599525,0.08430569299153833,0.0053905856394569265,0.014958669490656272,0.005072617415747998,1.4282160956897145e-05,1.4282160956897145e-05,0.0,0.9983423831775313,1.4242681580860673e-05,-3.9479376036471485e-08,0.9998489121030738,False
10.826,1,478,479,3.7222187500000485,3.7222187500000485,0.0,0.015671950740656252,0.015671950740656252,0.09001194299153815,0.08390807610208124,0.005932147841413978,0.015671950740656252,0.005072617415747998,1.3559898435544184e-05,1.3559898435544184e-05,0.0,0.9984508431293327,1.3495492398458759e-05,-6.440603708542534e-08,0.999858722999864,False
10.84825,1,479,480,3.7283375000000483,3.7283375000000483,0.0,0.01643679449065628,0.01643679449065628,0.09002682610208118,0.0831581154626243,0.006314569716413967,0.01643679449065628,0.005072617415747998,1.3055142134380111e-05,1.3055142134380111e-05,0.0,0.9985879538485484,1.3026911009991845e-05,-2.8231124388266175e-08,0.9998711060005747,False
10.87325,1,480,481,3.7352125000000482,3.7352125000000482,0.0,0.01729616949065634,0.01729616949065634,0.09003311546262441,0.08247674887121045,0.0064950384664139715,0.01729616949065634,0.005072617415747998,1.3480296701074831e-05,1.3480296701074831e-05,0.0,0.9986817928412292,1.3584280462857124e-05,1.0398376178229257e-07,0.9998795854467166,False
10.90075,1,481,482,3.742775000000048,3.7427750000000484,4.440892098500626e-16,0.018241481990656384,0.018241481990656384,0.09003924887121045,0.08153756977979651,0.006967694716413963,0.018241481990656384,0.005072617415747998,1.4130416472122851e-05,1.4130416472122851e-05,0.0,0.9987291276371915,1.3927751232630792e-05,-2.026652394920588e-07,0.9998838796633944,False
10.931750000000001,1,482,483,3.7513000000000485,3.7513000000000485,0.0,0.01930710699065646,0.01930710699065646,0.0900625697797967,0.08087768756338273,0.008033319716413969,0.01930710699065646,0.005072617415747998,1.3966820957426817e-05,1.3966820957426817e-05,0.0,0.9988228509852931,1.3773205536969164e-05,-1.9361542045765335e-07,0.999891393609941,False
10.965,1,483,484,3.7604437500000483,3.7604437500000483,0.0,0.020450075740656545,0.020450075740656545,0.09002143756338288,0.08485751208017589,0.005163925483206982,0.020450075740656545,0.005072617415747998,1.3386402845108173e-05,1.3386402845108173e-05,0.0,0.9989694475992394,1.3360197815895892e-05,-2.6205029212281056e-08,0.9999059452460514,False
10.98375,1,484,485,3.765600000000048,3.765600000000048,0.0,0.02109460699065654,0.02109460699065654,0.09001376208017557,0.08420530534696863,0.005146737983206961,0.02109460699065654,0.005072617415747998,1.3836986780122398e-05,1.3836986780122398e-05,0.0,0.998372168934987,1.381892412699378e-05,-1.8062653128618386e-08,0.9998516681298705,False
11.005,1,485,486,3.7714437500000484,3.7714437500000484,0.0,0.021825075740656587,0.021825075740656587,0.09004905534696866,0.0841718486137617,0.00551197235820696,0.021825075740656587,0.005072617415747998,1.3345724815727537e-05,1.3345724815727537e-05,0.0,0.9983911987585954,1.3266325388726845e-05,-7.939942700069136e-08,0.9998533733219823,False
11.026250000000001,1,486,487,3.7772875000000483,3.7772875000000483,0.0,0.022555544490656634,0.022555544490656634,0.09001559861376174,0.08340792313055478,0.005640878608206963,0.022555544490656634,0.005072617415747998,1.3417300951058101e-05,1.3417300951058101e-05,0.0,0.9984853003659238,1.3317729717999613e-05,-9.957123305848848e-08,0.9998619038675622,False
11.05025,1,487,488,3.783887500000048,3.783887500000048,0.0,0.023380544490656647,0.023380544490656647,0.0900079231305545,0.08294048202234758,0.006053378608206943,0.023380544490656647,0.005072617415747998,1.2625375608479915e-05,1.2625375608479915e-05,0.0,0.9985375263738275,1.2676546882756622e-05,5.117127427670641e-08,0.9998665217199032,False
11.076,1,488,489,3.790968750000048,3.790968750000048,0.0,0.024265700740656707,0.024265700740656707,0.09002173202234766,0.08206913466414074,0.006938534858206944,0.024265700740656707,0.005072617415747998,1.2970991739945594e-05,1.2970991739945594e-05,0.0,0.9986371282645027,1.3104277326255854e-05,1.3328558631025978e-07,0.999875435229239,False
11.105,1,489,490,3.7989437500000482,3.798943750000048,-4.440892098500626e-16,0.025262575740656757,0.025262575740656757,0.09004413466414067,0.08169622480593378,0.0078045111226640665,0.025262575740656757,0.005072617415747998,1.340308911034012e-05,1.340308911034012e-05,0.0,0.9988084675438731,1.3330891632781727e-05,-7.21974775583929e-08,0.9998908887462302,False
11.135250000000001,1,490,491,3.807262500000048,3.807262500000048,0.0,0.02630241949065683,0.013151209745328416,0.09001497480593389,0.08062722119772697,0.008844354872664072,0.013151209745328416,0.005072617415747998,1.396497961379556e-05,1.396497961379556e-05,0.0,0.9989308911745292,1.396103114622369e-05,-3.948467571869877e-09,0.9999012424135697,False
11.169500000000001,1,491,492,3.816681250000048,3.816681250000048,0.0,0.014328553495328404,0.014328553495328404,0.09004597119772688,0.08496967251862342,0.005076298679103461,0.014328553495328404,0.005072617415747998,1.4229842167118901e-05,1.4229842167118901e-05,0.0,0.9990564104701307,1.4212132876816067e-05,-1.770929030283406e-08,0.9999139110466785,False
11.188,1,492,493,3.821768750000048,3.821768750000048,0.0,0.01496449099532838,0.01496449099532838,0.09005717251862322,0.08434493633951978,0.005394267429103448,0.01496449099532838,0.005072617415747998,1.4343125755532718e-05,1.4343125755532718e-05,0.0,0.9983446968012875,1.4311611184376057e-05,-3.15145711566605e-08,0.9998491213140376,False
11.20875,1,493,494,3.8274750000000477,3.8274750000000477,0.0,0.01567777224532836,0.01567777224532836,0.09005118633951961,0.08394363766041618,0.005934677436332002,0.01567777224532836,0.005072617415747998,1.3891091985686412e-05,1.3891091985686412e-05,0.0,0.9984517799178824,1.3821511253409657e-05,-6.95807322767546e-08,0.9998588113466701,False
11.231,1,494,495,3.8335937500000483,3.8335937500000483,0.0,0.016442615995328452,0.016442615995328452,0.0900623876604166,0.08318999523131312,0.006317099311332021,0.016442615995328452,0.005072617415747998,1.327618824841392e-05,1.327618824841392e-05,0.0,0.9985884956481204,1.3219943422379518e-05,-5.624482603440242e-08,0.9998711624176929,False
11.256,1,495,496,3.840468750000048,3.840468750000048,0.0,0.017301990995328448,0.017301990995328448,0.09006499523131276,0.08250609904498078,0.0064975680613319955,0.017301990995328448,0.005072617415747998,1.3328082655478016e-05,1.3328082655478016e-05,0.0,0.998682227297097,1.3418658060765538e-05,9.057540528752201e-08,0.9998795948779735,False
11.2835,1,496,497,3.848031250000048,3.848031250000047,-8.881784197001252e-16,0.018247303495328493,0.018247303495328493,0.09006859904498077,0.08156439035864879,0.006970224311331987,0.018247303495328493,0.005072617415747998,1.4841278037319377e-05,1.4841278037319377e-05,0.0,0.9987295108097423,1.4641470682696121e-05,-1.998073546232557e-07,0.9998838745399589,False
11.31425,1,497,498,3.856487500000048,3.8564875000000476,-4.440892098500626e-16,0.01930433474532859,0.01930433474532859,0.09002064035864915,0.08084182229731718,0.008027255561332013,0.01930433474532859,0.005072617415747998,1.4590745592065165e-05,1.4590745592065165e-05,0.0,0.9988219970381975,1.4470186995635194e-05,-1.205585964299712e-07,0.9998913455800422,False
11.34775,1,498,499,3.8657000000000474,3.8657000000000474,0.0,0.020455897245328654,0.020455897245328654,0.09005432229731716,0.08488913201665119,0.005165190280665978,0.020455897245328654,0.005072617415747998,1.3501806206051823e-05,1.3501806206051823e-05,0.0,0.9989697239562592,1.3459783560723881e-05,-4.2022645327942e-08,0.9999059631495253,False
11.3665,1,499,500,3.870856250000047,3.870856250000047,0.0,0.02110042849532865,0.02110042849532865,0.09004538201665087,0.08423566048598494,0.005148002780665973,0.02110042849532865,0.005072617415747998,1.3854308873116015e-05,1.3854308873116015e-05,0.0,0.9983725116964408,1.3854274177639597e-05,-3.469547641809373e-11,0.9998516888055108,False
11.387500000000001,1,500,501,3.8766312500000475,3.8766312500000475,0.0,0.021822303495328717,0.021822303495328717,0.09001066048598513,0.08414078270531913,0.005508940280665982,0.021822303495328717,0.005072617415747998,1.376550044199216e-05,1.376550044199216e-05,0.0,0.9983892004365066,1.3680184668589719e-05,-8.531577340244165e-08,0.9998532007619948,False
11.409,1,501,502,3.8825437500000475,3.8825437500000475,0.0,0.022561365995328743,0.022561365995328743,0.090053282705319,0.08344434242465303,0.005642143405665975,0.022561365995328743,0.005072617415747998,1.3579333922610063e-05,1.3579333922610063e-05,0.0,0.9984866436425072,1.3475011286680651e-05,-1.0432263592941119e-07,0.9998620228690767,False
11.433,1,502,503,3.8891437500000476,3.8891437500000476,0.0,0.02338636599532882,0.02338636599532882,0.09004434242465324,0.08297133964398726,0.006054643405665985,0.02338636599532882,0.005072617415747998,1.2699037401137454e-05,1.2699037401137454e-05,0.0,0.9985378158842823,1.2722329870870336e-05,2.3292469732881654e-08,0.9998665482019812,False
11.45875,1,503,504,3.8962250000000473,3.8962250000000473,0.0,0.024271522245328817,0.024271522245328817,0.09005258964398685,0.08209443061332092,0.006939799655665926,0.024271522245328817,0.005072617415747998,1.29720617356086e-05,1.29720617356086e-05,0.0,0.9986373355618179,1.304337223639297e-05,7.131050078437033e-08,0.9998754140245006,False
11.4875,1,504,505,3.9041312500000473,3.9041312500000473,0.0,0.025259803495328886,0.025259803495328886,0.09000068061332103,0.08166009970765509,0.007803818061332099,0.025259803495328886,0.005072617415747998,1.4503882617168003e-05,1.4503882617168003e-05,0.0,0.9988072993046324,1.4258435493066462e-05,-2.454471241015411e-07,0.999890728186819,False
11.518,1,505,506,3.9125187500000473,3.9125187500000473,0.0,0.02630824099532894,0.01315412049766447,0.09004759970765502,0.08065858130198911,0.008852255561332085,0.01315412049766447,0.005072617415747998,1.3881520835909813e-05,1.3881520835909813e-05,0.0,0.9989318465445082,1.3910965667050739e-05,2.944483114092572e-08,0.9999013342165505,False
11.552,1,506,507,3.9218687500000473,3.9218687500000473,0.0,0.014322870497664479,0.014322870497664479,0.09000858130198919,0.08493594709915622,0.005072634202832962,0.014322870497664479,0.005072617415747998,1.4396681928405509e-05,1.4396681928405509e-05,0.0,0.9990563454564062,1.436159007841145e-05,-3.5091849994058665e-08,0.9999139060825507,False
11.570500000000001,1,507,508,3.926956250000047,3.926956250000047,0.0,0.014958807997664454,0.014958807997664454,0.09002344709915602,0.08431487539632308,0.005390602952832949,0.014958807997664454,0.005072617415747998,1.4417899411982641e-05,1.4417899411982641e-05,0.0,0.9983436371381156,1.4398045956139768e-05,-1.9853455842873852e-08,0.9998490274333611,False
11.59125,1,508,509,3.9326625000000472,3.9326625000000472,0.0,0.015672089247664434,0.015672089247664434,0.0900211253963229,0.08391724119348998,0.0059321824681660236,0.015672089247664434,0.005072617415747998,1.4145926958417255e-05,1.4145926958417255e-05,0.0,0.9984508525949127,1.4085451037799535e-05,-6.047592061772037e-08,0.9998587287613689,False
11.6135,1,509,510,3.938781250000047,3.938781250000047,0.0,0.016436932997664463,0.016436932997664463,0.0900359911934899,0.08316726324065701,0.006314604343166013,0.016436932997664463,0.005072617415747998,1.3549280637054052e-05,1.3549280637054052e-05,0.0,0.9985879776089546,1.3468859156465136e-05,-8.042148058891585e-08,0.9998711226550628,False
11.6385,1,510,511,3.945656250000047,3.945656250000047,0.0,0.01729630799766452,0.01729630799766452,0.09004226324065712,0.08248586202249111,0.006497221530666012,0.01729630799766452,0.005072617415747998,1.3255399207082179e-05,1.3255399207082179e-05,0.0,0.9986817534437502,1.3327671413230897e-05,7.227220614871813e-08,0.9998795336628095,False
11.666,1,511,512,3.9532187500000466,3.9532187500000466,0.0,0.018241620497664566,0.018241620497664566,0.0900483620224911,0.08154664830432512,0.006969877780666003,0.018241620497664566,0.005072617415747998,1.4567441341214908e-05,1.4567441341214908e-05,0.0,0.9987293964098238,1.462162014832353e-05,5.4178807108621956e-08,0.9998838149549578,False
11.69675,1,512,513,3.9616750000000476,3.9616750000000476,0.0,0.019298651747664663,0.019298651747664663,0.09000289830432547,0.08082657521115945,0.00802690903066603,0.019298651747664663,0.005072617415747998,1.468603629471916e-05,1.468603629471916e-05,0.0,0.9988219801895329,1.4772634939357046e-05,8.659864463788685e-08,0.9998913757335529,False
11.73025,1,513,514,3.970887500000048,3.970887500000048,0.0,0.020450214247664727,0.020450214247664727,0.09003907521115942,0.08487513241457642,0.005163942796583005,0.020450214247664727,0.005072617415747998,1.3692605225669764e-05,1.3692605225669764e-05,0.0,0.9989696846723337,1.3636343611434464e-05,-5.6261614235299487e-08,0.9999059580914386,False
11.749,1,514,515,3.9760437500000476,3.9760437500000476,0.0,0.021094745497664723,0.021094745497664723,0.09003138241457609,0.08422290836799314,0.005147829515332982,0.021094745497664723,0.005072617415747998,1.3818333532048716e-05,1.3818333532048716e-05,0.0,0.9983721483039765,1.3828091521787943e-05,9.757989739227107e-09,0.9998516426257807,False
11.77025,1,515,516,3.9818875000000475,3.9818875000000475,0.0,0.02182521424766477,0.02182521424766477,0.09006665836799317,0.0841883601026602,0.00551306389033298,0.02182521424766477,0.005072617415747998,1.3941786995507995e-05,1.3941786995507995e-05,0.0,0.9983915073650104,1.3879352372360505e-05,-6.243462314748998e-08,0.9998534109321592,False
11.791500000000001,1,516,517,3.9877312500000475,3.9877312500000475,0.0,0.022555682997664816,0.022555682997664816,0.09003211010266021,0.08342334308732724,0.005641970140332984,0.022555682997664816,0.005072617415747998,1.4002766881956158e-05,1.4002766881956158e-05,0.0,0.9984855669983994,1.3905061708664982e-05,-9.770517329117515e-08,0.9998619310824388,False
11.8155,1,517,518,3.994331250000047,3.994331250000047,0.0,0.02338068299766483,0.02338068299766483,0.09002334308732698,0.08295481044699404,0.006054470140332963,0.02338068299766483,0.005072617415747998,1.2835132518739329e-05,1.2835132518739329e-05,0.0,0.9985377835539098,1.2836799220151882e-05,1.6667014125530466e-09,0.9998665497842119,False
11.84125,1,518,519,4.001412500000047,4.001412500000047,0.0,0.02426583924766489,0.02426583924766489,0.09003606044699411,0.08208237155666118,0.006939626390332965,0.02426583924766489,0.005072617415747998,1.2989498976536388e-05,1.2989498976536388e-05,0.0,0.9986372816625747,1.3046245209703386e-05,5.6746233166997756e-08,0.9998753864404251,False
11.87025,1,519,520,4.009387500000047,4.009387500000047,0.0,0.02526271424766494,0.02526271424766494,0.0900573715566611,0.08170837016632818,0.007806694186916107,0.02526271424766494,0.005072617415747998,1.4624834654731917e-05,1.4624834654731917e-05,0.0,0.99880851147165,1.4598265534306448e-05,-2.6569120425468557e-08,0.9998907905643576,False
11.900500000000001,1,520,521,4.017706250000048,4.017706250000048,0.0,0.026302557997665014,0.013151278998832507,0.09002712016632827,0.08063827502599535,0.008846537936916112,0.013151278998832507,0.005072617415747998,1.3919010003719295e-05,1.3919010003719295e-05,0.0,0.9989311270445509,1.3856003749862865e-05,-6.300625385643056e-08,0.9999012480136413,False
11.934750000000001,1,521,522,4.027125000000048,4.027125000000047,-8.881784197001252e-16,0.014328622748832495,0.014328622748832495,0.09005702502599526,0.08498018058082879,0.005076844445166471,0.014328622748832495,0.005072617415747998,1.4478316095735559e-05,1.4478316095735559e-05,0.0,0.999056612281597,1.4448813069040072e-05,-2.950302669548696e-08,0.9999139270878931,False
11.95325,1,522,523,4.032212500000047,4.032212500000047,0.0,0.01496456024883247,0.01496456024883247,0.09006768058082859,0.08435489863566215,0.0053948131951664586,0.01496456024883247,0.005072617415747998,1.4477655608331867e-05,1.4477655608331867e-05,0.0,0.9983448574559722,1.4467852300691598e-05,-9.803307640268526e-09,0.9998491386445308,False
11.974,1,523,524,4.037918750000047,4.037918750000047,0.0,0.015677841498832452,0.015677841498832452,0.09006114863566198,0.08395305419049554,0.005935768968458022,0.015677841498832452,0.005072617415747998,1.434584368620479e-05,1.434584368620479e-05,0.0,0.9984519231319118,1.4298234203192023e-05,-4.760948301276814e-08,0.9998588285406641,False
11.996,1,524,525,4.0439687500000465,4.043968750000047,8.881784197001252e-16,0.0164340914988325,0.0164340914988325,0.09000305419049562,0.08313870974532919,0.006313893968458021,0.0164340914988325,0.005072617415747998,1.3979807267199727e-05,1.3979807267199727e-05,0.0,0.998586930135786,1.3884777537237986e-05,-9.502972996174121e-08,0.9998710357889542,False
