time,inserted_nodes,node_count_before,node_count_after,rest_length_before,rest_length_after,rest_length_error,tail_rest_length_before,tail_rest_length_after,payout_buffer_rest_length_before,payout_buffer_rest_length_after,payout_buffer_min_rest_length_after,payout_buffer_max_rest_length_after,minimum_physical_rest_length_after,peak_tension_before,peak_tension_after,peak_tension_jump,minimum_geometric_ratio_after,peak_tension_post_step,peak_tension_post_step_jump,minimum_standard_ratio_post_step,remeshed_in_same_step
0.5357500000000001,1,103,104,1.0300016926474125,1.0300016926474123,-2.220446049250313e-16,0.011250211580926591,0.011250211580926591,0.09000169264741273,0.08437658685694943,0.0056251057904632955,0.011250211580926591,0.0056251057904632955,0.0011722994885771314,0.0011722994885771314,0.0,0.9998516523968435,0.011239244955674525,0.010066945467097393,0.9999990141858932,False
0.6275000000000001,1,104,105,1.0356416003598576,1.0356416003598574,-2.220446049250313e-16,0.011955200044982206,0.011955200044982206,0.09001649456939434,0.08368640031487545,0.005977600022491103,0.011955200044982206,0.0056251057904632955,0.0008657715278182344,0.0008657715278182344,0.0,0.9996296677158298,0.008135955834492068,0.007270184306673833,0.9999755448736452,False
0.7085,1,105,106,1.0419705712630365,1.0419705712630363,-2.220446049250313e-16,0.012746321407879556,0.012746321407879556,0.09001537121805425,0.0832466498326658,0.006373160703939778,0.012746321407879556,0.0056251057904632955,0.0007017764875540894,0.0007017764875540894,0.0,0.9995699754611466,0.006420989544555628,0.005719213057001539,0.9999681313737661,False
0.7805,1,106,107,1.0487271106176215,1.0487271106176215,0.0,0.013590888827202696,0.013590888827202696,0.09000318918725095,0.08238990038253932,0.006795444413601348,0.013590888827202696,0.0056251057904632955,0.0006087871972104255,0.0006087871972104255,0.0,0.9995239975781188,0.005360387920944822,0.004751600723734396,0.9999626980282308,False
0.8505,1,107,108,1.0563591964455268,1.0563591964455266,-2.220446049250313e-16,0.014544899555690853,0.007272449777845426,0.09002198621044458,0.0818502473586935,0.007272449777845426,0.014544899555690853,0.0056251057904632955,0.0005489159688902082,0.0005489159688902082,0.0,0.9994889455709877,0.005056550431916013,0.004507634463025805,0.9999591469487729,False
0.9165,1,108,109,1.064541287086313,1.0645412870863131,2.220446049250313e-16,0.00829521110794369,0.00829521110794369,0.09003233799947971,0.08083783781763035,0.007783830442894567,0.015567660885789134,0.0056251057904632955,0.0005079706950381607,0.0005079706950381607,0.0,0.9994619110444478,0.004415882168540032,0.003907911473501871,0.999956021413016,False
0.98275,1,109,110,1.0737325103482136,1.0737325103482138,2.220446049250313e-16,0.009444114015681241,0.009444114015681241,0.09002906107953072,0.08010794169960539,0.008358281896763336,0.01671656379352667,0.0056251057904632955,0.0004809177537120125,0.0004809177537120125,0.0,0.999443155484442,0.003809426916071404,0.0033285091623593915,0.9999535520460744,False
1.04725,1,110,111,1.0836287320904336,1.0836287320904336,0.0,0.01068114173345879,0.01068114173345879,0.09000416344182575,0.07884601634412286,0.005340570866729395,0.017953591511304195,0.005340570866729395,0.00046268936931954073,0.00046268936931954073,0.0,0.9994297596052323,0.0042696010249886895,0.003806911655669149,0.9999528904168783,False
1.11375,1,111,112,1.0948088826213778,1.0948088826213775,-2.220446049250313e-16,0.012078660549826798,0.012078660549826798,0.09002616687506693,0.07067505654739473,0.005783639942388836,0.012078660549826798,0.0056251057904632955,0.0004483173705450475,0.0004483173705450475,0.0,0.9991098403776244,0.004133724600685562,0.0036854072301405146,0.9999237367234014,False
1.21725,1,112,113,1.1141549922926115,1.1141549922926117,2.220446049250313e-16,0.014496924258731033,0.014496924258731033,0.09002116621862856,0.07661007407881543,0.0069927717968409535,0.014496924258731033,0.0056251057904632955,0.0004336435720512367,0.0004336435720512367,0.0,0.9991745676220158,0.003775212049943754,0.0033415684778925173,0.999929121641616,False
1.28275,1,113,114,1.1275897448124712,1.1275897448124712,0.0,0.0161762683237135,0.0161762683237135,0.0900448265986752,0.0749543903938796,0.005417848728492046,0.0161762683237135,0.005417848728492046,0.0004271525031802185,0.0004271525031802185,0.0,0.9991647271806392,0.0040115122287264285,0.00358435972554621,0.9999284638087304,False
1.3515,1,114,115,1.1426448696406222,1.1426448696406222,0.0,0.018058158927232372,0.018058158927232372,0.09000951522203052,0.07945550875668822,0.005881569159897194,0.018058158927232372,0.0056251057904632955,0.0004215673160934937,0.0004215673160934937,0.0,0.9989413162651061,0.003909182677439678,0.003487615361346184,0.9999080971474469,False
1.3975,1,115,116,1.1532412782542496,1.1532412782542494,-2.220446049250313e-16,0.019382710003935773,0.019382710003935773,0.09005191737031538,0.0781733598282697,0.006543844698248892,0.019382710003935773,0.0056251057904632955,0.0004185273844362343,0.0004185273844362343,0.0,0.9988849657727623,0.00380449212866487,0.0033859647442286357,0.9999027584917507,False
1.447,1,116,117,1.1650909185738887,1.1650909185738882,-4.440892098500626e-16,0.02086391504389067,0.02086391504389067,0.09002300014790884,0.08199795040970506,0.005052747724334603,0.02086391504389067,0.005052747724334603,0.0004158049549899236,0.0004158049549899236,0.0,0.9989599934845348,0.00396807285799532,0.0035522679030053966,0.9999097345501153,False
1.4795,1,117,118,1.1731122505607345,1.1731122505607345,0.0,0.021866581542246435,0.021866581542246435,0.0900192823965513,0.08099156615999174,0.005554080973512496,0.021866581542246435,0.005554080973512496,0.0004140626255279456,0.0004140626255279456,0.0,0.9985876474535693,0.00391841142500883,0.0035043487994808847,0.999875908127512,False
1.51525,1,118,119,1.1821466924359563,1.1821466924359563,0.0,0.022995886776649137,0.022995886776649137,0.09002600803521338,0.0792067110258994,0.005409648504656986,0.022995886776649137,0.005409648504656986,0.0004125345626121088,0.0004125345626121088,0.0,0.9986895974773854,0.0038927686282122682,0.0034802340656001594,0.9998850702652734,False
1.557,1,119,120,1.1929638372446594,1.1929638372446594,0.0,0.02434802987773697,0.02434802987773697,0.09002385583460207,0.08326206422885725,0.006761791605744819,0.02434802987773697,0.0056251057904632955,0.00041113614077687094,0.00041113614077687094,0.0,0.9986707924561811,0.0037286365658739315,0.0033175004250970606,0.999883228702672,False
1.5825,1,120,121,1.199704853435747,1.199704853435747,0.0,0.025190656901622952,0.025190656901622952,0.09000308041994512,0.0823986617903143,0.005173178264694878,0.025190656901622952,0.005173178264694878,0.0004099843604725268,0.0004099843604725268,0.0,0.9988010689009091,0.003924623118494973,0.003514638758022446,0.9998952234516353,False
1.611,1,121,122,1.2073530477603804,1.2073530477603804,0.0,0.02614668119220213,0.02614668119220213,0.09004685611494768,0.08021267549147951,0.005167756936323038,0.02614668119220213,0.005167756936323038,0.00040913080436297267,0.00040913080436297267,0.0,0.9984883076682878,0.003912812574297771,0.003503681769934798,0.9998668618440836,False
1.647,1,122,123,1.2171767037172285,1.2171767037172283,-2.220446049250313e-16,0.027374638186808128,0.027374638186808128,0.09003633144832757,0.07897419383025336,0.005781735433626044,0.027374638186808128,0.0056251057904632955,0.0004085180284841869,0.0004085180284841869,0.0,0.9985251352353379,0.0039022237257988236,0.0034937056973146367,0.9998701214219067,False
1.68675,1,123,124,1.2282198608725885,1.2282198608725885,0.0,0.028755032831228128,0.028755032831228128,0.09001735098561345,0.08285522090756739,0.006955366229497474,0.028755032831228128,0.0056251057904632955,0.0004082603086217121,0.0004082603086217121,0.0,0.9986596114331777,0.003811836052093929,0.0034035757434722168,0.9998822478988975,False
1.71225,1,124,125,1.2354041740584416,1.2354041740584416,0.0,0.02965307197945977,0.014826535989729885,0.09003953409342048,0.0819793648671428,0.007853405377729107,0.014826535989729885,0.0056251057904632955,0.00040802338752331116,0.00040802338752331116,0.0,0.9987653034984459,0.0032340788036441977,0.0028260554161208865,0.9998911910345613,False
1.7405,1,125,126,1.2434471264905904,1.2434471264905904,0.0,0.015831905043748498,0.015831905043748498,0.09002231729929168,0.08034280052169238,0.005320481198275159,0.015831905043748498,0.005320481198275159,0.0004247053828521938,0.0004247053828521938,0.0,0.9988943102378415,0.0038611123705673753,0.0034364069877151817,0.9999037936377578,False
1.77425,1,126,127,1.2531615218450676,1.2531615218450678,2.220446049250313e-16,0.01704620446305815,0.01704620446305815,0.09005719587616959,0.07916337967926063,0.0050365369255286835,0.01704620446305815,0.0050365369255286835,0.00041304100276074287,0.00041304100276074287,0.0,0.9984822581560937,0.0038358681930214245,0.0034228271902606816,0.9998662277505964,False
1.8115,1,127,128,1.2640017936399481,1.264001793639948,-2.220446049250313e-16,0.01840123843741823,0.01840123843741823,0.09000365147414127,0.08339850357903125,0.006391570899888764,0.01840123843741823,0.0056251057904632955,0.0004088148374648236,0.0004088148374648236,0.0,0.9984314589556568,0.0038389147221873088,0.003430099884722485,0.999861616995708,False
1.83425,1,128,129,1.2706759145665716,1.2706759145665716,0.0,0.019235503553246134,0.019235503553246134,0.09007262450565451,0.08263321149471656,0.0061311864706226765,0.019235503553246134,0.0056251057904632955,0.0004084329293480855,0.0004084329293480855,0.0,0.9986052535742129,0.003858730372180312,0.0034502974428322264,0.9998774286536115,False
1.85925,1,129,130,1.2780507062787296,1.2780507062787299,2.220446049250313e-16,0.020157352517265914,0.020157352517265914,0.09000800320687476,0.08036207453508218,0.007053035434642446,0.020157352517265914,0.0056251057904632955,0.00040838092338603264,0.00040838092338603264,0.0,0.9985632471780083,0.00305309335790388,0.0026447124345178475,0.9998727742038489,False
1.89175,1,130,131,1.2876919273634724,1.2876919273634724,0.0,0.02136250515285873,0.02136250515285873,0.0900032956198247,0.084577754966132,0.005425540653692692,0.02136250515285873,0.005425540653692692,0.00040953083561062905,0.00040953083561062905,0.0,0.9987665079688207,0.0038874469692139445,0.003477916133603315,0.9998921404771577,False
1.9100000000000001,1,131,132,1.2931280039633997,1.2931280039633997,0.0,0.02204201472784965,0.02204201472784965,0.09001383156605945,0.08390878133737582,0.005016173595160097,0.02204201472784965,0.005016173595160097,0.0004103186778676767,0.0004103186778676767,0.0,0.9983254364401207,0.0039295935508633015,0.0035192748729956248,0.9998520274953352,False
1.9305,1,132,133,1.2992494756727733,1.2992494756727733,0.0,0.02280719869152132,0.02280719869152132,0.09003025304674914,0.08463148746975321,0.005398765576995928,0.02280719869152132,0.005398765576995928,0.00041135691414678635,0.00041135691414678635,0.0,0.9982272397161328,0.00394652371750643,0.0035351668033596433,0.9998431091855878,False
1.9485000000000001,1,133,134,1.3046349664380172,1.3046349664380172,0.0,0.023480385037176813,0.023480385037176813,0.09001697823499717,0.08394502631234575,0.005188033977276673,0.023480385037176813,0.005188033977276673,0.0004125427590404094,0.0004125427590404094,0.0,0.9983096421991312,0.00399465625702243,0.0035821134979820207,0.9998506273081765,False
1.96875,1,134,135,1.3107022169732168,1.3107022169732165,-2.220446049250313e-16,0.024238791354076788,0.024238791354076788,0.09001227684754536,0.08279932662615813,0.005567237135726644,0.024238791354076788,0.005398765576995928,0.0004139751514355462,0.0004139751514355462,0.0,0.9982717637183555,0.004010668522143036,0.0035966933707074896,0.9998472072401346,False
1.993,1,135,136,1.3179750230192087,1.3179750230192087,0.0,0.025147892109825785,0.025147892109825785,0.09007213267215017,0.08195008169501394,0.006476337891475648,0.025147892109825785,0.005398765576995928,0.0004158703251842988,0.0004158703251842988,0.0,0.998412516688544,0.003990877989162946,0.0035750076639786475,0.9998599930388838,False
2.02,1,136,137,1.3260750000000006,1.3260750000000006,0.0,0.02616038923242483,0.02616038923242483,0.09005005867580579,0.08218202050328122,0.007488835014074593,0.02616038923242483,0.005398765576995928,0.0004182014208136862,0.0004182014208136862,0.0,0.998627766168242,0.00362041992220679,0.003202218501393104,0.9998792411628076,False
2.04625,1,137,138,1.333950000000001,1.333950000000001,0.0,0.02714476423242493,0.013572382116212464,0.09005702050328157,0.08120460733075695,0.008473210014074615,0.013572382116212464,0.005398765576995928,0.00042060409798084977,0.00042060409798084977,0.0,0.9987877592332292,0.0028273331873195293,0.0024067290893386795,0.999892927870161,False
2.07575,1,138,139,1.3428000000000013,1.3428000000000013,0.0,0.01467863211621251,0.01467863211621251,0.09005460733075732,0.08047514731668265,0.005318865024097743,0.01467863211621251,0.005318865024097743,0.00044245701471904765,0.00044245701471904765,0.0,0.9989283566825767,0.004021955113421238,0.003579498098702191,0.9999070156561286,False
2.1075,1,139,140,1.3523250000000016,1.3523250000000016,0.0,0.01586925711621258,0.01586925711621258,0.09000014731668296,0.07923006230260825,0.005914177524097769,0.01586925711621258,0.005398765576995928,0.0004333711743795257,0.0004333711743795257,0.0,0.998420639202777,0.004045774744146927,0.003612403569767401,0.9998608492438569,False
2.1435,1,140,141,1.363125000000002,1.363125000000002,0.0,0.01721925711621271,0.01721925711621271,0.0900300623026085,0.08217057227851081,0.006336053243448055,0.01721925711621271,0.005398765576995928,0.00043053360900892107,0.00043053360900892107,0.0,0.9985852929867913,0.004095262876014333,0.003664729267005412,0.999875860087006,False
2.16975,1,141,142,1.3710000000000018,1.371000000000002,2.220446049250313e-16,0.018203632116212794,0.018203632116212794,0.09004557227851093,0.08120170725441322,0.006828240743448068,0.018203632116212794,0.005398765576995928,0.00043080645257485037,0.00043080645257485037,0.0,0.9985962419303692,0.004019994689327427,0.003589188236752577,0.9998768078520215,False
2.19925,1,142,143,1.3798500000000025,1.3798500000000025,0.0,0.019309882116212904,0.019309882116212904,0.09005170725441353,0.08069690473031577,0.007934490743448052,0.019309882116212904,0.005398765576995928,0.00043208064422385725,0.00043208064422385725,0.0,0.9987053332113887,0.0030720816616800067,0.0026400010174561497,0.9998856609426574,False
2.2305,1,143,144,1.3892250000000028,1.3892250000000028,0.0,0.020481757116213018,0.020481757116213018,0.09007190473031619,0.08480856596826727,0.005263338762048911,0.020481757116213018,0.005263338762048911,0.0004344843165923738,0.0004344843165923738,0.0,0.9988725923433432,0.004142372779141035,0.003707888462548661,0.999902096816077,False
2.248,1,144,145,1.394475000000003,1.394475000000003,0.0,0.021138007116213085,0.021138007116213085,0.0900585659682675,0.0841389772062186,0.005127401621724054,0.021138007116213085,0.005127401621724054,0.000435490895374987,0.000435490895374987,0.0,0.9982629191162158,0.0041762395043648814,0.0037407486089898944,0.9998466522653037,False
2.26775,1,145,146,1.4004000000000032,1.4004000000000032,0.0,0.021878632116213163,0.021878632116213163,0.09006397720621884,0.08419595058449479,0.005497714121724072,0.021878632116213163,0.005263338762048911,0.00043682197307965613,0.00043682197307965613,0.0,0.9982476291258533,0.004204993292169449,0.0037681713190897926,0.9998452783010277,False
2.2872500000000002,1,146,147,1.4062500000000033,1.406250000000003,-2.220446049250313e-16,0.022609882116213228,0.022609882116213228,0.09004595058449488,0.08344667396277086,0.005617245371724092,0.022609882116213228,0.005263338762048911,0.0004381733811873376,0.0004381733811873376,0.0,0.998349478830585,0.004228599007427499,0.0037904256262401613,0.9998545497935667,False
2.30925,1,147,148,1.4128500000000033,1.4128500000000033,0.0,0.0234348821162133,0.0234348821162133,0.09004667396277091,0.0829927098410469,0.006029745371724105,0.0234348821162133,0.005263338762048911,0.00043964419960397494,0.00043964419960397494,0.0,0.9984043165948436,0.0042449892745102,0.0038053450749062252,0.9998595477901654,False
2.33275,1,148,149,1.4199000000000035,1.4199000000000035,0.0,0.024316132116213397,0.024316132116213397,0.09004270984104702,0.082107495719323,0.006910995371724095,0.024316132116213397,0.005263338762048911,0.00044119767302243287,0.00044119767302243287,0.0,0.9985129293614856,0.004184016489214834,0.003742818816192401,0.9998693679587297,False
2.35925,1,149,150,1.4278500000000036,1.4278500000000034,-2.220446049250313e-16,0.025309882116213493,0.025309882116213493,0.09005749571932313,0.08174025034759906,0.007827470529053348,0.025309882116213493,0.005263338762048911,0.0004429666201567937,0.0004429666201567937,0.0,0.998700531978844,0.00375464171723143,0.0033116750970746366,0.9998860248776049,False
2.387,1,150,151,1.436175000000004,1.436175000000004,0.0,0.026350507116213583,0.013175253558106791,0.09006525034759937,0.08070737997587529,0.008868095529053379,0.013175253558106791,0.005263338762048911,0.00044497222822896033,0.00044497222822896033,0.0,0.9988423769418386,0.0028763292645010707,0.0024313570362721106,0.9998977522760046,False
2.418,1,151,152,1.4454750000000043,1.4454750000000043,0.0,0.014337753558106842,0.014337753558106842,0.09000737997587568,0.07989950960415153,0.005053935185862078,0.014337753558106842,0.005053935185862078,0.00046746857107474084,0.00046746857107474084,0.0,0.9989771131078693,0.004227511055491989,0.0037600424844172484,0.9999117564806529,False
2.45175,1,152,153,1.4556000000000044,1.4556000000000044,0.0,0.01560337855810689,0.01560337855810689,0.09002450960415176,0.08370494941828971,0.005896547764526732,0.01560337855810689,0.005263338762048911,0.00045719989884747837,0.00045719989884747837,0.0,0.9983733122593336,0.004281694921929147,0.0038244950230816683,0.999856809135724,False
2.47275,1,153,154,1.4619000000000046,1.4619000000000046,0.0,0.01639087855810696,0.01639087855810696,0.09000494941828988,0.08289788923242784,0.006290297764526746,0.01639087855810696,0.005263338762048911,0.0004545435765369943,0.0004545435765369943,0.0,0.9984623214158754,0.004305436238680162,0.0038508926621431674,0.9998649152720972,False
2.4965,1,154,155,1.469025000000005,1.469025000000005,0.0,0.017281503558107054,0.017281503558107054,0.09002288923242804,0.08244821646790135,0.006487172764526773,0.017281503558107054,0.005263338762048911,0.0004533951373284447,0.0004533951373284447,0.0,0.9985691137603653,0.0043106597639306216,0.003857264626602177,0.9998746330465924,False
2.52175,1,155,156,1.4766000000000052,1.476600000000005,-2.220446049250313e-16,0.018228378558107154,0.018228378558107154,0.09002321646790161,0.08150166870337489,0.006960610264526795,0.018228378558107154,0.005263338762048911,0.0004534315715468149,0.0004534315715468149,0.0,0.9986180561306898,0.004222866762879522,0.0037694351913327073,0.9998790224219656,False
2.55025,1,156,157,1.4851500000000053,1.4851500000000053,0.0,0.019297128558107248,0.019297128558107248,0.09005166870337511,0.08085512093884835,0.008029360264526775,0.019297128558107248,0.005263338762048911,0.0004542776495045722,0.0004542776495045722,0.0,0.9987209690399631,0.0032049207972362076,0.0027506431477316356,0.9998872223105738,False
2.58075,1,157,158,1.4943000000000057,1.4943000000000057,0.0,0.020440878558107358,0.020440878558107358,0.09000512093884877,0.08483497205658536,0.005170148882263406,0.020440878558107358,0.005170148882263406,0.0004562440448525938,0.0004562440448525938,0.0,0.99888110513356,0.004359703281888394,0.0039034592370358005,0.9999031197537622,False
2.598,1,158,159,1.499475000000006,1.499475000000006,0.0,0.02108775355810743,0.02108775355810743,0.09000997205658562,0.08419294817432221,0.005146711382263421,0.02108775355810743,0.005146711382263421,0.0004568359574440722,0.0004568359574440722,0.0,0.9982324742420173,0.004392277823770871,0.003935441866326799,0.999844131704787,False
2.6175,1,159,160,1.505325000000006,1.505325000000006,0.0,0.021819003558107494,0.021819003558107494,0.09004294817432236,0.08416498679205896,0.005512336382263433,0.021819003558107494,0.005170148882263406,0.0004577924951375544,0.0004577924951375544,0.0,0.9982508676675723,0.004414729776864669,0.0039569372817271145,0.9998458156264256,False
2.637,1,160,161,1.5111750000000064,1.5111750000000062,-2.220446049250313e-16,0.02255025355810756,0.02255025355810756,0.09001498679205905,0.08340577540979567,0.005641242632263449,0.02255025355810756,0.005170148882263406,0.0004588266268459515,0.0004588266268459515,0.0,0.9983536192019495,0.004430398319009057,0.003971571692163106,0.9998551627978238,False
2.6590000000000003,1,161,162,1.5177750000000063,1.5177750000000065,2.220446049250313e-16,0.02337525355810765,0.02337525355810765,0.09000577540979585,0.08293718902753244,0.00605374263226347,0.02337525355810765,0.005170148882263406,0.0004599356543611861,0.0004599356543611861,0.0,0.9984105143639318,0.004439252957078189,0.003979317302717003,0.9998603388685812,False
2.68275,1,162,163,1.5249000000000064,1.5249000000000064,0.0,0.02426587855810774,0.02426587855810774,0.09006218902753255,0.08210297764526915,0.006944367632263454,0.02426587855810774,0.005170148882263406,0.0004611103524973215,0.0004611103524973215,0.0,0.998520352176184,0.004363532319779234,0.0039024219672819127,0.9998702534993679,False
2.70925,1,163,164,1.5328500000000065,1.5328500000000065,0.0,0.025259628558107837,0.025259628558107837,0.09005297764526929,0.08170236001300586,0.007805532139526934,0.025259628558107837,0.005170148882263406,0.00046243653046623744,0.00046243653046623744,0.0,0.99870626245584,0.003908517252041756,0.0034460807215755183,0.9998867236770383,False
2.737,1,164,165,1.541175000000007,1.5411750000000068,-2.220446049250313e-16,0.026300253558107927,0.013150126779053964,0.09002736001300617,0.0806361173807427,0.008846157139526965,0.013150126779053964,0.005170148882263406,0.00046399765216136545,0.00046399765216136545,0.0,0.998839730737416,0.0029804805983581484,0.002516482946196783,0.9998976122432529,False
2.76825,1,165,166,1.5505500000000072,1.5505500000000072,0.0,0.01432200177905401,0.01432200177905401,0.09001111738074306,0.07986049974847956,0.005075308816131757,0.01432200177905401,0.005075308816131757,0.0004874496475347907,0.0004874496475347907,0.0,0.9989760326920772,0.004392051510649489,0.0039046018631146984,0.9999118483215672,False
2.80225,1,166,167,1.5607500000000076,1.5607500000000076,0.0,0.015597001779054069,0.015597001779054069,0.09006049974847986,0.08371019093234813,0.0058949535697635285,0.015597001779054069,0.005170148882263406,0.00047583630837639884,0.00047583630837639884,0.0,0.9983814228646244,0.004446064061354567,0.003970227752978168,0.9998577357902052,False
2.8232500000000003,1,167,168,1.5670500000000076,1.5670500000000076,0.0,0.01638450177905414,0.01638450177905414,0.09001019093234829,0.08287238211621657,0.006288703569763542,0.01638450177905414,0.005170148882263406,0.0004725639930353887,0.0004725639930353887,0.0,0.9984621648288234,0.004470584421719943,0.003998020428684555,0.9998650902159529,False
2.8472500000000003,1,168,169,1.574250000000008,1.5742500000000077,-2.220446049250313e-16,0.017284501779054228,0.017284501779054228,0.09007238211621674,0.08248992854645325,0.006490266069763567,0.017284501779054228,0.005170148882263406,0.0004708325475179568,0.0004708325475179568,0.0,0.9985708805515413,0.004474803467526052,0.004003970920008095,0.9998749810406964,False
2.8725,1,169,170,1.581825000000008,1.581825000000008,0.0,0.01823137677905431,0.01823137677905431,0.09006492854645338,0.08153559997668988,0.006963703569763582,0.01823137677905431,0.005170148882263406,0.00047038446197373185,0.00047038446197373185,0.0,0.998618842431951,0.004378235513908785,0.003907851051935053,0.9998792719960923,False
2.90075,1,170,171,1.5903000000000085,1.5903000000000085,0.0,0.019290751779054427,0.019290751779054427,0.09001059997669028,0.0808156464069267,0.008023078569763581,0.019290751779054427,0.005170148882263406,0.0004707342441310515,0.0004707342441310515,0.0,0.9987201684739369,0.003316168049301002,0.0028454338051699503,0.9998872691765069,False
2.9315,1,171,172,1.5995250000000087,1.5995250000000087,0.0,0.020443876779054532,0.020443876779054532,0.09004064640692709,0.08486660712204529,0.005174039284881802,0.020443876779054532,0.005170148882263406,0.00047225298197943856,0.00047225298197943856,0.0,0.9988816854967824,0.004520087005926668,0.00404783402394723,0.9999033556222565,False
2.94875,1,172,173,1.6047000000000091,1.6047000000000091,0.0,0.021090751779054586,0.021090751779054586,0.09004160712204543,0.08422069283716366,0.005148258034881811,0.021090751779054586,0.005148258034881811,0.00047250933703186257,0.00047250933703186257,0.0,0.9982338596246091,0.004551938976025294,0.004079429638993431,0.9998444396919315,False
2.9682500000000003,1,173,174,1.6105500000000093,1.6105500000000093,0.0,0.02182200177905467,0.02182200177905467,0.0900706928371639,0.0841911848022821,0.005513883034881831,0.02182200177905467,0.005170148882263406,0.00047314638926540455,0.00047314638926540455,0.0,0.9982515270718619,0.004572098685255488,0.0040989522959900835,0.99984605478566,False
2.98775,1,174,175,1.6164000000000094,1.6164000000000094,0.0,0.022553251779054734,0.022553251779054734,0.0900411848022822,0.08343042676740042,0.00564278928488185,0.022553251779054734,0.005170148882263406,0.00047390495936330595,0.00047390495936330595,0.0,0.9983542217778665,0.004580518484838342,0.004106613525475036,0.9998553921268153,False
3.00975,1,175,176,1.6230000000000095,1.6230000000000095,0.0,0.023378251779054823,0.023378251779054823,0.09003042676740058,0.08296029373251879,0.006055289284881871,0.023378251779054823,0.005170148882263406,0.00047471171301521203,0.00047471171301521203,0.0,0.9984110842069688,0.004584077120018973,0.004109365407003761,0.9998605589578451,False
3.0332500000000002,1,176,177,1.6300500000000093,1.6300500000000095,2.220446049250313e-16,0.024259501779054903,0.024259501779054903,0.0900102937325188,0.08205891069763702,0.006936539284881844,0.024259501779054903,0.005170148882263406,0.0004755515413770755,0.0004755515413770755,0.0,0.9985188585551057,0.004497020461116857,0.004021468919739782,0.9998702734545597,False
3.05975,1,177,178,1.6380000000000094,1.6380000000000097,2.220446049250313e-16,0.025253251779055,0.025253251779055,0.09000891069763715,0.08166612141275534,0.007803937944763721,0.025253251779055,0.005170148882263406,0.0004764967465829391,0.0004764967465829391,0.0,0.9987051583327141,0.004025250416100613,0.0035487536695176744,0.9998867572457971,False
3.08775,1,178,179,1.64640000000001,1.64640000000001,0.0,0.0263032517790551,0.01315162588952755,0.09006612141275572,0.08067333212787386,0.008853937944763763,0.01315162588952755,0.005170148882263406,0.0004776818153314921,0.0004776818153314921,0.0,0.9988409278716357,0.0030663837251340004,0.002588701909802508,0.9998978075449573,False
3.119,1,179,180,1.6557750000000104,1.6557750000000104,0.0,0.014323500889527597,0.014323500889527597,0.09004833212787423,0.08497224998543328,0.0050760821424409575,0.014323500889527597,0.0050760821424409575,0.000501908713902663,0.000501908713902663,0.0,0.9989769814649767,0.004509616329974465,0.004007707616071802,0.9999120702898817,False
3.136,1,180,181,1.6608750000000103,1.6608750000000103,0.0,0.014961000889527619,0.014961000889527619,0.09007224998543341,0.08435866784299248,0.005394832142440968,0.014961000889527619,0.0050760821424409575,0.0004945783629716087,0.0004945783629716087,0.0,0.9982005535202243,0.0045046802711448675,0.004010101908173259,0.9998413901994668,False
3.1550000000000002,1,181,182,1.6665750000000106,1.6665750000000106,0.0,0.015673500889527653,0.015673500889527653,0.09005866784299264,0.08395133570055169,0.005936343972381925,0.015673500889527653,0.0050760821424409575,0.000488856825743644,0.000488856825743644,0.0,0.9983169473135043,0.004551144294505073,0.004062287468761429,0.9998519941446479,False
3.17525,1,182,183,1.6726500000000106,1.6726500000000106,0.0,0.016432875889527722,0.016432875889527722,0.09002633570055184,0.0831596285581109,0.006316031472381938,0.016432875889527722,0.0050760821424409575,0.0004852278776589741,0.0004852278776589741,0.0,0.9984653637065771,0.004582222406893072,0.004096994529234097,0.999865507832062,False
3.1982500000000003,1,183,184,1.679550000000011,1.679550000000011,0.0,0.01729537588952781,0.01729537588952781,0.09005962855811109,0.08250140958572921,0.006498843972381964,0.01729537588952781,0.0050760821424409575,0.0004831142379107807,0.0004831142379107807,0.0,0.9985689905984247,0.004585327434742235,0.004102213196831454,0.9998749355636651,False
3.22325,1,184,185,1.6870500000000113,1.6870500000000113,0.0,0.0182328758895279,0.0182328758895279,0.09000140958572937,0.08150569061334748,0.006967593972381981,0.0182328758895279,0.0050760821424409575,0.0004822409203993494,0.0004822409203993494,0.0,0.9986188378566245,0.004485493172034186,0.004003252251634836,0.9998793945995078,False
3.25175,1,185,186,1.6956000000000115,1.6956000000000115,0.0,0.01930162588952801,0.01930162588952801,0.09005569061334782,0.08087090914096587,0.008036343972381975,0.01930162588952801,0.0050760821424409575,0.00048218118974264416,0.00048218118974264416,0.0,0.9987224344084314,0.0033985479147883996,0.0029163667250457553,0.9998875641468543,False
3.28225,1,186,187,1.704750000000012,1.704750000000012,0.0,0.02044537588952812,0.02044537588952812,0.09002090914096628,0.08485664340477528,0.005164265736191004,0.02044537588952812,0.0050760821424409575,0.0004833484063021115,0.0004833484063021115,0.0,0.9988823019834618,0.0046314863746408225,0.004148137968338711,0.9999035390478811,False
3.2995,1,187,188,1.7099250000000121,1.7099250000000121,0.0,0.021092250889528173,0.021092250889528173,0.0900316434047754,0.08422050266858441,0.005147859486191012,0.021092250889528173,0.0050760821424409575,0.0004833245119070525,0.0004833245119070525,0.0,0.9982310194388792,0.004662842840030018,0.0041795183281229656,0.9998443081289741,False
3.319,1,188,189,1.7157750000000123,1.7157750000000123,0.0,0.021823500889528256,0.021823500889528256,0.09007050266858468,0.08419139318239369,0.005513484486191032,0.021823500889528256,0.0050760821424409575,0.0004836923305963668,0.0004836923305963668,0.0,0.998251545916267,0.004681531751092836,0.004197839420496469,0.99984618125211,False
3.3385000000000002,1,189,190,1.7216250000000124,1.7216250000000124,0.0,0.02255475088952832,0.02255475088952832,0.09004139318239378,0.08343103369620279,0.0056447344861910494,0.02255475088952832,0.0050760821424409575,0.0004842239313076613,0.0004842239313076613,0.0,0.998354250757206,0.004684440146970205,0.004200216215662544,0.9998555159767818,False
3.3605,1,190,191,1.7282250000000126,1.7282250000000126,0.0,0.023379750889528393,0.023379750889528393,0.09003103369620283,0.08296129921001184,0.006057234486191062,0.023379750889528393,0.0050760821424409575,0.00048478872008689364,0.00048478872008689364,0.0,0.998411693889946,0.0046839310302073285,0.004199142310120435,0.9998607308122782,False
3.384,1,191,192,1.7352750000000128,1.7352750000000128,0.0,0.02426100088952849,0.02426100088952849,0.090011299210012,0.08206031472382103,0.006938484486191052,0.02426100088952849,0.0050760821424409575,0.0004853659890063952,0.0004853659890063952,0.0,0.9985194010890214,0.004589195300295501,0.004103829311289105,0.9998704304727859,False
3.4105,1,192,193,1.743225000000013,1.7432250000000127,-2.220446049250313e-16,0.025254750889528586,0.025254750889528586,0.09001031472382114,0.08166558023763013,0.007801968972382119,0.025254750889528586,0.0050760821424409575,0.000486010389903932,0.000486010389903932,0.0,0.9987055991168002,0.004104858902587515,0.0036188485126835827,0.999886888838182,False
3.4385,1,193,194,1.751625000000013,1.751625000000013,0.0,0.02630475088952869,0.013152375444764344,0.09006558023763052,0.08067084575143946,0.00885196897238216,0.013152375444764344,0.0050760821424409575,0.00048688637349718464,0.00048688637349718464,0.0,0.9988407853156482,0.003121910281726009,0.0026350239082288244,0.9998978486472958,False
3.46975,1,194,195,1.7610000000000134,1.7610000000000134,0.0,0.01432425044476439,0.01432425044476439,0.09004584575143983,0.08496879100834426,0.005077054743095561,0.01432425044476439,0.0050760821424409575,0.0005116317728876231,0.0005116317728876231,0.0,0.9989768808045294,0.004588816573758835,0.0040771848008712116,0.999912152888791,False
3.4867500000000002,1,195,196,1.7661000000000135,1.7661000000000135,0.0,0.014961750444764412,0.014961750444764412,0.09006879100834439,0.08435423626524885,0.005395804743095572,0.014961750444764412,0.0050760821424409575,0.0005040262798809113,0.0005040262798809113,0.0,0.9982009440868718,0.004569305146072386,0.004065278866191475,0.9998415015714368,False
3.50575,1,196,197,1.7718000000000136,1.7718000000000136,0.0,0.015674250444764448,0.015674250444764448,0.09005423626524903,0.08394593152215347,0.005935359486191124,0.015674250444764448,0.0050760821424409575,0.0004978267144581706,0.0004978267144581706,0.0,0.9983172999961093,0.004616229325999588,0.0041184026115414175,0.9998521019506296,False
3.5260000000000002,1,197,198,1.7778750000000139,1.7778750000000139,0.0,0.016433625444764517,0.016433625444764517,0.09002093152215362,0.08315325177905808,0.006315046986191137,0.016433625444764517,0.0050760821424409575,0.0004937283968395206,0.0004937283968395206,0.0,0.998465225804936,0.004650839577689712,0.004157111180850192,0.9998655743769047,False
3.549,1,198,199,1.7847750000000138,1.784775000000014,2.220446049250313e-16,0.017296125444764606,0.017296125444764606,0.09005325177905826,0.0824960172928672,0.006497859486191162,0.017296125444764606,0.0050760821424409575,0.0004911894465396369,0.0004911894465396369,0.0,0.9985688856520805,0.004656034056995384,0.004164844610455747,0.9998750071252624,False
3.57425,1,199,200,1.792350000000014,1.7923500000000139,-2.220446049250313e-16,0.01824300044476469,0.01824300044476469,0.0900710172928673,0.0815669078066762,0.0069712969861911766,0.01824300044476469,0.0050760821424409575,0.0004899469684333419,0.0004899469684333419,0.0,0.9986204950399997,0.004555431378262004,0.004065484409828662,0.9998796254428466,False
3.6025,1,200,201,1.8008250000000143,1.8008250000000143,0.0,0.019302375444764788,0.019302375444764788,0.09004190780667648,0.08085811082048533,0.008030671986191161,0.019302375444764788,0.0050760821424409575,0.0004895755651749617,0.0004895755651749617,0.0,0.9987216200482377,0.0034464197827211995,0.0029568442175462377,0.9998875401092816,False
3.633,1,201,202,1.8099750000000148,1.8099750000000148,0.0,0.020446125444764898,0.020446125444764898,0.09000811082048576,0.08484433732739016,0.005163773493095596,0.020446125444764898,0.0050760821424409575,0.0004904425274460626,0.0004904425274460626,0.0,0.9988816984518634,0.004703610053668358,0.004213167526222296,0.9999035667779477,False
3.65025,1,202,203,1.8151500000000151,1.8151500000000151,0.0,0.02109300044476497,0.02109300044476497,0.09001933732739041,0.08420868883429483,0.005147367243095611,0.02109300044476497,0.0050760821424409575,0.0004901945878094123,0.0004901945878094123,0.0,0.9982309593484312,0.004734503216009961,0.0042443086282005485,0.9998443846465002,False
3.66975,1,203,204,1.8210000000000153,1.8210000000000153,0.0,0.021824250444765034,0.021824250444765034,0.09005868883429496,0.08418007159119938,0.005512992243095623,0.021824250444765034,0.0050760821424409575,0.0004903493703773884,0.0004903493703773884,0.0,0.9982514883479986,0.004752257579741723,0.004261908209364334,0.9998462567868986,False
3.68925,1,204,205,1.8268500000000154,1.8268500000000154,0.0,0.022555500444765116,0.022555500444765116,0.0900300715911996,0.08342020434810402,0.0056418984930956505,0.022555500444765116,0.0050760821424409575,0.00049070187668373,0.00049070187668373,0.0,0.9983542074975401,0.0047510738809488015,0.004260372004265071,0.9998555902995017,False
3.71125,1,205,206,1.8334500000000153,1.8334500000000153,0.0,0.02338050044476519,0.02338050044476519,0.09002020434810404,0.08295096210500846,0.006054398493095663,0.02338050044476519,0.0050760821424409575,0.0004910749220316207,0.0004910749220316207,0.0,0.9984110783333122,0.004747318495518363,0.004256243573486742,0.9998607492956384,False
3.73475,1,206,207,1.8405000000000156,1.8405000000000156,0.0,0.02426175044476527,0.02426175044476527,0.09000096210500849,0.08205046986191292,0.006935648493095636,0.02426175044476527,0.0050760821424409575,0.0004914519400566079,0.0004914519400566079,0.0,0.9985188730981595,0.004646340090887536,0.004154888150830928,0.999870449805429,False
3.76125,1,207,208,1.8484500000000157,1.8484500000000157,0.0,0.02525550044476538,0.02525550044476538,0.09000046986191318,0.08165857136881755,0.007802156361191321,0.02525550044476538,0.0050760821424409575,0.0004918623118888781,0.0004918623118888781,0.0,0.9987052106542604,0.004151628066149188,0.0036597657542603097,0.9998869076845287,False
3.78925,1,208,209,1.8568500000000159,1.856850000000016,2.220446049250313e-16,0.026305500444765467,0.013152750222382733,0.09005857136881781,0.08066667287572216,0.008852156361191346,0.013152750222382733,0.0050760821424409575,0.0004924984414455257,0.0004924984414455257,0.0,0.9988408821859197,0.003150800227601641,0.0026583017861561155,0.9998978825112246,False
3.8205,1,209,210,1.8662250000000165,1.8662250000000167,2.220446049250313e-16,0.01432462522238278,0.01432462522238278,0.09004167287572254,0.08496603612917468,0.005075636746547854,0.01432462522238278,0.005075636746547854,0.0005175631651930556,0.0005175631651930556,0.0,0.9989769648960654,0.0046389456268408485,0.004121382461647793,0.999912218975165,False
3.8375,1,210,211,1.871325000000017,1.8713250000000168,-2.220446049250313e-16,0.014962125222382817,0.014962125222382817,0.09006603612917494,0.08435289938262709,0.005394386746547872,0.014962125222382817,0.005075636746547854,0.000509868879758851,0.000509868879758851,0.0,0.9982005393099155,0.0046020075241603245,0.0040921386444014735,0.9998415039280799,False
3.8565,1,211,212,1.877025000000017,1.8770250000000168,-2.220446049250313e-16,0.015674625222382835,0.015674625222382835,0.09005289938262714,0.0839460126360793,0.005935453180595722,0.015674625222382835,0.005075636746547854,0.0005033280639562832,0.0005033280639562832,0.0,0.9983169487383096,0.004647081788817495,0.004143753724861212,0.9998521066685442,False
3.87675,1,212,213,1.8831000000000173,1.8831000000000173,0.0,0.016434000222382922,0.016434000222382922,0.09002101263607956,0.08315475088953173,0.006315140680595742,0.016434000222382922,0.005075636746547854,0.0004988436473064052,0.0004988436473064052,0.0,0.998465292468691,0.004684919383297778,0.004186075735991373,0.9998656202286599,False
3.89975,1,213,214,1.8900000000000172,1.8900000000000174,2.220446049250313e-16,0.017296500222382993,0.017296500222382993,0.0900547508895318,0.08249742270893612,0.006497953180595755,0.017296500222382993,0.005075636746547854,0.000495940187170761,0.000495940187170761,0.0,0.9985689539794164,0.0046930860858213075,0.0041971458986505466,0.9998750561660946,False
3.9250000000000003,1,214,215,1.8975750000000176,1.8975750000000176,0.0,0.018243375222383094,0.018243375222383094,0.09007242270893637,0.08156821952834066,0.006971390680595778,0.018243375222383094,0.005075636746547854,0.0004943953425652772,0.0004943953425652772,0.0,0.9986205645107484,0.004591919398387226,0.004097524055821949,0.9998796741330203,False
3.95325,1,215,216,1.9060500000000178,1.9060500000000178,0.0,0.019302750222383192,0.019302750222383192,0.09004321952834093,0.08085932884774517,0.008030765680595763,0.019302750222383192,0.005075636746547854,0.0004937620090813514,0.0004937620090813514,0.0,0.998721687699142,0.0034680345347210123,0.002974272525639661,0.999887566773464,False
3.98375,1,216,217,1.915200000000018,1.9152000000000182,2.220446049250313e-16,0.020446500222383302,0.020446500222383302,0.0900093288477456,0.08484550850744768,0.005163820340297899,0.020446500222383302,0.005075636746547854,0.0004943985553505903,0.0004943985553505903,0.0,0.9988817624741102,0.004745049238911059,0.0042506506835604686,0.9999036202474132,False
4.001,1,217,218,1.9203750000000182,1.9203750000000182,0.0,0.021093375222383356,0.021093375222383356,0.0900205085074478,0.08420981316714993,0.005147414090297906,0.021093375222383356,0.005075636746547854,0.0004939741944583839,0.0004939741944583839,0.0,0.998231025359139,0.004775384568854277,0.004281410374395893,0.999844437588644,False
4.0205,1,218,219,1.9262250000000185,1.9262250000000185,0.0,0.021824625222383456,0.021824625222383456,0.0900598131671501,0.08418114907685219,0.005513039090297911,0.021824625222383456,0.005075636746547854,0.0004939699825772048,0.0004939699825772048,0.0,0.9982515540675024,0.0047929869972033814,0.004299017014626177,0.9998463094078498,False
4.04,1,219,220,1.9320750000000184,1.9320750000000184,0.0,0.02255587522238352,0.02255587522238352,0.09003114907685209,0.08342123498655418,0.005641945340297903,0.02255587522238352,0.005075636746547854,0.0004941856466180636,0.0004941856466180636,0.0,0.9983542700311302,0.004790286804822012,0.004296101158203948,0.9998556409263908,False
4.062,1,220,221,1.9386750000000181,1.9386750000000181,0.0,0.023380875222383576,0.023380875222383576,0.09002123498655393,0.0829519458962561,0.006054445340297881,0.023380875222383576,0.005075636746547854,0.0004944102993219829,0.0004944102993219829,0.0,0.9984111369629284,0.004782138988232782,0.004287728688910799,0.9998607961885709,False
4.0855,1,221,222,1.9457250000000181,1.9457250000000181,0.0,0.024262125222383673,0.024262125222383673,0.09000194589625612,0.08205140680595828,0.006935695340297871,0.024262125222383673,0.005075636746547854,0.0004946422308477216,0.0004946422308477216,0.0,0.9985189273339508,0.004675974680551597,0.004181332449703876,0.9998704904474456,False
4.112,1,222,223,1.9536750000000183,1.9536750000000183,0.0,0.025255875222383786,0.025255875222383786,0.09000140680595833,0.0816594614656605,0.0078022500555957885,0.025255875222383786,0.005075636746547854,0.0004948777360830769,0.0004948777360830769,0.0,0.9987052598301372,0.0041724088092387895,0.0036775310731557128,0.9998869367816353,False
4.14,1,223,224,1.962075000000018,1.962075000000018,0.0,0.02630587522238387,0.013152937611191936,0.0900594614656603,0.08066751612536249,0.008852250055595747,0.013152937611191936,0.005075636746547854,0.0004953345157955458,0.0004953345157955458,0.0,0.9988409325915077,0.0031579549204926033,0.0026626204046970576,0.9998978881828032,False
4.17125,1,224,225,1.9714500000000177,1.9714500000000177,0.0,0.014324812611191907,0.014324812611191907,0.09004251612536227,0.08496685595521337,0.005075660170148897,0.014324812611191907,0.005075636746547854,0.0005205592323561966,0.0005205592323561966,0.0,0.9989770131589804,0.004668232101651654,0.004147672869295457,0.9999122579318159,False
4.18825,1,225,226,1.9765500000000176,1.9765500000000176,0.0,0.014962312611191905,0.014962312611191905,0.09006685595521335,0.08435369578506446,0.0053944101701488955,0.014962312611191905,0.005075636746547854,0.0005129341823286879,0.0005129341823286879,0.0,0.9982005608327702,0.004611719924486682,0.004098785742157994,0.9998415185865045,False
4.20725,1,226,227,1.9822500000000174,1.9822500000000174,0.0,0.0156748126111919,0.0156748126111919,0.09005369578506436,0.08394678561491549,0.00593550002779785,0.0156748126111919,0.005075636746547854,0.0005061772357488965,0.0005061772357488965,0.0,0.9983169638432159,0.004652347800134363,0.0041461705643854666,0.9998521154890484,False
4.2275,1,227,228,1.9883250000000174,1.9883250000000177,2.220446049250313e-16,0.016434187611191968,0.016434187611191968,0.09002178561491549,0.08315550044476663,0.006315187527797838,0.016434187611191968,0.005075636746547854,0.0005013804499193643,0.0005013804499193643,0.0,0.9984653150415962,0.004692437835478784,0.00419105738555942,0.9998656318861484,False
4.2505,1,228,229,1.9952250000000176,1.9952250000000176,0.0,0.01729668761119204,0.01729668761119204,0.09005550044476657,0.08249812541696878,0.006498000027797824,0.01729668761119204,0.005075636746547854,0.0004981612154032537,0.0004981612154032537,0.0,0.9985689800952168,0.004703969037690055,0.004205807822286801,0.999875071654422,False
4.27575,1,229,230,2.0028000000000175,2.0028000000000175,0.0,0.018243562611192123,0.018243562611192123,0.09007312541696877,0.081568875389171,0.0069714375277978085,0.018243562611192123,0.005075636746547854,0.0004963556400074489,0.0004963556400074489,0.0,0.9986205936062387,0.004603375338722869,0.0041070196987154205,0.9998796907009474,False
4.304,1,230,231,2.0112750000000172,2.0112750000000172,0.0,0.01930293761119222,0.01930293761119222,0.09004387538917101,0.08085993786137327,0.008030812527797778,0.01930293761119222,0.005075636746547854,0.0004955106132568516,0.0004955106132568516,0.0,0.9987217174606318,0.0034682079855092862,0.0029726973722524344,0.9998875658220361,False
4.3345,1,231,232,2.0204250000000172,2.0204250000000172,0.0,0.02044668761119233,0.02044668761119233,0.09000993786137318,0.08484609409747432,0.005163843763898858,0.02044668761119233,0.005075636746547854,0.0004959702781580882,0.0004959702781580882,0.0,0.998881791680145,0.00476323904037014,0.0042672687622120516,0.9999036441089609,False
4.35175,1,232,233,2.0256000000000176,2.0256000000000176,0.0,0.02109356261119242,0.02109356261119242,0.09002109409747447,0.0842103753335756,0.005147437513898872,0.02109356261119242,0.005075636746547854,0.0004954118419523328,0.0004954118419523328,0.0,0.9982310552254627,0.004792986122006862,0.004297574280054529,0.9998444607787064,False
4.37125,1,233,234,2.0314500000000173,2.0314500000000173,0.0,0.021824812611192485,0.021824812611192485,0.0900603753335755,0.08418168781967665,0.00551306251389886,0.021824812611192485,0.005075636746547854,0.0004952888685998903,0.0004952888685998903,0.0,0.9982515843705222,0.00481102513901991,0.00431573627042002,0.9998463330394476,False
4.39075,1,234,235,2.0373000000000174,2.0373000000000174,0.0,0.02255606261119255,0.02255606261119255,0.09003168781967656,0.08342175030577774,0.0056419687638988554,0.02255606261119255,0.005075636746547854,0.0004954005903379777,0.0004954005903379777,0.0,0.9983542984716266,0.004807375951533285,0.004311975361195307,0.9998556632372945,False
4.41275,1,235,236,2.0439000000000176,2.0439000000000176,0.0,0.02338106261119264,0.02338106261119264,0.09002175030577775,0.08295243779187891,0.00605446876389885,0.02338106261119264,0.005075636746547854,0.0004955210642316546,0.0004955210642316546,0.0,0.9984111627439544,0.004795544514842938,0.004300023450611284,0.9998608154840757,False
4.43625,1,236,237,2.050950000000017,2.050950000000017,0.0,0.024262312611192702,0.024262312611192702,0.09000243779187868,0.0820518752779799,0.006935718763898807,0.024262312611192702,0.005075636746547854,0.0004956499597669297,0.0004956499597669297,0.0,0.9985189499269854,0.004684826616167911,0.0041891766564009815,0.9998705043449472,False
4.46275,1,237,238,2.0589000000000173,2.0589000000000173,0.0,0.025256062611192814,0.025256062611192814,0.09000187527797995,0.08165990651408114,0.00780229690279799,0.025256062611192814,0.005075636746547854,0.0004957632625979366,0.0004957632625979366,0.0,0.9987052791373322,0.0041735159445079675,0.003677752681910031,0.9998869408071114,False
4.49075,1,238,239,2.0673000000000172,2.067300000000017,-4.440892098500626e-16,0.0263060626111929,0.01315303130559645,0.09005990651408095,0.08066793775018222,0.00885229690279795,0.01315303130559645,0.005075636746547854,0.0004960898886570988,0.0004960898886570988,0.0,0.99884095138974,0.003148282383670431,0.0026521924950133322,0.9998978724297387,False
4.522,1,239,240,2.0766750000000167,2.0766750000000167,0.0,0.014324906305596422,0.014324906305596422,0.09004293775018199,0.08496726586823261,0.005075671881949365,0.014324906305596422,0.005075636746547854,0.0005213499720591887,0.0005213499720591887,0.0,0.9989770386936329,0.004683307785337203,0.0041619578132780135,0.9999122785129038,False
4.539,1,240,241,2.081775000000017,2.081775000000017,0.0,0.014962406305596419,0.014962406305596419,0.09006726586823259,0.08435409398628324,0.005394421881949363,0.014962406305596419,0.005075636746547854,0.0005139170565317414,0.0005139170565317414,0.0,0.9982005587497443,0.004605728173626943,0.0040918111170952015,0.9998415129479709,False
4.558,1,241,242,2.0874750000000164,2.087475000000017,4.440892098500626e-16,0.01567490630559641,0.01567490630559641,0.09005409398628314,0.08394717210433379,0.005935523451398951,0.01567490630559641,0.005075636746547854,0.0005070579029871965,0.0005070579029871965,0.0,0.9983169530793775,0.0046396076351293905,0.004132549732142194,0.9998521013672464,False
4.57825,1,242,243,2.0935500000000165,2.0935500000000165,0.0,0.01643428130559648,0.01643428130559648,0.0900221721043338,0.08315587522238446,0.00631521095139894,0.01643428130559648,0.005075636746547854,0.000502016928786147,0.000502016928786147,0.0,0.9984653077596234,0.004680426984297811,0.004178410055511664,0.9998656186177698,False
4.60125,1,243,244,2.100450000000017,2.1004500000000164,-4.440892098500626e-16,0.017296781305596552,0.017296781305596552,0.09005587522238441,0.08249847677098551,0.0064980234513989255,0.017296781305596552,0.005075636746547854,0.0004985192028611182,0.0004985192028611182,0.0,0.9985689767543754,0.00469503987963199,0.0041965206767708724,0.9998750619766356,False
4.6265,1,244,245,2.108025000000017,2.108025000000017,0.0,0.01824365630559667,0.01824365630559667,0.09007347677098576,0.08156920331958686,0.006971460951398926,0.01824365630559667,0.005075636746547854,0.0004964770272614956,0.0004964770272614956,0.0,0.9986205943724373,0.004595740279338831,0.004099263252077335,0.9998796830105643,False
4.65475,1,245,246,2.116500000000017,2.116500000000017,0.0,0.01930303130559677,0.01930303130559677,0.09004420331958689,0.080860242368188,0.008030835951398897,0.01930303130559677,0.005075636746547854,0.0004954516714494528,0.0004954516714494528,0.0,0.9987217207191457,0.0034520240418602077,0.0029565723704107548,0.9998875440166984,False
4.68525,1,246,247,2.1256500000000167,2.1256500000000167,0.0,0.02044678130559688,0.02044678130559688,0.09001024236818791,0.0848463868924885,0.005163855475699425,0.02044678130559688,0.005075636746547854,0.00049577345486185,0.00049577345486185,0.0,0.998881796558592,0.004764268628434695,0.004268495173572845,0.9999036462444694,False
4.7025,1,247,248,2.1308250000000166,2.1308250000000166,0.0,0.021093656305596932,0.021093656305596932,0.09002138689248837,0.08421065641678897,0.005147449225699422,0.021093656305596932,0.005075636746547854,0.0004951191543113066,0.0004951191543113066,0.0,0.9982310604442778,0.004793615019765059,0.004298495865453752,0.9998444624301825,False
4.722,1,248,249,2.1366750000000168,2.1366750000000168,0.0,0.021824906305596997,0.021824906305596997,0.09006065641678887,0.08418195719108948,0.00551307422569941,0.021824906305596997,0.005075636746547854,0.0004949040800210933,0.0004949040800210933,0.0,0.9982515901568272,0.004812313855712298,0.004317409775691205,0.9998463354152166,False
4.7415,1,249,250,2.1425250000000164,2.1425250000000164,0.0,0.022556156305597062,0.022556156305597062,0.09003195719108936,0.08342200796539,0.005641980475699399,0.022556156305597062,0.005075636746547854,0.0004949392524029601,0.0004949392524029601,0.0,0.9983543032104708,0.004808051303733685,0.004313112051330724,0.999855664744489,False
4.7635000000000005,1,250,251,2.1491250000000166,2.1491250000000166,0.0,0.023381156305597152,0.023381156305597152,0.09002200796539002,0.08295268373969064,0.006054480475699393,0.023381156305597152,0.005075636746547854,0.0004949953031039243,0.0004949953031039243,0.0,0.9984111660201505,0.004793465955140602,0.004298470652036678,0.999860814930722,False
4.787,1,251,252,2.1561750000000166,2.1561750000000166,0.0,0.02426240630559725,0.02426240630559725,0.09000268373969066,0.08205210951399129,0.006935730475699383,0.02426240630559725,0.005075636746547854,0.0004950564130072634,0.0004950564130072634,0.0,0.9985189507901433,0.004678575995045935,0.004183519582038672,0.9998704989147509,False
4.8135,1,252,253,2.1641250000000163,2.1641250000000163,0.0,0.025256156305597327,0.025256156305597327,0.09000210951399108,0.08166012903829176,0.007802320326399111,0.025256156305597327,0.005075636746547854,0.0004950905010796594,0.0004950905010796594,0.0,0.9987052777756681,0.004160930940181114,0.003665840439101454,0.9998869267433006,False
4.8415,1,253,254,2.1725250000000162,2.1725250000000162,0.0,0.026306156305597447,0.013153078152798724,0.0900601290382918,0.0806681485625925,0.008852320326399103,0.013153078152798724,0.005075636746547854,0.000495327588927996,0.000495327588927996,0.0,0.9988409488183507,0.0031263265583877237,0.0026309989694597276,0.9998978412105429,False
4.87275,1,254,255,2.181900000000016,2.181900000000016,0.0,0.014324953152798695,0.014324953152798695,0.09004314856259227,0.0849674708247426,0.005075677737849653,0.014324953152798695,0.005075636746547854,0.0005205230906406719,0.0005205230906406719,0.0,0.9989770502385393,0.004689233295144604,0.004168710204503932,0.9999122872967705,False
4.88975,1,255,256,2.187000000000016,2.187000000000016,0.0,0.01496245315279866,0.01496245315279866,0.09006747082474231,0.08435429308689271,0.005394427737849635,0.01496245315279866,0.005075636746547854,0.0005133713264559673,0.0005133713264559673,0.0,0.9982005417619306,0.004589509904888982,0.004076138578433014,0.9998414940393274,False
4.90875,1,256,257,2.192700000000016,2.192700000000016,0.0,0.015674953152798654,0.015674953152798654,0.09005429308689261,0.083947365349043,0.005935535163199503,0.015674953152798654,0.005075636746547854,0.0005065031414123815,0.0005065031414123815,0.0,0.9983169251883196,0.004614568149179141,0.004108065007766759,0.9998520715833397,False
4.929,1,257,258,2.198775000000016,2.198775000000016,0.0,0.016434328152798723,0.016434328152798723,0.09002236534904298,0.08315606261119339,0.0063152226631994915,0.016434328152798723,0.005075636746547854,0.0005012837129161402,0.0005012837129161402,0.0,0.9984652807002321,0.004654797211039154,0.0041535134981230135,0.999865588044011,False
4.952,1,258,259,2.2056750000000163,2.2056750000000163,0.0,0.01729682815279883,0.01729682815279883,0.09005606261119362,0.08249865244799413,0.006498035163199502,0.01729682815279883,0.005075636746547854,0.0004975478824521609,0.0004975478824521609,0.0,0.9985689534208841,0.00467200119533262,0.004174453312880459,0.9998750344566248,False
4.97725,1,259,260,2.213250000000016,2.213250000000016,0.0,0.018243703152798912,0.018243703152798912,0.09007365244799412,0.08156936728479466,0.006971472663199486,0.018243703152798912,0.005075636746547854,0.0004952891410486371,0.0004952891410486371,0.0,0.9986205755114715,0.0045741885871297405,0.004078899446081103,0.9998796577303635,False
5.0055000000000005,1,260,261,2.221725000000016,2.221725000000016,0.0,0.01930307815279901,0.01930307815279901,0.09004436728479467,0.08086039462159525,0.008030847663199456,0.01930307815279901,0.005075636746547854,0.0004940988690171628,0.0004940988690171628,0.0,0.9987217053727466,0.003423803995860522,0.002929705126843359,0.9998875069770368,False
5.0360000000000005,1,261,262,2.230875000000016,2.230875000000016,0.0,0.02044682815279912,0.02044682815279912,0.09001039462159516,0.08484653328999545,0.005163861331599701,0.02044682815279912,0.005075636746547854,0.0004943019345164516,0.0004943019345164516,0.0,0.9988817843348581,0.004752765699817474,0.004258463765301023,0.9999036325749281,False
5.05325,1,262,263,2.236050000000016,2.236050000000016,0.0,0.02109370315279921,0.02109370315279921,0.0900215332899956,0.0842107969583959,0.00514745508159971,0.02109370315279921,0.005075636746547854,0.0004935806192158556,0.0004935806192158556,0.0,0.9982310487920316,0.004782100413757082,0.0042885197945412255,0.999844448748118,False
5.07275,1,263,264,2.241900000000016,2.241900000000016,0.0,0.021824953152799274,0.021824953152799274,0.0900607969583958,0.08418209187679611,0.005513080081599698,0.021824953152799274,0.005075636746547854,0.0004932877144053533,0.0004932877144053533,0.0,0.9982515788713104,0.004801369123502937,0.004308081409097584,0.9998463223353505,False
5.09225,1,264,265,2.247750000000016,2.247750000000016,0.0,0.02255620315279934,0.02255620315279934,0.090032091876796,0.08342213679519635,0.005641986331599695,0.02255620315279934,0.005075636746547854,0.0004932686586774475,0.0004932686586774475,0.0,0.9983542916164564,0.004796865548359681,0.004303596889682234,0.9998556512833879,False
5.11425,1,265,266,2.2543500000000156,2.2543500000000156,0.0,0.02338120315279943,0.02338120315279943,0.09002213679519637,0.0829528067135967,0.006054486331599689,0.02338120315279943,0.005075636746547854,0.000493290906722086,0.000493290906722086,0.0,0.9984111539741777,0.004780462064647332,0.004287171157925246,0.9998608004090896,False
5.1377500000000005,1,266,267,2.2614000000000156,2.2614000000000156,0.0,0.02426245315279949,0.02426245315279949,0.09000280671359645,0.08205222663199682,0.006935736331599646,0.02426245315279949,0.005075636746547854,0.0004933149144602182,0.0004933149144602182,0.0,0.9985189370741191,0.00466182617683036,0.004168511262370142,0.9998704800818122,False
5.16425,1,267,268,2.2693500000000157,2.2693500000000157,0.0,0.025256203152799604,0.025256203152799604,0.09000222663199689,0.08166024030039726,0.007802332038199688,0.025256203152799604,0.005075636746547854,0.0004933018574777483,0.0004933018574777483,0.0,0.9987052622758884,0.0041385600510448,0.0036452581935670515,0.999886900013234,False
5.1922500000000005,1,268,269,2.2777500000000153,2.2777500000000153,0.0,0.02630620315279969,0.013153101576399845,0.09006024030039705,0.08066825396879747,0.008852332038199648,0.013153101576399845,0.005075636746547854,0.0004934850818232549,0.0004934850818232549,0.0,0.998840932055143,0.003095875691345687,0.002602390609522432,0.9998977993803329,False
5.2235000000000005,1,269,270,2.2871250000000156,2.2871250000000156,0.0,0.014324976576399816,0.014324976576399816,0.09004325396879724,0.08496757330299745,0.005075680665799784,0.014324976576399816,0.005075636746547854,0.0005185356073822811,0.0005185356073822811,0.0,0.998977053758328,0.004689805508822718,0.004171269901440437,0.9999122891672281,False
5.2405,1,270,271,2.2922250000000153,2.2922250000000153,0.0,0.014962476576399814,0.014962476576399814,0.09006757330299742,0.08435439263719764,0.005394430665799783,0.014962476576399814,0.005075636746547854,0.0005117295268801597,0.0005117295268801597,0.0,0.9982005162833393,0.004567426029292242,0.004055696502412082,0.9998414674303923,False
5.2595,1,271,272,2.2979250000000153,2.2979250000000153,0.0,0.01567497657639981,0.01567497657639981,0.09005439263719756,0.0839474619713978,0.005935541019099799,0.01567497657639981,0.005075636746547854,0.000504928469751146,0.000504928469751146,0.0,0.9983168865719352,0.004581712665386629,0.0040767841956354835,0.9998520318081667,False
5.27975,1,272,273,2.3040000000000154,2.3040000000000154,0.0,0.01643435157639988,0.01643435157639988,0.0900224619713978,0.08315615630559804,0.0063152285190997874,0.01643435157639988,0.005075636746547854,0.0004995857447726729,0.0004995857447726729,0.0,0.9984652405093387,0.004619789159409214,0.0041202034146365415,0.9998655455801412,False
5.3027500000000005,1,273,274,2.3109000000000153,2.3109000000000153,0.0,0.01729685157639995,0.01729685157639995,0.09005615630559799,0.08249874028649826,0.006498041019099774,0.01729685157639995,0.005075636746547854,0.0004956466988180965,0.0004956466988180965,0.0,0.9985689164641025,0.004639009474192525,0.004143362775374429,0.9998749943977526,False
5.328,1,274,275,2.318475000000015,2.318475000000015,0.0,0.018243726576400034,0.018243726576400034,0.09007374028649823,0.08156944926739852,0.0069714785190997585,0.018243726576400034,0.005075636746547854,0.0004931923424379347,0.0004931923424379347,0.0,0.9986205433210231,0.004542878371044508,0.004049686028606573,0.9998796201552825,False
5.35625,1,275,276,2.326950000000015,2.326950000000015,0.0,0.019303101576400167,0.019303101576400167,0.0900444492673988,0.08086047074829908,0.00803085351909976,0.019303101576400167,0.005075636746547854,0.0004918499193161226,0.0004918499193161226,0.0,0.998721677377249,0.0033872737199178993,0.0028954238006017765,0.9998874594908193,False
5.38675,1,276,277,2.336100000000015,2.336100000000015,0.0,0.020446851576400277,0.020446851576400277,0.09001047074829899,0.08484660648874914,0.005163864259549849,0.020446851576400277,0.005075636746547854,0.0004919460754165774,0.0004919460754165774,0.0,0.9988817604564229,0.004732516549041693,0.004240570473625116,0.9999036078943869,False
5.404,1,277,278,2.341275000000015,2.341275000000015,0.0,0.02109372657640033,0.02109372657640033,0.09002160648874902,0.0842108672291992,0.005147458009549847,0.02109372657640033,0.005075636746547854,0.0004911777342007757,0.0004911777342007757,0.0,0.9982310257496971,0.004762195554263486,0.004271017820062711,0.9998444245022521,False
5.4235,1,278,279,2.3471250000000152,2.3471250000000152,0.0,0.021824976576400396,0.021824976576400396,0.09006086722919909,0.08418215921964928,0.005513083009549835,0.021824976576400396,0.005075636746547854,0.0004908147725581128,0.0004908147725581128,0.0,0.9982515558896843,0.0047817184882761946,0.004290903715718082,0.9998462982945266,False
5.4430000000000005,1,279,280,2.352975000000015,2.352975000000015,0.0,0.02255622657640046,0.02255622657640046,0.09003215921964916,0.08342220121009937,0.0056419892595498304,0.02255622657640046,0.005075636746547854,0.0004907569966135922,0.0004907569966135922,0.0,0.9983542690198326,0.004777376033773699,0.004286619037160107,0.999855627385024,False
5.465,1,280,281,2.3595750000000146,2.3595750000000146,0.0,0.02338122657640055,0.02338122657640055,0.09002220121009939,0.08295286820054959,0.006054489259549825,0.02338122657640055,0.005075636746547854,0.0004907589245832239,0.0004907589245832239,0.0,0.9984111313290843,0.004759730201610465,0.0042689712770272404,0.9998607760140024,False
5.4885,1,281,282,2.366625000000015,2.366625000000015,0.0,0.024262476576400648,0.024262476576400648,0.0900028682005496,0.08205228519099982,0.006935739259549815,0.024262476576400648,0.005075636746547854,0.0004907694929801652,0.0004907694929801652,0.0,0.9985189136384272,0.004637959334405264,0.004147189841425099,0.9998704521650135,False
5.515,1,282,283,2.3745750000000148,2.3745750000000148,0.0,0.025256226576400725,0.025256226576400725,0.0900022851909996,0.08166029593144983,0.00780233789409996,0.025256226576400725,0.005075636746547854,0.0004907308568195338,0.0004907308568195338,0.0,0.9987052371886891,0.0041093344734601175,0.003618603616640584,0.9998868645592982,False
5.543,1,283,284,2.3829750000000147,2.382975000000015,4.440892098500626e-16,0.026306226576400846,0.013153113288200423,0.0900602959314499,0.08066830667190014,0.008852337894099952,0.013153113288200423,0.005075636746547854,0.000490889754766011,0.000490889754766011,0.0,0.9988409059946981,0.003059795762575715,0.002568906007809704,0.9998977505585532,False
5.57425,1,284,285,2.3923500000000146,2.3923500000000146,0.0,0.014324988288200394,0.014324988288200394,0.09004330667189991,0.08496762454212504,0.005075682129774868,0.014324988288200394,0.005075636746547854,0.0005157328479041182,0.0005157328479041182,0.0,0.9989770533384744,0.004687801873611695,0.004172069025707577,0.9999122876736373,False
5.5912500000000005,1,285,286,2.3974500000000143,2.3974500000000143,0.0,0.014962488288200359,0.014962488288200359,0.09006762454212476,0.08435444241234993,0.00539443212977485,0.014962488288200359,0.005075636746547854,0.0005093187493737576,0.0005093187493737576,0.0,0.9982004869337805,0.004542770519370486,0.004033451769996728,0.9998414373207442,False
5.61025,1,286,287,2.4031500000000143,2.4031500000000143,0.0,0.015674988288200353,0.015674988288200353,0.09005444241234983,0.08394751028257501,0.005935543947049928,0.015674988288200353,0.005075636746547854,0.0005026475368547858,0.0005026475368547858,0.0,0.9983168420621542,0.004544590500836984,0.0040419429639821985,0.9998519865137439,False
5.6305000000000005,1,287,288,2.4092250000000144,2.4092250000000144,0.0,0.016434363288200422,0.016434363288200422,0.090022510282575,0.08315620315280019,0.006315231447049916,0.016434363288200422,0.005075636746547854,0.000497231733271775,0.000497231733271775,0.0,0.9984651921538904,0.004578855058498435,0.00408162332522666,0.9998654955878913,False
5.6535,1,288,289,2.4161250000000147,2.4161250000000147,0.0,0.01729686328820053,0.01729686328820053,0.09005620315280041,0.0824987842057505,0.0064980439470499265,0.01729686328820053,0.005075636746547854,0.0004931175255334136,0.0004931175255334136,0.0,0.9985688702194888,0.0045990592946881445,0.004105941769154731,0.9998749455889144,False
5.67875,1,289,290,2.4237000000000144,2.4237000000000144,0.0,0.01824373828820061,0.01824373828820061,0.09007378420575049,0.08156949025870061,0.006971481447049911,0.01824373828820061,0.005075636746547854,0.0004904828632272616,0.0004904828632272616,0.0,0.9986205019458507,0.004504663824005085,0.004014180960777824,0.9998795739135913,False
5.707,1,290,291,2.4321750000000146,2.4321750000000146,0.0,0.01930311328820071,0.01930311328820071,0.09004449025870062,0.08086050881165077,0.008030856447049881,0.01930311328820071,0.005075636746547854,0.0004889969741474626,0.0004889969741474626,0.0,0.9987216407982462,0.0033450295086996235,0.002856032534552161,0.9998874048504421,False
5.7375,1,291,292,2.4413250000000146,2.4413250000000146,0.0,0.02044686328820082,0.02044686328820082,0.09001050881165068,0.08484664308812576,0.005163865723524914,0.02044686328820082,0.005075636746547854,0.0004889944623922764,0.0004889944623922764,0.0,0.9988817288291343,0.004706363512967035,0.004217369050574758,0.9999035757874981,False
5.7547500000000005,1,292,293,2.4465000000000146,2.4465000000000146,0.0,0.021093738288200874,0.021093738288200874,0.09002164308812566,0.08421090236460077,0.005147459473524906,0.021093738288200874,0.005075636746547854,0.00048819238210472983,0.00048819238210472983,0.0,0.9982309951625832,0.00473671036166317,0.00424851797955844,0.9998443932332666,False
5.77425,1,293,294,2.4523500000000142,2.4523500000000142,0.0,0.02182498828820094,0.02182498828820094,0.09006090236460065,0.08418219289107577,0.005513084473524894,0.02182498828820094,0.005075636746547854,0.00048777042726176514,0.00048777042726176514,0.0,0.9982515254537949,0.00475636517439805,0.004268594747136285,0.999846267087076,False
5.79375,1,294,295,2.458200000000015,2.458200000000015,0.0,0.02255623828820104,0.02255623828820104,0.09003219289107595,0.08342223341755105,0.005641990723524907,0.02255623828820104,0.005075636746547854,0.0004876872238061914,0.0004876872238061914,0.0,0.9983542396149845,0.004752636700138785,0.004264949476332594,0.9998555969042754,False
5.81575,1,295,296,2.4648000000000145,2.4648000000000145,0.0,0.023381238288201094,0.023381238288201094,0.0900222334175508,0.08295289894402594,0.006054490723524885,0.023381238288201094,0.005075636746547854,0.00048767143161426707,0.00048767143161426707,0.0,0.9984111016056368,0.0047337565284691005,0.004246085096854833,0.9998607449075604,False
5.83925,1,296,297,2.471850000000014,2.471850000000014,0.0,0.02426248828820119,0.02426248828820119,0.09000289894402597,0.08205231447050111,0.006935740723524875,0.02426248828820119,0.005075636746547854,0.0004876837785520762,0.0004876837785520762,0.0,0.9985188837548463,0.004609405609105291,0.004121721830553215,0.999870418243977,False
5.86575,1,297,298,2.479800000000014,2.479800000000014,0.0,0.025256238288201303,0.025256238288201303,0.09000231447050117,0.08166032374697632,0.0078023408220501125,0.025256238288201303,0.005075636746547854,0.0004876348292754648,0.0004876348292754648,0.0,0.9987052058425063,0.004075594914571469,0.003587960085296004,0.9998868233465139,False
5.89375,1,298,299,2.488200000000014,2.488200000000014,0.0,0.02630623828820139,0.013153119144100694,0.09006032374697612,0.08066833302345132,0.008852340822050072,0.013153119144100694,0.005075636746547854,0.0004877870704405677,0.0004877870704405677,0.0,0.9988408738293795,0.003020063596597497,0.002532276526156929,0.9998976972295462,False
5.925,1,299,300,2.497575000000014,2.497575000000014,0.0,0.014324994144100666,0.014324994144100666,0.09004333302345109,0.0849676501616887,0.005075682861762398,0.014324994144100666,0.005075636746547854,0.0005123730126882516,0.0005123730126882516,0.0,0.9989770515899796,0.004685054775169263,0.004172681762481012,0.9999122851535013,False
5.942,1,300,301,2.502675000000014,2.5026750000000137,-4.440892098500626e-16,0.014962494144100663,0.014962494144100663,0.09006765016168866,0.08435446729992627,0.005394432861762397,0.014962494144100663,0.005075636746547854,0.000506381759415781,0.000506381759415781,0.0,0.9982004568899033,0.004517868415392562,0.004011486655976781,0.9998414066799438,False
5.961,1,301,302,2.5083750000000133,2.508375000000014,4.440892098500626e-16,0.015674994144100625,0.015674994144100625,0.09005446729992593,0.08394753443816358,0.005935545411024996,0.015674994144100625,0.005075636746547854,0.0004998902967703204,0.0004998902967703204,0.0,0.9983167951499909,0.004505830168019684,0.0040059398712493635,0.9998519390065964,False
5.98125,1,302,303,2.514450000000014,2.514450000000014,0.0,0.01643436914410073,0.01643436914410073,0.09002253443816384,0.08315622657640148,0.006315232911025001,0.01643436914410073,0.005075636746547854,0.0004944479146022287,0.0004944479146022287,0.0,0.9984651393183582,0.0045346966847539805,0.004040248770151752,0.9998654414616823,False
6.00425,1,303,304,2.5213500000000137,2.5213500000000137,0.0,0.0172968691441008,0.0172968691441008,0.09005622657640143,0.08249880616537646,0.006498045411024987,0.0172968691441008,0.005075636746547854,0.0004901870755192746,0.0004901870755192746,0.0,0.9985688181064871,0.00455464564221713,0.004064458566697855,0.9998748911648092,False
6.0295000000000005,1,304,305,2.528925000000014,2.5289250000000134,-4.440892098500626e-16,0.018243744144100883,0.018243744144100883,0.09007380616537644,0.0815695107543515,0.006971482911024971,0.018243744144100883,0.005075636746547854,0.00048738234356499933,0.00048738234356499933,0.0,0.998620454227593,0.0044616012201358635,0.003974218876570864,0.9998795215990585,False
6.05775,1,305,306,2.5374000000000136,2.5374000000000136,0.0,0.01930311914410098,0.01930311914410098,0.0900445107543515,0.08086052784332659,0.00803085791102494,0.01930311914410098,0.005075636746547854,0.00048575475802824437,0.00048575475802824437,0.0,0.9987215982905261,0.0032987764049060148,0.0028130216468777703,0.9998873452009116,False
6.08825,1,306,307,2.546550000000013,2.5465500000000136,4.440892098500626e-16,0.02044686914410109,0.02044686914410109,0.0900105278433265,0.08484666138781406,0.005163866455512439,0.02044686914410109,0.005075636746547854,0.0004856573032801854,0.0004856573032801854,0.0,0.998881692107591,0.004676288673054765,0.00419063136977458,0.9999035387520947,False
6.1055,1,307,308,2.5517250000000136,2.5517250000000136,0.0,0.02109374414410118,0.02109374414410118,0.09002166138781421,0.08421091993230177,0.005147460205512452,0.02109374414410118,0.005075636746547854,0.00048482731231185076,0.00048482731231185076,0.0,0.9982309594605865,0.004707454574550678,0.004222627262238827,0.9998443572151982,False
6.125,1,308,309,2.5575750000000133,2.5575750000000133,0.0,0.021824994144101245,0.021824994144101245,0.09006091993230167,0.08418220972678925,0.00551308520551244,0.021824994144101245,0.005075636746547854,0.0004843602175447845,0.0004843602175447845,0.0,0.9982514904836814,0.004727474437486577,0.004243114219941792,0.9998462314466291,False
6.1445,1,309,310,2.563425000000014,2.5634250000000134,-4.440892098500626e-16,0.02255624414410131,0.02255624414410131,0.09003220972678916,0.08342224952127675,0.005641991455512437,0.02255624414410131,0.005075636746547854,0.0004842606116159103,0.0004842606116159103,0.0,0.9983542061973903,0.0047248184784036,0.00424055786678769,0.9998555625706973,False
6.1665,1,310,311,2.5700250000000135,2.5700250000000135,0.0,0.0233812441441014,0.0233812441441014,0.09002224952127676,0.08295291431576435,0.006054491455512431,0.0233812441441014,0.005075636746547854,0.0004842271025868797,0.0004842271025868797,0.0,0.9984110675248236,0.004704474776776959,0.0042202476741900795,0.9998607095542253,False
6.19,1,311,312,2.577075000000013,2.577075000000013,0.0,0.024262494144101462,0.024262494144101462,0.0900029143157641,0.08205232911025175,0.006935741455512388,0.024262494144101462,0.005075636746547854,0.00048424954494160304,0.00048424954494160304,0.0,0.9985188497385404,0.0045779130693774615,0.0040936635244358584,0.9998703805285613,False
6.2165,1,312,313,2.5850250000000132,2.5850250000000132,0.0,0.025256244144101575,0.025256244144101575,0.0900023291102518,0.08166033765473941,0.00780234228602518,0.025256244144101575,0.005075636746547854,0.00048420969829884126,0.00048420969829884126,0.0,0.9987051711354651,0.0040394586767859356,0.0035552489784870943,0.9998867790610507,False
6.2445,1,313,314,2.593425000000013,2.593425000000013,0.0,0.02630624414410166,0.01315312207205083,0.09006033765473923,0.08066834619922689,0.00885234228602514,0.01315312207205083,0.005075636746547854,0.00048436533066457244,0.00048436533066457244,0.0,0.9988408380556796,0.002978284048359689,0.0024939187176951164,0.9998976414230828,False
6.27575,1,314,315,2.6028000000000127,2.6028000000000127,0.0,0.014324997072050802,0.014324997072050802,0.09004334619922666,0.08496766297147051,0.005075683227756155,0.014324997072050802,0.005075636746547854,0.0005086556316018536,0.0005086556316018536,0.0,0.9989770501413132,0.004682743172209118,0.004174087540607265,0.9999122831036171,False
6.29275,1,315,316,2.6079000000000128,2.6079000000000128,0.0,0.0149624970720508,0.0149624970720508,0.09006766297147048,0.08435447974371434,0.005394433227756154,0.0149624970720508,0.005075636746547854,0.0005031036020606891,0.0005031036020606891,0.0,0.9982004282154608,0.004494260909125317,0.003991157307064628,0.9998413774903993,False
6.31175,1,316,317,2.6136000000000124,2.6136000000000124,0.0,0.015674997072050792,0.015674997072050792,0.09005447974371425,0.08394754651595811,0.005935546143012546,0.015674997072050792,0.005075636746547854,0.0004968290260722544,0.0004968290260722544,0.0,0.9983167482823403,0.0044672828152669194,0.003970453789194665,0.9998518916212358,False
6.332,1,317,318,2.619675000000013,2.619675000000013,0.0,0.01643437207205086,0.01643437207205086,0.0900225465159581,0.08315623828820198,0.006315233643012535,0.01643437207205086,0.005075636746547854,0.000491399842847202,0.000491399842847202,0.0,0.9984650846009827,0.004489270136704665,0.003997870293857463,0.9998653856521892,False
6.355,1,318,319,2.6265750000000123,2.6265750000000123,0.0,0.017296872072050933,0.017296872072050933,0.09005623828820193,0.08249881714518945,0.006498046143012521,0.017296872072050933,0.005075636746547854,0.0004870226036683499,0.0004870226036683499,0.0,0.9985687627373208,0.00450773653919552,0.00402071393552717,0.9998748335931565,False
6.38025,1,319,320,2.6341500000000133,2.634150000000013,-4.440892098500626e-16,0.01824374707205105,0.01824374707205105,0.0900738171451897,0.0815695210021772,0.006971483643012521,0.01824374707205105,0.005075636746547854,0.00048405578327996915,0.00048405578327996915,0.0,0.9986204023546381,0.004415338009867868,0.003931282226587899,0.9998794652773327,False
6.4085,1,320,321,2.642625000000013,2.642625000000013,0.0,0.01930312207205115,0.01930312207205115,0.09004452100217722,0.08086053735916474,0.008030858643012492,0.01930312207205115,0.005075636746547854,0.00048228525177163896,0.00048228525177163896,0.0,0.9987215517114348,0.003249732422245022,0.002767447170473383,0.9998872820717188,False
6.439,1,321,322,2.651775000000013,2.651775000000013,0.0,0.02044687207205126,0.02044687207205126,0.09001053735916464,0.08484667053765843,0.005163866821506223,0.02044687207205126,0.005075636746547854,0.0004820870507867322,0.0004820870507867322,0.0,0.9988816518652573,0.004643478771246656,0.004161391720459924,0.9999034982855421,False
6.45625,1,322,323,2.6569500000000126,2.656950000000013,4.440892098500626e-16,0.021093747072051312,0.021093747072051312,0.0900216705376583,0.0842109287161521,0.0051474605715062195,0.021093747072051312,0.005075636746547854,0.0004812279072119945,0.0004812279072119945,0.0,0.9982309201275705,0.004675509606333124,0.004194281699121129,0.9998443178089633,False
6.475750000000001,1,323,324,2.6628000000000127,2.662800000000013,4.440892098500626e-16,0.021824997072051378,0.021824997072051378,0.09006092871615201,0.08418221814464581,0.005513085571506208,0.021824997072051378,0.005075636746547854,0.00048073033853010576,0.00048073033853010576,0.0,0.998251452916152,0.004696560973299735,0.0042158306347696295,0.9998461932828333,False
6.49525,1,324,325,2.668650000000013,2.668650000000013,0.0,0.022556247072051443,0.022556247072051443,0.09003221814464572,0.08342225757313955,0.005641991821506196,0.022556247072051443,0.005075636746547854,0.0004806181782601995,0.0004806181782601995,0.0,0.9983541704346316,0.004695298041336567,0.004214679863076367,0.9998555261046004,False
6.51725,1,325,326,2.6752500000000126,2.6752500000000126,0.0,0.023381247072051532,0.023381247072051532,0.09002225757313956,0.08295292200163339,0.006054491821506191,0.023381247072051532,0.005075636746547854,0.0004805707286803906,0.0004805707286803906,0.0,0.9984110312026252,0.004673389122338965,0.0041928183936585746,0.9998606718816827,False
6.54075,1,326,327,2.6823000000000126,2.6823000000000126,0.0,0.02426249707205163,0.02426249707205163,0.09000292200163341,0.08205233643012724,0.00693574182150618,0.02426249707205163,0.005075636746547854,0.000480603007616178,0.000480603007616178,0.0,0.9985188131049412,0.004544513941868788,0.00406391093425261,0.9998703403439148,False
6.5672500000000005,1,327,328,2.6902500000000122,2.6902500000000127,4.440892098500626e-16,0.025256247072051707,0.025256247072051707,0.09000233643012703,0.0816603446086209,0.007802343018012706,0.025256247072051707,0.005075636746547854,0.00048059393340280814,0.00048059393340280814,0.0,0.998705135173732,0.00400249039256715,0.0035218964591643416,0.9998867336754421,False
6.59525,1,328,329,2.6986500000000126,2.6986500000000126,0.0,0.026306247072051828,0.013153123536025914,0.09006034460862097,0.08066835278711484,0.008852343018012698,0.013153123536025914,0.005075636746547854,0.00048075983419304633,0.00048075983419304633,0.0,0.9988408007021875,0.0029356782292544598,0.0024549183950614136,0.9998975846463942,False
6.6265,1,329,330,2.7080250000000126,2.7080250000000126,0.0,0.014324998536025885,0.014324998536025885,0.09004335278711462,0.08496766937636155,0.005075683410753051,0.014324998536025885,0.005075636746547854,0.0005047295534639949,0.0005047295534639949,0.0,0.9989770503227817,0.004681875219937355,0.00417714566647336,0.9999122827947055,False
6.6435,1,330,331,2.713125000000012,2.713125000000012,0.0,0.01496249853602585,0.01496249853602585,0.09006766937636126,0.08435448596560827,0.005394433410753033,0.01496249853602585,0.005075636746547854,0.0004996232826501161,0.0004996232826501161,0.0,0.9982004024071117,0.004473112866440081,0.0039734895837899645,0.9998413512368409,False
6.6625000000000005,1,331,332,2.7188250000000123,2.718825000000012,-4.440892098500626e-16,0.015674998536025844,0.015674998536025844,0.09005448596560817,0.08394755255485514,0.0059355465090063005,0.015674998536025844,0.005075636746547854,0.0004935943681772182,0.0004935943681772182,0.0,0.9983167033245105,0.004430376213613328,0.00393678184543611,0.9998518461590918,False
6.68275,1,332,333,2.7249000000000123,2.7249000000000123,0.0,0.016434373536025913,0.016434373536025913,0.09002255255485515,0.08315624414410215,0.006315234009006289,0.016434373536025913,0.005075636746547854,0.0004882114306018449,0.0004882114306018449,0.0,0.9984650299905682,0.004444085632334893,0.0039558742017330485,0.9998653300494519,False
6.70575,1,333,334,2.731800000000012,2.731800000000012,0.0,0.01729687353602602,0.01729687353602602,0.09005624414410238,0.08249882263509609,0.006498046509006299,0.01729687353602602,0.005075636746547854,0.0004837498708990442,0.0004837498708990442,0.0,0.9985687061959866,0.004459963122264321,0.003976213251365277,0.9998747749169635,False
6.731,1,334,335,2.7393750000000123,2.7393750000000123,0.0,0.018243748536026103,0.018243748536026103,0.09007382263509608,0.08156952612608982,0.006971484009006284,0.018243748536026103,0.005075636746547854,0.0004806280612057938,0.0004806280612057938,0.0,0.9986203480643489,0.004367201978702266,0.0038865739174964724,0.9998794066087345,False
6.75925,1,335,336,2.747850000000012,2.747850000000012,0.0,0.0193031235360262,0.0193031235360262,0.09004452612608985,0.08086054211708361,0.008030859009006254,0.0193031235360262,0.005075636746547854,0.0004787140964469191,0.0004787140964469191,0.0,0.9987215025796459,0.003198971949810822,0.002720257853363903,0.9998872168052394,False
6.78975,1,336,337,2.757000000000012,2.757000000000012,0.0,0.02044687353602631,0.02044687353602631,0.09001054211708352,0.08484667511258043,0.0051638670045031,0.02044687353602631,0.005075636746547854,0.00047840220995887603,0.00047840220995887603,0.0,0.9988816091466908,0.004608724241532677,0.004130322031573801,0.9999034553834397,False
6.807,1,337,338,2.7621750000000116,2.7621750000000116,0.0,0.021093748536026365,0.021093748536026365,0.0900216751125803,0.08421093310807723,0.005147460754503092,0.021093748536026365,0.005075636746547854,0.00047750535676720647,0.00047750535676720647,0.0,0.9982308779832809,0.004641418288624459,0.0041639129318572525,0.9998442756991006,False
6.8265,1,338,339,2.768025000000012,2.768025000000012,0.0,0.021824998536026465,0.021824998536026465,0.09006093310807739,0.0841822223535743,0.005513085754503097,0.021824998536026465,0.005075636746547854,0.00047698469549068497,0.00047698469549068497,0.0,0.9982514135566722,0.004664299813289925,0.0041873151177992405,0.9998461534480345,False
6.846,1,339,340,2.773875000000012,2.773875000000012,0.0,0.02255624853602653,0.02255624853602653,0.09003222235357419,0.08342226159907112,0.005641992004503093,0.02255624853602653,0.005075636746547854,0.00047685599140982667,0.00047685599140982667,0.0,0.9983541329220478,0.004664597121617146,0.00418774113020732,0.9998554881539056,False
6.868,1,340,341,2.7804750000000116,2.7804750000000116,0.0,0.023381248536026585,0.023381248536026585,0.09002226159907087,0.08295292584456784,0.006054492004503071,0.023381248536026585,0.005075636746547854,0.00047680562774297486,0.00047680562774297486,0.0,0.9984109943090982,0.004641754248054082,0.004164948620311107,0.999860633500226,False
6.8915,1,341,342,2.7875250000000116,2.7875250000000116,0.0,0.024262498536026682,0.024262498536026682,0.09000292584456787,0.08205234009006485,0.006935742004503061,0.024262498536026682,0.005075636746547854,0.0004768454486489638,0.0004768454486489638,0.0,0.9985187755004408,0.004510352296604094,0.004033506847955131,0.9998702991429934,False
6.918,1,342,343,2.7954750000000117,2.7954750000000117,0.0,0.025256248536026794,0.025256248536026794,0.09000234009006489,0.08166034808556186,0.007802343384006485,0.025256248536026794,0.005075636746547854,0.0004768901047188124,0.0004768901047188124,0.0,0.9987050997415953,0.003966234561020333,0.003489344456301521,0.9998866891261562,False
6.946,1,343,344,2.8038750000000117,2.803875000000011,-4.440892098500626e-16,0.02630624853602688,0.01315312426801344,0.09006034808556167,0.08066835608105867,0.008852343384006445,0.01315312426801344,0.005075636746547854,0.000477077911866947,0.000477077911866947,0.0,0.9988407637587047,0.0028937633731256074,0.0024166854612586606,0.9998975288461429,False
6.97725,1,344,345,2.8132500000000116,2.813250000000011,-4.440892098500626e-16,0.014324999268013412,0.014324999268013412,0.09004335608105844,0.08496767257880694,0.005075683502251491,0.014324999268013412,0.005075636746547854,0.0005007105848147391,0.0005007105848147391,0.0,0.9989770526228988,0.004682837088096782,0.004182126503282043,0.9999122846929825,False
6.99425,1,345,346,2.8183500000000112,2.8183500000000112,0.0,0.014962499268013409,0.014962499268013409,0.09006767257880693,0.08435448907655545,0.00539443350225149,0.014962499268013409,0.005075636746547854,0.0004960445928089683,0.0004960445928089683,0.0,0.9982003800473055,0.004454885726195977,0.003958841133387009,0.9998413285175478,False
7.01325,1,346,347,2.8240500000000113,2.8240500000000113,0.0,0.015674999268013405,0.015674999268013405,0.09005448907655536,0.08394755557430389,0.005935546692003198,0.015674999268013405,0.005075636746547854,0.0004902830670187706,0.0004902830670187706,0.0,0.9983166614460257,0.004396003880161557,0.0039057208131427867,0.9998518037597607,False
7.0335,1,347,348,2.8301250000000113,2.8301250000000113,0.0,0.016434374268013474,0.016434374268013474,0.09002255557430389,0.08315624707205244,0.006315234192003186,0.016434374268013474,0.005075636746547854,0.0004849708015666888,0.0004849708015666888,0.0,0.9984649767359822,0.004400062747304083,0.003915091945737394,0.9998652758065172,False
7.0565,1,348,349,2.8370250000000112,2.8370250000000112,0.0,0.017296874268013546,0.017296874268013546,0.09005624707205237,0.08249882538004924,0.006498046692003173,0.017296874268013546,0.005075636746547854,0.0004804514270844597,0.0004804514270844597,0.0,0.9985686496476248,0.0044122845998974675,0.003931833172813008,0.9998747163316669,False
7.08175,1,349,350,2.844600000000011,2.844600000000011,0.0,0.01824374926801363,0.01824374926801363,0.09007382538004921,0.0815695286880461,0.006971484192003157,0.01824374926801363,0.005075636746547854,0.0004771823464357088,0.0004771823464357088,0.0,0.9986202926220511,0.004318163371067947,0.0038409810246322383,0.9998793468022796,False
7.11,1,350,351,2.853075000000011,2.853075000000011,0.0,0.019303124268013727,0.019303124268013727,0.09004452868804613,0.08086054449604302,0.008030859192003128,0.019303124268013727,0.005075636746547854,0.0004751255494494985,0.0004751255494494985,0.0,0.9987214520374192,0.0031474583129512956,0.0026723327635017973,0.999887150612711,False
7.1405,1,351,352,2.862225000000011,2.862225000000011,0.0,0.020446874268013837,0.020446874268013837,0.09001054449604293,0.0848466774000414,0.005163867096001532,0.020446874268013837,0.005075636746547854,0.0004746880691050393,0.0004746880691050393,0.0,0.9988815649358376,0.0045727833329752,0.0040980952638701605,0.9999034109934617,False
7.15775,1,352,353,2.867400000000011,2.8674000000000115,4.440892098500626e-16,0.021093749268013925,0.021093749268013925,0.09002167740004155,0.08421093530404,0.005147460846001546,0.021093749268013925,0.005075636746547854,0.0004737444185596975,0.0004737444185596975,0.0,0.9982308339736667,0.0046058298352467456,0.004132085416687048,0.9998442316975169,False
7.17725,1,353,354,2.873250000000011,2.873250000000011,0.0,0.02182499926801399,0.02182499926801399,0.09006093530403991,0.08418222445803838,0.0055130858460015345,0.02182499926801399,0.005075636746547854,0.00047320065808567326,0.00047320065808567326,0.0,0.9982513728462067,0.004631088753813253,0.00415788809572758,0.9998461124274272,False
7.19675,1,354,355,2.879100000000011,2.879100000000011,0.0,0.022556249268014056,0.022556249268014056,0.0900322244580383,0.08342226361203679,0.005641992096001531,0.022556249268014056,0.005075636746547854,0.00047304511807809207,0.00047304511807809207,0.0,0.998354093784684,0.004632810387433808,0.004159765269355716,0.9998554488205471,False
7.21875,1,355,356,2.885700000000011,2.885700000000011,0.0,0.023381249268014145,0.023381249268014145,0.0900222636120368,0.0829529277660353,0.006054492096001525,0.023381249268014145,0.005075636746547854,0.0004730084287024385,0.0004730084287024385,0.0,0.9984109580867768,0.004610631763627575,0.004137623334925136,0.9998605957451834,False
7.24225,1,356,357,2.892750000000011,2.892750000000011,0.0,0.024262499268014208,0.024262499268014208,0.09000292776603507,0.0820523419200336,0.006935742096001482,0.024262499268014208,0.005075636746547854,0.00047305621431802786,0.00047305621431802786,0.0,0.9985187386126597,0.004476653372325407,0.004003597158007379,0.9998702584671514,False
7.26875,1,357,358,2.900700000000011,2.900700000000011,0.0,0.02525624926801432,0.02525624926801432,0.09000234192003367,0.0816603498240322,0.007802343567003367,0.02525624926801432,0.005075636746547854,0.00047316776059517,0.00047316776059517,0.0,0.9987050655921924,0.003931519235749206,0.003458351475154036,0.9998866464298298,False
7.29675,1,358,359,2.909100000000011,2.909100000000011,0.0,0.026306249268014406,0.013153124634007203,0.090060349824032,0.08066835772803056,0.008852343567003325,0.013153124634007203,0.005075636746547854,0.00047339274958589726,0.00047339274958589726,0.0,0.9988407284421318,0.0028536354376842155,0.002380242688098318,0.9998974754173192,False
7.328,1,359,360,2.9184750000000106,2.9184750000000106,0.0,0.014324999634007175,0.014324999634007175,0.09004335772803033,0.08496767418002964,0.005075683548000702,0.014324999634007175,0.005075636746547854,0.0004966740829849989,0.0004966740829849989,0.0,0.9989770571533216,0.004685720768398308,0.004189046685413309,0.9999122889081533,False
7.345,1,360,361,2.9235750000000102,2.9235750000000102,0.0,0.014962499634007172,0.014962499634007172,0.09006767418002962,0.0843544906320289,0.005394433548000701,0.014962499634007172,0.005075636746547854,0.0004924340872258842,0.0004924340872258842,0.0,0.9982003611208505,0.004439568436170008,0.003947134348944123,0.9998413093170113,False
7.364,1,361,362,2.9292750000000103,2.9292750000000103,0.0,0.015674999634007165,0.015674999634007165,0.09005449063202882,0.08394755708402814,0.005935546783501639,0.015674999634007165,0.005075636746547854,0.00048695523318838284,0.00048695523318838284,0.0,0.9983166231012461,0.004364538988635681,0.0038775837554472985,0.9998517649069171,False
7.38425,1,362,363,2.9353500000000103,2.9353500000000103,0.0,0.016434374634007234,0.016434374634007234,0.09002255708402813,0.08315624853602747,0.006315234283501628,0.016434374634007234,0.005075636746547854,0.00048173452753043355,0.00048173452753043355,0.0,0.9984649258777233,0.004357984138236355,0.0038762496107059216,0.9998652239153943,False
7.40725,1,363,364,2.9422500000000102,2.9422500000000102,0.0,0.017296874634007305,0.017296874634007305,0.09005624853602742,0.08249882675252584,0.006498046783501613,0.017296874634007305,0.005075636746547854,0.0004771774220225757,0.0004771774220225757,0.0,0.99856859397346,0.00436548615923002,0.003888308737207444,0.9998746587950771,False
7.4325,1,364,365,2.9498250000000104,2.9498250000000104,0.0,0.018243749634007423,0.018243749634007423,0.09007382675252608,0.0815695299690245,0.006971484283501614,0.018243749634007423,0.005075636746547854,0.0004737771418558716,0.0004737771418558716,0.0,0.9986202372998657,0.004269256796226688,0.0037954796543708163,0.9998792871413807,False
7.46075,1,365,366,2.95830000000001,2.9583000000000106,4.440892098500626e-16,0.01930312463400752,0.01930312463400752,0.09004452996902451,0.08086054568552295,0.008030859283501585,0.01930312463400752,0.005075636746547854,0.00047157766346663936,0.00047157766346663936,0.0,0.9987214009574967,0.00309605512093937,0.0026244774574727308,0.9998870845973857,False
7.49125,1,366,367,2.96745000000001,2.96745000000001,0.0,0.02044687463400763,0.02044687463400763,0.09001054568552286,0.08484667854377209,0.005163867141750769,0.02044687463400763,0.005075636746547854,0.00047100862644993443,0.00047100862644993443,0.0,0.9988815201459607,0.00453637434114669,0.004065365714696755,0.9999033660089768,False
7.5085,1,367,368,2.9726250000000105,2.9726250000000105,0.0,0.021093749634007685,0.021093749634007685,0.09002167854377198,0.08421093640202124,0.005147460891750766,0.021093749634007685,0.005075636746547854,0.00047001171008678944,0.00047001171008678944,0.0,0.9982307891239188,0.004569477686439241,0.004099465976352452,0.9998441867253288,False
7.5280000000000005,1,368,369,2.97847500000001,2.97847500000001,0.0,0.02182499963400775,0.02182499963400775,0.09006093640202112,0.08418222551027038,0.005513085891750754,0.02182499963400775,0.005075636746547854,0.000469438798370786,0.000469438798370786,0.0,0.9982513312137333,0.004597284106623634,0.0041278453082528475,0.9998460706472952,False
7.5475,1,369,370,2.98432500000001,2.98432500000001,0.0,0.022556249634007815,0.022556249634007815,0.09003222551027029,0.08342226461851956,0.005641992141750742,0.022556249634007815,0.005075636746547854,0.00046924751621688196,0.00046924751621688196,0.0,0.998354053618336,0.004600330421306309,0.004131082905089427,0.9998554085732242,False
7.569500000000001,1,370,371,2.99092500000001,2.99092500000001,0.0,0.023381249634007905,0.023381249634007905,0.09002226461851959,0.08295292872676886,0.006054492141750737,0.023381249634007905,0.005075636746547854,0.00046924307954346333,0.00046924307954346333,0.0,0.9984109233508767,0.004580862447633838,0.0041116193680903745,0.9998605596368605,False
7.593,1,371,372,2.99797500000001,2.99797500000001,0.0,0.024262499634008002,0.024262499634008002,0.09000292872676889,0.08205234283501817,0.0069357421417507266,0.024262499634008002,0.005075636746547854,0.00046930233927381195,0.00046930233927381195,0.0,0.9985187037344821,0.004444448218514915,0.003975145879241103,0.9998702196049796,False
7.6195,1,372,373,3.0059250000000097,3.00592500000001,4.440892098500626e-16,0.02525624963400808,0.02525624963400808,0.09000234283501796,0.08166035069326728,0.007802343658501799,0.02525624963400808,0.005075636746547854,0.00046947143227032116,0.00046947143227032116,0.0,0.9987050322828591,0.003898190106317284,0.003428718674046963,0.9998866053671979,False
7.6475,1,373,374,3.0143250000000097,3.01432500000001,4.440892098500626e-16,0.0263062496340082,0.0131531248170041,0.09006035069326734,0.08066835855151668,0.008852343658501792,0.0131531248170041,0.005075636746547854,0.00046974882461796026,0.00046974882461796026,0.0,0.9988406950689375,0.002815851162686789,0.0023461023380688287,0.999897425071105,False
7.67875,1,374,375,3.0237000000000096,3.0237000000000096,0.0,0.014324999817004072,0.014324999817004072,0.09004335855151645,0.08496767498064113,0.0050756835708753245,0.014324999817004072,0.005075636746547854,0.0004926631874008999,0.0004926631874008999,0.0,0.9989770636114536,0.004690257028549319,0.0041975938411484195,0.9999122951095971,False
7.69575,1,375,376,3.0288000000000093,3.0288000000000093,0.0,0.014962499817004036,0.014962499817004036,0.09006767498064085,0.08435449140976556,0.005394433570875307,0.014962499817004036,0.005075636746547854,0.0004888304172270613,0.0004888304172270613,0.0,0.9982003455090195,0.004427032093444312,0.003938201676217251,0.9998412934926476,False
7.71475,1,376,377,3.0345000000000093,3.0345000000000093,0.0,0.01567499981700403,0.01567499981700403,0.09005449140976546,0.08394755783889017,0.005935546829250847,0.01567499981700403,0.005075636746547854,0.0004836455510681578,0.0004836455510681578,0.0,0.9983165885226074,0.004336206924860871,0.003852561373792713,0.9998517298938417,False
7.735,1,377,378,3.0405750000000094,3.0405750000000094,0.0,0.016434374817004098,0.016434374817004098,0.09002255783889018,0.0831562492680149,0.006315234329250835,0.016434374817004098,0.005075636746547854,0.00047853819763522495,0.00047853819763522495,0.0,0.9984648781441633,0.004318423301110548,0.0038398851034753233,0.999865175111046,False
7.758,1,378,379,3.0474750000000097,3.0474750000000097,0.0,0.017296874817004204,0.017296874817004204,0.09005624926801511,0.08249882743876429,0.006498046829250846,0.017296874817004204,0.005075636746547854,0.00047395258785307116,0.00047395258785307116,0.0,0.9985685394643758,0.0043198286143085254,0.0038458760264554544,0.9998746026082737,False
7.78325,1,379,380,3.0550500000000094,3.0550500000000094,0.0,0.018243749817004287,0.018243749817004287,0.09007382743876427,0.08156953060951347,0.006971484329250831,0.018243749817004287,0.005075636746547854,0.00047044619439783405,0.00047044619439783405,0.0,0.9986201829746166,0.0042212243500309166,0.0037507781556330826,0.9998792285533256,False
7.8115000000000006,1,380,381,3.0635250000000096,3.0635250000000096,0.0,0.019303124817004386,0.019303124817004386,0.09004453060951349,0.08086054628026271,0.008030859329250802,0.019303124817004386,0.005075636746547854,0.0004681007665281419,0.0004681007665281419,0.0,0.9987213497637712,0.0030451148853438137,0.0025770141188156716,0.9998870192207355,False
7.8420000000000005,1,381,382,3.0726750000000096,3.0726750000000096,0.0,0.020446874817004496,0.020446874817004496,0.09001054628026262,0.08484667911563726,0.005163867164625373,0.020446874817004496,0.005075636746547854,0.00046740302679289594,0.00046740302679289594,0.0,0.998881475562044,0.004500138311922891,0.004032735285129995,0.9999033212289307,False
7.85925,1,382,383,3.07785000000001,3.07785000000001,0.0,0.021093749817004584,0.021093749817004584,0.0900216791156374,0.08421093695101202,0.005147460914625382,0.021093749817004584,0.005075636746547854,0.00046635260502727964,0.00046635260502727964,0.0,0.9982307446102444,0.004533256995966385,0.004066904390939105,0.999844141913359,False
7.87875,1,383,384,3.0837000000000097,3.0837000000000097,0.0,0.02182499981700465,0.02182499981700465,0.09006093695101192,0.08418222603638656,0.00551308591462537,0.02182499981700465,0.005075636746547854,0.00046574365600228224,0.00046574365600228224,0.0,0.9982512895096013,0.0045635272091287815,0.004097783553126499,0.9998460288852803,False
7.89825,1,384,385,3.0895500000000093,3.089550000000009,-4.440892098500626e-16,0.022556249817004714,0.022556249817004714,0.09003222603638647,0.08342226512176112,0.005641992164625367,0.022556249817004714,0.005075636746547854,0.000465515283077905,0.000465515283077905,0.0,0.9983540135316533,0.0045678833304580654,0.004102368047380161,0.99985536830884,False
7.92025,1,385,386,3.096150000000009,3.0961500000000095,4.440892098500626e-16,0.023381249817004804,0.023381249817004804,0.09002226512176115,0.0829529292071358,0.006054492164625362,0.023381249817004804,0.005075636746547854,0.0004655567421500192,0.0004655567421500192,0.0,0.9984108903458838,0.004552863484691465,0.004087306742541446,0.9998605256592638,False
7.9437500000000005,1,386,387,3.103200000000009,3.103200000000009,0.0,0.024262499817004866,0.024262499817004866,0.09000292920713557,0.08205234329251027,0.0069357421646253185,0.024262499817004866,0.005075636746547854,0.0004656394007102301,0.0004656394007102301,0.0,0.9985186719755977,0.004414775757744214,0.003949136357033984,0.9998701838550778,False
7.97025,1,387,388,3.111150000000009,3.111150000000009,0.0,0.02525624981700498,0.02525624981700498,0.09000234329251033,0.08166035112788503,0.007802343704251031,0.02525624981700498,0.005075636746547854,0.00046583834784843993,0.00046583834784843993,0.0,0.9987049992771025,0.0038658555838192374,0.0034000172359707976,0.9998865654444811,False
7.9982500000000005,1,388,389,3.1195500000000087,3.1195500000000087,0.0,0.026306249817005065,0.013153124908502532,0.09006035112788481,0.08066835896325955,0.008852343704250991,0.013153124908502532,0.005075636746547854,0.00046617903974039305,0.00046617903974039305,0.0,0.9988406633335933,0.002780464260901269,0.002314285221160876,0.9998973779182533,False
8.0295,1,389,390,3.1289250000000086,3.1289250000000086,0.0,0.014324999908502504,0.014324999908502504,0.09004335896325932,0.08496767538094671,0.00507568358231262,0.014324999908502504,0.005075636746547854,0.0004887141757642259,0.0004887141757642259,0.0,0.9989770716057421,0.004696076034788922,0.004207361859024697,0.9999123028377829,False
8.0465,1,390,391,3.1340250000000083,3.1340250000000083,0.0,0.014962499908502468,0.014962499908502468,0.09006767538094644,0.08435449179863383,0.005394433582312602,0.014962499908502468,0.005075636746547854,0.00048526440028004615,0.00048526440028004615,0.0,0.9982003327991853,0.004416896503790797,0.003931632103510751,0.9998412805796545,False
8.0655,1,391,392,3.1397250000000083,3.1397250000000083,0.0,0.015674999908502456,0.015674999908502456,0.09005449179863378,0.08394755821632116,0.005935546852125454,0.015674999908502456,0.005075636746547854,0.00048037605309668137,0.00048037605309668137,0.0,0.998316557461143,0.00431085963028581,0.0038304835771891285,0.9998516985317459,False
8.08575,1,392,393,3.1458000000000084,3.1458000000000084,0.0,0.016434374908502466,0.016434374908502466,0.09002255821632132,0.08315624963400867,0.006315234352125459,0.016434374908502466,0.005075636746547854,0.0004754061471473436,0.0004754061471473436,0.0,0.9984648340590957,0.004281878543545045,0.0038064723963977015,0.9998651300311711,False
8.10875,1,393,394,3.1527000000000083,3.1527000000000083,0.0,0.017296874908502433,0.017296874908502433,0.09005624963400852,0.08249882778188303,0.006498046852125446,0.017296874908502433,0.005075636746547854,0.00047079608675281717,0.00047079608675281717,0.0,0.9985684865793394,0.004275639650995353,0.0038048435642425355,0.9998745481531284,False
8.134,1,394,395,3.1602750000000084,3.1602750000000084,0.0,0.018243749908502402,0.018243749908502402,0.09007382778188289,0.08156953092975744,0.00697148435212543,0.018243749908502402,0.005075636746547854,0.0004672128702478365,0.0004672128702478365,0.0,0.9986201301676796,0.0041746296601584895,0.003707416789910653,0.9998791717222146,False
8.16225,1,395,396,3.1687500000000077,3.168750000000008,4.440892098500626e-16,0.019303124908502372,0.019303124908502372,0.09004453092975725,0.08086054657763185,0.008030859352125426,0.019303124908502372,0.005075636746547854,0.00046471717501267147,0.00046471717501267147,0.0,0.9987212987264,0.0029948406813198603,0.002530123506307189,0.9998869547705753,False
8.19275,1,396,397,3.1779000000000077,3.1779000000000077,0.0,0.020446874908502343,0.020446874908502343,0.09001054657763162,0.08484667940156893,0.005163867176062691,0.020446874908502343,0.005075636746547854,0.00046389548893005766,0.00046389548893005766,0.0,0.998881431419405,0.00446429727985688,0.004000401790926822,0.9999032769266152,False
8.21,1,397,398,3.1830750000000076,3.1830750000000076,0.0,0.02109374990850235,0.02109374990850235,0.09002167940156902,0.0842109372255063,0.005147460926062702,0.02109374990850235,0.005075636746547854,0.0004627949419790809,0.0004627949419790809,0.0,0.9982307010443743,0.004497655736933608,0.004034860794954527,0.9998440978848598,False
8.2295,1,398,399,3.188925000000008,3.188925000000008,0.0,0.02182499990850236,0.02182499990850236,0.09006093722550641,0.08418222629944369,0.005513085926062707,0.02182499990850236,0.005075636746547854,0.00046214065863537117,0.00046214065863537117,0.0,0.9982512481618872,0.004530056588772535,0.004067915930137164,0.9998459874350785,False
8.249,1,399,400,3.194775000000008,3.1947750000000075,-4.440892098500626e-16,0.022556249908502305,0.022556249908502305,0.0900322262994433,0.0834222653733806,0.005641992176062679,0.022556249908502305,0.005075636746547854,0.0004618788279669209,0.0004618788279669209,0.0,0.9983539743705925,0.004535948594609644,0.004074069766642723,0.9998553286491803,False
8.271,1,400,401,3.2013750000000076,3.2013750000000076,0.0,0.023381249908502294,0.023381249908502294,0.09002226537338061,0.08295292944731793,0.006054492176062674,0.023381249908502294,0.005075636746547854,0.00046196564041488844,0.00046196564041488844,0.0,0.9984108584923844,0.004526321739608066,0.004064356099193177,0.9998604933825285,False
8.2945,1,401,402,3.2084250000000076,3.2084250000000076,0.0,0.024262499908502284,0.024262499908502284,0.09000292944731797,0.08205234352125529,0.00693574217606269,0.024262499908502284,0.005075636746547854,0.0004620941252137103,0.0004620941252137103,0.0,0.9985186439022095,0.004388367117378677,0.003926272992164966,0.9998701521204633,False
8.321,1,402,403,3.2163750000000078,3.2163750000000078,0.0,0.025256249908502275,0.025256249908502275,0.09000234352125532,0.0816603513451926,0.0078023437271255444,0.025256249908502275,0.005075636746547854,0.00046229310717706227,0.00046229310717706227,0.0,0.9987049666512329,0.003834388844089702,0.0033720957369126397,0.9998865265077417,False
8.349,1,403,404,3.2247750000000073,3.2247750000000073,0.0,0.0263062499085022,0.0131531249542511,0.09006035134519201,0.08066835916912937,0.00885234372712547,0.0131531249542511,0.005075636746547854,0.00046270362427789177,0.00046270362427789177,0.0,0.9988406327989039,0.002747171331328943,0.0022844677070510515,0.9998973336065916,False
8.38025,1,404,405,3.2341500000000067,3.2341500000000067,0.0,0.014324999954251072,0.014324999954251072,0.09004335916912914,0.08496767558109783,0.005075683588031303,0.014324999954251072,0.005075636746547854,0.0004848597246897994,0.0004848597246897994,0.0,0.9989770811842644,0.004703153796981316,0.0042182940722915166,0.999912312077778,False
8.39725,1,405,406,3.2392500000000073,3.2392500000000073,0.0,0.014962499954251102,0.014962499954251102,0.0900676755810981,0.08435449199306674,0.005394433588031318,0.014962499954251102,0.005075636746547854,0.00048176451286668714,0.00048176451286668714,0.0,0.9982003228106856,0.0044089565334686845,0.003927192020601997,0.9998412703388679,False
8.41625,1,406,407,3.2449500000000073,3.2449500000000073,0.0,0.01567499995425109,0.01567499995425109,0.0900544919930667,0.08394755840503537,0.005935546863562735,0.01567499995425109,0.005075636746547854,0.0004771635486895791,0.0004771635486895791,0.0,0.9983165294456,0.004288136625559699,0.00381097307687012,0.9998516703530919,False
8.4365,1,407,408,3.251025000000007,3.251025000000007,0.0,0.016434374954251034,0.016434374954251034,0.09002255840503498,0.08315624981700369,0.006315234363562707,0.016434374954251034,0.005075636746547854,0.00047235190857596965,0.00047235190857596965,0.0,0.9984647934500636,0.004248344210326077,0.0037759923017501073,0.999865088667233,False
8.4595,1,408,409,3.257925000000007,3.2579250000000064,-4.440892098500626e-16,0.017296874954251,0.017296874954251,0.09005624981700354,0.08249882795344084,0.006498046863562685,0.017296874954251,0.005075636746547854,0.00046772486121534577,0.00046772486121534577,0.0,0.9985684358814175,0.004233238251154715,0.0037655133899393697,0.9998744958340253,False
8.48475,1,409,410,3.2655000000000065,3.2655000000000065,0.0,0.01824374995425097,0.01824374995425097,0.0900738279534407,0.08156953108987802,0.00697148436356267,0.01824374995425097,0.005075636746547854,0.0004640881185856956,0.0004640881185856956,0.0,0.9986200790237627,0.004129759406301579,0.003665671287715884,0.9998791169723296,False
8.513,1,410,411,3.2739750000000063,3.2739750000000063,0.0,0.01930312495425094,0.01930312495425094,0.09004453108987787,0.0808605467263152,0.008030859363562666,0.01930312495425094,0.005075636746547854,0.00046144846142537956,0.00046144846142537956,0.0,0.9987212485461315,0.0029457167645204896,0.00248426830309511,0.9998868918847379,False
8.5435,1,411,412,3.2831250000000067,3.2831250000000063,-4.440892098500626e-16,0.020446874954250977,0.020446874954250977,0.09001054672631549,0.08484667954453415,0.005163867181781348,0.020446874954250977,0.005075636746547854,0.000460505433248916,0.000460505433248916,0.0,0.9988813879702072,0.004429088794238464,0.0039685833609895485,0.999903233388506,False
8.56075,1,412,413,3.288300000000006,3.288300000000006,0.0,0.02109374995425092,0.02109374995425092,0.09002167954453369,0.0842109373627524,0.005147460931781322,0.02109374995425092,0.005075636746547854,0.00045936313211620975,0.00045936313211620975,0.0,0.998230659038629,0.0044632114743473755,0.004003848342231166,0.9998440553202325,False
8.58025,1,413,414,3.2941500000000064,3.2941500000000064,0.0,0.02182499995425093,0.02182499995425093,0.0900609373627525,0.08418222643097116,0.005513085931781327,0.02182499995425093,0.005075636746547854,0.0004586555192100531,0.0004586555192100531,0.0,0.9982512077747797,0.0044972391912683,0.004038583672058247,0.999845946764523,False
8.59975,1,414,415,3.300000000000006,3.300000000000006,0.0,0.022556249954250873,0.022556249954250873,0.09003222643097078,0.08342226549918946,0.005641992181781299,0.022556249954250873,0.005075636746547854,0.00045836723595599487,0.00045836723595599487,0.0,0.9983539370339974,0.004505105202866358,0.004046737966910363,0.9998552903553922,False
8.62175,1,415,416,3.3066000000000058,3.3066000000000058,0.0,0.023381249954250862,0.023381249954250862,0.09002226549918946,0.08295292956740816,0.006054492181781294,0.023381249954250862,0.005075636746547854,0.0004584773739472281,0.0004584773739472281,0.0,0.9984108266533431,0.004500330478128083,0.004041853104180855,0.9998604616325688,False
8.64525,1,416,417,3.313650000000006,3.313650000000006,0.0,0.024262499954250852,0.024262499954250852,0.09000292956740821,0.08205234363562691,0.0069357421817813104,0.024262499954250852,0.005075636746547854,0.00045867427870309387,0.00045867427870309387,0.0,0.9985186188141036,0.004365003899927233,0.003906329621224139,0.9998701240986003,False
8.67175,1,417,418,3.321600000000006,3.3216000000000063,4.440892098500626e-16,0.025256249954250843,0.025256249954250843,0.09000234363562694,0.08166035145384559,0.0078023437385626865,0.025256249954250843,0.005075636746547854,0.00045885486503723853,0.00045885486503723853,0.0,0.9987049351381111,0.0038040724648350233,0.0033452175997977845,0.9998864889459423,False
8.69975,1,418,419,3.3300000000000063,3.330000000000006,-4.440892098500626e-16,0.026306249954250835,0.013153124977125417,0.09006035145384556,0.08066835927206421,0.008852343738562678,0.013153124977125417,0.005075636746547854,0.0004593336441087874,0.0004593336441087874,0.0,0.9988406031765072,0.0027156548245776124,0.002256321180468825,0.9998972917971599,False
8.731,1,419,420,3.3393750000000058,3.3393750000000058,0.0,0.014324999977125389,0.014324999977125389,0.09004335927206399,0.08496767568117333,0.005075683590890646,0.014324999977125389,0.005075636746547854,0.00048112610193275256,0.00048112610193275256,0.0,0.9989770926009929,0.004711689925372707,0.004230563823439955,0.9999123230930264,False
8.748,1,420,421,3.3444750000000054,3.3444750000000054,0.0,0.014962499977125353,0.014962499977125353,0.09006767568117308,0.08435449209028245,0.005394433590890629,0.014962499977125353,0.005075636746547854,0.0004783548875073612,0.0004783548875073612,0.0,0.9982003155552468,0.0044031760395527725,0.003924821152045411,0.9998412627518095,False
8.767,1,421,422,3.3501750000000055,3.3501750000000055,0.0,0.01567499997712534,0.01567499997712534,0.09005449209028238,0.08394755849939176,0.0059355468692813065,0.01567499997712534,0.005075636746547854,0.00047402239554954917,0.00047402239554954917,0.0,0.9983165041735096,0.004267743507047783,0.003793721111498234,0.9998516449733252,False
8.78725,1,422,423,3.356250000000005,3.356250000000005,0.0,0.016434374977125285,0.016434374977125285,0.09002255849939136,0.08315624990850076,0.006315234369281279,0.016434374977125285,0.005075636746547854,0.00046938004539904307,0.00046938004539904307,0.0,0.9984647557450518,0.004217478631087755,0.003748098585688712,0.9998650505575807,False
8.81025,1,423,424,3.363150000000005,3.363150000000005,0.0,0.017296874977125253,0.017296874977125253,0.09005624990850061,0.08249882803921935,0.006498046869281257,0.017296874977125253,0.005075636746547854,0.00046475696639623065,0.00046475696639623065,0.0,0.998568388052739,0.004193026547810105,0.0037282695814138747,0.9998744461893168,False
8.8355,1,424,425,3.3707250000000055,3.3707250000000055,0.0,0.018243749977125287,0.018243749977125287,0.09007382803921972,0.08156953116993841,0.006971484369281274,0.018243749977125287,0.005075636746547854,0.00046106972117070544,0.00046106972117070544,0.0,0.9986200289976815,0.004086237121546189,0.003625167400375484,0.9998790637967903,False
8.86375,1,425,426,3.3792000000000053,3.3792000000000053,0.0,0.019303124977125257,0.019303124977125257,0.09004453116993824,0.08086054680065695,0.00803085936928127,0.019303124977125257,0.005075636746547854,0.0004583096840292428,0.0004583096840292428,0.0,0.998721199961786,0.002898250465506,0.0024399407814767573,0.9998868311804189,False
8.89425,1,426,427,3.388350000000005,3.388350000000005,0.0,0.020446874977125228,0.020446874977125228,0.09001054680065672,0.08484667961601608,0.0051638671846406334,0.020446874977125228,0.005075636746547854,0.0004572396864294807,0.0004572396864294807,0.0,0.9988813452126597,0.00439450209417111,0.003937262407741629,0.9999031905946728,False
8.9115,1,427,428,3.3935250000000043,3.3935250000000043,0.0,0.02109374997712517,0.02109374997712517,0.09002167961601565,0.08421093743137505,0.0051474609346406075,0.02109374997712517,0.005075636746547854,0.0004560667727081703,0.0004560667727081703,0.0,0.9982306187983453,0.004430171298432893,0.0039741045257247224,0.9998440145300636,False
8.931000000000001,1,428,429,3.3993750000000045,3.3993750000000045,0.0,0.02182499997712518,0.02182499997712518,0.09006093743137517,0.08418222649673454,0.005513085934640612,0.02182499997712518,0.005075636746547854,0.0004553029543486254,0.0004553029543486254,0.0,0.9982511690126115,0.004465528819029729,0.004010225864681104,0.9998459074665179,False
8.9505,1,429,430,3.405225000000004,3.405225000000004,0.0,0.022556249977125124,0.022556249977125124,0.09003222649673415,0.08342226556209353,0.005641992184640569,0.022556249977125124,0.005075636746547854,0.00045499983759908843,0.00045499983759908843,0.0,0.998353902653415,0.004476246350648541,0.004021246513049453,0.999855254587192,False
8.9725,1,430,431,3.4118250000000043,3.4118250000000043,0.0,0.023381249977125113,0.023381249977125113,0.09002226556209356,0.08295292962745296,0.006054492184640563,0.023381249977125113,0.005075636746547854,0.00045509653647178864,0.00045509653647178864,0.0,0.9984107942308299,0.0044742306260036335,0.004019134089531845,0.9998604295620768,False
8.996,1,431,432,3.4188750000000043,3.4188750000000043,0.0,0.024262499977125103,0.024262499977125103,0.09000292962745302,0.0820523436928124,0.00693574218464058,0.024262499977125103,0.005075636746547854,0.0004553766836309298,0.0004553766836309298,0.0,0.9985185952978752,0.00434383934583546,0.0038884626622045296,0.999870098679528,False
9.0225,1,432,433,3.426825000000004,3.4268250000000045,4.440892098500626e-16,0.025256249977125094,0.025256249977125094,0.09000234369281246,0.08166035150817184,0.007802343744281233,0.025256249977125094,0.005075636746547854,0.00045554344244799137,0.00045554344244799137,0.0,0.998704906022324,0.0037756254063057923,0.0033200819638578008,0.9998864537149867,False
9.0505,1,433,434,3.4352250000000044,3.4352250000000044,0.0,0.026306249977125086,0.013153124988562543,0.09006035150817178,0.0806683593235312,0.008852343744281226,0.013153124988562543,0.005075636746547854,0.0004560768622081698,0.0004560768622081698,0.0,0.9988405745452051,0.0026856868757900026,0.0022296100135818326,0.9998972522580759,False
9.08175,1,434,435,3.444600000000004,3.444600000000004,0.0,0.014324999988562515,0.014324999988562515,0.09004335932353097,0.08496767573121068,0.005075683592320281,0.014324999988562515,0.005075636746547854,0.0004775290216411834,0.0004775290216411834,0.0,0.998977106029287,0.004721908234227218,0.004244379212586034,0.999912336167307,False
9.09875,1,435,436,3.4497000000000035,3.4497000000000035,0.0,0.014962499988562479,0.014962499988562479,0.09006767573121041,0.08435449213889015,0.005394433592320263,0.014962499988562479,0.005075636746547854,0.00047505394463086725,0.00047505394463086725,0.0,0.9982003111940881,0.00439967597438673,0.003924622029755863,0.9998412579932059,False
9.117750000000001,1,436,437,3.4554000000000036,3.4554000000000036,0.0,0.015674999988562466,0.015674999988562466,0.0900544921388901,0.08394755854656982,0.00593554687214058,0.015674999988562466,0.005075636746547854,0.0004709681004597589,0.0004709681004597589,0.0,0.9983164817323799,0.004249643571250392,0.0037786754707906326,0.999851622344157,False
9.138,1,437,438,3.461475000000003,3.4614750000000036,4.440892098500626e-16,0.01643437498856241,0.01643437498856241,0.09002255854656945,0.08315624995424921,0.006315234372140552,0.01643437498856241,0.005075636746547854,0.0004664921192398608,0.0004664921192398608,0.0,0.998464720360884,0.004188833152778737,0.003722341033538876,0.9998650150861705,False
9.161,1,438,439,3.4683750000000035,3.468375000000004,4.440892098500626e-16,0.017296874988562444,0.017296874988562444,0.09005624995424957,0.08249882808210898,0.006498046872140563,0.017296874988562444,0.005075636746547854,0.0004619139695089944,0.0004619139695089944,0.0,0.9985683440617438,0.004155755112302116,0.0036938411427931217,0.9998744002101607,False
9.18625,1,439,440,3.4759500000000036,3.4759500000000036,0.0,0.018243749988562413,0.018243749988562413,0.09007382808210883,0.08156953120996824,0.0069714843721405476,0.018243749988562413,0.005075636746547854,0.0004581589918546666,0.0004581589918546666,0.0,0.998619979859283,0.004043778614318268,0.003585619622463601,0.9998790118109805,False
9.214500000000001,1,440,441,3.4844250000000034,3.4844250000000034,0.0,0.019303124988562383,0.019303124988562383,0.09004453120996808,0.08086054683782751,0.008030859372140542,0.019303124988562383,0.005075636746547854,0.0004553165205282859,0.0004553165205282859,0.0,0.9987211536557676,0.0028530912468586883,0.0023977747263304026,0.999886773423239,False
9.245000000000001,1,441,442,3.4935750000000034,3.4935750000000034,0.0,0.020446874988562354,0.020446874988562354,0.09001054683782728,0.084846679651757,0.005163867186070271,0.020446874988562354,0.005075636746547854,0.000454104541026636,0.000454104541026636,0.0,0.998881303074718,0.0043604108982934625,0.003906306357266826,0.9999031483893589,False
9.26225,1,442,443,3.4987500000000034,3.4987500000000034,0.0,0.021093749988562362,0.021093749988562362,0.09002167965175709,0.0842109374656868,0.005147460936070261,0.021093749988562362,0.005075636746547854,0.0004529095110205328,0.0004529095110205328,0.0,0.9982305800641362,0.004398411810398989,0.003945502299378456,0.9998439753565245,False
9.28175,1,443,444,3.504600000000003,3.504600000000003,0.0,0.021824999988562306,0.021824999988562306,0.09006093746568639,0.08418222652961616,0.005513085936070233,0.021824999988562306,0.005075636746547854,0.00045209249102931277,0.00045209249102931277,0.0,0.9982511322789387,0.004435231526318216,0.003983139035288903,0.9998458699596858,False
9.30125,1,444,445,3.510450000000003,3.510450000000003,0.0,0.022556249988562316,0.022556249988562316,0.0900322265296163,0.08342226559354604,0.0056419921860702375,0.022556249988562316,0.005075636746547854,0.0004517866845288118,0.0004517866845288118,0.0,0.9983538718470849,0.004449999578142412,0.0039982128936136,0.9998552221651184,False
9.32325,1,445,446,3.517050000000003,3.517050000000003,0.0,0.023381249988562305,0.023381249988562305,0.09002226559354606,0.08295292965747578,0.006054492186070232,0.023381249988562305,0.005075636746547854,0.0004518274265146058,0.0004518274265146058,0.0,0.9984107612040904,0.004447670707832169,0.003995843281317563,0.9998603967425801,False
9.34675,1,446,447,3.5241000000000025,3.5241000000000025,0.0,0.02426249998856223,0.02426249998856223,0.09000292965747529,0.08205234372140507,0.006935742186070182,0.02426249998856223,0.005075636746547854,0.00045218885581779946,0.00045218885581779946,0.0,0.9985185715065671,0.004323462142145299,0.0038712732863274996,0.9998700740455971,False
9.37325,1,447,448,3.5320500000000026,3.5320500000000026,0.0,0.02525624998856222,0.02525624998856222,0.09000234372140511,0.08166035153533491,0.007802343747140514,0.02525624998856222,0.005075636746547854,0.0004523765082003221,0.0004523765082003221,0.0,0.9987048810116567,0.0037502887531438364,0.0032979122449435143,0.9998864224042655,False
9.401250000000001,1,448,449,3.5404500000000025,3.5404500000000025,0.0,0.02630624998856221,0.013153124994281106,0.09006035153533484,0.08066835934926464,0.008852343747140506,0.013153124994281106,0.005075636746547854,0.00045294158542575437,0.00045294158542575437,0.0,0.9988405475936184,0.002657429042953574,0.0022044874575278197,0.999897215196307,False
9.432500000000001,1,449,450,3.549825000000002,3.549825000000002,0.0,0.014324999994281077,0.014324999994281077,0.09004335934926441,0.08496767575622934,0.005075683593035082,0.014324999994281077,0.005075636746547854,0.00047406860429452974,0.00047406860429452974,0.0,0.9989771211598395,0.0047336903881122425,0.004259621783817713,0.9999123511442427,False
9.4495,1,450,451,3.5549250000000017,3.5549250000000017,0.0,0.014962499994281042,0.014962499994281042,0.09006767575622907,0.084354492163194,0.005394433593035064,0.014962499994281042,0.005075636746547854,0.00047186973409024473,0.00047186973409024473,0.0,0.9982003097753873,0.00439852133727512,0.003926651603184875,0.9998412561641403,False
9.4685,1,451,452,3.5606250000000017,3.5606250000000017,0.0,0.015674999994281028,0.015674999994281028,0.09005449216319394,0.08394755857015887,0.00593554687357022,0.015674999994281028,0.005075636746547854,0.0004680132553032385,0.0004680132553032385,0.0,0.9983164625047805,0.0042340228203381625,0.003766009565034924,0.9998516027272152,False
9.48875,1,452,453,3.5667000000000018,3.5667000000000018,0.0,0.016434374994281038,0.016434374994281038,0.09002255857015902,0.08315624997712392,0.006315234373570225,0.016434374994281038,0.005075636746547854,0.0004636880551354602,0.0004636880551354602,0.0,0.9984646870553111,0.004162078115423441,0.003698390060287981,0.9998649817998438,False
9.511750000000001,1,453,454,3.5736000000000017,3.5736000000000017,0.0,0.017296874994281005,0.017296874994281005,0.09005624997712376,0.08249882810355351,0.0064980468735702035,0.017296874994281005,0.005075636746547854,0.0004592090890151627,0.0004592090890151627,0.0,0.998568304595543,0.004122129845935338,0.003662920756920175,0.9998743588196727,False
9.537,1,454,455,3.5811750000000018,3.5811750000000018,0.0,0.018243749994280974,0.018243749994280974,0.09007382810355336,0.08156953122998314,0.006971484373570188,0.018243749994280974,0.005075636746547854,0.00045536455555539817,0.00045536455555539817,0.0,0.9986199322185333,0.004002619299956038,0.0035472547444006398,0.9998789613164432,False
9.56525,1,455,456,3.5896500000000016,3.5896500000000016,0.0,0.019303124994280944,0.019303124994280944,0.09004453122998297,0.0808605468564128,0.008030859373570183,0.019303124994280944,0.005075636746547854,0.00045247855345254483,0.00045247855345254483,0.0,0.9987211100500876,0.002810843718098477,0.002358365164645932,0.9998867193183166,False
9.59575,1,456,457,3.5988000000000016,3.5988000000000016,0.0,0.020446874994280915,0.020446874994280915,0.09001054685641256,0.0848466796696275,0.005163867186785074,0.020446874994280915,0.005075636746547854,0.00045111324262152785,0.00045111324262152785,0.0,0.9988812620437623,0.004327117132905567,0.003876003890284039,0.9999031071590773,False
9.613,1,457,458,3.6039750000000015,3.6039750000000015,0.0,0.021093749994280923,0.021093749994280923,0.09002167966962758,0.08421093748284247,0.005147460936785081,0.021093749994280923,0.005075636746547854,0.0004498972517625767,0.0004498972517625767,0.0,0.998230542533333,0.004367758140264938,0.0039178608885023615,0.9998439375610515,False
9.6325,1,458,459,3.609825000000001,3.609825000000001,0.0,0.021824999994280867,0.021824999994280867,0.09006093748284208,0.08418222654605703,0.005513085936785053,0.021824999994280867,0.005075636746547854,0.00044903474416548386,0.00044903474416548386,0.0,0.99825109771751,0.004406532210230435,0.003957497466064951,0.9998458345011799,False
9.652000000000001,1,459,460,3.6156750000000013,3.6156750000000013,0.0,0.022556249994280877,0.022556249994280877,0.09003222654605716,0.08342226560927209,0.005641992186785058,0.022556249994280877,0.005075636746547854,0.00044873275528233133,0.00044873275528233133,0.0,0.9983538443804224,0.0044264303379168216,0.00397769758263449,0.9998551931839457,False
9.674,1,460,461,3.622275000000001,3.622275000000001,0.0,0.023381249994280866,0.023381249994280866,0.0900222656092721,0.082952929672487,0.0060544921867850526,0.023381249994280866,0.005075636746547854,0.0004486802852174096,0.0004486802852174096,0.0,0.9984107281547802,0.00442073552376895,0.003972055238551541,0.9998603633277364,False
9.6975,1,461,462,3.6293250000000015,3.6293250000000015,0.0,0.024262499994280855,0.024262499994280855,0.09000292967248705,0.08205234373570194,0.006935742186785069,0.024262499994280855,0.005075636746547854,0.0004490984807032927,0.0004490984807032927,0.0,0.9985185457068951,0.004302259392192011,0.0038531609114887183,0.9998700481440063,False
9.724,1,462,463,3.6372750000000007,3.6372750000000007,0.0,0.02525624999428078,0.02525624999428078,0.09000234373570146,0.08166035154891643,0.007802343748570154,0.02525624999428078,0.005075636746547854,0.00044936580453053027,0.00044936580453053027,0.0,0.9987048614687574,0.003729333138001688,0.0032799673334711578,0.9998863966091931,False
9.752,1,463,464,3.6456750000000007,3.6456750000000007,0.0,0.026306249994280773,0.013153124997140386,0.09006035154891637,0.08066835936213135,0.008852343748570147,0.013153124997140386,0.005075636746547854,0.0004499397632174196,0.0004499397632174196,0.0,0.9988405237221851,0.0026317756464665915,0.0021818358832491717,0.9998971816786952,False
9.78325,1,464,465,3.65505,3.6550500000000006,4.440892098500626e-16,0.014324999997140358,0.014324999997140358,0.09004335936213112,0.08496767576873862,0.005075683593392492,0.014324999997140358,0.005075636746547854,0.0004707371390836058,0.0004707371390836058,0.0,0.998977137341429,0.004746588711431986,0.00427585157234838,0.9999123674472531,False
9.80025,1,465,466,3.6601500000000007,3.6601500000000007,0.0,0.014962499997140322,0.014962499997140322,0.09006767576873836,0.08435449217534588,0.005394433593392475,0.014962499997140322,0.005075636746547854,0.0004688052948295468,0.0004688052948295468,0.0,0.9982003111426223,0.004399634205101942,0.003930828910272395,0.9998412571793072,False
9.81925,1,466,467,3.6658500000000003,3.6658500000000003,0.0,0.01567499999714031,0.01567499999714031,0.09005449217534583,0.08394755858195335,0.005935546874285024,0.01567499999714031,0.005075636746547854,0.00046516942234652774,0.00046516942234652774,0.0,0.9983164468857574,0.004221118570789835,0.0037559491484433073,0.9998515864782898,False
9.839500000000001,1,467,468,3.6719250000000003,3.6719250000000003,0.0,0.01643437499714032,0.01643437499714032,0.09002255858195349,0.08315624998856097,0.006315234374285029,0.01643437499714032,0.005075636746547854,0.00046097226165840266,0.00046097226165840266,0.0,0.9984646560003552,0.004137093831111764,0.0036761215694533613,0.9998649505571613,False
9.8625,1,468,469,3.6788250000000002,3.6788250000000002,0.0,0.017296874997140287,0.017296874997140287,0.09005624998856082,0.08249882811427577,0.006498046874285024,0.017296874997140287,0.005075636746547854,0.00045663811766385337,0.00045663811766385337,0.0,0.9985682693062908,0.004092160054115251,0.0036355219364513983,0.9998743220270795,False
9.88775,1,469,470,3.6864000000000003,3.6864,-4.440892098500626e-16,0.018243749997140256,0.018243749997140256,0.09007382811427561,0.0815695312399906,0.006971484374285008,0.018243749997140256,0.005075636746547854,0.00045269894441550334,0.00045269894441550334,0.0,0.9986198872728402,0.003963429668010485,0.0035107307235949813,0.9998789132100546,False
9.916,1,470,471,3.694875,3.694875,0.0,0.019303124997140226,0.019303124997140226,0.09004453123999043,0.08086054686570546,0.008030859374285004,0.019303124997140226,0.005075636746547854,0.0004497857329437872,0.0004497857329437872,0.0,0.9987210686105644,0.002771299270393851,0.002321513537450064,0.9998866685897428,False
9.9465,1,471,472,3.7040249999999997,3.7040249999999997,0.0,0.020446874997140197,0.020446874997140197,0.09001054686570523,0.08484667967856274,0.005163867187142476,0.020446874997140197,0.005075636746547854,0.00044827576778803626,0.00044827576778803626,0.0,0.998881223012029,0.004295300589510914,0.0038470248217228778,0.9999030677684665,False
9.963750000000001,1,472,473,3.7092,3.7091999999999996,-4.440892098500626e-16,0.021093749997140206,0.021093749997140206,0.09002167967856284,0.08421093749142033,0.005147460937142492,0.021093749997140206,0.005075636746547854,0.00044703315595354554,0.00044703315595354554,0.0,0.9982305062716322,0.004338293789930843,0.0038912606339772974,0.9998439012235341,False
9.98325,1,473,474,3.7150499999999993,3.7150499999999993,0.0,0.02182499999714015,0.02182499999714015,0.09006093749141991,0.08418222655427747,0.0055130859371424635,0.02182499999714015,0.005075636746547854,0.000446139077273864,0.000446139077273864,0.0,0.9982510656791145,0.004379854553505869,0.003933715476232004,0.9998458016246031,False
10.00275,1,474,475,3.7208999999999994,3.7208999999999994,0.0,0.02255624999714016,0.02255624999714016,0.09003222655427762,0.08342226561713512,0.005641992187142468,0.02255624999714016,0.005075636746547854,0.00044584152851808535,0.00044584152851808535,0.0,0.9983538197577234,0.004405452548341196,0.003959611019823111,0.9998551675079071,False
10.024750000000001,1,475,476,3.7274999999999996,3.7274999999999996,0.0,0.023381249997140148,0.023381249997140148,0.09002226561713512,0.08295292967999263,0.006054492187142463,0.023381249997140148,0.005075636746547854,0.00044567650200377795,0.00044567650200377795,0.0,0.9984106964842772,0.004394257739087495,0.003948581237083717,0.9998603304322095,False
10.04825,1,476,477,3.7345499999999996,3.7345499999999996,0.0,0.024262499997140138,0.024262499997140138,0.09000292967999265,0.08205234374285014,0.006935742187142479,0.024262499997140138,0.005075636746547854,0.0004461062883331665,0.0004461062883331665,0.0,0.9985185171004075,0.004279107323077652,0.003833001034744486,0.9998700195739954,False
10.07475,1,477,478,3.7424999999999997,3.7424999999999997,0.0,0.02525624999714013,0.02525624999714013,0.09000234374285018,0.08166035155570768,0.007802343749285008,0.02525624999714013,0.005075636746547854,0.00044651523794679934,0.00044651523794679934,0.0,0.9987048474900946,0.0037132802884045843,0.003266765050457785,0.9998863769633249,False
10.10275,1,478,479,3.750899999999999,3.750899999999999,0.0,0.026306249997140055,0.013153124998570027,0.0900603515557071,0.08066835936856466,0.008852343749284935,0.013153124998570027,0.005075636746547854,0.00044708357777939857,0.00044708357777939857,0.0,0.9988405043061523,0.002609875848992513,0.0021627922712131142,0.9998971530454317,False
10.134,1,479,480,3.7602749999999987,3.7602749999999987,0.0,0.014324999998569999,0.014324999998569999,0.09004335936856443,0.08496767577499323,0.0050756835935711975,0.014324999998569999,0.005075636746547854,0.00046875013704694333,0.00046875013704694333,0.0,0.9989771539352967,0.0047600277802174185,0.004291277643170475,0.9999123843382558,False
10.151,1,480,481,3.765374999999999,3.765374999999999,0.0,0.01496249999857003,0.01496249999857003,0.0900676757749935,0.08435449218142224,0.005394433593571213,0.01496249999857003,0.005075636746547854,0.00046586110865523545,0.00046586110865523545,0.0,0.9982003150257277,0.004402856715626215,0.003936995606970979,0.9998412608362138,False
10.17,1,481,482,3.7710749999999984,3.7710749999999984,0.0,0.01567499999856995,0.01567499999856995,0.09005449218142167,0.08394755858785051,0.005935546874642434,0.01567499999856995,0.005075636746547854,0.00046244760893973506,0.00046244760893973506,0.0,0.9983164352630016,0.004211254327718746,0.0037488067187790106,0.9998515740665344,False
10.19025,1,482,483,3.7771499999999985,3.7771499999999985,0.0,0.01643437499856996,0.01643437499856996,0.09002255858785066,0.08315624999427948,0.006315234374642439,0.01643437499856996,0.005075636746547854,0.00045836002330703197,0.00045836002330703197,0.0,0.9984646280785532,0.004114327634573381,0.0036559676112663487,0.9998649219821463,False
10.21325,1,483,484,3.7840499999999984,3.7840499999999984,0.0,0.01729687499856993,0.01729687499856993,0.09005624999427932,0.08249882811963685,0.006498046874642418,0.01729687499856993,0.005075636746547854,0.0004541855132066738,0.0004541855132066738,0.0,0.9985682370155103,0.00406519272911289,0.0036110072159062164,0.9998742889493221,False
10.2385,1,484,485,3.7916249999999985,3.7916249999999985,0.0,0.018243749998569897,0.018243749998569897,0.09007382811963671,0.08156953124499428,0.006971484374642402,0.018243749998569897,0.005075636746547854,0.0004501805855727165,0.0004501805855727165,0.0,0.9986198464340518,0.003927229404899271,0.0034770488193265545,0.9998788688463911,False
10.26675,1,485,486,3.8000999999999983,3.8000999999999983,0.0,0.019303124998569867,0.019303124998569867,0.0900445312449941,0.08086054687035171,0.008030859374642398,0.019303124998569867,0.005075636746547854,0.0004472166473640718,0.0004472166473640718,0.0,0.9987210279206832,0.002733311719865711,0.002286095072501639,0.9998866198640456,False
10.29725,1,486,487,3.809249999999998,3.809249999999998,0.0,0.020446874998569838,0.020446874998569838,0.09001054687035148,0.08484667968303031,0.005163867187321181,0.020446874998569838,0.005075636746547854,0.00044559342880422096,0.00044559342880422096,0.0,0.9988811863937668,0.0042653608862934095,0.0038197674574891884,0.9999030307296676,False
10.3145,1,487,488,3.814424999999998,3.814424999999998,0.0,0.021093749998569847,0.021093749998569847,0.09002167968303039,0.08421093749570918,0.005147460937321188,0.021093749998569847,0.005075636746547854,0.0004443122050100599,0.0004443122050100599,0.0,0.9982304711069069,0.00430986445253162,0.00386555224752156,0.9998438661357454,False
10.334,1,488,489,3.8202749999999983,3.820274999999998,-4.440892098500626e-16,0.021824999998569856,0.021824999998569856,0.0900609374957093,0.08418222655838808,0.005513085937321193,0.021824999998569856,0.005075636746547854,0.00044340163075952014,0.00044340163075952014,0.0,0.9982510359691537,0.004355213575534457,0.0039118119447749365,0.9998457713364558,False
10.3535,1,489,490,3.8261249999999976,3.8261249999999976,0.0,0.0225562499985698,0.0225562499985698,0.09003222655838769,0.08342226562106651,0.005641992187321166,0.0225562499985698,0.005075636746547854,0.0004431033089505832,0.0004431033089505832,0.0,0.9983537969991226,0.004386549972950765,0.003943446664000182,0.9998551444383602,False
10.3755,1,490,491,3.8327249999999977,3.8327249999999977,0.0,0.02338124999856979,0.02338124999856979,0.09002226562106652,0.08295292968374535,0.00605449218732116,0.02338124999856979,0.005075636746547854,0.0004428346915891215,0.0004428346915891215,0.0,0.9984106681497819,0.0043696939792985355,0.003926859287709414,0.9998602999656527,False
10.399000000000001,1,491,492,3.8397749999999977,3.8397749999999977,0.0,0.02426249999856978,0.02426249999856978,0.0900029296837454,0.08205234374642421,0.006935742187321177,0.02426249999856978,0.005075636746547854,0.00044322488018121067,0.00044322488018121067,0.0,0.9985184867117288,0.0042542129015091384,0.0038109880213279277,0.9998699886496526,False
10.4255,1,492,493,3.847724999999998,3.847724999999998,0.0,0.02525624999856977,0.02525624999856977,0.09000234374642425,0.08166035155910306,0.007802343749642418,0.02525624999856977,0.005075636746547854,0.0004438176814170531,0.0004438176814170531,0.0,0.9987048378180864,0.003701691778570333,0.0032578740971532802,0.9998863628509105,False
10.4535,1,493,494,3.8561249999999974,3.8561249999999974,0.0,0.026306249998569696,0.013153124999284848,0.09006035155910247,0.08066835937178134,0.008852343749642343,0.013153124999284848,0.005075636746547854,0.0004443820998466757,0.0004443820998466757,0.0,0.9988404901783262,0.0025926368588019832,0.0021482547589553075,0.9998971303017785,False
10.48475,1,494,495,3.8654999999999973,3.865499999999997,-4.440892098500626e-16,0.01432499999928482,0.01432499999928482,0.09004335937178111,0.08496767577812056,0.005075683593660546,0.01432499999928482,0.005075636746547854,0.00046993957527303564,0.00046993957527303564,0.0,0.9989771707758058,0.004773659173130447,0.004303719597857411,0.9999124013840873,False
10.50175,1,495,496,3.8705999999999974,3.8705999999999974,0.0,0.01496249999928485,0.01496249999928485,0.09006767577812083,0.08435449218446023,0.005394433593660561,0.01496249999928485,0.005075636746547854,0.00046303610704787534,0.00046303610704787534,0.0,0.9982003209778627,0.004407872550393127,0.003944836443345251,0.9998412667173339,False
10.52075,1,496,497,3.876299999999997,3.8762999999999974,4.440892098500626e-16,0.015674999999284837,0.015674999999284837,0.09005449218446017,0.0839475585907996,0.005935546874821172,0.015674999999284837,0.005075636746547854,0.00045985440213721425,0.00045985440213721425,0.0,0.9983164276413397,0.004204540332771338,0.003744685930634124,0.9998515656755665,False
10.541,1,497,498,3.882374999999997,3.882374999999997,0.0,0.01643437499928478,0.01643437499928478,0.09002255859079922,0.08315624999713868,0.006315234374821144,0.01643437499928478,0.005075636746547854,0.0004558718734856063,0.0004558718734856063,0.0,0.998464604426084,0.004094548673466411,0.0036386767999808047,0.9998648971462338,False
10.564,1,498,499,3.8892749999999965,3.889274999999997,4.440892098500626e-16,0.01729687499928475,0.01729687499928475,0.09005624999713853,0.08249882812231739,0.006498046874821122,0.01729687499928475,0.005075636746547854,0.0004518300672004017,0.0004518300672004017,0.0,0.9985682062306086,0.004040152580114108,0.003588322512913706,0.9998742581379773,False
10.58925,1,499,500,3.896849999999997,3.896849999999997,0.0,0.018243749999284783,0.018243749999284783,0.09007382812231779,0.08156953124749661,0.006971484374821139,0.018243749999284783,0.005075636746547854,0.00044782526232975265,0.00044782526232975265,0.0,0.9986198108485618,0.0038951244142704858,0.003447299151940733,0.9998788296660096,False
10.6175,1,500,501,3.905324999999997,3.905324999999997,0.0,0.019303124999284754,0.019303124999284754,0.09004453124749642,0.08086054687267527,0.008030859374821134,0.019303124999284754,0.005075636746547854,0.00044475581255541875,0.00044475581255541875,0.0,0.9987209869818339,0.0026957788957482215,0.002251023083192803,0.9998865718892799,False
10.648,1,501,502,3.914474999999997,3.914474999999997,0.0,0.020446874999284725,0.020446874999284725,0.09001054687267504,0.08484667968526446,0.005163867187410566,0.020446874999284725,0.005075636746547854,0.00044306403027847516,0.00044306403027847516,0.0,0.9988811521052362,0.004237391981707708,0.0037943279514292333,0.9999029961519681,False
10.66525,1,502,503,3.9196499999999963,3.9196499999999963,0.0,0.021093749999284667,0.021093749999284667,0.09002167968526403,0.08421093749785351,0.00514746093741054,0.021093749999284667,0.005075636746547854,0.00044173115195225547,0.00044173115195225547,0.0,0.9982304368640149,0.0042822890705988895,0.003840557918646634,0.9998438320609223,False
10.684750000000001,1,503,504,3.925499999999996,3.9254999999999964,4.440892098500626e-16,0.021824999999284677,0.021824999999284677,0.09006093749785363,0.08418222656044305,0.005513085937410545,0.021824999999284677,0.005075636746547854,0.00044081411229023764,0.00044081411229023764,0.0,0.9982510078584829,0.004332175265302808,0.0038913611530125704,0.9998457430617004,False
10.70425,1,504,505,3.9313499999999957,3.9313499999999957,0.0,0.02255624999928462,0.02255624999928462,0.09003222656044267,0.08342226562303214,0.0056419921874105005,0.02255624999928462,0.005075636746547854,0.00044050277507504544,0.00044050277507504544,0.0,0.9983537745726407,0.0043686428091067805,0.003928140034031735,0.999855122558461,False
10.72625,1,505,506,3.937949999999996,3.937949999999996,0.0,0.02338124999928461,0.02338124999928461,0.09002226562303214,0.08295292968562162,0.006054492187410495,0.02338124999928461,0.005075636746547854,0.0004401661453243116,0.0004401661453243116,0.0,0.9984106446026553,0.004348311992776948,0.003908145847452637,0.9998602735933363,False
10.74975,1,506,507,3.944999999999996,3.944999999999996,0.0,0.0242624999992846,0.0242624999992846,0.09000292968562167,0.08205234374821113,0.0069357421874105115,0.0242624999992846,0.005075636746547854,0.00044047220707229835,0.00044047220707229835,0.0,0.9985184567264244,0.004228782295527842,0.0037883100884555437,0.999869956978925,False
10.776250000000001,1,507,508,3.952949999999996,3.952949999999996,0.0,0.02525624999928459,0.02525624999928459,0.09000234374821117,0.08166035156080063,0.007802343749821107,0.02525624999928459,0.005075636746547854,0.0004412499647941845,0.0004412499647941845,0.0,0.9987048297557787,0.0036928703893309434,0.003251620424536759,0.9998863520547963,False
10.80425,1,508,509,3.961349999999996,3.961349999999996,0.0,0.026306249999284582,0.013153124999642291,0.09006035156080057,0.08066835937339004,0.0088523437498211,0.013153124999642291,0.005075636746547854,0.0004418331106203349,0.0004418331106203349,0.0,0.9988404811977374,0.0025803420179628805,0.0021385089073425456,0.9998971136854032,False
10.8355,1,509,510,3.9707249999999954,3.9707249999999954,0.0,0.014324999999642263,0.014324999999642263,0.09004335937338981,0.08496767577968457,0.0050756835937052465,0.014324999999642263,0.005075636746547854,0.0004712283290291523,0.0004712283290291523,0.0,0.9989771885331674,0.004787749318821359,0.0043165209897922064,0.9999124189516615,False
10.852500000000001,1,510,511,3.975824999999995,3.975824999999995,0.0,0.014962499999642227,0.014962499999642227,0.0900676757796843,0.08435449218597907,0.005394433593705229,0.014962499999642227,0.005075636746547854,0.0004603264584627211,0.0004603264584627211,0.0,0.9982003286083856,0.004414365098916365,0.003954038640453643,0.9998412743987707,False
10.871500000000001,1,511,512,3.981524999999995,3.981524999999995,0.0,0.015674999999642215,0.015674999999642215,0.09005449218597902,0.08394755859227378,0.005935546874910517,0.015674999999642215,0.005075636746547854,0.00045738734414054697,0.00045738734414054697,0.0,0.9983164236014531,0.0042008036902818485,0.0037434163461413017,0.9998515610965628,False
10.89175,1,512,513,3.987599999999995,3.987599999999995,0.0,0.01643437499964216,0.01643437499964216,0.0900225585922734,0.0831562499985682,0.006315234374910489,0.01643437499964216,0.005075636746547854,0.00045352316041688795,0.00045352316041688795,0.0,0.9984645859003225,0.004078488605112264,0.003624965444695376,0.9998648770775672,False
10.91475,1,513,514,3.9944999999999955,3.9944999999999955,0.0,0.017296874999642192,0.017296874999642192,0.09005624999856857,0.08249882812365802,0.0064980468749105,0.017296874999642192,0.005075636746547854,0.00044955209891940656,0.00044955209891940656,0.0,0.9985681757389675,0.004015912208568555,0.003566360109649148,0.9998742280916518,False
10.94,1,514,515,4.002074999999995,4.002074999999995,0.0,0.01824374999964216,0.01824374999964216,0.09007382812365788,0.08156953124874736,0.006971484374910485,0.01824374999964216,0.005075636746547854,0.0004456311241459667,0.0004456311241459667,0.0,0.9986197804613142,0.0038674951027197757,0.003421863978573809,0.9998787961482011,False
10.96825,1,515,516,4.010549999999995,4.010549999999995,0.0,0.01930312499964213,0.01930312499964213,0.0900445312487472,0.08086054687383669,0.008030859374910479,0.01930312499964213,0.005075636746547854,0.0004423996369508832,0.0004423996369508832,0.0,0.9987209459415933,0.0026582972758797396,0.0022158976389288565,0.9998865242682234,False
10.99875,1,516,517,4.019699999999995,4.019699999999995,0.0,0.020446874999642102,0.020446874999642102,0.09001054687383646,0.08484667968638121,0.00516386718745524,0.020446874999642102,0.005075636746547854,0.0004406763389704739,0.0004406763389704739,0.0,0.998881119484396,0.0042110276650157985,0.0037703513260453248,0.9999029635501085,False
11.016,1,517,518,4.024874999999994,4.024874999999994,0.0,0.021093749999642045,0.021093749999642045,0.09002167968638078,0.08421093749892558,0.005147460937455196,0.021093749999642045,0.005075636746547854,0.0004392850300767333,0.0004392850300767333,0.0,0.9982304034225497,0.004255420337084079,0.0038161353070073453,0.9998437988076649,False
11.0355,1,518,519,4.030724999999995,4.030724999999995,0.0,0.021824999999642054,0.021824999999642054,0.0900609374989257,0.08418222656147047,0.005513085937455201,0.021824999999642054,0.005075636746547854,0.00043836300541384243,0.00043836300541384243,0.0,0.9982509803507998,0.004310029625130642,0.0038716666197167993,0.9998457158640672,False
11.055,1,519,520,4.036574999999995,4.036574999999995,0.0,0.022556249999642064,0.022556249999642064,0.09003222656147061,0.08342226562401535,0.005641992187455206,0.022556249999642064,0.005075636746547854,0.00043802091082721905,0.00043802091082721905,0.0,0.998353750866366,0.00435044065056632,0.003912419739739101,0.9998551001857943,False
11.077,1,520,521,4.043174999999994,4.043174999999994,0.0,0.023381249999641987,0.023381249999641987,0.09002226562401483,0.08295292968655965,0.006054492187455168,0.023381249999641987,0.005075636746547854,0.0004376714488237285,0.0004376714488237285,0.0,0.9984106264849946,0.004330935924165526,0.003893264475341798,0.9998602523974511,False
11.1005,1,521,522,4.050224999999994,4.050224999999994,0.0,0.024262499999641977,0.024262499999641977,0.09000292968655971,0.0820523437491045,0.006935742187455184,0.024262499999641977,0.005075636746547854,0.0004378653990342081,0.0004378653990342081,0.0,0.9985184297713561,0.004204641530998178,0.00376677613196397,0.9998699269620667,False
11.127,1,522,523,4.058174999999994,4.058174999999994,0.0,0.025256249999641968,0.025256249999641968,0.09000234374910455,0.08166035156164937,0.007802343749910451,0.025256249999641968,0.005075636746547854,0.00043877709883063996,0.00043877709883063996,0.0,0.9987048197191438,0.003684057404229106,0.003245280305398466,0.9998863410531103,False
11.155,1,523,524,4.066574999999994,4.066574999999994,0.0,0.02630624999964196,0.01315312499982098,0.09006035156164931,0.08066835937419414,0.008852343749910443,0.01315312499982098,0.005075636746547854,0.00043941646342287016,0.00043941646342287016,0.0,0.9988404758080119,0.00257216251433888,0.0021327460509160097,0.9998971021046602,False
11.18625,1,524,525,4.075949999999994,4.075949999999994,0.0,0.014324999999820951,0.014324999999820951,0.09004335937419392,0.08496767578046634,0.005075683593727583,0.014324999999820951,0.005075636746547854,0.0004726853749999185,0.0004726853749999185,0.0,0.9989772083331637,0.004803038659799232,0.004330353284799313,0.9999124380213342,False
11.20325,1,525,526,4.081049999999994,4.081049999999994,0.0,0.014962499999820916,0.014962499999820916,0.09006767578046607,0.0843544921867385,0.005394433593727565,0.014962499999820916,0.005075636746547854,0.0004577219864541356,0.0004577219864541356,0.0,0.9982003376706166,0.004422083401025088,0.003964361414570953,0.9998412835506186,False
11.22225,1,526,527,4.086749999999994,4.086749999999994,0.0,0.0156749999998209,0.0156749999998209,0.09005449218673844,0.08394755859301087,0.005935546874955189,0.0156749999998209,0.005075636746547854,0.00045503000714435774,0.00045503000714435774,0.0,0.9983164223421831,0.004199568361893238,0.003744538354748881,0.9998515596938476,False
11.2425,1,527,528,4.092824999999994,4.092824999999994,0.0,0.01643437499982091,0.01643437499982091,0.09002255859301102,0.08315624999928342,0.006315234374955194,0.01643437499982091,0.005075636746547854,0.0004513126698618083,0.0004513126698618083,0.0,0.9984645726726629,0.004066506045170004,0.003615193375308196,0.9998648622951771,False
11.2655,1,528,529,4.099724999999994,4.099724999999994,0.0,0.01729687499982088,0.01729687499982088,0.09005624999928326,0.08249882812432804,0.006498046874955172,0.01729687499982088,0.005075636746547854,0.00044733802258540266,0.00044733802258540266,0.0,0.9985681451982072,0.003991810725974411,0.0035444727033890084,0.9998741979519585,False
11.290750000000001,1,529,530,4.107299999999993,4.107299999999993,0.0,0.018243749999820848,0.018243749999820848,0.0900738281243279,0.0815695312493727,0.006971484374955156,0.018243749999820848,0.005075636746547854,0.00044356907953272957,0.00044356907953272957,0.0,0.9986197536518803,0.0038435293857896624,0.0033999603062569326,0.9998787672096408,False
11.319,1,530,531,4.115774999999994,4.115774999999993,-8.881784197001252e-16,0.019303124999820818,0.019303124999820818,0.09004453124937253,0.08086054687441738,0.008030859374955152,0.019303124999820818,0.005075636746547854,0.0004401549641089408,0.0004401549641089408,0.0,0.9987209062768932,0.0026216023919954645,0.0021814474278865235,0.999886477930786,False
11.3495,1,531,532,4.124924999999993,4.124924999999993,0.0,0.02044687499982079,0.02044687499982079,0.09001054687441715,0.0848466796869396,0.005163867187477559,0.02044687499982079,0.005075636746547854,0.0004384096536932608,0.0004384096536932608,0.0,0.9988810875864629,0.004185561591079884,0.003747151937386623,0.9999029320058145,False
11.36675,1,532,533,4.130099999999993,4.130099999999993,0.0,0.021093749999820798,0.021093749999820798,0.09002167968693969,0.0842109374994621,0.005147460937477566,0.021093749999820798,0.005075636746547854,0.0004369653099794785,0.0004369653099794785,0.0,0.9982303708506811,0.004229247898256308,0.0037922825882768297,0.9998437663617407,False
11.38625,1,533,534,4.135949999999993,4.135949999999993,0.0,0.02182499999982074,0.02182499999982074,0.0900609374994617,0.08418222656198417,0.0055130859374775375,0.02182499999982074,0.005075636746547854,0.0004360321076216588,0.0004360321076216588,0.0,0.9982509526864889,0.004288164979486871,0.003852132871865212,0.9998456889260204,False
11.40575,1,534,535,4.141799999999993,4.141799999999993,0.0,0.02255624999982075,0.02255624999982075,0.09003222656198431,0.08342226562450675,0.005641992187477542,0.02255624999982075,0.005075636746547854,0.0004356409658079156,0.0004356409658079156,0.0,0.9983537248998844,0.00433101524423507,0.0038953742784271547,0.999855076100143,False
11.42775,1,535,536,4.148399999999993,4.148399999999993,0.0,0.02338124999982074,0.02338124999982074,0.09002226562450677,0.08295292968702918,0.006054492187477537,0.02338124999982074,0.005075636746547854,0.00043534490844582274,0.00043534490844582274,0.0,0.9984106138477754,0.004318065699435155,0.0038827207909893323,0.999860237008058,False
11.45125,1,536,537,4.155449999999993,4.155449999999993,0.0,0.02426249999982073,0.02426249999982073,0.09000292968702922,0.08205234374955162,0.006935742187477553,0.02426249999982073,0.005075636746547854,0.0004354232394867002,0.0004354232394867002,0.0,0.9985184085519634,0.0041840448402366524,0.003748621600749952,0.999869901514904,False
11.47775,1,537,538,4.163399999999992,4.163399999999992,0.0,0.025256249999820655,0.025256249999820655,0.09000234374955113,0.08166035156207363,0.007802343749955123,0.025256249999820655,0.005075636746547854,0.0004363757938765341,0.0004363757938765341,0.0,0.9987048049566714,0.003672732590899716,0.003236356797023182,0.999886326666919,False
11.50575,1,538,539,4.171799999999992,4.171799999999992,0.0,0.026306249999820647,0.013153124999910323,0.09006035156207357,0.08066835937459606,0.008852343749955116,0.013153124999910323,0.005075636746547854,0.0004371104027144399,0.0004371104027144399,0.0,0.9988404714861947,0.002566328488765951,0.002129218086051511,0.9998970933777579,False
11.537,1,539,540,4.1811749999999925,4.1811749999999925,0.0,0.014324999999910295,0.014324999999910295,0.09004335937459583,0.0849676757808571,0.0050756835937387345,0.014324999999910295,0.005075636746547854,0.000474416812519835,0.000474416812519835,0.0,0.9989772312412282,0.004820451739063467,0.004346034926543631,0.9999124598007996,False
11.554,1,540,541,4.186274999999992,4.186274999999992,0.0,0.01496249999991026,0.01496249999991026,0.09006767578085684,0.08435449218711812,0.005394433593738717,0.01496249999991026,0.005075636746547854,0.00045522021349277364,0.00045522021349277364,0.0,0.9982003481008642,0.004430908238672052,0.003975688025179278,0.9998412940291763,False
11.573,1,541,542,4.191974999999992,4.191974999999992,0.0,0.015674999999910247,0.015674999999910247,0.09005449218711806,0.08394755859337934,0.005935546874977508,0.015674999999910247,0.005075636746547854,0.00045276619063330776,0.00045276619063330776,0.0,0.9983164228289132,0.00420011755691118,0.0037473513662778725,0.9998515604926581,False
11.59325,1,542,543,4.198049999999992,4.198049999999992,0.0,0.016434374999910257,0.016434374999910257,0.09002255859337949,0.08315624999964072,0.006315234374977513,0.016434374999910257,0.005075636746547854,0.0004492309397080775,0.0004492309397080775,0.0,0.9984645640928813,0.00405840048595979,0.0036091695462517124,0.9998648525529963,False
11.61625,1,543,544,4.204949999999992,4.204949999999992,0.0,0.017296874999910224,0.017296874999910224,0.09005624999964057,0.08249882812466303,0.006498046874977508,0.017296874999910224,0.005075636746547854,0.00044519438632299594,0.00044519438632299594,0.0,0.9985681154762301,0.003968087929857332,0.003522893543534336,0.9998741680721654,False
11.6415,1,544,545,4.212524999999991,4.212524999999992,8.881784197001252e-16,0.018243749999910193,0.018243749999910193,0.09007382812466289,0.08156953124968537,0.006971484374977493,0.018243749999910193,0.005075636746547854,0.00044159962411697705,0.00044159962411697705,0.0,0.998619727939113,0.00382156498204652,0.003379965357929543,0.9998787406453641,False
11.66975,1,545,546,4.220999999999991,4.220999999999991,0.0,0.019303124999910163,0.019303124999910163,0.0900445312496852,0.08086054687470774,0.008030859374977488,0.019303124999910163,0.005075636746547854,0.0004380425203784778,0.0004380425203784778,0.0,0.9987208703187521,0.0025874697688987314,0.0021494272485202536,0.9998864349899689,False
11.70025,1,546,547,4.230149999999991,4.230149999999991,0.0,0.020446874999910134,0.020446874999910134,0.09001054687470751,0.08484667968721879,0.005163867187488718,0.020446874999910134,0.005075636746547854,0.00043624746854873243,0.00043624746854873243,0.0,0.9988810556966036,0.004160295535835801,0.003724048067287068,0.999902900623378,False
11.7175,1,547,548,4.235324999999992,4.235324999999992,0.0,0.021093749999910143,0.021093749999910143,0.09002167968721889,0.08421093749973013,0.005147460937488734,0.021093749999910143,0.005075636746547854,0.0004347661448756599,0.0004347661448756599,0.0,0.998230339323963,0.004203830314078061,0.003769064169202401,0.9998437348072545,False
11.737,1,548,549,4.241174999999991,4.241174999999991,0.0,0.021824999999910086,0.021824999999910086,0.09006093749972974,0.08418222656224103,0.005513085937488706,0.021824999999910086,0.005075636746547854,0.00043380748189715047,0.00043380748189715047,0.0,0.9982509242359893,0.004265973740344292,0.003832166258447142,0.9998456614465644,False
11.7565,1,549,550,4.247024999999991,4.247024999999992,8.881784197001252e-16,0.022556249999910096,0.022556249999910096,0.09003222656224118,0.08342226562475244,0.0056419921874887105,0.022556249999910096,0.005075636746547854,0.00043335000210555937,0.00043335000210555937,0.0,0.998353696064209,0.004309608903007252,0.0038762589009016923,0.9998550493207806,False
11.778500000000001,1,550,551,4.2536249999999916,4.253624999999991,-8.881784197001252e-16,0.023381249999910085,0.023381249999910085,0.09002226562475246,0.08295292968726371,0.006054492187488705,0.023381249999910085,0.005075636746547854,0.00043316961733674684,0.00043316961733674684,0.0,0.9984106055037673,0.0043092559868718565,0.0038760863695351095,0.9998602268210478,False
11.802,1,551,552,4.260674999999991,4.260674999999991,0.0,0.024262499999910075,0.024262499999910075,0.09000292968726376,0.08205234374977499,0.0069357421874887215,0.024262499999910075,0.005075636746547854,0.00043315339435790097,0.00043315339435790097,0.0,0.9985183947045406,0.004168691532958915,0.0037355381386010144,0.9998698828184491,False
11.8285,1,552,553,4.268624999999991,4.268624999999991,0.0,0.02525624999991,0.02525624999991,0.0900023437497745,0.08166035156228582,0.007802343749977459,0.02525624999991,0.005075636746547854,0.00043403524951306585,0.00043403524951306585,0.0,0.9987047844829906,0.003657446526580198,0.003223411277067132,0.9998863071124467,False
11.8565,1,553,554,4.277024999999991,4.277024999999991,0.0,0.026306249999909992,0.013153124999954996,0.09006035156228576,0.08066835937479709,0.008852343749977452,0.013153124999954996,0.005075636746547854,0.00043489101408013796,0.00043489101408013796,0.0,0.9988404654480378,0.0025605864562286557,0.002125695442148518,0.9998970848053828,False
11.88775,1,554,555,4.28639999999999,4.28639999999999,0.0,0.014324999999954968,0.014324999999954968,0.09004335937479686,0.08496767578105255,0.005075683593744319,0.014324999999954968,0.005075636746547854,0.00047647537020321874,0.00047647537020321874,0.0,0.9989772577160477,0.004840666236808407,0.004364190866605188,0.9999124851589692,False
11.90475,1,555,556,4.29149999999999,4.29149999999999,0.0,0.014962499999954932,0.014962499999954932,0.09006767578105228,0.08435449218730798,0.005394433593744301,0.014962499999954932,0.005075636746547854,0.00045282250312432044,0.00045282250312432044,0.0,0.9982003599872057,0.004440873248862151,0.003988050745737831,0.9998413058926096,False
11.92375,1,556,557,4.2971999999999895,4.2971999999999895,0.0,0.01567499999995492,0.01567499999995492,0.09005449218730792,0.0839475585935636,0.005935546874988676,0.01567499999995492,0.005075636746547854,0.0004505824565201679,0.0004505824565201679,0.0,0.9983164241280503,0.004201720467776365,0.0037511380112561976,0.9998515624886923,False
11.944,1,557,558,4.30327499999999,4.30327499999999,0.0,0.01643437499995493,0.01643437499995493,0.09002255859356376,0.08315624999981941,0.006315234374988681,0.01643437499995493,0.005075636746547854,0.00044726093036338534,0.00044726093036338534,0.0,0.9984645588871428,0.00405346925533194,0.0036062083249685547,0.999864846909076,False
11.967,1,558,559,4.31017499999999,4.31017499999999,0.0,0.017296874999954897,0.017296874999954897,0.09005624999981926,0.08249882812483056,0.0064980468749886765,0.017296874999954897,0.005075636746547854,0.00044314310819672844,0.00044314310819672844,0.0,0.99856808833269,0.003945803136488915,0.0035026600282921866,0.9998741399011646,False
11.99225,1,559,560,4.3177499999999895,4.3177499999999895,0.0,0.018243749999954866,0.018243749999954866,0.0900738281248304,0.08156953124984173,0.006971484374988661,0.018243749999954866,0.005075636746547854,0.0004396862031170062,0.0004396862031170062,0.0,0.9986197009324189,0.003799656056006094,0.003359969852889088,0.9998787138904123,False
