time,inserted_nodes,node_count_before,node_count_after,rest_length_before,rest_length_after,rest_length_error,tail_rest_length_before,tail_rest_length_after,payout_buffer_rest_length_before,payout_buffer_rest_length_after,payout_buffer_min_rest_length_after,payout_buffer_max_rest_length_after,minimum_physical_rest_length_after,peak_tension_before,peak_tension_after,peak_tension_jump,minimum_geometric_ratio_after,peak_tension_post_step,peak_tension_post_step_jump,minimum_standard_ratio_post_step,remeshed_in_same_step
0.5357500000000001,1,33,34,0.33000169264741275,0.33000169264741275,0.0,0.011250211580926591,0.0056251057904632955,0.09000169264741273,0.07875148106648613,0.0056251057904632955,0.011250211580926591,0.0056251057904632955,0.0,0.0,0.0,0.9998371458192505,0.0,0.0,0.9999844823861863,False
0.70025,1,34,35,0.34126541256318277,0.34126541256318277,0.0,0.007033070779934558,0.007033070779934558,0.09001520098225621,0.07735702441185838,0.006329088285198925,0.01265817657039785,0.006329088285198925,0.0,0.0,0.0,0.9995858343938819,0.0,0.0,0.9999616346357527,False
0.82925,1,35,36,0.35392955731668874,0.3539295573166887,-5.551115123125783e-17,0.008616088874122792,0.008616088874122792,0.09002116916536426,0.07577997450077817,0.007120597332293042,0.014241194664586085,0.007120597332293042,0.0,0.0,0.0,0.9995129033503523,0.0,0.0,0.999954924416853,False
0.9435,1,36,37,0.36816826873545105,0.3681682687354511,5.551115123125783e-17,0.010395927801468098,0.010395927801468098,0.09001868591954057,0.0739976523276092,0.005197963900734049,0.016021033591931372,0.005197963900734049,0.0,0.0,0.0,0.9994691152282735,0.0,0.0,0.9999511174843891,False
1.05075,1,37,38,0.3841924850680682,0.38419248506806825,5.551115123125783e-17,0.012398954843045241,0.012398954843045241,0.09002186866022628,0.07199780802671779,0.005847486174154807,0.012398954843045241,0.005847486174154807,0.0,0.0,0.0,0.9992289881659097,0.0,0.0,0.9999295391349461,False
1.155,1,38,39,0.4022381452059532,0.4022381452059532,0.0,0.014654662360280866,0.014654662360280866,0.09004346816460276,0.07688429734615165,0.006975339932772619,0.014654662360280866,0.006975339932772619,0.0,0.0,0.0,0.9992165230461209,0.0,0.0,0.9999284606845353,False
1.2235,1,39,40,0.41539771128050995,0.41539771128050995,0.0,0.016299608119600493,0.016299608119600493,0.0900438634207085,0.07523974684293779,0.0055508221094332025,0.016299608119600493,0.0055508221094332025,0.0,0.0,0.0,0.9992043335328845,0.0,0.0,0.9999272971679524,False
1.295,1,40,41,0.4302019304529005,0.43020193045290045,-5.551115123125783e-17,0.0181501355161493,0.0181501355161493,0.09004396601532826,0.07844529916806943,0.005235406544320515,0.0181501355161493,0.005235406544320515,0.0,0.0,0.0,0.9990037223094903,0.0,0.0,0.9999092572624935,False
1.34775,1,41,42,0.44179920863222244,0.44179920863222244,0.0,0.019599795288564554,0.019599795288564554,0.09004257734739145,0.07699425072771737,0.005960236430528138,0.019599795288564554,0.005960236430528138,0.0,0.0,0.0,0.9988422871059319,0.0,0.0,0.999894571284851,False
1.40425,1,42,43,0.45483031039349564,0.45483031039349564,0.0,0.021228683008723718,0.021228683008723718,0.09002535248899057,0.08171139845209566,0.005239948499278211,0.021228683008723718,0.005239948499278211,0.0,0.0,0.0,0.9989307886952491,0.0,0.0,0.9999026225480403,False
1.439,1,43,44,0.46314532417103027,0.46314532417103027,0.0,0.022268059730915533,0.022268059730915533,0.09002641222963019,0.08067308147054346,0.00575963686037412,0.022268059730915533,0.00575963686037412,0.0,0.0,0.0,0.9986726264106502,0.0,0.0,0.9998790801952637,False
1.477,1,44,45,0.4724886366563858,0.4724886366563858,0.0,0.02343597379158497,0.02343597379158497,0.09001639395589905,0.0802199790223505,0.006927550921043573,0.02343597379158497,0.006927550921043573,0.0,0.0,0.0,0.9987633201024053,0.0,0.0,0.9998865687564634,False
1.51575,1,45,46,0.4822745697412724,0.4822745697412725,5.551115123125783e-17,0.024659215427195798,0.024659215427195798,0.09000591210723716,0.08449608382265747,0.005509828284579698,0.024659215427195798,0.005509828284579698,0.0,0.0,0.0,0.9989211981434725,0.0,0.0,0.9999018195486853,False
1.53725,1,46,47,0.48781194980917425,0.48781194980917425,0.0,0.025351387935683516,0.025351387935683516,0.09003346389055922,0.08383146309749179,0.005517209544761992,0.025351387935683516,0.005509828284579698,0.0,0.0,0.0,0.9985628745185254,0.0,0.0,0.9998691083822708,False
1.561,1,47,48,0.4940146881728074,0.49401468817280736,-5.551115123125783e-17,0.026126730231137655,0.026126730231137655,0.09003420146112492,0.08496520360027884,0.005068997860846083,0.026126730231137655,0.005068997860846083,0.0,0.0,0.0,0.9985631834510714,0.0,0.0,0.9998692826397192,False
1.58025,1,48,49,0.49910610856982385,0.49910610856982385,0.0,0.02676315778076471,0.02676315778076471,0.0900566239972953,0.08435119858682215,0.005387211635659611,0.02676315778076471,0.005068997860846083,0.0,0.0,0.0,0.9983977366261579,0.0,0.0,0.999854229347733,False
1.6015,1,49,50,0.504790619884885,0.5047906198848852,1.1102230246251565e-16,0.02747372169514738,0.02747372169514738,0.0900357099018835,0.08393793435184121,0.005482649412302997,0.02747372169514738,0.005068997860846083,0.0,0.0,0.0,0.9984832914280339,0.0,0.0,0.9998619957986747,False
1.624,1,50,51,0.5108800919351146,0.5108800919351146,0.0,0.028234905701426064,0.028234905701426064,0.0900274064020707,0.08316844684574973,0.0058632414154423385,0.028234905701426064,0.005068997860846083,0.0,0.0,0.0,0.9985013717765059,0.0,0.0,0.9998636080050775,False
1.649,1,51,52,0.5177275541952832,0.5177275541952832,0.0,0.029090838483947116,0.029090838483947116,0.09001590910591825,0.0829161429048155,0.006719174197963404,0.029090838483947116,0.005068997860846083,0.0,0.0,0.0,0.998590278567521,0.0,0.0,0.9998713073020788,False
1.67475,1,52,53,0.5248654220443122,0.5248654220443121,-1.1102230246251565e-16,0.02998307196507574,0.02998307196507574,0.0900540107538445,0.08206201107161314,0.00507444678707712,0.02998307196507574,0.005068997860846083,0.0,0.0,0.0,0.9987408173579346,0.0,0.0,0.9998853815128865,False
1.70325,1,53,54,0.5328600377940496,0.5328600377940497,1.1102230246251565e-16,0.030982398933792923,0.030982398933792923,0.09005662682135059,0.08144589217354137,0.005574110271435712,0.030982398933792923,0.005068997860846083,0.0,0.0,0.0,0.9984030227915878,0.0,0.0,0.9998546288729695,False
1.7335,1,54,55,0.5414463420866575,0.5414463420866575,0.0,0.03205568697036892,0.03205568697036892,0.09003219646614924,0.08034817378176405,0.005175891652657793,0.03205568697036892,0.005068997860846083,0.0,0.0,0.0,0.9985238080536238,0.0,0.0,0.9998655997659169,False
1.76725,1,55,56,0.5511378166530122,0.5511378166530123,1.1102230246251565e-16,0.033267121291163285,0.033267121291163285,0.09003964834811874,0.08168115223495412,0.005781608813054958,0.033267121291163285,0.005068997860846083,0.0,0.0,0.0,0.9984458741262934,0.0,0.0,0.9998584045460679,False
1.796,1,56,57,0.5594770724771604,0.5594770724771605,1.1102230246251565e-16,0.03430952826918181,0.017154764134590904,0.09002040805910239,0.08061950496791924,0.006824015791073493,0.017154764134590904,0.005068997860846083,0.0,0.0,0.0,0.998532665316619,0.0,0.0,0.9998654536710955,False
1.82825,1,57,58,0.568912094623444,0.5689120946234442,1.1102230246251565e-16,0.01833414190287636,0.01833414190287636,0.09005452711420295,0.08501421842664793,0.005040308687555014,0.01833414190287636,0.005040308687555014,0.0,0.0,0.0,0.9987382548217145,0.0,0.0,0.9998852081959785,False
1.84525,1,58,59,0.5739159128141501,0.5739159128141501,0.0,0.018959619176714605,0.018959619176714605,0.09001803661735384,0.0843522506559606,0.005353047324474133,0.018959619176714605,0.005040308687555014,0.0,0.0,0.0,0.9982107384983608,0.0,0.0,0.9998372266072649,False
1.8645,1,59,60,0.5796042809485294,0.5796042809485296,1.1102230246251565e-16,0.019670665193512037,0.019670665193512037,0.09004061879034,0.08397652544906845,0.006064093341271557,0.019670665193512037,0.005040308687555014,8.07710594501509e-06,8.07710594501509e-06,0.0,0.9983216619729741,0.0,-8.07710594501509e-06,0.9998463683957274,False
1.885,1,60,61,0.5856850722448429,0.5856850722448429,0.0,0.020430764105551218,0.020430764105551218,0.09005731674538195,0.08323312449207121,0.005352866461215487,0.020430764105551218,0.005040308687555014,0.0,0.0,0.0,0.9985031404837783,0.0,0.0,0.9998638101361865,False
1.90775,1,61,62,0.5924570582603477,0.5924570582603477,0.0,0.021277262357489293,0.021277262357489293,0.09000511050757584,0.08380574579442228,0.0057761155871845285,0.021277262357489293,0.005040308687555014,2.79571105309863e-06,2.79571105309863e-06,0.0,0.9983467048241664,0.0,-2.79571105309863e-06,0.999849552775752,False
1.9285,1,62,63,0.5986516445849607,0.5986516445849608,1.1102230246251565e-16,0.022051585648065936,0.022051585648065936,0.09000033211903537,0.08302664411530516,0.0058604186522742616,0.022051585648065936,0.005040308687555014,0.0,0.0,0.0,0.9984314600499995,0.0,0.0,0.999857224684878,False
1.952,1,63,64,0.6056830679438638,0.6056830679438638,0.0,0.022930513567928842,0.022930513567928842,0.09005806747420841,0.08262870067658433,0.006299882612205712,0.022930513567928842,0.005040308687555014,0.0,0.0,0.0,0.9984723068063404,0.0,0.0,0.9998608758195925,False
1.97675,1,64,65,0.6131009072513391,0.6131009072513389,-2.220446049250313e-16,0.023857743481363217,0.023857743481363217,0.09004653998405922,0.08168994327300078,0.007011205442303592,0.023857743481363217,0.005040308687555014,0.0,0.0,0.0,0.9985735624870087,0.0,0.0,0.9998699300606985,False
2.0045,1,65,66,0.6214250000000008,0.6214250000000008,0.0,0.024898255074945978,0.024898255074945978,0.09001403602166277,0.0813069479425085,0.007531461239094963,0.024898255074945978,0.005040308687555014,0.0,0.0,0.0,0.9987191439099209,0.0,0.0,0.999882817807181,False
2.0335,1,66,67,0.6301250000000012,0.6301250000000012,0.0,0.02598575507494608,0.01299287753747304,0.09000694794250884,0.08021235986335452,0.008618961239094985,0.01299287753747304,0.005040308687555014,0.0,0.0,0.0,0.998803455542728,0.0,0.0,0.9998897244455035,False
2.06625,1,67,68,0.6399500000000015,0.6399500000000015,0.0,0.01422100253747309,0.01422100253747309,0.09003735986335491,0.08474573530374346,0.0052916245596114535,0.01422100253747309,0.005040308687555014,0.0,0.0,0.0,0.9989526044056226,0.0,0.0,0.9999046317357893,False
2.084,1,68,69,0.6452750000000018,0.6452750000000018,0.0,0.014886627537473114,0.014886627537473114,0.09007073530374361,0.08411348574413217,0.005624437059611465,0.014886627537473114,0.005040308687555014,0.0,0.0,0.0,0.9982687983789605,0.0,0.0,0.9998424638622709,False
2.1037500000000002,1,69,70,0.6512000000000019,0.6512000000000018,-1.1102230246251565e-16,0.015627252537473147,0.015627252537473147,0.09003848574413237,0.08367342368452091,0.005886796017943243,0.015627252537473147,0.005040308687555014,0.0,0.0,0.0,0.9983797242743179,0.0,0.0,0.9998525426967334,False
2.125,1,70,71,0.6575750000000021,0.6575750000000021,0.0,0.016424127537473215,0.016424127537473215,0.09004842368452103,0.0828864866249096,0.006285233517943255,0.016424127537473215,0.005040308687555014,0.0,0.0,0.0,0.9984569611486261,0.0,0.0,0.9998595301390643,False
2.14875,1,71,72,0.6647000000000022,0.6647000000000023,1.1102230246251565e-16,0.017314752537473308,0.017314752537473308,0.0900114866249098,0.08243719060696661,0.006470418119547579,0.017314752537473308,0.005040308687555014,2.2871201594350417e-07,2.2871201594350417e-07,0.0,0.998562797085557,1.5843253950236467e-07,-7.02794764411395e-08,0.9998691043504129,False
2.174,1,72,73,0.6722750000000024,0.6722750000000024,0.0,0.01826162753747341,0.01826162753747341,0.09001219060696687,0.08149101958902363,0.006943855619547601,0.01826162753747341,0.005040308687555014,4.940011541679874e-07,4.940011541679874e-07,0.0,0.9986095801828914,3.6926928725564395e-07,-1.2473186691234345e-07,0.9998732335613002,False
2.2025,1,73,74,0.6808250000000027,0.6808250000000027,0.0,0.019330377537473502,0.019330377537473502,0.09004101958902386,0.08084953607108059,0.008012605619547579,0.019330377537473502,0.005040308687555014,8.180958436000696e-07,8.180958436000696e-07,0.0,0.9987128941179478,3.225505192680587e-07,-4.955453243320109e-07,0.9998816935059652,False
2.23325,1,74,75,0.6900500000000032,0.6900500000000032,0.0,0.020483502537473625,0.020483502537473625,0.09007453607108108,0.08490223181210943,0.005172304258971666,0.020483502537473625,0.005040308687555014,1.1524235025177007e-06,1.1524235025177007e-06,0.0,0.9988748049448919,1.1348651928993862e-06,-1.7558309618314477e-08,0.9998976046535933,False
2.25025,1,75,76,0.6951500000000035,0.6951500000000035,0.0,0.021121002537473683,0.021121002537473683,0.09000223181210959,0.08419242755313795,0.005138334059773824,0.021121002537473683,0.005040308687555014,1.3038952946424834e-06,1.3038952946424834e-06,0.0,0.9982248992919595,1.2841713221498768e-06,-1.9723972492606545e-08,0.9998385110249994,False
2.26975,1,76,77,0.7010000000000036,0.7010000000000036,0.0,0.02185225253747375,0.02185225253747375,0.09004242755313809,0.08417284349336429,0.005503959059773836,0.02185225253747375,0.005040308687555014,1.389738487580193e-06,1.389738487580193e-06,0.0,0.9982429739754336,1.3651979367456865e-06,-2.4540550834506458e-08,0.9998401372201406,False
2.28925,1,77,78,0.7068500000000035,0.7068500000000035,0.0,0.022583502537473814,0.022583502537473814,0.09002284349336437,0.0834220094335906,0.0056328653097738515,0.022583502537473814,0.005040308687555014,1.4320004365717814e-06,1.4320004365717814e-06,0.0,0.9983459930001971,1.4035280119935843e-06,-2.8472424578197125e-08,0.9998494828694298,False
2.3112500000000002,1,78,79,0.7134500000000039,0.7134500000000038,-1.1102230246251565e-16,0.023408502537473903,0.023408502537473903,0.09002200943359076,0.08296180037381697,0.006045365309773872,0.023408502537473903,0.005040308687555014,1.495044311480495e-06,1.495044311480495e-06,0.0,0.9984030189480001,1.4555678582099229e-06,-3.947645327057221e-08,0.9998546312882313,False
2.33475,1,79,80,0.720500000000004,0.720500000000004,0.0,0.024289752537473983,0.024289752537473983,0.09001180037381698,0.0820703413140432,0.006926615309773845,0.024289752537473983,0.005040308687555014,1.5503330804726104e-06,1.5503330804726104e-06,0.0,0.9985110894329376,1.461495350950923e-06,-8.883772952168745e-08,0.9998643082563639,False
2.36125,1,80,81,0.728450000000004,0.7284500000000039,-1.1102230246251565e-16,0.02528350253747408,0.02528350253747408,0.09002034131404332,0.08168747600426951,0.007809156884368492,0.02528350253747408,0.005040308687555014,1.6255908664886565e-06,1.6255908664886565e-06,0.0,0.9986978849301886,1.4445379003203904e-06,-1.8105296616826617e-07,0.9998810090225265,False
2.3890000000000002,1,81,82,0.7367750000000044,0.7367750000000044,0.0,0.026324127537474186,0.013162063768737093,0.09001247600426993,0.08063898569449607,0.00884978188436854,0.013162063768737093,0.005040308687555014,1.644449514736062e-06,1.644449514736062e-06,0.0,0.99883466721592,1.318441252922591e-06,-3.260082618134711e-07,0.999892665080585,False
2.4202500000000002,1,82,83,0.7461500000000048,0.7461500000000048,0.0,0.014333938768737139,0.014333938768737139,0.09001398569449642,0.08494755303960946,0.00506643265488696,0.014333938768737139,0.005040308687555014,1.6685815774036654e-06,1.6685815774036654e-06,0.0,0.9989708311452472,1.6566732434569135e-06,-1.1908333946751906e-08,0.9999062852766457,False
2.43725,1,83,84,0.7512500000000049,0.751250000000005,1.1102230246251565e-16,0.01497143876873716,0.01497143876873716,0.09004755303960961,0.08434362038472268,0.005385182654886971,0.01497143876873716,0.005040308687555014,1.6820682270108755e-06,1.6820682270108755e-06,0.0,0.9981918951079365,1.6736357939489514e-06,-8.432433061924052e-09,0.9998354705707286,False
2.4562500000000003,1,84,85,0.7569500000000051,0.756950000000005,-1.1102230246251565e-16,0.015683938768737197,0.015683938768737197,0.09004362038472284,0.08394593772983588,0.005934265942184313,0.015683938768737197,0.005040308687555014,1.7201605517014676e-06,1.7201605517014676e-06,0.0,0.9983086634105977,1.707903401119851e-06,-1.2257150581616513e-08,0.999846089563528,False
2.4765,1,85,86,0.7630250000000053,0.7630250000000054,1.1102230246251565e-16,0.016443313768737266,0.016443313768737266,0.09002093772983603,0.0831638800749491,0.006313953442184326,0.016443313768737266,0.005040308687555014,1.7105494960129638e-06,1.7105494960129638e-06,0.0,0.9984592465951521,1.6907715764361442e-06,-1.977791957681954e-08,0.9998597574287194,False
2.4995,1,86,87,0.7699250000000055,0.7699250000000055,0.0,0.017305813768737355,0.017305813768737355,0.09006388007494928,0.082507739132765,0.006496765942184352,0.017305813768737355,0.005040308687555014,1.7011261175326527e-06,1.7011261175326527e-06,0.0,0.9985629063273993,1.672229284261804e-06,-2.8896833270848632e-08,0.9998691416005793,False
2.5245,1,87,88,0.7774250000000056,0.7774250000000057,1.1102230246251565e-16,0.018243313768737442,0.018243313768737442,0.09000773913276516,0.08151409819058088,0.006965515942184369,0.018243313768737442,0.005040308687555014,1.6873262801296498e-06,1.6873262801296498e-06,0.0,0.9986127486819724,1.6327606402800378e-06,-5.4565639849612005e-08,0.9998735555799865,False
2.553,1,88,89,0.7859750000000059,0.7859750000000059,0.0,0.019312063768737554,0.019312063768737554,0.09006409819058124,0.0808813947483969,0.008034265942184364,0.019312063768737554,0.005040308687555014,1.7016281565094497e-06,1.7016281565094497e-06,0.0,0.9987163619965111,1.4771427130936751e-06,-2.2448544341577455e-07,0.9998820522210081,False
2.5835,1,89,90,0.7951250000000063,0.7951250000000063,0.0,0.020455813768737664,0.020455813768737664,0.0900313947483973,0.0848681680273051,0.005163226721092198,0.020455813768737664,0.005040308687555014,1.7461097309922572e-06,1.7461097309922572e-06,0.0,0.9988763105174776,1.7409162484131532e-06,-5.193482579103972e-09,0.9998977529684958,False
2.60075,1,90,91,0.8003000000000065,0.8003000000000063,-1.1102230246251565e-16,0.021102688768737717,0.021102688768737717,0.09004316802730525,0.08423306630621308,0.005146820471092206,0.021102688768737717,0.005040308687555014,1.764182231145774e-06,1.764182231145774e-06,0.0,0.9982249898225891,1.7588534640044715e-06,-5.328767141302496e-09,0.999838532661889,False
2.62,1,91,92,0.8060750000000065,0.8060750000000066,1.1102230246251565e-16,0.021824563768737787,0.021824563768737787,0.09000806630621325,0.08413937083512106,0.00550775797109222,0.021824563768737787,0.005040308687555014,1.7333495751323692e-06,1.7333495751323692e-06,0.0,0.9982427073555642,1.7281789249303132e-06,-5.1706502020559125e-09,0.9998401291876489,False
2.6397500000000003,1,92,93,0.8120000000000067,0.8120000000000067,0.0,0.022565188768737865,0.022565188768737865,0.09006437083512123,0.08345505036402906,0.005643695471092244,0.022565188768737865,0.005040308687555014,1.6895243600256998e-06,1.6895243600256998e-06,0.0,0.9983494794427984,1.685647721263962e-06,-3.876638761737827e-09,0.9998498169835125,False
2.66175,1,93,94,0.8186000000000068,0.8186000000000069,1.1102230246251565e-16,0.023390188768737937,0.023390188768737937,0.09005505036402911,0.08298166739293691,0.006056195471092257,0.023390188768737937,0.005040308687555014,1.678379257300227e-06,1.678379257300227e-06,0.0,0.9984056903362991,1.662010811134037e-06,-1.6368446166190043e-08,0.9998548931074802,False
2.68525,1,94,95,0.825650000000007,0.8256500000000069,-1.1102230246251565e-16,0.024271438768738034,0.024271438768738034,0.09003166739293705,0.08207703442184489,0.006937445471092246,0.024271438768738034,0.005040308687555014,1.6482315292178171e-06,1.6482315292178171e-06,0.0,0.9985134104494235,1.6148447997117819e-06,-3.338672950603527e-08,0.9998645441503401,False
2.71175,1,95,96,0.8336000000000071,0.8336000000000071,0.0,0.02526518876873813,0.02526518876873813,0.09002703442184501,0.08168333895075279,0.007804578442184505,0.02526518876873813,0.005040308687555014,1.679282153217547e-06,1.679282153217547e-06,0.0,0.9986996607696653,1.601604239712031e-06,-7.767791350551598e-08,0.9998811818777656,False
2.7395,1,96,97,0.8419250000000074,0.8419250000000074,0.0,0.02630581376873822,0.01315290688436911,0.09000833895075311,0.08062401847966086,0.008845203442184535,0.01315290688436911,0.005040308687555014,1.6644190990479629e-06,1.6644190990479629e-06,0.0,0.9988340609432722,1.520351068036701e-06,-1.4406803101126194e-07,0.9998926023477414,False
2.771,1,97,98,0.8513750000000079,0.8513750000000079,0.0,0.014334156884369167,0.014334156884369167,0.09007401847966132,0.08499748324411516,0.005076535235546158,0.014334156884369167,0.005040308687555014,1.6988723287995368e-06,1.6988723287995368e-06,0.0,0.9989713025313447,1.6931864098496726e-06,-5.6859189498641854e-09,0.9999063163162479,False
2.78775,1,98,99,0.856400000000008,0.8564000000000082,1.1102230246251565e-16,0.014962281884369193,0.014962281884369193,0.09002248324411533,0.08431782300856917,0.005390597735546171,0.014962281884369193,0.005040308687555014,1.6757044830190398e-06,1.6757044830190398e-06,0.0,0.9981921019946371,1.6754793797076149e-06,-2.251033114249179e-10,0.9998354777573223,False
2.80675,1,99,100,0.8621000000000081,0.8621000000000081,0.0,0.015674781884369212,0.015674781884369212,0.09001782300856923,0.08391472527302309,0.005931976721092311,0.015674781884369212,0.005040308687555014,1.7258181465272526e-06,1.7258181465272526e-06,0.0,0.9983101464638907,1.7222283540552913e-06,-3.5897924719613394e-09,0.9998462207640252,False
2.8272500000000003,1,100,101,0.8682500000000084,0.8682500000000083,-1.1102230246251565e-16,0.016443531884369294,0.016443531884369294,0.09006472527302331,0.08319287753747719,0.0063163517210923295,0.016443531884369294,0.005040308687555014,1.7175640428785223e-06,1.7175640428785223e-06,0.0,0.9984608619172342,1.71551865545442e-06,-2.045387424102346e-09,0.9998599055081742,False
2.85,1,101,102,0.8750750000000084,0.8750750000000084,0.0,0.01729665688436937,0.01729665688436937,0.09001787753747728,0.08246402581638501,0.00649447672109235,0.01729665688436937,0.005040308687555014,1.71945101482831e-06,1.71945101482831e-06,0.0,0.9985614952810795,1.7084209950977286e-06,-1.1030019730581299e-08,0.9998690148862772,False
2.87525,1,102,103,0.8826500000000087,0.8826500000000086,-1.1102230246251565e-16,0.01824353188436947,0.01824353188436947,0.09003902581638526,0.08153829909529298,0.006967914221092372,0.01824353188436947,0.005040308687555014,1.7073011608419132e-06,1.7073011608419132e-06,0.0,0.9986140597924692,1.6893719054251067e-06,-1.792925541680649e-08,0.99987367582243,False
2.9035,1,103,104,0.8911250000000088,0.8911250000000088,0.0,0.01930290688436957,0.01930290688436957,0.09001329909529324,0.08083757237420089,0.008027289221092356,0.01930290688436957,0.005040308687555014,1.7313082214184816e-06,1.7313082214184816e-06,0.0,0.9987152387071856,1.6391848571599638e-06,-9.212336425851782e-08,0.9998819364573479,False
2.93425,1,104,105,0.9003500000000093,0.9003500000000093,0.0,0.020456031884369674,0.020456031884369674,0.09006257237420127,0.08489814651365508,0.005164425860546192,0.020456031884369674,0.005040308687555014,1.7975135312113663e-06,1.7975135312113663e-06,0.0,0.9988766006891413,1.7971464614682754e-06,-3.67069743090892e-10,0.9998977819577587,False
2.9515000000000002,1,105,106,0.9055250000000096,0.9055250000000096,0.0,0.021102906884369745,0.021102906884369745,0.09007314651365533,0.08426184565310915,0.005150363360546211,0.021102906884369745,0.005040308687555014,1.8207442137233411e-06,1.8207442137233411e-06,0.0,0.9982253541718947,1.8177283485251413e-06,-3.015865198199852e-09,0.9998385698363679,False
2.9707500000000002,1,106,107,0.9113000000000098,0.9113000000000098,0.0,0.021824781884369815,0.021824781884369815,0.09003684565310932,0.08416460729256314,0.005511300860546225,0.021824781884369815,0.005040308687555014,1.8162046198951084e-06,1.8162046198951084e-06,0.0,0.9982437674256824,1.8126093187106288e-06,-3.5953011844796004e-09,0.9998402315382088,False
2.99025,1,107,108,0.9171500000000098,0.9171500000000098,0.0,0.02255603188436988,0.02255603188436988,0.09001460729256322,0.08341111893201705,0.00564020711054624,0.02255603188436988,0.005040308687555014,1.792148724950567e-06,1.792148724950567e-06,0.0,0.9983479377354373,1.7841621196373848e-06,-7.986605313182148e-09,0.9998496820741402,False
3.01225,1,108,109,0.9237500000000101,0.9237500000000101,0.0,0.02338103188436997,0.02338103188436997,0.09001111893201723,0.08294356807147105,0.0060527071105462606,0.02338103188436997,0.005040308687555014,1.7125141532611582e-06,1.7125141532611582e-06,0.0,0.9984048245882539,1.7129050770644692e-06,3.9092380331104404e-10,0.9998548153283773,False
3.036,1,109,110,0.93087500000001,0.93087500000001,0.0,0.024271656884370045,0.024271656884370045,0.09006856807147101,0.08211039221092484,0.006943332110546228,0.024271656884370045,0.005040308687555014,1.7437779730278095e-06,1.7437779730278095e-06,0.0,0.9985146694259697,1.7353978724995913e-06,-8.380100528218234e-09,0.9998646613543727,False
3.0625,1,110,111,0.9388250000000101,0.9388250000000102,1.1102230246251565e-16,0.02526540688437014,0.02526540688437014,0.09006039221092499,0.08171081010037878,0.007806976721092506,0.02526540688437014,0.005040308687555014,1.7421612926222683e-06,1.7421612926222683e-06,0.0,0.9987006210149267,1.7069770595711355e-06,-3.5184233051132816e-08,0.9998812602854752,False
3.09025,1,111,112,0.9471500000000104,0.9471500000000104,0.0,0.026306031884370248,0.013153015942185124,0.0900358101003792,0.08064560298983295,0.008847601721092554,0.013153015942185124,0.005040308687555014,1.7509849476131769e-06,1.7509849476131769e-06,0.0,0.998834372118386,1.693351704410589e-06,-5.763324320258792e-08,0.9998926100679845,False
3.1215,1,112,113,0.9565250000000107,0.956525000000011,2.220446049250313e-16,0.01432489094218517,0.01432489094218517,0.09002060298983333,0.08494581193456018,0.005074791055273152,0.01432489094218517,0.005040308687555014,1.8867041597569675e-06,1.8867041597569675e-06,0.0,0.9989705760454732,1.88197092605973e-06,-4.733233697237597e-09,0.9999062429087572,False
3.1385,1,113,114,0.961625000000011,0.961625000000011,0.0,0.014962390942185192,0.014962390942185192,0.0900458119345603,0.08433352087928717,0.005393541055273163,0.014962390942185192,0.005040308687555014,1.8393023277763192e-06,1.8393023277763192e-06,0.0,0.9981945004386228,1.8342430872891587e-06,-5.059240487160534e-09,0.9998356833844206,False
3.1575,1,114,115,0.9673250000000113,0.9673250000000112,-1.1102230246251565e-16,0.015674890942185226,0.015674890942185226,0.09003352087928734,0.08392747982401419,0.005933175860546321,0.015674890942185226,0.005040308687555014,1.865801898482929e-06,1.865801898482929e-06,0.0,0.9983109459203268,1.8710645234951313e-06,5.262625012202385e-09,0.9998462833074495,False
3.17775,1,115,116,0.9734000000000115,0.9734000000000115,0.0,0.016434265942185295,0.016434265942185295,0.09000247982401434,0.0831370637687412,0.006312863360546333,0.016434265942185295,0.005040308687555014,1.894608928154325e-06,1.894608928154325e-06,0.0,0.9984589712329509,1.8903810426119027e-06,-4.227885542422254e-09,0.9998597261220994,False
3.20075,1,116,117,0.9803000000000117,0.9803000000000117,0.0,0.017296765942185384,0.017296765942185384,0.0900370637687414,0.08248201290819512,0.006495675860546359,0.017296765942185384,0.005040308687555014,1.8546684536068381e-06,1.8546684536068381e-06,0.0,0.9985626639832879,1.857070778869276e-06,2.40232526243795e-09,0.9998691120885224,False
3.226,1,117,118,0.9878750000000118,0.9878750000000118,0.0,0.018243640942185484,0.018243640942185484,0.09005701290819537,0.08155508704764906,0.006969113360546382,0.018243640942185484,0.005040308687555014,1.8958354975682871e-06,1.8958354975682871e-06,0.0,0.998614275863037,1.8877689320570285e-06,-8.06656551125863e-09,0.9998736862585369,False
3.25425,1,118,119,0.9963500000000121,0.9963500000000122,1.1102230246251565e-16,0.019303015942185583,0.019303015942185583,0.09003008704764934,0.08084847368710298,0.008028488360546366,0.019303015942185583,0.005040308687555014,1.893558529110972e-06,1.893558529110972e-06,0.0,0.9987154222014465,1.8566904762981574e-06,-3.686805281281468e-08,0.9998819322615364,False
3.285,1,119,120,1.0055750000000125,1.0055750000000125,0.0,0.020456140942185688,0.020456140942185688,0.09007347368710336,0.08490610450683016,0.0051673691802732,0.020456140942185688,0.005040308687555014,1.998454697900551e-06,1.998454697900551e-06,0.0,0.9988767439357644,1.9984649169167224e-06,1.0219016171458817e-11,0.9998977930859886,False
3.302,1,120,121,1.0106750000000126,1.0106750000000126,0.0,0.021093640942185746,0.021093640942185746,0.09000610450683033,0.08420123532655714,0.00514627543027321,0.021093640942185746,0.005040308687555014,2.0390270776452597e-06,2.0390270776452597e-06,0.0,0.9982233867574307,2.0404508079414603e-06,1.4237302962006454e-09,0.9998383913215657,False
3.3215,1,121,122,1.016525000000013,1.0165250000000128,-2.220446049250313e-16,0.02182489094218583,0.02182489094218583,0.0900512353265574,0.0841737098962842,0.0055119004302732295,0.02182489094218583,0.005040308687555014,1.9888511932515934e-06,1.9888511932515934e-06,0.0,0.9982453426605501,1.994201901651168e-06,5.3507083995745636e-09,0.9998403720632126,False
3.341,1,122,123,1.022375000000013,1.022375000000013,0.0,0.022556140942185894,0.022556140942185894,0.0900237098962843,0.08341493446601111,0.005640806680273245,0.022556140942185894,0.005040308687555014,1.9271253793624746e-06,1.9271253793624746e-06,0.0,0.9983480875021439,1.9398932083345083e-06,1.2767828972033712e-08,0.9998496892689671,False
3.363,1,123,124,1.028975000000013,1.028975000000013,0.0,0.023381140942185966,0.023381140942185966,0.09001493446601116,0.08294678403573798,0.0060533066802732575,0.023381140942185966,0.005040308687555014,2.007825369660255e-06,2.007825369660255e-06,0.0,0.9984049752096504,1.9998718922626313e-06,-7.953477397623816e-09,0.9998548301177419,False
3.38675,1,124,125,1.0361000000000131,1.0361000000000131,0.0,0.02427176594218606,0.02427176594218606,0.09007178403573808,0.08211300860546492,0.006943931680273242,0.02427176594218606,0.005040308687555014,1.9181729845743145e-06,1.9181729845743145e-06,0.0,0.9985147901087396,1.9042163261320843e-06,-1.3956658442230291e-08,0.9998646612793648,False
3.41325,1,125,126,1.0440500000000132,1.0440500000000132,0.0,0.025265515942186154,0.025265515942186154,0.09006300860546504,0.08171282692519183,0.00780700398554651,0.025265515942186154,0.005040308687555014,1.991721602752285e-06,1.991721602752285e-06,0.0,0.9987007169707635,1.988293298857283e-06,-3.4283038950018094e-09,0.999881262440985,False
3.4410000000000003,1,126,127,1.0523750000000136,1.0523750000000136,0.0,0.02630614094218626,0.01315307047109313,0.09003782692519227,0.08064702024491902,0.008847628985546557,0.01315307047109313,0.005040308687555014,2.026135202198745e-06,2.026135202198745e-06,0.0,0.998834375710762,1.996276743005884e-06,-2.985845919286061e-08,0.9998926002487935,False
3.4722500000000003,1,127,128,1.0617500000000142,1.0617500000000142,0.0,0.014324945471093177,0.014324945471093177,0.09002202024491937,0.08494692940478271,0.005075090840136659,0.014324945471093177,0.005040308687555014,2.1466966851309884e-06,2.1466966851309884e-06,0.0,0.9989705738310266,2.140699028390161e-06,-5.997656740827292e-09,0.9999062380225201,False
3.48925,1,128,129,1.0668500000000145,1.0668500000000143,-2.220446049250313e-16,0.014962445471093199,0.014962445471093199,0.09004692940478286,0.08433433856464621,0.00539384084013667,0.014962445471093199,0.005040308687555014,2.061305981148221e-06,2.061305981148221e-06,0.0,0.9981945808179797,2.0688417133458677e-06,7.535732197646618e-09,0.999835678788517,False
3.50825,1,129,130,1.0725500000000143,1.0725500000000143,0.0,0.015674945471093233,0.015674945471093233,0.09003433856464638,0.08392799772450973,0.005933189492773322,0.015674945471093233,0.005040308687555014,2.0500545254525894e-06,2.0500545254525894e-06,0.0,0.998311014547532,2.044583305541329e-06,-5.471219911260157e-09,0.9998462756151004,False
3.5285,1,130,131,1.0786250000000146,1.0786250000000144,-2.220446049250313e-16,0.016434320471093302,0.016434320471093302,0.09000299772450987,0.08313728188437325,0.006312876992773335,0.016434320471093302,0.005040308687555014,2.0313290633425414e-06,2.0313290633425414e-06,0.0,0.9984589583273684,2.0445615318639586e-06,1.323246852141715e-08,0.9998597106212975,False
3.5515,1,131,132,1.0855250000000147,1.0855250000000147,0.0,0.01729682047109339,0.01729682047109339,0.09003728188437343,0.08248221739160014,0.006495689492773361,0.01729682047109339,0.005040308687555014,2.1000758558047073e-06,2.1000758558047073e-06,0.0,0.9985626609552892,2.089728616217531e-06,-1.0347239587176447e-08,0.9998691036842954,False
3.57675,1,132,133,1.0931000000000148,1.0931000000000148,0.0,0.018243695471093474,0.018243695471093474,0.09005721739160027,0.08155527789882698,0.006969126992773376,0.018243695471093474,0.005040308687555014,2.0371165259006714e-06,2.0371165259006714e-06,0.0,0.9986142658379538,2.0390885978612645e-06,1.9720719605931247e-09,0.9998736710140601,False
3.605,1,133,134,1.101575000000015,1.101575000000015,0.0,0.01930307047109359,0.01930307047109359,0.09003027789882737,0.08084865090605402,0.008028501992773376,0.01930307047109359,0.005040308687555014,2.138742012490133e-06,2.138742012490133e-06,0.0,0.9987154206053448,2.1203711760300024e-06,-1.837083646013052e-08,0.9998819215764704,False
3.6357500000000003,1,134,135,1.1108000000000156,1.1108000000000156,0.0,0.020456195471093695,0.020456195471093695,0.0900736509060544,0.08490627490966769,0.005167375996386701,0.020456195471093695,0.005040308687555014,2.1966878346952245e-06,2.1966878346952245e-06,0.0,0.9988767412485534,2.197002694964917e-06,3.1486026969267805e-10,0.9998977886507289,False
3.65275,1,135,136,1.1159000000000157,1.1159000000000159,2.220446049250313e-16,0.021093695471093753,0.021093695471093753,0.09000627490966787,0.08420139891328118,0.005146282246386711,0.021093695471093753,0.005040308687555014,2.206828674445726e-06,2.206828674445726e-06,0.0,0.9982233830033937,2.2164740909448675e-06,9.645416499141565e-09,0.9998383859180098,False
3.67225,1,136,137,1.1217500000000158,1.121750000000016,2.220446049250313e-16,0.02182494547109382,0.02182494547109382,0.09005139891328132,0.08417386666689464,0.005511907246386723,0.02182494547109382,0.005040308687555014,2.237338806964132e-06,2.237338806964132e-06,0.0,0.9982453461600707,2.2270444250878938e-06,-1.0294381876238198e-08,0.9998403718066693,False
3.69175,1,137,138,1.1276000000000161,1.1276000000000161,0.0,0.0225561954710939,0.0225561954710939,0.09002386666689485,0.08341508442050817,0.00564081349638675,0.0225561954710939,0.005040308687555014,2.1951864872457594e-06,2.1951864872457594e-06,0.0,0.9983480920292381,2.174394969546296e-06,-2.0791517699463198e-08,0.9998496885031426,False
3.71375,1,138,139,1.134200000000016,1.1342000000000163,2.220446049250313e-16,0.023381195471093973,0.023381195471093973,0.0900150844205082,0.08294692717412153,0.006053313496386763,0.023381195471093973,0.005040308687555014,2.1102322565294844e-06,2.1102322565294844e-06,0.0,0.9984049637825414,2.1327405084330684e-06,2.2508251903584006e-08,0.9998548183648832,False
3.7375000000000003,1,139,140,1.1413250000000164,1.1413250000000164,0.0,0.024271820471094066,0.024271820471094066,0.09007192717412162,0.08211314492773494,0.006943938496386747,0.024271820471094066,0.005040308687555014,2.239526878025492e-06,2.239526878025492e-06,0.0,0.9985147965657568,2.244618796003249e-06,5.09191797775678e-09,0.9998646657615798,False
3.7640000000000002,1,140,141,1.1492750000000163,1.1492750000000163,0.0,0.02526557047109416,0.02526557047109416,0.09006314492773507,0.08171295643134835,0.0078070176177735115,0.02526557047109416,0.005040308687555014,2.1356796041001064e-06,2.1356796041001064e-06,0.0,0.9987007087660776,2.123085856796641e-06,-1.2593747303465616e-08,0.9998812496348394,False
3.79175,1,141,142,1.1576000000000168,1.157600000000017,2.220446049250313e-16,0.02630619547109427,0.013153097735547134,0.09003795643134879,0.08064714293496203,0.008847642617773557,0.013153097735547134,0.005040308687555014,2.1533925023720394e-06,2.1533925023720394e-06,0.0,0.9988343656658423,2.157001339558157e-06,3.608837186117736e-09,0.9998925883091822,False
3.823,1,142,143,1.1669750000000174,1.1669750000000174,0.0,0.01432497273554718,0.01432497273554718,0.0900221429349624,0.08494704868676899,0.005075094248193412,0.01432497273554718,0.005040308687555014,2.435443247258409e-06,2.435443247258409e-06,0.0,0.9989705759000083,2.4270292406719995e-06,-8.41400658640936e-09,0.9999062381410375,False
3.84,1,143,144,1.1720750000000173,1.1720750000000173,0.0,0.014962472735547202,0.014962472735547202,0.09004704868676912,0.08433445443857572,0.0053938442481934225,0.014962472735547202,0.005040308687555014,2.229677414900726e-06,2.229677414900726e-06,0.0,0.9981945653636004,2.2403806115927315e-06,1.0703196692005493e-08,0.9998356620404966,False
3.859,1,144,145,1.1777750000000173,1.1777750000000173,0.0,0.015674972735547237,0.015674972735547237,0.09003445443857591,0.08392811019038249,0.005933196308886823,0.015674972735547237,0.005040308687555014,2.359043687776767e-06,2.359043687776767e-06,0.0,0.9983110096546942,2.35382630846086e-06,-5.217379315906878e-09,0.9998462695684718,False
3.87925,1,145,146,1.1838500000000176,1.1838500000000178,2.220446049250313e-16,0.016434347735547306,0.016434347735547306,0.09000311019038264,0.08313739094218925,0.006312883808886836,0.016434347735547306,0.005040308687555014,2.2742166313573014e-06,2.2742166313573014e-06,0.0,0.9984589516757282,2.2581127228386497e-06,-1.6103908518651754e-08,0.999859699384777,False
3.90225,1,146,147,1.1907500000000177,1.1907500000000177,0.0,0.017296847735547394,0.017296847735547394,0.09003739094218943,0.08248231963330266,0.006495696308886861,0.017296847735547394,0.005040308687555014,2.299303167991565e-06,2.299303167991565e-06,0.0,0.9985626503930387,2.319654720398098e-06,2.0351552406532893e-08,0.9998690929698681,False
3.9275,1,147,148,1.198325000000018,1.198325000000018,0.0,0.018243722735547478,0.018243722735547478,0.09005731963330278,0.08155537332441598,0.006969133808886876,0.018243722735547478,0.005040308687555014,2.3654963672088865e-06,2.3654963672088865e-06,0.0,0.9986142678687091,2.3509148481308745e-06,-1.4581519078011966e-08,0.9998736691949673,False
3.95575,1,148,149,1.2068000000000183,1.206800000000018,-2.220446049250313e-16,0.019303097735547576,0.019303097735547576,0.09003037332441625,0.0808487395155294,0.00802850880888686,0.019303097735547576,0.005040308687555014,2.2991397146286327e-06,2.2991397146286327e-06,0.0,0.9987154100723854,2.3037902527380796e-06,4.650538109446899e-09,0.9998819098426325,False
3.9865,1,149,150,1.2160250000000188,1.2160250000000188,0.0,0.0204562227355477,0.0204562227355477,0.09007373951552991,0.08490636011108646,0.005167379404443451,0.0204562227355477,0.005040308687555014,2.4710751450176876e-06,2.4710751450176876e-06,0.0,0.998876743043515,2.464966318455682e-06,-6.108826562005801e-09,0.9998977887541145,False
4.0035,1,150,151,1.221125000000019,1.221125000000019,0.0,0.021093722735547757,0.021093722735547757,0.09000636011108656,0.08420148070664314,0.005146285654443456,0.021093722735547757,0.005040308687555014,2.425418469561213e-06,2.425418469561213e-06,0.0,0.9982233813582784,2.420362380780813e-06,-5.0560887804003765e-09,0.9998383814570037,False
4.023,1,151,152,1.226975000000019,1.226975000000019,0.0,0.021824972735547822,0.021824972735547822,0.09005148070664305,0.08417394505219962,0.005511910654443444,0.021824972735547822,0.005040308687555014,2.5169543526405757e-06,2.5169543526405757e-06,0.0,0.998245349350718,2.522510922955013e-06,5.55657031443748e-09,0.9998403749505222,False
4.0425,1,152,153,1.2328250000000187,1.2328250000000187,0.0,0.022556222735547887,0.022556222735547887,0.09002394505219952,0.08341515939775611,0.005640816904443441,0.022556222735547887,0.005040308687555014,2.5436776665958317e-06,2.5436776665958317e-06,0.0,0.99834810052349,2.5465972558432783e-06,2.919589247446508e-09,0.9998496978886192,False
4.0645,1,153,154,1.2394250000000187,1.2394250000000189,2.220446049250313e-16,0.023381222735547977,0.023381222735547977,0.09001515939775612,0.08294699874331271,0.0060533169044434355,0.023381222735547977,0.005040308687555014,2.3456080978427564e-06,2.3456080978427564e-06,0.0,0.9984049632197168,2.3244619801536222e-06,-2.1146117689134145e-08,0.9998548123721194,False
4.08825,1,154,155,1.2465500000000187,1.2465500000000185,-2.220446049250313e-16,0.024271847735548052,0.024271847735548052,0.09007199874331256,0.08211321308886918,0.006943941904443403,0.024271847735548052,0.005040308687555014,2.2759502335558367e-06,2.2759502335558367e-06,0.0,0.9985147759735598,2.296867989643749e-06,2.0917756087912402e-08,0.9998646451642258,False
4.11475,1,155,156,1.2545000000000186,1.2545000000000186,0.0,0.025265597735548165,0.025265597735548165,0.09006321308886923,0.08171302118442585,0.007807024433886879,0.025265597735548165,0.005040308687555014,2.5289430104857933e-06,2.5289430104857933e-06,0.0,0.9987007210743388,2.5235120277993265e-06,-5.430982686466766e-09,0.9998812620195832,False
4.1425,1,156,157,1.2628250000000185,1.2628250000000185,0.0,0.026306222735548272,0.013153111367774136,0.09003802118442583,0.08064720427998245,0.00884764943388686,0.013153111367774136,0.005040308687555014,2.443902390545944e-06,2.443902390545944e-06,0.0,0.9988343699819235,2.4188847359796987e-06,-2.5017654566245398e-08,0.9998925898020923,False
4.17375,1,157,158,1.2722000000000184,1.2722000000000184,0.0,0.014324986367774108,0.014324986367774108,0.09002220427998223,0.08494710832776055,0.005075095952221673,0.014324986367774108,0.005040308687555014,2.706099961735718e-06,2.706099961735718e-06,0.0,0.9989705778820167,2.7031147843010464e-06,-2.9851774346716098e-09,0.9999062394313781,False
4.19075,1,158,159,1.277300000000018,1.277300000000018,0.0,0.014962486367774072,0.014962486367774072,0.09004710832776026,0.08433451237553863,0.005393845952221655,0.014962486367774072,0.005040308687555014,2.4785618930835878e-06,2.4785618930835878e-06,0.0,0.9981945582769688,2.4672977775545965e-06,-1.12641155289913e-08,0.9998356523347696,False
4.20975,1,159,160,1.2830000000000181,1.2830000000000181,0.0,0.015674986367774067,0.015674986367774067,0.09003451237553854,0.0839281664233169,0.005933199716943389,0.015674986367774067,0.005040308687555014,2.527815365368862e-06,2.527815365368862e-06,0.0,0.9983109938493749,2.5522290387639326e-06,2.4413673395070647e-08,0.9998462553087504,False
4.23,1,160,161,1.289075000000018,1.289075000000018,0.0,0.016434361367774136,0.016434361367774136,0.0900031664233169,0.08313744547109528,0.006312887216943378,0.016434361367774136,0.005040308687555014,2.6511309372021603e-06,2.6511309372021603e-06,0.0,0.9984589545252078,2.638850662755091e-06,-1.2280274447069167e-08,0.9998597018568441,False
4.253,1,161,162,1.295975000000018,1.295975000000018,0.0,0.017296861367774242,0.017296861367774242,0.09003744547109549,0.08248237075415213,0.00649569971694338,0.017296861367774242,0.005040308687555014,2.4012372138688476e-06,2.4012372138688476e-06,0.0,0.998562634405173,2.4052279497815835e-06,3.990735912735854e-09,0.9998690743483973,False
4.27825,1,162,163,1.3035500000000182,1.3035500000000182,0.0,0.018243736367774325,0.018243736367774325,0.0900573707541521,0.08155542103720877,0.0069691372169433646,0.018243736367774325,0.005040308687555014,2.5769354535011297e-06,2.5769354535011297e-06,0.0,0.9986142592838914,2.6008744286183357e-06,2.393897511720599e-08,0.9998736628137193,False
4.3065,1,163,164,1.3120250000000182,1.312025000000018,-2.220446049250313e-16,0.019303111367774423,0.019303111367774423,0.09003042103720879,0.08084878382026547,0.008028512216943335,0.019303111367774423,0.005040308687555014,2.5699412256638236e-06,2.5699412256638236e-06,0.0,0.9987154097976085,2.5496951739749363e-06,-2.024605168888735e-08,0.9998819073335871,False
4.33725,1,164,165,1.3212500000000182,1.321250000000018,-2.220446049250313e-16,0.020456236367774546,0.020456236367774546,0.09007378382026547,0.08490640271179382,0.00516738110847165,0.020456236367774546,0.005040308687555014,2.6897854218117367e-06,2.6897854218117367e-06,0.0,0.9988767390914012,2.7012491346153087e-06,1.1463712803571995e-08,0.999897785650056,False
4.35425,1,165,166,1.326350000000018,1.326350000000018,0.0,0.021093736367774587,0.021093736367774587,0.09000640271179361,0.084201521603322,0.005146287358471633,0.021093736367774587,0.005040308687555014,2.74066337242545e-06,2.74066337242545e-06,0.0,0.9982233879471971,2.721849789432849e-06,-1.8813582992600712e-08,0.9998383860506387,False
4.37375,1,166,167,1.3322000000000178,1.3322000000000176,-2.220446049250313e-16,0.021824986367774652,0.021824986367774652,0.09005152160332189,0.08417398424485029,0.005511912358471621,0.021824986367774652,0.005040308687555014,2.6604216420984383e-06,2.6604216420984383e-06,0.0,0.9982453395286482,2.68441820419098e-06,2.399656209254187e-08,0.9998403657438678,False
4.39325,1,167,168,1.3380500000000182,1.3380500000000182,0.0,0.022556236367774752,0.022556236367774752,0.09002398424485046,0.08341519688637884,0.005640818608471634,0.022556236367774752,0.005040308687555014,2.6245330287048407e-06,2.6245330287048407e-06,0.0,0.998348083641525,2.6646056646995866e-06,4.0072635994745955e-08,0.9998496836024591,False
4.41525,1,168,169,1.3446500000000179,1.3446500000000179,0.0,0.023381236367774807,0.023381236367774807,0.09001519688637857,0.082947034527907,0.006053318608471612,0.023381236367774807,0.005040308687555014,2.810874047598196e-06,2.810874047598196e-06,0.0,0.9984049829104875,2.7862540980738097e-06,-2.461994952438623e-08,0.9998548313621202,False
4.439,1,169,170,1.351775000000018,1.351775000000018,0.0,0.024271861367774917,0.024271861367774917,0.09007203452790712,0.08211324716943552,0.006943943608471613,0.024271861367774917,0.005040308687555014,2.5480994079883548e-06,2.5480994079883548e-06,0.0,0.9985147782370476,2.527902248571968e-06,-2.0197159416386785e-08,0.9998646424445682,False
4.4655000000000005,1,170,171,1.3597250000000178,1.3597250000000176,-2.220446049250313e-16,0.025265611367774995,0.025265611367774995,0.09006324716943531,0.08171305356096376,0.00780702784194353,0.025265611367774995,0.005040308687555014,2.6153342338112832e-06,2.6153342338112832e-06,0.0,0.9987007028411864,2.6490281017275095e-06,3.3693867916226306e-08,0.9998812477604339,False
4.49325,1,171,172,1.3680500000000175,1.3680500000000175,0.0,0.026306236367775102,0.013153118183887551,0.09003805356096374,0.08064723495249221,0.00884765284194351,0.013153118183887551,0.005040308687555014,2.803812736265664e-06,2.803812736265664e-06,0.0,0.9988343791710164,2.807434753191308e-06,3.6220169256440463e-09,0.99989260222972,False
4.5245,1,172,173,1.3774250000000174,1.3774250000000174,0.0,0.014324993183887523,0.014324993183887523,0.09002223495249198,0.08494713814825622,0.005075096804235762,0.014324993183887523,0.005040308687555014,2.951165948121624e-06,2.951165948121624e-06,0.0,0.9989705799355486,2.9481199790593613e-06,-3.045969062262857e-09,0.9999062406416325,False
4.5415,1,173,174,1.3825250000000175,1.3825250000000175,0.0,0.01496249318388752,0.01496249318388752,0.0900471381482562,0.08433454134402044,0.00539384680423576,0.01496249318388752,0.005040308687555014,2.828020950386141e-06,2.828020950386141e-06,0.0,0.9981945599927415,2.8055139861838394e-06,-2.2506964202301596e-08,0.9998356530102129,False
4.5605,1,174,175,1.3882250000000174,1.3882250000000174,0.0,0.015674993183887515,0.015674993183887515,0.09003454134402036,0.0839281945397846,0.0059332014209717236,0.015674993183887515,0.005040308687555014,2.62124904558121e-06,2.62124904558121e-06,0.0,0.9983109733549173,2.6408200874798466e-06,1.9571041898636815e-08,0.9998462337974404,False
4.58075,1,175,176,1.3943000000000172,1.3943000000000172,0.0,0.016434368183887584,0.016434368183887584,0.0900031945397846,0.08313747273554888,0.006312888920971712,0.016434368183887584,0.005040308687555014,2.7997653220023302e-06,2.7997653220023302e-06,0.0,0.9984589366833373,2.835770868700547e-06,3.600554669821662e-08,0.9998596875350763,False
4.60375,1,176,177,1.4012000000000175,1.4012000000000173,-2.220446049250313e-16,0.017296868183887655,0.017296868183887655,0.09003747273554882,0.08248239631457716,0.006495701420971706,0.017296868183887655,0.005040308687555014,2.778648076658466e-06,2.778648076658466e-06,0.0,0.9985626407201399,2.7413310129119654e-06,-3.731706374650052e-08,0.9998690769563148,False
4.6290000000000004,1,177,178,1.4087750000000172,1.4087750000000172,0.0,0.018243743183887738,0.018243743183887738,0.09005739631457714,0.0815554448936055,0.00696913892097169,0.018243743183887738,0.005040308687555014,2.613447225087635e-06,2.613447225087635e-06,0.0,0.9986142371650967,2.639201205040611e-06,2.575397995297629e-08,0.9998736401714168,False
4.65725,1,178,179,1.4172500000000174,1.4172500000000174,0.0,0.019303118183887837,0.019303118183887837,0.09003044489360552,0.0808488059726339,0.00802851392097166,0.019303118183887837,0.005040308687555014,2.93773703331291e-06,2.93773703331291e-06,0.0,0.9987154152384524,2.9339733516077493e-06,-3.763681705160581e-09,0.9998819139545684,False
4.688,1,179,180,1.4264750000000173,1.4264750000000173,0.0,0.02045624318388796,0.02045624318388796,0.0900738059726339,0.0849064240121481,0.005167381960485801,0.02045624318388796,0.005040308687555014,2.8423338240834723e-06,2.8423338240834723e-06,0.0,0.9988767304397398,2.84460868457204e-06,2.274860488567579e-09,0.9998977756526953,False
4.705,1,180,181,1.4315750000000174,1.4315750000000174,0.0,0.021093743183888035,0.021093743183888035,0.09000642401214815,0.08420154205166236,0.0051462882104858125,0.021093743183888035,0.005040308687555014,3.0570533361373676e-06,3.0570533361373676e-06,0.0,0.9982233941396174,3.049499894618407e-06,-7.553441518960702e-09,0.9998383932159451,False
4.7245,1,181,182,1.437425000000017,1.437425000000017,0.0,0.0218249931838881,0.0218249931838881,0.09005154205166227,0.08417400384117647,0.005511913210485801,0.0218249931838881,0.005040308687555014,2.8016601051401207e-06,2.8016601051401207e-06,0.0,0.998245330224897,2.8084917661804886e-06,6.831661040367955e-09,0.999840354465804,False
4.744,1,182,183,1.4432750000000172,1.4432750000000172,0.0,0.022556243183888165,0.022556243183888165,0.09002400384117637,0.0834152156306906,0.005640819460485796,0.022556243183888165,0.005040308687555014,2.6799928574657364e-06,2.6799928574657364e-06,0.0,0.9983480662300996,2.693912156375507e-06,1.3919298909770457e-08,0.9998496631258068,False
4.766,1,183,184,1.4498750000000171,1.4498750000000171,0.0,0.023381243183888255,0.023381243183888255,0.09001521563069062,0.08294705242020485,0.006053319460485791,0.023381243183888255,0.005040308687555014,3.0175837823629608e-06,3.0175837823629608e-06,0.0,0.9984049764006372,3.052432105436851e-06,3.484832307389021e-08,0.9998548302542152,False
4.78975,1,184,185,1.4570000000000172,1.4570000000000172,0.0,0.02427186818388833,0.02427186818388833,0.0900720524202047,0.08211326420971897,0.0069439444604857585,0.02427186818388833,0.005040308687555014,3.046271646071669e-06,3.046271646071669e-06,0.0,0.9985148027987992,3.0065035503541422e-06,-3.976809571752671e-08,0.9998646659463637,False
4.81625,1,185,186,1.464950000000017,1.464950000000017,0.0,0.025265618183888443,0.025265618183888443,0.09006326420971902,0.08171306974923329,0.0078070295459719,0.025265618183888443,0.005040308687555014,2.683097159676749e-06,2.683097159676749e-06,0.0,0.9987006852910546,2.689758396648488e-06,6.661236971738926e-09,0.9998812275109468,False
4.844,1,186,187,1.473275000000017,1.473275000000017,0.0,0.026306243183888516,0.013153121591944258,0.09003806974923298,0.0806472502887473,0.008847654545971848,0.013153121591944258,0.005040308687555014,2.8244744645283338e-06,2.8244744645283338e-06,0.0,0.9988343548424043,2.8573102402140423e-06,3.283577568570853e-08,0.9998925810105533,False
4.87525,1,187,188,1.4826500000000165,1.4826500000000165,0.0,0.01432499659194423,0.01432499659194423,0.09002225028874707,0.08494715305850423,0.005075097230242835,0.01432499659194423,0.005040308687555014,3.227914715501546e-06,3.227914715501546e-06,0.0,0.9989705871878228,3.214984015529297e-06,-1.2930699972248973e-08,0.9999062467626151,False
4.89225,1,188,189,1.4877500000000166,1.4877500000000166,0.0,0.014962496591944227,0.014962496591944227,0.0900471530585042,0.08433455582826138,0.005393847230242834,0.014962496591944227,0.005040308687555014,3.1413428425370368e-06,3.1413428425370368e-06,0.0,0.9981945590600568,3.1335086541296655e-06,-7.834188407371268e-09,0.9998356534505503,False
4.91125,1,189,190,1.4934500000000166,1.4934500000000166,0.0,0.01567499659194422,0.01567499659194422,0.0900345558282613,0.08392820859801847,0.0059332022729859,0.01567499659194422,0.005040308687555014,2.8525758860514306e-06,2.8525758860514306e-06,0.0,0.9983109665620937,2.83273613638712e-06,-1.9839749664310458e-08,0.999846223729436,False
4.9315,1,190,191,1.4995250000000167,1.4995250000000167,0.0,0.01643437159194429,0.01643437159194429,0.09000320859801847,0.08313748636777567,0.006312889772985888,0.01643437159194429,0.005040308687555014,2.7753252192721936e-06,2.7753252192721936e-06,0.0,0.9984589073853678,2.8169293592745365e-06,4.1604140002342825e-08,0.9998596579135717,False
4.9545,1,191,192,1.5064250000000163,1.5064250000000166,2.220446049250313e-16,0.01729687159194436,0.01729687159194436,0.09003748636777562,0.08248240909478977,0.006495702272985874,0.01729687159194436,0.005040308687555014,3.210718356886689e-06,3.210718356886689e-06,0.0,0.998562648675621,3.199289754109982e-06,-1.142860277670698e-08,0.9998690873508116,False
4.97975,1,192,193,1.5140000000000167,1.5140000000000167,0.0,0.018243746591944478,0.018243746591944478,0.09005740909479001,0.08155545682180418,0.006969139772985875,0.018243746591944478,0.005040308687555014,2.8921406322027134e-06,2.8921406322027134e-06,0.0,0.9986142381322718,2.868072962450372e-06,-2.4067669752341272e-08,0.9998736359933103,False
5.008,1,193,194,1.5224750000000167,1.5224750000000167,0.0,0.019303121591944576,0.019303121591944576,0.09003045682180419,0.08084881704881836,0.008028514772985846,0.019303121591944576,0.005040308687555014,2.9857402040104437e-06,2.9857402040104437e-06,0.0,0.9987153930236364,3.026664182599918e-06,4.092397858947421e-08,0.9998818942743376,False
5.03875,1,194,195,1.5317000000000165,1.5317000000000163,-2.220446049250313e-16,0.020456246591944664,0.020456246591944664,0.09007381704881809,0.0849064346623252,0.005167382386492889,0.020456246591944664,0.005040308687555014,3.1736701145445613e-06,3.1736701145445613e-06,0.0,0.9988767387644215,3.1535204413811685e-06,-2.014967316339277e-08,0.9998977819912057,False
5.05575,1,195,196,1.5368000000000166,1.5368000000000164,-2.220446049250313e-16,0.02109374659194474,0.02109374659194474,0.09000643466232526,0.08420155227583237,0.005146288636492896,0.02109374659194474,0.005040308687555014,3.262073619870044e-06,3.262073619870044e-06,0.0,0.9982233893960237,3.2743318127791262e-06,1.2258192909082172e-08,0.9998383902573897,False
5.0752500000000005,1,196,197,1.5426500000000165,1.5426500000000165,0.0,0.021824996591944805,0.021824996591944805,0.09005155227583228,0.0841740136393394,0.005511913636492885,0.021824996591944805,0.005040308687555014,3.0788907842858523e-06,3.0788907842858523e-06,0.0,0.9982453351838205,3.055390516941989e-06,-2.3500267343863276e-08,0.9998403561796355,False
5.09475,1,197,198,1.5485000000000162,1.5485000000000162,0.0,0.02255624659194487,0.02255624659194487,0.09002401363933932,0.08341522500284645,0.005640819886492873,0.02255624659194487,0.005040308687555014,2.9837183657564423e-06,2.9837183657564423e-06,0.0,0.9983480739210955,2.9503201921575006e-06,-3.339817359894167e-08,0.9998496659380709,False
5.11675,1,198,199,1.5551000000000164,1.5551000000000164,0.0,0.02338124659194496,0.02338124659194496,0.09001522500284648,0.08294706136635362,0.0060533198864928675,0.02338124659194496,0.005040308687555014,2.9796193724107947e-06,2.9796193724107947e-06,0.0,0.9984049470859828,3.0334232554351994e-06,5.3803883024404735e-08,0.9998548026658262,False
5.1405,1,199,200,1.5622250000000162,1.5622250000000162,0.0,0.024271871591945035,0.024271871591945035,0.09007206136635347,0.08211327272986066,0.006943944886492835,0.024271871591945035,0.005040308687555014,3.346961849267217e-06,3.346961849267217e-06,0.0,0.9985148053233116,3.368484001629315e-06,2.1522152362097712e-08,0.9998646746395067,False
5.167,1,200,201,1.5701750000000163,1.5701750000000163,0.0,0.025265621591945148,0.025265621591945148,0.0900632727298607,0.08171307784336788,0.007807030397986068,0.025265621591945148,0.005040308687555014,3.0675715877279304e-06,3.0675715877279304e-06,0.0,0.9987007013074023,3.0234761831774174e-06,-4.409540455051295e-08,0.9998812383764679,False
5.19475,1,201,202,1.5785000000000162,1.5785000000000162,0.0,0.026306246591945255,0.013153123295972628,0.09003807784336787,0.08064725795687505,0.00884765539798605,0.013153123295972628,0.005040308687555014,2.929888059916225e-06,2.929888059916225e-06,0.0,0.9988343421263917,2.9271636046767973e-06,-2.7244552394277075e-09,0.9998925645210609,False
5.226,1,202,203,1.587875000000016,1.587875000000016,0.0,0.014324998295972599,0.014324998295972599,0.09002225795687482,0.08494716051362844,0.00507509744324639,0.014324998295972599,0.005040308687555014,3.5377872583723874e-06,3.5377872583723874e-06,0.0,0.9989705988918133,3.5206720783991386e-06,-1.7115179973248816e-08,0.999906257942254,False
5.243,1,203,204,1.5929750000000156,1.5929750000000156,0.0,0.014962498295972564,0.014962498295972564,0.09004716051362815,0.08433456307038181,0.005393847443246372,0.014962498295972564,0.005040308687555014,3.3553628226906445e-06,3.3553628226906445e-06,0.0,0.9981945509188652,3.3681322230091383e-06,1.276940031849378e-08,0.9998356471763525,False
5.2620000000000005,1,204,205,1.5986750000000156,1.5986750000000156,0.0,0.015674998295972558,0.015674998295972558,0.09003456307038171,0.08392821562713536,0.005933202698992984,0.015674998295972558,0.005040308687555014,3.2513932768560815e-06,3.2513932768560815e-06,0.0,0.9983109754576639,3.214084234888894e-06,-3.7309041967187664e-08,0.9998462307031352,False
5.28225,1,205,206,1.6047500000000157,1.6047500000000157,0.0,0.016434373295972627,0.016434373295972627,0.09000321562713536,0.08313749318388902,0.006312890198992973,0.016434373295972627,0.005040308687555014,2.895202050707266e-06,2.895202050707266e-06,0.0,0.9984588934609406,2.892287507037165e-06,-2.9145436701008207e-09,0.9998596397235147,False
5.30525,1,206,207,1.6116500000000158,1.611650000000016,2.220446049250313e-16,0.017296873295972733,0.017296873295972733,0.09003749318388923,0.08248241548489628,0.006495702698992975,0.017296873295972733,0.005040308687555014,3.3573238321339075e-06,3.3573238321339075e-06,0.0,0.9985626302038274,3.404452110602899e-06,4.712827846899137e-08,0.9998690733593157,False
5.3305,1,207,208,1.619225000000016,1.619225000000016,0.0,0.018243748295972816,0.018243748295972816,0.09005741548489626,0.08155546278590332,0.00696914019899296,0.018243748295972816,0.005040308687555014,3.3578382559852973e-06,3.3578382559852973e-06,0.0,0.9986142539501784,3.308996845756266e-06,-4.884141022903129e-08,0.9998736499603209,False
5.35875,1,208,209,1.627700000000016,1.627700000000016,0.0,0.019303123295972915,0.019303123295972915,0.09003046278590335,0.08084882258691042,0.00802851519899293,0.019303123295972915,0.005040308687555014,3.0092131017492437e-06,3.0092131017492437e-06,0.0,0.9987153723178469,3.031612594660239e-06,2.239949291099521e-08,0.9998818712549942,False
5.3895,1,209,210,1.6369250000000157,1.6369250000000157,0.0,0.020456248295973038,0.020456248295973038,0.09007382258691043,0.08490643998741398,0.005167382599496447,0.020456248295973038,0.005040308687555014,3.4920952048612063e-06,3.4920952048612063e-06,0.0,0.998876744204619,3.4922328325238364e-06,1.3762766263008402e-10,0.9998977895767824,False
5.4065,1,210,211,1.6420250000000156,1.6420250000000156,0.0,0.02109374829597308,0.02109374829597308,0.09000643998741378,0.08420155738791736,0.00514628884949643,0.02109374829597308,0.005040308687555014,3.417300597564389e-06,3.417300597564389e-06,0.0,0.9982233805185651,3.4431368905316257e-06,2.5836292967236843e-08,0.9998383825575557,False
5.426,1,211,212,1.6478750000000157,1.6478750000000157,0.0,0.021824998295973178,0.021824998295973178,0.09005155738791754,0.08417401853842109,0.005511913849496435,0.021824998295973178,0.005040308687555014,3.4654486084320538e-06,3.4654486084320538e-06,0.0,0.9982453518290503,3.4285539271893635e-06,-3.6894681242690287e-08,0.9998403716373859,False
5.4455,1,212,213,1.6537250000000157,1.6537250000000157,0.0,0.022556248295973243,0.022556248295973243,0.09002401853842099,0.08341522968892456,0.0056408200994964314,0.022556248295973243,0.005040308687555014,3.3956731631889863e-06,3.3956731631889863e-06,0.0,0.9983480933585911,3.342080313119473e-06,-5.3592850069513354e-08,0.9998496831456883,False
5.4675,1,213,214,1.6603250000000156,1.6603250000000158,2.220446049250313e-16,0.023381248295973333,0.023381248295973333,0.09001522968892459,0.08294706583942818,0.006053320099496426,0.023381248295973333,0.005040308687555014,2.9981239437662077e-06,2.9981239437662077e-06,0.0,0.9984049278179016,3.0288709362085407e-06,3.0746992442333074e-08,0.9998547806502588,False
5.49125,1,214,215,1.6674500000000156,1.6674500000000156,0.0,0.02427187329597341,0.02427187329597341,0.09007206583942803,0.08211327698993166,0.006943945099496394,0.02427187329597341,0.005040308687555014,3.349171355813312e-06,3.349171355813312e-06,0.0,0.9985147768915236,3.408266055939153e-06,5.909470012584097e-08,0.9998646504376142,False
5.51775,1,215,216,1.6754000000000153,1.6754000000000153,0.0,0.025265623295973486,0.025265623295973486,0.09006327698993144,0.08171308189043511,0.007807030823993153,0.025265623295973486,0.005040308687555014,3.6014551977079723e-06,3.6014551977079723e-06,0.0,0.9987007322281256,3.5714530098301792e-06,-3.000218787779308e-08,0.9998812699722784,False
5.5455000000000005,1,216,217,1.6837250000000155,1.6837250000000152,-2.220446049250313e-16,0.026306248295973594,0.013153124147986797,0.09003808189043508,0.08064726179093876,0.008847655823993134,0.013153124147986797,0.005040308687555014,3.314595418552166e-06,3.314595418552166e-06,0.0,0.9988343596408704,3.2727602404416904e-06,-4.1835178110475636e-08,0.9998925775397862,False
5.5767500000000005,1,217,218,1.693100000000015,1.693100000000015,0.0,0.014324999147986768,0.014324999147986768,0.09002226179093853,0.08494716424119036,0.005075097549748152,0.014324999147986768,0.005040308687555014,3.822010937577075e-06,3.822010937577075e-06,0.0,0.9989706106433102,3.8123334867457698e-06,-9.677450831305483e-09,0.9999062699799516,False
5.59375,1,218,219,1.698200000000015,1.698200000000015,0.0,0.014962499147986766,0.014962499147986766,0.09004716424119034,0.0843345666914422,0.005393847549748151,0.014962499147986766,0.005040308687555014,3.4990167776643424e-06,3.4990167776643424e-06,0.0,0.9981945386130656,3.525184108860201e-06,2.6167331195858616e-08,0.9998356359277943,False
5.61275,1,219,220,1.703900000000015,1.703900000000015,0.0,0.01567499914798676,0.01567499914798676,0.09003456669144211,0.08392821914169397,0.005933202911996534,0.01567499914798676,0.005040308687555014,3.6715321333503632e-06,3.6715321333503632e-06,0.0,0.9983109845528836,3.6351237349556463e-06,-3.640839839471688e-08,0.9998462414398852,False
5.633,1,220,221,1.7099750000000151,1.7099750000000151,0.0,0.01643437414798683,0.01643437414798683,0.09000321914169397,0.08313749659194586,0.006312890411996523,0.01643437414798683,0.005040308687555014,3.278267796844221e-06,3.278267796844221e-06,0.0,0.9984589035102086,3.2241503940017447e-06,-5.4117402842476185e-08,0.9998596455466121,False
5.656,1,221,222,1.716875000000015,1.716875000000015,0.0,0.0172968741479869,0.0172968741479869,0.0900374965919458,0.08248241867994932,0.006495702911996517,0.0172968741479869,0.005040308687555014,3.2220235356658113e-06,3.2220235356658113e-06,0.0,0.9985625924136288,3.291504371541053e-06,6.948083587524165e-08,0.9998690364752194,False
5.68125,1,222,223,1.724450000000015,1.724450000000015,0.0,0.018243749147986984,0.018243749147986984,0.0900574186799493,0.08155546576795286,0.0069691404119965016,0.018243749147986984,0.005040308687555014,3.750098732331782e-06,3.750098732331782e-06,0.0,0.9986142592076998,3.7445203493520094e-06,-5.578382979772468e-09,0.9998736592391332,False
5.7095,1,223,224,1.732925000000015,1.732925000000015,0.0,0.019303124147987117,0.019303124147987117,0.09003046576795315,0.0808488253559567,0.008028515411996505,0.019303124147987117,0.005040308687555014,3.240906672839403e-06,3.240906672839403e-06,0.0,0.9987153720051781,3.2129570073930326e-06,-2.794966544637052e-08,0.9998818657458548,False
5.7402500000000005,1,224,225,1.7421500000000147,1.7421500000000147,0.0,0.020456249147987205,0.020456249147987205,0.09007382535595643,0.08490644264995821,0.005167382705998206,0.020456249147987205,0.005040308687555014,3.595683102995998e-06,3.595683102995998e-06,0.0,0.9988767293202514,3.6231661889242375e-06,2.748308592823937e-08,0.9998977770367767,False
5.75725,1,225,226,1.7472500000000148,1.7472500000000148,0.0,0.02109374914798728,0.02109374914798728,0.09000644264995826,0.08420155994396006,0.005146288955998218,0.02109374914798728,0.005040308687555014,3.490875168389888e-06,3.490875168389888e-06,0.0,0.9982233644155271,3.523392432823447e-06,3.251726443355895e-08,0.9998383666695039,False
5.77675,1,226,227,1.7531000000000148,1.7531000000000148,0.0,0.021824999147987346,0.021824999147987346,0.09005155994395997,0.08417402098796177,0.005511913955998206,0.021824999147987346,0.005040308687555014,3.8311241027255845e-06,3.8311241027255845e-06,0.0,0.9982453642388229,3.808472288735357e-06,-2.2651813990227487e-08,0.9998403862283428,False
5.79625,1,227,228,1.7589500000000147,1.7589500000000147,0.0,0.02255624914798741,0.02255624914798741,0.09002402098796167,0.0834152320319635,0.005640820205998202,0.02255624914798741,0.005040308687555014,3.7944166774928003e-06,3.7944166774928003e-06,0.0,0.9983481124697186,3.7452187544973034e-06,-4.919792299549683e-08,0.9998497026545006,False
5.81825,1,228,229,1.7655500000000148,1.7655500000000146,-2.220446049250313e-16,0.0233812491479875,0.0233812491479875,0.09001523203196352,0.08294706807596534,0.006053320205998197,0.0233812491479875,0.005040308687555014,3.1737646692171924e-06,3.1737646692171924e-06,0.0,0.9984049238488351,3.1631077176814374e-06,-1.0656951535755084e-08,0.9998547728833976,False
5.8420000000000005,1,229,230,1.7726750000000147,1.7726750000000147,0.0,0.024271874147987576,0.024271874147987576,0.0900720680759652,0.08211327911996705,0.006943945205998165,0.024271874147987576,0.005040308687555014,3.190350238626541e-06,3.190350238626541e-06,0.0,0.9985147402071776,3.251289677088157e-06,6.093943846161584e-08,0.9998646116746286,False
5.8685,1,230,231,1.7806250000000148,1.7806250000000148,0.0,0.02526562414798769,0.02526562414798769,0.0900632791199671,0.08171308391396895,0.007807031036996703,0.02526562414798769,0.005040308687555014,3.87833707547351e-06,3.87833707547351e-06,0.0,0.9987007337691328,3.892974783026022e-06,1.463770755251231e-08,0.9998812769826979,False
5.89625,1,231,232,1.7889500000000147,1.7889500000000145,-2.220446049250313e-16,0.026306249147987796,0.013153124573993898,0.09003808391396892,0.08064726370797079,0.008847656036996684,0.013153124573993898,0.005040308687555014,3.8070069455164676e-06,3.8070069455164676e-06,0.0,0.9988343877310151,3.768422483215535e-06,-3.8584462300932706e-08,0.999892605390439,False
5.9275,1,232,233,1.7983250000000146,1.7983250000000144,-2.220446049250313e-16,0.01432499957399387,0.01432499957399387,0.09002226370797056,0.08494716610497152,0.005075097602999054,0.01432499957399387,0.005040308687555014,4.056973433575991e-06,4.056973433575991e-06,0.0,0.9989706190087084,4.0537764948803405e-06,-3.1969386956503046e-09,0.9999062790914414,False
5.944500000000001,1,233,234,1.803425000000014,1.803425000000014,0.0,0.014962499573993834,0.014962499573993834,0.09004716610497124,0.08433456850197221,0.005393847602999036,0.014962499573993834,0.005040308687555014,3.620222098463016e-06,3.620222098463016e-06,0.0,0.9981945263069901,3.646363738692268e-06,2.6141640229251917e-08,0.9998356232608852,False
5.9635,1,234,235,1.809125000000014,1.809125000000014,0.0,0.015674999573993827,0.015674999573993827,0.09003456850197213,0.0839282208989731,0.005933203018498302,0.015674999573993827,0.005040308687555014,3.976351370536281e-06,3.976351370536281e-06,0.0,0.9983109806640508,3.973651974928253e-06,-2.699395608028645e-09,0.9998462413395811,False
5.983750000000001,1,235,236,1.815200000000014,1.815200000000014,0.0,0.016434374573993896,0.016434374573993896,0.0900032208989731,0.0831374982959741,0.00631289051849829,0.016434374573993896,0.005040308687555014,3.7581928554319553e-06,3.7581928554319553e-06,0.0,0.9984589210137866,3.6839320538639784e-06,-7.426080156797696e-08,0.999859661814355,False
6.00675,1,236,237,1.822100000000014,1.822100000000014,0.0,0.017296874573994002,0.017296874573994002,0.09003749829597431,0.08248242027747603,0.0064957030184982925,0.017296874573994002,0.005040308687555014,3.1844585128194434e-06,3.1844585128194434e-06,0.0,0.9985625686939222,3.2274063836843143e-06,4.294787086487088e-08,0.9998690100618173,False
6.032,1,237,238,1.8296750000000142,1.8296750000000142,0.0,0.018243749573994085,0.018243749573994085,0.09005742027747601,0.08155546725897778,0.006969140518498277,0.018243749573994085,0.005040308687555014,3.877780912540582e-06,3.877780912540582e-06,0.0,0.9986142387050453,3.923080432766536e-06,4.529952022595384e-08,0.9998736430321985,False
6.06025,1,238,239,1.8381500000000144,1.8381500000000142,-2.220446049250313e-16,0.019303124573994183,0.019303124573994183,0.09003046725897779,0.08084882674047955,0.008028515518498248,0.019303124573994183,0.005040308687555014,3.7887102853047597e-06,3.7887102853047597e-06,0.0,0.9987153982935725,3.7309989102922306e-06,-5.7711375012529063e-08,0.9998818885438178,False
6.091,1,239,240,1.8473750000000142,1.8473750000000142,0.0,0.020456249573994306,0.020456249573994306,0.09007382674047956,0.08490644398123046,0.005167382759249106,0.020456249573994306,0.005040308687555014,3.62346568566008e-06,3.62346568566008e-06,0.0,0.9988767108428425,3.6511073589127986e-06,2.7641673252718456e-08,0.9998977578123989,False
6.1080000000000005,1,240,241,1.852475000000014,1.8524750000000139,-2.220446049250313e-16,0.021093749573994347,0.021093749573994347,0.09000644398123023,0.08420156122198116,0.005146289009249089,0.021093749573994347,0.005040308687555014,3.5871072575293468e-06,3.5871072575293468e-06,0.0,0.998223352642913,3.60338118252047e-06,1.6273924991123435e-08,0.999838352806853,False
6.1275,1,241,242,1.858325000000014,1.858325000000014,0.0,0.021824999573994412,0.021824999573994412,0.09005156122198107,0.084174022212732,0.005511914009249078,0.021824999573994412,0.005040308687555014,4.062574287124463e-06,4.062574287124463e-06,0.0,0.9982453611579657,4.07196511648751e-06,9.390829363046735e-09,0.9998403866805918,False
6.147,1,242,243,1.8641750000000141,1.8641750000000141,0.0,0.022556249573994512,0.022556249573994512,0.09002402221273217,0.0834152332034831,0.0056408202592490905,0.022556249573994512,0.005040308687555014,4.1467837443272064e-06,4.1467837443272064e-06,0.0,0.9983481252756303,4.120471386425209e-06,-2.631235790199766e-08,0.9998497189072062,False
6.1690000000000005,1,243,244,1.8707750000000138,1.8707750000000138,0.0,0.023381249573994567,0.023381249573994567,0.09001523320348284,0.0829470691942338,0.0060533202592490684,0.023381249573994567,0.005040308687555014,3.5450529501924967e-06,3.5450529501924967e-06,0.0,0.9984049387810424,3.490059983350083e-06,-5.499296684241366e-08,0.9998547836905213,False
6.19275,1,244,245,1.8779000000000141,1.8779000000000141,0.0,0.024271874573994677,0.024271874573994677,0.09007206919423393,0.08211328018498487,0.006943945259249069,0.024271874573994677,0.005040308687555014,3.252134229305055e-06,3.252134229305055e-06,0.0,0.9985147278542937,3.269409474670451e-06,1.727524536539616e-08,0.9998645955150404,False
6.21925,1,245,246,1.8858500000000136,1.8858500000000136,0.0,0.025265624573994755,0.025265624573994755,0.09006328018498466,0.08171308492573565,0.00780703114349847,0.025265624573994755,0.005040308687555014,3.837401258875381e-06,3.837401258875381e-06,0.0,0.9987006988632717,3.896839232153584e-06,5.9437973278203115e-08,0.9998812468687328,False
6.247,1,246,247,1.8941750000000137,1.894175000000014,2.220446049250313e-16,0.026306249573994862,0.013153124786997431,0.09003808492573563,0.08064726466648664,0.008847656143498452,0.013153124786997431,0.005040308687555014,4.1177505617693536e-06,4.1177505617693536e-06,0.0,0.9988343933866765,4.1237278078058584e-06,5.977246036504864e-09,0.999892615679824,False
6.27825,1,247,248,1.9035500000000134,1.9035500000000134,0.0,0.014324999786997403,0.014324999786997403,0.09002226466648641,0.08494716703686192,0.00507509762962449,0.014324999786997403,0.005040308687555014,4.2680822629109815e-06,4.2680822629109815e-06,0.0,0.9989706245452663,4.267261197482336e-06,-8.210654286458161e-10,0.9999062848924579,False
6.29525,1,248,249,1.9086500000000135,1.9086500000000135,0.0,0.0149624997869974,0.0149624997869974,0.09004716703686191,0.08433456940723741,0.005393847629624489,0.0149624997869974,0.005040308687555014,3.756845103412539e-06,3.756845103412539e-06,0.0,0.9981945201670863,3.7749606588104298e-06,1.8115555397890844e-08,0.9998356153486346,False
6.31425,1,249,250,1.914350000000013,1.914350000000013,0.0,0.01567499978699736,0.01567499978699736,0.09003456940723706,0.08392822177761262,0.005933203071749177,0.01567499978699736,0.005040308687555014,4.087287151526844e-06,4.087287151526844e-06,0.0,0.9983109602045888,4.125774564659812e-06,3.848741313296862e-08,0.9998462241797742,False
6.3345,1,250,251,1.9204250000000131,1.9204250000000131,0.0,0.016434374786997465,0.016434374786997465,0.09000322177761289,0.08313749914798843,0.006312890571749182,0.016434374786997465,0.005040308687555014,4.240052067771725e-06,4.240052067771725e-06,0.0,0.9984589376087784,4.188860890088405e-06,-5.1191177683320224e-08,0.999859681416734,False
6.3575,1,251,252,1.9273250000000135,1.9273250000000133,-2.220446049250313e-16,0.017296874786997537,0.017296874786997537,0.09003749914798839,0.08248242107623924,0.006495703071749176,0.017296874786997537,0.005040308687555014,3.3482738453809646e-06,3.3482738453809646e-06,0.0,0.9985625609779972,3.3285378221036715e-06,-1.9736023277293086e-08,0.999868998244971,False
6.38275,1,252,253,1.9349000000000132,1.9349000000000132,0.0,0.01824374978699762,0.01824374978699762,0.09005742107623921,0.08155546800449008,0.006969140571749161,0.01824374978699762,0.005040308687555014,3.6857674484055687e-06,3.6857674484055687e-06,0.0,0.9986141960198072,3.7693030499759937e-06,8.353560157042502e-08,0.9998736014176736,False
6.4110000000000005,1,253,254,1.9433750000000132,1.9433750000000132,0.0,0.01930312478699772,0.01930312478699772,0.0900304680044901,0.08084882743274102,0.00802851557174913,0.01930312478699772,0.005040308687555014,4.241883935940491e-06,4.241883935940491e-06,0.0,0.9987154153617296,4.204328007167816e-06,-3.755592877267497e-08,0.9998819061785511,False
6.44175,1,254,255,1.9526000000000132,1.9526000000000132,0.0,0.02045624978699784,0.02045624978699784,0.090073827432741,0.08490644464686647,0.005167382785874535,0.02045624978699784,0.005040308687555014,3.7588956095663544e-06,3.7588956095663544e-06,0.0,0.9988767052090669,3.7539219503768847e-06,-4.973659189469633e-09,0.9998977492991811,False
6.45875,1,255,256,1.9577000000000133,1.9577000000000133,0.0,0.021093749786997917,0.021093749786997917,0.09000644464686654,0.08420156186099201,0.005146289035874547,0.021093749786997917,0.005040308687555014,3.816769400503885e-06,3.816769400503885e-06,0.0,0.9982233557420441,3.8118847507883063e-06,-4.884649715578785e-09,0.9998383531842777,False
6.47825,1,256,257,1.9635500000000135,1.9635500000000132,-2.220446049250313e-16,0.021824999786997982,0.021824999786997982,0.0900515618609919,0.08417402282511738,0.005511914035874536,0.021824999786997982,0.005040308687555014,4.152566487929425e-06,4.152566487929425e-06,0.0,0.9982453447152684,4.19082595401563e-06,3.8259466086205344e-08,0.9998403723697262,False
6.49775,1,257,258,1.9694000000000131,1.9694000000000131,0.0,0.022556249786998047,0.022556249786998047,0.09002402282511728,0.08341523378924279,0.005640820285874532,0.022556249786998047,0.005040308687555014,4.405381151551533e-06,4.405381151551533e-06,0.0,0.9983481256640065,4.403099886954548e-06,-2.281264596985192e-09,0.9998497228127007,False
6.51975,1,258,259,1.976000000000013,1.976000000000013,0.0,0.023381249786998137,0.023381249786998137,0.0900152337892428,0.0829470697533683,0.006053320285874526,0.023381249786998137,0.005040308687555014,4.00407710168338e-06,4.00407710168338e-06,0.0,0.9984049632273096,3.935811446240274e-06,-6.826565544310525e-08,0.9998548058073409,False
6.5435,1,259,260,1.9831250000000131,1.9831250000000131,0.0,0.024271874786998212,0.024271874786998212,0.09007206975336815,0.08211328071749367,0.006943945285874494,0.024271874786998212,0.005040308687555014,3.50212307392904e-06,3.50212307392904e-06,0.0,0.9985147310840592,3.466446806517278e-06,-3.5676267411762115e-08,0.9998645946588993,False
6.57,1,260,261,1.9910750000000128,1.9910750000000128,0.0,0.02526562478699829,0.02526562478699829,0.09006328071749345,0.08171308543161901,0.007807031196749354,0.02526562478699829,0.005040308687555014,3.7619578845762575e-06,3.7619578845762575e-06,0.0,0.9987006656268588,3.839395507757026e-06,7.743762318076879e-08,0.999881213569102,False
6.5977500000000004,1,261,262,1.9994000000000127,1.9994000000000127,0.0,0.026306249786998397,0.013153124893499199,0.090038085431619,0.08064726514574456,0.008847656196749334,0.013153124893499199,0.005040308687555014,4.093195288632694e-06,4.093195288632694e-06,0.0,0.9988343612411541,4.143868712388229e-06,5.0673423755535647e-08,0.9998925880627058,False
6.6290000000000004,1,262,263,2.0087750000000124,2.0087750000000124,0.0,0.01432499989349917,0.01432499989349917,0.09002226514574434,0.08494716750280713,0.005075097642937202,0.01432499989349917,0.005040308687555014,4.458379547700334e-06,4.458379547700334e-06,0.0,0.998970631454954,4.462417531997907e-06,4.037984297573707e-09,0.9999062910734148,False
6.646,1,263,264,2.0138750000000125,2.0138750000000125,0.0,0.014962499893499168,0.014962499893499168,0.09004716750280711,0.0843345698598699,0.005393847642937201,0.014962499893499168,0.005040308687555014,3.955302550799882e-06,3.955302550799882e-06,0.0,0.9981945235442168,3.9564587939410986e-06,1.1562431412163489e-09,0.9998356166664063,False
6.665,1,264,265,2.019575000000012,2.019575000000012,0.0,0.015674999893499162,0.015674999893499162,0.09003456985986982,0.08392822221693264,0.005933203098374635,0.015674999893499162,0.005040308687555014,4.065945600494698e-06,4.065945600494698e-06,0.0,0.9983109335660755,4.130501510847962e-06,6.455591035326412e-08,0.9998461985016581,False
6.68525,1,265,266,2.025650000000012,2.025650000000012,0.0,0.01643437489349923,0.01643437489349923,0.09000322221693263,0.08313749957399547,0.006312890598374623,0.01643437489349923,0.005040308687555014,4.569427819224061e-06,4.569427819224061e-06,0.0,0.9984589372247749,4.549332305275433e-06,-2.0095513948627935e-08,0.9998596859923786,False
6.7082500000000005,1,266,267,2.0325500000000125,2.032550000000012,-4.440892098500626e-16,0.017296874893499303,0.017296874893499303,0.09003749957399541,0.08248242147562083,0.006495703098374618,0.017296874893499303,0.005040308687555014,3.814579521670277e-06,3.814579521670277e-06,0.0,0.998562575956885,3.7440100832628075e-06,-7.056943840746954e-08,0.9998690086273475,False
6.7335,1,267,268,2.0401250000000126,2.0401250000000126,0.0,0.01824374989349942,0.01824374989349942,0.0900574214756211,0.0815554683772465,0.0069691405983746185,0.01824374989349942,0.005040308687555014,3.5313918806370755e-06,3.5313918806370755e-06,0.0,0.9986141677667568,3.6028143261906368e-06,7.14224455535613e-08,0.9998735707999941,False
6.76175,1,268,269,2.048600000000013,2.048600000000013,0.0,0.01930312489349952,0.01930312489349952,0.09003046837724651,0.08084882777887197,0.00802851559837459,0.01930312489349952,0.005040308687555014,4.494358130746373e-06,4.494358130746373e-06,0.0,0.9987154054229941,4.506518331021646e-06,1.216020027527227e-08,0.99988190115314,False
6.7925,1,269,270,2.0578250000000122,2.0578250000000122,0.0,0.020456249893499607,0.020456249893499607,0.0900738277788717,0.08490644497968444,0.005167382799187256,0.020456249893499607,0.005040308687555014,4.107361317448176e-06,4.107361317448176e-06,0.0,0.9988767163080513,4.068902634495823e-06,-3.845868295235342e-08,0.9998977577770569,False
6.8095,1,270,271,2.0629250000000123,2.0629250000000123,0.0,0.021093749893499682,0.021093749893499682,0.09000644497968449,0.08420156218049724,0.005146289049187268,0.021093749893499682,0.005040308687555014,4.091108421810008e-06,4.091108421810008e-06,0.0,0.9982233641880108,4.0742038406171984e-06,-1.6904581192809468e-08,0.9998383609213352,False
6.829,1,271,272,2.068775000000012,2.068775000000012,0.0,0.021824999893499748,0.021824999893499748,0.09005156218049715,0.0841740231313099,0.005511914049187256,0.021824999893499748,0.005040308687555014,4.184999351251667e-06,4.184999351251667e-06,0.0,0.9982453259545742,4.2416668314531085e-06,5.666748020144181e-08,0.9998403541005755,False
6.8485000000000005,1,272,273,2.074625000000012,2.074625000000012,0.0,0.022556249893499813,0.022556249893499813,0.0900240231313098,0.08341523408212258,0.005640820299187245,0.022556249893499813,0.005040308687555014,4.524364919354824e-06,4.524364919354824e-06,0.0,0.9983481074867182,4.553712539474711e-06,2.9347620119886744e-08,0.9998497088955685,False
6.8705,1,273,274,2.0812250000000123,2.0812250000000123,0.0,0.023381249893499902,0.023381249893499902,0.09001523408212259,0.08294707003293536,0.006053320299187239,0.023381249893499902,0.005040308687555014,4.4112155619825525e-06,4.4112155619825525e-06,0.0,0.9984049880483555,4.3470572164925345e-06,-6.415834549001803e-08,0.9998548299266157,False
6.89425,1,274,275,2.0883500000000117,2.088350000000012,4.440892098500626e-16,0.024271874893499978,0.024271874893499978,0.09007207003293521,0.08211328098374802,0.006943945299187207,0.024271874893499978,0.005040308687555014,3.978826659589219e-06,3.978826659589219e-06,0.0,0.9985147515515657,3.893343286648387e-06,-8.548337294083221e-08,0.9998646114579852,False
6.92075,1,275,276,2.096300000000012,2.096300000000012,0.0,0.02526562489350009,0.02526562489350009,0.09006328098374808,0.08171308568456088,0.007807031223374804,0.02526562489350009,0.005040308687555014,3.6150629444411616e-06,3.6150629444411616e-06,0.0,0.9987006418237349,3.671350357947311e-06,5.628741350614938e-08,0.9998811860714515,False
6.9485,1,276,277,2.104625000000012,2.104625000000012,0.0,0.026306249893500198,0.013153124946750099,0.09003808568456087,0.08064726538537369,0.008847656223374785,0.013153124946750099,0.005040308687555014,3.979551275921434e-06,3.979551275921434e-06,0.0,0.9988343257353397,4.045685490395776e-06,6.613421447434174e-08,0.9998925530027124,False
6.97975,1,277,278,2.1140000000000114,2.1140000000000114,0.0,0.01432499994675007,0.01432499994675007,0.09002226538537346,0.08494716773577989,0.005075097649593576,0.01432499994675007,0.005040308687555014,4.627115500374938e-06,4.627115500374938e-06,0.0,0.9989706426451688,4.633646686858449e-06,6.531186483511083e-09,0.9999063011431623,False
6.9967500000000005,1,278,279,2.119100000000011,2.119100000000011,0.0,0.014962499946750035,0.014962499946750035,0.0900471677357796,0.08433457008618606,0.005393847649593558,0.014962499946750035,0.005040308687555014,4.2218621122566365e-06,4.2218621122566365e-06,0.0,0.9981945336514841,4.203670152455542e-06,-1.8191959801094372e-08,0.9998356255537674,False
7.01575,1,279,280,2.124800000000011,2.124800000000011,0.0,0.015674999946750028,0.015674999946750028,0.09003457008618597,0.08392822243659243,0.005933203111687352,0.015674999946750028,0.005040308687555014,4.0269296816257015e-06,4.0269296816257015e-06,0.0,0.9983109127242382,4.093916094474303e-06,6.698641284860144e-08,0.9998461765357326,False
7.0360000000000005,1,280,281,2.130875000000011,2.130875000000011,0.0,0.016434374946750097,0.016434374946750097,0.09000322243659242,0.0831374997869989,0.00631289061168734,0.016434374946750097,0.005040308687555014,4.736713795573623e-06,4.736713795573623e-06,0.0,0.9984589100736807,4.75918216014294e-06,2.2468364569317324e-08,0.999859664282595,False
7.059,1,281,282,2.1377750000000115,2.1377750000000115,0.0,0.017296874946750203,0.017296874946750203,0.09003749978699911,0.08248242167531178,0.006495703111687343,0.017296874946750203,0.005040308687555014,4.2649840025232606e-06,4.2649840025232606e-06,0.0,0.9985625935474755,4.1838988383304226e-06,-8.108516419283798e-08,0.9998690236158055,False
7.08425,1,282,283,2.145350000000011,2.145350000000011,0.0,0.018243749946750286,0.018243749946750286,0.09005742167531176,0.08155546856362447,0.006969140611687327,0.018243749946750286,0.005040308687555014,3.562902915058724e-06,3.562902915058724e-06,0.0,0.9986141541330978,3.5727228038178013e-06,9.819888759077505e-09,0.9998735531820262,False
7.1125,1,283,284,2.1538250000000114,2.1538250000000114,0.0,0.019303124946750384,0.019303124946750384,0.09003046856362448,0.08084882795193721,0.008028515611687298,0.019303124946750384,0.005040308687555014,4.550783924680353e-06,4.550783924680353e-06,0.0,0.9987153727935048,4.607510305303932e-06,5.6726380623579094e-08,0.9998818712206846,False
7.14325,1,284,285,2.1630500000000117,2.1630500000000117,0.0,0.020456249946750507,0.020456249946750507,0.0900738279519372,0.08490644514609358,0.00516738280584363,0.020456249946750507,0.005040308687555014,4.527451540904974e-06,4.527451540904974e-06,0.0,0.9988767374649369,4.492336059989065e-06,-3.511548091590872e-08,0.9998977781944619,False
7.1602500000000004,1,285,286,2.1681500000000113,2.1681500000000113,0.0,0.021093749946750548,0.021093749946750548,0.09000644514609336,0.08420156234024977,0.0051462890558436145,0.021093749946750548,0.005040308687555014,4.302014528436045e-06,4.302014528436045e-06,0.0,0.9982233635287818,4.282332716181846e-06,-1.968181225419849e-08,0.9998383606305563,False
7.17975,1,286,287,2.174000000000011,2.174000000000011,0.0,0.021824999946750613,0.021824999946750613,0.09005156234024968,0.08417402328440608,0.005511914055843603,0.021824999946750613,0.005040308687555014,4.2138005377133575e-06,4.2138005377133575e-06,0.0,0.9982453091609467,4.268745214537791e-06,5.494467682443322e-08,0.9998403366602332,False
7.19925,1,287,288,2.1798500000000116,2.1798500000000116,0.0,0.022556249946750713,0.022556249946750713,0.09002402328440624,0.08341523422856265,0.005640820305843616,0.022556249946750713,0.005040308687555014,4.627133828439319e-06,4.627133828439319e-06,0.0,0.9983480835564496,4.662072947086038e-06,3.4939118646719076e-08,0.9998496860866747,False
7.22125,1,288,289,2.1864500000000113,2.1864500000000113,0.0,0.023381249946750768,0.023381249946750768,0.09001523422856239,0.08294707017271882,0.0060533203058435936,0.023381249946750768,0.005040308687555014,4.811669158174799e-06,4.811669158174799e-06,0.0,0.9984050128196157,4.768109377288631e-06,-4.3559780886167666e-08,0.9998548571287806,False
7.245,1,289,290,2.1935750000000116,2.1935750000000116,0.0,0.024271874946750878,0.024271874946750878,0.09007207017271894,0.08211328111687538,0.006943945305843594,0.024271874946750878,0.005040308687555014,4.429543683984682e-06,4.429543683984682e-06,0.0,0.9985147790990413,4.391944106516129e-06,-3.759957746855228e-08,0.9998646370893204,False
7.2715000000000005,1,290,291,2.2015250000000113,2.2015250000000113,0.0,0.025265624946750956,0.025265624946750956,0.09006328111687516,0.08171308581103162,0.00780703123668752,0.025265624946750956,0.005040308687555014,3.684090862294631e-06,3.684090862294631e-06,0.0,0.998700637283209,3.671503650018676e-06,-1.2587212275955162e-08,0.9998811788340791,False
7.29925,1,291,292,2.209850000000011,2.209850000000011,0.0,0.026306249946751063,0.013153124973375532,0.09003808581103162,0.0806472655051881,0.008847656236687502,0.013153124973375532,0.005040308687555014,3.9162486725878055e-06,3.9162486725878055e-06,0.0,0.9988343059125541,3.945199051491155e-06,2.8950378903349044e-08,0.9998925297336058,False
7.3305,1,292,293,2.2192250000000113,2.2192250000000113,0.0,0.014324999973375503,0.014324999973375503,0.09002226550518787,0.08494716785226611,0.005075097652921753,0.014324999973375503,0.005040308687555014,4.823836907526832e-06,4.823836907526832e-06,0.0,0.998970657516194,4.815527329372579e-06,-8.309578154253386e-09,0.9999063152052581,False
7.3475,1,293,294,2.224325000000011,2.224325000000011,0.0,0.0149624999733755,0.0149624999733755,0.0900471678522661,0.08433457019934434,0.005393847652921752,0.0149624999733755,0.005040308687555014,4.530496909337773e-06,4.530496909337773e-06,0.0,0.9981945451067136,4.497020397190184e-06,-3.3476512147588827e-08,0.9998356368913367,False
7.3665,1,294,295,2.230025000000011,2.230025000000011,0.0,0.015674999973375493,0.015674999973375493,0.09003457019934424,0.08392822254642252,0.005933203118343718,0.015674999973375493,0.005040308687555014,4.060576870229765e-06,4.060576870229765e-06,0.0,0.9983109000489849,4.109924175752498e-06,4.934730552273248e-08,0.9998461617328307,False
7.38675,1,295,296,2.2361000000000106,2.2361000000000106,0.0,0.016434374973375562,0.016434374973375562,0.09000322254642251,0.0831374998935008,0.006312890618343707,0.016434374973375562,0.005040308687555014,4.739072653918929e-06,4.739072653918929e-06,0.0,0.998458872240321,4.805032136655186e-06,6.59594827362572e-08,0.9998596279227597,False
7.40975,1,296,297,2.243000000000011,2.243000000000011,0.0,0.017296874973375634,0.017296874973375634,0.09003749989350074,0.08248242177515708,0.006495703118343701,0.017296874973375634,0.005040308687555014,4.721852064814658e-06,4.721852064814658e-06,0.0,0.998562619767972,4.651955991030743e-06,-6.989607378391502e-08,0.9998690488557839,False
7.4350000000000005,1,297,298,2.2505750000000107,2.2505750000000107,0.0,0.018243749973375717,0.018243749973375717,0.09005742177515708,0.08155546865681343,0.006969140618343686,0.018243749973375717,0.005040308687555014,3.884824665675163e-06,3.884824665675163e-06,0.0,0.99861415676617,3.83255427231072e-06,-5.2270393364442676e-08,0.9998735515403657,False
7.46325,1,298,299,2.259050000000011,2.259050000000011,0.0,0.019303124973375815,0.019303124973375815,0.09003046865681344,0.08084882803846984,0.008028515618343656,0.019303124973375815,0.005040308687555014,4.286796504447785e-06,4.286796504447785e-06,0.0,0.9987153316089854,4.392700086086306e-06,1.0590358163852084e-07,0.999881828551484,False
7.494,1,299,300,2.2682750000000107,2.2682750000000107,0.0,0.020456249973375938,0.020456249973375938,0.09007382803846983,0.08490644522929805,0.005167382809171798,0.020456249973375938,0.005040308687555014,4.883137898558146e-06,4.883137898558146e-06,0.0,0.998876750516873,4.8675286619613e-06,-1.5609236596846043e-08,0.9998977945909859,False
7.511,1,300,301,2.273375000000011,2.273375000000011,0.0,0.021093749973376014,0.021093749973376014,0.0900064452292981,0.0842015624201263,0.00514628905917181,0.021093749973376014,0.005040308687555014,4.500309379122853e-06,4.500309379122853e-06,0.0,0.9982233613104041,4.4704945946260136e-06,-2.981478449683942e-08,0.9998383576486256,False
7.5305,1,301,302,2.279225000000011,2.279225000000011,0.0,0.02182499997337608,0.02182499997337608,0.09005156242012621,0.08417402336095442,0.005511914059171798,0.02182499997337608,0.005040308687555014,4.244826750906649e-06,4.244826750906649e-06,0.0,0.9982452955569948,4.285796260715435e-06,4.096950980878554e-08,0.9998403214323817,False
7.55,1,302,303,2.2850750000000106,2.2850750000000106,0.0,0.022556249973376144,0.022556249973376144,0.09002402336095432,0.08341523430178255,0.0056408203091717945,0.022556249973376144,0.005040308687555014,4.67404565149184e-06,4.67404565149184e-06,0.0,0.9983480579113745,4.73124325819647e-06,5.719760670462983e-08,0.9998496594264671,False
7.572,1,303,304,2.2916750000000103,2.2916750000000103,0.0,0.023381249973376234,0.023381249973376234,0.09001523430178257,0.0829470702426108,0.006053320309171789,0.023381249973376234,0.005040308687555014,5.169480721209114e-06,5.169480721209114e-06,0.0,0.9984050265744769,5.165807579147715e-06,-3.6731420613987133e-09,0.999854875961917,False
7.59575,1,304,305,2.2988000000000106,2.2988000000000106,0.0,0.02427187497337631,0.02427187497337631,0.09007207024261066,0.08211328118343891,0.006943945309171757,0.02427187497337631,0.005040308687555014,4.674046904619162e-06,4.674046904619162e-06,0.0,0.998514805051636,4.662519460040145e-06,-1.1527444579017155e-08,0.9998646610310356,False
7.62225,1,305,306,2.3067500000000107,2.3067500000000107,0.0,0.02526562497337642,0.02526562497337642,0.09006328118343897,0.08171308587426723,0.007807031243343894,0.02526562497337642,0.005040308687555014,4.068652997165809e-06,4.068652997165809e-06,0.0,0.9987006412168267,3.961544031312971e-06,-1.071089658528381e-07,0.9998811800872409,False
7.65,1,306,307,2.3150750000000104,2.3150750000000104,0.0,0.026306249973376494,0.013153124986688247,0.09003808587426693,0.08064726556509524,0.008847656243343842,0.013153124986688247,0.005040308687555014,4.053078591805329e-06,4.053078591805329e-06,0.0,0.9988343036440451,4.0381861342593094e-06,-1.4892457546019158e-08,0.9998925248935617,False
7.68125,1,307,308,2.3244500000000103,2.3244500000000103,0.0,0.014324999986688219,0.014324999986688219,0.09002226556509502,0.08494716791050919,0.005075097654585834,0.014324999986688219,0.005040308687555014,5.090171228370696e-06,5.090171228370696e-06,0.0,0.9989706740612163,5.060668806597434e-06,-2.9502421773261976e-08,0.999906331375136,False
7.69825,1,308,309,2.32955000000001,2.32955000000001,0.0,0.014962499986688216,0.014962499986688216,0.09004716791050917,0.08433457025592334,0.005393847654585833,0.014962499986688216,0.005040308687555014,4.8479121031774265e-06,4.8479121031774265e-06,0.0,0.9981945542964621,4.80665405693274e-06,-4.125804624468621e-08,0.9998356465841246,False
7.71725,1,309,310,2.33525000000001,2.33525000000001,0.0,0.01567499998668821,0.01567499998668821,0.09003457025592324,0.08392822260133742,0.005933203121671897,0.01567499998668821,0.005040308687555014,4.192459665139207e-06,4.192459665139207e-06,0.0,0.9983108952585709,4.206805473585217e-06,1.4345808446009599e-08,0.9998461549753743,False
7.7375,1,310,311,2.34132500000001,2.34132500000001,0.0,0.016434374986688278,0.016434374986688278,0.09000322260133742,0.08313749994675163,0.006312890621671886,0.016434374986688278,0.005040308687555014,4.511016891348141e-06,4.511016891348141e-06,0.0,0.9984588407914429,4.63580125616462e-06,1.247843648164793e-07,0.9998595946175222,False
7.7605,1,311,312,2.34822500000001,2.34822500000001,0.0,0.01729687498668835,0.01729687498668835,0.09003749994675157,0.08248242182507973,0.006495703121671872,0.01729687498668835,0.005040308687555014,5.146563139766624e-06,5.146563139766624e-06,0.0,0.9985626419193264,5.098392642978228e-06,-4.81704967883966e-08,0.9998690745500345,False
7.78575,1,312,313,2.35580000000001,2.35580000000001,0.0,0.018243749986688467,0.018243749986688467,0.09005742182507998,0.08155546870340813,0.006969140621671872,0.018243749986688467,0.005040308687555014,4.352878245685488e-06,4.352878245685488e-06,0.0,0.9986141707871645,4.25095366362086e-06,-1.0192458206462803e-07,0.999873562135683,False
7.814,1,313,314,2.36427500000001,2.36427500000001,0.0,0.019303124986688566,0.019303124986688566,0.09003046870340815,0.08084882808173632,0.008028515621671842,0.019303124986688566,0.005040308687555014,4.003319964173736e-06,4.003319964173736e-06,0.0,0.9987153110914746,4.138689172573766e-06,1.3536920840002964e-07,0.9998818054801387,False
7.84475,1,314,315,2.3735000000000097,2.3735000000000097,0.0,0.020456249986688654,0.020456249986688654,0.09007382808173606,0.08490644527090016,0.005167382810835887,0.020456249986688654,0.005040308687555014,5.0374530225834216e-06,5.0374530225834216e-06,0.0,0.9988767333509521,5.057100305093918e-06,1.9647282510496574e-08,0.999897781277017,False
7.86175,1,315,316,2.3786000000000103,2.3786000000000103,0.0,0.02109374998668873,0.02109374998668873,0.09000644527090024,0.08420156246006436,0.005146289060835895,0.02109374998668873,0.005040308687555014,4.81785455136571e-06,4.81785455136571e-06,0.0,0.9982233689867273,4.777807022267452e-06,-4.0047529098257914e-08,0.9998383642755344,False
7.8812500000000005,1,316,317,2.38445000000001,2.38445000000001,0.0,0.021824999986688794,0.021824999986688794,0.09005156246006424,0.08417402339922837,0.005511914060835884,0.021824999986688794,0.005040308687555014,4.380038278800494e-06,4.380038278800494e-06,0.0,0.9982452896481965,4.392214982144914e-06,1.2176703344420059e-08,0.9998403136378351,False
7.90075,1,317,318,2.3903000000000096,2.3903000000000096,0.0,0.02255624998668886,0.02255624998668886,0.09002402339922828,0.08341523433839243,0.005640820310835871,0.02255624998668886,0.005040308687555014,4.4498915526414574e-06,4.4498915526414574e-06,0.0,0.9983480377165338,4.595525326714345e-06,1.4563377407288787e-07,0.9998496376119871,False
7.92275,1,318,319,2.39690000000001,2.3969000000000094,-4.440892098500626e-16,0.02338124998668895,0.02338124998668895,0.09001523433839245,0.08294707027755659,0.006053320310835866,0.02338124998668895,0.005040308687555014,1.3957539558439196e-05,1.3957539558439196e-05,0.0,0.9984050096413293,1.2760359728197567e-05,-1.197179830241629e-06,0.9998548642493141,False
7.9465,1,319,320,2.4040250000000096,2.4040250000000096,0.0,0.024271874986689024,0.024271874986689024,0.09007207027755644,0.08211328121672062,0.006943945310835834,0.024271874986689024,0.005040308687555014,5.075482426824916e-06,5.075482426824916e-06,0.0,0.9985148413627603,4.9490540335759225e-06,-1.2642839324899396e-07,0.9998646958761129,False
7.973,1,320,321,2.4119750000000098,2.4119750000000098,0.0,0.025265624986689137,0.025265624986689137,0.09006328121672068,0.08171308590588486,0.0078070312466720655,0.025265624986689137,0.005040308687555014,4.601148471996923e-06,4.601148471996923e-06,0.0,0.9987006518393593,4.510276159700816e-06,-9.087231229610725e-08,0.9998811886140687,False
8.00075,1,321,322,2.420300000000009,2.420300000000009,0.0,0.026306249986689206,0.013153124993344603,0.09003808590588457,0.0806472655950488,0.008847656246672013,0.013153124993344603,0.005040308687555014,4.493471500378806e-06,4.493471500378806e-06,0.0,0.9988343193091984,4.423630040748124e-06,-6.984145963068156e-08,0.9998925372879042,False
8.032,1,322,323,2.4296750000000094,2.4296750000000094,0.0,0.014324999993344575,0.014324999993344575,0.09002226559504857,0.0849471679396307,0.0050750976554178725,0.014324999993344575,0.005040308687555014,5.405012978852307e-06,5.405012978852307e-06,0.0,0.9989706908471425,5.366009836501706e-06,-3.900314235060105e-08,0.9999063480112309,False
8.049,1,323,324,2.4347750000000095,2.4347750000000095,0.0,0.014962499993344605,0.014962499993344605,0.09004716793963095,0.08433457028421304,0.005393847655417888,0.014962499993344605,0.005040308687555014,5.150025231595828e-06,5.150025231595828e-06,0.0,0.9981945610013991,5.11018108526859e-06,-3.984414632723834e-08,0.999835653738753,False
8.068,1,324,325,2.440475000000009,2.440475000000009,0.0,0.015674999993344593,0.015674999993344593,0.09003457028421298,0.08392822262879508,0.005933203123335999,0.015674999993344593,0.005040308687555014,4.415879937112992e-06,4.415879937112992e-06,0.0,0.9983108984510883,4.398113492343962e-06,-1.7766444769030422e-08,0.9998461560836724,False
8.08825,1,325,326,2.446550000000009,2.446550000000009,0.0,0.016434374993344537,0.016434374993344537,0.0900032226287947,0.08313749997337684,0.006312890623335971,0.016434374993344537,0.005040308687555014,4.235860609143468e-06,4.235860609143468e-06,0.0,0.9984588194069796,4.360935295202146e-06,1.2507468605867794e-07,0.999859571033684,False
8.11125,1,326,327,2.453450000000009,2.453450000000009,0.0,0.017296874993344504,0.017296874993344504,0.09003749997337668,0.08248242185004072,0.006495703123335957,0.017296874993344504,0.005040308687555014,5.47139725718158e-06,5.47139725718158e-06,0.0,0.9985626327713253,5.446667915373984e-06,-2.4729341807595492e-08,0.9998690733494038,False
8.1365,1,327,328,2.461025000000009,2.461025000000009,0.0,0.01824374999334454,0.01824374999334454,0.0900574218500411,0.0815554687267051,0.006969140623335974,0.01824374999334454,0.005040308687555014,4.950406418971053e-06,4.950406418971053e-06,0.0,0.9986141994142829,4.863740086110638e-06,-8.666633286041501e-08,0.9998735873062047,False
8.16475,1,328,329,2.469500000000009,2.469500000000009,0.0,0.01930312499334451,0.01930312499334451,0.09003046872670495,0.08084882810336895,0.00802851562333597,0.01930312499334451,0.005040308687555014,3.8300511587862685e-06,3.8300511587862685e-06,0.0,0.9987152992928116,3.866922625456659e-06,3.687146667039022e-08,0.9998817917175482,False
8.195500000000001,1,329,330,2.4787250000000087,2.4787250000000087,0.0,0.020456249993344458,0.020456249993344458,0.09007382810336854,0.08490644529170058,0.005167382811667969,0.020456249993344458,0.005040308687555014,4.986806869635135e-06,4.986806869635135e-06,0.0,0.998876706621631,5.032207860608095e-06,4.54009909729605e-08,0.9998977552207305,False
8.2125,1,330,331,2.4838250000000084,2.4838250000000084,0.0,0.021093749993344423,0.021093749993344423,0.09000644529170031,0.08420156248003235,0.005146289061667958,0.021093749993344423,0.005040308687555014,5.138435552055865e-06,5.138435552055865e-06,0.0,0.9982233807164375,5.1003360058607915e-06,-3.809954619507375e-08,0.999838375781586,False
8.232,1,331,332,2.4896750000000085,2.4896750000000085,0.0,0.021824999993344432,0.021824999993344432,0.09005156248003249,0.08417402341836448,0.005511914061667963,0.021824999993344432,0.005040308687555014,4.564312339091445e-06,4.564312339091445e-06,0.0,0.9982452878433047,4.5555413974083495e-06,-8.770941683095826e-09,0.9998403103687117,False
8.2515,1,332,333,2.495525000000008,2.495525000000008,0.0,0.022556249993344376,0.022556249993344376,0.0900240234183641,0.08341523435669615,0.005640820311667918,0.022556249993344376,0.005040308687555014,4.2308013207709735e-06,4.2308013207709735e-06,0.0,0.9983480248654778,4.3494792341131495e-06,1.1867791334217595e-07,0.9998496235527069,False
8.2735,1,333,334,2.5021250000000084,2.5021250000000084,0.0,0.023381249993344365,0.023381249993344365,0.09001523435669616,0.08294707029502822,0.006053320311667913,0.023381249993344365,0.005040308687555014,5.438875394079298e-06,5.438875394079298e-06,0.0,0.9984049782614552,5.459842886307141e-06,2.0967492227842244e-08,0.9998548355620402,False
8.29725,1,334,335,2.5092500000000078,2.5092500000000078,0.0,0.024271874993344333,0.024271874993344333,0.09007207029502809,0.08211328123336015,0.006943945311667908,0.024271874993344333,0.005040308687555014,5.576992194369364e-06,5.576992194369364e-06,0.0,0.9985148747850432,5.353667446348964e-06,-2.233247480204004e-07,0.9998647301953064,False
8.32375,1,335,336,2.517200000000008,2.517200000000008,0.0,0.025265624993344324,0.025265624993344324,0.0900632812333602,0.08171308592169227,0.007807031248336035,0.025265624993344324,0.005040308687555014,5.020539878336267e-06,5.020539878336267e-06,0.0,0.9987006676785203,4.962757324083393e-06,-5.778255425287378e-08,0.9998812038340773,False
8.3515,1,336,337,2.525525000000008,2.525525000000008,0.0,0.026306249993344338,0.013153124996672169,0.09003808592169238,0.08064726561002444,0.008847656248336049,0.013153124996672169,0.005040308687555014,4.956851071639078e-06,4.956851071639078e-06,0.0,0.9988343332804744,4.889516953969513e-06,-6.733411766956447e-08,0.9998925498159073,False
8.38275,1,337,338,2.534900000000008,2.534900000000008,0.0,0.01432499999667214,0.01432499999667214,0.09002226561002422,0.08494716795419024,0.0050750976558339555,0.01432499999667214,0.005040308687555014,5.7062787427098925e-06,5.7062787427098925e-06,0.0,0.9989707075462123,5.673344775251763e-06,-3.293396745812985e-08,0.9999063645490732,False
8.399750000000001,1,338,339,2.540000000000008,2.540000000000008,0.0,0.014962499996672105,0.014962499996672105,0.09004716795418999,0.08433457029835605,0.005393847655833938,0.014962499996672105,0.005040308687555014,5.421390865300549e-06,5.421390865300549e-06,0.0,0.9981945673173812,5.390993008634929e-06,-3.03978566656201e-08,0.9998356601415728,False
8.41875,1,339,340,2.545700000000008,2.545700000000008,0.0,0.015674999996672094,0.015674999996672094,0.09003457029835599,0.08392822264252205,0.005933203124167992,0.015674999996672094,0.005040308687555014,4.705602999777582e-06,4.705602999777582e-06,0.0,0.9983109061704397,4.665259443420439e-06,-4.0343556357143274e-08,0.9998461621950482,False
8.439,1,340,341,2.5517750000000072,2.5517750000000072,0.0,0.016434374996672038,0.016434374996672038,0.09000322264252167,0.08313749998668775,0.006312890624167964,0.016434374996672038,0.005040308687555014,4.1813551486005165e-06,4.1813551486005165e-06,0.0,0.9984588077210969,4.227624022478532e-06,4.626887387801566e-08,0.9998595575467912,False
8.462,1,341,342,2.558675000000008,2.558675000000008,0.0,0.01729687499667207,0.01729687499667207,0.09003749998668813,0.08248242186252011,0.006495703124167975,0.01729687499667207,0.005040308687555014,5.684368471454569e-06,5.684368471454569e-06,0.0,0.9985625983070278,5.688507357932607e-06,4.138886478037779e-09,0.9998690438449687,False
8.48725,1,342,343,2.5662500000000072,2.5662500000000072,0.0,0.01824374999667204,0.01824374999667204,0.09005742186251997,0.08155546873835197,0.006969140624167959,0.01824374999667204,0.005040308687555014,5.337046750876235e-06,5.337046750876235e-06,0.0,0.9986142233659555,5.331240200816696e-06,-5.80655005953906e-09,0.9998736079160044,False
8.5155,1,343,344,2.574725000000007,2.574725000000007,0.0,0.01930312499667201,0.01930312499667201,0.0900304687383518,0.08084882811418381,0.008028515624167953,0.01930312499667201,0.005040308687555014,4.139576150545657e-06,4.139576150545657e-06,0.0,0.9987152949027158,4.041760659838432e-06,-9.78154907072253e-08,0.9998817848067422,False
8.54625,1,344,345,2.583950000000007,2.583950000000007,0.0,0.02045624999667196,0.02045624999667196,0.09007382811418341,0.08490644530209945,0.005167382812083966,0.02045624999667196,0.005040308687555014,4.9148273911760404e-06,4.9148273911760404e-06,0.0,0.9988766848859524,4.954923710253977e-06,4.0096319077936914e-08,0.9998977325506981,False
8.56325,1,345,346,2.5890500000000065,2.5890500000000065,0.0,0.021093749996671924,0.021093749996671924,0.09000644530209917,0.08420156249001523,0.0051462890620839336,0.021093749996671924,0.005040308687555014,5.459389203584403e-06,5.459389203584403e-06,0.0,0.9982233912811757,5.433195439623985e-06,-2.6193763960418674e-08,0.9998383879434412,False
8.58275,1,346,347,2.594900000000007,2.594900000000007,0.0,0.021824999996671934,0.021824999996671934,0.09005156249001536,0.08417402342793139,0.005511914062083938,0.021824999996671934,0.005040308687555014,4.7418049690434085e-06,4.7418049690434085e-06,0.0,0.9982452854670874,4.707566591394984e-06,-3.423837764842427e-08,0.9998403073280776,False
8.60225,1,347,348,2.600750000000007,2.600750000000007,0.0,0.022556249996671943,0.022556249996671943,0.09002402342793153,0.08341523436584754,0.005640820312083943,0.022556249996671943,0.005040308687555014,4.255420349854607e-06,4.255420349854607e-06,0.0,0.9983480174422097,4.271829489648491e-06,1.6409139793883932e-08,0.9998496140283525,False
8.62425,1,348,349,2.6073500000000065,2.6073500000000065,0.0,0.023381249996671866,0.023381249996671866,0.09001523436584702,0.0829470703037631,0.006053320312083905,0.023381249996671866,0.005040308687555014,5.538540386097035e-06,5.538540386097035e-06,0.0,0.9984049489614553,5.570503837877875e-06,3.196345178083939e-08,0.9998548060025505,False
8.648,1,349,350,2.6144750000000068,2.6144750000000068,0.0,0.0242718749966719,0.0242718749966719,0.09007207030376349,0.08211328124167952,0.006943945312083966,0.0242718749966719,0.005040308687555014,7.623868600323885e-06,7.623868600323885e-06,0.0,0.9985149377098912,5.766008126113889e-06,-1.8578604742099956e-06,0.9998646977735143,False
8.6745,1,350,351,2.6224250000000064,2.6224250000000064,0.0,0.025265624996671825,0.025265624996671825,0.09006328124167903,0.08171308592959514,0.00780703124916791,0.025265624996671825,0.005040308687555014,5.314060514790739e-06,5.314060514790739e-06,0.0,0.9987006854204592,5.292408889966295e-06,-2.1651624824444273e-08,0.9998812207806034,False
8.70225,1,351,352,2.630750000000006,2.630750000000006,0.0,0.02630624999667184,0.01315312499833592,0.09003808592959525,0.08064726561751134,0.008847656249167925,0.01315312499833592,0.005040308687555014,5.293116546645454e-06,5.293116546645454e-06,0.0,0.9988343447453485,5.25633976658648e-06,-3.6776780058974095e-08,0.9998925610384681,False
8.7335,1,352,353,2.6401250000000065,2.6401250000000065,0.0,0.014324999998335891,0.014324999998335891,0.09002226561751112,0.08494716796146917,0.0050750976560419514,0.014324999998335891,0.005040308687555014,5.967127708950571e-06,5.967127708950571e-06,0.0,0.9989707244029743,5.947026612797919e-06,-2.0101096152652046e-08,0.999906381121425,False
8.7505,1,353,354,2.645225000000006,2.645225000000006,0.0,0.014962499998335856,0.014962499998335856,0.09004716796146892,0.08433457030542697,0.005393847656041934,0.014962499998335856,0.005040308687555014,5.655043723811544e-06,5.655043723811544e-06,0.0,0.9981945746267252,5.636230562628558e-06,-1.8813161182986565e-08,0.9998356674062727,False
8.7695,1,354,355,2.6509250000000057,2.650925000000006,4.440892098500626e-16,0.015674999998335843,0.015674999998335843,0.09003457030542691,0.08392822264938497,0.005933203124583912,0.015674999998335843,0.005040308687555014,5.020956217243274e-06,5.020956217243274e-06,0.0,0.9983109169507497,4.9720120610790295e-06,-4.894415616424493e-08,0.9998461716832233,False
8.78975,1,355,356,2.6570000000000062,2.6570000000000062,0.0,0.016434374998335853,0.016434374998335853,0.09000322264938512,0.08313749999334315,0.006312890624583917,0.016434374998335853,0.005040308687555014,4.391917950630241e-06,4.391917950630241e-06,0.0,0.9984588038270071,4.378765372743595e-06,-1.315257788664652e-08,0.9998595515270519,False
8.81275,1,356,357,2.663900000000006,2.663900000000006,0.0,0.01729687499833582,0.01729687499833582,0.09003749999334298,0.08248242186875905,0.006495703124583913,0.01729687499833582,0.005040308687555014,5.74865297220113e-06,5.74865297220113e-06,0.0,0.9985625536755478,5.783692199749161e-06,3.503922754803093e-08,0.9998689991987298,False
8.838000000000001,1,357,358,2.671475000000006,2.671475000000006,0.0,0.01824374999833579,0.01824374999833579,0.09005742186875891,0.08155546874417499,0.006969140624583897,0.01824374999833579,0.005040308687555014,5.452498219118306e-06,5.452498219118306e-06,0.0,0.9986142655167874,5.489483149907765e-06,3.698493078945842e-08,0.9998736474231096,False
8.86625,1,358,359,2.6799500000000056,2.6799500000000056,0.0,0.01930312499833576,0.01930312499833576,0.09003046874417482,0.08084882811959096,0.008028515624583892,0.01930312499833576,0.005040308687555014,4.841934730465369e-06,4.841934730465369e-06,0.0,0.9987152988856077,4.708860053453771e-06,-1.3307467701159756e-07,0.9998817856863844,False
8.897,1,359,360,2.6891750000000054,2.6891750000000054,0.0,0.02045624999833571,0.02045624999833571,0.09007382811959055,0.08490644530729864,0.005167382812291909,0.02045624999833571,0.005040308687555014,4.973751251376423e-06,4.973751251376423e-06,0.0,0.9988766731948415,4.991204104887024e-06,1.7452853510601003e-08,0.9998977190001056,False
8.914,1,360,361,2.6942750000000055,2.6942750000000055,0.0,0.02109374999833574,0.02109374999833574,0.0900064453072989,0.08420156249500693,0.005146289062291936,0.02109374999833574,0.005040308687555014,5.684818805077175e-06,5.684818805077175e-06,0.0,0.9982233862757243,5.6794066695029476e-06,-5.412135574227837e-09,0.99983838554256,False
8.9335,1,361,362,2.700125000000005,2.700125000000005,0.0,0.021824999998335683,0.021824999998335683,0.09005156249500654,0.08417402343271464,0.0055119140622919074,0.021824999998335683,0.005040308687555014,4.979414673446792e-06,4.979414673446792e-06,0.0,0.9982452836603674,4.903249487235508e-06,-7.616518621128467e-08,0.9998403048004324,False
8.953,1,362,363,2.7059750000000053,2.7059750000000053,0.0,0.022556249998335692,0.022556249998335692,0.09002402343271479,0.08341523437042285,0.005640820312291912,0.022556249998335692,0.005040308687555014,4.674871009600846e-06,4.674871009600846e-06,0.0,0.998348017814229,4.56688417804939e-06,-1.079868315514564e-07,0.9998496116245921,False
8.975,1,363,364,2.712575000000005,2.712575000000005,0.0,0.02338124999833568,0.02338124999833568,0.09001523437042286,0.08294707030813091,0.006053320312291907,0.02338124999833568,0.005040308687555014,5.489183271258319e-06,5.489183271258319e-06,0.0,0.9984049218458513,5.572757958683441e-06,8.357468742512214e-08,0.999854777400593,False
8.99875,1,364,365,2.719700000000005,2.719700000000005,0.0,0.02427187499833565,0.02427187499833565,0.09007207030813077,0.08211328124583883,0.0069439453122919015,0.02427187499833565,0.005040308687555014,6.210030859956026e-05,6.210030859956026e-05,0.0,0.9985148468191599,6.9925426830860496e-06,-5.510776591647421e-05,0.9998647412448428,False
9.02525,1,365,366,2.727650000000005,2.727650000000005,0.0,0.02526562499833564,0.02526562499833564,0.09006328124583887,0.08171308593354695,0.00780703124958388,0.02526562499833564,0.005040308687555014,5.4415028798042225e-06,5.4415028798042225e-06,0.0,0.9987007217714424,5.4805012477659315e-06,3.8998367961709e-08,0.9998812517282308,False
9.053,1,366,367,2.7359750000000047,2.7359750000000047,0.0,0.026306249998335588,0.013153124999167794,0.09003808593354654,0.08064726562125465,0.008847656249583828,0.013153124999167794,0.005040308687555014,5.5054052659194515e-06,5.5054052659194515e-06,0.0,0.9988343593328983,5.498538973478499e-06,-6.866292440952651e-09,0.9998925742997269,False
9.08425,1,367,368,2.7453500000000046,2.7453500000000046,0.0,0.014324999999167766,0.014324999999167766,0.09002226562125443,0.08494716796510851,0.0050750976561459195,0.014324999999167766,0.005040308687555014,6.185839791754606e-06,6.185839791754606e-06,0.0,0.9989707414529935,6.177189192595596e-06,-8.650599159009753e-09,0.9999063979352006,False
9.10125,1,368,369,2.7504500000000043,2.7504500000000043,0.0,0.01496249999916773,0.01496249999916773,0.09004716796510824,0.08433457030896234,0.005393847656145902,0.01496249999916773,0.005040308687555014,5.860790472253383e-06,5.860790472253383e-06,0.0,0.9981945824847275,5.85002836345764e-06,-1.0762108795743562e-08,0.9998356753345345,False
9.12025,1,369,370,2.756150000000004,2.756150000000004,0.0,0.01567499999916772,0.01567499999916772,0.09003457030896228,0.08392822265281638,0.005933203124791881,0.01567499999916772,0.005040308687555014,5.336389932694685e-06,5.336389932694685e-06,0.0,0.9983109309495903,5.287384365668395e-06,-4.900556702629047e-08,0.9998461849179356,False
9.1405,1,370,371,2.7622250000000044,2.7622250000000044,0.0,0.01643437499916773,0.01643437499916773,0.09000322265281652,0.08313749999667058,0.0063128906247918865,0.01643437499916773,0.005040308687555014,4.715415865037419e-06,4.715415865037419e-06,0.0,0.9984588069915833,4.677538218205514e-06,-3.7877646831904624e-08,0.9998595524794757,False
9.1635,1,371,372,2.7691250000000043,2.769125000000004,-4.440892098500626e-16,0.017296874999167697,0.017296874999167697,0.09003749999667043,0.08248242187187851,0.006495703124791865,0.017296874999167697,0.005040308687555014,5.643749901207537e-06,5.643749901207537e-06,0.0,0.998562523296813,5.749673053120577e-06,1.0592315191303961e-07,0.9998689661776926,False
9.18875,1,372,373,2.776700000000004,2.776700000000004,0.0,0.018243749999167665,0.018243749999167665,0.09005742187187837,0.0815554687470865,0.006969140624791849,0.018243749999167665,0.005040308687555014,5.596908191249112e-06,5.596908191249112e-06,0.0,0.998614296303277,5.554382631907368e-06,-4.2525559341744e-08,0.9998736870856146,False
9.217,1,373,374,2.7851750000000037,2.7851750000000037,0.0,0.019303124999167635,0.019303124999167635,0.09003046874708631,0.08084882812229448,0.008028515624791845,0.019303124999167635,0.005040308687555014,5.452141462198863e-06,5.452141462198863e-06,0.0,0.9987153120135116,5.372127758792385e-06,-8.00137034064779e-08,0.9998817966740089,False
9.24775,1,374,375,2.794400000000003,2.794400000000003,0.0,0.020456249999167585,0.020456249999167585,0.09007382812229407,0.08490644530989819,0.0051673828123958935,0.020456249999167585,0.005040308687555014,5.115263375852602e-06,5.115263375852602e-06,0.0,0.9988766701198928,5.1122567769155e-06,-3.0065989371015796e-09,0.9998977140534123,False
9.26475,1,375,376,2.7995000000000037,2.7995000000000037,0.0,0.021093749999167615,0.021093749999167615,0.09000644530989846,0.0842015624975025,0.005146289062395911,0.021093749999167615,0.005040308687555014,5.805486923388304e-06,5.805486923388304e-06,0.0,0.9982233721487368,5.8234924014024365e-06,1.8005478014132157e-08,0.9998383723432562,False
9.28425,1,376,377,2.8053500000000033,2.8053500000000033,0.0,0.02182499999916756,0.02182499999916756,0.0900515624975021,0.08417402343510622,0.005511914062395883,0.02182499999916756,0.005040308687555014,5.351249136390131e-06,5.351249136390131e-06,0.0,0.9982452876406652,5.276486093551202e-06,-7.476304283892863e-08,0.999840307510772,False
9.30375,1,377,378,2.8112000000000035,2.8112000000000035,0.0,0.02255624999916757,0.02255624999916757,0.09002402343510636,0.08341523437271045,0.005640820312395889,0.02255624999916757,0.005040308687555014,5.192084386805947e-06,5.192084386805947e-06,0.0,0.9983480245643457,5.081815907597955e-06,-1.1026847920799247e-07,0.9998496165331487,False
9.32575,1,378,379,2.8178000000000036,2.8178000000000036,0.0,0.023381249999167558,0.023381249999167558,0.09001523437271047,0.08294707031031455,0.0060533203123958835,0.023381249999167558,0.005040308687555014,5.18412169733836e-06,5.18412169733836e-06,0.0,0.9984049025428343,5.362685523414937e-06,1.78563826076577e-07,0.9998547571862698,False
9.3495,1,379,380,2.824925000000003,2.8249250000000035,4.440892098500626e-16,0.024271874999167525,0.024271874999167525,0.0900720703103144,0.08211328124791849,0.006943945312395878,0.024271874999167525,0.005040308687555014,5.53992252296283e-05,5.53992252296283e-05,0.0,0.9985148024178555,6.238956590820128e-05,6.990340678572984e-06,0.9998646771948814,False
9.376,1,380,381,2.832875000000003,2.832875000000003,0.0,0.025265624999167517,0.025265624999167517,0.09006328124791854,0.08171308593552262,0.007807031249791849,0.025265624999167517,0.005040308687555014,5.550318880332349e-06,5.550318880332349e-06,0.0,0.9987007322058469,5.598022777691052e-06,4.770389735870282e-08,0.9998812591414895,False
9.40375,1,381,382,2.841200000000003,2.8412000000000033,4.440892098500626e-16,0.026306249999167464,0.013153124999583732,0.0900380859355222,0.08064726562312637,0.008847656249791797,0.013153124999583732,0.005040308687555014,5.690213121107738e-06,5.690213121107738e-06,0.0,0.9988343757473426,5.719417028843808e-06,2.920390773606947e-08,0.9998925878689646,False
9.435,1,382,383,2.8505750000000027,2.8505750000000027,0.0,0.014324999999583704,0.014324999999583704,0.09002226562312614,0.08494716796692822,0.005075097656197907,0.014324999999583704,0.005040308687555014,6.376862270239552e-06,6.376862270239552e-06,0.0,0.9989707579137844,6.373568084603882e-06,-3.294185635670287e-09,0.9999064144516474,False
9.452,1,383,384,2.8556750000000024,2.8556750000000024,0.0,0.014962499999583668,0.014962499999583668,0.09004716796692797,0.08433457031073008,0.00539384765619789,0.014962499999583668,0.005040308687555014,6.054907004824186e-06,6.054907004824186e-06,0.0,0.9981945899286313,6.046905643620267e-06,-8.001361203918873e-09,0.9998356830431135,False
9.471,1,384,385,2.8613750000000024,2.8613750000000024,0.0,0.015674999999583657,0.015674999999583657,0.09003457031073002,0.08392822265453212,0.005933203124895866,0.015674999999583657,0.005040308687555014,5.665282649446214e-06,5.665282649446214e-06,0.0,0.9983109455323896,5.611934149206649e-06,-5.3348500239565637e-08,0.9998461993521668,False
9.49125,1,385,386,2.8674500000000025,2.8674500000000025,0.0,0.016434374999583667,0.016434374999583667,0.09000322265453227,0.08313749999833434,0.006312890624895871,0.016434374999583667,0.005040308687555014,5.040462369410411e-06,5.040462369410411e-06,0.0,0.9984588159070469,4.984508246290274e-06,-5.59541231201369e-08,0.9998595596774428,False
9.51425,1,386,387,2.8743500000000024,2.8743500000000024,0.0,0.017296874999583635,0.017296874999583635,0.09003749999833419,0.0824824218734383,0.006495703124895849,0.017296874999583635,0.005040308687555014,5.17462519364451e-06,5.17462519364451e-06,0.0,0.9985625073742711,5.392012648688119e-06,2.1738745504360922e-07,0.9998689486048719,False
9.5395,1,387,388,2.8819250000000025,2.8819250000000025,0.0,0.018243749999583603,0.018243749999583603,0.09005742187343814,0.08155546874854228,0.006969140624895833,0.018243749999583603,0.005040308687555014,1.0224074049789005e-05,1.0224074049789005e-05,0.0,0.9986142600331838,6.149929969470245e-06,-4.07414408031876e-06,0.9998736677652319,False
9.56775,1,388,389,2.8904000000000023,2.8904000000000023,0.0,0.019303124999583574,0.019303124999583574,0.0900304687485421,0.08084882812364629,0.00802851562489583,0.019303124999583574,0.005040308687555014,5.795036763151776e-06,5.795036763151776e-06,0.0,0.9987153288646736,5.758843020060655e-06,-3.6193743091120873e-08,0.9998818112919692,False
9.5985,1,389,390,2.899625000000002,2.899625000000002,0.0,0.02045624999958359,0.02045624999958359,0.09007382812364641,0.08490644531119848,0.005167382812447919,0.02045624999958359,0.005040308687555014,5.2688999765204225e-06,5.2688999765204225e-06,0.0,0.9988766694094291,5.245242609674234e-06,-2.365736684618847e-08,0.9998977122776695,False
9.6155,1,390,391,2.9047250000000018,2.9047250000000018,0.0,0.021093749999583553,0.021093749999583553,0.09000644531119822,0.08420156249875033,0.005146289062447904,0.021093749999583553,0.005040308687555014,5.854997302160223e-06,5.854997302160223e-06,0.0,0.9982233602495869,5.89512713056108e-06,4.0129828400857536e-08,0.9998383602266497,False
9.635,1,391,392,2.9105750000000024,2.9105750000000024,0.0,0.021824999999583563,0.021824999999583563,0.09005156249875045,0.08417402343630251,0.0055119140624479085,0.021824999999583563,0.005040308687555014,5.694799887832338e-06,5.694799887832338e-06,0.0,0.9982452931064738,5.65919296514932e-06,-3.560692268301819e-08,0.9998403125262512,False
9.6545,1,392,393,2.9164250000000016,2.9164250000000016,0.0,0.022556249999583507,0.022556249999583507,0.09002402343630211,0.08341523437385422,0.005640820312447881,0.022556249999583507,0.005040308687555014,5.615030645864908e-06,5.615030645864908e-06,0.0,0.9983480340001064,5.5663098398883455e-06,-4.872080597656211e-08,0.9998496253761524,False
9.6765,1,393,394,2.9230250000000018,2.9230250000000018,0.0,0.023381249999583496,0.023381249999583496,0.09001523437385422,0.08294707031140634,0.006053320312447876,0.023381249999583496,0.005040308687555014,4.7968978044386215e-06,4.7968978044386215e-06,0.0,0.998404888958223,4.991691786565593e-06,1.9479398212697173e-07,0.9998547427906915,False
9.70025,1,394,395,2.9301500000000016,2.930150000000001,-4.440892098500626e-16,0.024271874999583463,0.024271874999583463,0.09007207031140621,0.08211328124895834,0.0069439453124478705,0.024271874999583463,0.005040308687555014,6.357299350165851e-06,6.357299350165851e-06,0.0,0.9985147683175197,2.0779207680112882e-05,1.4421908329947031e-05,0.9998646422698055,False
9.726750000000001,1,395,396,2.9381000000000013,2.9381000000000013,0.0,0.025265624999583455,0.025265624999583455,0.09006328124895838,0.0817130859365105,0.007807031249895834,0.025265624999583455,0.005040308687555014,5.899654563353354e-06,5.899654563353354e-06,0.0,0.9987007551257298,5.884438637442693e-06,-1.5215925910661574e-08,0.9998812775252313,False
9.7545,1,396,397,2.9464250000000014,2.9464250000000014,0.0,0.026306249999583402,0.013153124999791701,0.09003808593651008,0.08064726562406223,0.008847656249895782,0.013153124999791701,0.005040308687555014,5.692781145058968e-06,5.692781145058968e-06,0.0,0.9988344072668142,5.7571524038831936e-06,6.43712588242252e-08,0.999892614082412,False
9.78575,1,397,398,2.955800000000001,2.955800000000001,0.0,0.014324999999791673,0.014324999999791673,0.090022265624062,0.08494716796783809,0.005075097656223904,0.014324999999791673,0.005040308687555014,6.558741028329424e-06,6.558741028329424e-06,0.0,0.9989707731807737,8.087042404528177e-06,1.528301376198753e-06,0.9999064299847021,False
9.80275,1,398,399,2.9609000000000014,2.9609000000000014,0.0,0.014962499999791703,0.014962499999791703,0.09004716796783835,0.0843345703116144,0.005393847656223919,0.014962499999791703,0.005040308687555014,6.24388966332035e-06,6.24388966332035e-06,0.0,0.998194596758389,6.235356216590835e-06,-8.533446729515164e-09,0.9998356903074984,False
9.82175,1,399,400,2.9666000000000015,2.9666000000000015,0.0,0.01567499999979169,0.01567499999979169,0.09003457031161435,0.08392822265539042,0.005933203124947891,0.01567499999979169,0.005040308687555014,5.944875367552393e-06,5.944875367552393e-06,0.0,0.9983109602794781,5.890607120752177e-06,-5.426824680021644e-08,0.9998462142457529,False
9.842,1,400,401,2.9726750000000006,2.9726750000000006,0.0,0.016434374999791633,0.016434374999791633,0.09000322265539004,0.08313749999916614,0.006312890624947863,0.016434374999791633,0.005040308687555014,5.42450986660962e-06,5.42450986660962e-06,0.0,0.998458825163174,5.343097396134282e-06,-8.141247047533827e-08,0.9998595682245295,False
9.865,1,401,402,2.9795750000000005,2.9795750000000005,0.0,0.0172968749997916,0.0172968749997916,0.09003749999916599,0.08248242187421813,0.006495703124947841,0.0172968749997916,0.005040308687555014,4.58552395901597e-06,4.58552395901597e-06,0.0,0.9985624950930938,4.790179222535101e-06,2.046552635191312e-07,0.9998689357092009,False
9.89025,1,402,403,2.9871500000000006,2.9871500000000006,0.0,0.01824374999979157,0.01824374999979157,0.09005742187421799,0.08155546874927015,0.006969140624947826,0.01824374999979157,0.005040308687555014,4.996661949813853e-05,4.996661949813853e-05,0.0,0.9986142114747035,4.630008212636188e-05,-3.6665373717766493e-06,0.9998736158757786,False
9.9185,1,403,404,2.995625000000001,2.995625000000001,0.0,0.019303124999791605,0.019303124999791605,0.09003046874927052,0.08084882812432265,0.008028515624947889,0.019303124999791605,0.005040308687555014,6.06682763767605e-06,6.06682763767605e-06,0.0,0.9987153522501658,6.047532220441538e-06,-1.9295417234512684e-08,0.999881829216463,False
9.949250000000001,1,404,405,3.0048500000000002,3.0048500000000002,0.0,0.020456249999791554,0.020456249999791554,0.09007382812432224,0.08490644531184832,0.005167382812473915,0.020456249999791554,0.005040308687555014,5.565891375885801e-06,5.565891375885801e-06,0.0,0.9988766707497618,5.50373375369717e-06,-6.215762218863066e-08,0.9998977127987038,False
9.96625,1,405,406,3.00995,3.00995,0.0,0.02109374999979152,0.02109374999979152,0.09000644531184807,0.08420156249937416,0.0051462890624739,0.02109374999979152,0.005040308687555014,5.837531347207192e-06,5.837531347207192e-06,0.0,0.998223352254774,5.884696849092129e-06,4.716550188493709e-08,0.9998383519912549,False
9.98575,1,406,407,3.0158,3.0158,0.0,0.02182499999979153,0.02182499999979153,0.0900515624993743,0.08417402343690035,0.005511914062473905,0.02182499999979153,0.005040308687555014,5.932339862372915e-06,5.932339862372915e-06,0.0,0.9982453025002417,5.9130106276087605e-06,-1.9329234764154084e-08,0.9998403217418236,False
10.00525,1,407,408,3.0216499999999997,3.02165,4.440892098500626e-16,0.022556249999791472,0.022556249999791472,0.09002402343689997,0.08341523437442606,0.005640820312473878,0.022556249999791472,0.005040308687555014,5.863283111796344e-06,5.863283111796344e-06,0.0,0.9983480406267208,5.831605982190946e-06,-3.167712960539773e-08,0.9998496321710975,False
10.02725,1,408,409,3.02825,3.02825,0.0,0.02338124999979146,0.02338124999979146,0.09001523437442607,0.0829470703119522,0.006053320312473872,0.02338124999979146,0.005040308687555014,4.709790567991508e-06,4.709790567991508e-06,0.0,0.998404879658101,4.779022502209571e-06,6.923193421806283e-08,0.9998547321149803,False
10.051,1,409,410,3.0353749999999997,3.0353749999999997,0.0,0.02427187499979143,0.02427187499979143,0.09007207031195207,0.0821132812494782,0.006943945312473867,0.02427187499979143,0.005040308687555014,6.302540947854349e-06,6.302540947854349e-06,0.0,0.9985147378619811,6.399343429453581e-06,9.680248159923141e-08,0.9998646111152709,False
10.0775,1,410,411,3.043325,3.043325,0.0,0.02526562499979142,0.02526562499979142,0.09006328124947824,0.08171308593700433,0.007807031249947809,0.02526562499979142,0.005040308687555014,1.4979775107571982e-05,1.4979775107571982e-05,0.0,0.9987009690020416,6.179027029013559e-06,-8.800748078558423e-06,0.9998812036113015,False
10.10525,1,411,412,3.05165,3.05165,0.0,0.026306249999791434,0.013153124999895717,0.09003808593700444,0.08064726562453053,0.008847656249947822,0.013153124999895717,0.005040308687555014,5.8283130390112835e-06,5.8283130390112835e-06,0.0,0.998834417419487,5.860978789174278e-06,3.266575016299474e-08,0.9998926282159847,False
10.1365,1,412,413,3.061025,3.061025,0.0,0.014324999999895689,0.014324999999895689,0.0900222656245303,0.08494716796829338,0.005075097656236935,0.014324999999895689,0.005040308687555014,6.7415169557340205e-06,6.7415169557340205e-06,0.0,0.9989707848190221,1.7565837161830078e-05,1.0824320206096057e-05,0.9999064418643946,False
10.153500000000001,1,413,414,3.0661249999999995,3.0661249999999995,0.0,0.014962499999895653,0.014962499999895653,0.09004716796829311,0.0843345703120562,0.0053938476562369175,0.014962499999895653,0.005040308687555014,6.4338196935659505e-06,6.4338196935659505e-06,0.0,0.9981946022082145,6.42477613426362e-06,-9.043559302330173e-09,0.9998356963129773,False
10.1725,1,414,415,3.0718249999999996,3.0718249999999996,0.0,0.01567499999989564,0.01567499999989564,0.09003457031205614,0.08392822265581922,0.005933203124973878,0.01567499999989564,0.005040308687555014,6.234416055180117e-06,6.234416055180117e-06,0.0,0.9983109734652622,6.1737429242584045e-06,-6.06731309217123e-08,0.9998462280997911,False
10.19275,1,415,416,3.077899999999999,3.077899999999999,0.0,0.016434374999895585,0.016434374999895585,0.09000322265581884,0.08313749999958193,0.00631289062497385,0.016434374999895585,0.005040308687555014,5.822197043036997e-06,5.822197043036997e-06,0.0,0.9984588336387643,5.718791837955816e-06,-1.034052050811812e-07,0.9998595761060156,False
10.21575,1,416,417,3.0847999999999995,3.0847999999999995,0.0,0.017296874999895618,0.017296874999895618,0.09003749999958231,0.08248242187460841,0.006495703124973861,0.017296874999895618,0.005040308687555014,4.430093998488528e-06,4.430093998488528e-06,0.0,0.9985624864236321,4.497210528872636e-06,6.711653038410847e-08,0.9998689268659434,False
10.241,1,417,418,3.092374999999999,3.092374999999999,0.0,0.018243749999895587,0.018243749999895587,0.09005742187460826,0.08155546874963437,0.006969140624973846,0.018243749999895587,0.005040308687555014,6.776213125007013e-06,6.776213125007013e-06,0.0,0.9986141680140628,2.1675031288740003e-05,1.489881816373299e-05,0.9998735705485666,False
10.26925,1,418,419,3.100849999999999,3.100849999999999,0.0,0.019303124999895557,0.019303124999895557,0.0900304687496342,0.08084882812466034,0.00802851562497384,0.019303124999895557,0.005040308687555014,6.226139767064937e-06,6.226139767064937e-06,0.0,0.9987153818707731,6.239534290413594e-06,1.3394523348656852e-08,0.9998818506710848,False
10.3,1,419,420,3.1100749999999984,3.1100749999999984,0.0,0.020456249999895506,0.020456249999895506,0.09007382812465993,0.08490644531217303,0.005167382812486908,0.020456249999895506,0.005040308687555014,5.968698508834237e-06,5.968698508834237e-06,0.0,0.9988766743200514,5.8999618996860884e-06,-6.87366091481486e-08,0.9998977158544288,False
10.317,1,420,421,3.1151749999999985,3.1151749999999985,0.0,0.02109374999989547,0.02109374999989547,0.09000644531217275,0.08420156249968587,0.005146289062486877,0.02109374999989547,0.005040308687555014,5.838700236976944e-06,5.838700236976944e-06,0.0,0.9982233469594014,5.865527464983799e-06,2.68272280068546e-08,0.9998383468113654,False
10.336500000000001,1,421,422,3.1210249999999986,3.1210249999999986,0.0,0.02182499999989548,0.02182499999989548,0.09005156249968599,0.08417402343719907,0.005511914062486882,0.02182499999989548,0.005040308687555014,6.195712705870304e-06,6.195712705870304e-06,0.0,0.9982453166843669,6.1677092886511795e-06,-2.8003417219124452e-08,0.9998403344928112,False
10.356,1,422,423,3.1268749999999983,3.1268749999999987,4.440892098500626e-16,0.02255624999989549,0.02255624999989549,0.09002402343719923,0.08341523437471228,0.005640820312486887,0.02255624999989549,0.005040308687555014,6.069125782750601e-06,6.069125782750601e-06,0.0,0.998348041428799,6.039129323745127e-06,-2.999645900547405e-08,0.9998496328564943,False
10.378,1,423,424,3.133474999999998,3.133474999999998,0.0,0.023381249999895413,0.023381249999895413,0.09001523437471178,0.0829470703122249,0.006053320312486848,0.023381249999895413,0.005040308687555014,4.888450087050161e-06,4.888450087050161e-06,0.0,0.9984048761193511,4.843816523899717e-06,-4.463356315044433e-08,0.9998547264717036,False
10.40175,1,424,425,3.1405999999999983,3.1405999999999983,0.0,0.024271874999895447,0.024271874999895447,0.0900720703122253,0.08211328124973839,0.00694394531248691,0.024271874999895447,0.005040308687555014,5.835251307746735e-06,5.835251307746735e-06,0.0,0.9985147125051906,6.063569548306601e-06,2.28318240559866e-07,0.9998645852712738,False
10.42825,1,425,426,3.1485499999999984,3.1485499999999984,0.0,0.025265624999895372,0.025265624999895372,0.0900632812497379,0.08171308593725107,0.007807031249973797,0.025265624999895372,0.005040308687555014,0.00015193524594654963,0.00015193524594654963,0.0,0.9987009652184319,8.283794592168742e-06,-0.00014365145135438088,0.9998813744460766,False
10.456,1,426,427,3.156874999999998,3.156874999999998,0.0,0.026306249999895386,0.013153124999947693,0.09003808593725118,0.08064726562476433,0.008847656249973811,0.013153124999947693,0.005040308687555014,8.151156166155649e-06,8.151156166155649e-06,0.0,0.9988345377902944,6.186112018265199e-06,-1.9650441478904493e-06,0.9998923410550443,False
10.48725,1,427,428,3.166249999999998,3.166249999999998,0.0,0.014324999999947664,0.014324999999947664,0.0900222656247641,0.08494716796852068,0.005075097656243423,0.014324999999947664,0.005040308687555014,6.91832696723179e-06,6.91832696723179e-06,0.0,0.9989707945909141,2.6601356925962105e-05,1.9683029958730315e-05,0.999906453028588,False
10.50425,1,428,429,3.1713499999999977,3.1713499999999977,0.0,0.014962499999947629,0.014962499999947629,0.09004716796852041,0.08433457031227701,0.005393847656243405,0.014962499999947629,0.005040308687555014,6.62491338793798e-06,6.62491338793798e-06,0.0,0.9981946064586044,6.617011791637892e-06,-7.901596300088345e-09,0.9998357009532154,False
10.52325,1,429,430,3.1770499999999977,3.1770499999999977,0.0,0.015674999999947616,0.015674999999947616,0.09003457031227696,0.08392822265603354,0.005933203124986856,0.015674999999947616,0.005040308687555014,6.562633956926691e-06,6.562633956926691e-06,0.0,0.9983109839416474,6.503295360381947e-06,-5.9338596544744084e-08,0.9998462395467597,False
10.5435,1,430,431,3.1831249999999978,3.1831249999999978,0.0,0.016434374999947626,0.016434374999947626,0.0900032226560337,0.08313749999979024,0.006312890624986861,0.016434374999947626,0.005040308687555014,6.202301494859209e-06,6.202301494859209e-06,0.0,0.9984588396575641,6.116066428996873e-06,-8.623506586233603e-08,0.9998595818107423,False
10.5665,1,431,432,3.1900249999999977,3.1900249999999977,0.0,0.017296874999947594,0.017296874999947594,0.09003749999979008,0.0824824218748032,0.006495703124986856,0.017296874999947594,0.005040308687555014,4.7650232917183526e-06,4.7650232917183526e-06,0.0,0.9985624806033204,4.6764365969865986e-06,-8.858669473175399e-08,0.9998689200637244,False
10.591750000000001,1,432,433,3.1975999999999973,3.1975999999999978,4.440892098500626e-16,0.018243749999947562,0.018243749999947562,0.09005742187480305,0.0815554687498162,0.0069691406249868405,0.018243749999947562,0.005040308687555014,6.682078510167837e-06,6.682078510167837e-06,0.0,0.998614133066247,6.7727825328876324e-06,9.070402271979527e-08,0.9998735342892782,False
10.620000000000001,1,433,434,3.2060749999999976,3.2060749999999976,0.0,0.019303124999947532,0.019303124999947532,0.09003046874981603,0.08084882812482923,0.008028515624986837,0.019303124999947532,0.005040308687555014,6.2998334697984696e-06,6.2998334697984696e-06,0.0,0.9987154110076923,6.334385390090023e-06,3.4551920291553536e-08,0.9998818710860671,False
10.65075,1,434,435,3.215299999999997,3.215299999999997,0.0,0.02045624999994748,0.02045624999994748,0.09007382812482882,0.08490644531233543,0.005167382812493381,0.02045624999994748,0.005040308687555014,6.286090676355463e-06,6.286090676355463e-06,0.0,0.9988766787594974,6.254773881473686e-06,-3.1316794881777136e-08,0.9998977203546046,False
10.66775,1,435,436,3.220399999999997,3.220399999999997,0.0,0.021093749999947512,0.021093749999947512,0.0900064453123357,0.08420156249984227,0.005146289062493407,0.021093749999947512,0.005040308687555014,6.0287445248211795e-06,6.0287445248211795e-06,0.0,0.9982233426026488,6.019329917235225e-06,-9.414607585954112e-09,0.9998383428933579,False
10.68725,1,436,437,3.2262499999999967,3.2262499999999967,0.0,0.021824999999947456,0.021824999999947456,0.09005156249984186,0.08417402343734849,0.005511914062493379,0.021824999999947456,0.005040308687555014,6.369529007541514e-06,6.369529007541514e-06,0.0,0.9982453394502256,6.410727065951947e-06,4.119805841043328e-08,0.9998403540669574,False
10.70675,1,437,438,3.232099999999997,3.232099999999997,0.0,0.022556249999947466,0.022556249999947466,0.09002402343734864,0.08341523437485523,0.005640820312493385,0.022556249999947466,0.005040308687555014,6.274579133446129e-06,6.274579133446129e-06,0.0,0.9983480410831553,6.25137849413033e-06,-2.320063931579965e-08,0.9998496321935758,False
10.72875,1,438,439,3.238699999999997,3.238699999999997,0.0,0.023381249999947454,0.023381249999947454,0.09001523437485524,0.08294707031236181,0.006053320312493379,0.023381249999947454,0.005040308687555014,5.299234294081428e-06,5.299234294081428e-06,0.0,0.9984048758661161,5.1833096414057175e-06,-1.1592465267571046e-07,0.9998547245291783,False
10.7525,1,439,440,3.245824999999997,3.245824999999997,0.0,0.024271874999947422,0.024271874999947422,0.0900720703123617,0.08211328124986828,0.006943945312493374,0.024271874999947422,0.005040308687555014,5.221475589334295e-06,5.221475589334295e-06,0.0,0.9985146909225294,5.455025962857645e-06,2.3355037352334952e-07,0.9998645621466857,False
10.779,1,440,441,3.253774999999997,3.2537749999999965,-4.440892098500626e-16,0.025265624999947413,0.025265624999947413,0.09006328124986832,0.08171308593737492,0.007807031249986824,0.025265624999947413,0.005040308687555014,0.00011459396869468076,0.00011459396869468076,0.0,0.9987007233942662,0.000113599728490128,-9.942402045527655e-07,0.9998812763330834,False
10.806750000000001,1,441,442,3.2620999999999967,3.2620999999999967,0.0,0.02630624999994736,0.01315312499997368,0.0900380859373745,0.08064726562488114,0.008847656249986771,0.01315312499997368,0.005040308687555014,6.30431309638525e-05,6.30431309638525e-05,0.0,0.9988344801514251,6.8420967515959926e-06,-5.620103421225651e-05,0.9998923937821806,False
10.838000000000001,1,442,443,3.271474999999996,3.271474999999996,0.0,0.014324999999973652,0.014324999999973652,0.09002226562488091,0.08494716796863426,0.005075097656246655,0.014324999999973652,0.005040308687555014,7.0810645454448036e-06,7.0810645454448036e-06,0.0,0.9989708006519676,3.1324168129391594e-05,2.424310358394679e-05,0.9999064587655347,False
10.855,1,443,444,3.276574999999996,3.276574999999996,0.0,0.014962499999973617,0.014962499999973617,0.09004716796863399,0.08433457031238736,0.005393847656246637,0.014962499999973617,0.005040308687555014,6.807709992219413e-06,6.807709992219413e-06,0.0,0.9981946102378529,6.802702585066535e-06,-5.007407152877834e-09,0.9998357049372393,False
10.874,1,444,445,3.282274999999996,3.282274999999996,0.0,0.015674999999973606,0.015674999999973606,0.09003457031238729,0.08392822265614065,0.005933203124993352,0.015674999999973606,0.005040308687555014,6.851050655217277e-06,6.851050655217277e-06,0.0,0.9983109919930978,6.798538041256308e-06,-5.251261396096887e-08,0.9998462489870137,False
10.89425,1,445,446,3.288349999999996,3.288349999999996,0.0,0.016434374999973616,0.016434374999973616,0.0900032226561408,0.08313749999989412,0.006312890624993357,0.016434374999973616,0.005040308687555014,6.499238695268446e-06,6.499238695268446e-06,0.0,0.9984588457970166,6.442488843449244e-06,-5.6749851819201474e-08,0.9998595873579688,False
10.917250000000001,1,446,447,3.295249999999996,3.295249999999996,0.0,0.017296874999973583,0.017296874999973583,0.09003749999989397,0.0824824218749006,0.006495703124993336,0.017296874999973583,0.005040308687555014,5.344364456647135e-06,5.344364456647135e-06,0.0,0.9985624794520809,5.1772136750157725e-06,-1.671507816313622e-07,0.9998689174678226,False
10.9425,1,447,448,3.302824999999996,3.302824999999996,0.0,0.018243749999973552,0.018243749999973552,0.09005742187490044,0.08155546874990709,0.0069691406249933205,0.018243749999973552,0.005040308687555014,6.161814149334562e-06,6.161814149334562e-06,0.0,0.9986141120203325,6.397660150663396e-06,2.3584600132883326e-07,0.9998735122285132,False
10.97075,1,448,449,3.3112999999999957,3.3112999999999957,0.0,0.019303124999973522,0.019303124999973522,0.09003046874990692,0.0808488281249136,0.008028515624993316,0.019303124999973522,0.005040308687555014,6.502902433483816e-06,6.502902433483816e-06,0.0,0.9987155332788756,6.466787404485312e-06,-3.611502899850388e-08,0.9998817747400908,False
11.0015,1,449,450,3.320524999999995,3.320524999999995,0.0,0.02045624999997347,0.02045624999997347,0.0900738281249132,0.08490644531241658,0.005167382812496629,0.02045624999997347,0.005040308687555014,6.584311593439232e-06,6.584311593439232e-06,0.0,0.9988767022583184,6.567617226360334e-06,-1.669436707889835e-08,0.9998977415575145,False
11.0185,1,450,451,3.3256249999999956,3.325624999999995,-4.440892098500626e-16,0.021093749999973502,0.021093749999973502,0.09000644531241683,0.08420156249992015,0.005146289062496647,0.021093749999973502,0.005040308687555014,6.420728886589224e-06,6.420728886589224e-06,0.0,0.9982233494209313,6.404301829425414e-06,-1.6427057163809992e-08,0.9998383495621789,False
11.038,1,451,452,3.331474999999995,3.331474999999995,0.0,0.021824999999973446,0.021824999999973446,0.09005156249991975,0.08417402343742314,0.005511914062496619,0.021824999999973446,0.005040308687555014,6.417849717560721e-06,6.417849717560721e-06,0.0,0.9982453576765193,6.488795827725046e-06,7.094611016432461e-08,0.9998403709571373,False
11.057500000000001,1,452,453,3.3373249999999954,3.3373249999999954,0.0,0.022556249999973455,0.022556249999973455,0.09002402343742329,0.08341523437492665,0.0056408203124966244,0.022556249999973455,0.005040308687555014,6.45055006033381e-06,6.45055006033381e-06,0.0,0.9983480433667433,6.408258175381502e-06,-4.229188495230834e-08,0.9998496336108473,False
11.0795,1,453,454,3.343924999999995,3.343924999999995,0.0,0.023381249999973444,0.023381249999973444,0.09001523437492664,0.08294707031242998,0.006053320312496619,0.023381249999973444,0.005040308687555014,5.794317002612141e-06,5.794317002612141e-06,0.0,0.9984048770253313,5.684621011799935e-06,-1.0969599081220554e-07,0.9998547248834202,False
11.103250000000001,1,454,455,3.351049999999995,3.351049999999995,0.0,0.024271874999973412,0.024271874999973412,0.09007207031242986,0.08211328124993321,0.006943945312496614,0.024271874999973412,0.005040308687555014,4.92896047389923e-06,4.92896047389923e-06,0.0,0.9985146774033903,5.034505827245994e-06,1.0554535334676403e-07,0.9998645469855981,False
11.12975,1,455,456,3.358999999999995,3.358999999999995,0.0,0.025265624999973403,0.025265624999973403,0.09006328124993324,0.0817130859374366,0.007807031249993321,0.025265624999973403,0.005040308687555014,3.483419062671054e-05,3.483419062671054e-05,0.0,0.9987006886975744,5.716811283576696e-05,2.233392220905642e-05,0.9998812365490412,False
11.1575,1,456,457,3.367324999999995,3.367324999999995,0.0,0.02630624999997335,0.013153124999986675,0.09003808593743619,0.0806472656249396,0.008847656249993268,0.013153124999986675,0.005040308687555014,9.669254056662239e-05,9.669254056662239e-05,0.0,0.9988344159540323,8.947049501659352e-06,-8.774549106496303e-05,0.9998926633025248,False
11.18875,1,457,458,3.3766999999999943,3.3766999999999943,0.0,0.014324999999986647,0.014324999999986647,0.09002226562493937,0.0849471679686911,0.005075097656248275,0.014324999999986647,0.005040308687555014,7.233024989334769e-06,7.233024989334769e-06,0.0,0.9989708057352489,3.5468085925277615e-05,2.8235060935942845e-05,0.9999064638416213,False
11.20575,1,458,459,3.381799999999994,3.3817999999999944,4.440892098500626e-16,0.014962499999986612,0.014962499999986612,0.09004716796869083,0.08433457031244257,0.005393847656248257,0.014962499999986612,0.005040308687555014,6.988884547509967e-06,6.988884547509967e-06,0.0,0.9981946138687471,6.986127766540258e-06,-2.7567809697092837e-09,0.9998357085998224,False
11.22475,1,459,460,3.387499999999994,3.387499999999994,0.0,0.0156749999999866,0.0156749999999866,0.09003457031244252,0.08392822265619425,0.005933203124996601,0.0156749999999866,0.005040308687555014,7.113582987284761e-06,7.113582987284761e-06,0.0,0.9983109967154475,7.0519906770237164e-06,-6.159231026104436e-08,0.9998462551243418,False
11.245000000000001,1,460,461,3.393574999999994,3.393574999999994,0.0,0.01643437499998661,0.01643437499998661,0.0900032226561944,0.0831374999999461,0.006312890624996606,0.01643437499998661,0.005040308687555014,6.6969842862568885e-06,6.6969842862568885e-06,0.0,0.9984588517612348,6.6641113850497864e-06,-3.287290120710209e-08,0.9998595925376321,False
11.268,1,461,462,3.400474999999994,3.400474999999994,0.0,0.017296874999986576,0.017296874999986576,0.09003749999994595,0.08248242187494931,0.0064957031249965845,0.017296874999986576,0.005040308687555014,5.923487751217078e-06,5.923487751217078e-06,0.0,0.9985624807263734,5.763554942583225e-06,-1.599328086338529e-07,0.9998689174638915,False
11.29325,1,462,463,3.408049999999994,3.408049999999994,0.0,0.018243749999986545,0.018243749999986545,0.09005742187494917,0.08155546874995256,0.006969140624996569,0.018243749999986545,0.005040308687555014,5.318613612544191e-06,5.318613612544191e-06,0.0,0.9986140958695455,5.611358625944192e-06,2.9274501340000145e-07,0.9998734958165706,False
11.3215,1,463,464,3.416524999999994,3.416524999999994,0.0,0.019303124999986515,0.019303124999986515,0.09003046874995241,0.08084882812495585,0.008028515624996565,0.019303124999986515,0.005040308687555014,9.413110439149622e-05,9.413110439149622e-05,0.0,0.9987154389867279,7.070558934045706e-06,-8.706054545745051e-05,0.9998819481036301,False
11.35225,1,464,465,3.425749999999994,3.4257499999999936,-4.440892098500626e-16,0.02045624999998653,0.02045624999998653,0.09007382812495597,0.08490644531245768,0.005167382812498286,0.02045624999998653,0.005040308687555014,6.774326302293318e-06,6.774326302293318e-06,0.0,0.998876707003277,6.759574403924552e-06,-1.475189836876601e-08,0.9998977449921025,False
11.369250000000001,1,465,466,3.4308499999999933,3.4308499999999933,0.0,0.021093749999986495,0.021093749999986495,0.09000644531245741,0.08420156249995915,0.005146289062498271,0.021093749999986495,0.005040308687555014,6.6661904878272875e-06,6.6661904878272875e-06,0.0,0.9982233478561863,6.6531489182855455e-06,-1.3041569541741987e-08,0.9998383481390172,False
11.38875,1,466,467,3.436699999999994,3.436699999999994,0.0,0.021824999999986505,0.021824999999986505,0.09005156249995927,0.08417402343746097,0.005511914062498276,0.021824999999986505,0.005040308687555014,6.4515183692461105e-06,6.4515183692461105e-06,0.0,0.9982453712425602,6.5437510137506e-06,9.223264450448942e-08,0.9998403850912841,False
11.40825,1,467,468,3.4425499999999936,3.4425499999999936,0.0,0.022556249999986448,0.022556249999986448,0.09002402343746058,0.08341523437496232,0.005640820312498249,0.022556249999986448,0.005040308687555014,6.6201904266217785e-06,6.6201904266217785e-06,0.0,0.9983480457361283,6.57969905455039e-06,-4.049137207138827e-08,0.9998496359093463,False
11.430250000000001,1,468,469,3.4491499999999933,3.4491499999999933,0.0,0.023381249999986437,0.023381249999986437,0.09001523437496232,0.08294707031246407,0.0060533203124982435,0.023381249999986437,0.005040308687555014,6.162365174300385e-06,6.162365174300385e-06,0.0,0.9984048786277492,6.113924063342718e-06,-4.844111095766697e-08,0.9998547263129379,False
11.454,1,469,470,3.4562749999999935,3.4562749999999935,0.0,0.024271874999986405,0.024271874999986405,0.09007207031246393,0.0821132812499657,0.006943945312498238,0.024271874999986405,0.005040308687555014,5.120817980621651e-06,5.120817980621651e-06,0.0,0.9985146709832344,5.0937114821769934e-06,-2.7106498444657342e-08,0.9998645385109395,False
11.480500000000001,1,470,471,3.4642249999999937,3.4642249999999937,0.0,0.025265624999986396,0.025265624999986396,0.09006328124996574,0.08171308593746747,0.007807031249996569,0.025265624999986396,0.005040308687555014,7.034893498149465e-06,7.034893498149465e-06,0.0,0.9987006567675465,7.157900215727997e-06,1.2300671757853202e-07,0.9998812042451841,False
11.50825,1,471,472,3.472549999999993,3.472549999999993,0.0,0.026306249999986344,0.013153124999993172,0.09003808593746705,0.08064726562496885,0.008847656249996517,0.013153124999993172,0.005040308687555014,9.426714457423461e-05,9.426714457423461e-05,0.0,0.9988343689538485,9.944331511665974e-05,5.1761705424251315e-06,0.9998925962151353,False
11.5395,1,472,473,3.4819249999999924,3.4819249999999924,0.0,0.014324999999993144,0.014324999999993144,0.09002226562496862,0.08494716796871954,0.005075097656249088,0.014324999999993144,0.005040308687555014,7.4152788790057405e-06,7.4152788790057405e-06,0.0,0.9989708171441968,3.89841631144236e-05,3.156888423541786e-05,0.9999064682868972,False
11.5565,1,473,474,3.487024999999993,3.487024999999993,0.0,0.014962499999993174,0.014962499999993174,0.09004716796871978,0.08433457031247066,0.005393847656249103,0.014962499999993174,0.005040308687555014,7.163578947027904e-06,7.163578947027904e-06,0.0,0.9981946186615327,7.162551815654934e-06,-1.0271313729697017e-09,0.9998357131818647,False
11.5755,1,474,475,3.492724999999993,3.492724999999993,0.0,0.01567499999999316,0.01567499999999316,0.09003457031247059,0.08392822265622148,0.005933203124998259,0.01567499999999316,0.005040308687555014,7.378026535078547e-06,7.378026535078547e-06,0.0,0.9983109981918186,7.2911527281266765e-06,-8.687380695187024e-08,0.9998462580268951,False
11.59575,1,475,476,3.498799999999992,3.4987999999999926,4.440892098500626e-16,0.016434374999993104,0.016434374999993104,0.0900032226562211,0.08313749999997203,0.006312890624998231,0.016434374999993104,0.005040308687555014,6.9408725729705955e-06,6.9408725729705955e-06,0.0,0.9984588616864969,6.909765592432804e-06,-3.11069805377913e-08,0.9998596014117698,False
11.61875,1,476,477,3.505699999999992,3.505699999999992,0.0,0.01729687499999307,0.01729687499999307,0.09003749999997186,0.08248242187497365,0.006495703124998209,0.01729687499999307,0.005040308687555014,6.395347279807066e-06,6.395347279807066e-06,0.0,0.9985624841907373,6.288561209688589e-06,-1.067860701184771e-07,0.9998689200080461,False
11.644,1,477,478,3.513274999999992,3.513274999999992,0.0,0.01824374999999304,0.01824374999999304,0.09005742187497351,0.08155546874997531,0.006969140624998193,0.01824374999999304,0.005040308687555014,4.7963424730051275e-06,4.7963424730051275e-06,0.0,0.9986140827785138,4.955963054609363e-06,1.5962058160423533e-07,0.9998734818478405,False
11.67225,1,478,479,3.521749999999992,3.521749999999992,0.0,0.01930312499999301,0.01930312499999301,0.09003046874997514,0.08084882812497696,0.008028515624998189,0.01930312499999301,0.005040308687555014,0.00011931940372908605,0.00011931940372908605,0.0,0.998715348540758,0.00012236946686086886,3.0500631317828075e-06,0.9998818354352569,False
11.703,1,479,480,3.5309749999999918,3.5309749999999918,0.0,0.020456249999993025,0.020456249999993025,0.09007382812497708,0.08490644531247798,0.005167382812499099,0.020456249999993025,0.005040308687555014,6.934374453342436e-06,6.934374453342436e-06,0.0,0.9988767135916647,6.920572228950498e-06,-1.3802224391938449e-08,0.9998977504620616,False
11.72,1,480,481,3.536074999999992,3.5360749999999914,-4.440892098500626e-16,0.02109374999999299,0.02109374999999299,0.09000644531247771,0.08420156249997864,0.005146289062499084,0.02109374999999299,0.005040308687555014,6.872423632082116e-06,6.872423632082116e-06,0.0,0.9982233454998584,6.862366559430978e-06,-1.00570726511382e-08,0.9998383458334246,False
11.7395,1,481,482,3.541924999999992,3.541924999999992,0.0,0.021824999999993,0.021824999999993,0.09005156249997875,0.08417402343747965,0.005511914062499089,0.021824999999993,0.005040308687555014,6.564810533789839e-06,6.564810533789839e-06,0.0,0.9982453833115842,6.615409785789479e-06,5.059925199964025e-08,0.9998403990257532,False
11.759,1,482,483,3.5477749999999912,3.5477749999999912,0.0,0.022556249999992943,0.022556249999992943,0.09002402343747926,0.08341523437498018,0.005640820312499061,0.022556249999992943,0.005040308687555014,6.74259160360585e-06,6.74259160360585e-06,0.0,0.9983480530839322,6.740855734785746e-06,-1.7358688201045067e-09,0.9998496411780847,False
11.781,1,483,484,3.5543749999999914,3.5543749999999914,0.0,0.023381249999992932,0.023381249999992932,0.09001523437498019,0.08294707031248112,0.006053320312499055,0.023381249999992932,0.005040308687555014,6.46442204194585e-06,6.46442204194585e-06,0.0,0.9984048832775655,6.404705321494977e-06,-5.971672045087238e-08,0.9998547304317514,False
11.80475,1,484,485,3.5614999999999917,3.5614999999999917,0.0,0.0242718749999929,0.0242718749999929,0.09007207031248099,0.08211328124998193,0.00694394531249905,0.0242718749999929,0.005040308687555014,5.59666450057649e-06,5.59666450057649e-06,0.0,0.9985146697108164,5.502757300905066e-06,-9.390719967142399e-08,0.9998645356507291,False
11.83125,1,485,486,3.5694499999999914,3.5694499999999914,0.0,0.02526562499999289,0.02526562499999289,0.09006328124998197,0.08171308593748289,0.007807031249998193,0.02526562499999289,0.005040308687555014,6.466257929921537e-06,6.466257929921537e-06,0.0,0.9987006274235791,6.687131588346135e-06,2.2087365842459795e-07,0.9998811744898645,False
11.859,1,486,487,3.577774999999991,3.577774999999991,0.0,0.02630624999999284,0.01315312499999642,0.09003808593748247,0.08064726562498345,0.00884765624999814,0.01315312499999642,0.005040308687555014,5.2689379622391746e-05,5.2689379622391746e-05,0.0,0.9988343478849953,6.998718770618453e-05,1.7297808083792786e-05,0.9998925741206451,False
11.89025,1,487,488,3.5871499999999905,3.5871499999999905,0.0,0.014324999999996391,0.014324999999996391,0.09002226562498322,0.08494716796873374,0.005075097656249494,0.014324999999996391,0.005040308687555014,7.614563649561485e-06,7.614563649561485e-06,0.0,0.9989708296379471,4.875302072852167e-05,4.113845707896018e-05,0.9999064804915224,False
11.90725,1,488,489,3.592249999999991,3.592249999999991,0.0,0.014962499999996421,0.014962499999996421,0.090047167968734,0.08433457031248445,0.005393847656249509,0.014962499999996421,0.005040308687555014,7.291960215002652e-06,7.291960215002652e-06,0.0,0.9981946204949866,7.294925487967257e-06,2.9652729646045426e-09,0.9998357148797439,False
11.92625,1,489,490,3.597949999999991,3.5979499999999907,-4.440892098500626e-16,0.015674999999996407,0.015674999999996407,0.0900345703124844,0.08392822265623487,0.005933203124999071,0.015674999999996407,0.005040308687555014,7.778786041146498e-06,7.778786041146498e-06,0.0,0.9983109957795244,7.65128682024881e-06,-1.274992208976874e-07,0.9998462570532102,False
11.9465,1,490,491,3.6040249999999903,3.6040249999999903,0.0,0.01643437499999635,0.01643437499999635,0.09000322265623449,0.08313749999998502,0.006312890624999043,0.01643437499999635,0.005040308687555014,7.103447344270557e-06,7.103447344270557e-06,0.0,0.9984588704674414,7.0730835346647725e-06,-3.036380960578448e-08,0.9998596088588765,False
11.9695,1,491,492,3.61092499999999,3.61092499999999,0.0,0.01729687499999632,0.01729687499999632,0.09003749999998485,0.08248242187498583,0.006495703124999021,0.01729687499999632,0.005040308687555014,6.729076915229051e-06,6.729076915229051e-06,0.0,0.998562486727569,6.677404486794743e-06,-5.167242843430789e-08,0.9998689221972428,False
11.99475,1,492,493,3.6184999999999907,3.6184999999999907,0.0,0.018243749999996353,0.018243749999996353,0.09005742187498621,0.08155546874998713,0.006969140624999038,0.018243749999996353,0.005040308687555014,4.952661837409803e-06,4.952661837409803e-06,0.0,0.9986140743786739,4.903430868129333e-06,-4.923096928047071e-08,0.9998734720452794,False
