time,inserted_nodes,node_count_before,node_count_after,rest_length_before,rest_length_after,rest_length_error,tail_rest_length_before,tail_rest_length_after,payout_buffer_rest_length_before,payout_buffer_rest_length_after,payout_buffer_min_rest_length_after,payout_buffer_max_rest_length_after,minimum_physical_rest_length_after,peak_tension_before,peak_tension_after,peak_tension_jump,minimum_geometric_ratio_after,peak_tension_post_step,peak_tension_post_step_jump,minimum_standard_ratio_post_step,remeshed_in_same_step
0.51825,1,33,34,0.33000936709664375,0.33000936709664375,0.0,0.01125117088708047,0.005625585443540235,0.09000936709664376,0.07875819620956329,0.005625585443540235,0.01125117088708047,0.005625585443540235,0.0,0.0,0.0,0.9998311069913249,0.0,0.0,0.9999838331071355,False
0.67675,1,34,35,0.34126621953024117,0.3412662195302412,5.551115123125783e-17,0.007032691997739922,0.007032691997739922,0.09001504864316073,0.07735677120188059,0.006329138720640074,0.012658277441280149,0.006329138720640074,0.0,0.0,0.0,0.9995699720598966,0.0,0.0,0.9999600501472216,False
0.801,1,35,36,0.3539373850381048,0.3539373850381048,0.0,0.008616587686222874,0.008616587686222874,0.09002793670974416,0.07578576357998107,0.007121086564881548,0.014242173129763096,0.007121086564881548,0.0,0.0,0.0,0.9994934756737481,0.0,0.0,0.9999529970603273,False
0.9107500000000001,1,36,37,0.3681689290518534,0.36816892905185333,-5.551115123125783e-17,0.01039553068794145,0.01039553068794145,0.09001730759372963,0.07399619146224798,0.005197765343970725,0.016021116131481654,0.005197765343970725,0.0,0.0,0.0,0.999447011562108,0.0,0.0,0.9999489339381463,False
1.01375,1,37,38,0.38420925356326496,0.38420925356326496,0.0,0.012400571251867908,0.012400571251867908,0.0900365159736596,0.07201035927825152,0.005848508987384024,0.012400571251867908,0.005848508987384024,0.0,0.0,0.0,0.9991956070415965,0.0,0.0,0.9999263376664066,False
1.1135,1,38,39,0.4022415053243292,0.40224150532432923,5.551115123125783e-17,0.014654602722000932,0.014654602722000932,0.09004261103931574,0.07688350943865614,0.006975524722450536,0.014654602722000932,0.006975524722450536,0.0,0.0,0.0,0.9991807598531144,0.0,0.0,0.999925047191161,False
1.179,1,39,40,0.41540611379146747,0.41540611379146747,0.0,0.016300178780393214,0.016300178780393214,0.09004811790579442,0.07524344024674254,0.0055512067182112495,0.016300178780393214,0.0055512067182112495,0.0,0.0,0.0,0.9991668470322667,0.0,0.0,0.9999237129183639,False
1.24725,1,40,41,0.4302155685640666,0.4302155685640665,-1.1102230246251565e-16,0.018151360626968052,0.018151360626968052,0.0900528950193416,0.07845359665685737,0.005236141313708855,0.018151360626968052,0.005236141313708855,0.0,0.0,0.0,0.9989549460781991,0.0,0.0,0.999904682387181,False
1.2975,1,41,42,0.44181270666978034,0.44181270666978034,0.0,0.019601002890182278,0.019601002890182278,0.09005073476257117,0.0770017941368727,0.005960962445315971,0.019601002890182278,0.005960962445315971,0.0,0.0,0.0,0.998783812133511,0.0,0.0,0.9998891263734937,False
1.35125,1,42,43,0.4548472464789508,0.4548472464789508,0.0,0.021230320366328576,0.021230320366328576,0.09003633394604316,0.08172123289297377,0.005240674152073337,0.021230320366328576,0.005240674152073337,0.0,0.0,0.0,0.998874850025769,0.0,0.0,0.9998974068825667,False
1.38425,1,43,44,0.4631619351356552,0.4631619351356552,0.0,0.022269656448416622,0.022269656448416622,0.09003592154967818,0.08068148441452075,0.005760342193117365,0.022269656448416622,0.005760342193117365,0.0,0.0,0.0,0.9986015162973632,0.0,0.0,0.9998724553816158,False
1.42025,1,44,45,0.47249415651522747,0.4724941565152274,-5.551115123125783e-17,0.023436184120863148,0.023436184120863148,0.09001370579409297,0.08021756211809614,0.006926869865563895,0.023436184120863148,0.006926869865563895,0.0,0.0,0.0,0.9986950482891934,0.0,0.0,0.9998801141075563,False
1.457,1,45,46,0.4822930084148188,0.4822930084148188,0.0,0.024661040608312073,0.024661040608312073,0.09001641401768755,0.08450591393596465,0.005510500081722884,0.024661040608312073,0.005510500081722884,0.0,0.0,0.0,0.9988601279400389,0.0,0.0,0.99989615247245,False
1.47725,1,46,47,0.4878060441578703,0.48780604415787027,-5.551115123125783e-17,0.025350170076193508,0.025350170076193508,0.09001894967901608,0.08381932012941176,0.005516597671888299,0.025350170076193508,0.005510500081722884,0.0,0.0,0.0,0.9984795743136463,0.0,0.0,0.9998614012345695,False
1.4997500000000001,1,47,48,0.4940234370166017,0.4940234370166017,0.0,0.026127344183534934,0.026127344183534934,0.09003671298814306,0.08496786400350323,0.00506884898463984,0.026127344183534934,0.00506884898463984,0.0,0.0,0.0,0.9984791505342551,0.0,0.0,0.9998615136721256,False
1.51775,1,48,49,0.49906514054328205,0.49906514054328194,-1.1102230246251565e-16,0.026757557124369988,0.026757557124369988,0.0900095675301836,0.08431050560470871,0.0053839554550573635,0.026757557124369988,0.00506884898463984,0.0,0.0,0.0,0.9983005760397232,0.0,0.0,0.9998452788942052,False
1.538,1,49,50,0.5048071093182959,0.5048071093182959,0.0,0.02747530322124672,0.02747530322124672,0.09005247437972261,0.08395077282778851,0.005482994482973724,0.02747530322124672,0.00506884898463984,0.0,0.0,0.0,0.9983923421417491,0.0,0.0,0.999853598496374,False
1.55925,1,50,51,0.5109101001585067,0.5109101001585067,0.0,0.028238177076273078,0.028238177076273078,0.09005376366799935,0.08318918826103888,0.0058644314104869,0.028238177076273078,0.00506884898463984,0.0,0.0,0.0,0.9984092153647439,0.0,0.0,0.9998550813973326,False
1.58275,1,51,52,0.5177485698454172,0.5177485698454172,0.0,0.02909298578713687,0.02909298578713687,0.09002765794794937,0.08292698089908548,0.0067192401213507155,0.02909298578713687,0.00506884898463984,0.0,0.0,0.0,0.9985012223813438,0.0,0.0,0.9998630204134955,False
1.6067500000000001,1,52,53,0.524825623364925,0.524825623364925,0.0,0.029977617477075367,0.029977617477075367,0.09000403441859331,0.08201872567979093,0.005072022536385068,0.029977617477075367,0.00506884898463984,0.0,0.0,0.0,0.9986582100659475,0.0,0.0,0.9998777231313452,False
1.6335,1,53,54,0.5328194836578664,0.5328194836578664,0.0,0.03097685001369302,0.03097685001369302,0.09001258597273235,0.08140948162482547,0.005571638804693909,0.03097685001369302,0.00506884898463984,0.0,0.0,0.0,0.9982964885661972,0.0,0.0,0.9998447752127415,False
1.6620000000000001,1,54,55,0.5414527343601772,0.5414527343601772,0.0,0.032056006351481876,0.032056006351481876,0.09004273232713625,0.08036047164144053,0.005175513045852492,0.032056006351481876,0.00506884898463984,0.0,0.0,0.0,0.9984237649609219,0.0,0.0,0.9998563360654068,False
1.6935,1,55,56,0.5511257134403558,0.5511257134403558,0.0,0.03326512873650417,0.03326512873650417,0.09003345072161902,0.08167391692580511,0.0057800742383636505,0.03326512873650417,0.00506884898463984,0.0,0.0,0.0,0.9983353891787505,0.0,0.0,0.9998481834523485,False
1.7205000000000001,1,56,57,0.5595186056690992,0.5595186056690993,1.1102230246251565e-16,0.03431424026509709,0.017157120132548546,0.09006680915454869,0.08065816383014182,0.006829185766956604,0.017157120132548546,0.00506884898463984,0.0,0.0,0.0,0.9984269258236667,0.0,0.0,0.9998556459103444,False
1.75025,1,57,58,0.5688664194959216,0.5688664194959216,0.0,0.01832559686090133,0.01832559686090133,0.09000597765696422,0.08496722476473881,0.005038752892225411,0.01832559686090133,0.005038752892225411,0.0,0.0,0.0,0.9986422078192034,0.0,0.0,0.999876353665151,False
1.76625,1,58,59,0.5739339912903407,0.5739339912903408,1.1102230246251565e-16,0.018959043335203717,0.018959043335203717,0.09003479655915794,0.08436259719263015,0.005355476129376606,0.018959043335203717,0.005038752892225411,0.0,0.0,0.0,0.9980754098669726,0.0,0.0,0.9998247959349181,False
1.784,1,59,60,0.5795863375280706,0.5795863375280708,1.1102230246251565e-16,0.01966558661491995,0.01966558661491995,0.09001494343036015,0.08395292402126728,0.006062019409092857,0.01966558661491995,0.005038752892225411,0.0,0.0,0.0,0.9981892266102186,0.0,0.0,0.9998342547519053,False
1.803,1,60,61,0.5856699380627448,0.5856699380627449,1.1102230246251565e-16,0.0204260366817542,0.0204260366817542,0.09003652455594133,0.08321405508001423,0.005351331754336733,0.0204260366817542,0.005038752892225411,0.0,0.0,0.0,0.998382272480823,0.0,0.0,0.9998527002788272,False
1.82425,1,61,62,0.5925113828956823,0.5925113828956824,1.1102230246251565e-16,0.021281217285871425,0.021281217285871425,0.09005549991295186,0.0838489875544979,0.0057789220563953326,0.021281217285871425,0.005038752892225411,0.0,0.0,0.0,0.9982118932024572,0.0,0.0,0.9998371707927088,False
1.8435000000000001,1,62,63,0.5987399188807486,0.5987399188807486,0.0,0.022059784284004725,0.022059784284004725,0.09007752353956422,0.083092444182977,0.005865924959206398,0.022059784284004725,0.005038752892225411,0.0,0.0,0.0,0.998299971073776,0.0,0.0,0.999845137078199,False
1.865,1,63,64,0.605727555188428,0.6057275551884281,1.1102230246251565e-16,0.022933238822464595,0.022933238822464595,0.0900800804906561,0.0826491368976676,0.006302652228436346,0.022933238822464595,0.005038752892225411,0.0,0.0,0.0,0.9983385150457341,0.0,0.0,0.9998485730177477,False
1.88775,1,64,65,0.61315266104003,0.61315266104003,0.0,0.02386137705391486,0.02386137705391486,0.09007424274926978,0.081715160924831,0.007014291873227446,0.02386137705391486,0.005038752892225411,0.0,0.0,0.0,0.9984452167120423,0.0,0.0,0.9998581210119746,False
1.9132500000000001,1,65,66,0.6215072404285391,0.6215072404285391,0.0,0.024905699477478498,0.024905699477478498,0.09006974031334014,0.08135790016065994,0.007536453085009264,0.024905699477478498,0.005038752892225411,0.0,0.0,0.0,0.9985998372044028,0.0,0.0,0.9998718494411507,False
1.93975,1,66,67,0.6302175526249765,0.6302175526249765,0.0,0.025994488502033182,0.012997244251016591,0.09006821235709728,0.0802675831798624,0.008625242109563926,0.012997244251016591,0.005038752892225411,0.0,0.0,0.0,0.9986881293593586,0.0,0.0,0.9998791552200785,False
1.9695,1,67,68,0.6400197663443226,0.6400197663443226,0.0,0.014222520965934845,0.014222520965934845,0.09006979689920844,0.08477520758774684,0.00529458931146159,0.014222520965934845,0.005038752892225411,0.0,0.0,0.0,0.9988489617155857,0.0,0.0,0.9998951007754057,False
1.9855,1,68,69,0.6452977378566542,0.6452977378566543,1.1102230246251565e-16,0.01488226740497631,0.01488226740497631,0.09005317910007857,0.08409884334957551,0.0056244625309823226,0.01488226740497631,0.005038752892225411,0.0,0.0,0.0,0.9980949455568852,0.0,0.0,0.9998265489938893,False
2.0035,1,69,70,0.6512375,0.6512375000000001,1.1102230246251565e-16,0.015624737672894535,0.015624737672894535,0.09003860549292131,0.08367167269402076,0.005887448371611851,0.015624737672894535,0.005038752892225411,0.0,0.0,0.0,0.9982181225613006,0.0,0.0,0.9998377436555238,False
2.02275,1,70,71,0.6575900000000003,0.6575900000000002,-1.1102230246251565e-16,0.016418800172894543,0.016418800172894543,0.09002417269402088,0.08286317739512031,0.006284479621611855,0.016418800172894543,0.005038752892225411,0.0,0.0,0.0,0.9983020070210162,0.0,0.0,0.9998453353027605,False
2.0445,1,71,72,0.6647675000000004,0.6647675000000004,0.0,0.01731598767289455,0.01731598767289455,0.09004067739512046,0.08246197902350855,0.006471992765720943,0.01731598767289455,0.005038752892225411,0.0,0.0,0.0,0.9984202496117199,0.0,0.0,0.999856038296553,False
2.0675,1,72,73,0.6723575000000007,0.6723575000000006,-1.1102230246251565e-16,0.018264737672894566,0.018264737672894566,0.09005197902350877,0.08152453065189683,0.00694636776572095,0.018264737672894566,0.005038752892225411,0.0,0.0,0.0,0.9984711427578586,0.0,0.0,0.9998605422542423,False
2.09325,1,73,74,0.6808550000000007,0.6808550000000008,1.1102230246251565e-16,0.019326925172894575,0.019326925172894575,0.09002203065189697,0.08082942603028505,0.008008555265720982,0.019326925172894575,0.005038752892225411,0.0,0.0,0.0,0.9985833543636854,0.0,0.0,0.9998698357587779,False
2.12125,1,74,75,0.6900950000000008,0.6900950000000009,1.1102230246251565e-16,0.02048192517289459,0.02048192517289459,0.09006942603028516,0.08489562371947919,0.00517380231080597,0.02048192517289459,0.005038752892225411,0.0,0.0,0.0,0.9987618837632328,0.0,0.0,0.9998872292691313,False
2.13675,1,75,76,0.6952100000000009,0.6952100000000008,-1.1102230246251565e-16,0.02112130017289459,0.02112130017289459,0.09001062371947921,0.08419744640867322,0.005138652632860508,0.02112130017289459,0.005038752892225411,0.0,0.0,0.0,0.9980484223952385,0.0,0.0,0.9998223650843118,False
2.1545,1,76,77,0.7010675000000008,0.7010675000000008,0.0,0.021853487672894596,0.021853487672894596,0.09005494640867331,0.08418410627581277,0.005504746382860511,0.021853487672894596,0.005038752892225411,0.0,0.0,0.0,0.9980675835367255,0.0,0.0,0.9998240891674889,False
2.17225,1,77,78,0.7069250000000009,0.706925000000001,1.1102230246251565e-16,0.0225856751728946,0.0225856751728946,0.09004160627581287,0.08343857864295232,0.005633652632860504,0.0225856751728946,0.005038752892225411,0.0,0.0,0.0,0.9981809911404517,0.0,0.0,0.9998343779485535,False
2.19225,1,78,79,0.7135250000000012,0.7135250000000011,-1.1102230246251565e-16,0.02341067517289461,0.02341067517289461,0.09003857864295248,0.08297664476009191,0.006046152632860509,0.02341067517289461,0.005038752892225411,0.0,0.0,0.0,0.9982434263814515,0.0,0.0,0.9998400164049893,False
2.21375,1,79,80,0.7206200000000014,0.7206200000000013,-1.1102230246251565e-16,0.024297550172894623,0.024297550172894623,0.09007164476009212,0.08212283587723153,0.006933027632860545,0.024297550172894623,0.005038752892225411,0.0,0.0,0.0,0.9983636037796821,0.0,0.0,0.999850796529502,False
2.23775,1,80,81,0.7285400000000016,0.7285400000000015,-1.1102230246251565e-16,0.025287550172894635,0.025287550172894635,0.09004283587723172,0.08170730824437111,0.007812043793223674,0.025287550172894635,0.005038752892225411,0.0,0.0,0.0,0.9985680469185532,0.0,0.0,0.9998691127001814,False
2.263,1,81,82,0.7368725000000018,0.7368725000000018,0.0,0.026329112672894655,0.013164556336447327,0.09003980824437127,0.08066271811151066,0.008853606293223694,0.013164556336447327,0.005038752892225411,0.0,0.0,0.0,0.9987185652200249,0.0,0.0,0.9998820265032591,False
2.2915,1,82,83,0.7462775000000017,0.7462775000000018,1.1102230246251565e-16,0.01434018133644733,0.01434018133644733,0.09006771811151068,0.08499761054508038,0.005070107566430301,0.01434018133644733,0.005038752892225411,0.0,0.0,0.0,0.9988686790896963,0.0,0.0,0.9998969011776726,False
2.30675,1,83,84,0.7513100000000018,0.7513100000000019,1.1102230246251565e-16,0.014969243836447337,0.014969243836447337,0.09003011054508045,0.08433094047865014,0.005384638816430304,0.014969243836447337,0.005038752892225411,0.0,0.0,0.0,0.9980093290287935,0.0,0.0,0.9998187743910313,False
2.324,1,84,85,0.7570025000000019,0.7570025000000019,0.0,0.01568080633644735,0.01568080633644735,0.0900234404786503,0.08392723916221995,0.0059324281466118685,0.01568080633644735,0.005038752892225411,0.0,0.0,0.0,0.9981389779818142,0.0,0.0,0.9998305635882386,False
2.3425000000000002,1,85,86,0.7631075000000022,0.7631075000000022,0.0,0.016443931336447358,0.016443931336447358,0.09003223916222006,0.0831729128457897,0.006313990646611872,0.016443931336447358,0.005038752892225411,0.0,0.0,0.0,0.9983055502439451,0.0,0.0,0.9998456845331907,False
2.36325,1,86,87,0.7699550000000024,0.7699550000000024,0.0,0.01729986883644737,0.01729986883644737,0.09002041284578988,0.08246892219917795,0.0064944593966118685,0.01729986883644737,0.005038752892225411,0.0,0.0,0.0,0.9984176477781588,0.0,0.0,0.999855832804381,False
2.38625,1,87,88,0.7775450000000025,0.7775450000000025,0.0,0.018248618836447367,0.018248618836447367,0.09005892219917802,0.0815586815525661,0.006968834396611868,0.018248618836447367,0.005038752892225411,0.0,0.0,0.0,0.9984757445268216,0.0,0.0,0.9998609972665709,False
2.412,1,88,89,0.7860425000000026,0.7860425000000026,0.0,0.019310806336447394,0.019310806336447394,0.09005618155256637,0.08087531590595443,0.008031021896611916,0.019310806336447394,0.005038752892225411,0.0,0.0,0.0,0.9985873082171495,0.0,0.0,0.9998702289469664,False
2.43975,1,89,90,0.7952000000000026,0.7952000000000026,0.0,0.020455493836447396,0.020455493836447396,0.09003281590595444,0.08487003933264846,0.005162776573305974,0.020455493836447396,0.005038752892225411,0.0,0.0,0.0,0.9987635169744542,0.0,0.0,0.9998873890783662,False
2.4555000000000002,1,90,91,0.8003975000000028,0.8003975000000029,1.1102230246251565e-16,0.02110518133644741,0.02110518133644741,0.09006753933264858,0.08425507525934259,0.005149885948305971,0.02110518133644741,0.005038752892225411,0.0,0.0,0.0,0.9980481763703195,0.0,0.0,0.9998223558783422,False
2.473,1,91,92,0.806172500000003,0.8061725000000028,-1.1102230246251565e-16,0.02182705633644742,0.02182705633644742,0.0900300752593427,0.08415831431103671,0.005510823448305976,0.02182705633644742,0.005038752892225411,0.0,0.0,0.0,0.9980678797430985,0.0,0.0,0.9998241320270729,False
2.4907500000000002,1,92,93,0.812030000000003,0.8120300000000029,-1.1102230246251565e-16,0.022559243836447425,0.022559243836447425,0.09001581431103681,0.08341186586273078,0.005639729698305973,0.022559243836447425,0.005038752892225411,0.0,0.0,0.0,0.998182753394424,0.0,0.0,0.9998345526757384,False
2.5107500000000003,1,93,94,0.8186300000000033,0.8186300000000033,0.0,0.023384243836447435,0.023384243836447435,0.09001186586273094,0.08294385491442491,0.006052229698305978,0.023384243836447435,0.005038752892225411,0.0,0.0,0.0,0.998245069412748,0.0,0.0,0.9998401820714369,False
2.53225,1,94,95,0.8257250000000034,0.8257250000000036,2.220446049250313e-16,0.024271118836447447,0.024271118836447447,0.09003885491442512,0.08208396896611905,0.006939104698306014,0.024271118836447447,0.005038752892225411,0.0,0.0,0.0,0.9983650257501422,0.0,0.0,0.9998509453977351,False
2.55625,1,95,96,0.8336450000000035,0.8336450000000034,-1.1102230246251565e-16,0.02526111883644746,0.02526111883644746,0.09000396896611924,0.08166236426781318,0.007802857834111881,0.02526111883644746,0.005038752892225411,0.0,0.0,0.0,0.9985691320066657,0.0,0.0,0.999869209281772,False
2.58175,1,96,97,0.8420600000000036,0.8420600000000035,-1.1102230246251565e-16,0.026312993836447456,0.013156496918223728,0.09007736426781315,0.08068388456950709,0.008854732834111877,0.013156496918223728,0.005038752892225411,0.0,0.0,0.0,0.9987187158448237,0.0,0.0,0.9998820112238492,False
2.61,1,97,98,0.8513825000000037,0.8513825000000037,0.0,0.014321809418223754,0.014321809418223754,0.0900063845695073,0.08493323847035426,0.005073146099153035,0.014321809418223754,0.005038752892225411,0.0,0.0,0.0,0.998867616685998,0.0,0.0,0.9998967907068694,False
2.6255,1,98,99,0.8564975000000037,0.8564975000000039,2.220446049250313e-16,0.014961184418223755,0.014961184418223755,0.09004823847035429,0.08433571737120124,0.005392833599153036,0.014961184418223755,0.005038752892225411,0.0,0.0,0.0,0.9980139490225498,0.0,0.0,0.9998191774929918,False
2.64275,1,99,100,0.8621900000000039,0.8621900000000039,0.0,0.01567274691822377,0.01567274691822377,0.0900282173712014,0.08392382127204832,0.00593299141705597,0.01567274691822377,0.005038752892225411,0.0,0.0,0.0,0.9981414490314804,0.0,0.0,0.9998307781635397,False
2.66125,1,100,101,0.8682950000000041,0.8682950000000041,0.0,0.016435871918223776,0.016435871918223776,0.09002882127204845,0.08316130017289534,0.006314553917055973,0.016435871918223776,0.005038752892225411,0.0,0.0,0.0,0.9983056680057885,0.0,0.0,0.9998456873398183,False
2.682,1,101,102,0.8751425000000044,0.8751425000000043,-1.1102230246251565e-16,0.017291809418223787,0.017291809418223787,0.09000880017289553,0.08245674625583949,0.006495022667055969,0.017291809418223787,0.005038752892225411,0.0,0.0,0.0,0.9984177482150787,0.0,0.0,0.9998558323646201,False
2.705,1,102,103,0.8827325000000044,0.8827325000000044,0.0,0.018240559418223785,0.018240559418223785,0.09004674625583957,0.08154594233878354,0.006969397667055968,0.018240559418223785,0.005038752892225411,0.0,0.0,0.0,0.9984758352604782,0.0,0.0,0.9998609892278074,False
2.73075,1,103,104,0.8912300000000045,0.8912300000000046,1.1102230246251565e-16,0.019302746918223795,0.019302746918223795,0.09004344233878367,0.08086201342172764,0.008031585167056,0.019302746918223795,0.005038752892225411,0.0,0.0,0.0,0.9985873844462428,0.0,0.0,0.9998701948519926,False
2.7585,1,104,105,0.9003875000000046,0.9003875000000047,1.1102230246251565e-16,0.020447434418223814,0.020447434418223814,0.09001951342172779,0.08485645521319976,0.005163058208528025,0.020447434418223814,0.005038752892225411,0.0,0.0,0.0,0.9987635740470882,0.0,0.0,0.999887383843923,False
2.77425,1,105,106,0.9055850000000047,0.9055850000000047,0.0,0.021097121918223827,0.021097121918223827,0.0900539552131999,0.08424120950467183,0.005150167583528022,0.021097121918223827,0.005038752892225411,0.0,0.0,0.0,0.9980482554628295,0.0,0.0,0.9998223556150903,False
2.79175,1,106,107,0.9113600000000048,0.9113600000000049,1.1102230246251565e-16,0.021818996918223837,0.021818996918223837,0.09001620950467196,0.0841441669211439,0.005511105083528027,0.021818996918223837,0.005038752892225411,0.0,0.0,0.0,0.9980679560002369,0.0,0.0,0.999824131121383,False
2.8095,1,107,108,0.9172175000000049,0.917217500000005,1.1102230246251565e-16,0.022551184418223843,0.022551184418223843,0.090001666921144,0.08339743683761593,0.005640011333528024,0.022551184418223843,0.005038752892225411,0.0,0.0,0.0,0.9981828193894242,0.0,0.0,0.9998345502932712,False
2.82975,1,108,109,0.9239000000000052,0.923900000000005,-1.1102230246251565e-16,0.023386496918223847,0.023386496918223847,0.09007993683761606,0.08300133175408798,0.006057667583528026,0.023386496918223847,0.005038752892225411,0.0,0.0,0.0,0.9982479218101811,0.0,0.0,0.999840427590123,False
2.851,1,109,110,0.9309125000000051,0.930912500000005,-1.1102230246251565e-16,0.024263059418223848,0.024263059418223848,0.09001383175408809,0.08205866417055999,0.0069342300835280495,0.024263059418223848,0.005038752892225411,0.0,0.0,0.0,0.9983638532654228,0.0,0.0,0.9998508169664303,False
2.87525,1,110,111,0.9389150000000056,0.9389150000000055,-1.1102230246251565e-16,0.02526337191822387,0.02526337191822387,0.09006116417056029,0.08170896533703217,0.007805999229555987,0.02526337191822387,0.005038752892225411,0.0,0.0,0.0,0.9985700970518546,0.0,0.0,0.9998692704857011,False
2.9005,1,111,112,0.9472475000000057,0.9472475000000056,-1.1102230246251565e-16,0.026304934418223874,0.013152467209111937,0.0900414653370322,0.08064770400350407,0.008847561729555989,0.013152467209111937,0.005038752892225411,0.0,0.0,0.0,0.9987176575092721,0.0,0.0,0.9998818675954242,False
2.9290000000000003,1,112,113,0.9566525000000057,0.9566525000000057,0.0,0.014328092209111958,0.014328092209111958,0.09005270400350424,0.08497683896174019,0.00507586504176406,0.014328092209111958,0.005038752892225411,0.0,0.0,0.0,0.998867952036558,0.0,0.0,0.9998968057074927,False
2.9442500000000003,1,113,114,0.9616850000000057,0.9616850000000057,0.0,0.014957154709111964,0.014957154709111964,0.09000933896174025,0.08430441141997616,0.005390396291764063,0.014957154709111964,0.005038752892225411,0.0,0.0,0.0,0.9980112778695118,0.0,0.0,0.9998189124147594,False
2.96175,1,114,115,0.9674600000000058,0.9674600000000059,1.1102230246251565e-16,0.015679029709111975,0.015679029709111975,0.09007941141997629,0.0839671401282122,0.005937140239778026,0.015679029709111975,0.005038752892225411,0.0,0.0,0.0,0.9981438145735317,0.0,0.0,0.9998309694380925,False
2.98025,1,115,116,0.973565000000006,0.973565000000006,0.0,0.01644215470911198,0.01644215470911198,0.09007214012821231,0.08319674383644819,0.0063187027397780295,0.01644215470911198,0.005038752892225411,0.0,0.0,0.0,0.9983066912082731,0.0,0.0,0.9998457584907664,False
3.001,1,116,117,0.9804125000000061,0.9804125000000061,0.0,0.017298092209111993,0.017298092209111993,0.09004424383644838,0.0824880410966703,0.006496593364778022,0.017298092209111993,0.005038752892225411,0.0,0.0,0.0,0.9984186384193618,0.0,0.0,0.9998558881801952,False
3.024,1,117,118,0.9880025000000062,0.9880025000000063,1.1102230246251565e-16,0.01824684220911199,0.01824684220911199,0.09007804109667036,0.08157308835689227,0.006970968364778021,0.01824684220911199,0.005038752892225411,0.0,0.0,0.0,0.9984761317162815,0.0,0.0,0.9998609868788977,False
3.04975,1,118,119,0.9965000000000063,0.9965000000000064,1.1102230246251565e-16,0.019309029709112017,0.019309029709112017,0.09007058835689255,0.08088501061711444,0.00803315586477807,0.019309029709112017,0.005038752892225411,0.0,0.0,0.0,0.9985876372603638,0.0,0.0,0.9998701734786487,False
3.0775,1,119,120,1.0056575000000065,1.0056575000000065,0.0,0.02045371720911202,0.02045371720911202,0.09004251061711446,0.08487737799722542,0.005165132619889053,0.02045371720911202,0.005038752892225411,0.0,0.0,0.0,0.9987637647194363,0.0,0.0,0.9998873832222018,False
3.0932500000000003,1,120,121,1.0108550000000065,1.0108550000000067,2.220446049250313e-16,0.021103404709112032,0.021103404709112032,0.09007487799722552,0.08426005787733644,0.005150952932389048,0.021103404709112032,0.005038752892225411,0.0,0.0,0.0,0.9980489320471024,0.0,0.0,0.999822401200825,False
3.11075,1,121,122,1.0166300000000068,1.0166300000000068,0.0,0.021825279709112043,0.021825279709112043,0.09003505787733657,0.08416222994494749,0.005511890432389054,0.021825279709112043,0.005038752892225411,0.0,0.0,0.0,0.9980681983584866,0.0,0.0,0.9998241376421259,False
3.1285000000000003,1,122,123,1.0224875000000069,1.0224875000000069,0.0,0.02255746720911205,0.02255746720911205,0.09001972994494759,0.0834147145125585,0.005640796682389051,0.02255746720911205,0.005038752892225411,0.0,0.0,0.0,0.9981830270329358,0.0,0.0,0.9998345476497883,False
3.1485,1,123,124,1.029087500000007,1.029087500000007,0.0,0.023382467209112058,0.023382467209112058,0.09001471451255866,0.08294563658016954,0.0060532966823890555,0.023382467209112058,0.005038752892225411,0.0,0.0,0.0,0.9982453203542575,0.0,0.0,0.9998401717658643,False
3.17,1,124,125,1.0361825000000071,1.0361825000000071,0.0,0.02426934220911207,0.02426934220911207,0.09004063658016975,0.08208468364778063,0.006940171682389092,0.02426934220911207,0.005038752892225411,0.0,0.0,0.0,0.9983652419375335,0.0,0.0,0.9998509241234107,False
3.194,1,125,126,1.0441025000000075,1.0441025000000075,0.0,0.025259342209112082,0.025259342209112082,0.0900046836477808,0.08166201196539166,0.007802413677278037,0.025259342209112082,0.005038752892225411,0.0,0.0,0.0,0.9985692805321018,0.0,0.0,0.9998691604490388,False
3.2195,1,126,127,1.0525175000000073,1.0525175000000075,2.220446049250313e-16,0.02631121720911208,0.01315560860455604,0.09007701196539164,0.08068246528300249,0.008854288677278034,0.01315560860455604,0.005038752892225411,0.0,0.0,0.0,0.9987186103049872,0.0,0.0,0.9998819244842195,False
3.24775,1,127,128,1.0618400000000074,1.0618400000000074,0.0,0.014320921104556066,0.014320921104556066,0.0900049652830027,0.08493128569180813,0.005073679591194574,0.014320921104556066,0.005038752892225411,0.0,0.0,0.0,0.9988675345499396,0.0,0.0,0.9998967558766164,False
3.26325,1,128,129,1.0669550000000074,1.0669550000000076,2.220446049250313e-16,0.014960296104556067,0.014960296104556067,0.09004628569180814,0.08433323110061355,0.005393367091194575,0.014960296104556067,0.005038752892225411,0.0,0.0,0.0,0.9980140780167522,0.0,0.0,0.9998191412260368,False
3.2805,1,129,130,1.0726475000000077,1.0726475000000077,0.0,0.015671858604556083,0.015671858604556083,0.09002573110061374,0.08392080150941912,0.005932769338639047,0.015671858604556083,0.005038752892225411,0.0,0.0,0.0,0.9981415616711291,0.0,0.0,0.9998307437776044,False
3.299,1,130,131,1.0787525000000078,1.0787525000000078,0.0,0.01643498360455609,0.01643498360455609,0.09002580150941923,0.0831577469182246,0.006314331838639051,0.01643498360455609,0.005038752892225411,0.0,0.0,0.0,0.9983055579635598,0.0,0.0,0.9998456261577735,False
3.31975,1,131,132,1.085600000000008,1.085600000000008,0.0,0.0172909211045561,0.0172909211045561,0.09000524691822478,0.08245341507958567,0.0064948005886390475,0.0172909211045561,0.005038752892225411,0.0,0.0,0.0,0.9984176507025764,0.0,0.0,0.999855774177336,False
3.34275,1,132,133,1.093190000000008,1.0931900000000079,-2.220446049250313e-16,0.0182396711045561,0.0182396711045561,0.09004341507958574,0.08154283324094663,0.0069691755886390466,0.0182396711045561,0.005038752892225411,0.0,0.0,0.0,0.9984757434810605,0.0,0.0,0.9998609241124206,False
3.3685,1,133,134,1.1016875000000081,1.1016875000000081,0.0,0.019301858604556108,0.019301858604556108,0.09004033324094676,0.08085912640230766,0.008031363088639078,0.019301858604556108,0.005038752892225411,0.0,0.0,0.0,0.9985872975307111,0.0,0.0,0.9998701106143754,False
3.39625,1,134,135,1.1108450000000083,1.1108450000000083,0.0,0.020446546104556127,0.020446546104556127,0.09001662640230781,0.08485367923298825,0.005162947169319564,0.020446546104556127,0.005038752892225411,0.0,0.0,0.0,0.9987635081017218,0.0,0.0,0.9998873454913362,False
3.412,1,135,136,1.1160425000000085,1.1160425000000083,-2.220446049250313e-16,0.02109623360455614,0.02109623360455614,0.09005117923298836,0.08423854456366878,0.00515005654431956,0.02109623360455614,0.005038752892225411,0.0,0.0,0.0,0.9980481764506005,0.0,0.0,0.9998223105015425,False
3.4295,1,136,137,1.1218175000000086,1.1218175000000086,0.0,0.021818108604556134,0.021818108604556134,0.09001354456366875,0.08414161301934919,0.005510994044319557,0.021818108604556134,0.005038752892225411,0.0,0.0,0.0,0.9980678889164993,0.0,0.0,0.9998240967218488,False
3.4475000000000002,1,137,138,1.1277575000000086,1.1277575000000086,0.0,0.02256060860455615,0.02256060860455615,0.09008161301934939,0.08346718147502978,0.005645056544319561,0.02256060860455615,0.005038752892225411,0.0,0.0,0.0,0.9981857562070456,0.0,0.0,0.9998347884355014,False
3.4675000000000002,1,138,139,1.1343575000000088,1.1343575000000088,0.0,0.02338560860455616,0.02338560860455616,0.09006718147502993,0.08298868743071032,0.0060575565443195655,0.02338560860455616,0.005038752892225411,0.0,0.0,0.0,0.9982464519777504,0.0,0.0,0.999840247960357,False
3.48875,1,139,140,1.141370000000009,1.141370000000009,0.0,0.02426217110455616,0.02426217110455616,0.09000118743071042,0.08204613088639079,0.006934119044319589,0.02426217110455616,0.005038752892225411,0.0,0.0,0.0,0.9983637805584809,0.0,0.0,0.9998507573103319,False
3.513,1,140,141,1.149372500000009,1.149372500000009,0.0,0.025262483604556185,0.025262483604556185,0.09004863088639106,0.08170169934207142,0.0078057771511390655,0.025262483604556185,0.005038752892225411,0.0,0.0,0.0,0.9985700437268132,0.0,0.0,0.9998692205092226,False
3.53825,1,141,142,1.1577050000000093,1.1577050000000093,0.0,0.026304046104556188,0.013152023052278094,0.09003419934207144,0.08064570529775178,0.008847339651139067,0.013152023052278094,0.005038752892225411,0.0,0.0,0.0,0.9987175863297342,0.0,0.0,0.9998818089265783,False
3.56675,1,142,143,1.1671100000000094,1.1671100000000094,0.0,0.014327648052278114,0.014327648052278114,0.09005070529775194,0.08497489577559211,0.005075809522159829,0.014327648052278114,0.005038752892225411,0.0,0.0,0.0,0.9988679030415877,0.0,0.0,0.9998967777762353,False
3.5820000000000003,1,143,144,1.1721425000000094,1.1721425000000094,0.0,0.01495671055227812,0.01495671055227812,0.09000739577559218,0.08430252375343233,0.005390340772159832,0.01495671055227812,0.005038752892225411,0.0,0.0,0.0,0.9980112074320926,0.0,0.0,0.999818856754225,False
3.5995,1,144,145,1.1779175000000093,1.1779175000000097,4.440892098500626e-16,0.01567858555227813,0.01567858555227813,0.09007752375343245,0.0839653079812726,0.005937029200569565,0.01567858555227813,0.005038752892225411,0.0,0.0,0.0,0.9981437507466513,0.0,0.0,0.9998309204285972,False
3.618,1,145,146,1.1840225000000097,1.18402250000001,2.220446049250313e-16,0.016441710552278138,0.016441710552278138,0.0900703079812727,0.08319496720911282,0.006318591700569569,0.016441710552278138,0.005038752892225411,0.0,0.0,0.0,0.9983066235057937,0.0,0.0,0.9998457104926387,False
3.63875,1,146,147,1.19087000000001,1.19087000000001,0.0,0.01729764805227815,0.01729764805227815,0.09004246720911299,0.08248637550854337,0.006496482325569561,0.01729764805227815,0.005038752892225411,0.0,0.0,0.0,0.9984185588826557,0.0,0.0,0.9998558250594416,False
3.66175,1,147,148,1.19846000000001,1.19846000000001,0.0,0.018246398052278148,0.018246398052278148,0.09007637550854344,0.08157153380797383,0.0069708573255695605,0.018246398052278148,0.005038752892225411,0.0,0.0,0.0,0.9984760669790865,0.0,0.0,0.9998609352022533,False
3.6875,1,148,149,1.2069575000000101,1.2069575000000101,0.0,0.019308585552278157,0.019308585552278157,0.09006903380797396,0.08088356710740432,0.008033044825569591,0.019308585552278157,0.005038752892225411,0.0,0.0,0.0,0.9985875747908652,0.0,0.0,0.9998701161868565,False
3.71525,1,149,150,1.2161150000000105,1.2161150000000105,0.0,0.020453273052278176,0.020453273052278176,0.09004106710740448,0.08487599000711965,0.005165077100284823,0.020453273052278176,0.005038752892225411,0.0,0.0,0.0,0.9987637117606439,0.0,0.0,0.9998873428549728,False
3.731,1,150,151,1.2213125000000105,1.2213125000000105,0.0,0.02110296055227819,0.02110296055227819,0.09007349000711978,0.08425872540683493,0.005150897412784817,0.02110296055227819,0.005038752892225411,0.0,0.0,0.0,0.9980488837358031,0.0,0.0,0.99982236447259,False
3.7485,1,151,152,1.2270875000000108,1.2270875000000108,0.0,0.0218248355522782,0.0218248355522782,0.09003372540683505,0.0841609529940502,0.005511834912784823,0.0218248355522782,0.005038752892225411,0.0,0.0,0.0,0.9980681373321203,0.0,0.0,0.9998240932067659,False
3.76625,1,152,153,1.2329450000000108,1.2329450000000106,-2.220446049250313e-16,0.022557023052278205,0.022557023052278205,0.0900184529940503,0.08341349308126543,0.00564074116278482,0.022557023052278205,0.005038752892225411,0.0,0.0,0.0,0.9981829720242064,0.0,0.0,0.9998345086436069,False
3.78625,1,153,154,1.2395450000000108,1.2395450000000108,0.0,0.023382023052278215,0.023382023052278215,0.09001349308126559,0.08294447066848072,0.006053241162784825,0.023382023052278215,0.005038752892225411,0.0,0.0,0.0,0.9982452866928728,0.0,0.0,0.9998401453626038,False
3.80775,1,154,155,1.246640000000011,1.2466400000000113,2.220446049250313e-16,0.024268898052278227,0.024268898052278227,0.09003947066848092,0.08208357325569601,0.006940116162784861,0.024268898052278227,0.005038752892225411,0.0,0.0,0.0,0.9983651870664585,0.0,0.0,0.9998508730501046,False
3.83175,1,155,156,1.2545600000000112,1.2545600000000112,0.0,0.02525889805227824,0.02525889805227824,0.0900035732556962,0.0816609570929113,0.00780230263806958,0.02525889805227824,0.005038752892225411,0.0,0.0,0.0,0.9985692332376397,0.0,0.0,0.9998691226955277,False
3.85725,1,156,157,1.2629750000000113,1.2629750000000113,0.0,0.026310773052278236,0.013155386526139118,0.09007595709291127,0.08068146593012637,0.008854177638069578,0.013155386526139118,0.005038752892225411,0.0,0.0,0.0,0.9987185728311695,0.0,0.0,0.9998819034676732,False
3.8855,1,157,158,1.2722975000000116,1.2722975000000114,-2.220446049250313e-16,0.014320699026139144,0.014320699026139144,0.09000396593012658,0.08493031409873411,0.0050736518313924586,0.014320699026139144,0.005038752892225411,0.0,0.0,0.0,0.9988675078756454,0.0,0.0,0.9998967386760658,False
3.9010000000000002,1,158,159,1.2774125000000116,1.2774125000000116,0.0,0.014960074026139145,0.014960074026139145,0.09004531409873415,0.08433228726734167,0.005393339331392459,0.014960074026139145,0.005038752892225411,0.0,0.0,0.0,0.9980140338652767,0.0,0.0,0.9998191014940567,False
3.91825,1,159,160,1.2831050000000115,1.2831050000000115,0.0,0.015671636526139142,0.015671636526139142,0.09002478726734169,0.0839198854359492,0.0059327138190348105,0.015671636526139142,0.005038752892225411,0.0,0.0,0.0,0.9981414894011886,0.0,0.0,0.9998306792072581,False
3.93675,1,160,161,1.2892100000000117,1.2892100000000117,0.0,0.016434761526139166,0.016434761526139166,0.09002488543594947,0.08315685860455695,0.006314276319034823,0.016434761526139166,0.005038752892225411,0.0,0.0,0.0,0.9983055021687867,0.0,0.0,0.9998455855555419,False
3.9575,1,161,162,1.2960575000000119,1.2960575000000119,0.0,0.01729069902613916,0.01729069902613916,0.09000435860455698,0.0824525822855221,0.0064947450690348105,0.01729069902613916,0.005038752892225411,0.0,0.0,0.0,0.9984176030501236,0.0,0.0,0.999855731229227,False
3.9805,1,162,163,1.303647500000012,1.303647500000012,0.0,0.018239449026139175,0.018239449026139175,0.09004258228552234,0.08154205596648743,0.006969120069034818,0.018239449026139175,0.005038752892225411,0.0,0.0,0.0,0.9984756755565755,0.0,0.0,0.9998608669580856,False
4.00625,1,163,164,1.312145000000012,1.312145000000012,0.0,0.019301636526139185,0.019301636526139185,0.09003955596648748,0.08085840464745261,0.008031307569034836,0.019301636526139185,0.005038752892225411,0.0,0.0,0.0,0.9985872606945094,0.0,0.0,0.9998700841880516,False
4.034,1,164,165,1.3213025000000118,1.3213025000000118,0.0,0.020446324026139204,0.020446324026139204,0.09001590464745231,0.0848529852379349,0.005162919409517409,0.020446324026139204,0.005038752892225411,0.0,0.0,0.0,0.998763465586914,0.0,0.0,0.9998873070710921,False
4.04975,1,165,166,1.3265000000000113,1.3265000000000113,0.0,0.0210960115261392,0.0210960115261392,0.09005048523793463,0.08423787832841723,0.0051500287845173826,0.0210960115261392,0.005038752892225411,0.0,0.0,0.0,0.9980481579386932,0.0,0.0,0.9998222975283401,False
4.0672500000000005,1,166,167,1.3322750000000112,1.3322750000000112,0.0,0.02181788652613921,0.02181788652613921,0.09001287832841709,0.08414097454389971,0.005510966284517367,0.02181788652613921,0.005038752892225411,0.0,0.0,0.0,0.9980678393743851,0.0,0.0,0.9998240502738628,False
4.08525,1,167,168,1.338215000000011,1.338215000000011,0.0,0.02256038652613921,0.02256038652613921,0.09008097454389953,0.08346657075938214,0.005645028784517336,0.02256038652613921,0.005038752892225411,0.0,0.0,0.0,0.9981856915112154,0.0,0.0,0.9998347303716044,False
4.10525,1,168,169,1.3448150000000112,1.3448150000000112,0.0,0.023385386526139237,0.023385386526139237,0.09006657075938221,0.08298810447486482,0.0060575287845173265,0.023385386526139237,0.005038752892225411,0.0,0.0,0.0,0.9982464251199464,0.0,0.0,0.9998402334505989,False
4.1265,1,169,170,1.3518275000000113,1.3518275000000113,0.0,0.024261949026139255,0.024261949026139255,0.09000060447486485,0.08204557569034746,0.006934091284517343,0.024261949026139255,0.005038752892225411,0.0,0.0,0.0,0.9983637800700942,0.0,0.0,0.9998507612771272,False
4.15075,1,170,171,1.359830000000011,1.359830000000011,0.0,0.025262261526139244,0.025262261526139244,0.09004807569034715,0.08170117190582982,0.007805721631534653,0.025262261526139244,0.005038752892225411,0.0,0.0,0.0,0.9985699828432152,0.0,0.0,0.9998691672522524,False
4.176,1,171,172,1.3681625000000108,1.3681625000000108,0.0,0.02630382402613928,0.01315191201306964,0.0900336719058297,0.08064520562131239,0.008847284131534633,0.01315191201306964,0.005038752892225411,0.0,0.0,0.0,0.9987175285424186,0.0,0.0,0.9998817714025481,False
4.2045,1,172,173,1.3775675000000103,1.3775675000000103,0.0,0.014327537013069557,0.014327537013069557,0.09005020562131172,0.08497440997905312,0.0050757956422586075,0.014327537013069557,0.005038752892225411,0.0,0.0,0.0,0.9988678858584463,0.0,0.0,0.9998967658433064,False
4.21975,1,173,174,1.3826000000000098,1.3826000000000098,0.0,0.014956599513069527,0.014956599513069527,0.09000690997905292,0.0843020518367943,0.0053903268922585925,0.014956599513069527,0.005038752892225411,0.0,0.0,0.0,0.9980111806509294,0.0,0.0,0.9998188347177507,False
4.23725,1,174,175,1.3883750000000097,1.38837500000001,2.220446049250313e-16,0.0156784745130695,0.0156784745130695,0.09007705183679415,0.08396484994453554,0.00593700144076724,0.0156784745130695,0.005038752892225411,0.0,0.0,0.0,0.9981436930333051,0.0,0.0,0.9998308615721964,False
4.25575,1,175,176,1.39448000000001,1.39448000000001,0.0,0.016441599513069526,0.016441599513069526,0.0900698499445356,0.08319452305227698,0.006318563940767231,0.016441599513069526,0.005038752892225411,0.0,0.0,0.0,0.9983065447137163,0.0,0.0,0.9998456419310026,False
4.2765,1,176,177,1.4013275000000096,1.4013275000000096,0.0,0.01729753701306952,0.01729753701306952,0.09004202305227682,0.08248595911150955,0.006496454565767206,0.01729753701306952,0.005038752892225411,0.0,0.0,0.0,0.9984185382997829,0.0,0.0,0.9998558127611801,False
4.2995,1,177,178,1.4089175000000098,1.4089175000000098,0.0,0.018246287013069552,0.018246287013069552,0.09007595911150969,0.08157114517074243,0.006970829565767196,0.018246287013069552,0.005038752892225411,0.0,0.0,0.0,0.9984760218227687,0.0,0.0,0.9998608906767509,False
4.3252500000000005,1,178,179,1.4174150000000094,1.4174150000000094,0.0,0.019308474513069544,0.019308474513069544,0.09006864517074215,0.08088320622997497,0.008033017065767171,0.019308474513069544,0.005038752892225411,0.0,0.0,0.0,0.9985875218553311,0.0,0.0,0.9998700783201473,False
4.353,1,179,180,1.4265725000000091,1.4265725000000093,2.220446049250313e-16,0.020453162013069563,0.020453162013069563,0.09004070622997465,0.0848756430095911,0.005165063220383559,0.020453162013069563,0.005038752892225411,0.0,0.0,0.0,0.9987636992595832,0.0,0.0,0.9998873322499073,False
4.36875,1,180,181,1.4317700000000089,1.431770000000009,2.220446049250313e-16,0.02110284951306956,0.02110284951306956,0.09007314300959084,0.08425839228920728,0.005150883532883549,0.02110284951306956,0.005038752892225411,0.0,0.0,0.0,0.9980488673814581,0.0,0.0,0.9998223555742148,False
4.38625,1,181,182,1.437545000000009,1.437545000000009,0.0,0.02182472451306957,0.02182472451306957,0.09003339228920716,0.0841606337563236,0.005511821032883534,0.02182472451306957,0.005038752892225411,0.0,0.0,0.0,0.9980681322046651,0.0,0.0,0.999824084648848,False
4.404,1,182,183,1.4434025000000088,1.4434025000000088,0.0,0.022556912013069592,0.022556912013069592,0.09001813375632362,0.08341318772344003,0.005640727282883516,0.022556912013069592,0.005038752892225411,0.0,0.0,0.0,0.998182955071912,0.0,0.0,0.9998344854632898,False
4.424,1,183,184,1.4500025000000087,1.4500025000000087,0.0,0.023381912013069585,0.023381912013069585,0.09001318772343982,0.08294417919055627,0.006053227282883488,0.023381912013069585,0.005038752892225411,0.0,0.0,0.0,0.998245214013542,0.0,0.0,0.9998400826502447,False
4.4455,1,184,185,1.4570975000000086,1.4570975000000088,2.220446049250313e-16,0.024268787013069615,0.024268787013069615,0.0900391791905564,0.08208329565767283,0.006940102282883517,0.024268787013069615,0.005038752892225411,0.0,0.0,0.0,0.9983651618841545,0.0,0.0,0.9998508638174664,False
4.4695,1,185,186,1.4650175000000085,1.4650175000000085,0.0,0.025258787013069627,0.025258787013069627,0.09000329565767273,0.0816606933747892,0.0078022748782672555,0.025258787013069627,0.005038752892225411,0.0,0.0,0.0,0.9985692358204175,0.0,0.0,0.9998691224485586,False
4.495,1,186,187,1.4734325000000084,1.4734325000000084,0.0,0.02631066201306964,0.01315533100653482,0.0900756933747889,0.08068121609190543,0.00885414987826721,0.01315533100653482,0.005038752892225411,0.0,0.0,0.0,0.9987185157446075,0.0,0.0,0.999881852047635,False
4.52325,1,187,188,1.4827550000000078,1.482755000000008,2.220446049250313e-16,0.014320643506534761,0.014320643506534761,0.09000371609190497,0.08493007120046325,0.005073644891441707,0.014320643506534761,0.005038752892225411,0.0,0.0,0.0,0.9988674923154097,0.0,0.0,0.9998967259248379,False
4.53875,1,188,189,1.4878700000000076,1.4878700000000076,0.0,0.014960018506534707,0.014960018506534707,0.09004507120046286,0.08433205130902116,0.00539333239144168,0.014960018506534707,0.005038752892225411,0.0,0.0,0.0,0.9980140027537896,0.0,0.0,0.9998190763919254,False
4.556,1,189,190,1.4935625000000075,1.4935625000000075,0.0,0.015671581006534704,0.015671581006534704,0.0900245513090212,0.08391965641757948,0.005932699939133547,0.015671581006534704,0.005038752892225411,0.0,0.0,0.0,0.9981414811869189,0.0,0.0,0.9998306671126248,False
4.5745000000000005,1,190,191,1.4996675000000073,1.4996675000000073,0.0,0.016434706006534693,0.016434706006534693,0.09002465641757926,0.08315663652613756,0.006314262439133519,0.016434706006534693,0.005038752892225411,0.0,0.0,0.0,0.9983054390133248,0.0,0.0,0.9998455195492364,False
4.59525,1,191,192,1.5065150000000076,1.5065150000000074,-2.220446049250313e-16,0.017290643506534722,0.017290643506534722,0.09000413652613767,0.08245237408700412,0.006494731189133507,0.017290643506534722,0.005038752892225411,0.0,0.0,0.0,0.9984175427756659,0.0,0.0,0.999855684867666,False
4.61825,1,192,193,1.5141050000000074,1.5141050000000074,0.0,0.01823939350653472,0.01823939350653472,0.09004237408700397,0.08154186164787044,0.006969106189133478,0.01823939350653472,0.005038752892225411,0.0,0.0,0.0,0.998475680218244,0.0,0.0,0.9998608723676228,False
4.644,1,193,194,1.5226025000000072,1.5226025000000072,0.0,0.019301581006534747,0.019301581006534747,0.09003936164787044,0.08085822420873694,0.00803129368913349,0.019301581006534747,0.005038752892225411,0.0,0.0,0.0,0.9985871936758348,0.0,0.0,0.9998700207660199,False
4.67175,1,194,195,1.5317600000000067,1.5317600000000064,-2.220446049250313e-16,0.02044626850653473,0.02044626850653473,0.09001572420873634,0.08485281173916964,0.005162912469566704,0.02044626850653473,0.005038752892225411,0.0,0.0,0.0,0.9987634378132642,0.0,0.0,0.9998872865489697,False
4.6875,1,195,196,1.5369575000000066,1.5369575000000066,0.0,0.02109595600653476,0.02109595600653476,0.09005031173916966,0.08423771176960293,0.005150021844566699,0.02109595600653476,0.005038752892225411,0.0,0.0,0.0,0.9980481209011175,0.0,0.0,0.9998222686657504,False
4.705,1,196,197,1.5427325000000065,1.5427325000000063,-2.220446049250313e-16,0.021817831006534772,0.021817831006534772,0.09001271176960281,0.0841408149250361,0.0055109593445666835,0.021817831006534772,0.005038752892225411,0.0,0.0,0.0,0.9980678604802387,0.0,0.0,0.999824074027654,False
4.723,1,197,198,1.5486725000000063,1.5486725000000066,2.220446049250313e-16,0.022560331006534772,0.022560331006534772,0.0900808149250359,0.0834664180804692,0.005645021844566663,0.022560331006534772,0.005038752892225411,0.0,0.0,0.0,0.9981857149967286,0.0,0.0,0.999834748942949,False
4.743,1,198,199,1.5552725000000063,1.5552725000000063,0.0,0.023385331006534765,0.023385331006534765,0.09006641808046899,0.08298795873590231,0.006057521844566635,0.023385331006534765,0.005038752892225411,0.0,0.0,0.0,0.9982463592098875,0.0,0.0,0.9998401622051359,False
4.7642500000000005,1,199,200,1.562285000000006,1.5622850000000061,2.220446049250313e-16,0.024261893506534783,0.024261893506534783,0.09000045873590234,0.08204543689133567,0.006934084344566651,0.024261893506534783,0.005038752892225411,0.0,0.0,0.0,0.9983636778199739,0.0,0.0,0.9998506678096141,False
4.7885,1,200,201,1.5702875000000063,1.570287500000006,-2.220446049250313e-16,0.025262206006534806,0.025262206006534806,0.09004793689133567,0.08170104004676901,0.007805707751633544,0.025262206006534806,0.005038752892225411,0.0,0.0,0.0,0.9985700086741055,0.0,0.0,0.9998691996085315,False
4.81375,1,201,202,1.5786200000000057,1.5786200000000057,0.0,0.02630376850653481,0.013151884253267404,0.09003354004676858,0.080645080702202,0.008847270251633486,0.013151884253267404,0.005038752892225411,0.0,0.0,0.0,0.9987175543332217,0.0,0.0,0.9998817944256928,False
4.84225,1,202,203,1.5880250000000053,1.5880250000000053,0.0,0.014327509253267357,0.014327509253267357,0.09005008070220161,0.08497428852991833,0.0050757921722832805,0.014327509253267357,0.005038752892225411,0.0,0.0,0.0,0.9988678745640424,0.0,0.0,0.9998967550988723,False
4.8575,1,203,204,1.5930575000000051,1.5930575000000053,2.220446049250313e-16,0.014956571753267327,0.014956571753267327,0.09000678852991813,0.08430193385763485,0.0053903234222832655,0.014956571753267327,0.005038752892225411,0.0,0.0,0.0,0.9980111328036568,0.0,0.0,0.9998187915021236,False
4.875,1,204,205,1.5988325000000052,1.5988325000000052,0.0,0.015678446753267298,0.015678446753267298,0.09007693385763468,0.0839647354353514,0.005936994500816695,0.015678446753267298,0.005038752892225411,0.0,0.0,0.0,0.9981437000294394,0.0,0.0,0.999830870808331,False
4.8935,1,205,206,1.604937500000005,1.604937500000005,0.0,0.016441571753267287,0.016441571753267287,0.09006973543535118,0.08319441201306792,0.006318557000816667,0.016441571753267287,0.005038752892225411,0.0,0.0,0.0,0.9983065353107453,0.0,0.0,0.9998456245388283,False
4.91425,1,206,207,1.611785000000005,1.6117850000000051,2.220446049250313e-16,0.017297509253267316,0.017297509253267316,0.09004191201306805,0.08248585501225134,0.006496447625816651,0.017297509253267316,0.005038752892225411,0.0,0.0,0.0,0.9984184420041459,0.0,0.0,0.9998557204842443,False
4.93725,1,207,208,1.6193750000000047,1.6193750000000047,0.0,0.018246259253267314,0.018246259253267314,0.09007585501225117,0.08157104801143451,0.006970822625816622,0.018246259253267314,0.005038752892225411,0.0,0.0,0.0,0.9984760038282505,0.0,0.0,0.9998608847317363,False
4.963,1,208,209,1.6278725000000047,1.6278725000000047,0.0,0.01930844675326734,0.01930844675326734,0.09006854801143449,0.08088311601061786,0.008033010125816635,0.01930844675326734,0.005038752892225411,0.0,0.0,0.0,0.9985875116447094,0.0,0.0,0.9998700588917668,False
4.99075,1,209,210,1.6370300000000044,1.6370300000000042,-2.220446049250313e-16,0.02045313425326736,0.02045313425326736,0.09004061601061755,0.08487555626020926,0.005165059750408296,0.02045313425326736,0.005038752892225411,0.0,0.0,0.0,0.9987636315388635,0.0,0.0,0.9998872679085334,False
5.0065,1,210,211,1.6422275000000042,1.6422275000000042,0.0,0.021102821753267356,0.021102821753267356,0.09007305626020898,0.08425830900980069,0.0051508800629082715,0.021102821753267356,0.005038752892225411,0.0,0.0,0.0,0.998048808160217,0.0,0.0,0.9998223004783537,False
5.024,1,211,212,1.648002500000004,1.648002500000004,0.0,0.021824696753267366,0.021824696753267366,0.09003330900980057,0.08416055394689229,0.005511817562908256,0.021824696753267366,0.005038752892225411,0.0,0.0,0.0,0.9980681243853773,0.0,0.0,0.9998240888255175,False
5.04175,1,212,213,1.6538600000000039,1.6538600000000039,0.0,0.022556884253267354,0.022556884253267354,0.09001805394689201,0.08341311138398375,0.00564072381290823,0.022556884253267354,0.005038752892225411,0.0,0.0,0.0,0.9981829809283653,0.0,0.0,0.9998345192083693,False
5.06175,1,213,214,1.6604600000000036,1.6604600000000038,2.220446049250313e-16,0.02338188425326738,0.02338188425326738,0.09001311138398382,0.08294410632107554,0.00605322381290822,0.02338188425326738,0.005038752892225411,0.0,0.0,0.0,0.9982452099262297,0.0,0.0,0.9998400654032318,False
5.0832500000000005,1,214,215,1.6675550000000037,1.6675550000000037,0.0,0.024268759253267377,0.024268759253267377,0.09003910632107538,0.08208322625816714,0.006940098812908212,0.024268759253267377,0.005038752892225411,0.0,0.0,0.0,0.9983650794799468,0.0,0.0,0.9998507731639098,False
5.1072500000000005,1,215,216,1.6754750000000034,1.6754750000000036,2.220446049250313e-16,0.02525875925326739,0.02525875925326739,0.09000322625816704,0.0816606274452588,0.007802267938316686,0.02525875925326739,0.005038752892225411,0.0,0.0,0.0,0.9985691660592813,0.0,0.0,0.9998690690905712,False
5.13275,1,216,217,1.6838900000000034,1.6838900000000034,0.0,0.026310634253267403,0.013155317126633701,0.09007562744525849,0.08068115363235032,0.00885414293831664,0.013155317126633701,0.005038752892225411,0.0,0.0,0.0,0.9987185374823829,0.0,0.0,0.9998818819800082,False
5.1610000000000005,1,217,218,1.6932125000000027,1.6932125000000027,0.0,0.014320629626633642,0.014320629626633642,0.09000365363234984,0.08493001047589578,0.005073643156454055,0.014320629626633642,0.005038752892225411,0.0,0.0,0.0,0.9988674923562257,0.0,0.0,0.9998967249077765,False
5.1765,1,218,219,1.6983275000000027,1.6983275000000027,0.0,0.014960004626633624,0.014960004626633624,0.09004501047589566,0.0843319923194416,0.005393330656454046,0.014960004626633624,0.005038752892225411,0.0,0.0,0.0,0.9980139548956869,0.0,0.0,0.9998190299063956,False
5.1937500000000005,1,219,220,1.7040200000000023,1.7040200000000023,0.0,0.015671567126633586,0.015671567126633586,0.09002449231944135,0.0839195991629873,0.005932696469158263,0.015671567126633586,0.005038752892225411,0.0,0.0,0.0,0.9981414508474963,0.0,0.0,0.999830648539894,False
5.21225,1,220,221,1.7101250000000023,1.7101250000000026,2.220446049250313e-16,0.01643469212663361,0.01643469212663361,0.09002459916298737,0.08315658100653331,0.006314258969158253,0.01643469212663361,0.005038752892225411,0.0,0.0,0.0,0.9983054639625656,0.0,0.0,0.9998455431135409,False
5.2330000000000005,1,221,222,1.7169725000000025,1.7169725000000025,0.0,0.017290629626633604,0.017290629626633604,0.09000408100653315,0.08245232203737486,0.006494727719158222,0.017290629626633604,0.005038752892225411,0.0,0.0,0.0,0.9984174789354033,0.0,0.0,0.9998556108490814,False
5.256,1,222,223,1.7245625000000024,1.7245625000000024,0.0,0.018239379626633637,0.018239379626633637,0.090042322037375,0.08154181306821673,0.006969102719158212,0.018239379626633637,0.005038752892225411,0.0,0.0,0.0,0.9984755827136526,0.0,0.0,0.9998607864241318,False
5.28175,1,223,224,1.7330600000000023,1.7330600000000023,0.0,0.01930156712663363,0.01930156712663363,0.09003931306821641,0.08085817909905824,0.008031290219158188,0.01930156712663363,0.005038752892225411,0.0,0.0,0.0,0.998587223626375,0.0,0.0,0.9998700484066788,False
5.3095,1,224,225,1.742217500000002,1.7422175000000018,-2.220446049250313e-16,0.020446254626633648,0.020446254626633648,0.09001567909905792,0.08485276836447884,0.005162910734579071,0.020446254626633648,0.005038752892225411,0.0,0.0,0.0,0.9987633959645161,0.0,0.0,0.9998872370110482,False
5.3252500000000005,1,225,226,1.7474150000000015,1.7474150000000015,0.0,0.021095942126633644,0.021095942126633644,0.09005026836447858,0.08423767012989952,0.005150020109579057,0.021095942126633644,0.005038752892225411,0.0,0.0,0.0,0.9980480701678723,0.0,0.0,0.9998222154495954,False
5.3427500000000006,1,226,227,1.7531900000000014,1.7531900000000014,0.0,0.021817817126633655,0.021817817126633655,0.09001267012989939,0.08414077502032033,0.005510957609579041,0.021817817126633655,0.005038752892225411,0.0,0.0,0.0,0.9980677944494732,0.0,0.0,0.999824020570232,False
5.36075,1,227,228,1.7591300000000012,1.7591300000000012,0.0,0.022560317126633655,0.022560317126633655,0.09008077502032014,0.08346637991074107,0.005645020109579012,0.022560317126633655,0.005038752892225411,0.0,0.0,0.0,0.9981857018208546,0.0,0.0,0.9998347508739619,False
5.38075,1,228,229,1.7657300000000014,1.7657300000000014,0.0,0.023385317126633682,0.023385317126633682,0.09006637991074117,0.08298792230116209,0.006057520109579002,0.023385317126633682,0.005038752892225411,0.0,0.0,0.0,0.9982464158248885,0.0,0.0,0.9998402112171546,False
5.402,1,229,230,1.7727425000000014,1.7727425000000014,0.0,0.0242618796266337,0.0242618796266337,0.09000042230116212,0.08204540219158304,0.006934082609579019,0.0242618796266337,0.005038752892225411,0.0,0.0,0.0,0.9983636904699837,0.0,0.0,0.9998506629876406,False
5.4262500000000005,1,230,231,1.780745000000001,1.780745000000001,0.0,0.02526219212663369,0.02526219212663369,0.09004790219158275,0.08170100708200373,0.0078057042816582645,0.02526219212663369,0.005038752892225411,0.0,0.0,0.0,0.9985698863328145,0.0,0.0,0.9998690829411555,False
5.4515,1,231,232,1.7890775000000008,1.789077500000001,2.220446049250313e-16,0.026303754626633726,0.013151877313316863,0.09003350708200361,0.08064504947242462,0.008847266781658243,0.013151877313316863,0.005038752892225411,0.0,0.0,0.0,0.998717467557452,0.0,0.0,0.9998817230110754,False
5.48,1,232,233,1.7984825000000002,1.7984825000000002,0.0,0.01432750231331678,0.01432750231331678,0.09005004947242395,0.08497425816763451,0.005075791304789446,0.01432750231331678,0.005038752892225411,0.0,0.0,0.0,0.9988678810053838,0.0,0.0,0.9998967603722791,False
5.49525,1,233,234,1.803515,1.803515,0.0,0.01495656481331675,0.01495656481331675,0.09000675816763432,0.08430190436284486,0.005390322554789431,0.01495656481331675,0.005038752892225411,0.0,0.0,0.0,0.9980110971184997,0.0,0.0,0.9998187530230825,False
5.5127500000000005,1,234,235,1.8092899999999998,1.8092899999999998,0.0,0.015678439813316722,0.015678439813316722,0.09007690436284471,0.08396470680805526,0.0059369927658290455,0.015678439813316722,0.005038752892225411,0.0,0.0,0.0,0.9981436324555997,0.0,0.0,0.9998308144195956,False
5.53125,1,235,236,1.8153949999999999,1.8153949999999999,0.0,0.016441564813316746,0.016441564813316746,0.09006970680805532,0.08319438425326586,0.006318555265829036,0.016441564813316746,0.005038752892225411,0.0,0.0,0.0,0.9983065438132198,0.0,0.0,0.9998456425533718,False
5.5520000000000005,1,236,237,1.8222424999999998,1.8222424999999998,0.0,0.01729750231331674,0.01729750231331674,0.0900418842532657,0.08248582898743664,0.006496445890829011,0.01729750231331674,0.005038752892225411,0.0,0.0,0.0,0.9984184394320278,0.0,0.0,0.9998557037568236,False
5.575,1,237,238,1.8298324999999998,1.8298324999999998,0.0,0.018246252313316773,0.018246252313316773,0.09007582898743677,0.08157102372160771,0.006970820890829001,0.018246252313316773,0.005038752892225411,0.0,0.0,0.0,0.9984758832672451,0.0,0.0,0.9998607622120522,False
5.60075,1,238,239,1.8383299999999996,1.8383299999999996,0.0,0.019308439813316765,0.019308439813316765,0.0900685237216074,0.08088309345577843,0.008033008390828976,0.019308439813316765,0.005038752892225411,0.0,0.0,0.0,0.9985874944398105,0.0,0.0,0.9998700521001296,False
5.6285,1,239,240,1.8474874999999993,1.8474874999999993,0.0,0.020453127313316784,0.020453127313316784,0.09004059345577813,0.08487553457286368,0.005165058882914461,0.020453127313316784,0.005038752892225411,0.0,0.0,0.0,0.9987636521498813,0.0,0.0,0.9998872812023964,False
5.64425,1,240,241,1.852684999999999,1.852684999999999,0.0,0.02110281481331678,0.02110281481331678,0.09007303457286339,0.08425828818994895,0.005150879195414452,0.02110281481331678,0.005038752892225411,0.0,0.0,0.0,0.9980487780160066,0.0,0.0,0.9998222669804318,False
5.6617500000000005,1,241,242,1.858459999999999,1.858459999999999,0.0,0.02182468981331679,0.02182468981331679,0.09003328818994882,0.08416053399453435,0.005511816695414436,0.02182468981331679,0.005038752892225411,0.0,0.0,0.0,0.9980680255276072,0.0,0.0,0.9998239942623329,False
5.6795,1,242,243,1.864317499999999,1.864317499999999,0.0,0.022556877313316813,0.022556877313316813,0.09001803399453437,0.08341309229911989,0.0056407229454144186,0.022556877313316813,0.005038752892225411,0.0,0.0,0.0,0.9981828862316856,0.0,0.0,0.999834438185936,False
5.6995000000000005,1,243,244,1.8709174999999987,1.8709174999999987,0.0,0.023381877313316805,0.023381877313316805,0.09001309229911969,0.08294408810370524,0.0060532229454143905,0.023381877313316805,0.005038752892225411,0.0,0.0,0.0,0.9982452740506936,0.0,0.0,0.9998401360717581,False
5.721,1,244,245,1.8780124999999988,1.8780124999999988,0.0,0.024268752313316835,0.024268752313316835,0.09003908810370534,0.08208320890829088,0.00694009794541442,0.024268752313316835,0.005038752892225411,0.0,0.0,0.0,0.9983651408507365,0.0,0.0,0.9998508218097665,False
5.745,1,245,246,1.8859324999999987,1.8859324999999987,0.0,0.025258752313316847,0.025258752313316847,0.09000320890829078,0.08166061096287636,0.007802266203329061,0.025258752313316847,0.005038752892225411,0.0,0.0,0.0,0.9985690832940405,0.0,0.0,0.9998689739953419,False
5.7705,1,246,247,1.8943474999999985,1.8943474999999985,0.0,0.02631062731331686,0.01315531365665843,0.09007561096287606,0.08068113801746168,0.008854141203329014,0.01315531365665843,0.005038752892225411,0.0,0.0,0.0,0.9987184150181158,0.0,0.0,0.9998817637119571,False
5.79875,1,247,248,1.9036699999999978,1.903669999999998,2.220446049250313e-16,0.014320626156658372,0.014320626156658372,0.0900036380174612,0.08492999529475405,0.005073642722707159,0.014320626156658372,0.005038752892225411,0.0,0.0,0.0,0.9988675037321433,0.0,0.0,0.9998967358909078,False
5.81425,1,248,249,1.9087849999999977,1.9087849999999975,-2.220446049250313e-16,0.014960001156658317,0.014960001156658317,0.09004499529475364,0.0843319775720465,0.005393330222707131,0.014960001156658317,0.005038752892225411,0.0,0.0,0.0,0.9980139305700861,0.0,0.0,0.9998190018909203,False
5.8315,1,249,250,1.9144774999999976,1.9144774999999976,0.0,0.015671563656658314,0.015671563656658314,0.09002447757204654,0.08391958484933937,0.005932695601664449,0.015671563656658314,0.005038752892225411,0.0,0.0,0.0,0.9981413541549693,0.0,0.0,0.999830554402159,False
5.8500000000000005,1,250,251,1.9205824999999974,1.9205824999999974,0.0,0.016434688656658304,0.016434688656658304,0.09002458484933915,0.083156567126632,0.006314258101664421,0.016434688656658304,0.005038752892225411,0.0,0.0,0.0,0.9983054164291191,0.0,0.0,0.9998455109182423,False
5.87075,1,251,252,1.9274299999999975,1.9274299999999975,0.0,0.017290626156658332,0.017290626156658332,0.09000406712663213,0.08245230902496767,0.006494726851664409,0.017290626156658332,0.005038752892225411,0.0,0.0,0.0,0.9984175233474307,0.0,0.0,0.9998556482540023,False
5.89375,1,252,253,1.9350199999999973,1.9350199999999973,0.0,0.01823937615665833,0.01823937615665833,0.09004230902496752,0.08154180092330308,0.006969101851664381,0.01823937615665833,0.005038752892225411,0.0,0.0,0.0,0.9984755173806844,0.0,0.0,0.9998607071293861,False
5.9195,1,253,254,1.9435174999999973,1.9435174999999973,0.0,0.019301563656658357,0.019301563656658357,0.09003930092330306,0.08085816782163867,0.008031289351664393,0.019301563656658357,0.005038752892225411,0.0,0.0,0.0,0.9985871165622554,0.0,0.0,0.9998699525129787,False
5.94725,1,254,255,1.9526749999999966,1.9526749999999966,0.0,0.02044625115665834,0.02044625115665834,0.09001566782163807,0.08485275752080591,0.005162910300832155,0.02044625115665834,0.005038752892225411,0.0,0.0,0.0,0.9987634230244142,0.0,0.0,0.9998872697912539,False
5.963,1,255,256,1.9578724999999966,1.9578724999999966,0.0,0.02109593865665837,0.02109593865665837,0.09005025752080595,0.08423765971997375,0.00515001967583215,0.02109593865665837,0.005038752892225411,0.0,0.0,0.0,0.9980480345376045,0.0,0.0,0.999822177122957,False
5.9805,1,256,257,1.9636474999999964,1.9636474999999964,0.0,0.021817813656658382,0.021817813656658382,0.09001265971997363,0.08414076504414147,0.005510957175832135,0.021817813656658382,0.005038752892225411,0.0,0.0,0.0,0.9980677030267505,0.0,0.0,0.9998239238865131,False
5.9985,1,257,258,1.9695874999999963,1.9695874999999965,2.220446049250313e-16,0.022560313656658382,0.022560313656658382,0.0900807650441413,0.08346637036830915,0.0056450196758321145,0.022560313656658382,0.005038752892225411,0.0,0.0,0.0,0.9981855775764146,0.0,0.0,0.9998346314459772,False
6.0185,1,258,259,1.9761874999999962,1.9761874999999962,0.0,0.023385313656658375,0.023385313656658375,0.09006637036830892,0.0829879131924768,0.006057519675832086,0.023385313656658375,0.005038752892225411,0.0,0.0,0.0,0.9982464177250887,0.0,0.0,0.9998402313977502,False
6.03975,1,259,260,1.9831999999999963,1.983199999999996,-2.220446049250313e-16,0.024261876156658393,0.024261876156658393,0.09000041319247683,0.0820453935166447,0.006934082175832103,0.024261876156658393,0.005038752892225411,0.0,0.0,0.0,0.9983637727985085,0.0,0.0,0.9998507469852637,False
6.064,1,260,261,1.9912024999999962,1.9912024999999962,0.0,0.025262188656658417,0.025262188656658417,0.09004789351664469,0.08170099884081258,0.0078057034141644464,0.025262188656658417,0.005038752892225411,0.0,0.0,0.0,0.9985698611368434,0.0,0.0,0.9998690417607156,False
6.08925,1,261,262,1.9995349999999958,1.9995349999999958,0.0,0.02630375115665842,0.01315187557832921,0.09003349884081217,0.08064504166498013,0.008847265914164388,0.01315187557832921,0.005038752892225411,0.0,0.0,0.0,0.9987174075638525,0.0,0.0,0.9998816521708315,False
6.11775,1,262,263,2.0089399999999955,2.0089399999999955,0.0,0.014327500578329162,0.014327500578329162,0.09005004166497974,0.08497425057706373,0.005075791087916007,0.014327500578329162,0.005038752892225411,0.0,0.0,0.0,0.9988678921308572,0.0,0.0,0.9998967716700553,False
6.133,1,263,264,2.013972499999995,2.013972499999995,0.0,0.014956563078329132,0.014956563078329132,0.09000675057706353,0.08430189698914752,0.0053903223379159915,0.014956563078329132,0.005038752892225411,0.0,0.0,0.0,0.998011089304807,0.0,0.0,0.9998187419502792,False
6.1505,1,264,265,2.0197474999999954,2.019747499999995,-4.440892098500626e-16,0.015678438078329103,0.015678438078329103,0.09007689698914735,0.08396469965123135,0.005936992332082146,0.015678438078329103,0.005038752892225411,0.0,0.0,0.0,0.9981435472376022,0.0,0.0,0.9998307255715361,False
6.1690000000000005,1,265,266,2.0258524999999947,2.0258524999999947,0.0,0.016441563078329093,0.016441563078329093,0.09006969965123111,0.08319437731331514,0.006318554832082118,0.016441563078329093,0.005038752892225411,0.0,0.0,0.0,0.9983064431588675,0.0,0.0,0.9998455531833853,False
6.18975,1,266,267,2.032699999999995,2.032699999999995,0.0,0.01729750057832912,0.01729750057832912,0.09004187731331526,0.0824858224812331,0.006496445457082102,0.01729750057832912,0.005038752892225411,0.0,0.0,0.0,0.9984184917095081,0.0,0.0,0.9998557611609925,False
6.21275,1,267,268,2.0402899999999944,2.040289999999995,4.440892098500626e-16,0.01824625057832912,0.01824625057832912,0.09007582248123294,0.08157101764915083,0.0069708204570820735,0.01824625057832912,0.005038752892225411,0.0,0.0,0.0,0.9984758920594883,0.0,0.0,0.9998607543217622,False
6.2385,1,268,269,2.048787499999995,2.048787499999995,0.0,0.019308438078329146,0.019308438078329146,0.0900685176491508,0.08088308781706872,0.008033007957082085,0.019308438078329146,0.005038752892225411,0.0,0.0,0.0,0.9985873612174209,0.0,0.0,0.9998699201229704,False
6.26625,1,269,270,2.057944999999994,2.057944999999994,0.0,0.02045312557832913,0.02045312557832913,0.09004058781706811,0.08487552915102711,0.005165058666041003,0.02045312557832913,0.005038752892225411,0.0,0.0,0.0,0.9987636026220811,0.0,0.0,0.9998872450473582,False
6.282,1,270,271,2.0631424999999943,2.0631424999999943,0.0,0.02110281307832916,0.02110281307832916,0.09007302915102713,0.08425828298498611,0.005150878978540997,0.02110281307832916,0.005038752892225411,0.0,0.0,0.0,0.998048756160182,0.0,0.0,0.9998222393270111,False
6.2995,1,271,272,2.068917499999994,2.068917499999994,0.0,0.02182468807832917,0.02182468807832917,0.09003328298498597,0.08416052900644497,0.005511816478540981,0.02182468807832917,0.005038752892225411,0.0,0.0,0.0,0.9980679740273288,0.0,0.0,0.9998239316666417,False
6.3172500000000005,1,272,273,2.0747749999999936,2.0747749999999936,0.0,0.02255687557832916,0.02255687557832916,0.0900180290064447,0.0834130875279037,0.005640722728540955,0.02255687557832916,0.005038752892225411,0.0,0.0,0.0,0.9981827787700763,0.0,0.0,0.9998343217500569,False
6.33725,1,273,274,2.0813749999999933,2.0813749999999938,4.440892098500626e-16,0.023381875578329187,0.023381875578329187,0.09001308752790378,0.08294408354936278,0.006053222728540945,0.023381875578329187,0.005038752892225411,0.0,0.0,0.0,0.9982451828177142,0.0,0.0,0.9998400631985545,False
6.358750000000001,1,274,275,2.0884699999999934,2.0884699999999934,0.0,0.024268750578329182,0.024268750578329182,0.09003908354936263,0.08208320457082165,0.006940097728540937,0.024268750578329182,0.005038752892225411,0.0,0.0,0.0,0.9983651984699288,0.0,0.0,0.9998508918129072,False
6.38275,1,275,276,2.0963899999999933,2.0963899999999933,0.0,0.025258750578329194,0.025258750578329194,0.09000320457082153,0.08166060684228058,0.007802265769582138,0.025258750578329194,0.005038752892225411,0.0,0.0,0.0,0.9985691372693817,0.0,0.0,0.9998690147421487,False
6.40825,1,276,277,2.104804999999993,2.104804999999993,0.0,0.026310625578329208,0.013155312789164604,0.09007560684228028,0.08068113411373937,0.008854140769582092,0.013155312789164604,0.005038752892225411,0.0,0.0,0.0,0.9987184185677412,0.0,0.0,0.9998817551098678,False
6.4365000000000006,1,277,278,2.1141274999999924,2.1141274999999924,0.0,0.014320625289164545,0.014320625289164545,0.0900036341137389,0.08492999149946848,0.005073642614270417,0.014320625289164545,0.005038752892225411,0.0,0.0,0.0,0.9988675104398093,0.0,0.0,0.999896743730972,False
6.452,1,278,279,2.1192424999999924,2.1192424999999924,0.0,0.014960000289164527,0.014960000289164527,0.09004499149946837,0.08433197388519795,0.005393330114270408,0.014960000289164527,0.005038752892225411,0.0,0.0,0.0,0.9980139295651275,0.0,0.0,0.9998189985173885,False
6.46925,1,279,280,2.1249349999999922,2.1249349999999922,0.0,0.015671562789164487,0.015671562789164487,0.09002447388519769,0.08391958127092727,0.005932695384790988,0.015671562789164487,0.005038752892225411,0.0,0.0,0.0,0.9981413103129535,0.0,0.0,0.9998305006929408,False
6.48775,1,280,281,2.1310399999999925,2.1310399999999925,0.0,0.01643468778916451,0.01643468778916451,0.09002458127092734,0.08315656365665691,0.0063142578847909785,0.01643468778916451,0.005038752892225411,0.0,0.0,0.0,0.9983052931320336,0.0,0.0,0.9998453891868267,False
6.5085,1,281,282,2.137887499999992,2.137887499999992,0.0,0.017290625289164505,0.017290625289164505,0.09000406365665675,0.08245230577186574,0.006494726634790948,0.017290625289164505,0.005038752892225411,0.0,0.0,0.0,0.9984175226805319,0.0,0.0,0.9998556634743431,False
6.5315,1,282,283,2.145477499999992,2.145477499999992,0.0,0.018239375289164503,0.018239375289164503,0.09004230577186559,0.08154179788707464,0.00696910163479092,0.018239375289164503,0.005038752892225411,0.0,0.0,0.0,0.9984755707324938,0.0,0.0,0.9998607488165048,False
6.55725,1,283,284,2.153974999999992,2.153974999999992,0.0,0.01930156278916453,0.01930156278916453,0.09003929788707461,0.0808581650022837,0.008031289134790932,0.01930156278916453,0.005038752892225411,0.0,0.0,0.0,0.9985870301528439,0.0,0.0,0.9998698568722282,False
6.585,1,284,285,2.1631324999999917,2.1631324999999917,0.0,0.02044625028916455,0.02044625028916455,0.09001566500228339,0.08485275480988796,0.0051629101923954335,0.02044625028916455,0.005038752892225411,0.0,0.0,0.0,0.9987633143217043,0.0,0.0,0.9998871660829493,False
6.600750000000001,1,285,286,2.1683299999999917,2.168329999999991,-4.440892098500626e-16,0.021095937789164545,0.021095937789164545,0.09005025480988768,0.08423765711749226,0.00515001956739542,0.021095937789164545,0.005038752892225411,0.0,0.0,0.0,0.9980480514259212,0.0,0.0,0.9998221898204009,False
6.61825,1,286,287,2.174104999999991,2.174104999999991,0.0,0.021817812789164556,0.021817812789164556,0.09001265711749214,0.08414076255009671,0.005510957067395405,0.021817812789164556,0.005038752892225411,0.0,0.0,0.0,0.9980676920226028,0.0,0.0,0.9998239025901465,False
6.63625,1,287,288,2.180044999999991,2.180044999999991,0.0,0.022560312789164556,0.022560312789164556,0.09008076255009653,0.0834663679827011,0.005645019567395384,0.022560312789164556,0.005038752892225411,0.0,0.0,0.0,0.9981855130503533,0.0,0.0,0.9998345533809935,False
6.65625,1,288,289,2.186644999999991,2.1866449999999915,4.440892098500626e-16,0.023385312789164583,0.023385312789164583,0.09006636798270118,0.08298791091530575,0.0060575195673953745,0.023385312789164583,0.005038752892225411,0.0,0.0,0.0,0.9982462703134859,0.0,0.0,0.9998400918188474,False
6.6775,1,289,290,2.1936574999999916,2.1936574999999916,0.0,0.0242618752891646,0.0242618752891646,0.09000041091530578,0.08204539134791033,0.006934082067395391,0.0242618752891646,0.005038752892225411,0.0,0.0,0.0,0.9983637256976193,0.0,0.0,0.9998507230237714,False
6.7017500000000005,1,290,291,2.201659999999991,2.201659999999991,0.0,0.02526218778916459,0.02526218778916459,0.09004789134791004,0.08170099678051465,0.00780570319729099,0.02526218778916459,0.005038752892225411,0.0,0.0,0.0,0.9985699520441808,0.0,0.0,0.999869124075991,False
6.727,1,291,292,2.2099924999999905,2.2099924999999905,0.0,0.026303750289164592,0.013151875144582296,0.09003349678051425,0.08064503971311893,0.008847265697290932,0.013151875144582296,0.005038752892225411,0.0,0.0,0.0,0.9987174722755238,0.0,0.0,0.9998817092159555,False
6.7555000000000005,1,292,293,2.2193974999999906,2.2193974999999906,0.0,0.014327500144582249,0.014327500144582249,0.09005003971311855,0.08497424867942091,0.005075791033697632,0.014327500144582249,0.005038752892225411,0.0,0.0,0.0,0.9988678949072654,0.0,0.0,0.9998967757079444,False
6.7707500000000005,1,293,294,2.22442999999999,2.22442999999999,0.0,0.014956562644582219,0.014956562644582219,0.09000674867942071,0.08430189514572307,0.005390322283697617,0.014956562644582219,0.005038752892225411,0.0,0.0,0.0,0.9980110937808282,0.0,0.0,0.9998187460001026,False
6.788250000000001,1,294,295,2.23020499999999,2.23020499999999,0.0,0.015678437644582193,0.015678437644582193,0.09007689514572291,0.08396469786202529,0.005936992223645408,0.015678437644582193,0.005038752892225411,0.0,0.0,0.0,0.9981435287573499,0.0,0.0,0.9998306975564419,False
6.80675,1,295,296,2.23630999999999,2.23630999999999,0.0,0.016441562644582217,0.016441562644582217,0.09006969786202534,0.0831943755783277,0.0063185547236453985,0.016441562644582217,0.005038752892225411,0.0,0.0,0.0,0.9983063392624236,0.0,0.0,0.9998454425040582,False
6.827500000000001,1,296,297,2.24315749999999,2.24315749999999,0.0,0.01729750014458221,0.01729750014458221,0.09004187557832755,0.08248582085468212,0.006496445348645374,0.01729750014458221,0.005038752892225411,0.0,0.0,0.0,0.9984184134140113,0.0,0.0,0.9998557004292792,False
6.8505,1,297,298,2.2507474999999904,2.2507474999999904,0.0,0.018246250144582244,0.018246250144582244,0.09007582085468224,0.08157101613103683,0.006970820348645363,0.018246250144582244,0.005038752892225411,0.0,0.0,0.0,0.9984759623325175,0.0,0.0,0.9998608210625244,False
6.87625,1,298,299,2.2592449999999897,2.2592449999999897,0.0,0.019308437644582236,0.019308437644582236,0.09006851613103653,0.0808830864073912,0.00803300784864534,0.019308437644582236,0.005038752892225411,0.0,0.0,0.0,0.9985873338695614,0.0,0.0,0.9998698794687062,False
6.904,1,299,300,2.2684024999999894,2.2684024999999894,0.0,0.020453125144582255,0.020453125144582255,0.09004058640739088,0.08487552779556824,0.005165058611822643,0.020453125144582255,0.005038752892225411,0.0,0.0,0.0,0.9987635162026757,0.0,0.0,0.9998871521851532,False
6.9197500000000005,1,300,301,2.2735999999999894,2.2735999999999894,0.0,0.02110281264458225,0.02110281264458225,0.09007302779556797,0.08425828168374534,0.0051508789243226326,0.02110281264458225,0.005038752892225411,0.0,0.0,0.0,0.9980487725036871,0.0,0.0,0.9998222584561866,False
6.937250000000001,1,301,302,2.2793749999999893,2.2793749999999893,0.0,0.02182468764458226,0.02182468764458226,0.09003328168374522,0.08416052775942258,0.005511816424322617,0.02182468764458226,0.005038752892225411,0.0,0.0,0.0,0.9980679796824108,0.0,0.0,0.9998239304566588,False
6.955,1,302,303,2.2852324999999887,2.2852324999999887,0.0,0.022556875144582284,0.022556875144582284,0.09001802775942258,0.08341308633509992,0.0056407226743226,0.022556875144582284,0.005038752892225411,0.0,0.0,0.0,0.9981827846691995,0.0,0.0,0.9998343132122162,False
6.9750000000000005,1,303,304,2.2918324999999884,2.291832499999989,4.440892098500626e-16,0.023381875144582277,0.023381875144582277,0.09001308633509969,0.08294408241077708,0.006053222674322572,0.023381875144582277,0.005038752892225411,0.0,0.0,0.0,0.9982450447177589,0.0,0.0,0.9998399204552191,False
6.9965,1,304,305,2.298927499999989,2.298927499999989,0.0,0.024268750144582307,0.024268750144582307,0.09003908241077721,0.08208320348645455,0.006940097674322601,0.024268750144582307,0.005038752892225411,0.0,0.0,0.0,0.9983650822351239,0.0,0.0,0.9998507958295825,False
7.0205,1,305,306,2.306847499999989,2.306847499999989,0.0,0.02525875014458232,0.02525875014458232,0.09000320348645444,0.08166060581213185,0.007802265661145428,0.02525875014458232,0.005038752892225411,0.0,0.0,0.0,0.9985692338221354,0.0,0.0,0.9998691142958941,False
7.046,1,306,307,2.3152624999999887,2.3152624999999887,0.0,0.026310625144582333,0.013155312572291166,0.09007560581213155,0.08068113313780899,0.008854140661145383,0.013155312572291166,0.005038752892225411,0.0,0.0,0.0,0.9987184869094557,0.0,0.0,0.9998818201955836,False
7.07425,1,307,308,2.3245849999999884,2.3245849999999884,0.0,0.014320625072291107,0.014320625072291107,0.09000363313780851,0.08492999055064726,0.005073642587161249,0.014320625072291107,0.005038752892225411,0.0,0.0,0.0,0.998867508252036,0.0,0.0,0.9998967424651589,False
7.08975,1,308,309,2.3296999999999874,2.3296999999999874,0.0,0.014960000072291053,0.014960000072291053,0.09004499055064687,0.08433197296348563,0.005393330087161222,0.014960000072291053,0.005038752892225411,0.0,0.0,0.0,0.998013935124977,0.0,0.0,0.9998190044878265,False
7.107,1,309,310,2.3353924999999878,2.3353924999999878,0.0,0.015671562572291048,0.015671562572291048,0.09002447296348567,0.08391958037632441,0.0059326953305726335,0.015671562572291048,0.005038752892225411,0.0,0.0,0.0,0.9981413242502764,0.0,0.0,0.999830508785958,False
7.1255,1,310,311,2.3414974999999876,2.3414974999999876,0.0,0.016434687572291037,0.016434687572291037,0.09002458037632417,0.08315656278916293,0.006314257830572606,0.016434687572291037,0.005038752892225411,0.0,0.0,0.0,0.9983052386474758,0.0,0.0,0.999845322867199,False
7.14625,1,311,312,2.3483449999999877,2.3483449999999877,0.0,0.017290625072291066,0.017290625072291066,0.09000406278916306,0.08245230495859042,0.006494726580572594,0.017290625072291066,0.005038752892225411,0.0,0.0,0.0,0.9984173887842764,0.0,0.0,0.9998555394678824,False
7.16925,1,312,313,2.3559349999999872,2.3559349999999872,0.0,0.018239375072291064,0.018239375072291064,0.09004230495859025,0.08154179712801765,0.006969101580572565,0.018239375072291064,0.005038752892225411,0.0,0.0,0.0,0.9984756314100981,0.0,0.0,0.9998608181797426,False
7.195,1,313,314,2.3644324999999875,2.3644324999999875,0.0,0.01930156257229109,0.01930156257229109,0.09003929712801764,0.08085816429744505,0.008031289080572577,0.01930156257229109,0.005038752892225411,0.0,0.0,0.0,0.9985870589592171,0.0,0.0,0.9998698724621987,False
7.2227500000000004,1,314,315,2.3735899999999868,2.3735899999999868,0.0,0.020446250072291075,0.020446250072291075,0.09001566429744447,0.08485275413215822,0.005162910165286247,0.020446250072291075,0.005038752892225411,0.0,0.0,0.0,0.9987632798900618,0.0,0.0,0.9998871210138316,False
7.2385,1,315,316,2.3787874999999867,2.3787874999999867,0.0,0.021095937572291105,0.021095937572291105,0.09005025413215825,0.08423765646687197,0.005150019540286242,0.021095937572291105,0.005038752892225411,0.0,0.0,0.0,0.998048031907377,0.0,0.0,0.9998221760151156,False
7.256,1,316,317,2.3845624999999866,2.3845624999999866,0.0,0.021817812572291116,0.021817812572291116,0.09001265646687184,0.0841407619265856,0.005510957040286227,0.021817812572291116,0.005038752892225411,0.0,0.0,0.0,0.9980677108461485,0.0,0.0,0.9998239169486377,False
7.274,1,317,318,2.3905024999999864,2.3905024999999864,0.0,0.022560312572291116,0.022560312572291116,0.0900807619265854,0.08346636738629915,0.005645019540286207,0.022560312572291116,0.005038752892225411,0.0,0.0,0.0,0.9981855463794352,0.0,0.0,0.9998345758588291,False
7.2940000000000005,1,318,319,2.397102499999986,2.3971024999999866,4.440892098500626e-16,0.02338531257229111,0.02338531257229111,0.09006636738629895,0.08298791034601272,0.006057519540286179,0.02338531257229111,0.005038752892225411,0.0,0.0,0.0,0.9982461748582909,0.0,0.0,0.9998399853991097,False
7.31525,1,319,320,2.4041149999999867,2.4041149999999862,-4.440892098500626e-16,0.024261875072291127,0.024261875072291127,0.09000041034601275,0.08204539080572652,0.006934082040286195,0.024261875072291127,0.005038752892225411,0.0,0.0,0.0,0.9983635540222788,0.0,0.0,0.9998505559700659,False
7.3395,1,320,321,2.412117499999986,2.412117499999986,0.0,0.02526218757229115,0.02526218757229115,0.09004789080572652,0.0817009962654403,0.00780570314307263,0.02526218757229115,0.005038752892225411,0.0,0.0,0.0,0.9985700214327679,0.0,0.0,0.9998692062663763,False
7.36475,1,321,322,2.420449999999986,2.420449999999986,0.0,0.026303750072291153,0.013151875036145576,0.09003349626543991,0.08064503922515376,0.008847265643072573,0.013151875036145576,0.005038752892225411,0.0,0.0,0.0,0.9987175310825371,0.0,0.0,0.9998817728345407,False
7.39325,1,322,323,2.4298549999999857,2.4298549999999857,0.0,0.01432750003614553,0.01432750003614553,0.0900500392251534,0.08497424820501034,0.005075791020143053,0.01432750003614553,0.005038752892225411,0.0,0.0,0.0,0.9988678918648894,0.0,0.0,0.9998967732039196,False
7.4085,1,323,324,2.434887499999985,2.434887499999985,0.0,0.0149565625361455,0.0149565625361455,0.09000674820501013,0.08430189468486707,0.005390322270143038,0.0149565625361455,0.005038752892225411,0.0,0.0,0.0,0.9980110955101238,0.0,0.0,0.9998187487900541,False
7.426,1,324,325,2.440662499999985,2.440662499999985,0.0,0.01567843753614547,0.01567843753614547,0.09007689468486692,0.08396469741472387,0.005936992196536237,0.01567843753614547,0.005038752892225411,0.0,0.0,0.0,0.9981435474339119,0.0,0.0,0.9998307130309018,False
7.444500000000001,1,325,326,2.446767499999985,2.446767499999985,0.0,0.01644156253614546,0.01644156253614546,0.09006969741472363,0.0831943751445806,0.0063185546965362095,0.01644156253614546,0.005038752892225411,0.0,0.0,0.0,0.9983063307839763,0.0,0.0,0.9998454221378226,False
7.46525,1,326,327,2.453614999999985,2.453614999999985,0.0,0.01729750003614549,0.01729750003614549,0.09004187514458073,0.08248582044804448,0.006496445321536194,0.01729750003614549,0.005038752892225411,0.0,0.0,0.0,0.9984182723812134,0.0,0.0,0.99985555952407,False
7.48825,1,327,328,2.4612049999999845,2.4612049999999845,0.0,0.018246250036145488,0.018246250036145488,0.09007582044804432,0.08157101575150812,0.006970820321536166,0.018246250036145488,0.005038752892225411,0.0,0.0,0.0,0.9984759479913582,0.0,0.0,0.9998608275278813,False
7.514,1,328,329,2.469702499999985,2.469702499999985,0.0,0.019308437536145515,0.019308437536145515,0.0900685157515081,0.08088308605497192,0.008033007821536178,0.019308437536145515,0.005038752892225411,0.0,0.0,0.0,0.9985873918336479,0.0,0.0,0.9998699268904366,False
7.54175,1,329,330,2.478859999999984,2.478859999999984,0.0,0.0204531250361455,0.0204531250361455,0.09004058605497131,0.08487552745670326,0.005165058598268049,0.0204531250361455,0.005038752892225411,0.0,0.0,0.0,0.9987635233553062,0.0,0.0,0.9998871503786735,False
7.5575,1,330,331,2.4840574999999845,2.4840574999999845,0.0,0.02110281253614553,0.02110281253614553,0.09007302745670329,0.08425828135843522,0.005150878910768043,0.02110281253614553,0.005038752892225411,0.0,0.0,0.0,0.998048724874421,0.0,0.0,0.9998222141861236,False
7.575,1,331,332,2.489832499999984,2.4898324999999843,4.440892098500626e-16,0.02182468753614554,0.02182468753614554,0.09003328135843508,0.08416052744766703,0.005511816410768027,0.02182468753614554,0.005038752892225411,0.0,0.0,0.0,0.9980680125814052,0.0,0.0,0.9998239617765844,False
7.5927500000000006,1,332,333,2.4956899999999838,2.4956899999999838,0.0,0.022556875036145528,0.022556875036145528,0.09001802744766677,0.08341308603689872,0.005640722660768001,0.022556875036145528,0.005038752892225411,0.0,0.0,0.0,0.9981828338085884,0.0,0.0,0.9998343589378142,False
7.61275,1,333,334,2.502289999999984,2.502289999999984,0.0,0.023381875036145555,0.023381875036145555,0.0900130860368988,0.08294408212613075,0.006053222660767991,0.023381875036145555,0.005038752892225411,0.0,0.0,0.0,0.9982449977419348,0.0,0.0,0.9998398615132317,False
7.63425,1,334,335,2.509384999999984,2.509384999999984,0.0,0.02426875003614555,0.02426875003614555,0.0900390821261306,0.08208320321536257,0.006940097660767983,0.02426875003614555,0.005038752892225411,0.0,0.0,0.0,0.9983649158023232,0.0,0.0,0.9998506260109814,False
7.65825,1,335,336,2.5173049999999835,2.5173049999999835,0.0,0.025258750036145562,0.025258750036145562,0.09000320321536245,0.08166060555459445,0.00780226563403623,0.025258750036145562,0.005038752892225411,0.0,0.0,0.0,0.9985691861992259,0.0,0.0,0.9998690926423283,False
7.68375,1,336,337,2.5257199999999833,2.5257199999999833,0.0,0.026310625036145577,0.013155312518072788,0.09007560555459415,0.0806811328938262,0.008854140634036185,0.013155312518072788,0.005038752892225411,0.0,0.0,0.0,0.9987185375664429,0.0,0.0,0.9998818805960598,False
7.712,1,337,338,2.535042499999983,2.535042499999983,0.0,0.014320625018072729,0.014320625018072729,0.09000363289382574,0.08492999031344178,0.00507364258038394,0.014320625018072729,0.005038752892225411,0.0,0.0,0.0,0.9988675055959944,0.0,0.0,0.9998967392396118,False
7.7275,1,338,339,2.5401574999999825,2.540157499999983,4.440892098500626e-16,0.014960000018072711,0.014960000018072711,0.09004499031344168,0.08433197273305773,0.005393330080383931,0.014960000018072711,0.005038752892225411,0.0,0.0,0.0,0.9980139338839537,0.0,0.0,0.9998190044559246,False
7.74475,1,339,340,2.5458499999999824,2.545849999999983,4.440892098500626e-16,0.01567156251807267,0.01567156251807267,0.09002447273305747,0.08391958015267353,0.005932695317018034,0.01567156251807267,0.005038752892225411,0.0,0.0,0.0,0.998141345395949,0.0,0.0,0.9998305300836232,False
7.76325,1,340,341,2.5519549999999827,2.5519549999999827,0.0,0.016434687518072696,0.016434687518072696,0.0900245801526736,0.08315656257228965,0.006314257817018025,0.016434687518072696,0.005038752892225411,0.0,0.0,0.0,0.9983052549910814,0.0,0.0,0.9998453314864248,False
7.784,1,341,342,2.5588024999999823,2.5588024999999823,0.0,0.01729062501807269,0.01729062501807269,0.09000406257228949,0.08245230475527143,0.006494726567017994,0.01729062501807269,0.005038752892225411,0.0,0.0,0.0,0.9984172774941841,0.0,0.0,0.9998554212982698,False
7.807,1,342,343,2.5663924999999823,2.5663924999999823,0.0,0.018239375018072688,0.018239375018072688,0.09004230475527128,0.08154179693825328,0.006969101567017966,0.018239375018072688,0.005038752892225411,0.0,0.0,0.0,0.9984755227456604,0.0,0.0,0.999860729402706,False
7.83275,1,343,344,2.574889999999982,2.5748899999999826,4.440892098500626e-16,0.019301562518072714,0.019301562518072714,0.09003929693825326,0.0808581641212353,0.008031289067017978,0.019301562518072714,0.005038752892225411,0.0,0.0,0.0,0.9985871300077228,0.0,0.0,0.9998699371977477,False
7.8605,1,344,345,2.584047499999982,2.584047499999982,0.0,0.020446250018072733,0.020446250018072733,0.09001566412123499,0.08485275396272604,0.0051629101585089565,0.020446250018072733,0.005038752892225411,0.0,0.0,0.0,0.9987633080689359,0.0,0.0,0.9998871440786757,False
7.87625,1,345,346,2.5892449999999814,2.5892449999999814,0.0,0.02109593751807273,0.02109593751807273,0.09005025396272576,0.08423765630421681,0.005150019533508943,0.02109593751807273,0.005038752892225411,0.0,0.0,0.0,0.9980479792156608,0.0,0.0,0.9998221228073872,False
7.89375,1,346,347,2.5950199999999817,2.5950199999999812,-4.440892098500626e-16,0.02181781251807274,0.02181781251807274,0.09001265630421669,0.08414076177070774,0.005510957033508928,0.02181781251807274,0.005038752892225411,0.0,0.0,0.0,0.9980677434128844,0.0,0.0,0.9998239511988595,False
7.9117500000000005,1,347,348,2.6009599999999815,2.6009599999999815,0.0,0.02256031251807274,0.02256031251807274,0.09008076177070756,0.08346636723719861,0.0056450195335089074,0.02256031251807274,0.005038752892225411,0.0,0.0,0.0,0.9981855779192682,0.0,0.0,0.9998346070005841,False
7.93175,1,348,349,2.6075599999999812,2.6075599999999812,0.0,0.023385312518072767,0.023385312518072767,0.09006636723719869,0.08298791020368973,0.006057519533508898,0.023385312518072767,0.005038752892225411,0.0,0.0,0.0,0.998246167583904,0.0,0.0,0.9998399662484352,False
7.953,1,349,350,2.6145724999999813,2.6145724999999818,4.440892098500626e-16,0.024261875018072785,0.024261875018072785,0.09000041020368976,0.0820453906701808,0.006934082033508914,0.024261875018072785,0.005038752892225411,0.0,0.0,0.0,0.9983634395222382,0.0,0.0,0.9998504309986336,False
7.97725,1,350,351,2.6225749999999812,2.622574999999981,-4.440892098500626e-16,0.025262187518072774,0.025262187518072774,0.0900478906701805,0.08170099613667159,0.007805703129518036,0.025262187518072774,0.005038752892225411,0.0,0.0,0.0,0.9985698722536318,0.0,0.0,0.9998690792038155,False
8.0025,1,351,352,2.630907499999981,2.6309074999999806,-4.440892098500626e-16,0.026303750018072825,0.013151875009036413,0.0900334961366715,0.0806450391031626,0.008847265629518014,0.013151875009036413,0.005038752892225411,0.0,0.0,0.0,0.9987175065259282,0.0,0.0,0.9998817668066314,False
8.031,1,352,353,2.6403124999999803,2.6403124999999803,0.0,0.014327500009036329,0.014327500009036329,0.09005003910316194,0.08497424808640755,0.0050757910167543935,0.014327500009036329,0.005038752892225411,0.0,0.0,0.0,0.9988678896662964,0.0,0.0,0.9998967700198278,False
8.04625,1,353,354,2.6453449999999803,2.6453449999999803,0.0,0.014956562509036299,0.014956562509036299,0.09000674808640732,0.08430189456965295,0.0053903222667543785,0.014956562509036299,0.005038752892225411,0.0,0.0,0.0,0.9980110892319518,0.0,0.0,0.999818744044576,False
8.06375,1,354,355,2.65111999999998,2.65111999999998,0.0,0.01567843750903628,0.01567843750903628,0.09007689456965276,0.08396469730289838,0.005936992189758931,0.01567843750903628,0.005038752892225411,0.0,0.0,0.0,0.998143568432668,0.0,0.0,0.9998307346049302,False
8.08225,1,355,356,2.65722499999998,2.65722499999998,0.0,0.01644156250903635,0.01644156250903635,0.09006969730289827,0.08319437503614394,0.006318554689758903,0.01644156250903635,0.005038752892225411,0.0,0.0,0.0,0.9983063579659667,0.0,0.0,0.9998454458211523,False
8.103,1,356,357,2.66407249999998,2.66407249999998,0.0,0.01729750000903651,0.01729750000903651,0.09004187503614444,0.0824858203463855,0.006496445314758915,0.01729750000903651,0.005038752892225411,0.0,0.0,0.0,0.9984182015529677,0.0,0.0,0.9998554780133111,False
8.126,1,357,358,2.67166249999998,2.67166249999998,0.0,0.018246250009036614,0.018246250009036614,0.09007582034638546,0.08157101565662657,0.0069708203147588865,0.018246250009036614,0.005038752892225411,0.0,0.0,0.0,0.9984757917723783,0.0,0.0,0.9998606792299318,False
8.15175,1,358,359,2.6801599999999803,2.6801599999999803,0.0,0.01930843750903676,0.01930843750903676,0.09006851565662673,0.08088308596686786,0.008033007814758875,0.01930843750903676,0.005038752892225411,0.0,0.0,0.0,0.9985874719498847,0.0,0.0,0.999870009533432,False
8.1795,1,359,360,2.68931749999998,2.68931749999998,0.0,0.020453125009036868,0.020453125009036868,0.09004058596686738,0.08487552737198799,0.005165058594879393,0.020453125009036868,0.005038752892225411,0.0,0.0,0.0,0.9987635552903114,0.0,0.0,0.9998871798569361,False
8.19525,1,360,361,2.69451499999998,2.69451499999998,0.0,0.02110281250903697,0.02110281250903697,0.09007302737198807,0.08425828127710866,0.005150878907379385,0.02110281250903697,0.005038752892225411,0.0,0.0,0.0,0.9980486863925275,0.0,0.0,0.9998221724418711,False
8.21275,1,361,362,2.70028999999998,2.70028999999998,0.0,0.02182468750903706,0.02182468750903706,0.09003328127710858,0.0841605273697292,0.00551181640737937,0.02182468750903706,0.005038752892225411,0.0,0.0,0.0,0.9980680275092333,0.0,0.0,0.9998239803878348,False
8.230500000000001,1,362,363,2.7061474999999797,2.7061474999999797,0.0,0.02255687500903713,0.02255687500903713,0.09001802736972894,0.0834130859623496,0.00564072265737935,0.02255687500903713,0.005038752892225411,0.0,0.0,0.0,0.9981828529599935,0.0,0.0,0.9998343784713313,False
8.2505,1,363,364,2.7127474999999794,2.7127474999999794,0.0,0.023381875009037212,0.023381875009037212,0.09001308596234939,0.08294408205497009,0.006053222657379322,0.023381875009037212,0.005038752892225411,0.0,0.0,0.0,0.998245013696723,0.0,0.0,0.9998398679654888,False
8.272,1,364,365,2.719842499999979,2.719842499999979,0.0,0.024268750009037304,0.024268750009037304,0.0900390820549699,0.08208320314759063,0.006940097657379289,0.024268750009037304,0.005038752892225411,0.0,0.0,0.0,0.998364845652973,0.0,0.0,0.9998505427607368,False
8.296,1,365,366,2.7277624999999794,2.7277624999999794,0.0,0.02525875000903746,0.02525875000903746,0.09000320314759082,0.08166060549021154,0.007802265627259041,0.02525875000903746,0.005038752892225411,0.0,0.0,0.0,0.9985689940658363,0.0,0.0,0.9998689034646421,False
8.3215,1,366,367,2.736177499999979,2.736177499999979,0.0,0.026310625009037556,0.013155312504518778,0.09007560549021106,0.08068113283283185,0.008854140627258958,0.013155312504518778,0.005038752892225411,0.0,0.0,0.0,0.998718444044346,0.0,0.0,0.9998818078051206,False
8.34975,1,367,368,2.7454999999999785,2.7454999999999785,0.0,0.014320625004518719,0.014320625004518719,0.09000363283283137,0.0849299902541418,0.005073642578689581,0.014320625004518719,0.005038752892225411,0.0,0.0,0.0,0.9988675074191985,0.0,0.0,0.9998967394676033,False
8.36525,1,368,369,2.7506149999999785,2.750614999999979,4.440892098500626e-16,0.014960000004518737,0.014960000004518737,0.09004499025414196,0.08433197267545234,0.00539333007868959,0.014960000004518737,0.005038752892225411,0.0,0.0,0.0,0.9980139240064995,0.0,0.0,0.9998189961844299,False
8.3825,1,369,370,2.7563074999999784,2.7563074999999784,0.0,0.015671562504518666,0.015671562504518666,0.09002447267545177,0.08391958009676223,0.005932695313629424,0.015671562504518666,0.005038752892225411,0.0,0.0,0.0,0.998141362845551,0.0,0.0,0.9998305486605154,False
8.401,1,370,371,2.7624124999999786,2.7624124999999786,0.0,0.016434687504518812,0.016434687504518812,0.09002458009676269,0.08315656251807313,0.006314257813629432,0.016434687504518812,0.005038752892225411,0.0,0.0,0.0,0.9983052790293324,0.0,0.0,0.9998453545553729,False
8.42175,1,371,372,2.7692599999999787,2.7692599999999787,0.0,0.0172906250045189,0.0172906250045189,0.09000406251807305,0.08245230470444362,0.006494726563629399,0.0172906250045189,0.005038752892225411,0.0,0.0,0.0,0.9984172489887373,0.0,0.0,0.999855381289122,False
8.44475,1,372,373,2.7768499999999787,2.7768499999999787,0.0,0.018239375004519002,0.018239375004519002,0.09004230470444358,0.0815417968908142,0.006969101563629371,0.018239375004519002,0.005038752892225411,0.0,0.0,0.0,0.9984753672494029,0.0,0.0,0.9998605731272612,False
8.4705,1,373,374,2.785347499999979,2.785347499999979,0.0,0.019301562504519146,0.019301562504519146,0.09003929689081436,0.08085816407718502,0.008031289063629361,0.019301562504519146,0.005038752892225411,0.0,0.0,0.0,0.9985871589784961,0.0,0.0,0.9998699819662378,False
8.49825,1,374,375,2.7945049999999783,2.7945049999999783,0.0,0.020446250004519256,0.020446250004519256,0.09001566407718456,0.08485275392036994,0.005162910156814621,0.020446250004519256,0.005038752892225411,0.0,0.0,0.0,0.9987633458574692,0.0,0.0,0.9998871816417992,False
8.514,1,375,376,2.7997024999999787,2.7997024999999787,0.0,0.02109593750451936,0.02109593750451936,0.09005025392037001,0.08423765626355538,0.0051500195318146275,0.02109593750451936,0.005038752892225411,0.0,0.0,0.0,0.9980479665545843,0.0,0.0,0.9998221063628138,False
8.5315,1,376,377,2.8054774999999785,2.805477499999978,-4.440892098500626e-16,0.02181781250451945,0.02181781250451945,0.09001265626355529,0.08414076173174068,0.005510957031814612,0.02181781250451945,0.005038752892225411,0.0,0.0,0.0,0.998067734513974,0.0,0.0,0.9998239453674942,False
8.5495,1,377,378,2.811417499999978,2.811417499999978,0.0,0.022560312504519495,0.022560312504519495,0.09008076173174023,0.08346636719992567,0.0056450195318145805,0.022560312504519495,0.005038752892225411,0.0,0.0,0.0,0.99818560228056,0.0,0.0,0.9998346308964614,False
8.5695,1,378,379,2.818017499999978,2.818017499999978,0.0,0.02338531250451965,0.02338531250451965,0.09006636719992603,0.08298791016811144,0.006057519531814589,0.02338531250451965,0.005038752892225411,0.0,0.0,0.0,0.998246199896743,0.0,0.0,0.9998399926860628,False
8.59075,1,379,380,2.8250299999999777,2.8250299999999777,0.0,0.024261875004519692,0.024261875004519692,0.09000041016811086,0.08204539063629636,0.006934082031814507,0.024261875004519692,0.005038752892225411,0.0,0.0,0.0,0.998363442181841,0.0,0.0,0.9998504189344707,False
8.615,1,380,381,2.8330324999999776,2.8330324999999776,0.0,0.025262187504519827,0.025262187504519827,0.09004789063629635,0.08170099610448184,0.007805703126129626,0.025262187504519827,0.005038752892225411,0.0,0.0,0.0,0.998569710527423,0.0,0.0,0.9998689136768171,False
8.64025,1,381,382,2.8413649999999775,2.8413649999999775,0.0,0.026303750004519944,0.013151875002259972,0.09003349610448155,0.0806450390726671,0.008847265626129568,0.013151875002259972,0.005038752892225411,0.0,0.0,0.0,0.9987173420440908,0.0,0.0,0.9998816121616284,False
8.668750000000001,1,382,383,2.850769999999977,2.850769999999977,0.0,0.014327500002259961,0.014327500002259961,0.09005003907266701,0.0849742480567598,0.005075791015907214,0.014327500002259961,0.005038752892225411,0.0,0.0,0.0,0.998867892827454,0.0,0.0,0.9998967715842291,False
8.684000000000001,1,383,384,2.855802499999977,2.855802499999977,0.0,0.014956562502259931,0.014956562502259931,0.09000674805675957,0.08430189454085237,0.005390322265907199,0.014956562502259931,0.005038752892225411,0.0,0.0,0.0,0.9980110728876175,0.0,0.0,0.9998187297153132,False
8.7015,1,384,385,2.861577499999977,2.861577499999977,0.0,0.01567843750225991,0.01567843750225991,0.09007689454085219,0.08396469727494499,0.005936992188064747,0.01567843750225991,0.005038752892225411,0.0,0.0,0.0,0.9981435843754481,0.0,0.0,0.9998307520514086,False
8.72,1,385,386,2.867682499999977,2.867682499999977,0.0,0.016441562502259983,0.016441562502259983,0.09006969727494486,0.0831943750090377,0.0063185546880647194,0.016441562502259983,0.005038752892225411,0.0,0.0,0.0,0.9983063781245645,0.0,0.0,0.9998454656786423,False
8.74075,1,386,387,2.874529999999977,2.874529999999977,0.0,0.01729750000226007,0.01729750000226007,0.09004187500903764,0.08248582032097296,0.006496445313064692,0.01729750000226007,0.005038752892225411,0.0,0.0,0.0,0.998418204369999,0.0,0.0,0.9998554712355122,False
8.76375,1,387,388,2.8821199999999765,2.8821199999999765,0.0,0.018246250002260173,0.018246250002260173,0.09007582032097292,0.08157101563290829,0.006970820313064664,0.018246250002260173,0.005038752892225411,0.0,0.0,0.0,0.9984756616791701,0.0,0.0,0.9998605452439655,False
8.7895,1,388,389,2.8906174999999763,2.8906174999999763,0.0,0.019308437502260318,0.019308437502260318,0.09006851563290845,0.08088308594484384,0.008033007813064654,0.019308437502260318,0.005038752892225411,0.0,0.0,0.0,0.9985873866204136,0.0,0.0,0.999869945785598,False
8.81725,1,389,390,2.899774999999977,2.899774999999977,0.0,0.0204531250022605,0.0204531250022605,0.09004058594484393,0.08487552735081164,0.005165058594032301,0.0204531250022605,0.005038752892225411,0.0,0.0,0.0,0.9987635927219081,0.0,0.0,0.9998872239069362,False
8.833,1,390,391,2.9049724999999764,2.9049724999999764,0.0,0.02110281250226053,0.02110281250226053,0.09007302735081113,0.0842582812567789,0.005150878906532274,0.02110281250226053,0.005038752892225411,0.0,0.0,0.0,0.9980487049902926,0.0,0.0,0.9998221894213036,False
8.8505,1,391,392,2.9107474999999763,2.9107474999999763,0.0,0.02182468750226062,0.02182468750226062,0.09003328125677881,0.08416052735024654,0.0055118164065322585,0.02182468750226062,0.005038752892225411,0.0,0.0,0.0,0.9980680099858713,0.0,0.0,0.9998239633909726,False
8.86825,1,392,393,2.9166049999999766,2.9166049999999766,0.0,0.02255687500226076,0.02255687500226076,0.09001802735024687,0.08341308594371458,0.0056407226565322755,0.02255687500226076,0.005038752892225411,0.0,0.0,0.0,0.9981828801005656,0.0,0.0,0.9998344065264987,False
8.88825,1,393,394,2.9232049999999763,2.9232049999999763,0.0,0.023381875002260844,0.023381875002260844,0.09001308594371435,0.08294408203718209,0.0060532226565322474,0.023381875002260844,0.005038752892225411,0.0,0.0,0.0,0.9982450392354305,0.0,0.0,0.9998398894486744,False
8.90975,1,394,395,2.930299999999976,2.930299999999976,0.0,0.024268750002260937,0.024268750002260937,0.0900390820371819,0.08208320313064968,0.006940097656532215,0.024268750002260937,0.005038752892225411,0.0,0.0,0.0,0.9983648777281692,0.0,0.0,0.9998505619832858,False
8.93375,1,395,396,2.9382199999999763,2.9382199999999763,0.0,0.025258750002261094,0.025258750002261094,0.09000320313064987,0.08166060547411766,0.007802265625564967,0.025258750002261094,0.005038752892225411,0.0,0.0,0.0,0.9985688762248185,0.0,0.0,0.9998687800527235,False
8.95925,1,396,397,2.9466349999999757,2.9466349999999757,0.0,0.02631062500226119,0.013155312501130594,0.09007560547411717,0.08068113281758504,0.008854140625564885,0.013155312501130594,0.005038752892225411,0.0,0.0,0.0,0.9987182724175983,0.0,0.0,0.999881636619341,False
8.9875,1,397,398,2.9559574999999754,2.9559574999999754,0.0,0.014320625001130535,0.014320625001130535,0.09000363281758456,0.08492999023931852,0.005073642578266044,0.014320625001130535,0.005038752892225411,0.0,0.0,0.0,0.9988675158494548,0.0,0.0,0.9998967464472912,False
9.003,1,398,399,2.9610724999999753,2.961072499999975,-4.440892098500626e-16,0.01496000000113048,0.01496000000113048,0.09004499023931811,0.08433197266105211,0.005393330078266017,0.01496000000113048,0.005038752892225411,0.0,0.0,0.0,0.9980139067259104,0.0,0.0,0.9998189805841742,False
9.02025,1,399,400,2.966764999999975,2.966764999999975,0.0,0.01567156250113048,0.01567156250113048,0.0900244726610521,0.08391958008278608,0.005932695312782387,0.01567156250113048,0.005038752892225411,0.0,0.0,0.0,0.9981413699363229,0.0,0.0,0.9998305582460577,False
9.03875,1,400,401,2.9728699999999746,2.9728699999999746,0.0,0.016434687501130554,0.016434687501130554,0.09002458008278594,0.08315656250451994,0.006314257812782359,0.016434687501130554,0.005038752892225411,0.0,0.0,0.0,0.9983053027747228,0.0,0.0,0.9998453771319515,False
9.0595,1,401,402,2.9797174999999747,2.9797174999999747,0.0,0.01729062500113064,0.01729062500113064,0.09000406250451988,0.08245230469173756,0.006494726562782326,0.01729062500113064,0.005038752892225411,0.0,0.0,0.0,0.9984172708648855,0.0,0.0,0.9998553970366824,False
9.0825,1,402,403,2.987307499999975,2.987307499999975,0.0,0.018239375001130816,0.018239375001130816,0.0900423046917381,0.08154179687895576,0.006969101562782334,0.018239375001130816,0.005038752892225411,0.0,0.0,0.0,0.998475273679158,0.0,0.0,0.9998604713284606,False
9.10825,1,403,404,2.995804999999975,2.995804999999975,0.0,0.019301562501130888,0.019301562501130888,0.09003929687895532,0.08085816406617308,0.00803128906278225,0.019301562501130888,0.005038752892225411,0.0,0.0,0.0,0.9985869913706227,0.0,0.0,0.9998698254242615,False
9.136000000000001,1,404,405,3.004962499999975,3.004962499999975,0.0,0.02044625000113107,0.02044625000113107,0.09001566406617317,0.08485275390978206,0.005162910156391121,0.02044625000113107,0.005038752892225411,0.0,0.0,0.0,0.9987633310871878,0.0,0.0,0.9998871811579466,False
9.15175,1,405,406,3.010159999999975,3.010159999999975,0.0,0.021095937501131173,0.021095937501131173,0.09005025390978214,0.08423765625339101,0.005150019531391128,0.021095937501131173,0.005038752892225411,0.0,0.0,0.0,0.9980479935368728,0.0,0.0,0.9998221375719007,False
9.16925,1,406,407,3.0159349999999745,3.0159349999999745,0.0,0.02181781250113119,0.02181781250113119,0.09001265625339033,0.08414076172199929,0.005510957031391076,0.02181781250113119,0.005038752892225411,0.0,0.0,0.0,0.9980677331191493,0.0,0.0,0.9998239435519743,False
9.18725,1,407,408,3.0218749999999743,3.0218749999999743,0.0,0.02256031250113131,0.02256031250113131,0.09008076172199943,0.08346636719060838,0.005645019531391062,0.02256031250113131,0.005038752892225411,0.0,0.0,0.0,0.9981856250880857,0.0,0.0,0.9998346554324526,False
9.20725,1,408,409,3.0284749999999745,3.028474999999974,-4.440892098500626e-16,0.02338531250113139,0.02338531250113139,0.09006636719060815,0.0829879101592171,0.0060575195313910335,0.02338531250113139,0.005038752892225411,0.0,0.0,0.0,0.998246225339295,0.0,0.0,0.9998400157186164,False
9.2285,1,409,410,3.035487499999974,3.035487499999974,0.0,0.024261875001131507,0.024261875001131507,0.0900004101592171,0.08204539062782605,0.0069340820313910255,0.024261875001131507,0.005038752892225411,0.0,0.0,0.0,0.9983635031746471,0.0,0.0,0.9998504719488359,False
9.25275,1,410,411,3.0434899999999745,3.0434899999999745,0.0,0.02526218750113164,0.02526218750113164,0.09004789062782606,0.08170099609643507,0.0078057031252825974,0.02526218750113164,0.005038752892225411,0.0,0.0,0.0,0.998569631037552,0.0,0.0,0.9998688260344747,False
9.278,1,411,412,3.051822499999974,3.051822499999974,0.0,0.02630375000113176,0.01315187500056588,0.09003349609643477,0.08064503906504383,0.00884726562528254,0.01315187500056588,0.005038752892225411,0.0,0.0,0.0,0.9987172099847463,0.0,0.0,0.9998814774626091,False
9.3065,1,412,413,3.0612274999999736,3.0612274999999736,0.0,0.014327500000565868,0.014327500000565868,0.09005003906504375,0.08497424804934828,0.005075791015695474,0.014327500000565868,0.005038752892225411,0.0,0.0,0.0,0.9988679040803627,0.0,0.0,0.9998967815797349,False
9.32175,1,413,414,3.0662599999999736,3.0662599999999736,0.0,0.014956562500565838,0.014956562500565838,0.09000674804934805,0.08430189453365258,0.005390322265695459,0.014956562500565838,0.005038752892225411,0.0,0.0,0.0,0.9980110521895397,0.0,0.0,0.9998187107467148,False
9.33925,1,414,415,3.0720349999999734,3.0720349999999734,0.0,0.015678437500565818,0.015678437500565818,0.09007689453365239,0.08396469726795695,0.005936992187641233,0.015678437500565818,0.005038752892225411,0.0,0.0,0.0,0.9981435853241513,0.0,0.0,0.999830756006128,False
9.35775,1,415,416,3.0781399999999732,3.0781399999999732,0.0,0.01644156250056589,0.01644156250056589,0.09006969726795683,0.08319437500226141,0.006318554687641205,0.01644156250056589,0.005038752892225411,0.0,0.0,0.0,0.9983064038912215,0.0,0.0,0.9998454907089689,False
9.3785,1,416,417,3.0849874999999733,3.084987499999973,-4.440892098500626e-16,0.017297500000565978,0.017297500000565978,0.09004187500226134,0.08248582031462018,0.006496445312641178,0.017297500000565978,0.005038752892225411,0.0,0.0,0.0,0.9984182289920098,0.0,0.0,0.9998554926433864,False
9.4015,1,417,418,3.0925774999999733,3.0925774999999733,0.0,0.01824625000056608,0.01824625000056608,0.09007582031462014,0.08157101562697902,0.006970820312641149,0.01824625000056608,0.005038752892225411,0.0,0.0,0.0,0.9984756156894378,0.0,0.0,0.9998604872509516,False
9.42725,1,418,419,3.101074999999973,3.101074999999973,0.0,0.019308437500566225,0.019308437500566225,0.09006851562697916,0.08088308593933807,0.008033007812641138,0.019308437500566225,0.005038752892225411,0.0,0.0,0.0,0.9985872195724625,0.0,0.0,0.9998697768528945,False
9.455,1,419,420,3.110232499999973,3.110232499999973,0.0,0.020453125000566334,0.020453125000566334,0.0900405859393376,0.0848755273455171,0.005165058593820508,0.020453125000566334,0.005038752892225411,0.0,0.0,0.0,0.9987635031647318,0.0,0.0,0.9998871463360737,False
9.47075,1,420,421,3.115429999999973,3.115429999999973,0.0,0.021102812500566438,0.021102812500566438,0.09007302734551717,0.08425828125169665,0.005150878906320517,0.021102812500566438,0.005038752892225411,0.0,0.0,0.0,0.9980486901439289,0.0,0.0,0.9998221843419212,False
9.48825,1,421,422,3.121204999999973,3.1212049999999727,-4.440892098500626e-16,0.021824687500566528,0.021824687500566528,0.09003328125169656,0.08416052734537606,0.005511816406320502,0.021824687500566528,0.005038752892225411,0.0,0.0,0.0,0.9980680241698673,0.0,0.0,0.9998239802789771,False
9.506,1,422,423,3.1270624999999725,3.1270624999999725,0.0,0.022556875000566596,0.022556875000566596,0.0900180273453758,0.08341308593905533,0.005640722656320481,0.022556875000566596,0.005038752892225411,0.0,0.0,0.0,0.9981828926661362,0.0,0.0,0.9998344224067361,False
9.526,1,423,424,3.1336624999999727,3.1336624999999727,0.0,0.02338187500056675,0.02338187500056675,0.09001308593905569,0.08294408203273519,0.00605322265632049,0.02338187500056675,0.005038752892225411,0.0,0.0,0.0,0.9982450721364923,0.0,0.0,0.9998399199732328,False
9.5475,1,424,425,3.140757499999973,3.140757499999973,0.0,0.024268750000566844,0.024268750000566844,0.090039082032735,0.08208320312641454,0.006940097656320457,0.024268750000566844,0.005038752892225411,0.0,0.0,0.0,0.9983649381092958,0.0,0.0,0.9998506177390984,False
9.5715,1,425,426,3.1486774999999723,3.1486774999999723,0.0,0.02525875000056693,0.02525875000056693,0.09000320312641415,0.08166060547009373,0.0078022656251414075,0.02525875000056693,0.005038752892225411,0.0,0.0,0.0,0.9985688506917136,0.0,0.0,0.9998687430639511,False
9.597,1,426,427,3.1570924999999725,3.1570924999999725,0.0,0.026310625000567096,0.013155312500283548,0.09007560547009383,0.08068113281377341,0.008854140625141399,0.013155312500283548,0.005038752892225411,0.0,0.0,0.0,0.998718172313817,0.0,0.0,0.9998815339717587,False
9.62525,1,427,428,3.166414999999972,3.1664149999999722,4.440892098500626e-16,0.014320625000283489,0.014320625000283489,0.09000363281377294,0.08492999023561278,0.005073642578160165,0.014320625000283489,0.005038752892225411,0.0,0.0,0.0,0.9988675244607437,0.0,0.0,0.9998967551990882,False
9.64075,1,428,429,3.1715299999999713,3.1715299999999713,0.0,0.014960000000283434,0.014960000000283434,0.09004499023561235,0.08433197265745224,0.005393330078160138,0.014960000000283434,0.005038752892225411,0.0,0.0,0.0,0.9980138854235887,0.0,0.0,0.9998189610247504,False
9.658,1,429,430,3.1772224999999716,3.1772224999999716,0.0,0.015671562500283436,0.015671562500283436,0.09002447265745223,0.08391958007929208,0.005932695312570626,0.015671562500283436,0.005038752892225411,0.0,0.0,0.0,0.9981413573881026,0.0,0.0,0.9998305502788842,False
9.6765,1,430,431,3.1833274999999714,3.1833274999999714,0.0,0.01643468750028351,0.01643468750028351,0.09002458007929195,0.08315656250113185,0.006314257812570598,0.01643468750028351,0.005038752892225411,0.0,0.0,0.0,0.9983053325124055,0.0,0.0,0.999845407748399,False
9.69725,1,431,432,3.1901749999999716,3.190174999999971,-4.440892098500626e-16,0.017290625000283597,0.017290625000283597,0.09000406250113177,0.08245230468856121,0.006494726562570583,0.017290625000283597,0.005038752892225411,0.0,0.0,0.0,0.9984172926639965,0.0,0.0,0.999855417064982,False
9.72025,1,432,433,3.1977649999999715,3.197764999999971,-4.440892098500626e-16,0.0182393750002837,0.0182393750002837,0.09004230468856117,0.08154179687599067,0.0069691015625705545,0.0182393750002837,0.005038752892225411,0.0,0.0,0.0,0.9984752765872961,0.0,0.0,0.9998604626208739,False
9.746,1,433,434,3.206262499999972,3.206262499999972,0.0,0.019301562500283843,0.019301562500283843,0.09003929687599081,0.08085816406342032,0.008031289062570545,0.019301562500283843,0.005038752892225411,0.0,0.0,0.0,0.9985868590974859,0.0,0.0,0.9998696895437028,False
9.77375,1,434,435,3.2154199999999715,3.2154199999999715,0.0,0.020446250000284025,0.020446250000284025,0.09001566406342043,0.0848527539071352,0.0051629101562852405,0.020446250000284025,0.005038752892225411,0.0,0.0,0.0,0.9987632028920026,0.0,0.0,0.9998870572128576,False
9.7895,1,435,436,3.220617499999971,3.220617499999971,0.0,0.021095937500284056,0.021095937500284056,0.09005025390713468,0.0842376562508495,0.005150019531285219,0.021095937500284056,0.005038752892225411,0.0,0.0,0.0,0.9980479134685005,0.0,0.0,0.9998220666566696,False
9.807,1,436,437,3.226392499999971,3.226392499999971,0.0,0.021817812500284146,0.021817812500284146,0.09001265625084942,0.08414076171956422,0.005510957031285204,0.021817812500284146,0.005038752892225411,0.0,0.0,0.0,0.9980677286194045,0.0,0.0,0.999823947412894,False
9.825000000000001,1,437,438,3.2323324999999716,3.2323324999999716,0.0,0.022560312500284264,0.022560312500284264,0.09008076171956435,0.08346636718827913,0.005645019531285209,0.022560312500284264,0.005038752892225411,0.0,0.0,0.0,0.9981856389115428,0.0,0.0,0.9998346729467262,False
9.845,1,438,439,3.2389324999999713,3.2389324999999713,0.0,0.023385312500284347,0.023385312500284347,0.0900663671882789,0.08298791015699371,0.006057519531285181,0.023385312500284347,0.005038752892225411,0.0,0.0,0.0,0.9982462583919397,0.0,0.0,0.9998400472873015,False
9.86625,1,439,440,3.2459449999999714,3.2459449999999714,0.0,0.024261875000284462,0.024261875000284462,0.09000041015699373,0.08204539062570855,0.006934082031285173,0.024261875000284462,0.005038752892225411,0.0,0.0,0.0,0.9983635506548908,0.0,0.0,0.9998505183918748,False
9.8905,1,440,441,3.2539474999999713,3.253947499999971,-4.440892098500626e-16,0.025262187500284597,0.025262187500284597,0.09004789062570856,0.08170099609442343,0.007805703125070836,0.025262187500284597,0.005038752892225411,0.0,0.0,0.0,0.9985696289852412,0.0,0.0,0.9998688144337238,False
9.915750000000001,1,441,442,3.2622799999999703,3.2622799999999703,0.0,0.026303750000284714,0.013151875000142357,0.09003349609442313,0.08064503906313802,0.008847265625070778,0.013151875000142357,0.005038752892225411,0.0,0.0,0.0,0.9987171643027254,0.0,0.0,0.999881424204696,False
9.94425,1,442,443,3.27168499999997,3.2716849999999704,4.440892098500626e-16,0.014327500000142273,0.014327500000142273,0.09005003906313735,0.08497424804749484,0.005075791015642511,0.014327500000142273,0.005038752892225411,0.0,0.0,0.0,0.998867898144679,0.0,0.0,0.9998967769881415,False
9.9595,1,443,444,3.27671749999997,3.27671749999997,0.0,0.014956562500142243,0.014956562500142243,0.09000674804749463,0.08430189453185213,0.005390322265642496,0.014956562500142243,0.005038752892225411,0.0,0.0,0.0,0.9980110227706973,0.0,0.0,0.9998186825717319,False
9.977,1,444,445,3.28249249999997,3.28249249999997,0.0,0.015678437500142223,0.015678437500142223,0.09007689453185194,0.08396469726620946,0.005936992187535316,0.015678437500142223,0.005038752892225411,0.0,0.0,0.0,0.998143564220129,0.0,0.0,0.9998307398373061,False
9.9955,1,445,446,3.28859749999997,3.28859749999997,0.0,0.01644156250014237,0.01644156250014237,0.09006969726620992,0.0831943750005674,0.006318554687535324,0.01644156250014237,0.005038752892225411,0.0,0.0,0.0,0.9983064303023697,0.0,0.0,0.9998455203895122,False
10.01625,1,446,447,3.2954449999999698,3.2954449999999698,0.0,0.017297500000142456,0.017297500000142456,0.09004187500056732,0.082485820313032,0.006496445312535297,0.017297500000142456,0.005038752892225411,0.0,0.0,0.0,0.9984182488406105,0.0,0.0,0.9998555109838907,False
10.039250000000001,1,447,448,3.30303499999997,3.30303499999997,0.0,0.018246250000142558,0.018246250000142558,0.09007582031303196,0.08157101562549668,0.0069708203125352685,0.018246250000142558,0.005038752892225411,0.0,0.0,0.0,0.998475645166811,0.0,0.0,0.9998605077014572,False
10.065,1,448,449,3.31153249999997,3.31153249999997,0.0,0.019308437500142703,0.019308437500142703,0.09006851562549684,0.08088308593796162,0.008033007812535258,0.019308437500142703,0.005038752892225411,0.0,0.0,0.0,0.9985871118385896,0.0,0.0,0.999869667725901,False
10.09275,1,449,450,3.3206899999999697,3.3206899999999697,0.0,0.020453125000142812,0.020453125000142812,0.09004058593796116,0.08487552734419358,0.005165058593767567,0.020453125000142812,0.005038752892225411,0.0,0.0,0.0,0.9987633789118844,0.0,0.0,0.9998870215482595,False
10.1085,1,450,451,3.32588749999997,3.3258874999999697,-4.440892098500626e-16,0.021102812500142915,0.021102812500142915,0.09007302734419365,0.08425828125042607,0.005150878906267576,0.021102812500142915,0.005038752892225411,0.0,0.0,0.0,0.9980485783871488,0.0,0.0,0.9998220763953481,False
10.126,1,451,452,3.33166249999997,3.33166249999997,0.0,0.021824687500143006,0.021824687500143006,0.09003328125042599,0.08416052734415844,0.0055118164062675605,0.021824687500143006,0.005038752892225411,0.0,0.0,0.0,0.9980679715314522,0.0,0.0,0.9998239380305626,False
10.14375,1,452,453,3.3375199999999694,3.3375199999999694,0.0,0.022556875000143074,0.022556875000143074,0.09001802734415817,0.08341308593789064,0.005640722656267541,0.022556875000143074,0.005038752892225411,0.0,0.0,0.0,0.9981828911787279,0.0,0.0,0.9998344289479402,False
10.16375,1,453,454,3.344119999999969,3.344119999999969,0.0,0.023381875000143156,0.023381875000143156,0.09001308593789042,0.08294408203162293,0.006053222656267513,0.023381875000143156,0.005038752892225411,0.0,0.0,0.0,0.9982451083214895,0.0,0.0,0.9998399548647072,False
10.18525,1,454,455,3.351214999999969,3.351214999999969,0.0,0.02426875000014325,0.02426875000014325,0.09003908203162275,0.08208320312535529,0.006940097656267481,0.02426875000014325,0.005038752892225411,0.0,0.0,0.0,0.9983649774997427,0.0,0.0,0.9998506570914222,False
10.20925,1,455,456,3.359134999999969,3.359134999999969,0.0,0.025258750000143406,0.025258750000143406,0.09000320312535548,0.081660605469088,0.007802265625035527,0.025258750000143406,0.005038752892225411,0.0,0.0,0.0,0.9985688795595299,0.0,0.0,0.9998687646635666,False
10.23475,1,456,457,3.3675499999999685,3.3675499999999685,0.0,0.0263106250001435,0.01315531250007175,0.09007560546908752,0.08068113281282012,0.008854140625035445,0.01315531250007175,0.005038752892225411,0.0,0.0,0.0,0.9987181776056749,0.0,0.0,0.9998815302168449,False
10.263,1,457,458,3.376872499999969,3.376872499999969,0.0,0.014320625000071764,0.014320625000071764,0.09000363281282024,0.08492999023468653,0.005073642578133713,0.014320625000071764,0.005038752892225411,0.0,0.0,0.0,0.9988675111497678,0.0,0.0,0.9998967411761327,False
10.278500000000001,1,458,459,3.3819874999999686,3.3819874999999686,0.0,0.01496000000007171,0.01496000000007171,0.09004499023468611,0.08433197265655243,0.005393330078133686,0.01496000000007171,0.005038752892225411,0.0,0.0,0.0,0.9980138568523098,0.0,0.0,0.9998189325312274,False
10.29575,1,459,460,3.3876799999999676,3.3876799999999676,0.0,0.015671562500071637,0.015671562500071637,0.09002447265655183,0.08391958007841821,0.005932695312517667,0.015671562500071637,0.005038752892225411,0.0,0.0,0.0,0.9981413187906297,0.0,0.0,0.9998305174277656,False
10.31425,1,460,461,3.3937849999999683,3.3937849999999683,0.0,0.016434687500071783,0.016434687500071783,0.09002458007841868,0.08315656250028503,0.006314257812517676,0.016434687500071783,0.005038752892225411,0.0,0.0,0.0,0.9983053478753576,0.0,0.0,0.9998454298477049,False
10.335,1,461,462,3.4006324999999684,3.4006324999999684,0.0,0.01729062500007187,0.01729062500007187,0.09000406250028495,0.08245230468776726,0.006494726562517643,0.01729062500007187,0.005038752892225411,0.0,0.0,0.0,0.9984173128149172,0.0,0.0,0.999855435020065,False
10.358,1,462,463,3.4082224999999684,3.4082224999999684,0.0,0.018239375000071972,0.018239375000071972,0.09004230468776722,0.0815417968752496,0.006969101562517614,0.018239375000071972,0.005038752892225411,0.0,0.0,0.0,0.9984753157522887,0.0,0.0,0.9998604967292625,False
10.383750000000001,1,463,464,3.4167199999999687,3.4167199999999687,0.0,0.019301562500072117,0.019301562500072117,0.09003929687524975,0.08085816406273219,0.008031289062517604,0.019301562500072117,0.005038752892225411,0.0,0.0,0.0,0.9985867754010646,0.0,0.0,0.9998696024210494,False
10.4115,1,464,465,3.4258774999999684,3.425877499999968,-4.440892098500626e-16,0.020446250000072226,0.020446250000072226,0.0900156640627317,0.08485275390647297,0.005162910156258743,0.020446250000072226,0.005038752892225411,0.0,0.0,0.0,0.9987631074355914,0.0,0.0,0.9998869581728472,False
10.42725,1,465,466,3.431074999999968,3.431074999999968,0.0,0.02109593750007233,0.02109593750007233,0.09005025390647306,0.0842376562502143,0.005150019531258749,0.02109593750007233,0.005038752892225411,0.0,0.0,0.0,0.9980478141544833,0.0,0.0,0.9998219659503239,False
10.44475,1,466,467,3.4368499999999678,3.4368499999999678,0.0,0.02181781250007242,0.02181781250007242,0.0900126562502142,0.08414076171895547,0.005510957031258734,0.02181781250007242,0.005038752892225411,0.0,0.0,0.0,0.9980676405890966,0.0,0.0,0.9998238664450957,False
10.46275,1,467,468,3.442789999999968,3.442789999999968,0.0,0.022560312500072538,0.022560312500072538,0.0900807617189556,0.08346636718769684,0.005645019531258739,0.022560312500072538,0.005038752892225411,0.0,0.0,0.0,0.998185616696338,0.0,0.0,0.9998346618772266,False
10.48275,1,468,469,3.449389999999968,3.449389999999968,0.0,0.02338531250007262,0.02338531250007262,0.09006636718769663,0.08298791015643792,0.0060575195312587106,0.02338531250007262,0.005038752892225411,0.0,0.0,0.0,0.9982462933811039,0.0,0.0,0.9998400806592186,False
10.504,1,469,470,3.4564024999999683,3.4564024999999683,0.0,0.024261875000072736,0.024261875000072736,0.09000041015643792,0.08204539062517922,0.0069340820312587025,0.024261875000072736,0.005038752892225411,0.0,0.0,0.0,0.9983635815640433,0.0,0.0,0.9998505491995127,False
10.52825,1,470,471,3.464404999999968,3.464404999999968,0.0,0.02526218750007287,0.02526218750007287,0.09004789062517923,0.08170099609392055,0.007805703125017905,0.02526218750007287,0.005038752892225411,0.0,0.0,0.0,0.9985696551884944,0.0,0.0,0.9998688356013855,False
10.5535,1,471,472,3.472737499999967,3.472737499999967,0.0,0.026303750000072987,0.013151875000036494,0.09003349609392026,0.08064503906266164,0.008847265625017846,0.013151875000036494,0.005038752892225411,0.0,0.0,0.0,0.9987172189560064,0.0,0.0,0.9998814706698465,False
10.582,1,472,473,3.482142499999967,3.482142499999967,0.0,0.01432750000003641,0.01432750000003641,0.09005003906266097,0.0849742480470317,0.005075791015629276,0.01432750000003641,0.005038752892225411,0.0,0.0,0.0,0.9988679003640452,0.0,0.0,0.999896776344446,False
10.59725,1,473,474,3.487174999999967,3.487174999999967,0.0,0.01495656250003638,0.01495656250003638,0.09000674804703147,0.0843018945314022,0.005390322265629261,0.01495656250003638,0.005038752892225411,0.0,0.0,0.0,0.998011004664518,0.0,0.0,0.9998186625364374,False
10.61475,1,474,475,3.4929499999999667,3.4929499999999667,0.0,0.01567843750003636,0.01567843750003636,0.09007689453140202,0.08396469726577277,0.00593699218750885,0.01567843750003636,0.005038752892225411,0.0,0.0,0.0,0.9981435230828655,0.0,0.0,0.999830704209736,False
10.63325,1,475,476,3.4990549999999665,3.4990549999999665,0.0,0.016441562500036432,0.016441562500036432,0.09006969726577264,0.08319437500014343,0.006318554687508822,0.016441562500036432,0.005038752892225411,0.0,0.0,0.0,0.9983064253100369,0.0,0.0,0.9998455240111666,False
10.654,1,476,477,3.5059024999999666,3.5059024999999666,0.0,0.017297500000036593,0.017297500000036593,0.09004187500014395,0.08248582031263509,0.006496445312508831,0.017297500000036593,0.005038752892225411,0.0,0.0,0.0,0.9984182780264695,0.0,0.0,0.9998555377098703,False
10.677,1,477,478,3.513492499999967,3.513492499999967,0.0,0.018246250000036695,0.018246250000036695,0.09007582031263504,0.08157101562512624,0.006970820312508803,0.018246250000036695,0.005038752892225411,0.0,0.0,0.0,0.9984756843073338,0.0,0.0,0.9998605449551606,False
10.70275,1,478,479,3.521989999999966,3.521989999999966,0.0,0.019308437500036767,0.019308437500036767,0.0900685156251258,0.08088308593761709,0.008033007812508718,0.019308437500036767,0.005038752892225411,0.0,0.0,0.0,0.9985870702311299,0.0,0.0,0.999869617552021,False
10.730500000000001,1,479,480,3.5311474999999666,3.5311474999999666,0.0,0.02045312500003695,0.02045312500003695,0.0900405859376172,0.08487552734386285,0.005165058593754353,0.02045312500003695,0.005038752892225411,0.0,0.0,0.0,0.998763318511544,0.0,0.0,0.9998869551165768,False
10.74625,1,480,481,3.536344999999967,3.5363449999999665,-4.440892098500626e-16,0.021102812500037052,0.021102812500037052,0.09007302734386294,0.08425828125010856,0.0051508789062543435,0.021102812500037052,0.005038752892225411,0.0,0.0,0.0,0.9980485116192754,0.0,0.0,0.9998220048825419,False
10.76375,1,481,482,3.542119999999966,3.542119999999966,0.0,0.02182468750003707,0.02182468750003707,0.0900332812501079,0.08416052734385364,0.005511816406254292,0.02182468750003707,0.005038752892225411,0.0,0.0,0.0,0.9980678791457972,0.0,0.0,0.9998238501437118,False
10.7815,1,482,483,3.5479774999999663,3.5479774999999663,0.0,0.02255687500003721,0.02255687500003721,0.09001802734385396,0.08341308593759966,0.005640722656254308,0.02255687500003721,0.005038752892225411,0.0,0.0,0.0,0.9981828129913748,0.0,0.0,0.9998343619838723,False
10.8015,1,483,484,3.554577499999966,3.554577499999966,0.0,0.023381875000037293,0.023381875000037293,0.09001308593759945,0.08294408203134515,0.00605322265625428,0.023381875000037293,0.005038752892225411,0.0,0.0,0.0,0.9982451607281995,0.0,0.0,0.9998400063810011,False
10.823,1,484,485,3.561672499999966,3.561672499999966,0.0,0.024268750000037385,0.024268750000037385,0.09003908203134495,0.0820832031250907,0.006940097656254247,0.024268750000037385,0.005038752892225411,0.0,0.0,0.0,0.9983649939867281,0.0,0.0,0.9998506724693327,False
10.847,1,485,486,3.569592499999966,3.569592499999966,0.0,0.025258750000037543,0.025258750000037543,0.0900032031250909,0.08166060546883666,0.007802265625009079,0.025258750000037543,0.005038752892225411,0.0,0.0,0.0,0.998568916190583,0.0,0.0,0.999868798252257,False
10.8725,1,486,487,3.578007499999966,3.5780074999999654,-4.440892098500626e-16,0.026310625000037637,0.013155312500018819,0.09007560546883617,0.08068113281258202,0.008854140625008998,0.013155312500018819,0.005038752892225411,0.0,0.0,0.0,0.9987182414803715,0.0,0.0,0.9998815889774061,False
10.90075,1,487,488,3.587329999999965,3.587329999999965,0.0,0.01432062500001876,0.01432062500001876,0.09000363281258153,0.08492999023445447,0.005073642578127061,0.01432062500001876,0.005038752892225411,0.0,0.0,0.0,0.9988675355097636,0.0,0.0,0.9998967620883812,False
10.91625,1,488,489,3.5924449999999655,3.5924449999999655,0.0,0.014960000000018778,0.014960000000018778,0.09004499023445464,0.08433197265632754,0.00539333007812707,0.014960000000018778,0.005038752892225411,0.0,0.0,0.0,0.9980138494050409,0.0,0.0,0.9998189232401882,False
10.9335,1,489,490,3.5981374999999645,3.598137499999965,4.440892098500626e-16,0.015671562500018707,0.015671562500018707,0.09002447265632696,0.08391958007819995,0.005932695312504443,0.015671562500018707,0.005038752892225411,0.0,0.0,0.0,0.9981412667285635,0.0,0.0,0.999830471190672,False
10.952,1,490,491,3.6042424999999647,3.6042424999999647,0.0,0.01643468750001878,0.01643468750001878,0.09002458007819983,0.08315656250007285,0.0063142578125044155,0.01643468750001878,0.005038752892225411,0.0,0.0,0.0,0.998305318525438,0.0,0.0,0.9998454097657016,False
10.97275,1,491,492,3.6110899999999653,3.6110899999999653,0.0,0.01729062500001894,0.01729062500001894,0.09000406250007337,0.08245230468756892,0.006494726562504419,0.01729062500001894,0.005038752892225411,0.0,0.0,0.0,0.9984173507381527,0.0,0.0,0.999855471539018,False
10.995750000000001,1,492,493,3.6186799999999653,3.6186799999999653,0.0,0.018239375000019042,0.018239375000019042,0.09004230468756888,0.08154179687506447,0.00696910156250439,0.018239375000019042,0.005038752892225411,0.0,0.0,0.0,0.9984753426314132,0.0,0.0,0.9998605232602163,False
11.0215,1,493,494,3.6271774999999655,3.6271774999999655,0.0,0.019301562500019187,0.019301562500019187,0.09003929687506462,0.08085816406256024,0.008031289062504379,0.019301562500019187,0.005038752892225411,0.0,0.0,0.0,0.9985867764836515,0.0,0.0,0.9998695936743875,False
11.04925,1,494,495,3.636334999999965,3.636334999999965,0.0,0.020446250000019296,0.020446250000019296,0.09001566406255976,0.08485275390630762,0.00516291015625215,0.020446250000019296,0.005038752892225411,0.0,0.0,0.0,0.9987630844229883,0.0,0.0,0.9998869272660132,False
11.065,1,495,496,3.6415324999999648,3.6415324999999648,0.0,0.0210959375000194,0.0210959375000194,0.09005025390630769,0.08423765625005554,0.005150019531252137,0.0210959375000194,0.005038752892225411,0.0,0.0,0.0,0.9980477835297785,0.0,0.0,0.999821929125255,False
11.0825,1,496,497,3.6473074999999646,3.6473074999999646,0.0,0.02181781250001949,0.02181781250001949,0.09001265625005545,0.08414076171880333,0.005510957031252122,0.02181781250001949,0.005038752892225411,0.0,0.0,0.0,0.9980675550265952,0.0,0.0,0.9998237853450895,False
11.1005,1,497,498,3.6532474999999645,3.6532474999999645,0.0,0.022560312500019535,0.022560312500019535,0.09008076171880287,0.08346636718755081,0.0056450195312520894,0.022560312500019535,0.005038752892225411,0.0,0.0,0.0,0.9981855222643233,0.0,0.0,0.9998345755832012,False
11.1205,1,498,499,3.659847499999964,3.659847499999964,0.0,0.02338531250001969,0.02338531250001969,0.09006636718755118,0.08298791015629907,0.006057519531252098,0.02338531250001969,0.005038752892225411,0.0,0.0,0.0,0.9982463500422691,0.0,0.0,0.999840141769963,False
11.14175,1,499,500,3.6668599999999643,3.6668599999999643,0.0,0.024261875000019733,0.024261875000019733,0.09000041015629849,0.08204539062504647,0.006934082031252016,0.024261875000019733,0.005038752892225411,0.0,0.0,0.0,0.9983635995407719,0.0,0.0,0.9998505650197363,False
11.166,1,500,501,3.674862499999964,3.6748624999999637,-4.440892098500626e-16,0.025262187500019868,0.025262187500019868,0.09004789062504648,0.08170099609379444,0.007805703125004636,0.025262187500019868,0.005038752892225411,0.0,0.0,0.0,0.9985696928739277,0.0,0.0,0.9998688709204886,False
11.19125,1,501,502,3.6831949999999636,3.6831949999999636,0.0,0.026303750000019985,0.013151875000009992,0.09003349609379416,0.08064503906254218,0.008847265625004578,0.013151875000009992,0.005038752892225411,0.0,0.0,0.0,0.9987172883096325,0.0,0.0,0.9998815392528878,False
11.21975,1,502,503,3.6925999999999632,3.6925999999999632,0.0,0.014327500000009982,0.014327500000009982,0.0900500390625421,0.08497424804691613,0.005075791015625969,0.014327500000009982,0.005038752892225411,0.0,0.0,0.0,0.9988679256386163,0.0,0.0,0.9998967991641367,False
11.235,1,503,504,3.6976324999999637,3.6976324999999637,0.0,0.014956562500009951,0.014956562500009951,0.09000674804691591,0.08430189453128996,0.005390322265625954,0.014956562500009951,0.005038752892225411,0.0,0.0,0.0,0.9980110021943741,0.0,0.0,0.9998186577753267,False
11.2525,1,504,505,3.703407499999963,3.703407499999963,0.0,0.01567843750000993,0.01567843750000993,0.09007689453128977,0.08396469726566383,0.005936992187502252,0.01567843750000993,0.005038752892225411,0.0,0.0,0.0,0.9981434683229301,0.0,0.0,0.9998306549142812,False
11.271,1,505,506,3.7095124999999634,3.7095124999999634,0.0,0.016441562500010002,0.016441562500010002,0.09006969726566369,0.08319437500003779,0.006318554687502224,0.016441562500010002,0.005038752892225411,0.0,0.0,0.0,0.998306375877711,0.0,0.0,0.9998454832823638,False
11.29175,1,506,507,3.7163599999999626,3.7163599999999626,0.0,0.01729750000001009,0.01729750000001009,0.09004187500003771,0.08248582031253554,0.006496445312502197,0.01729750000001009,0.005038752892225411,0.0,0.0,0.0,0.9984183205103678,0.0,0.0,0.9998555809276788,False
11.31475,1,507,508,3.723949999999963,3.723949999999963,0.0,0.018246250000010192,0.018246250000010192,0.0900758203125355,0.08157101562503336,0.006970820312502168,0.018246250000010192,0.005038752892225411,0.0,0.0,0.0,0.9984756983362644,0.0,0.0,0.9998605589754501,False
11.3405,1,508,509,3.732447499999963,3.732447499999963,0.0,0.019308437500010336,0.019308437500010336,0.09006851562503351,0.0808830859375314,0.008033007812502158,0.019308437500010336,0.005038752892225411,0.0,0.0,0.0,0.9985870975167589,0.0,0.0,0.9998696384079016,False
11.36825,1,509,510,3.7416049999999634,3.7416049999999634,0.0,0.02045312500001052,0.02045312500001052,0.09004058593753149,0.08487552734378044,0.005165058593751054,0.02045312500001052,0.005038752892225411,0.0,0.0,0.0,0.998763327712226,0.0,0.0,0.9998869563965204,False
11.384,1,510,511,3.746802499999963,3.746802499999963,0.0,0.02110281250001055,0.02110281250001055,0.09007302734377995,0.08425828125002895,0.005150878906251027,0.02110281250001055,0.005038752892225411,0.0,0.0,0.0,0.998048507180118,0.0,0.0,0.999821994970332,False
11.4015,1,511,512,3.752577499999963,3.752577499999963,0.0,0.02182468750001064,0.02182468750001064,0.09003328125002887,0.08416052734377785,0.005511816406251011,0.02182468750001064,0.005038752892225411,0.0,0.0,0.0,0.9980677986876805,0.0,0.0,0.9998237734937073,False
11.41925,1,512,513,3.758434999999963,3.758434999999963,0.0,0.02255687500001078,0.02255687500001078,0.09001802734377817,0.08341308593752712,0.005640722656251027,0.02255687500001078,0.005038752892225411,0.0,0.0,0.0,0.9981827110092215,0.0,0.0,0.9998342625159622,False
11.43925,1,513,514,3.765034999999963,3.765034999999963,0.0,0.023381875000010863,0.023381875000010863,0.09001308593752691,0.08294408203127589,0.006053222656250999,0.023381875000010863,0.005038752892225411,0.0,0.0,0.0,0.9982451949268686,0.0,0.0,0.9998400555338601,False
11.46075,1,514,515,3.7721299999999625,3.7721299999999625,0.0,0.024268750000010955,0.024268750000010955,0.0900390820312757,0.08208320312502472,0.006940097656250967,0.024268750000010955,0.005038752892225411,0.0,0.0,0.0,0.998365018501943,0.0,0.0,0.9998506935604555,False
11.48475,1,515,516,3.780049999999962,3.780049999999962,0.0,0.02525875000001104,0.02525875000001104,0.09000320312502433,0.08166060546877345,0.007802265625002435,0.02525875000001104,0.005038752892225411,0.0,0.0,0.0,0.9985689573508856,0.0,0.0,0.999868839424776,False
11.510250000000001,1,516,517,3.7884649999999622,3.7884649999999622,0.0,0.026310625000011207,0.013155312500005603,0.09007560546877355,0.08068113281252266,0.008854140625002426,0.013155312500005603,0.005038752892225411,0.0,0.0,0.0,0.9987182829322823,0.0,0.0,0.9998816325097002,False
11.5385,1,517,518,3.797787499999962,3.797787499999962,0.0,0.014320625000005544,0.014320625000005544,0.09000363281252219,0.08492999023439676,0.0050736425781254205,0.014320625000005544,0.005038752892225411,0.0,0.0,0.0,0.9988675642904257,0.0,0.0,0.9998967905004694,False
11.554,1,518,519,3.802902499999961,3.802902499999961,0.0,0.01496000000000549,0.01496000000000549,0.09004499023439635,0.08433197265627096,0.005393330078125393,0.01496000000000549,0.005038752892225411,0.0,0.0,0.0,0.9980138454916999,0.0,0.0,0.9998189177675154,False
11.571250000000001,1,519,520,3.8085949999999613,3.8085949999999613,0.0,0.015671562500005492,0.015671562500005492,0.09002447265627096,0.08391958007814557,0.0059326953125011395,0.015671562500005492,0.005038752892225411,0.0,0.0,0.0,0.9981412014913098,0.0,0.0,0.9998304092491381,False
11.58975,1,520,521,3.814699999999961,3.814699999999961,0.0,0.016434687500005565,0.016434687500005565,0.09002458007814544,0.08315656250002007,0.006314257812501112,0.016434687500005565,0.005038752892225411,0.0,0.0,0.0,0.9983052528798603,0.0,0.0,0.9998453510650055,False
11.6105,1,521,522,3.8215474999999612,3.8215474999999612,0.0,0.017290625000005652,0.017290625000005652,0.09000406250002,0.08245230468751892,0.006494726562501097,0.017290625000005652,0.005038752892225411,0.0,0.0,0.0,0.9984173944476386,0.0,0.0,0.9998555190131831,False
11.6335,1,522,523,3.8291374999999617,3.8291374999999617,0.0,0.018239375000005827,0.018239375000005827,0.09004230468751948,0.08154179687501836,0.006969101562501105,0.018239375000005827,0.005038752892225411,0.0,0.0,0.0,0.9984753489352212,0.0,0.0,0.9998605282507972,False
11.65925,1,523,524,3.8376349999999615,3.8376349999999615,0.0,0.0193015625000059,0.0193015625000059,0.09003929687501794,0.08085816406251692,0.00803128906250102,0.0193015625000059,0.005038752892225411,0.0,0.0,0.0,0.9985868120264746,0.0,0.0,0.9998696258261793,False
11.687,1,524,525,3.846792499999961,3.846792499999961,0.0,0.02044625000000608,0.02044625000000608,0.09001566406251704,0.08485275390626654,0.0051629101562504975,0.02044625000000608,0.005038752892225411,0.0,0.0,0.0,0.9987631135616784,0.0,0.0,0.9998869508769115,False
11.70275,1,525,526,3.8519899999999607,3.8519899999999607,0.0,0.02109593750000611,0.02109593750000611,0.09005025390626603,0.0842376562500156,0.005150019531250476,0.02109593750000611,0.005038752892225411,0.0,0.0,0.0,0.9980477881104682,0.0,0.0,0.9998219304723059,False
11.72025,1,526,527,3.8577649999999606,3.8577649999999606,0.0,0.021817812500006202,0.021817812500006202,0.0900126562500155,0.08414076171876504,0.005510957031250461,0.021817812500006202,0.005038752892225411,0.0,0.0,0.0,0.9980674786807637,0.0,0.0,0.999823710606225,False
11.73825,1,527,528,3.8637049999999604,3.8637049999999604,0.0,0.02256031250000632,0.02256031250000632,0.09008076171876517,0.0834663671875147,0.005645019531250447,0.02256031250000632,0.005038752892225411,0.0,0.0,0.0,0.9981854255030974,0.0,0.0,0.9998344804031675,False
11.75825,1,528,529,3.87030499999996,3.8703049999999606,4.440892098500626e-16,0.023385312500006403,0.023385312500006403,0.09006636718751448,0.08298791015626404,0.006057519531250419,0.023385312500006403,0.005038752892225411,0.0,0.0,0.0,0.9982463359007963,0.0,0.0,0.9998401427602248,False
11.7795,1,529,530,3.8773174999999607,3.8773174999999607,0.0,0.024261875000006518,0.024261875000006518,0.09000041015626405,0.08204539062501362,0.0069340820312504105,0.024261875000006518,0.005038752892225411,0.0,0.0,0.0,0.9983636444481875,0.0,0.0,0.9998506054201791,False
11.80375,1,530,531,3.8853199999999606,3.8853199999999606,0.0,0.025262187500006653,0.025262187500006653,0.09004789062501362,0.08170099609376325,0.00780570312500135,0.025262187500006653,0.005038752892225411,0.0,0.0,0.0,0.9985697260457537,0.0,0.0,0.9998689038959624,False
11.829,1,531,532,3.89365249999996,3.89365249999996,0.0,0.02630375000000677,0.013151875000003385,0.09003349609376295,0.08064503906251262,0.008847265625001292,0.013151875000003385,0.005038752892225411,0.0,0.0,0.0,0.9987173135561226,0.0,0.0,0.999881568682567,False
11.8575,1,532,533,3.90305749999996,3.90305749999996,0.0,0.014327500000003374,0.014327500000003374,0.09005003906251254,0.08497424804688736,0.005075791015625167,0.014327500000003374,0.005038752892225411,0.0,0.0,0.0,0.9988679482538088,0.0,0.0,0.9998968221702931,False
11.87275,1,533,534,3.9080899999999597,3.9080899999999597,0.0,0.014956562500003344,0.014956562500003344,0.09000674804688714,0.084301894531262,0.0053903222656251516,0.014956562500003344,0.005038752892225411,0.0,0.0,0.0,0.9980109997718131,0.0,0.0,0.9998186536919839,False
11.89025,1,534,535,3.913864999999959,3.913864999999959,0.0,0.01567843750000325,0.01567843750000325,0.09007689453126122,0.08396469726563616,0.005936992187500573,0.01567843750000325,0.005038752892225411,0.0,0.0,0.0,0.9981434022551694,0.0,0.0,0.9998305909512527,False
11.90875,1,535,536,3.9199699999999598,3.9199699999999593,-4.440892098500626e-16,0.016441562500003396,0.016441562500003396,0.09006969726563661,0.0831943750000115,0.006318554687500581,0.016441562500003396,0.005038752892225411,0.0,0.0,0.0,0.9983063024265835,0.0,0.0,0.9998454141187453,False
11.9295,1,536,537,3.9268174999999594,3.92681749999996,4.440892098500626e-16,0.017297500000003484,0.017297500000003484,0.09004187500001143,0.08248582031251087,0.006496445312500554,0.017297500000003484,0.005038752892225411,0.0,0.0,0.0,0.9984183509249407,0.0,0.0,0.9998556185787547,False
11.9525,1,537,538,3.93440749999996,3.93440749999996,0.0,0.018246250000003586,0.018246250000003586,0.09007582031251081,0.08157101562501029,0.006970820312500525,0.018246250000003586,0.005038752892225411,0.0,0.0,0.0,0.9984757084679997,0.0,0.0,0.9998605659248726,False
11.978250000000001,1,538,539,3.9429049999999597,3.9429049999999597,0.0,0.01930843750000373,0.01930843750000373,0.09006851562501043,0.08088308593750995,0.008033007812500515,0.01930843750000373,0.005038752892225411,0.0,0.0,0.0,0.998587131984934,0.0,0.0,0.9998696718924741,False
