time,inserted_nodes,node_count_before,node_count_after,rest_length_before,rest_length_after,rest_length_error,tail_rest_length_before,tail_rest_length_after,payout_buffer_rest_length_before,payout_buffer_rest_length_after,payout_buffer_min_rest_length_after,payout_buffer_max_rest_length_after,minimum_physical_rest_length_after,peak_tension_before,peak_tension_after,peak_tension_jump,minimum_geometric_ratio_after,peak_tension_post_step,peak_tension_post_step_jump,minimum_standard_ratio_post_step,remeshed_in_same_step
0.607,1,53,54,0.5300061187441598,0.5300061187441598,0.0,0.011250764843019978,0.011250764843019978,0.09000611874415983,0.08438073632264984,0.005625382421509989,0.011250764843019978,0.005625382421509989,0.0008258007312102506,0.0008258007312102506,0.0,0.9994816738327253,0.008054571572943727,0.007228770841733477,0.9999965678963121,False
0.712,1,54,55,0.5356375041684333,0.5356375041684333,0.0,0.011954688021054165,0.011954688021054165,0.09001212174692333,0.08368281614737916,0.0059773440105270826,0.011954688021054165,0.005625382421509989,0.0007024449955951892,0.0007024449955951892,0.0,0.9987739278904957,0.007147474877317289,0.0064450298817220995,0.9999777443582998,False
0.806,1,55,56,0.5420251416519332,0.5420251416519332,0.0,0.012753142706491666,0.012753142706491666,0.09007045363087915,0.08329465493491457,0.006376571353245833,0.012753142706491666,0.005625382421509989,0.0006252166505478465,0.0006252166505478465,0.0,0.9985907534362609,0.006890805989437745,0.006265589338889899,0.9999722477321578,False
0.889,1,56,57,0.548775946885656,0.5487759468856561,1.1102230246251565e-16,0.013596993360707016,0.006798496680353508,0.09004546016863739,0.08242581081845746,0.006798496680353508,0.013596993360707016,0.005625382421509989,0.0005793823322082641,0.0005793823322082641,0.0,0.9984509654812936,0.0056273495194510866,0.005047967187242822,0.999968452702318,False
0.97,1,57,58,0.5563962129099558,0.5563962129099558,0.0,0.007751029933390967,0.007751029933390967,0.09004607684275717,0.08187312158225851,0.007274763306872241,0.014549526613744482,0.005625382421509989,0.0005494787434112779,0.0005494787434112779,0.0,0.9983473956329058,0.005781337029957366,0.005231858286546088,0.9999654795633355,False
1.047,1,58,59,0.5645963637796599,0.5645963637796599,0.0,0.00877604879210398,0.00877604879210398,0.09007327245196259,0.08087529833275094,0.007787272736228747,0.015574545472457494,0.005625382421509989,0.000523542256060133,0.000523542256060133,0.0,0.9982698005251508,0.006157100618397826,0.005633558362337693,0.9999630998452103,False
1.124,1,59,60,0.5737272579443359,0.5737272579443359,0.0,0.009917410562688472,0.009917410562688472,0.09000619249742689,0.07329028525438488,0.008357953621520996,0.009917410562688472,0.005625382421509989,0.0004996559187112145,0.0004996559187112145,0.0,0.9982191501861567,0.0060828266216156335,0.005583170702904419,0.9999613417872947,False
1.249,1,60,61,0.5904955993164062,0.5904955993164062,0.0,0.012013453234197261,0.012013453234197261,0.0900586266264552,0.07960463033342542,0.005768593303839265,0.012013453234197261,0.005625382421509989,0.0004801904629194325,0.0004801904629194325,0.0,0.9982470404840488,0.004701811036390766,0.0042216205734713335,0.999962596748041,False
1.319,1,61,62,0.6009013685095002,0.6009013685095002,0.0,0.01331417438333399,0.01331417438333399,0.09001039952651924,0.07825568208435271,0.006657087191666995,0.01331417438333399,0.005625382421509989,0.00047310220642356616,0.00047310220642356616,0.0,0.9972216776289636,0.004601977929997152,0.004128875723573586,0.999937584505163,False
1.393,1,62,63,0.6126535403752262,0.6126535403752262,0.0,0.01478319586654977,0.01478319586654977,0.09000785395007896,0.07621343413940443,0.007153464620015519,0.01478319586654977,0.005625382421509989,0.00046722552536667067,0.00046722552536667067,0.0,0.9974234047577208,0.004899676828205211,0.004432451302838541,0.9999424846011393,False
1.475,1,63,64,0.6265240609498449,0.6265240609498448,-1.1102230246251565e-16,0.016517010938377114,0.016517010938377114,0.09008395471402317,0.07455571983152129,0.005136075504009556,0.016517010938377114,0.005136075504009556,0.0004625980107849227,0.0004625980107849227,0.0,0.9974933922987808,0.004536146193577874,0.004073548182792951,0.9999441453158171,False
1.562,1,64,65,0.6421326440887458,0.6421326440887459,1.1102230246251565e-16,0.01846808383073973,0.01846808383073973,0.09016430297042224,0.07932595038621676,0.005905498319536368,0.01846808383073973,0.005625382421509989,0.00045884946195544774,0.00045884946195544774,0.0,0.996674557071436,0.004529491574991995,0.004070642113036547,0.9999242393214023,False
1.619,1,65,66,0.652807101860125,0.652807101860125,0.0,0.01980239105216212,0.01980239105216212,0.09000040815759584,0.07782774835196798,0.0067787655609020565,0.01980239105216212,0.005625382421509989,0.0004567741822653667,0.0004567741822653667,0.0,0.9966414828441266,0.004559537673546315,0.004102763491280948,0.9999233650349489,False
1.683,1,66,67,0.665165735275645,0.6651657352756449,-1.1102230246251565e-16,0.021347220229102123,0.021347220229102123,0.09018638176748792,0.08186278702964586,0.007345066518717553,0.021347220229102123,0.005625382421509989,0.00045486363986687087,0.00045486363986687087,0.0,0.9969901040847401,0.0046095888893475,0.004154725249480629,0.9999316197167343,False
1.725,1,67,68,0.6734659873306262,0.6734659873306262,0.0,0.02238475173597478,0.02238475173597478,0.09016303908462714,0.08080191283991243,0.005501908150803603,0.02238475173597478,0.005501908150803603,0.0004535504271893989,0.0004535504271893989,0.0,0.9969606082326619,0.0044962261971250375,0.004042675769935639,0.9999312821100605,False
1.7710000000000001,1,68,69,0.682706777665285,0.682706777665285,0.0,0.023539850527807132,0.023539850527807132,0.09004270317457115,0.07788378808113161,0.005488632508301873,0.023539850527807132,0.005488632508301873,0.0004524293486955213,0.0004524293486955213,0.0,0.9961098318953032,0.004524834183215004,0.004072404834519483,0.9999103834336566,False
1.831,1,69,70,0.6949584783616599,0.6949584783616599,0.0,0.025071313114854013,0.025071313114854013,0.09013548877750661,0.08194701924782379,0.005534579702234708,0.025071313114854013,0.005534579702234708,0.00045111340830774867,0.00045111340830774867,0.0,0.996249748052224,0.004516245760107174,0.0040651323517994255,0.9999138459768994,False
1.87,1,70,71,0.7030190649757685,0.7030190649757686,1.1102230246251565e-16,0.02607888644161757,0.02607888644161757,0.09000760586193221,0.08081156300548584,0.00654215302899826,0.02607888644161757,0.005625382421509989,0.0004502728728188912,0.0004502728728188912,0.0,0.9959422418720566,0.004492869245417417,0.004042596372598526,0.9999063592861916,False
1.915,1,71,72,0.7123904624476451,0.712390462447645,-1.1102230246251565e-16,0.02725031112560214,0.02725031112560214,0.0901829604773624,0.08225338532817075,0.0066240787076087704,0.02725031112560214,0.005625382421509989,0.00044955624956068987,0.00044955624956068987,0.0,0.9965354774569123,0.004593293448482014,0.004143737198921324,0.9999207121356793,False
1.953,1,72,73,0.7203450507835262,0.7203450507835262,0.0,0.028244634667587285,0.028244634667587285,0.09020797366405198,0.08128407497287517,0.005096708324041014,0.028244634667587285,0.005096708324041014,0.0004488536823250009,0.0004488536823250009,0.0,0.9964794365659156,0.00451577521345508,0.0040669215311300785,0.9999195481089899,False
1.995,1,73,74,0.7291600033042449,0.729160003304245,1.1102230246251565e-16,0.02934650373267713,0.02934650373267713,0.09009902749359394,0.08445138463700799,0.005647642856585937,0.02934650373267713,0.005625382421509989,0.00044834245854554486,0.00044834245854554486,0.0,0.9956647477416183,0.004516102241389692,0.004067759782844148,0.9998995291001305,False
2.0220000000000002,1,74,75,0.73483,0.73483,0.0,0.030055253319646532,0.030055253319646532,0.09012138133276301,0.0837649888892077,0.0052592599535136045,0.030055253319646532,0.0052592599535136045,0.0004480545696715454,0.0004480545696715454,0.0,0.9957724418386192,0.004545616311953347,0.0040975617422818016,0.999902164514449,False
2.052,1,75,76,0.74113,0.74113,0.0,0.03084275331964656,0.03084275331964656,0.09006498888920765,0.08237016191310742,0.0056530099535135984,0.03084275331964656,0.005625382421509989,0.00044757229651114575,0.00044757229651114575,0.0,0.9955557483085871,0.00453913626175402,0.004091563965242875,0.9998969375872815,False
2.089,1,76,77,0.7488999999999998,0.7488999999999998,0.0,0.03181400331964658,0.03181400331964658,0.09014016191310736,0.08147408493700717,0.00559388545082656,0.03181400331964658,0.00559388545082656,0.00044703665351452705,0.00044703665351452705,0.0,0.9959436278333007,0.004544184288186176,0.004097147634671649,0.9999063428777447,False
2.13,1,77,78,0.7575099999999998,0.7575099999999998,0.0,0.032890253319646595,0.032890253319646595,0.09008408493700718,0.0823835749834936,0.00613201045082656,0.032890253319646595,0.005625382421509989,0.0004463339566647881,0.0004463339566647881,0.0,0.9959716406055598,0.004548109712264915,0.004101775755600127,0.9999070198825335,False
2.1670000000000003,1,78,79,0.7652799999999997,0.7652799999999997,0.0,0.0338615033196466,0.0169307516598233,0.09015357498349352,0.08148181502997995,0.00710326045082655,0.0169307516598233,0.005625382421509989,0.00044560949500924607,0.00044560949500924607,0.0,0.996217651184664,0.006667633175040046,0.0062220236800308,0.9999119962020452,False
2.208,1,79,80,0.7738899999999999,0.7738899999999997,-1.1102230246251565e-16,0.018007001659823343,0.018007001659823343,0.09009181502997995,0.07995005507646641,0.005070879976756781,0.018007001659823343,0.005070879976756781,0.0004551922937660982,0.0004551922937660982,0.0,0.9967159949158647,0.004452691109323018,0.003997498815556919,0.9999252390973862,False
2.2560000000000002,1,80,81,0.7839700000000001,0.7839699999999998,-2.220446049250313e-16,0.019267001659823396,0.019267001659823396,0.09003005507646644,0.08369917509970967,0.006330879976756771,0.019267001659823396,0.005625382421509989,0.0004450365681461443,0.0004450365681461443,0.0,0.9957553648104587,0.004634276475174955,0.0041892399070288106,0.9999006056897601,False
2.287,1,81,82,0.7904799999999998,0.7904799999999998,0.0,0.020080751659823433,0.020080751659823433,0.09020917509970969,0.08306454512295292,0.005395692725413263,0.020080751659823433,0.005395692725413263,0.000442947090414118,0.000442947090414118,0.0,0.9962394217420022,0.0044452114431223835,0.0040022643527082655,0.9999135297627691,False
2.321,1,82,83,0.7976199999999998,0.7976199999999998,0.0,0.020973251659823465,0.020973251659823465,0.09020454512295287,0.07852065967212636,0.005572880225413256,0.020973251659823465,0.005572880225413256,0.0004411324461634663,0.0004411324461634663,0.0,0.9957265179780181,0.004466428248416407,0.004025295802252941,0.999901031116798,False
2.376,1,83,84,0.8091699999999997,0.8091699999999998,1.1102230246251565e-16,0.022417001659823528,0.022417001659823528,0.09007065967212637,0.08233871694671313,0.006294755225413252,0.022417001659823528,0.005625382421509989,0.00043929824617806304,0.00043929824617806304,0.0,0.9961707437183412,0.004468637833974248,0.004029339587796185,0.9999118666324566,False
2.4130000000000003,1,84,85,0.8169399999999998,0.8169399999999998,0.0,0.023388251659823566,0.023388251659823566,0.09010871694671307,0.08140552422129985,0.006877375414955832,0.023388251659823566,0.005625382421509989,0.00043813006230755485,0.00043813006230755485,0.0,0.996302370572699,0.004443245567133443,0.004005115504825888,0.9999150121797413,False
2.454,1,85,86,0.8255499999999997,0.8255499999999998,1.1102230246251565e-16,0.02446450165982361,0.02446450165982361,0.09001552422129981,0.08095139399588659,0.007415500414955826,0.02446450165982361,0.005625382421509989,0.00043692352735054396,0.00043692352735054396,0.0,0.9966225487962441,0.004665111803829648,0.004228188276479104,0.9999224246174218,False
2.498,1,86,87,0.8347899999999996,0.8347899999999996,0.0,0.025619501659823657,0.025619501659823657,0.09019139399588658,0.08508182888317997,0.005109565112706609,0.025619501659823657,0.005109565112706609,0.00043569430319925664,0.00043569430319925664,0.0,0.9968660895881429,0.004444069831143354,0.004008375527944097,0.9999289372359351,False
2.5220000000000002,1,87,88,0.8398299999999996,0.8398299999999997,1.1102230246251565e-16,0.026249501659823683,0.026249501659823683,0.09012182888317996,0.08438226377047336,0.005063627612706609,0.026249501659823683,0.005063627612706609,0.00043509355306816256,0.00043509355306816256,0.0,0.9953174785293406,0.004457962969350852,0.00402286941628269,0.9998910199501256,False
2.549,1,88,89,0.8454999999999996,0.8454999999999997,1.1102230246251565e-16,0.026958251659823716,0.026958251659823716,0.09005226377047337,0.08427988615776677,0.0054180026127066076,0.026958251659823716,0.005109565112706609,0.0004343947261650934,0.0004343947261650934,0.0,0.9953441222010765,0.004467947875183623,0.00403355314901853,0.9998916664355835,False
2.577,1,89,90,0.8513799999999996,0.8513799999999996,0.0,0.027693251659823736,0.027693251659823736,0.09015988615776666,0.08365250854506007,0.005591187707477893,0.027693251659823736,0.005109565112706609,0.0004336253173409185,0.0004336253173409185,0.0,0.9956324698686105,0.004473314641375662,0.0040396893240347434,0.9998987023904017,False
2.608,1,90,91,0.8578899999999996,0.8578899999999996,0.0,0.028507001659823773,0.028507001659823773,0.09016250854506008,0.08319575593235351,0.0059980627074778916,0.028507001659823773,0.005109565112706609,0.00043274515482021546,0.00043274515482021546,0.0,0.995804486077063,0.00446847040892611,0.004035725254105895,0.9999028986940756,False
2.641,1,91,92,0.8648199999999996,0.8648199999999996,0.0,0.029373251659823806,0.029373251659823806,0.09012575593235347,0.08229275331964689,0.00616212520747789,0.029373251659823806,0.005109565112706609,0.0004318044000622835,0.0004318044000622835,0.0,0.9960856378336622,0.004424039569112555,0.003992235169050271,0.9999097261609834,False
2.678,1,92,93,0.8725899999999995,0.8725899999999995,0.0,0.030344501659823855,0.030344501659823855,0.09006275331964696,0.08182031561216907,0.006647750207477891,0.030344501659823855,0.005109565112706609,0.000430758146390716,0.000430758146390716,0.0,0.9962335179272935,0.004544965811990459,0.004114207665599743,0.9999131522152451,False
2.717,1,93,94,0.8807799999999997,0.8807799999999997,0.0,0.03136825165982388,0.01568412582991194,0.09001031561216898,0.0807441279046911,0.007671500207477874,0.01568412582991194,0.005109565112706609,0.0004296544269358489,0.0004296544269358489,0.0,0.996498143259072,0.007660408472257834,0.007230754045321985,0.9999179616560367,False
2.762,1,94,95,0.8902299999999996,0.8902299999999996,0.0,0.016865375829911988,0.016865375829911988,0.09019412790469113,0.08015356519721328,0.005020281353738927,0.016865375829911988,0.005020281353738927,0.000464685799977283,0.000464685799977283,0.0,0.9969660093199233,0.004319535693903091,0.0038548498939258075,0.9999312043670111,False
2.809,1,95,96,0.9000999999999996,0.9000999999999996,0.0,0.018099125829912042,0.018099125829912042,0.09002356519721334,0.08376953384347442,0.005286062603738928,0.018099125829912042,0.005109565112706609,0.00042925159116045106,0.00042925159116045106,0.0,0.9957030476221596,0.004395054226055538,0.003965802634895087,0.9999003628747736,False
2.839,1,96,97,0.9063999999999997,0.9063999999999997,0.0,0.01888662582991207,0.01888662582991207,0.09006953384347441,0.08302800248973549,0.005679812603738922,0.01888662582991207,0.005109565112706609,0.0004267811169575337,0.0004267811169575337,0.0,0.9955752184230968,0.004403664203299695,0.003976883086342161,0.9998972498396979,False
2.873,1,97,98,0.9135399999999998,0.9135399999999998,0.0,0.019779125829912113,0.019779125829912113,0.09016800248973558,0.08320193988599667,0.005883250103738921,0.019779125829912113,0.005109565112706609,0.000424952278835383,0.000424952278835383,0.0,0.9959114128611006,0.004396999216483347,0.003972046937647964,0.9999054497625448,False
2.906,1,98,99,0.9204699999999997,0.9204699999999997,0.0,0.020645375829912146,0.020645375829912146,0.09013193988599667,0.08229962728225777,0.006316375103738916,0.020645375829912146,0.005109565112706609,0.0004235770432463108,0.0004235770432463108,0.0,0.9960189020859962,0.004376818466422648,0.003953241423176337,0.9999080354317387,False
2.943,1,99,100,0.9282399999999997,0.9282399999999997,0.0,0.021616625829912185,0.021616625829912185,0.09006962728225779,0.08165981467851888,0.007287625103738905,0.021616625829912185,0.005109565112706609,0.00042223733683238,0.00042223733683238,0.0,0.9963132933240054,0.004090069980557852,0.003667832643725472,0.9999137138914981,False
2.983,1,100,101,0.9366399999999997,0.9366399999999997,0.0,0.02266662582991223,0.02266662582991223,0.09005981467851887,0.08060000207477998,0.005929156457478042,0.02266662582991223,0.005109565112706609,0.00042126446325314805,0.00042126446325314805,0.0,0.996778219223524,0.00444863933774408,0.004027374874490932,0.9999264710250382,False
3.028,1,101,102,0.9460899999999999,0.9460899999999998,-1.1102230246251565e-16,0.023847875829912275,0.023847875829912275,0.09005000207477995,0.08009800197104106,0.006519781457478036,0.023847875829912275,0.005109565112706609,0.00042045944859510543,0.00042045944859510543,0.0,0.9962212778155342,0.004693969419550345,0.00427350997095524,0.9999125233195014,False
3.076,1,102,103,0.9561699999999997,0.9561699999999997,0.0,0.025107875829912328,0.025107875829912328,0.09017800197104105,0.08457200191917161,0.005606000051869436,0.025107875829912328,0.005109565112706609,0.0004196182654965524,0.0004196182654965524,0.0,0.9965468994027891,0.004336907621390627,0.003917289355894075,0.9999210488267,False
3.102,1,103,104,0.9616299999999999,0.9616299999999999,0.0,0.025790375829912362,0.025790375829912362,0.09003200191917166,0.08374350186730221,0.005730687551869438,0.025790375829912362,0.005109565112706609,0.00041974966811169446,0.00041974966811169446,0.0,0.9957265856028223,0.004351804237484221,0.0039320545693725265,0.9999008937869976,False
3.132,1,104,105,0.9679299999999995,0.9679299999999996,1.1102230246251565e-16,0.02657787582991239,0.02657787582991239,0.09004350186730214,0.08352531431543272,0.006124437551869432,0.02657787582991239,0.005109565112706609,0.0004192784324152121,0.0004192784324152121,0.0,0.9958773512365175,0.004360182784622928,0.0039409043522077155,0.9999045634031294,False
3.1630000000000003,1,105,106,0.9744399999999996,0.9744399999999996,0.0,0.027391625829912426,0.027391625829912426,0.09003531431543274,0.08270337676356332,0.005327078228739003,0.027391625829912426,0.005109565112706609,0.00041871285308651485,0.00041871285308651485,0.0,0.9961272347192087,0.004362699954260906,0.003943987101174391,0.999910657665017,False
3.198,1,106,107,0.9817899999999997,0.9817899999999996,-1.1102230246251565e-16,0.028310375829912467,0.028310375829912467,0.09005337676356334,0.08219643921169391,0.005786453228739001,0.028310375829912467,0.005109565112706609,0.00041817870179975715,0.00041817870179975715,0.0,0.995697361616927,0.004351352665544376,0.003933173963744619,0.9999001643573816,False
3.236,1,107,108,0.9897699999999995,0.9897699999999995,0.0,0.029307875829912504,0.029307875829912504,0.09017643921169385,0.08132200165982444,0.0059898907287389965,0.029307875829912504,0.005109565112706609,0.00041767026514770374,0.00041767026514770374,0.0,0.9960390945686455,0.004326279876172054,0.00390860961102435,0.9999084507978602,False
3.278,1,108,109,0.9985899999999996,0.9985899999999996,0.0,0.030410375829912545,0.030410375829912545,0.09014200165982439,0.0817961734310854,0.006541140728738989,0.030410375829912545,0.005109565112706609,0.0004171318022122565,0.0004171318022122565,0.0,0.9962116072791788,0.0044675770648763685,0.004050445262664112,0.9999124328809644,False
3.318,1,109,110,1.0069899999999996,1.0069899999999996,0.0,0.03146037582991258,0.01573018791495629,0.09019617343108538,0.08080034520234643,0.007591140728738981,0.01573018791495629,0.005109565112706609,0.0004163489615207555,0.0004163489615207555,0.0,0.9964608958572678,0.007405302583878677,0.006988953622357921,0.9999164326528104,False
3.362,1,110,111,1.0162299999999995,1.0162299999999995,0.0,0.01688518791495634,0.01688518791495634,0.09004034520234647,0.07994889197360751,0.005045726614369478,0.01688518791495634,0.005045726614369478,0.0004753583946564787,0.0004753583946564787,0.0,0.9969287999937045,0.004183863064358712,0.0037085046697022334,0.999930137997421,False
3.41,1,111,112,1.0263099999999996,1.0263099999999996,0.0,0.018145187914956392,0.018145187914956392,0.09002889197360756,0.08372316535923809,0.005278695364369478,0.018145187914956392,0.005109565112706609,0.00041914837678691297,0.00041914837678691297,0.0,0.995738187854728,0.00428492582876901,0.003865777451982097,0.9999010914951476,False
3.44,1,112,113,1.03261,1.0326099999999996,-4.440892098500626e-16,0.01893268791495643,0.01893268791495643,0.09002316535923816,0.0829299387448687,0.005672445364369478,0.01893268791495643,0.005109565112706609,0.00041375998463941783,0.00041375998463941783,0.0,0.9955697159214373,0.004299138445768468,0.0038853784611290504,0.9998969920787383,False
3.474,1,113,114,1.0397499999999997,1.0397499999999995,-2.220446049250313e-16,0.019825187914956462,0.019825187914956462,0.09006993874486868,0.08311124338049922,0.005843070364369474,0.019825187914956462,0.005109565112706609,0.0004134453580415642,0.0004134453580415642,0.0,0.9959067010301977,0.004293282090990468,0.003879836732948903,0.9999052112497705,False
3.507,1,114,115,1.0466799999999996,1.0466799999999996,0.0,0.020691437914956496,0.020691437914956496,0.09004124338049922,0.08221629801612977,0.0062761953643694695,0.020691437914956496,0.005109565112706609,0.0004127942369907763,0.0004127942369907763,0.0,0.995994912487628,0.004293324935444279,0.0038805306984535026,0.9999073151410844,False
3.545,1,115,116,1.0546599999999997,1.0546599999999997,0.0,0.021688937914956543,0.021688937914956543,0.09019629801612986,0.0817676026517604,0.007273695364369468,0.021688937914956543,0.005109565112706609,0.0004124649208363865,0.0004124649208363865,0.0,0.9963061079551339,0.003910938169913093,0.0034984732490767065,0.9999131461460676,False
3.585,1,116,117,1.0630599999999997,1.0630599999999994,-2.220446049250313e-16,0.022738937914956577,0.022738937914956577,0.0901676026517603,0.08068890728739087,0.005947234478739126,0.022738937914956577,0.005109565112706609,0.00041203420984240304,0.00041203420984240304,0.0,0.9967727039663038,0.0043751030495579254,0.003963068839715522,0.9999261895452327,False
3.63,1,117,118,1.0725099999999996,1.0725099999999996,0.0,0.023920187914956634,0.023920187914956634,0.09013890728739091,0.08020083692302146,0.006537859478739126,0.023920187914956634,0.005109565112706609,0.0004111693613010401,0.0004111693613010401,0.0,0.9962307608907685,0.004616261042968035,0.004205091681666996,0.9999125504578219,False
3.677,1,118,119,1.0823799999999992,1.0823799999999992,0.0,0.025153937914956678,0.025153937914956678,0.0900708369230214,0.08448492674083669,0.005585910182184712,0.025153937914956678,0.005109565112706609,0.00041052096808387516,0.00041052096808387516,0.0,0.9965431496795916,0.004243358667186295,0.0038328376991024196,0.9999208463997868,False
3.704,1,119,120,1.0880499999999993,1.0880499999999993,0.0,0.02586268791495671,0.02586268791495671,0.0901549267408367,0.08386026655865197,0.005723722682184714,0.02586268791495671,0.005109565112706609,0.00041107733486940416,0.00041107733486940416,0.0,0.9957306638013188,0.004258915258995747,0.003847837924126343,0.9999008852106547,False
3.734,1,120,121,1.0943499999999995,1.0943499999999995,0.0,0.026650187914956738,0.026650187914956738,0.09016026655865193,0.08364904387646722,0.006117472682184708,0.026650187914956738,0.005109565112706609,0.00041078484142438235,0.00041078484142438235,0.0,0.9958728279261102,0.0042664256924150774,0.003855640850990695,0.9999043442508482,False
3.765,1,121,122,1.1008599999999995,1.1008599999999997,2.220446049250313e-16,0.027463937914956774,0.027463937914956774,0.09015904387646725,0.08283407119428254,0.005336117239369545,0.027463937914956774,0.005109565112706609,0.0004102709314993781,0.0004102709314993781,0.0,0.996123230172668,0.004268099126176544,0.003857828194677166,0.9999104503353782,False
3.8000000000000003,1,122,123,1.1082099999999997,1.1082099999999997,0.0,0.028382687914956815,0.028382687914956815,0.09018407119428255,0.08233409851209786,0.005795492239369543,0.028382687914956815,0.005109565112706609,0.00040970507088255683,0.00040970507088255683,0.0,0.9957034796452646,0.004252318085916008,0.0038426130150334514,0.9999001981892139,False
3.837,1,123,124,1.1159799999999995,1.1159799999999993,-2.220446049250313e-16,0.029353937914956853,0.029353937914956853,0.09010409851209782,0.08128287582991313,0.005985804739369538,0.029353937914956853,0.005109565112706609,0.00040922535015622486,0.00040922535015622486,0.0,0.9960288996807056,0.0042459060980649735,0.0038366807479087487,0.999908074016868,False
3.879,1,124,125,1.1247999999999996,1.1247999999999996,0.0,0.030456437914956894,0.030456437914956894,0.09010287582991307,0.08177425859054355,0.0065370547393695305,0.030456437914956894,0.005109565112706609,0.0004087631257125972,0.0004087631257125972,0.0,0.9962093149440409,0.004383361368056907,0.00397459824234431,0.9999122118914604,False
3.919,1,125,126,1.1331999999999993,1.1331999999999993,0.0,0.03150643791495693,0.015753218957478464,0.09017425859054354,0.08079564135117404,0.007587054739369522,0.015753218957478464,0.005109565112706609,0.00040806183377166855,0.00040806183377166855,0.0,0.9964588810664993,0.007154350351572974,0.006746288517801306,0.9999159046331612,False
3.963,1,126,127,1.1424399999999995,1.1424399999999995,0.0,0.016908218957478512,0.016908218957478512,0.09003564135117406,0.07996139911180457,0.00503712111968475,0.016908218957478512,0.00503712111968475,0.0004845694948347942,0.0004845694948347942,0.0,0.9969272221093629,0.004073914100454969,0.0035893446056201746,0.9999299613583033,False
4.011,1,127,128,1.1525199999999998,1.1525199999999998,0.0,0.01816821895747856,0.01816821895747856,0.09004139911180468,0.08374427799211992,0.005276652369684755,0.01816821895747856,0.005109565112706609,0.0004164783382521931,0.0004164783382521931,0.0,0.9957322366808765,0.004184426722647246,0.0037679483843950524,0.9999008278640765,False
4.041,1,128,129,1.1588199999999993,1.1588199999999995,2.220446049250313e-16,0.018955718957478537,0.018955718957478537,0.09004427799211975,0.08295965687243502,0.005670402369684743,0.018955718957478537,0.005109565112706609,0.0004051000431816658,0.0004051000431816658,0.0,0.9955681127044573,0.004207373584480839,0.003802273541299173,0.9998968432682356,False
4.075,1,129,130,1.1659599999999997,1.1659599999999997,0.0,0.01984821895747855,0.01984821895747855,0.09009965687243515,0.08314300450275039,0.005841027369684751,0.01984821895747855,0.005109565112706609,0.0004051925767853326,0.0004051925767853326,0.0,0.9959053231111339,0.004205113094466226,0.003799920517680894,0.999905071290681,False
4.108,1,130,131,1.1728899999999998,1.1728899999999998,0.0,0.020714468957478527,0.020714468957478527,0.09007300450275027,0.08225010213306552,0.00627415236968474,0.020714468957478527,0.005109565112706609,0.0004048312649719244,0.0004048312649719244,0.0,0.9959935918236745,0.004219208595345816,0.003814377330373892,0.9999071693978484,False
4.1450000000000005,1,131,132,1.1806599999999996,1.1806599999999996,0.0,0.021685718957478516,0.021685718957478516,0.0900201021330655,0.08161969976338074,0.007245402369684742,0.021685718957478516,0.005109565112706609,0.00040469195247491154,0.00040469195247491154,0.0,0.9962915651309512,0.0037654247139511723,0.003360732761476261,0.9999124877808642,False
4.1850000000000005,1,132,133,1.1890599999999996,1.1890599999999996,0.0,0.022735718957478508,0.022735718957478508,0.0900196997633807,0.08056929739369595,0.005946429739369625,0.022735718957478508,0.005109565112706609,0.00040473129794227624,0.00040473129794227624,0.0,0.996761584358726,0.004312825007162714,0.003908093709220438,0.9999257993459699,False
4.23,1,133,134,1.1985099999999997,1.1985099999999997,0.0,0.023916968957478496,0.023916968957478496,0.0900192973936959,0.08010952002401117,0.006537054739369619,0.023916968957478496,0.005109565112706609,0.0004036535434880622,0.0004036535434880622,0.0,0.9962302415223451,0.004549752755560625,0.004146099212072563,0.9999123776827562,False
4.2780000000000005,1,134,135,1.2085899999999996,1.2085899999999996,0.0,0.025176968957478486,0.025176968957478486,0.09018952002401114,0.08460463133916878,0.005584888684842357,0.025176968957478486,0.005109565112706609,0.000403279870441421,0.000403279870441421,0.0,0.9965543576647687,0.00416947970955836,0.003766199839116939,0.9999210306475744,False
4.304,1,135,136,1.2140499999999994,1.2140499999999994,0.0,0.025859468957478475,0.025859468957478475,0.0900646313391687,0.08379724265432634,0.005709576184842353,0.025859468957478475,0.005109565112706609,0.0004042168455853083,0.0004042168455853083,0.0,0.9957119763231294,0.004186081299077986,0.0037818644534926777,0.9999003422222301,False
4.3340000000000005,1,136,137,1.2203499999999994,1.2203499999999994,0.0,0.026646968957478475,0.026646968957478475,0.09009724265432636,0.083600166469484,0.006103326184842353,0.026646968957478475,0.005109565112706609,0.00040410948717041234,0.00040410948717041234,0.0,0.9958637448099975,0.00419173055033829,0.0037876210631678777,0.9999040361426728,False
4.365,1,137,138,1.2268599999999994,1.2268599999999994,0.0,0.02746071895747846,0.02746071895747846,0.09011016646948392,0.08279934028464156,0.0053357148696848,0.02746071895747846,0.005109565112706609,0.00040369902621281673,0.00040369902621281673,0.0,0.9961152061864837,0.004193260116196201,0.0037895610899833843,0.999910168083305,False
4.4,1,138,139,1.2342099999999994,1.2342099999999994,0.0,0.028379468957478456,0.028379468957478456,0.09014934028464155,0.0823135140997992,0.005795089869684798,0.028379468957478456,0.005109565112706609,0.0004031386461261929,0.0004031386461261929,0.0,0.9957031187011287,0.004174234739355321,0.003771096093229128,0.9999000986863729,False
4.437,1,139,140,1.2419799999999994,1.2419799999999994,0.0,0.029350718957478445,0.029350718957478445,0.09008351409979917,0.08127643791495683,0.005985402369684791,0.029350718957478445,0.005109565112706609,0.0004027082618240463,0.0004027082618240463,0.0,0.9960285799772232,0.004182666176532922,0.0037799579147088755,0.9999079661341381,False
4.479,1,140,141,1.2507999999999995,1.2507999999999995,0.0,0.030453218957478455,0.030453218957478455,0.09009643791495697,0.08176822304527215,0.006536652369684796,0.030453218957478455,0.005109565112706609,0.0004023204199162726,0.0004023204199162726,0.0,0.9962090177013038,0.004315878102135594,0.003913557682219321,0.9999120750612938,False
4.519,1,141,142,1.2591999999999994,1.2591999999999994,0.0,0.03150321895747842,0.01575160947873921,0.0901682230452721,0.08079000817558728,0.007586652369684801,0.01575160947873921,0.005109565112706609,0.00040171130727211917,0.00040171130727211917,0.0,0.9964586113504622,0.0069609102716607415,0.006559198964388622,0.9999155297116309,False
4.563,1,142,143,1.2684399999999996,1.2684399999999996,0.0,0.01690660947873919,0.01690660947873919,0.09003000817558712,0.08499308824074472,0.005036919934842396,0.01690660947873919,0.005036919934842396,0.0004937939122708988,0.0004937939122708988,0.0,0.9969269753261423,0.0040224687661143885,0.0035286748538434897,0.9999298499943383,False
4.587,1,143,144,1.273479999999999,1.2734799999999988,-2.220446049250313e-16,0.017536609478739185,0.017536609478739185,0.0900330882407447,0.0843661683059023,0.005351919934842394,0.017536609478739185,0.005036919934842396,0.00044355075550808564,0.00044355075550808564,0.0,0.9952569318622698,0.0040367170160388564,0.0035931662605307706,0.9998891016656,False
4.614,1,144,145,1.2791499999999991,1.2791499999999991,0.0,0.018245359478739183,0.018245359478739183,0.0900361683059023,0.08397549837105989,0.005315826184842393,0.018245359478739183,0.005036919934842396,0.0004136198110452409,0.0004136198110452409,0.0,0.9955654356742274,0.004101353561587369,0.003687733750542128,0.9998966596467119,False
4.643,1,145,146,1.285239999999999,1.285239999999999,0.0,0.019006609478739174,0.019006609478739174,0.09006549837105984,0.08324357843621745,0.005696451184842389,0.019006609478739174,0.005036919934842396,0.00040165089464209866,0.00040165089464209866,0.0,0.9955774611380129,0.004134998791105633,0.0037333478964635346,0.999896983380109,False
4.676,1,146,147,1.2921699999999992,1.2921699999999992,0.0,0.019872859478739176,0.019872859478739176,0.09017357843621751,0.0832302522513751,0.005853951184842385,0.019872859478739176,0.005036919934842396,0.0003987796455194607,0.0003987796455194607,0.0,0.9959051175809885,0.004136604705424391,0.0037378250599049306,0.9999049831261502,False
4.7090000000000005,1,147,148,1.299099999999999,1.2990999999999988,-2.220446049250313e-16,0.020739109478739155,0.020739109478739155,0.09016025225137499,0.08235067606653258,0.006287076184842374,0.020739109478739155,0.005036919934842396,0.0003987974213418045,0.0003987974213418045,0.0,0.9960012311914539,0.004165000637661412,0.0037662032163196073,0.9999072689352867,False
4.746,1,148,149,1.306869999999999,1.306869999999999,0.0,0.021710359478739144,0.021710359478739144,0.09012067606653257,0.08172047488169018,0.007258326184842376,0.021710359478739144,0.005036919934842396,0.00039891108375033225,0.00039891108375033225,0.0,0.9962981044582266,0.003652782922036451,0.0032538718382861187,0.9999124204289139,False
4.7860000000000005,1,149,150,1.315269999999999,1.315269999999999,0.0,0.022760359478739136,0.022760359478739136,0.09012047488169012,0.08067027369684775,0.005952589869684782,0.022760359478739136,0.005036919934842396,0.0003993352195093272,0.0003993352195093272,0.0,0.996766559681679,0.004265834483077956,0.0038664992635686285,0.9999258319049253,False
4.831,1,150,151,1.3247199999999988,1.3247199999999988,0.0,0.023941609478739124,0.023941609478739124,0.09012027369684769,0.08019757251200532,0.006543214869684776,0.023941609478739124,0.005036919934842396,0.00039807603118382514,0.00039807603118382514,0.0,0.996233431727947,0.004496955744178618,0.004098879712994793,0.9999123342415406,False
4.878,1,151,152,1.334589999999999,1.334589999999999,0.0,0.02517535947873913,0.02517535947873913,0.09006757251200542,0.08448934691958424,0.005578225592421182,0.02517535947873913,0.005036919934842396,0.0003978950093225535,0.0003978950093225535,0.0,0.9965453748335809,0.004112402638697624,0.00371450762937507,0.9999207441074115,False
4.905,1,152,153,1.340259999999999,1.3402599999999987,-2.220446049250313e-16,0.025884109478739103,0.025884109478739103,0.09015934691958402,0.08387237132716287,0.00571603809242117,0.025884109478739103,0.005036919934842396,0.0003992256203989315,0.0003992256203989315,0.0,0.9957252873326717,0.0041336614617262235,0.003734435841327292,0.9999006032346911,False
4.9350000000000005,1,153,154,1.3465599999999989,1.3465599999999989,0.0,0.026671609478739103,0.026671609478739103,0.09017237132716288,0.0836688332347417,0.00610978809242117,0.026671609478739103,0.005036919934842396,0.00039930764139903556,0.00039930764139903556,0.0,0.9958677977777949,0.004138073002166063,0.0037387653607670276,0.999904072199352,False
4.966,1,154,155,1.3530699999999989,1.3530699999999989,0.0,0.02748535947873911,0.02748535947873911,0.0901788332347418,0.08286154514232061,0.00533879493484239,0.02748535947873911,0.005036919934842396,0.0003990169534399309,0.0003990169534399309,0.0,0.996118775718412,0.004139680894554215,0.003740663941114284,0.9999101927388501,False
5.0,1,155,156,1.3602099999999986,1.3602099999999988,2.220446049250313e-16,0.0283778594787391,0.0283778594787391,0.09000154514232055,0.08218550704989937,0.005785044934842384,0.0283778594787391,0.005036919934842396,0.00039848487113683677,0.00039848487113683677,0.0,0.9956870619236077,0.004116720928633428,0.003718236057496591,0.9998996409278731,False
5.038,1,156,157,1.3681899999999985,1.3681899999999985,0.0,0.029375359478739073,0.029375359478739073,0.0901655070498992,0.08135196895747804,0.00598848243484237,0.029375359478739073,0.005036919934842396,0.00039810627259292025,0.00039810627259292025,0.0,0.9960380219954625,0.004137967804288718,0.003739861531695798,0.99990812428252,False
5.08,1,157,158,1.3770099999999985,1.3770099999999987,2.220446049250313e-16,0.030477859478739083,0.030477859478739083,0.0901719689574782,0.08184067402263578,0.006539732434842375,0.030477859478739083,0.005036919934842396,0.0003977889065188281,0.0003977889065188281,0.0,0.9962106087274342,0.004266075630268484,0.0038682867237496564,0.9999120180710769,False
5.119,1,158,159,1.3851999999999987,1.3851999999999987,0.0,0.03150160947873905,0.015750804739369524,0.09003067402263569,0.08067562908779331,0.007563482434842371,0.015750804739369524,0.005036919934842396,0.00039726222762627916,0.00039726222762627916,0.0,0.9964476881760197,0.006803490781957387,0.006406228554331107,0.9999149764383272,False
5.164,1,159,160,1.3946499999999986,1.3946499999999986,0.0,0.016932054739369512,0.016932054739369512,0.09012562908779323,0.08508060662037203,0.005045022467421182,0.016932054739369512,0.005036919934842396,0.0005057395487096855,0.0005057395487096855,0.0,0.9969279816618383,0.003973229133473824,0.0034674895847641384,0.9999297978522986,False
5.188,1,160,161,1.3996899999999983,1.3996899999999983,0.0,0.017562054739369507,0.017562054739369507,0.09012060662037201,0.08444558415295082,0.00536002246742118,0.017562054739369507,0.005036919934842396,0.00044797159989962214,0.00044797159989962214,0.0,0.9952636296255032,0.003968225512150571,0.0035202539122509485,0.9998891849858976,False
5.215,1,161,162,1.4053599999999986,1.4053599999999986,0.0,0.018270804739369505,0.018270804739369505,0.09011558415295082,0.08404681168552963,0.005317366217421183,0.018270804739369505,0.005036919934842396,0.0004147636153805914,0.0004147636153805914,0.0,0.9955712871333167,0.004038206966247564,0.0036234433508669723,0.9998967274142087,False
5.244,1,162,163,1.4114499999999985,1.4114499999999985,0.0,0.019032054739369496,0.019032054739369496,0.09013681168552959,0.08330678921810841,0.005697991217421179,0.019032054739369496,0.005036919934842396,0.00040110723734700207,0.00040110723734700207,0.0,0.99557851758206,0.00408011177531219,0.003679004537965188,0.9998969433098404,False
5.276,1,163,164,1.4181699999999986,1.4181699999999984,-2.220446049250313e-16,0.01987205473936949,0.01987205473936949,0.09002678921810839,0.08310817300068721,0.0058423662174211695,0.01987205473936949,0.005036919934842396,0.0003940880372859189,0.0003940880372859189,0.0,0.9958895635709999,0.004085442736926029,0.0036913546996401097,0.9999045423872528,False
5.309,1,164,165,1.4250999999999985,1.4250999999999985,0.0,0.020738304739369492,0.020738304739369492,0.09003817300068728,0.08225330678326608,0.006275491217421171,0.020738304739369492,0.005036919934842396,0.00039457645159198494,0.00039457645159198494,0.0,0.9959942643731186,0.004127816325697177,0.003733239874105192,0.9999070375821344,False
5.346,1,165,166,1.4328699999999985,1.4328699999999985,0.0,0.02170955473936948,0.02170955473936948,0.09002330678326606,0.08164781556584487,0.007246741217421172,0.02170955473936948,0.005036919934842396,0.0003949809908074028,0.0003949809908074028,0.0,0.9962921283846132,0.0035728818026283804,0.0031779008118209776,0.9999121027825678,False
5.386,1,166,167,1.4412699999999985,1.4412699999999985,0.0,0.022759554739369473,0.022759554739369473,0.09004781556584482,0.08062232434842363,0.005952388684842366,0.022759554739369473,0.005036919934842396,0.00039576777812752107,0.00039576777812752107,0.0,0.9967619908355551,0.004236075029092637,0.0038403072509651157,0.9999256584113007,False
5.431,1,167,168,1.4507199999999985,1.4507199999999985,0.0,0.02394080473936946,0.02394080473936946,0.09007232434842356,0.0801612081310024,0.00654301368484236,0.02394080473936946,0.005036919934842396,0.00039432597830446706,0.00039432597830446706,0.0,0.9962332782004174,0.004462132999010285,0.004067807020705818,0.999912242398326,False
5.478,1,168,169,1.4605899999999983,1.4605899999999983,0.0,0.025174554739369442,0.025174554739369442,0.0900312081310023,0.08445877502229174,0.005572433108710573,0.025174554739369442,0.005036919934842396,0.00039432572863546674,0.00039432572863546674,0.0,0.9965452398255612,0.004074622675095646,0.0036802969464601793,0.9999206958819518,False
5.505,1,169,170,1.4662599999999983,1.4662599999999983,0.0,0.02588330473936944,0.02588330473936944,0.09012877502229172,0.08384759191358113,0.005710245608710569,0.02588330473936944,0.005036919934842396,0.00039596250740598954,0.00039596250740598954,0.0,0.9957212981896634,0.004098598629037553,0.003702636121631564,0.9999004635931685,False
5.535,1,170,171,1.4725599999999983,1.4725599999999983,0.0,0.02667080473936944,0.02667080473936944,0.09014759191358115,0.08364984630487057,0.006103995608710569,0.02667080473936944,0.005036919934842396,0.0003962272293765137,0.0003962272293765137,0.0,0.9958640695425562,0.004102370538269213,0.0037061433088926995,0.9999039402046719,False
5.566,1,171,172,1.479069999999998,1.479069999999998,0.0,0.027484554739369425,0.027484554739369425,0.09015984630487048,0.08284835069615991,0.00533869434242117,0.027484554739369425,0.005036919934842396,0.00039606438136276955,0.00039606438136276955,0.0,0.9961154825358536,0.004104249889235009,0.0037081855078722396,0.9999100719005595,False
5.601,1,172,173,1.4864199999999983,1.4864199999999983,0.0,0.02840330473936942,0.02840330473936942,0.09019835069615992,0.08236185508744935,0.005798069342421168,0.02840330473936942,0.005036919934842396,0.0003955546267730599,0.0003955546267730599,0.0,0.9957050682676519,0.004080631257483699,0.003685076630710639,0.9999000376761881,False
5.638,1,173,174,1.4941899999999984,1.4941899999999981,-2.220446049250313e-16,0.02937455473936941,0.02937455473936941,0.09013185508744931,0.08132410947873875,0.005988381842421162,0.02937455473936941,0.005036919934842396,0.00039519901403105696,0.00039519901403105696,0.0,0.9960302329348704,0.0041082296922519135,0.0037130306782208566,0.9999078845534967,False
5.68,1,174,175,1.503009999999998,1.503009999999998,0.0,0.030477054739369396,0.030477054739369396,0.0901441094787387,0.08181291513631754,0.006539631842421155,0.030477054739369396,0.005036919934842396,0.00039492705289780245,0.00039492705289780245,0.0,0.9962105178960858,0.004233731661675913,0.0038388046087781107,0.9999119474928992,False
5.719,1,175,176,1.5111999999999979,1.5111999999999979,0.0,0.03150080473936936,0.01575040236968468,0.09000291513631742,0.08064797079389627,0.007563381842421151,0.01575040236968468,0.005036919934842396,0.00039448323433027583,0.00039448323433027583,0.0,0.9964476042146835,0.006688269140689828,0.006293785906359552,0.999914754323448,False
5.764,1,176,177,1.5206499999999978,1.520649999999998,2.220446049250313e-16,0.016931652369684667,0.016931652369684667,0.09009797079389617,0.0850595611226856,0.0050384096712105695,0.016931652369684667,0.005036919934842396,0.0005143784506573464,0.0005143784506573464,0.0,0.996927901890064,0.003952071616616273,0.003437693165958927,0.999929751603417,False
5.788,1,177,178,1.525689999999998,1.525689999999998,0.0,0.017561652369684662,0.017561652369684662,0.09009956112268556,0.084431151451475,0.005353409671210567,0.017561652369684662,0.005036919934842396,0.00045485071266792464,0.00045485071266792464,0.0,0.9952580407323577,0.003916104933509166,0.003461254220841241,0.9998889913608068,False
5.815,1,178,179,1.531359999999998,1.531359999999998,0.0,0.01827040236968466,0.01827040236968466,0.09010115145147499,0.08403899178026442,0.005317315921210567,0.01827040236968466,0.005036919934842396,0.0004179233337407986,0.0004179233337407986,0.0,0.9955663923749994,0.0039886486919115255,0.003570725358170727,0.9998965501941397,False
5.844,1,179,180,1.537449999999998,1.537449999999998,0.0,0.01903165236968465,0.01903165236968465,0.09012899178026437,0.08330558210905381,0.005697940921210562,0.01903165236968465,0.005036919934842396,0.00040292125146423327,0.00040292125146423327,0.0,0.995578432902533,0.004038870074678562,0.0036359488232143287,0.999896892599166,False
5.876,1,180,181,1.544169999999998,1.544169999999998,0.0,0.019871652369684644,0.019871652369684644,0.09002558210905379,0.08310701618784323,0.005842315921210559,0.019871652369684644,0.005036919934842396,0.0003931323129005199,0.0003931323129005199,0.0,0.9958894925233823,0.004050922892142681,0.0036577905792421614,0.9999044988578106,False
5.909,1,181,182,1.5510999999999981,1.5510999999999981,0.0,0.020737902369684647,0.020737902369684647,0.0900370161878433,0.08225220026663271,0.00627544092121056,0.020737902369684647,0.005036919934842396,0.0003918652100177253,0.0003918652100177253,0.0,0.9959942006775824,0.004105450639356502,0.0037135854293387765,0.9999069948695952,False
5.946,1,182,183,1.558869999999998,1.558869999999998,0.0,0.021709152369684636,0.021709152369684636,0.09002220026663268,0.08164675934542212,0.007246690921210562,0.021709152369684636,0.005036919934842396,0.00039258756702058393,0.00039258756702058393,0.0,0.9962920721665011,0.0035191884722591445,0.0031266009052385605,0.9999119736990629,False
5.986,1,183,184,1.567269999999998,1.567269999999998,0.0,0.022759152369684628,0.022759152369684628,0.09004675934542206,0.0806213184242115,0.005952288092421155,0.022759152369684628,0.005036919934842396,0.00039374788490627874,0.00039374788490627874,0.0,0.996761944154579,0.004221416278474319,0.00382766839356804,0.9999256178282714,False
6.031,1,184,185,1.576719999999998,1.576719999999998,0.0,0.023940402369684616,0.023940402369684616,0.09007131842421143,0.08016025250300088,0.006542913092421149,0.023940402369684616,0.005036919934842396,0.0003921388617490166,0.0003921388617490166,0.0,0.9962331973638342,0.004442997723161639,0.004050858861412622,0.999912179544501,False
6.078,1,185,186,1.5865899999999977,1.5865899999999977,0.0,0.025174152369684597,0.025174152369684597,0.09003025250300077,0.08445784454239551,0.005572407960605268,0.025174152369684597,0.005036919934842396,0.00039227070851284226,0.00039227070851284226,0.0,0.9965451686132019,0.004052331697141212,0.00366006098862837,0.9999206679251406,False
6.105,1,186,187,1.5922599999999978,1.5922599999999978,0.0,0.025882902369684595,0.025882902369684595,0.0901278445423955,0.08384668658179023,0.005710220460605263,0.025882902369684595,0.005036919934842396,0.00039415688833519447,0.00039415688833519447,0.0,0.9957212570997913,0.004078647071493607,0.003684490183158413,0.9999004385106073,False
6.135,1,187,188,1.5985599999999978,1.5985599999999978,0.0,0.026670402369684595,0.026670402369684595,0.09014668658179024,0.08364896612118497,0.006103970460605263,0.026670402369684595,0.005036919934842396,0.00039459672603081374,0.00039459672603081374,0.0,0.9958640318701075,0.004082158162603464,0.0036875614365726507,0.9999039166319049,False
6.166,1,188,189,1.6050699999999978,1.6050699999999978,0.0,0.02748415236968458,0.02748415236968458,0.09015896612118487,0.08284749566057961,0.005338644046210565,0.02748415236968458,0.005036919934842396,0.0003945660344699621,0.0003945660344699621,0.0,0.9961154478337081,0.004084457845914382,0.0036898918114444193,0.9999100491260061,False
6.2010000000000005,1,189,190,1.6124199999999975,1.6124199999999975,0.0,0.028402902369684575,0.028402902369684575,0.09019749566057962,0.08236102519997435,0.005798019046210563,0.028402902369684575,0.005036919934842396,0.00039408974339217564,0.00039408974339217564,0.0,0.9957050136446175,0.004059121836372448,0.003665032092980272,0.9999000123703725,False
6.238,1,190,191,1.6201899999999976,1.6201899999999978,2.220446049250313e-16,0.029374152369684565,0.029374152369684565,0.09013102519997432,0.08132330473936907,0.005988331546210556,0.029374152369684565,0.005036919934842396,0.0003937533442955573,0.0003937533442955573,0.0,0.9960301838117206,0.004093838985186157,0.0037000856408906,0.9999078543242103,False
6.28,1,191,192,1.6290099999999976,1.6290099999999978,2.220446049250313e-16,0.03047665236968455,0.03047665236968455,0.09014330473936902,0.08181216069315844,0.006539581546210549,0.03047665236968455,0.005036919934842396,0.00039351084743378283,0.00039351084743378283,0.0,0.9962104721747218,0.004216490272797593,0.0038229794253638104,0.9999119014150538,False
6.319,1,192,193,1.6371999999999978,1.6371999999999975,-2.220446049250313e-16,0.03150040236968454,0.01575020118484227,0.09000216069315853,0.08064726664694796,0.0075633315462105685,0.01575020118484227,0.005036919934842396,0.0003931198610171798,0.0003931198610171798,0.0,0.9964475619190201,0.0066087909588221395,0.006215671097804959,0.9999145831897636,False
6.364,1,193,194,1.6466499999999975,1.6466499999999975,0.0,0.016931451184842256,0.016931451184842256,0.09009726664694787,0.08505888212384259,0.005038384523105279,0.016931451184842256,0.005036919934842396,0.0005215128870203278,0.0005215128870203278,0.0,0.996927863449319,0.00394908466595921,0.003427571778938882,0.9999297316105213,False
6.388,1,194,195,1.6516899999999974,1.6516899999999972,-2.220446049250313e-16,0.01756145118484225,0.01756145118484225,0.09009888212384255,0.08443049760073727,0.005353384523105276,0.01756145118484225,0.005036919934842396,0.000461287108778504,0.000461287108778504,0.0,0.9952579819888111,0.003880787613163423,0.003419500504384919,0.9998889522184391,False
6.415,1,195,196,1.6573599999999975,1.6573599999999975,0.0,0.01827020118484225,0.01827020118484225,0.09010049760073727,0.08403836307763199,0.005317290773105276,0.01827020118484225,0.005036919934842396,0.0004210685809507976,0.0004210685809507976,0.0,0.9955663316433454,0.003952332509136507,0.003531263928185709,0.9998965067746318,False
6.444,1,196,197,1.6634499999999974,1.6634499999999974,0.0,0.01903145118484224,0.01903145118484224,0.09012836307763195,0.08330497855452666,0.005697915773105271,0.01903145118484224,0.005036919934842396,0.0004054314709454872,0.0004054314709454872,0.0,0.9955783816968898,0.004009967147985013,0.003604535677039526,0.999896857885158,False
6.476,1,197,198,1.6701699999999975,1.6701699999999975,0.0,0.019871451184842234,0.019871451184842234,0.09002497855452665,0.08310643778142136,0.005842290773105268,0.019871451184842234,0.005036919934842396,0.0003951293566282593,0.0003951293566282593,0.0,0.9958894528860841,0.004029447178483057,0.0036343178218547975,0.999904471998432,False
6.509,1,198,199,1.6770999999999971,1.6770999999999971,0.0,0.02073770118484221,0.02073770118484221,0.09003643778142126,0.08225164700831598,0.006275415773105257,0.02073770118484221,0.005036919934842396,0.0003904388245210508,0.0003904388245210508,0.0,0.9959941681338033,0.004095266494433848,0.0037048276699127975,0.9999069703263549,False
6.546,1,199,200,1.6848699999999972,1.6848699999999974,2.220446049250313e-16,0.0217089511848422,0.0217089511848422,0.09002164700831596,0.0816462312352107,0.007246665773105259,0.0217089511848422,0.005036919934842396,0.0003915156468060884,0.0003915156468060884,0.0,0.9962920453377269,0.003486162897804495,0.0030946472509984064,0.9999118802143849,False
6.586,1,200,201,1.6932699999999974,1.6932699999999972,-2.220446049250313e-16,0.022758951184842193,0.022758951184842193,0.09004623123521066,0.0806208154621054,0.005952237796210546,0.022758951184842193,0.005036919934842396,0.00039306198005209313,0.00039306198005209313,0.0,0.9967619238717245,0.004219542356747083,0.00382648037669499,0.9999255965500907,False
6.631,1,201,202,1.7027199999999973,1.7027199999999973,0.0,0.023940201184842205,0.023940201184842205,0.09007081546210552,0.08015977468900026,0.006542862796210552,0.023940201184842205,0.005036919934842396,0.00039126994665331544,0.00039126994665331544,0.0,0.9962331594570258,0.004437748800156745,0.0040464788535034294,0.9999121398145909,False
6.678,1,202,203,1.7125899999999972,1.7125899999999972,0.0,0.025173951184842187,0.025173951184842187,0.09002977468900016,0.08445737930244754,0.005572395386552623,0.025173951184842187,0.005036919934842396,0.00039150609396069655,0.00039150609396069655,0.0,0.996545135926695,0.004043126994298887,0.0036516209003381907,0.9999206567763786,False
6.705,1,203,204,1.7182599999999972,1.7182599999999972,0.0,0.025882701184842184,0.025882701184842184,0.09012737930244752,0.0838462339158949,0.005710207886552624,0.025882701184842184,0.005036919934842396,0.0003935991197631855,0.0003935991197631855,0.0,0.9957212401912773,0.004071459928692192,0.0036778608089290065,0.9999004294471402,False
6.735,1,204,205,1.724559999999997,1.7245599999999972,2.220446049250313e-16,0.02667020118484216,0.02667020118484216,0.09014623391589471,0.08364852602934211,0.006103957886552612,0.02667020118484216,0.005036919934842396,0.00039420623262306965,0.00039420623262306965,0.0,0.9958640177802107,0.004074918858037024,0.003680712625413954,0.9999039091782663,False
6.766,1,205,206,1.731069999999997,1.731069999999997,0.0,0.02748395118484217,0.02748395118484217,0.09015852602934221,0.08284706814278958,0.005338618898105272,0.02748395118484217,0.005036919934842396,0.00039430840537322854,0.00039430840537322854,0.0,0.9961154358741117,0.004077772805780965,0.0036834644004077365,0.9999100425961694,False
6.801,1,206,207,1.7384199999999972,1.7384199999999974,2.220446049250313e-16,0.028402701184842165,0.028402701184842165,0.09019706814278959,0.08236061025623695,0.00579799389810527,0.028402701184842165,0.005036919934842396,0.0003938693505802707,0.0003938693505802707,0.0,0.9957049919762402,0.004051056425381904,0.0036571870748016333,0.99990000400003,False
6.838,1,207,208,1.7461899999999972,1.7461899999999972,0.0,0.029373951184842154,0.029373951184842154,0.09013061025623692,0.08132290236968429,0.0059883063981052585,0.029373951184842154,0.005036919934842396,0.00039354347963224017,0.00039354347963224017,0.0,0.9960301650040232,0.0040918796908150645,0.0036983362111828243,0.999907841729249,False
6.88,1,208,209,1.755009999999997,1.755009999999997,0.0,0.03047645118484214,0.03047645118484214,0.09014290236968425,0.08181178347157897,0.006539556398105251,0.03047645118484214,0.005036919934842396,0.00039330951925557674,0.00039330951925557674,0.0,0.9962104551876212,0.004212258764989735,0.003818949245734158,0.9999118751886539,False
6.9190000000000005,1,209,210,1.763199999999997,1.763199999999997,0.0,0.031500201184842105,0.015750100592421053,0.09000178347157886,0.08064691457347362,0.007563306398105247,0.015750100592421053,0.005036919934842396,0.00039295417641723167,0.00039295417641723167,0.0,0.9964475466634092,0.006561075325250163,0.006168121148832932,0.9999144513777335,False
6.964,1,210,211,1.772649999999997,1.772649999999997,0.0,0.01693135059242104,0.01693135059242104,0.09009691457347352,0.08505854262442089,0.00503837194905262,0.01693135059242104,0.005036919934842396,0.0005278537702465628,0.0005278537702465628,0.0,0.9969278567833247,0.003961958601716199,0.0034341048314696365,0.9999297329243814,False
6.988,1,211,212,1.7776899999999969,1.7776899999999969,0.0,0.017561350592421036,0.017561350592421036,0.09009854262442087,0.08443017067536823,0.005353371949052618,0.017561350592421036,0.005036919934842396,0.00046736075039055243,0.00046736075039055243,0.0,0.9952579516895655,0.0038605225577244794,0.0033931618073339267,0.9998889312269337,False
7.015000000000001,1,212,213,1.783359999999997,1.783359999999997,0.0,0.018270100592421033,0.018270100592421033,0.09010017067536824,0.08403804872631561,0.0053172781990526155,0.018270100592421033,0.005036919934842396,0.0004241191618324336,0.0004241191618324336,0.0,0.995566294112539,0.003927480020905243,0.00350336085907281,0.9998964776577984,False
7.0440000000000005,1,213,214,1.7894499999999969,1.7894499999999969,0.0,0.019031350592421024,0.019031350592421024,0.09012804872631557,0.08330467677726294,0.005697903199052611,0.019031350592421024,0.005036919934842396,0.000407900953465989,0.000407900953465989,0.0,0.9955783517448281,0.0039908503177595,0.003582949364293511,0.9998968357815865,False
7.0760000000000005,1,214,215,1.7961699999999967,1.7961699999999967,0.0,0.019871350592421018,0.019871350592421018,0.09002467677726293,0.08310614857821032,0.005842278199052608,0.019871350592421018,0.005036919934842396,0.0003975650746501011,0.0003975650746501011,0.0,0.9958894333784902,0.004018128627936643,0.003620563553286542,0.9999044581053599,False
7.109,1,215,216,1.803099999999997,1.803099999999997,0.0,0.02073760059242102,0.02073760059242102,0.09003614857821039,0.08225137037915775,0.006275403199052609,0.02073760059242102,0.005036919934842396,0.0003900633530513373,0.0003900633530513373,0.0,0.9959941563525206,0.004095020538221458,0.003704957185170121,0.9999069605320321,False
7.146,1,216,217,1.8108699999999969,1.8108699999999969,0.0,0.02170885059242101,0.02170885059242101,0.09002137037915772,0.08164596718010511,0.007246653199052611,0.02170885059242101,0.005036919934842396,0.0003915481882852934,0.0003915481882852934,0.0,0.996292039042823,0.0034702012284649683,0.003078653040179675,0.9999118151308491,False
7.186,1,217,218,1.8192699999999968,1.8192699999999968,0.0,0.022758850592421002,0.022758850592421002,0.09004596718010505,0.08062056398105244,0.005952212648105248,0.022758850592421002,0.005036919934842396,0.0003934926445602537,0.0003934926445602537,0.0,0.9967619226790381,0.004228454785197802,0.0038349621406375484,0.9999255915575002,False
7.231,1,218,219,1.8287199999999968,1.8287199999999968,0.0,0.02394010059242099,0.02394010059242099,0.09007056398105237,0.08015953578199977,0.006542837648105242,0.02394010059242099,0.005036919934842396,0.0003915361882283252,0.0003915361882283252,0.0,0.99623314885046,0.004444077118640831,0.004052540930412506,0.9999121191380194,False
7.2780000000000005,1,219,220,1.8385899999999966,1.8385899999999966,0.0,0.02517385059242097,0.02517385059242097,0.09002953578199967,0.08445714668247337,0.005572389099526292,0.02517385059242097,0.005036919934842396,0.0003918422168359195,0.0003918422168359195,0.0,0.9965451280314519,0.004044933046480112,0.0036530908296441927,0.9999206595950397,False
7.305,1,220,221,1.8442599999999967,1.8442599999999967,0.0,0.02588260059242097,0.02588260059242097,0.09012714668247337,0.08384600758294707,0.005710201599526288,0.02588260059242097,0.005036919934842396,0.00039409727941915686,0.00039409727941915686,0.0,0.99572124057961,0.004074879742445407,0.0036807824630262502,0.9999004336624144,False
7.335,1,221,222,1.8505599999999967,1.8505599999999967,0.0,0.02667010059242097,0.02667010059242097,0.09014600758294708,0.0836483059834208,0.006103951599526288,0.02667010059242097,0.005036919934842396,0.00039486076158980367,0.00039486076158980367,0.0,0.995864020574596,0.004079313439379582,0.0036844526777897787,0.9999039149851383,False
7.3660000000000005,1,222,223,1.8570699999999967,1.8570699999999967,0.0,0.027483850592420953,0.027483850592420953,0.0901583059834207,0.08284685438389441,0.005338606324052611,0.027483850592420953,0.005036919934842396,0.0003951030692310072,0.0003951030692310072,0.0,0.9961154404534148,0.004081883188565167,0.0036867801193341595,0.9999100494758952,False
7.401,1,223,224,1.8644199999999964,1.8644199999999964,0.0,0.02840260059242095,0.02840260059242095,0.09019685438389441,0.08236040278436813,0.005797981324052609,0.02840260059242095,0.005036919934842396,0.0003947107714874115,0.0003947107714874115,0.0,0.9957049920728357,0.0040541458858837,0.0036594351143962884,0.9999000096241788,False
7.438,1,224,225,1.8721899999999962,1.8721899999999962,0.0,0.02937385059242094,0.02937385059242094,0.0901304027843681,0.0813227011848418,0.0059882938240526035,0.02937385059242094,0.005036919934842396,0.00039439294346635173,0.00039439294346635173,0.0,0.9960301667185965,0.004100796628203375,0.003706403684737023,0.9999078437783115,False
7.48,1,225,226,1.8810099999999963,1.8810099999999963,0.0,0.030476350592420924,0.030476350592420924,0.09014270118484176,0.08181159486078915,0.006539543824052596,0.030476350592420924,0.005036919934842396,0.000394149625870475,0.000394149625870475,0.0,0.9962104579301873,0.004219706613792271,0.0038255569879217955,0.9999118653087339,False
7.519,1,226,227,1.8891999999999962,1.8891999999999962,0.0,0.03150010059242091,0.015750050296210454,0.09000159486078924,0.08064673853673661,0.007563293824052616,0.015750050296210454,0.005036919934842396,0.00039381895644638416,0.00039381895644638416,0.0,0.9964475503139848,0.006542324985855176,0.006148506029408791,0.9999143499813353,False
7.564,1,227,228,1.8986499999999964,1.8986499999999964,0.0,0.01693130029621044,0.01693130029621044,0.09009673853673651,0.08505837287471021,0.005038365662026302,0.01693130029621044,0.005036919934842396,0.0005338895704377759,0.0005338895704377759,0.0,0.9969278749650109,0.0039892793254885026,0.0034553897550507265,0.9999297535234752,False
7.588,1,228,229,1.903689999999996,1.903689999999996,0.0,0.017561300296210437,0.017561300296210437,0.09009837287471018,0.08443000721268387,0.0053533656620263,0.017561300296210437,0.005036919934842396,0.00047329081248751034,0.00047329081248751034,0.0,0.9952579429522952,0.003853942751201399,0.0033806519387138884,0.9998889266266551,False
7.615,1,229,230,1.9093599999999962,1.9093599999999962,0.0,0.018270050296210434,0.018270050296210434,0.09010000721268388,0.08403789155065756,0.005317271912026299,0.018270050296210434,0.005036919934842396,0.00042738608835157137,0.00042738608835157137,0.0,0.9955662736657367,0.0039128432526855834,0.003485457164334012,0.9998964611695602,False
7.644,1,230,231,1.9154499999999963,1.9154499999999963,0.0,0.019031300296210425,0.019031300296210425,0.09012789155065752,0.08330452588863121,0.005697896912026295,0.019031300296210425,0.005036919934842396,0.0004105126027668923,0.0004105126027668923,0.0,0.9955783365300502,0.0039799013794167,0.003569388776649808,0.9998968241574935,False
7.676,1,231,232,1.9221699999999964,1.9221699999999962,-2.220446049250313e-16,0.01987130029621042,0.01987130029621042,0.0900245258886312,0.0831060039766049,0.005842271912026292,0.01987130029621042,0.005036919934842396,0.0004000287311494132,0.0004000287311494132,0.0,0.9958894274945883,0.004014758732414751,0.0036147300012653373,0.9999044543893826,False
7.7090000000000005,1,232,233,1.929099999999996,1.929099999999996,0.0,0.020737550296210397,0.020737550296210397,0.09003600397660479,0.08225123206457849,0.006275396912026281,0.020737550296210397,0.005036919934842396,0.0003926586957228168,0.0003926586957228168,0.0,0.9959941585529528,0.0041024288528404285,0.0037097701571176117,0.9999069620406467,False
7.746,1,233,234,1.9368699999999959,1.9368699999999959,0.0,0.021708800296210386,0.021708800296210386,0.09002123206457846,0.08164583515255218,0.0072466469120262824,0.021708800296210386,0.005036919934842396,0.00039245662794980724,0.00039245662794980724,0.0,0.9962920472662297,0.0034681318843007396,0.003075675256350932,0.999911771870129,False
7.7860000000000005,1,234,235,1.9452699999999958,1.9452699999999958,0.0,0.02275880029621038,0.02275880029621038,0.09004583515255214,0.08062043824052587,0.0059522000740525926,0.02275880029621038,0.005036919934842396,0.00039484544688272267,0.00039484544688272267,0.0,0.9967619358702897,0.004246715321765106,0.003851869874882383,0.9999256000712926,False
7.831,1,235,236,1.954719999999996,1.954719999999996,0.0,0.023940050296210366,0.023940050296210366,0.0900704382405258,0.08015941632849953,0.0065428250740525865,0.023940050296210366,0.005036919934842396,0.000392766416741106,0.000392766416741106,0.0,0.9962331569298888,0.004460835015222174,0.004068068598481068,0.9999121141928656,False
7.878,1,236,237,1.9645899999999958,1.9645899999999958,0.0,0.025173800296210372,0.025173800296210372,0.09002941632849962,0.08445703037248647,0.005572385956013135,0.025173800296210372,0.005036919934842396,0.00039311736849973735,0.00039311736849973735,0.0,0.9965451374629889,0.004056233973305817,0.00366311660480608,0.9999206743696534,False
7.905,1,237,238,1.9702599999999961,1.9702599999999961,0.0,0.02588255029621037,0.02588255029621037,0.09012703037248648,0.08384589441647333,0.005710198456013136,0.02588255029621037,0.005036919934842396,0.000395494238991845,0.000395494238991845,0.0,0.9957212543343329,0.004087447495300232,0.0036919532563083873,0.9999004493040008,False
7.9350000000000005,1,238,239,1.9765599999999957,1.9765599999999957,0.0,0.026670050296210345,0.026670050296210345,0.09014589441647317,0.08364819596046003,0.006103948456013124,0.026670050296210345,0.005036919934842396,0.0003964025623838094,0.0003964025623838094,0.0,0.9958640364432868,0.004093181747708348,0.0036967791853245386,0.9999039321696971,False
7.966,1,239,240,1.983069999999996,1.9830699999999957,-2.220446049250313e-16,0.027483800296210354,0.027483800296210354,0.09015819596046012,0.082846747504447,0.005338600037026295,0.027483800296210354,0.005036919934842396,0.00039678219951976777,0.00039678219951976777,0.0,0.9961154579471265,0.004095234021893164,0.003698451822373396,0.9999100678328662,False
8.001,1,240,241,1.9904199999999959,1.990419999999996,2.220446049250313e-16,0.02840255029621035,0.02840255029621035,0.090196747504447,0.08236029904843385,0.005797975037026292,0.02840255029621035,0.005036919934842396,0.00039645769878036144,0.00039645769878036144,0.0,0.9957050078308263,0.0040675076459739945,0.003671049947193633,0.9999000272729252,False
8.038,1,241,242,1.9981899999999957,1.9981899999999957,0.0,0.029373800296210315,0.029373800296210315,0.09013029904843356,0.08132260059242047,0.005988287537026265,0.029373800296210315,0.005036919934842396,0.0003961613958837108,0.0003961613958837108,0.0,0.9960301835057475,0.004118997784678349,0.0037228363887946386,0.9999078584038376,False
8.08,1,242,243,2.0070099999999957,2.0070099999999957,0.0,0.0304763002962103,0.0304763002962103,0.09014260059242038,0.08181150055539413,0.006539537537026246,0.0304763002962103,0.005036919934842396,0.00039589557384813823,0.00039589557384813823,0.0,0.9962104751647298,0.004237089611133331,0.0038411940372851928,0.999911869151781,False
8.119,1,243,244,2.0151999999999957,2.0151999999999957,0.0,0.03150005029621033,0.015750025148105164,0.09000150055539433,0.08064665051836806,0.007563287537026289,0.015750025148105164,0.005036919934842396,0.0003955761938624026,0.0003955761938624026,0.0,0.9964475678923653,0.006548573933635438,0.006152997739773036,0.9999142727620255,False
8.164,1,244,245,2.024649999999996,2.024649999999996,0.0,0.016931275148105152,0.016931275148105152,0.09009665051836782,0.08505828799985471,0.00503836251851312,0.016931275148105152,0.005036919934842396,0.0005401977941596368,0.0005401977941596368,0.0,0.9969279134133573,0.004029619561905645,0.0034894217677460086,0.9999297922863647,False
8.188,1,245,246,2.029689999999995,2.029689999999995,0.0,0.017561275148105123,0.017561275148105123,0.09009828799985442,0.08442992548134132,0.005353362518513099,0.017561275148105123,0.005036919934842396,0.0004794203124611201,0.0004794203124611201,0.0,0.9952579520163464,0.003859949309440079,0.003380528996978959,0.9998889372201998,False
8.215,1,246,247,2.035359999999995,2.035359999999995,0.0,0.018270025148105096,0.018270025148105096,0.09009992548134108,0.08403781296282799,0.005317268768513089,0.018270025148105096,0.005036919934842396,0.00043073364560619815,0.00043073364560619815,0.0,0.9955662668422647,0.003907486772534153,0.0034767531269279547,0.9998964560582452,False
8.244,1,247,248,2.0414499999999953,2.0414499999999958,4.440892098500626e-16,0.019031275148105136,0.019031275148105136,0.09012781296282828,0.08330445044431514,0.0056978937685131,0.019031275148105136,0.005036919934842396,0.0004130987040784707,0.0004130987040784707,0.0,0.9955783321430062,0.003975827129987241,0.0035627284259087703,0.9998968212606499,False
8.276,1,248,249,2.0481699999999954,2.0481699999999954,0.0,0.01987127514810513,0.01987127514810513,0.0900244504443151,0.08310593167580196,0.0058422687685130885,0.01987127514810513,0.005036919934842396,0.0004024912220887699,0.0004024912220887699,0.0,0.9958894312941458,0.004017674263832604,0.003615183041743834,0.9999044587218849,False
8.309000000000001,1,249,250,2.055099999999995,2.055099999999995,0.0,0.020737525148105108,0.020737525148105108,0.09003593167580183,0.0822511629072887,0.006275393768513069,0.020737525148105108,0.005036919934842396,0.00039550124665120546,0.00039550124665120546,0.0,0.9959941707340515,0.00411609866764346,0.0037205974209922545,0.9999069724150936,False
8.346,1,250,251,2.062869999999995,2.062869999999995,0.0,0.021708775148105073,0.021708775148105073,0.09002116290728845,0.08164576913877541,0.007246643768513047,0.021708775148105073,0.005036919934842396,0.00039406226461423415,0.00039406226461423415,0.0,0.9962920661279565,0.003477957674365057,0.003083895409750823,0.9999117452752319,False
8.386000000000001,1,251,252,2.071269999999995,2.071269999999995,0.0,0.02275877514810509,0.02275877514810509,0.09004576913877543,0.08062037537026238,0.005952193787026265,0.02275877514810509,0.005036919934842396,0.00039692898855070186,0.00039692898855070186,0.0,0.9967619599448122,0.004272887353593449,0.0038759583650427474,0.9999256194047529,False
8.431000000000001,1,252,253,2.080719999999995,2.080719999999995,0.0,0.023940025148105077,0.023940025148105077,0.09007037537026219,0.08015935660174917,0.006542818787026247,0.023940025148105077,0.005036919934842396,0.00039482048337182037,0.00039482048337182037,0.0,0.9962331787080283,0.00448705505854087,0.00409223457516905,0.9999121223060229,False
8.478,1,253,254,2.090589999999995,2.090589999999995,0.0,0.025173775148105083,0.025173775148105083,0.09002935660174916,0.08445697221749265,0.005572384384256499,0.025173775148105083,0.005036919934842396,0.00039520437003938945,0.00039520437003938945,0.0,0.9965451599784921,0.004075850871560038,0.003680646501520649,0.9999206995793016,False
8.505,1,254,255,2.0962599999999947,2.0962599999999947,0.0,0.025882525148105056,0.025882525148105056,0.09012697221749237,0.08384583783323589,0.005710196884256481,0.025882525148105056,0.005036919934842396,0.0003976589172721593,0.0003976589172721593,0.0,0.9957212789682014,0.004108021940256841,0.003710363022984682,0.9999004749161869,False
8.535,1,255,256,2.102559999999994,2.102559999999994,0.0,0.02667002514810503,0.02667002514810503,0.09014583783323564,0.08364814094897917,0.006103946884256461,0.02667002514810503,0.005036919934842396,0.0003986793391116709,0.0003986793391116709,0.0,0.9958640630820291,0.004115176258360942,0.003716496919249271,0.9999039594201188,False
8.566,1,256,257,2.1090699999999947,2.1090699999999947,0.0,0.02748377514810504,0.02748377514810504,0.0901581409489792,0.08284669406472273,0.00533859689351309,0.02748377514810504,0.005036919934842396,0.0003992097813517784,0.0003992097813517784,0.0,0.9961154866300876,0.004117271916555653,0.0037180621352038744,0.9999100968278013,False
8.601,1,257,258,2.1164199999999944,2.1164199999999944,0.0,0.028402525148105037,0.028402525148105037,0.09019669406472268,0.0823602471804662,0.0057979718935130785,0.028402525148105037,0.005036919934842396,0.0003989755308780752,0.0003989755308780752,0.0,0.9957050363133166,0.004093287053815439,0.003694311522937364,0.9999000561373858,False
8.638,1,258,259,2.1241899999999942,2.1241899999999942,0.0,0.029373775148105002,0.029373775148105002,0.0901302471804659,0.08132255029620947,0.005988284393513051,0.029373775148105002,0.005036919934842396,0.0003986908015854442,0.0003986908015854442,0.0,0.9960302124463505,0.004144629015017047,0.003745938213431603,0.9999078845034503,False
8.68,1,259,260,2.1330099999999943,2.1330099999999943,0.0,0.030476275148105036,0.030476275148105036,0.09014255029620975,0.08181145340269666,0.006539534393513056,0.030476275148105036,0.005036919934842396,0.00039838333318406816,0.00039838333318406816,0.0,0.9962105039204462,0.00426131337216977,0.003862930038985702,0.9999118853162994,False
8.719,1,260,261,2.141199999999994,2.141199999999994,0.0,0.03150002514810502,0.01575001257405251,0.09000145340269648,0.08064660650918343,0.007563284393513052,0.01575001257405251,0.005036919934842396,0.000398047826084425,0.000398047826084425,0.0,0.9964475965665259,0.006572080458979699,0.006174032632895274,0.9999142187560198,False
8.764,1,261,262,2.150649999999994,2.150649999999994,0.0,0.0169312625740525,0.0169312625740525,0.09009660650918319,0.08505824556242668,0.005038360946756513,0.0169312625740525,0.005036919934842396,0.0005467790838317472,0.0005467790838317472,0.0,0.9969279664770987,0.004079252419086181,0.003532473335254434,0.9999298446777184,False
8.788,1,262,263,2.1556899999999937,2.1556899999999937,0.0,0.01756126257405247,0.01756126257405247,0.0900982455624264,0.0844298846156699,0.005353360946756492,0.01756126257405247,0.005036919934842396,0.0004858686618435971,0.0004858686618435971,0.0,0.9952579746658806,0.0038762896077691317,0.0033904209459255344,0.9998889601398939,False
8.815,1,263,264,2.161359999999994,2.161359999999994,0.0,0.01827001257405249,0.01827001257405249,0.09009988461567003,0.0840377736689135,0.005317267196756506,0.01827001257405249,0.005036919934842396,0.00043447129511880593,0.00043447129511880593,0.0,0.9955662713748498,0.003910564648092106,0.0034760933529733003,0.9998964611995591,False
8.844,1,264,265,2.167449999999994,2.167449999999994,0.0,0.019031262574052483,0.019031262574052483,0.09012777366891342,0.0833044127221569,0.0056978921967564935,0.019031262574052483,0.005036919934842396,0.00041579425768477536,0.00041579425768477536,0.0,0.9955783366866907,0.003978155184226513,0.003562360926541738,0.9998968262806633,False
8.876,1,265,266,2.174169999999994,2.174169999999994,0.0,0.019871262574052476,0.019871262574052476,0.09002441272215685,0.08310589552540035,0.0058422671967564704,0.019871262574052476,0.005036919934842396,0.0004051114177135866,0.0004051114177135866,0.0,0.9958894424202582,0.00402581014526136,0.003620698727547773,0.9999044696505769,False
8.909,1,266,267,2.1810999999999936,2.1810999999999936,0.0,0.020737512574052454,0.020737512574052454,0.0900358955254002,0.0822511283286437,0.006275392196756451,0.020737512574052454,0.005036919934842396,0.00039838306209568437,0.00039838306209568437,0.0,0.9959941900192771,0.004134974886744067,0.003736591824648382,0.9999069895735704,False
8.946,1,267,268,2.188869999999994,2.188869999999994,0.0,0.021708762574052468,0.021708762574052468,0.09002112832864384,0.08164573613188736,0.007246642196756476,0.021708762574052468,0.005036919934842396,0.00039622552699925917,0.00039622552699925917,0.0,0.9962920927462939,0.0034984847246673917,0.0031022591976681323,0.9999117320297677,False
8.986,1,268,269,2.1972699999999934,2.1972699999999934,0.0,0.022758762574052436,0.022758762574052436,0.090045736131887,0.08062034393513055,0.0059521906435130905,0.022758762574052436,0.005036919934842396,0.00039963497596638524,0.00039963497596638524,0.0,0.996761992823306,0.004306215672820815,0.00390658069685443,0.9999256479422494,False
9.031,1,269,270,2.206719999999993,2.206719999999993,0.0,0.023940012574052424,0.023940012574052424,0.09007034393513036,0.08015932673837396,0.006542815643513072,0.023940012574052424,0.005036919934842396,0.00039760223535431155,0.00039760223535431155,0.0,0.9962332115474203,0.004521845286431833,0.004124243051077521,0.9999121420722118,False
9.078,1,270,271,2.2165899999999934,2.2165899999999934,0.0,0.02517376257405243,0.02517376257405243,0.09002932673837395,0.08445694313999577,0.00557238359837819,0.02517376257405243,0.005036919934842396,0.0003980343065222122,0.0003980343065222122,0.0,0.9965451935675386,0.004103364017129463,0.0037053297106072504,0.9999207345852376,False
9.105,1,271,272,2.222259999999993,2.222259999999993,0.0,0.025882512574052403,0.025882512574052403,0.09012694313999547,0.0838458095416173,0.005710196098378172,0.025882512574052403,0.005036919934842396,0.00040052937841817543,0.00040052937841817543,0.0,0.9957213136167596,0.004136295509793851,0.0037357661313756757,0.9999005101670485,False
9.135,1,272,273,2.2285599999999928,2.228559999999993,4.440892098500626e-16,0.026670012574052427,0.026670012574052427,0.09014580954161744,0.08364811344323922,0.006103946098378175,0.026670012574052427,0.005036919934842396,0.00040167009158904496,0.00040167009158904496,0.0,0.9958640997697635,0.0041449728895182406,0.0037433027979291954,0.9999039964932102,False
9.166,1,273,274,2.235069999999993,2.235069999999993,0.0,0.027483762574052387,0.027483762574052387,0.09015811344323887,0.08284666734486071,0.005338595321756503,0.027483762574052387,0.005036919934842396,0.0004023219278540071,0.0004023219278540071,0.0,0.9961155250113799,0.004147038572887993,0.003744716645033986,0.9999101353557619,False
9.201,1,274,275,2.242419999999993,2.242419999999993,0.0,0.028402512574052383,0.028402512574052383,0.09019666734486066,0.08236022124648251,0.005797970321756492,0.028402512574052383,0.005036919934842396,0.0004021384265069664,0.0004021384265069664,0.0,0.995705074515798,0.004125258562513272,0.0037231201360063055,0.9999000942072643,False
9.238,1,275,276,2.250189999999993,2.250189999999993,0.0,0.029373762574052397,0.029373762574052397,0.0901302212464826,0.08132252514810445,0.005988282821756488,0.029373762574052397,0.005036919934842396,0.00040183306782268414,0.00040183306782268414,0.0,0.9960302504785731,0.004175960174459002,0.003774127106636318,0.9999079198369873,False
9.28,1,276,277,2.259009999999993,2.259009999999993,0.0,0.030476262574052383,0.030476262574052383,0.09014252514810435,0.08181142982634784,0.006539532821756469,0.030476262574052383,0.005036919934842396,0.00040147171350253107,0.00040147171350253107,0.0,0.9962105414287747,0.0042908857140356305,0.0038894140005330995,0.9999119117375009,False
9.319,1,277,278,2.2671999999999928,2.2671999999999928,0.0,0.03150001257405237,0.015750006287026184,0.09000142982634768,0.0806465845045912,0.007563282821756465,0.015750006287026184,0.005036919934842396,0.0004011075244982833,0.0004011075244982833,0.0,0.9964476338935795,0.0066086354842454335,0.006207527959747151,0.9999141850789658,False
9.364,1,278,279,2.2766499999999925,2.2766499999999925,0.0,0.016931256287026172,0.016931256287026172,0.09009658450459096,0.08505822434371274,0.00503836016087822,0.016931256287026172,0.005036919934842396,0.0005535632198677888,0.0005535632198677888,0.0,0.9969280309625183,0.004136346919712076,0.0035827836998442875,0.9999299080517632,False
9.388,1,279,280,2.281689999999992,2.281689999999992,0.0,0.017561256287026143,0.017561256287026143,0.09009822434371247,0.08442986418283427,0.005353360160878199,0.017561256287026143,0.005036919934842396,0.0004922851824742171,0.0004922851824742171,0.0,0.9952580081067118,0.003901279270060603,0.003408994087586386,0.999888993242184,False
9.415000000000001,1,280,281,2.287359999999992,2.287359999999992,0.0,0.018270006287026165,0.018270006287026165,0.09009986418283439,0.08403775402195617,0.005317266410878201,0.018270006287026165,0.005036919934842396,0.00043830914719787694,0.00043830914719787694,0.0,0.9955662851663404,0.0039208994943091754,0.0034825903471112987,0.9998964750908259,False
9.444,1,281,282,2.293449999999992,2.293449999999992,0.0,0.019031256287026156,0.019031256287026156,0.09012775402195607,0.08330439386107784,0.005697891410878188,0.019031256287026156,0.005036919934842396,0.00041866498148780337,0.00041866498148780337,0.0,0.9955783488842017,0.003986394244092719,0.0035677292626049156,0.9998968385539692,False
9.476,1,282,283,2.300169999999992,2.300169999999992,0.0,0.01987125628702615,0.01987125628702615,0.0900243938610778,0.0831058774501996,0.005842266410878177,0.01987125628702615,0.005036919934842396,0.0004079651399297403,0.0004079651399297403,0.0,0.995889460370592,0.004039227623431486,0.003631262483501746,0.9999044872153263,False
9.509,1,283,284,2.3070999999999917,2.3070999999999917,0.0,0.020737506287026128,0.020737506287026128,0.09003587745019946,0.08225111103932126,0.006275391410878157,0.020737506287026128,0.005036919934842396,0.0004014454480303639,0.0004014454480303639,0.0,0.9959942159265623,0.00415853319144132,0.003757087743410956,0.9999070135556347,False
9.546,1,284,285,2.314869999999992,2.314869999999992,0.0,0.02170875628702614,0.02170875628702614,0.09002111103932141,0.08164571962844322,0.007246641410878182,0.02170875628702614,0.005036919934842396,0.0003989095391983157,0.0003989095391983157,0.0,0.9962921264046302,0.003526788362895786,0.00312787882369747,0.9999117317354385,False
9.586,1,285,286,2.3232699999999915,2.3232699999999915,0.0,0.02275875628702611,0.02275875628702611,0.09004571962844286,0.08062032821756472,0.005952189071756509,0.02275875628702611,0.005036919934842396,0.0004029502568288602,0.0004029502568288602,0.0,0.9967620339360758,0.004345235614145876,0.003942285357317016,0.9999256855073613,False
9.631,1,286,287,2.3327199999999917,2.3327199999999917,0.0,0.023940006287026097,0.023940006287026097,0.09007032821756453,0.08015931180668642,0.006542814071756491,0.023940006287026097,0.005036919934842396,0.00040104467824090515,0.00040104467824090515,0.0,0.9962332535145944,0.004562505095027813,0.0041614604167869084,0.9999121723950998,False
9.678,1,287,288,2.3425899999999915,2.3425899999999915,0.0,0.025173756287026103,0.025173756287026103,0.09002931180668641,0.08445692860124737,0.005572383205439043,0.025173756287026103,0.005036919934842396,0.00040150118999445183,0.00040150118999445183,0.0,0.9965452358017783,0.004137355346717456,0.0037358541567230038,0.9999207775949742,False
9.705,1,288,289,2.348259999999991,2.3482599999999914,4.440892098500626e-16,0.025882506287026076,0.025882506287026076,0.09012692860124709,0.08384579539580805,0.005710195705439025,0.025882506287026076,0.005036919934842396,0.00040401247734474433,0.00040401247734474433,0.0,0.9957213562418307,0.004170759199238684,0.0037667467218939397,0.9999005532119623,False
9.735,1,289,290,2.3545599999999913,2.3545599999999913,0.0,0.0266700062870261,0.0266700062870261,0.09014579539580819,0.08364809969036913,0.006103945705439029,0.0266700062870261,0.005036919934842396,0.00040525043342479975,0.00040525043342479975,0.0,0.9958641441495658,0.004180810779465333,0.003775560346040533,0.9999040411863107,False
9.766,1,290,291,2.361069999999991,2.361069999999991,0.0,0.02748375628702606,0.02748375628702606,0.09015809969036878,0.08284665398492976,0.005338594535878212,0.02748375628702606,0.005036919934842396,0.0004059941946476198,0.0004059941946476198,0.0,0.9961155707809385,0.0041828149942127225,0.0037768207995651027,0.999910181266374,False
9.801,1,291,292,2.3684199999999906,2.3684199999999906,0.0,0.028402506287026057,0.028402506287026057,0.09019665398492971,0.0823602082794907,0.0057979695358782,0.028402506287026057,0.005036919934842396,0.0004058488870389532,0.0004058488870389532,0.0,0.9957051202818665,0.0041624653301855705,0.0037566164431466174,0.9999001397743742,False
9.838000000000001,1,292,293,2.376189999999991,2.376189999999991,0.0,0.02937375628702607,0.02937375628702607,0.0901302082794908,0.08132251257405179,0.005988282035878196,0.02937375628702607,0.005036919934842396,0.0004055171979416843,0.0004055171979416843,0.0,0.9960302959525105,0.004212437588172392,0.003806920390230708,0.9999079630850298,False
9.88,1,293,294,2.385009999999991,2.385009999999991,0.0,0.030476256287026056,0.030476256287026056,0.0901425125740517,0.08181141803817348,0.006539532035878178,0.030476256287026056,0.005036919934842396,0.0004051024223079577,0.0004051024223079577,0.0,0.9962105863171711,0.004325434860100209,0.0039203324377922516,0.9999119472031536,False
9.919,1,294,295,2.393199999999991,2.393199999999991,0.0,0.03150000628702604,0.01575000314351302,0.09000141803817331,0.08064657350229512,0.007563282035878174,0.01575000314351302,0.005036919934842396,0.0004047015703135976,0.0004047015703135976,0.0,0.9964476785941936,0.006656283362261652,0.006251581791948054,0.999914169051481,False
9.964,1,295,296,2.40264999999999,2.40264999999999,0.0,0.016931253143513007,0.016931253143513007,0.0900965735022949,0.08505821373435582,0.005038359767939074,0.016931253143513007,0.005036919934842396,0.0005605931455345713,0.0005605931455345713,0.0,0.9969281046697938,0.004199640283975618,0.003639047138441047,0.9999299804658176,False
9.988,1,296,297,2.4076899999999903,2.407689999999991,4.440892098500626e-16,0.017561253143513027,0.017561253143513027,0.09009821373435592,0.0844298539664168,0.005353359767939077,0.017561253143513027,0.005036919934842396,0.0004986683344886791,0.0004986683344886791,0.0,0.9952580504256453,0.003933617257464547,0.0034349489229758673,0.9998890349479848,False
10.015,1,297,298,2.41335999999999,2.41335999999999,0.0,0.018270003143513,0.018270003143513,0.09009985396641657,0.08403774419847751,0.005317266017939055,0.018270003143513,0.005036919934842396,0.00044220645386369744,0.00044220645386369744,0.0,0.9955663069148273,0.003937665304070075,0.003495458850206377,0.9998964967148852,False
10.044,1,298,299,2.41944999999999,2.4194499999999906,4.440892098500626e-16,0.01903125314351299,0.01903125314351299,0.09012774419847741,0.08330438443053835,0.005697891017939043,0.01903125314351299,0.005036919934842396,0.00042159780046705913,0.00042159780046705913,0.0,0.9955783675586406,0.003999837613811747,0.003578239813344688,0.9998968571690958,False
10.076,1,299,300,2.42616999999999,2.42616999999999,0.0,0.019871253143512985,0.019871253143512985,0.09002438443053831,0.08310586841259925,0.005842266017939031,0.019871253143512985,0.005036919934842396,0.00041093911471398785,0.00041093911471398785,0.0,0.9958894838945725,0.0040571052855174795,0.0036461661708034917,0.9999045103892268,False
10.109,1,300,301,2.4330999999999903,2.4330999999999903,0.0,0.020737503143512963,0.020737503143512963,0.09003586841259911,0.08225110239466006,0.006275391017939011,0.020737503143512963,0.005036919934842396,0.00040471350758676007,0.00040471350758676007,0.0,0.9959942473280484,0.004185856876687509,0.003781143369100749,0.9999070434236946,False
10.146,1,301,302,2.44086999999999,2.44086999999999,0.0,0.021708753143512977,0.021708753143512977,0.0900211023946602,0.08164571137672116,0.007246641017939036,0.021708753143512977,0.005036919934842396,0.00040207849624764307,0.00040207849624764307,0.0,0.9962921665388283,0.0035607999068266033,0.0031587214105789603,0.9999117435614955,False
10.186,1,302,303,2.44926999999999,2.44926999999999,0.0,0.022758753143512944,0.022758753143512944,0.09004571137672081,0.0806203203587818,0.0059521882858782175,0.022758753143512944,0.005036919934842396,0.00040681576864606513,0.00040681576864606513,0.0,0.9967620826705516,0.004389025579923253,0.003982209811277188,0.9999257316076321,False
10.231,1,303,304,2.4587199999999902,2.4587199999999902,0.0,0.02394000314351298,0.02394000314351298,0.090070320358782,0.08015930434084298,0.006542813285878223,0.02394000314351298,0.005036919934842396,0.00040511328426287433,0.00040511328426287433,0.0,0.9962333037776374,0.004607526593257895,0.004202413308995021,0.9999122127240958,False
10.278,1,304,305,2.4685899999999896,2.4685899999999896,0.0,0.025173753143512938,0.025173753143512938,0.09002930434084261,0.08445692133187313,0.00557238300896947,0.025173753143512938,0.005036919934842396,0.0004055508860714404,0.0004055508860714404,0.0,0.9965452855992725,0.004177269112250012,0.003771718226178572,0.9999208278733762,False
10.305,1,305,306,2.47425999999999,2.47425999999999,0.0,0.02588250314351296,0.02588250314351296,0.09012692133187322,0.08384578832290374,0.0057101955089694754,0.02588250314351296,0.005036919934842396,0.0004080422362199423,0.0004080422362199423,0.0,0.9957214058880082,0.004210723034672306,0.003802680798452364,0.9999006032311246,False
10.335,1,306,307,2.4805599999999894,2.4805599999999894,0.0,0.026670003143512935,0.026670003143512935,0.09014578832290347,0.08364809281393401,0.0061039455089694555,0.026670003143512935,0.005036919934842396,0.00040934493560705696,0.00040934493560705696,0.0,0.9958641950774744,0.00422180318726037,0.003812458251653313,0.999904092411327,False
10.366,1,307,308,2.4870699999999895,2.4870699999999895,0.0,0.027483753143512944,0.027483753143512944,0.09015809281393404,0.08284664730496456,0.00533859414293909,0.027483753143512944,0.005036919934842396,0.00041013719259044276,0.00041013719259044276,0.0,0.996115622571887,0.004223565224758167,0.0038134280321677244,0.9999102332668074,False
10.401,1,308,309,2.494419999999989,2.4944199999999896,4.440892098500626e-16,0.02840250314351294,0.02840250314351294,0.09019664730496452,0.08236020179599504,0.005797969142939078,0.02840250314351294,0.005036919934842396,0.0004100190372486055,0.0004100190372486055,0.0,0.9957051720831084,0.004203989278427134,0.0037939702411785283,0.9999001915206664,False
10.438,1,309,310,2.502189999999989,2.502189999999989,0.0,0.029373753143512905,0.029373753143512905,0.09013020179599476,0.08132250628702534,0.0059882816429390395,0.029373753143512905,0.005036919934842396,0.00040967002275494945,0.00040967002275494945,0.0,0.9960303475090716,0.0042532681548625925,0.003843598132107643,0.9999080130261571,False
10.48,1,310,311,2.511009999999989,2.511009999999989,0.0,0.03047625314351289,0.03047625314351289,0.09014250628702523,0.08181141214408617,0.006539531642939021,0.03047625314351289,0.005036919934842396,0.00040921534934779347,0.00040921534934779347,0.0,0.9962106374078421,0.004364335452989095,0.003955120103641301,0.9999119905769269,False
10.519,1,311,312,2.519199999999989,2.519199999999989,0.0,0.031500003143512874,0.015750001571756437,0.09000141214408601,0.08064656800114699,0.007563281642939017,0.015750001571756437,0.005036919934842396,0.0004087827881618289,0.0004087827881618289,0.0,0.9964477295612031,0.006712902507021008,0.006304119718859179,0.9999141685253183,False
10.564,1,312,313,2.5286499999999887,2.5286499999999887,0.0,0.016931251571756425,0.016931251571756425,0.09009656800114677,0.08505820842967728,0.00503835957146949,0.016931251571756425,0.005036919934842396,0.0005680644681899546,0.0005680644681899546,0.0,0.9969281857358185,0.004268126482812058,0.0037000620146221035,0.9999300601922326,False
10.588000000000001,1,313,314,2.533689999999989,2.533689999999989,0.0,0.017561251571756444,0.017561251571756444,0.09009820842967736,0.08442984885820785,0.005353359571469493,0.017561251571756444,0.005036919934842396,0.0005051846765367048,0.0005051846765367048,0.0,0.9952581003310178,0.0039722306840075765,0.0034670460074708717,0.9998890841321286,False
10.615,1,314,315,2.5393599999999887,2.5393599999999887,0.0,0.018270001571756418,0.018270001571756418,0.0900998488582076,0.08403773928673813,0.0053172658214694765,0.018270001571756418,0.005036919934842396,0.0004462507146214722,0.0004462507146214722,0.0,0.9955663356585982,0.003960181143930371,0.003513930429308899,0.9998965252483911,False
10.644,1,315,316,2.5454499999999887,2.5454499999999887,0.0,0.01903125157175641,0.01903125157175641,0.09012773928673803,0.08330437971526855,0.005697890821469464,0.01903125157175641,0.005036919934842396,0.0004246399089470195,0.0004246399089470195,0.0,0.9955783919304354,0.0040180071727696914,0.003593367263822672,0.999896881470045,False
10.676,1,316,317,2.5521699999999887,2.5521699999999883,-4.440892098500626e-16,0.019871251571756402,0.019871251571756402,0.09002437971526851,0.08310586389379904,0.0058422658214694525,0.019871251571756402,0.005036919934842396,0.0004139810916750632,0.0004139810916750632,0.0,0.9958895121532193,0.00407887239016104,0.0036648912984859764,0.999904538407827,False
10.709,1,317,318,2.559099999999989,2.559099999999989,0.0,0.02073750157175643,0.02073750157175643,0.09003586389379928,0.08225109807232976,0.006275390821469456,0.02073750157175643,0.005036919934842396,0.00040818567646396523,0.00040818567646396523,0.0,0.9959942831417897,0.004216213284251931,0.0038080276077879656,0.9999070781257601,False
10.746,1,318,319,2.566869999999988,2.566869999999988,0.0,0.021708751571756394,0.021708751571756394,0.09002109807232953,0.08164570725086007,0.0072466408214694345,0.021708751571756394,0.005036919934842396,0.00040566005150027834,0.00040566005150027834,0.0,0.9962922120100131,0.003599139176539253,0.0031934791250389748,0.9999117656498154,False
10.786,1,319,320,2.5752699999999886,2.575269999999988,-4.440892098500626e-16,0.02275875157175641,0.02275875157175641,0.09004570725086009,0.08062031642939062,0.005952187892939095,0.02275875157175641,0.005036919934842396,0.0004111367695761144,0.0004111367695761144,0.0,0.9967621376127429,0.004436669048846702,0.004025532279270588,0.9999257847402019,False
10.831,1,320,321,2.5847199999999884,2.5847199999999884,0.0,0.023940001571756398,0.023940001571756398,0.09007031642939042,0.08015930060792101,0.006542812892939077,0.023940001571756398,0.005036919934842396,0.0004097244831734316,0.0004097244831734316,0.0,0.9962333611612468,0.004656417112713342,0.00424669262953991,0.9999122617891786,False
10.878,1,321,322,2.5945899999999877,2.5945899999999877,0.0,0.025173751571756355,0.025173751571756355,0.09002930060792061,0.08445691769718594,0.005572382910734681,0.025173751571756355,0.005036919934842396,0.00041014053097920453,0.00041014053097920453,0.0,0.9965453423860398,0.004222771886904841,0.003812631355925637,0.9999208850076555,False
10.905,1,322,323,2.600259999999988,2.600259999999988,0.0,0.025882501571756377,0.025882501571756377,0.09012691769718602,0.0838457847864513,0.005710195410734675,0.025882501571756377,0.005036919934842396,0.0004125847978123209,0.0004125847978123209,0.0,0.9957214621374705,0.004255934026154096,0.0038433492283417746,0.9999006598627049,False
10.935,1,323,324,2.6065599999999876,2.6065599999999876,0.0,0.026670001571756353,0.026670001571756353,0.09014578478645105,0.0836480893757164,0.006103945410734655,0.026670001571756353,0.005036919934842396,0.0004139088410780082,0.0004139088410780082,0.0,0.9958642520504702,0.004267636536245359,0.0038537276951673507,0.9999041497391961,False
10.966000000000001,1,324,325,2.6130699999999876,2.613069999999987,-4.440892098500626e-16,0.02748375157175636,0.02748375157175636,0.09015808937571643,0.08284664396498176,0.005338593946469505,0.02748375157175636,0.005036919934842396,0.0004147150347407683,0.0004147150347407683,0.0,0.9961156799984704,0.004269016700108746,0.0038543016653679774,0.9999102910072086,False
11.001,1,325,326,2.6204199999999878,2.6204199999999878,0.0,0.028402501571756358,0.028402501571756358,0.0901966439649817,0.08236019855424703,0.005797968946469494,0.028402501571756358,0.005036919934842396,0.00041461338856220453,0.00041461338856220453,0.0,0.9957052294723321,0.004249531234116692,0.0038349178455544877,0.9999002490862114,False
11.038,1,326,327,2.6281899999999876,2.6281899999999876,0.0,0.029373751571756323,0.029373751571756323,0.09013019855424674,0.08132250314351211,0.005988281446469466,0.029373751571756323,0.005036919934842396,0.00041424443407121314,0.00041424443407121314,0.0,0.9960304045924862,0.004297981348067935,0.0038837369139967217,0.9999080691317442,False
11.08,1,327,328,2.6370099999999868,2.6370099999999868,0.0,0.03047625157175631,0.03047625157175631,0.09014250314351202,0.08181140919704255,0.006539531446469448,0.03047625157175631,0.005036919934842396,0.00041375490723283883,0.00041375490723283883,0.0,0.9962106940116837,0.004406818157640997,0.0039930632504081584,0.9999120410670431,False
11.119,1,328,329,2.6451999999999876,2.6451999999999876,0.0,0.031500001571756336,0.015750000785878168,0.09000140919704275,0.08064656525057327,0.0075632814464694905,0.015750000785878168,0.005036919934842396,0.0004132925159893099,0.0004132925159893099,0.0,0.9964477860532274,0.006776127042650704,0.006362834526661394,0.9999141819347295,False
11.164,1,329,330,2.654649999999987,2.654649999999987,0.0,0.016931250785878156,0.016931250785878156,0.09009656525057305,0.08505820577733833,0.005038359473234721,0.016931250785878156,0.005036919934842396,0.0005759288453036728,0.0005759288453036728,0.0,0.9969282723781197,0.004340557015647804,0.0037646281703441315,0.9999301455115019,False
11.188,1,330,331,2.659689999999987,2.659689999999987,0.0,0.017561250785878127,0.017561250785878127,0.09009820577733804,0.08442984630410334,0.0053533594732347,0.017561250785878127,0.005036919934842396,0.0005118696214007313,0.0005118696214007313,0.0,0.9952581563200714,0.004015992020374198,0.0035041223989734673,0.9998891393913372,False
11.215,1,331,332,2.6653599999999873,2.6653599999999873,0.0,0.01827000078587815,0.01827000078587815,0.09009984630410346,0.08403773683086874,0.005317265723234713,0.01827000078587815,0.005036919934842396,0.0004505238054965783,0.0004505238054965783,0.0,0.995566370544529,0.003987791707797107,0.0035372679023005283,0.9998965599143625,False
11.244,1,332,333,2.671449999999987,2.671449999999987,0.0,0.01903125078587814,0.01903125078587814,0.09012773683086864,0.08330437735763391,0.005697890723234701,0.01903125078587814,0.005036919934842396,0.00042788411700896226,0.00042788411700896226,0.0,0.995578421571817,0.004040614947295889,0.0036127308302869266,0.9998969110897996,False
11.276,1,333,334,2.6781699999999873,2.6781699999999873,0.0,0.019871250785878133,0.019871250785878133,0.09002437735763387,0.08310586163439915,0.005842265723234689,0.019871250785878133,0.005036919934842396,0.0004171842004906873,0.0004171842004906873,0.0,0.9958895448851905,0.004104376529019307,0.0036871923285286203,0.999904571053802,False
11.309000000000001,1,334,335,2.685099999999987,2.685099999999987,0.0,0.02073750078587811,0.02073750078587811,0.09003586163439901,0.08225109591116431,0.00627539072323467,0.02073750078587811,0.005036919934842396,0.0004119161715898408,0.0004119161715898408,0.0,0.995994323042304,0.004249343554343414,0.0038374273827535732,0.9999071173566227,False
11.346,1,335,336,2.6928699999999868,2.6928699999999868,0.0,0.021708750785878077,0.021708750785878077,0.09002109591116407,0.08164570518792941,0.007246640723234648,0.021708750785878077,0.005036919934842396,0.00040961332073445573,0.00040961332073445573,0.0,0.9962922621278325,0.0036408333782392034,0.003231220057504748,0.9999117967847868,False
11.386000000000001,1,336,337,2.7012699999999867,2.7012699999999863,-4.440892098500626e-16,0.022758750785878093,0.022758750785878093,0.09004570518792943,0.08062031446469478,0.005952187696469516,0.022758750785878093,0.005036919934842396,0.0004158471670450753,0.0004158471670450753,0.0,0.9967621976122664,0.004487386848152558,0.004071539681107483,0.9999258436662073,False
11.431000000000001,1,337,338,2.710719999999986,2.710719999999986,0.0,0.02394000078587808,0.02394000078587808,0.0900703144646946,0.08015929874145997,0.006542812696469498,0.02394000078587808,0.005036919934842396,0.0004147794445229069,0.0004147794445229069,0.0,0.996233424265143,0.004708385669712718,0.004293606225189811,0.9999123180508995,False
11.478,1,338,339,2.7205899999999863,2.7205899999999863,0.0,0.025173750785878087,0.025173750785878087,0.09002929874145997,0.08445691587984266,0.005572382861617299,0.025173750785878087,0.005036919934842396,0.0004151775488100437,0.0004151775488100437,0.0,0.9965454049194608,0.0042728976370794425,0.003857720088269399,0.9999209478297806,False
11.505,1,339,340,2.7262599999999857,2.7262599999999857,0.0,0.02588250078587806,0.02588250078587806,0.0901269158798424,0.08384578301822511,0.005710195361617282,0.02588250078587806,0.005036919934842396,0.0004175623963826244,0.0004175623963826244,0.0,0.9957215238715733,0.004305544095330703,0.0038879816989480787,0.999900721992432,False
11.535,1,340,341,2.7325599999999852,2.7325599999999852,0.0,0.026670000785878036,0.026670000785878036,0.09014578301822485,0.08364808765660758,0.006103945361617262,0.026670000785878036,0.005036919934842396,0.00041887338111122407,0.00041887338111122407,0.0,0.9958643140691522,0.00431757072590272,0.0038986973447914957,0.999904212197959,False
11.566,1,341,342,2.7390699999999857,2.7390699999999857,0.0,0.027483750785878044,0.027483750785878044,0.09015808765660761,0.08284664229499034,0.005338593848234716,0.027483750785878044,0.005036919934842396,0.00041968674674929977,0.00041968674674929977,0.0,0.9961157423911131,0.004318632237858213,0.0038989454911089135,0.9999103538170887,False
11.601,1,342,343,2.7464199999999854,2.7464199999999854,0.0,0.02840250078587804,0.02840250078587804,0.09019664229499028,0.08236019693337299,0.005797968848234704,0.02840250078587804,0.005036919934842396,0.00041959744069098784,0.00041959744069098784,0.0,0.9957052918923636,0.004298847698251597,0.003879250257560609,0.9999003119199091,False
11.638,1,343,344,2.7541899999999857,2.7541899999999857,0.0,0.029373750785878054,0.029373750785878054,0.0901301969333731,0.0813225015717558,0.0059882813482347004,0.029373750785878054,0.005036919934842396,0.00041921671557696664,0.00041921671557696664,0.0,0.996030466798794,0.004346461567695213,0.0039272448521182465,0.999908130926272,False
11.68,1,344,345,2.7630099999999853,2.7630099999999858,4.440892098500626e-16,0.03047625078587804,0.03047625078587804,0.09014250157175571,0.08181140772352098,0.006539531348234682,0.03047625078587804,0.005036919934842396,0.0004187002113624865,0.0004187002113624865,0.0,0.9962107557957521,0.004452845656503106,0.004034145445140619,0.9999120981032348,False
11.719,1,345,346,2.7711999999999852,2.7711999999999852,0.0,0.03150000078587802,0.01575000039293901,0.09000140772352082,0.08064656387528613,0.007563281348234678,0.01575000039293901,0.005036919934842396,0.00041820185002006095,0.00041820185002006095,0.0,0.996447847685649,0.006845592500115825,0.0064273906500957635,0.9999142073447543,False
11.764000000000001,1,346,347,2.7806499999999854,2.780649999999985,-4.440892098500626e-16,0.016931250392939,0.016931250392939,0.09009656387528589,0.08505820445116857,0.005038359424117326,0.016931250392939,0.005036919934842396,0.00058417131244251,0.00058417131244251,0.0,0.9969283639584063,0.004416559942556769,0.0038323886301142593,0.9999302358006245,False
11.788,1,347,348,2.7856899999999847,2.7856899999999847,0.0,0.01756125039293897,0.01756125039293897,0.09009820445116828,0.08442984502705099,0.005353359424117306,0.01756125039293897,0.005036919934842396,0.0005187151404812413,0.0005187151404812413,0.0,0.9952582175492115,0.004064268477468241,0.003545553336987,0.9998891999073433,False
11.815,1,348,349,2.791359999999985,2.791359999999985,0.0,0.018270000392938992,0.018270000392938992,0.09009984502705111,0.08403773560293377,0.005317265674117307,0.018270000392938992,0.005036919934842396,0.00045503155614643387,0.00045503155614643387,0.0,0.9955664109281253,0.004019978160020522,0.0035649466038740877,0.9998966001058764,False
11.844,1,349,350,2.797449999999985,2.797449999999985,0.0,0.019031250392938983,0.019031250392938983,0.09012773560293369,0.08330437617881635,0.005697890674117295,0.019031250392938983,0.005036919934842396,0.0004313655330561015,0.0004313655330561015,0.0,0.9955784561264375,0.0040673627757540805,0.003635997242697979,0.9998969457016873,False
11.876,1,350,351,2.804169999999985,2.804169999999985,0.0,0.019871250392938977,0.019871250392938977,0.09002437617881631,0.083105860504699,0.005842265674117283,0.019871250392938977,0.005036919934842396,0.0004206047554416351,0.0004206047554416351,0.0,0.9958895818937827,0.004135400035344565,0.0037147952799029297,0.9999046081420231,False
11.909,1,351,352,2.8110999999999846,2.811099999999985,4.440892098500626e-16,0.020737500392938955,0.020737500392938955,0.09003586050469886,0.08225109483058156,0.006275390674117263,0.020737500392938955,0.005036919934842396,0.0004158405046478889,0.0004158405046478889,0.0,0.9959943668672421,0.004285042758988437,0.0038692022543405486,0.9999071609361074,False
11.946,1,352,353,2.818869999999985,2.8188699999999853,4.440892098500626e-16,0.02170875039293897,0.02170875039293897,0.0900210948305817,0.08164570415646441,0.007246640674117288,0.02170875039293897,0.005036919934842396,0.00041391218219643866,0.00041391218219643866,0.0,0.9962923165463907,0.003685179535074228,0.0032712673528777895,0.9999118360231586,False
11.986,1,353,354,2.827269999999985,2.8272699999999844,-4.440892098500626e-16,0.022758750392938936,0.022758750392938936,0.09004570415646404,0.0806203134823468,0.0059521875982347155,0.022758750392938936,0.005036919934842396,0.0004209132745452826,0.0004209132745452826,0.0,0.9967622621964009,0.004540786342942735,0.004119873068397452,0.9999259078282229,False
12.031,1,354,355,2.8367199999999846,2.8367199999999846,0.0,0.023940000392938924,0.023940000392938924,0.09007031348234662,0.0801592978082294,0.006542812598234697,0.023940000392938924,0.005036919934842396,0.0004202343472937536,0.0004202343472937536,0.0,0.9962334924573953,0.004762943313773756,0.004342708966480002,0.9999123807194092,False
12.078,1,355,356,2.8465899999999844,2.8465899999999844,0.0,0.02517375039293893,0.02517375039293893,0.09002929780822938,0.0844569149711708,0.005572382837058596,0.02517375039293893,0.005036919934842396,0.00042061406319105144,0.00042061406319105144,0.0,0.9965454725743839,0.004327183652046249,0.003906569588855198,0.9999210157654853,False
12.105,1,356,357,2.8522599999999843,2.8522599999999843,0.0,0.025882500392938903,0.025882500392938903,0.09012691497117051,0.08384578213411194,0.0057101953370585785,0.025882500392938903,0.005036919934842396,0.0004229239735518839,0.0004229239735518839,0.0,0.9957215904733061,0.004359072414701362,0.0039361484411494785,0.99990078900978,False
12.135,1,357,358,2.8585599999999842,2.8585599999999842,0.0,0.026670000392938927,0.026670000392938927,0.09014578213411206,0.08364808679705345,0.006103945337058582,0.026670000392938927,0.005036919934842396,0.00042418932852435757,0.00042418932852435757,0.0,0.995864380475792,0.0043710830760704325,0.003946893747546075,0.999904279141407,False
12.166,1,358,359,2.8650699999999842,2.8650699999999842,0.0,0.027483750392938888,0.027483750392938888,0.0901580867970531,0.08284664145999451,0.005338593799117316,0.027483750392938888,0.005036919934842396,0.0004249971435375438,0.0004249971435375438,0.0,0.9961158089937234,0.004371768588002759,0.0039467714444652155,0.9999104209186187,False
12.201,1,359,360,2.872419999999984,2.872419999999984,0.0,0.028402500392938883,0.028402500392938883,0.09019664145999448,0.08236019612293591,0.005797968799117304,0.028402500392938883,0.005036919934842396,0.00042490844765895325,0.00042490844765895325,0.0,0.9957053584486246,0.004351293209646501,0.0039263847619875475,0.999900379104002,False
12.238,1,360,361,2.880189999999984,2.880189999999984,0.0,0.029373750392938897,0.029373750392938897,0.090130196122936,0.08132250078587745,0.0059882812991173,0.029373750392938897,0.005036919934842396,0.00042452195659173136,0.00042452195659173136,0.0,0.9960305332518551,0.004398123521750952,0.00397360156515922,0.9999081974641367,False
12.280000000000001,1,361,362,2.889009999999984,2.889009999999984,0.0,0.030476250392938883,0.030476250392938883,0.09014250078587735,0.08181140698676004,0.006539531299117282,0.030476250392938883,0.005036919934842396,0.00042399874907848064,0.00042399874907848064,0.0,0.9962108220576404,0.004502052934935989,0.004078054185857508,0.999912160808084,False
12.319,1,362,363,2.897199999999984,2.897199999999984,0.0,0.03150000039293887,0.015750000196469435,0.09000140698675987,0.08064656318764257,0.007563281299117278,0.015750000196469435,0.005036919934842396,0.0004234791050257588,0.0004234791050257588,0.0,0.9964479139745674,0.006920828108879755,0.006497349003853996,0.9999142432873781,False
12.364,1,363,364,2.9066499999999835,2.906649999999984,4.440892098500626e-16,0.016931250196469422,0.016931250196469422,0.09009656318764234,0.08505820378808372,0.005038359399558626,0.016931250196469422,0.005036919934842396,0.000592824519365778,0.000592824519365778,0.0,0.9969284599388453,0.004495839655494958,0.0039030151361291805,0.9999303305299506,False
12.388,1,364,365,2.9116899999999837,2.9116899999999837,0.0,0.017561250196469442,0.017561250196469442,0.09009820378808381,0.08442984438852516,0.005353359399558629,0.017561250196469442,0.005036919934842396,0.0005257656295910762,0.0005257656295910762,0.0,0.9952582834839289,0.0041165809426199525,0.003590815313028876,0.9998892651587681,False
12.415000000000001,1,365,366,2.9173599999999835,2.9173599999999835,0.0,0.018270000196469415,0.018270000196469415,0.0900998443885249,0.0840377349889663,0.005317265649558607,0.018270000196469415,0.005036919934842396,0.00045980291237445044,0.00045980291237445044,0.0,0.9955664563233669,0.004056334978785603,0.0035965320664111526,0.9998966453485266,False
12.444,1,366,367,2.9234499999999835,2.9234499999999835,0.0,0.019031250196469406,0.019031250196469406,0.09012773498896622,0.08330437558940759,0.005697890649558595,0.019031250196469406,0.005036919934842396,0.0004351091885958102,0.0004351091885958102,0.0,0.9955784952424269,0.004097962630416872,0.0036628534418210613,0.9998969849559124,False
12.476,1,367,368,2.9301699999999835,2.9301699999999835,0.0,0.0198712501964694,0.0198712501964694,0.09002437558940754,0.08310585993984895,0.005842265649558583,0.0198712501964694,0.005036919934842396,0.00042425341384927937,0.00042425341384927937,0.0,0.9958896229028583,0.004169741019384755,0.003745487605535476,0.9999046493845992,False
12.509,1,368,369,2.937099999999983,2.937099999999983,0.0,0.020737500196469378,0.020737500196469378,0.0900358599398488,0.0822510942902902,0.006275390649558564,0.020737500196469378,0.005036919934842396,0.00041995593807377617,0.00041995593807377617,0.0,0.9959944143489293,0.004323185865236841,0.0039032299271630645,0.9999072085407259,False
12.546,1,369,370,2.9448699999999834,2.9448699999999834,0.0,0.02170875019646939,0.02170875019646939,0.09002109429029034,0.08164570364073175,0.007246640649558589,0.02170875019646939,0.005036919934842396,0.0004185275345817145,0.0004185275345817145,0.0,0.9962923748567235,0.0037318993935467025,0.003313371858964988,0.9999118823267965,False
12.586,1,370,371,2.953269999999983,2.953269999999983,0.0,0.02275875019646936,0.02275875019646936,0.09004570364073139,0.08062031299117285,0.005952187549117321,0.02275875019646936,0.005036919934842396,0.0004263052327252242,0.0004263052327252242,0.0,0.9967623309449667,0.004596730960735748,0.004170425728010524,0.9999259767000411,False
12.631,1,371,372,2.962719999999983,2.962719999999983,0.0,0.023940000196469347,0.023940000196469347,0.09007031299117266,0.08015929734161414,0.006542812549117303,0.023940000196469347,0.005036919934842396,0.00042605367300884356,0.00042605367300884356,0.0,0.9962335652688747,0.004819999809105274,0.00439394613609643,0.9999124491258936,False
12.678,1,372,373,2.972589999999983,2.9725899999999825,-4.440892098500626e-16,0.025173750196469353,0.025173750196469353,0.09002929734161413,0.0844569145168349,0.0055723828247792465,0.025173750196469353,0.005036919934842396,0.0004264247286011162,0.0004264247286011162,0.0,0.9965455449906959,0.004385348447000628,0.003958923718399512,0.9999210884715535,False
12.705,1,373,374,2.978259999999983,2.978259999999983,0.0,0.025882500196469326,0.025882500196469326,0.0901269145168346,0.08384578169205538,0.005710195324779228,0.025882500196469326,0.005036919934842396,0.00042864463150357583,0.00042864463150357583,0.0,0.9957216616507709,0.004416305368818353,0.0039876607373147775,0.9999008606300942,False
12.735,1,374,375,2.984559999999983,2.9845599999999832,4.440892098500626e-16,0.02667000019646935,0.02667000019646935,0.0901457816920555,0.08364808636727623,0.006103945324779232,0.02667000019646935,0.005036919934842396,0.00042984799488347694,0.00042984799488347694,0.0,0.9958644511589413,0.0044280679844385315,0.003998219989555055,0.9999043504304532,False
12.766,1,375,376,2.991069999999983,2.9910699999999824,-4.440892098500626e-16,0.02748375019646931,0.02748375019646931,0.0901580863672759,0.08284664104249667,0.005338593774558619,0.02748375019646931,0.005036919934842396,0.00043062614334057143,0.00043062614334057143,0.0,0.9961158795748657,0.004428207217570999,0.003997581074230428,0.9999104920547067,False
12.801,1,376,377,2.9984199999999825,2.9984199999999825,0.0,0.028402500196469307,0.028402500196469307,0.09019664104249661,0.08236019571771741,0.005797968774558607,0.028402500196469307,0.005036919934842396,0.0004305205412162069,0.0004305205412162069,0.0,0.9957054287873286,0.0044066173351067495,0.003976096793890543,0.9999004502539359,False
12.838000000000001,1,377,378,3.0061899999999824,3.0061899999999824,0.0,0.02937375019646932,0.02937375019646932,0.09013019571771749,0.0813225003929383,0.005988281274558603,0.02937375019646932,0.005036919934842396,0.00043012065819881504,0.00043012065819881504,0.0,0.9960306034206244,0.004452555758566561,0.004022435100367746,0.99990826813772,False
12.88,1,378,379,3.0150099999999824,3.0150099999999824,0.0,0.030476250196469306,0.030476250196469306,0.0901425003929382,0.08181140661837957,0.0065395312745585845,0.030476250196469306,0.005036919934842396,0.00042959278108236926,0.00042959278108236926,0.0,0.9962108920750667,0.004553909032901218,0.004124316251818849,0.9999122282710379,False
12.919,1,379,380,3.0231999999999823,3.0231999999999823,0.0,0.03150000019646929,0.015750000098234646,0.09000140661837941,0.08064656284382081,0.0075632812745585806,0.015750000098234646,0.005036919934842396,0.00042906272027088034,0.00042906272027088034,0.0,0.9964479841574709,0.007000757310711862,0.006571694590440982,0.9999142880983005,False
12.964,1,380,381,3.0326499999999816,3.0326499999999816,0.0,0.016931250098234634,0.016931250098234634,0.09009656284382059,0.0850582034565413,0.005038359387279277,0.016931250098234634,0.005036919934842396,0.0006018108217919093,0.0006018108217919093,0.0,0.9969285596630822,0.004577908844352906,0.003976098022560996,0.9999304290452204,False
12.988,1,381,382,3.037689999999982,3.037689999999982,0.0,0.017561250098234654,0.017561250098234654,0.0900982034565414,0.0844298440692621,0.00535335938727928,0.017561250098234654,0.005036919934842396,0.000533141807698253,0.000533141807698253,0.0,0.995258353478414,0.0041724086830975185,0.0036392668753992656,0.9998893345062746,False
13.015,1,382,383,3.043359999999982,3.043359999999982,0.0,0.018270000098234627,0.018270000098234627,0.09009984406926186,0.08403773468198258,0.005317265637279259,0.018270000098234627,0.005036919934842396,0.00046481849760601437,0.00046481849760601437,0.0,0.9955665061869172,0.00409641061532209,0.003631592117716076,0.9998966951050071,False
13.044,1,383,384,3.0494499999999816,3.0494499999999816,0.0,0.019031250098234618,0.019031250098234618,0.0901277346819825,0.08330437529470323,0.0056978906372792465,0.019031250098234618,0.005036919934842396,0.0004391301310780663,0.0004391301310780663,0.0,0.9955785385665293,0.004132113735865802,0.003692983604787736,0.9998970285003163,False
13.076,1,384,385,3.056169999999982,3.056169999999981,-8.881784197001252e-16,0.01987125009823461,0.01987125009823461,0.09002437529470318,0.08310585965742393,0.005842265637279235,0.01987125009823461,0.005036919934842396,0.000428174247074775,0.000428174247074775,0.0,0.9958896677217298,0.004206955899576585,0.00377878165250181,0.9999046945835542,False
13.109,1,385,386,3.0630999999999813,3.0630999999999813,0.0,0.02073750009823459,0.02073750009823459,0.09003585965742379,0.08225109402014454,0.006275390637279215,0.02073750009823459,0.005036919934842396,0.000424294562102488,0.000424294562102488,0.0,0.995994465338699,0.0043636997681310435,0.003939405206028555,0.999907259985773,False
13.146,1,386,387,3.0708699999999816,3.0708699999999816,0.0,0.021708750098234603,0.021708750098234603,0.09002109402014467,0.08164570338286543,0.00724664063727924,0.021708750098234603,0.005036919934842396,0.0004234337904570822,0.0004234337904570822,0.0,0.996292436703711,0.0037806125409767764,0.0033571787505196943,0.9999119348851544,False
13.186,1,387,388,3.0792699999999806,3.0792699999999806,0.0,0.02275875009823457,0.02275875009823457,0.09004570338286508,0.08062031274558587,0.005952187524558624,0.02275875009823457,0.005036919934842396,0.0004319914016379181,0.0004319914016379181,0.0,0.9967624033938258,0.0046549397108061955,0.004222948309168278,0.9999260497481419,False
13.231,1,388,389,3.088719999999981,3.0887199999999813,4.440892098500626e-16,0.023940000098234607,0.023940000098234607,0.09007031274558608,0.08015929710830685,0.0065428125245586295,0.023940000098234607,0.005036919934842396,0.00043219863713312914,0.00043219863713312914,0.0,0.9962336422077429,0.004879356137994936,0.004447157500861807,0.9999125226243727,False
13.278,1,389,390,3.098589999999981,3.098589999999981,0.0,0.025173750098234565,0.025173750098234565,0.09002929710830647,0.0844569142896669,0.005572382818639572,0.025173750098234565,0.005036919934842396,0.0004325788264466343,0.0004325788264466343,0.0,0.9965456217518568,0.004447052981229105,0.00401447415478247,0.9999211655379089,False
13.305,1,390,391,3.104259999999981,3.1042599999999805,-4.440892098500626e-16,0.025882500098234586,0.025882500098234586,0.09012691428966699,0.08384578147102739,0.005710195318639578,0.025882500098234586,0.005036919934842396,0.00043469681350965947,0.00043469681350965947,0.0,0.9957217370297088,0.004476953863974668,0.0040422570504650085,0.9999009364791833,False
13.335,1,391,392,3.110559999999981,3.110559999999981,0.0,0.026670000098234562,0.026670000098234562,0.09014578147102714,0.08364808615238759,0.006103945318639558,0.026670000098234562,0.005036919934842396,0.0004358285806508141,0.0004358285806508141,0.0,0.9958645258390383,0.004488302131521703,0.004052473550870889,0.9999044257693641,False
13.366,1,392,393,3.1170699999999805,3.1170699999999805,0.0,0.02748375009823457,0.02748375009823457,0.0901580861523876,0.08284664083374801,0.0053385937622792935,0.02748375009823457,0.005036919934842396,0.00043655450880029565,0.00043655450880029565,0.0,0.9961159538718126,0.004487992612841878,0.004051438104041582,0.9999105669771352,False
13.401,1,393,394,3.1244199999999807,3.1244199999999807,0.0,0.028402500098234567,0.028402500098234567,0.09019664083374798,0.0823601955151084,0.005797968762279282,0.028402500098234567,0.005036919934842396,0.00043641730619774536,0.00043641730619774536,0.0,0.9957055026761196,0.004464683136160476,0.00402826582996273,0.9999005251125778,False
13.438,1,394,395,3.13218999999998,3.13218999999998,0.0,0.029373750098234532,0.029373750098234532,0.09013019551510812,0.08132250019646858,0.005988281262279242,0.029373750098234532,0.005036919934842396,0.00043599761341455345,0.00043599761341455345,0.0,0.9960306770774563,0.004509626543643903,0.00407362893022935,0.999908342652952,False
13.48,1,395,396,3.14100999999998,3.14100999999998,0.0,0.030476250098234518,0.030476250098234518,0.0901425001964685,0.08181140643418922,0.006539531262279224,0.030476250098234518,0.005036919934842396,0.00043546104572829376,0.00043546104572829376,0.0,0.996210965546655,0.004608234848749164,0.0041727738030208706,0.9999123000364747,False
13.519,1,396,397,3.14919999999998,3.14919999999998,0.0,0.0315000000982345,0.01575000004911725,0.09000140643418905,0.08064656267190984,0.00756328126227922,0.01575000004911725,0.005036919934842396,0.0004349172461127921,0.0004349172461127921,0.0,0.9964480577711091,0.007084724756801069,0.006649807510688276,0.999914340521787,False
13.564,1,397,398,3.1586499999999798,3.1586499999999798,0.0,0.016931250049117236,0.016931250049117236,0.0900965626719096,0.08505820329077002,0.005038359381139591,0.016931250049117236,0.005036919934842396,0.0006111067081324465,0.0006111067081324465,0.0,0.9969286625941022,0.004662386411703273,0.004051279703570826,0.9999305308097086,False
13.588000000000001,1,398,399,3.16368999999998,3.1636899999999795,-4.440892098500626e-16,0.017561250049117256,0.017561250049117256,0.0900982032907701,0.08442984390963049,0.005353359381139594,0.017561250049117256,0.005036919934842396,0.000540723256352498,0.000540723256352498,0.0,0.9952584269314231,0.004231248789441148,0.0036905255330886497,0.9998894073437185,False
13.615,1,399,400,3.1693599999999797,3.1693599999999797,0.0,0.01827000004911723,0.01827000004911723,0.09009984390963025,0.08403773452849066,0.005317265631139578,0.01827000004911723,0.005036919934842396,0.00047003276021943043,0.00047003276021943043,0.0,0.9955665597916973,0.004139600366015336,0.003669567605795906,0.9998967486396142,False
13.644,1,400,401,3.1754499999999792,3.17544999999998,8.881784197001252e-16,0.01903125004911722,0.01903125004911722,0.09012773452849057,0.08330437514735099,0.005697890631139566,0.01903125004911722,0.005036919934842396,0.0004433732963817002,0.0004433732963817002,0.0,0.9955785853271706,0.004169170026087465,0.003725796729705765,0.9998970755509397,False
13.676,1,401,402,3.1821699999999797,3.1821699999999797,0.0,0.019871250049117214,0.019871250049117214,0.09002437514735095,0.08310585951621137,0.005842265631139554,0.019871250049117214,0.005036919934842396,0.0004323532262641995,0.0004323532262641995,0.0,0.9958897156696873,0.004246548831500503,0.0038141956052363036,0.9999047430368982,False
13.709,1,402,403,3.1890999999999803,3.1890999999999803,0.0,0.02073750004911724,0.02073750004911724,0.0900358595162116,0.08225109388507199,0.006275390631139558,0.02073750004911724,0.005036919934842396,0.00042883392119754006,0.00042883392119754006,0.0,0.9959945192921723,0.004406196836196655,0.003977362914999115,0.9999073146722914,False
13.746,1,403,404,3.1968699999999797,3.1968699999999797,0.0,0.021708750049117206,0.021708750049117206,0.09002109388507175,0.08164570325393218,0.007246640631139536,0.021708750049117206,0.005036919934842396,0.0004285836883591022,0.0004285836883591022,0.0,0.9962925015068989,0.0038309335881681617,0.0034023498998090596,0.9999119926936074,False
13.786,1,404,405,3.2052699999999796,3.2052699999999796,0.0,0.022758750049117222,0.022758750049117222,0.09004570325393221,0.08062031262279265,0.005952187512279298,0.022758750049117222,0.005036919934842396,0.00043793023283424874,0.00043793023283424874,0.0,0.9967624789937688,0.0047150316712292265,0.004277101438394978,0.9999261263459274,False
13.831,1,405,406,3.2147199999999794,3.2147199999999794,0.0,0.02394000004911721,0.02394000004911721,0.09007031262279246,0.08015929699165293,0.00654281251227928,0.02394000004911721,0.005036919934842396,0.00043862174624402983,0.00043862174624402983,0.0,0.9962337226951019,0.004940693240858107,0.004502071494614077,0.9999126004988452,False
13.878,1,406,407,3.224589999999979,3.224589999999979,0.0,0.025173750049117167,0.025173750049117167,0.09002929699165255,0.08445691417608281,0.005572382815569731,0.025173750049117167,0.005036919934842396,0.0004390288909713545,0.0004390288909713545,0.0,0.9965457022726648,0.004511823796643014,0.0040727949056716594,0.9999212463809479,False
13.905000000000001,1,407,408,3.2302599999999795,3.230259999999979,-4.440892098500626e-16,0.02588250004911719,0.02588250004911719,0.0901269141760829,0.08384578136051313,0.005710195315569725,0.02588250004911719,0.005036919934842396,0.0004410400843765375,0.0004410400843765375,0.0,0.9957218161140944,0.004540619129032454,0.004099579044655917,0.9999010160659162,False
13.935,1,408,409,3.236559999999979,3.236559999999979,0.0,0.026670000049117164,0.026670000049117164,0.09014578136051288,0.08364808604494317,0.006103945315569705,0.026670000049117164,0.005036919934842396,0.000442096872790128,0.000442096872790128,0.0,0.9958646041212007,0.004551470138888486,0.004109373266098358,0.9999045047564254,False
13.966000000000001,1,409,410,3.243069999999979,3.243069999999979,0.0,0.027483750049117173,0.027483750049117173,0.0901580860449432,0.08284664072937346,0.005338593756139607,0.027483750049117173,0.005036919934842396,0.00044275358623323735,0.00044275358623323735,0.0,0.9961160315526675,0.004550750569387488,0.004107996983154251,0.9999106453518698,False
14.001,1,410,411,3.2504199999999788,3.2504199999999788,0.0,0.02840250004911717,0.02840250004911717,0.09019664072937343,0.0823601954138037,0.005797968756139595,0.02840250004911717,0.005036919934842396,0.00044257406941276947,0.00044257406941276947,0.0,0.9957055798130976,0.004525269645594562,0.004082695576181793,0.9999006033580559,False
14.038,1,411,412,3.2581899999999786,3.2581899999999786,0.0,0.029373750049117135,0.029373750049117135,0.0901301954138034,0.08132250009823375,0.005988281256139568,0.029373750049117135,0.005036919934842396,0.0004421342498459482,0.0004421342498459482,0.0,0.9960307539811138,0.004569167835249598,0.00412703358540365,0.9999084207235164,False
14.08,1,412,413,3.2670099999999787,3.2670099999999787,0.0,0.03047625004911712,0.03047625004911712,0.09014250009823364,0.08181140634209408,0.006539531256139549,0.03047625004911712,0.005036919934842396,0.00044159213213516125,0.00044159213213516125,0.0,0.996211042306588,0.00466493076429611,0.004223338632160949,0.9999123758328395,False
14.119,1,413,414,3.2751999999999786,3.275199999999979,4.440892098500626e-16,0.03150000004911715,0.015750000024558574,0.09000140634209428,0.08064656258595469,0.007563281256139592,0.015750000024558574,0.005036919934842396,0.0004410324743090484,0.0004410324743090484,0.0,0.9964481346685281,0.007172431896799985,0.006731399422490936,0.9999143998495282,False
14.164,1,414,415,3.2846499999999788,3.2846499999999788,0.0,0.016931250024558562,0.016931250024558562,0.09009656258595447,0.08001984382981492,0.005038359378069772,0.016931250024558562,0.005036919934842396,0.0006207082088830747,0.0006207082088830747,0.0,0.9969287684087308,0.004723707820816214,0.004102999611933139,0.9999306361126293,False
14.212,1,415,416,3.294729999999978,3.294729999999978,0.0,0.018191250024558552,0.018191250024558552,0.09009984382981477,0.08380148445174498,0.005277890628069764,0.018191250024558552,0.005036919934842396,0.0004822685651302555,0.0004822685651302555,0.0,0.9957331128320631,0.004192799531358021,0.003710530966227765,0.9999008760282997,False
14.242,1,416,417,3.301029999999978,3.3010299999999786,4.440892098500626e-16,0.018978750024558528,0.018978750024558528,0.09010148445174479,0.08301562507367502,0.005671640628069744,0.018978750024558528,0.005036919934842396,0.00044917343334399906,0.00044917343334399906,0.0,0.9955690531297742,0.004204325479695577,0.003755152046351578,0.9998968883288963,False
14.276,1,417,418,3.3081699999999783,3.3081699999999783,0.0,0.01987125002455854,0.01987125002455854,0.09015562507367511,0.08319773444560535,0.0058422656280697404,0.01987125002455854,0.005036919934842396,0.0004369151221781545,0.0004369151221781545,0.0,0.9959062269687847,0.004290488229534366,0.0038535731073562115,0.9999051986942922,False
14.309000000000001,1,418,419,3.315099999999978,3.3150999999999784,4.440892098500626e-16,0.020737500024558517,0.020737500024558517,0.0901277344456052,0.08230359381753544,0.006275390628069721,0.020737500024558517,0.005036919934842396,0.0004336822102593984,0.0004336822102593984,0.0,0.9959945778744352,0.004452311763170055,0.004018629552910657,0.9999073743233001,False
14.346,1,419,420,3.322869999999978,3.3228699999999782,4.440892098500626e-16,0.021708750024558483,0.021708750024558483,0.09007359381753521,0.08167195318946549,0.007246640628069699,0.021708750024558483,0.005036919934842396,0.0004340403559607191,0.0004340403559607191,0.0,0.9962925701481603,0.0038835452882400867,0.003449504932279368,0.9999120565100814,False
14.386000000000001,1,420,421,3.331269999999978,3.331269999999978,0.0,0.0227587500245585,0.0227587500245585,0.09007195318946551,0.08062031256139579,0.0059521875061396175,0.0227587500245585,0.005036919934842396,0.00044413452472054165,0.00044413452472054165,0.0,0.9967625578923167,0.00477700308355411,0.004332868558833568,0.999926206572485,False
14.431000000000001,1,421,422,3.340719999999978,3.340719999999978,0.0,0.023940000024558487,0.023940000024558487,0.09007031256139561,0.08015929693332594,0.006542812506139599,0.023940000024558487,0.005036919934842396,0.0004452855088818973,0.0004452855088818973,0.0,0.9962338061718916,0.005003305122276071,0.004558019613394173,0.9999126820636413,False
14.478,1,422,423,3.350589999999978,3.3505899999999778,-4.440892098500626e-16,0.025173750024558492,0.025173750024558492,0.09002929693332593,0.0844569141192911,0.005572382814034825,0.025173750024558492,0.005036919934842396,0.0004457143150876036,0.0004457143150876036,0.0,0.9965457856933694,0.00457896823357197,0.004133253918484367,0.9999213301344697,False
14.505,1,423,424,3.3562599999999776,3.3562599999999776,0.0,0.025882500024558466,0.025882500024558466,0.09012691411929082,0.08384578130525601,0.005710195314034807,0.025882500024558466,0.005036919934842396,0.00044759627988780285,0.00044759627988780285,0.0,0.9957218979624134,0.004606517918447045,0.004158921638559242,0.9999010984355139,False
14.535,1,424,425,3.362559999999977,3.362559999999977,0.0,0.02667000002455844,0.02667000002455844,0.09014578130525577,0.08364808599122098,0.006103945314034787,0.02667000002455844,0.005036919934842396,0.00044857873139340075,0.00044857873139340075,0.0,0.9958646851113626,0.004616844651975489,0.004168265920582089,0.999904586491131,False
14.566,1,425,426,3.3690699999999776,3.3690699999999776,0.0,0.02748375002455845,0.02748375002455845,0.090158085991221,0.0828466406771862,0.005338593753069766,0.02748375002455845,0.005036919934842396,0.00044916868632973253,0.00044916868632973253,0.0,0.9961161119601416,0.004615748485432426,0.004166579799102694,0.9999107265090229,False
14.601,1,426,427,3.3764199999999773,3.3764199999999773,0.0,0.028402500024558446,0.028402500024558446,0.09019664067718615,0.08236019536315134,0.005797968753069755,0.028402500024558446,0.005036919934842396,0.00044894753105983255,0.00044894753105983255,0.0,0.9957056596814572,0.004588000766844749,0.004139053235784917,0.9999006844503282,False
14.638,1,427,428,3.384189999999977,3.384189999999977,0.0,0.02937375002455846,0.02937375002455846,0.09013019536315142,0.08132250004911662,0.005988281253069751,0.02937375002455846,0.005036919934842396,0.0004484954486283747,0.0004484954486283747,0.0,0.9960308337042945,0.0046308892655744505,0.004182393816946075,0.9999085018739384,False
14.68,1,428,429,3.393009999999977,3.393009999999977,0.0,0.030476250024558445,0.030476250024558445,0.09014250004911653,0.08181140629604675,0.006539531253069732,0.030476250024558445,0.005036919934842396,0.00044796060379352637,0.00044796060379352637,0.0,0.9962111220306525,0.004723797398755364,0.0042758367949618376,0.9999124552375356,False
14.719000000000001,1,429,430,3.401199999999977,3.401199999999977,0.0,0.03150000002455843,0.015750000012279216,0.09000140629604658,0.08064656254297684,0.007563281253069728,0.015750000012279216,0.005036919934842396,0.0004473886540420203,0.0004473886540420203,0.0,0.9964482145769207,0.007263466820412035,0.006816078166370015,0.9999144653011851,False
14.764000000000001,1,430,431,3.4106499999999773,3.4106499999999773,0.0,0.016931250012279204,0.016931250012279204,0.09009656254297661,0.08001984378990691,0.005038359376534851,0.016931250012279204,0.005036919934842396,0.000630571053263411,0.000630571053263411,0.0,0.9969288767310367,0.0048108131528115175,0.0041802420995481065,0.9999307433892978,False
14.812000000000001,1,431,432,3.4207299999999767,3.4207299999999767,0.0,0.018191250012279194,0.018191250012279194,0.09009984378990676,0.0838014844133719,0.005277890626534832,0.018191250012279194,0.005036919934842396,0.00048793155945484805,0.00048793155945484805,0.0,0.9957331740944432,0.0042423593722603695,0.0037544278128055215,0.9999009372401543,False
14.842,1,432,433,3.4270299999999767,3.4270299999999763,-4.440892098500626e-16,0.01897875001227917,0.01897875001227917,0.0901014844133717,0.08301562503683685,0.005671640626534812,0.01897875001227917,0.005036919934842396,0.00045394223498055084,0.00045394223498055084,0.0,0.9955691061347127,0.004246656053955071,0.0037927138189745202,0.9998969417438492,False
14.876,1,433,434,3.434169999999977,3.434169999999977,0.0,0.01987125001227918,0.01987125001227918,0.09015562503683694,0.0831977344103021,0.0058422656265348085,0.01987125001227918,0.005036919934842396,0.0004415232338880975,0.0004415232338880975,0.0,0.9959062808099732,0.004334644280641807,0.0038931210467537097,0.9999052532622511,False
14.909,1,434,435,3.4410999999999765,3.4410999999999765,0.0,0.02073750001227916,0.02073750001227916,0.09012773441030197,0.08230359378376714,0.006275390626534789,0.02073750001227916,0.005036919934842396,0.0004386439169672409,0.0004386439169672409,0.0,0.9959946373096059,0.004498680037993717,0.0040600361210264765,0.999907434906982,False
14.946,1,435,436,3.4488699999999763,3.4488699999999763,0.0,0.021708750012279173,0.021708750012279173,0.09007359378376728,0.08167195315723245,0.007246640626534814,0.021708750012279173,0.005036919934842396,0.00043958308273631434,0.00043958308273631434,0.0,0.9962926397491615,0.003936689214937183,0.0034971061322008686,0.999912122661164,False
14.986,1,436,437,3.4572699999999763,3.4572699999999763,0.0,0.02275875001227914,0.02275875001227914,0.09007195315723208,0.08062031253069732,0.005952187503069767,0.02275875001227914,0.005036919934842396,0.00045051902406277887,0.00045051902406277887,0.0,0.9967626390197741,0.0048403913980122545,0.004389872373949476,0.9999262893513973,False
15.031,1,437,438,3.466719999999976,3.466719999999976,0.0,0.02394000001227913,0.02394000001227913,0.09007031253069712,0.08015929690416239,0.0065428125030697485,0.02394000001227913,0.005036919934842396,0.00045222824472802517,0.00045222824472802517,0.0,0.9962338931807654,0.005068220692718874,0.004615992447990849,0.9999127678282019,False
15.078000000000001,1,438,439,3.476589999999976,3.476589999999976,0.0,0.025173750012279134,0.025173750012279134,0.09002929690416238,0.08445691409089502,0.005572382813267359,0.025173750012279134,0.005036919934842396,0.00045265506954218944,0.00045265506954218944,0.0,0.9965458723649415,0.004648731557933203,0.004196076488391013,0.999921417141668,False
15.105,1,439,440,3.4822599999999757,3.4822599999999757,0.0,0.025882500012279108,0.025882500012279108,0.09012691409089474,0.08384578127762739,0.005710195313267341,0.025882500012279108,0.005036919934842396,0.0004544077578518431,0.0004544077578518431,0.0,0.9957219829173443,0.004674922426114794,0.004220514668262951,0.9999011839294414,False
15.135,1,440,441,3.488559999999976,3.4885599999999757,-4.440892098500626e-16,0.026670000012279132,0.026670000012279132,0.09014578127762751,0.08364808596436013,0.006103945313267345,0.026670000012279132,0.005036919934842396,0.0004552880931961493,0.0004552880931961493,0.0,0.9958647689046315,0.0046844870597037985,0.004229198966507649,0.9999046710500858,False
15.166,1,441,442,3.4950699999999753,3.4950699999999753,0.0,0.027483750012279092,0.027483750012279092,0.0901580859643598,0.08284664065109246,0.005338593751534841,0.027483750012279092,0.005036919934842396,0.000455787103340173,0.000455787103340173,0.0,0.9961161948914257,0.004682804418888534,0.0042270173155483605,0.9999108102324756,False
15.201,1,442,443,3.5024199999999754,3.5024199999999754,0.0,0.028402500012279088,0.028402500012279088,0.09019664065109241,0.08236019533782508,0.00579796875153483,0.028402500012279088,0.005036919934842396,0.0004555180090499376,0.0004555180090499376,0.0,0.9957057420091566,0.00465265463235056,0.004197136623300623,0.9999007680967256,False
15.238,1,443,444,3.5101899999999757,3.5101899999999757,0.0,0.029373750012279102,0.029373750012279102,0.09013019533782518,0.08132250002455786,0.005988281251534826,0.029373750012279102,0.005036919934842396,0.0004550521418266605,0.0004550521418266605,0.0,0.9960309158725413,0.004694496426206722,0.004239444284380061,0.9999085856861905,False
15.280000000000001,1,444,445,3.5190099999999753,3.5190099999999758,4.440892098500626e-16,0.030476250012279087,0.030476250012279087,0.09014250002455776,0.08181140627302291,0.006539531251534807,0.030476250012279087,0.005036919934842396,0.00045452982512193254,0.00045452982512193254,0.0,0.9962112042592747,0.004784501840249214,0.004329972015127281,0.9999125376945355,False
15.319,1,445,446,3.5271999999999752,3.5271999999999757,4.440892098500626e-16,0.031500000012279074,0.015750000006139537,0.09000140627302275,0.08064656252148793,0.007563281251534803,0.015750000006139537,0.005036919934842396,0.0004539520546609486,0.0004539520546609486,0.0,0.9964482970844377,0.007357293198044594,0.006903341143383646,0.9999145360839077,False
15.364,1,446,447,3.536649999999975,3.536649999999975,0.0,0.016931250006139525,0.016931250006139525,0.0900965625214877,0.08001984376995293,0.005038359375767389,0.016931250006139525,0.005036919934842396,0.0006407302072059072,0.0006407302072059072,0.0,0.9969289873790952,0.0048997378320123075,0.004259007624806401,0.9999308530132605,False
15.412,1,447,448,3.5467299999999753,3.5467299999999753,0.0,0.018191250006139515,0.018191250006139515,0.09009984376995278,0.08380148439418539,0.00527789062576737,0.018191250006139515,0.005036919934842396,0.0004937791602220784,0.0004937791602220784,0.0,0.9957332382933844,0.004294342489903031,0.0038005633296809525,0.9999010014103963,False
15.442,1,448,449,3.553029999999975,3.5530299999999744,-4.440892098500626e-16,0.01897875000613949,0.01897875000613949,0.09010148439418517,0.08301562501841779,0.00567164062576735,0.01897875000613949,0.005036919934842396,0.0004587786631990547,0.0004587786631990547,0.0,0.995569161776494,0.004291215851821257,0.0038324371886222022,0.9998969978314345,False
15.476,1,449,450,3.5601699999999745,3.5601699999999745,0.0,0.019871250006139502,0.019871250006139502,0.09015562501841788,0.08319773439265052,0.005842265625767346,0.019871250006139502,0.005036919934842396,0.00044628733590021033,0.00044628733590021033,0.0,0.9959063369812453,0.004380502208077584,0.003934214872177374,0.9999053102338195,False
15.509,1,450,451,3.567099999999974,3.567099999999974,0.0,0.02073750000613948,0.02073750000613948,0.09012773439265037,0.08230359376688301,0.0062753906257673265,0.02073750000613948,0.005036919934842396,0.0004437743990426618,0.0004437743990426618,0.0,0.9959946991981199,0.004546669894542554,0.0041028954954998925,0.999907498164759,False
15.546000000000001,1,451,452,3.5748699999999745,3.5748699999999745,0.0,0.021708750006139494,0.021708750006139494,0.09007359376688315,0.08167195314111578,0.0072466406257673515,0.021708750006139494,0.005036919934842396,0.0004453983616361879,0.0004453983616361879,0.0,0.9962927123728509,0.003991248304698075,0.003545849943061887,0.9999121934609827,False
15.586,1,452,453,3.583269999999974,3.583269999999974,0.0,0.02275875000613946,0.02275875000613946,0.09007195314111542,0.0806203125153481,0.005952187501534847,0.02275875000613946,0.005036919934842396,0.00045711740203896564,0.00045711740203896564,0.0,0.9967627226330885,0.004905421451252036,0.00444830404921307,0.9999263748362457,False
15.631,1,453,454,3.592719999999974,3.592719999999974,0.0,0.02394000000613945,0.02394000000613945,0.09007031251534792,0.08015929688958065,0.006542812501534829,0.02394000000613945,0.005036919934842396,0.00045936065948667146,0.00045936065948667146,0.0,0.9962339825828984,0.005134583690440786,0.004675223030954114,0.9999128565063313,False
15.678,1,454,455,3.602589999999974,3.602589999999974,0.0,0.025173750006139455,0.025173750006139455,0.09002929688958064,0.084456914076697,0.0055723828128836275,0.025173750006139455,0.005036919934842396,0.00045981597747484903,0.00045981597747484903,0.0,0.9965459618877979,0.004720826588322943,0.004261010610848094,0.9999215070213215,False
15.705,1,455,456,3.608259999999974,3.608259999999974,0.0,0.02588250000613943,0.02588250000613943,0.09012691407669672,0.08384578126381312,0.00571019531288361,0.02588250000613943,0.005036919934842396,0.00046145763398436313,0.00046145763398436313,0.0,0.9957220708842363,0.004745772251530986,0.004284314617546622,0.9999012724509717,False
15.735000000000001,1,456,457,3.614559999999974,3.614559999999974,0.0,0.026670000006139453,0.026670000006139453,0.09014578126381323,0.0836480859509296,0.0061039453128836135,0.026670000006139453,0.005036919934842396,0.00046222662624045206,0.00046222662624045206,0.0,0.9958648555388879,0.004754431936346906,0.004292205310106454,0.9999047584707058,False
15.766,1,457,458,3.6210699999999734,3.6210699999999734,0.0,0.027483750006139413,0.027483750006139413,0.09015808595092925,0.08284664063804564,0.005338593750767381,0.027483750006139413,0.005036919934842396,0.00046261345596075864,0.00046261345596075864,0.0,0.9961162803862911,0.004751940036797624,0.004289326580836865,0.9999108965514241,False
15.801,1,458,459,3.6284199999999736,3.6284199999999736,0.0,0.02840250000613941,0.02840250000613941,0.09019664063804558,0.08236019532516199,0.00579796875076737,0.02840250000613941,0.005036919934842396,0.00046228271964240204,0.00046228271964240204,0.0,0.9957058267426605,0.004720932631298271,0.0042586499116558695,0.9999008542224621,False
15.838000000000001,1,459,460,3.6361899999999734,3.6361899999999734,0.0,0.029373750006139423,0.029373750006139423,0.09013019532516209,0.0813225000122785,0.005988281250767366,0.029373750006139423,0.005036919934842396,0.0004617961590215378,0.0004617961590215378,0.0,0.9960310003847382,0.004759929064799606,0.0042981329057780685,0.9999086720258683,False
15.88,1,460,461,3.6450099999999734,3.6450099999999734,0.0,0.03047625000613941,0.03047625000613941,0.09014250001227841,0.08181140626151101,0.006539531250767347,0.03047625000613941,0.005036919934842396,0.0004612897393001702,0.0004612897393001702,0.0,0.9962112888613458,0.004846957286372237,0.0043856675470720675,0.9999126229927665,False
15.919,1,461,462,3.6531999999999734,3.6531999999999734,0.0,0.031500000006139395,0.015750000003069697,0.09000140626151085,0.0806465625107435,0.007563281250767343,0.015750000003069697,0.005036919934842396,0.00046070753019875516,0.00046070753019875516,0.0,0.996448381965236,0.007453570536990771,0.006992863006792016,0.9999146116201678,False
15.964,1,462,463,3.662649999999973,3.662649999999973,0.0,0.016931250003069685,0.016931250003069685,0.09009656251074327,0.08001984375997595,0.005038359375383659,0.016931250003069685,0.005036919934842396,0.0006511353626303389,0.0006511353626303389,0.0,0.9969290999805477,0.004990178699600459,0.00433904333697012,0.9999309646164857,False
16.012,1,463,464,3.672729999999973,3.672729999999973,0.0,0.018191250003069738,0.018191250003069738,0.09009984375997623,0.08380148438459252,0.005277890625383666,0.018191250003069738,0.005036919934842396,0.0004997484625985334,0.0004997484625985334,0.0,0.9957333049551245,0.004348355172462324,0.0038486067098637902,0.9999010680665231,False
16.042,1,464,465,3.6790299999999725,3.679029999999973,4.440892098500626e-16,0.018978750003069703,0.018978750003069703,0.09010148438459206,0.08301562500920842,0.005671640625383632,0.018978750003069703,0.005036919934842396,0.0004637641929762056,0.0004637641929762056,0.0,0.995569219887672,0.004337846718059937,0.0038740825250837317,0.9998970564267263,False
16.076,1,465,466,3.6861699999999735,3.6861699999999735,0.0,0.0198712500030698,0.0198712500030698,0.090155625009209,0.08319773438382533,0.005842265625383662,0.0198712500030698,0.005036919934842396,0.00045120223568895446,0.00045120223568895446,0.0,0.9959063955101527,0.004428148452066162,0.003976946216377207,0.9999053696386239,False
16.109,1,466,467,3.693099999999973,3.6930999999999727,-4.440892098500626e-16,0.020737500003069773,0.020737500003069773,0.09012773438382492,0.08230359375844129,0.006275390625383629,0.020737500003069773,0.005036919934842396,0.0004491012821393974,0.0004491012821393974,0.0,0.9959947634334069,0.004596364371597092,0.004147263089457695,0.999907563919884,False
16.146,1,467,468,3.700869999999974,3.7008699999999735,-4.440892098500626e-16,0.021708750003069877,0.021708750003069877,0.09007359375844193,0.08167195313305822,0.007246640625383701,0.021708750003069877,0.005036919934842396,0.00045151113510720324,0.00045151113510720324,0.0,0.9962927872141452,0.004047100285567394,0.003595589150460191,0.9999122677070572,False
16.186,1,468,469,3.7092699999999734,3.7092699999999734,0.0,0.022758750003069893,0.022758750003069893,0.09007195313305805,0.08062031250767436,0.005952187500767455,0.022758750003069893,0.005036919934842396,0.00046391118245998973,0.00046391118245998973,0.0,0.9967628086009369,0.004971987266269018,0.004508076083809028,0.9999264628876064,False
16.231,1,469,470,3.718719999999973,3.7187199999999727,-4.440892098500626e-16,0.023940000003069888,0.023940000003069888,0.09007031250767399,0.0801592968822904,0.006542812500767427,0.023940000003069888,0.005036919934842396,0.00046671025060752335,0.00046671025060752335,0.0,0.9962340746500938,0.005202523620113718,0.004735813369506195,0.9999129483167328,False
16.278,1,470,471,3.7285899999999734,3.728589999999973,-4.440892098500626e-16,0.02517375000306995,0.02517375000306995,0.09002929688229055,0.08445691406959877,0.0055723828126918,0.02517375000306995,0.005036919934842396,0.0004671799627623178,0.0004671799627623178,0.0,0.996546053967466,0.004794990500511437,0.004327810537749119,0.9999215994642034,False
16.305,1,471,472,3.7342599999999733,3.7342599999999733,0.0,0.025882500003070002,0.025882500003070002,0.09012691406959897,0.08384578125690714,0.005710195312691825,0.025882500003070002,0.005036919934842396,0.0004687065651386655,0.0004687065651386655,0.0,0.9957221613663206,0.004818656192817898,0.004349949627679233,0.9999013634963465,False
16.335,1,472,473,3.7405599999999737,3.7405599999999737,0.0,0.02667000000307006,0.02667000000307006,0.09014578125690738,0.08364808594421552,0.006103945312691837,0.02667000000307006,0.005036919934842396,0.0004693594476451892,0.0004693594476451892,0.0,0.9958649446241716,0.0048263690438550555,0.004357009596209866,0.9999048483636905,False
16.366,1,473,474,3.7470699999999733,3.7470699999999733,0.0,0.02748375000307006,0.02748375000307006,0.09015808594421529,0.08284664063152347,0.005338593750383718,0.02748375000307006,0.005036919934842396,0.00046963289008368237,0.00046963289008368237,0.0,0.9961163682899172,0.0048230369134660625,0.00435340402338238,0.9999109853120537,False
16.401,1,474,475,3.754419999999974,3.754419999999974,0.0,0.028402500003070097,0.028402500003070097,0.09019664063152352,0.08236019531883171,0.005797968750383717,0.028402500003070097,0.005036919934842396,0.00046923788254540314,0.00046923788254540314,0.0,0.9957059138210935,0.004791720137002589,0.004322482254457186,0.9999009427529767,False
16.438,1,475,476,3.7621899999999733,3.7621899999999733,0.0,0.029373750003070107,0.029373750003070107,0.09013019531883153,0.08132250000613975,0.005988281250383712,0.029373750003070107,0.005036919934842396,0.0004687194008740391,0.0004687194008740391,0.0,0.9960310871040565,0.004827111831942635,0.004358392431068596,0.9999087607276163,False
16.48,1,476,477,3.7710099999999738,3.7710099999999738,0.0,0.03047625000307019,0.03047625000307019,0.09014250000614013,0.08181140625575639,0.006539531250383729,0.03047625000307019,0.005036919934842396,0.0004682250398255633,0.0004682250398255633,0.0,0.9962113756378028,0.004911074563865123,0.00444284952403956,0.9999127108587705,False
16.519000000000002,1,477,478,3.7791999999999732,3.7791999999999732,0.0,0.03150000000307016,0.01575000000153508,0.09000140625575596,0.08064656250537228,0.007563281250383678,0.01575000000153508,0.005036919934842396,0.000467644316099911,0.000467644316099911,0.0,0.9964484690915218,0.007552291514292039,0.007084647198192128,0.9999146914263253,False
16.564,1,478,479,3.788649999999974,3.788649999999974,0.0,0.01693125000153517,0.01693125000153517,0.09009656250537268,0.08001984375498897,0.005038359375191858,0.01693125000153517,0.005036919934842396,0.0006617743786776257,0.0006617743786776257,0.0,0.9969292144133148,0.005082050745162617,0.004420276366484991,0.9999310780700674,False
16.612000000000002,1,479,480,3.7987299999999733,3.7987299999999733,0.0,0.01819125000153517,0.01819125000153517,0.09009984375498868,0.08380148437979687,0.005277890625191844,0.01819125000153517,0.005036919934842396,0.0005058273700833285,0.0005058273700833285,0.0,0.9957333738103962,0.004404170535798363,0.0038983431657150344,0.9999011369336414,False
16.642,1,480,481,3.8050299999999737,3.8050299999999737,0.0,0.01897875000153523,0.01897875000153523,0.09010148437979715,0.0830156250046053,0.005671640625191856,0.01897875000153523,0.005036919934842396,0.0004688723328744726,0.0004688723328744726,0.0,0.9955692801547,0.0043862824962337295,0.003917410163359257,0.9998971172086696,False
16.676000000000002,1,481,482,3.8121699999999743,3.8121699999999743,0.0,0.019871250001535234,0.019871250001535234,0.09015562500460514,0.08319773437941329,0.005842265625191827,0.019871250001535234,0.005036919934842396,0.00045628967556892157,0.00045628967556892157,0.0,0.9959064561265557,0.0044773770966441695,0.004021087421075248,0.9999054311895188,False
16.709,1,482,483,3.819099999999974,3.819099999999974,0.0,0.0207375000015353,0.0207375000015353,0.09012773437941363,0.08230359375422175,0.006275390625191841,0.0207375000015353,0.005036919934842396,0.00045458227546920184,0.00045458227546920184,0.0,0.9959948297125731,0.0046475685757228005,0.004192986300253599,0.9999076318462994,False
16.746,1,483,484,3.826869999999974,3.826869999999974,0.0,0.02170875000153531,0.02170875000153531,0.09007359375422161,0.08167195312902978,0.007246640625191819,0.02170875000153531,0.005036919934842396,0.00045779028846828254,0.00045779028846828254,0.0,0.9962928640997768,0.0041041709639025,0.0036463806754342175,0.9999123450416925,False
16.786,1,484,485,3.8352699999999738,3.8352699999999738,0.0,0.022758750001535325,0.022758750001535325,0.09007195312902962,0.0806203125038378,0.005952187500383813,0.022758750001535325,0.005036919934842396,0.0004708824962491489,0.0004708824962491489,0.0,0.996762896687096,0.00503997920305814,0.004569096706808991,0.9999265532313383,False
16.831,1,485,486,3.8447199999999744,3.844719999999974,-4.440892098500626e-16,0.023940000001535414,0.023940000001535414,0.09007031250383817,0.08015929687864631,0.006542812500383831,0.023940000001535414,0.005036919934842396,0.0004742532065319378,0.0004742532065319378,0.0,0.99623416911499,0.0052719564713003125,0.004797703264768374,0.9999130429202585,False
16.878,1,486,487,3.854589999999974,3.854589999999974,0.0,0.025173750001535475,0.025173750001535475,0.09002929687864647,0.08445691406605053,0.005572382812595929,0.025173750001535475,0.005036919934842396,0.0004747369253449339,0.0004747369253449339,0.0,0.9965461484652401,0.004871115660901704,0.004396378735556769,0.9999216943341201,False
16.905,1,487,488,3.8602599999999736,3.8602599999999736,0.0,0.025882500001535434,0.025882500001535434,0.09012691406605002,0.08384578125345415,0.005710195312595885,0.025882500001535434,0.005036919934842396,0.0004761476972251564,0.0004761476972251564,0.0,0.9957222542500267,0.00489347437777278,0.0044173266805476235,0.9999014569460603,False
16.935,1,488,489,3.866559999999974,3.866559999999974,0.0,0.026670000001535493,0.026670000001535493,0.0901457812534544,0.08364808594085849,0.0061039453125958975,0.026670000001535493,0.005036919934842396,0.0004766728866543178,0.0004766728866543178,0.0,0.9958650359554745,0.004900118897441845,0.004423446010787527,0.9999049405127364,False
16.966,1,489,490,3.8730699999999736,3.873069999999974,4.440892098500626e-16,0.02748375000153549,0.02748375000153549,0.09015808594085825,0.08284664062826236,0.005338593750191897,0.02748375000153549,0.005036919934842396,0.0004768240692033789,0.0004768240692033789,0.0,0.9961164583235529,0.004895864689141063,0.0044190406199376845,0.9999110762330512,False
17.001,1,490,491,3.8804199999999742,3.8804199999999742,0.0,0.02840250000153553,0.02840250000153553,0.09019664062826241,0.08236019531566655,0.005797968750191896,0.02840250000153553,0.005036919934842396,0.0004763594935234842,0.0004763594935234842,0.0,0.9957060029629691,0.004864230321367515,0.004387870827844031,0.9999010333937686,False
17.038,1,491,492,3.8881899999999745,3.8881899999999745,0.0,0.029373750001535633,0.029373750001535633,0.09013019531566713,0.08132250000307117,0.005988281250191914,0.029373750001535633,0.005036919934842396,0.00047580796944764994,0.00047580796944764994,0.0,0.9960311758681659,0.004895918821562845,0.004420110852115195,0.9999088515988016,False
17.080000000000002,1,492,493,3.897009999999974,3.897009999999974,0.0,0.030476250001535622,0.030476250001535622,0.09014250000307081,0.08181140625287889,0.006539531250191885,0.030476250001535622,0.005036919934842396,0.0004753259741492465,0.0004753259741492465,0.0,0.996211464464003,0.004976778720629314,0.004501452746480068,0.9999128011115682,False
17.119,1,493,494,3.905199999999975,3.905199999999975,0.0,0.03150000000153569,0.015750000000767844,0.09000140625287921,0.08064656250268726,0.007563281250191928,0.015750000000767844,0.005036919934842396,0.00047475050281853406,0.00047475050281853406,0.0,0.9964485583055269,0.007653250874085832,0.007178500371267298,0.9999147750701897,False
17.164,1,494,495,3.914649999999974,3.914649999999974,0.0,0.01693125000076784,0.01693125000076784,0.09009656250268692,0.08001984375249502,0.005038359375095948,0.01693125000076784,0.005036919934842396,0.0006726326510991796,0.0006726326510991796,0.0,0.9969293305587256,0.005175259986563062,0.004502627335463883,0.9999311932513943,False
17.212,1,495,496,3.9247299999999745,3.9247299999999745,0.0,0.018191250000767933,0.018191250000767933,0.09009984375249547,0.08380148437739948,0.005277890625095945,0.018191250000767933,0.005036919934842396,0.0005120102589331456,0.0005120102589331456,0.0,0.9957334446745469,0.004461632408493971,0.003949622149560825,0.9999012078248423,False
17.242,1,496,497,3.931029999999975,3.9310299999999745,-4.440892098500626e-16,0.018978750000767992,0.018978750000767992,0.09010148437739976,0.08301562500230372,0.005671640625095957,0.018978750000767992,0.005036919934842396,0.0004740948910629954,0.0004740948910629954,0.0,0.9955693424196449,0.0044363849281711006,0.003962290037108105,0.9998971800130206,False
17.276,1,497,498,3.9381699999999746,3.9381699999999746,0.0,0.019871250000767997,0.019871250000767997,0.09015562500230356,0.08319773437720762,0.005842265625095952,0.019871250000767997,0.005036919934842396,0.0004616062056471189,0.0004616062056471189,0.0,0.9959065186688515,0.004528062526385761,0.004066456320738642,0.9999054947142952,False
17.309,1,498,499,3.9450999999999743,3.9450999999999743,0.0,0.020737500000767968,0.020737500000767968,0.09012773437720721,0.08230359375211131,0.006275390625095919,0.020737500000767968,0.005036919934842396,0.00046020080834994386,0.00046020080834994386,0.0,0.9959948978663038,0.0047001839589879135,0.00423998315063797,0.9999077017563136,False
17.346,1,499,500,3.952869999999975,3.952869999999975,0.0,0.021708750000768072,0.021708750000768072,0.09007359375211194,0.081671953127016,0.007246640625095991,0.021708750000768072,0.005036919934842396,0.00046422048843973,0.00046422048843973,0.0,0.9962929428560738,0.004162389898877045,0.0036981694104373146,0.9999124251301814,False
17.386,1,500,501,3.9612699999999745,3.9612699999999745,0.0,0.022758750000768088,0.022758750000768088,0.09007195312701582,0.08062031250191992,0.0059521875001920035,0.022758750000768088,0.005036919934842396,0.00047801678554916543,0.00047801678554916543,0.0,0.9967629867087653,0.00510930765956976,0.004631290874020595,0.9999266456686959,False
17.431,1,501,502,3.9707199999999743,3.9707199999999743,0.0,0.023940000000768083,0.023940000000768083,0.09007031250191955,0.08015929687682366,0.006542812500191976,0.023940000000768083,0.005036919934842396,0.0004819741282163543,0.0004819741282163543,0.0,0.9962342657797761,0.005342799501119627,0.0048608253729032725,0.9999131400629495,False
17.478,1,502,503,3.9805899999999745,3.9805899999999745,0.0,0.025173750000768144,0.025173750000768144,0.09002929687682382,0.08445691406427587,0.0055723828125479455,0.025173750000768144,0.005036919934842396,0.0004824716077306934,0.0004824716077306934,0.0,0.9965462451844894,0.004949043322909949,0.004466571715179255,0.9999217914356079,False
17.505,1,503,504,3.986259999999975,3.986259999999975,0.0,0.025882500000768197,0.025882500000768197,0.09012691406427609,0.0838457812517281,0.0057101953125479705,0.025882500000768197,0.005036919934842396,0.0004837641771342178,0.0004837641771342178,0.0,0.9957223493262376,0.004970056192141602,0.004486292015007384,0.9999015525888516,False
17.535,1,504,505,3.9925599999999752,3.992559999999975,-4.440892098500626e-16,0.026670000000768256,0.026670000000768256,0.09014578125172837,0.08364808593918036,0.006103945312547983,0.026670000000768256,0.005036919934842396,0.00048415139520993866,0.00048415139520993866,0.0,0.9958651293398044,0.004975521310589717,0.004491369915379778,0.9999050347195528,False
17.566,1,505,506,3.999069999999975,3.999069999999975,0.0,0.027483750000768255,0.027483750000768255,0.09015808593918012,0.08284664062663213,0.005338593750095992,0.027483750000768255,0.005036919934842396,0.00048417394090498957,0.00048417394090498957,0.0,0.9961165503177211,0.0049702690338772545,0.004486095092972265,0.9999111691247502,False
17.601,1,506,507,4.006419999999975,4.006419999999975,0.0,0.028402500000768292,0.028402500000768292,0.09019664062663221,0.08236019531408426,0.005797968750095991,0.028402500000768292,0.005036919934842396,0.00048363274710026637,0.00048363274710026637,0.0,0.9957060939788311,0.00493829498742541,0.004454662240325143,0.9999011259430816,False
17.638,1,507,508,4.014189999999974,4.014189999999974,0.0,0.029373750000768303,0.029373750000768303,0.09013019531408407,0.08132250000153614,0.005988281250095987,0.029373750000768303,0.005036919934842396,0.0004830462626109994,0.0004830462626109994,0.0,0.9960312664799694,0.004966210320500354,0.004483164057889354,0.9999089444183873,False
17.68,1,508,509,4.023009999999974,4.023009999999974,0.0,0.030476250000768385,0.030476250000768385,0.09014250000153652,0.08181140625144051,0.006539531250096004,0.030476250000768385,0.005036919934842396,0.0004825779451493246,0.0004825779451493246,0.0,0.9962115551590391,0.0050439525338357855,0.004561374588686461,0.9999128935187241,False
17.719,1,509,510,4.031199999999974,4.031199999999974,0.0,0.03150000000076835,0.015750000000384175,0.09000140625144008,0.08064656250134412,0.007563281250095953,0.015750000000384175,0.005036919934842396,0.00048201306300288025,0.00048201306300288025,0.0,0.99644864944181,0.0077562777663259235,0.007274264703323043,0.9999148621593675,False
17.764,1,510,511,4.0406499999999745,4.0406499999999745,0.0,0.016931250000384264,0.016931250000384264,0.09009656250134453,0.08001984375124854,0.005038359375047995,0.016931250000384264,0.005036919934842396,0.0006836994354650317,0.0006836994354650317,0.0,0.9969294482812144,0.005269707949044591,0.00458600851357956,0.9999313100224809,False
17.812,1,511,512,4.050729999999975,4.050729999999975,0.0,0.018191250000384265,0.018191250000384265,0.09009984375124824,0.08380148437620029,0.005277890625047982,0.018191250000384265,0.005036919934842396,0.0005182829735378817,0.0005182829735378817,0.0,0.9957335173697285,0.0045205896485946,0.004002306675056719,0.9999012805586673,False
17.842,1,512,513,4.057029999999974,4.057029999999975,8.881784197001252e-16,0.018978750000384324,0.018978750000384324,0.09010148437620058,0.08301562500115259,0.005671640625047994,0.018978750000384324,0.005036919934842396,0.00047948323446375755,0.00047948323446375755,0.0,0.9955694065191764,0.004488013024985121,0.004008529790521363,0.9998972446712456,False
17.876,1,513,514,4.064169999999975,4.064169999999975,0.0,0.019871250000384328,0.019871250000384328,0.09015562500115243,0.08319773437610445,0.005842265625047965,0.019871250000384328,0.005036919934842396,0.00046706087343184453,0.00046706087343184453,0.0,0.9959065829996658,0.00458010035602191,0.004113039482590066,0.9999055600673208,False
17.909,1,514,515,4.0710999999999755,4.0710999999999755,0.0,0.020737500000384393,0.020737500000384393,0.09012773437610477,0.08230359375105675,0.006275390625047978,0.020737500000384393,0.005036919934842396,0.0004659452055336237,0.0004659452055336237,0.0,0.995994967787023,0.004754149200876169,0.004288203995342545,0.9999077735213641,False
17.946,1,515,516,4.078869999999975,4.078869999999975,0.0,0.021708750000384403,0.021708750000384403,0.09007359375105664,0.08167195312600865,0.0072466406250479565,0.021708750000384403,0.005036919934842396,0.0004707952531456464,0.0004707952531456464,0.0,0.996293023407889,0.004221755290597085,0.003750960037451439,0.9999125077722439,False
17.986,1,516,517,4.087269999999975,4.087269999999975,0.0,0.022758750000384513,0.022758750000384513,0.09007195312600923,0.08062031250096119,0.005952187500096132,0.022758750000384513,0.005036919934842396,0.00048531018961900347,0.00048531018961900347,0.0,0.9967630786186679,0.005179958560562012,0.004694648370943008,0.9999267401226144,False
18.031,1,517,518,4.0967199999999755,4.096719999999976,8.881784197001252e-16,0.023940000000384508,0.023940000000384508,0.09007031250096081,0.08015929687591283,0.0065428125000961046,0.023940000000384508,0.005036919934842396,0.000489862598617858,0.000489862598617858,0.0,0.9962343645131362,0.005414997380300289,0.004925134781682431,0.9999132395661496,False
18.078,1,518,519,4.106589999999976,4.106589999999976,0.0,0.02517375000038457,0.02517375000038457,0.09002929687591298,0.08445691406338898,0.0055723828125239985,0.02517375000038457,0.005036919934842396,0.0004903733354345745,0.0004903733354345745,0.0,0.9965463439778677,0.005028649801683008,0.004538276466248433,0.9999218906162461,False
18.105,1,519,520,4.112259999999976,4.112259999999976,0.0,0.025882500000384622,0.025882500000384622,0.09012691406338919,0.08384578125086517,0.005710195312524,0.025882500000384622,0.005036919934842396,0.0004915426245167562,0.0004915426245167562,0.0,0.9957224464246355,0.00504826094512998,0.004556718320613224,0.9999016502527972,False
18.135,1,520,521,4.118559999999976,4.118559999999976,0.0,0.026670000000384587,0.026670000000384587,0.09014578125086467,0.08364808593834074,0.006103945312523966,0.026670000000384587,0.005036919934842396,0.0004917818206206129,0.0004917818206206129,0.0,0.9958652246092294,0.005052435817890215,0.0045606539972696016,0.9999051308118784,False
18.166,1,521,522,4.125069999999976,4.125069999999976,0.0,0.02748375000038468,0.02748375000038468,0.09015808593834124,0.08284664062581723,0.005338593750048056,0.02748375000038468,0.005036919934842396,0.0004916693335362672,0.0004916693335362672,0.0,0.996116644103636,0.005046109110856664,0.004554439777320397,0.999911263812556,False
18.201,1,522,523,4.132419999999977,4.132419999999977,0.0,0.028402500000384717,0.028402500000384717,0.0901966406258173,0.08236019531329325,0.005797968750048055,0.028402500000384717,0.005036919934842396,0.000491043589252465,0.000491043589252465,0.0,0.9957061866912296,0.005013758823825083,0.004522715234572618,0.9999012202131149,False
18.238,1,523,524,4.140189999999976,4.140189999999976,0.0,0.029373750000384728,0.029373750000384728,0.09013019531329308,0.08132250000076907,0.005988281250048051,0.029373750000384728,0.005036919934842396,0.0004904204273981677,0.0004904204273981677,0.0,0.9960313587650379,0.005037859367720665,0.004547438940322498,0.9999090389920113,False
18.28,1,524,525,4.149009999999976,4.149009999999976,0.0,0.030476250000384716,0.030476250000384716,0.09014250000076872,0.08181140625072073,0.006539531250048022,0.030476250000384716,0.005036919934842396,0.0004899677556725645,0.0004899677556725645,0.0,0.9962116475548357,0.005112486749086438,0.004622518993413874,0.9999129878725677,False
18.319,1,525,526,4.157199999999976,4.1571999999999765,8.881784197001252e-16,0.03150000000038478,0.01575000000019239,0.09000140625072105,0.08064656250067304,0.0075632812500480645,0.01575000000019239,0.005036919934842396,0.0004894187281595286,0.0004894187281595286,0.0,0.9964487423353673,0.007861199535072593,0.007371780806913065,0.9999149523345684,False
18.364,1,526,527,4.166649999999976,4.166649999999976,0.0,0.01693125000019248,0.01693125000019248,0.09009656250067344,0.08001984375062537,0.005038359375024027,0.01693125000019248,0.005036919934842396,0.0006949579449504541,0.0006949579449504541,0.0,0.9969295674416268,0.005365286132975738,0.004670328188025284,0.9999314282414478,False
18.412,1,527,528,4.176729999999976,4.176729999999976,0.0,0.01819125000019248,0.01819125000019248,0.09009984375062509,0.0838014843756011,0.005277890625024013,0.01819125000019248,0.005036919934842396,0.0005246327722650528,0.0005246327722650528,0.0,0.995733591709638,0.0045808860131796025,0.00405625324091455,0.9999013549463185,False
18.442,1,528,529,4.183029999999976,4.183029999999976,0.0,0.01897875000019254,0.01897875000019254,0.09010148437560139,0.08301562500057738,0.005671640625024025,0.01897875000019254,0.005036919934842396,0.00048513805621351125,0.00048513805621351125,0.0,0.9955694722666589,0.004541008054484472,0.004055869998270961,0.9998973109916838,False
18.476,1,529,530,4.190169999999975,4.190169999999975,0.0,0.019871250000192544,0.019871250000192544,0.09015562500057721,0.0831977343755532,0.0058422656250240205,0.019871250000192544,0.005036919934842396,0.00047263606498750666,0.00047263606498750666,0.0,0.9959066489431418,0.004633356747019431,0.004160720682031924,0.9999056270652573,False
18.509,1,530,531,4.197099999999976,4.197099999999976,0.0,0.02073750000019261,0.02073750000019261,0.09012773437555352,0.08230359375052948,0.006275390625024034,0.02073750000019261,0.005036919934842396,0.0004718004392158388,0.0004718004392158388,0.0,0.9959950393192099,0.004809363136216584,0.004337562697000745,0.9999078469699967,False
18.546,1,531,532,4.204869999999977,4.204869999999977,0.0,0.02170875000019262,0.02170875000019262,0.09007359375052935,0.08167195312550535,0.007246640625024012,0.02170875000019262,0.005036919934842396,0.00047750373526373764,0.00047750373526373764,0.0,0.9962931056333763,0.004282224082983819,0.003804720347720081,0.9999125927401092,False
18.586000000000002,1,532,533,4.2132699999999765,4.2132699999999765,0.0,0.022758750000192635,0.022758750000192635,0.09007195312550517,0.08062031250048118,0.00595218750004814,0.022758750000192635,0.005036919934842396,0.0004927556341634662,0.0004927556341634662,0.0,0.9967631723261013,0.005251890327022474,0.004759134692859008,0.9999268364794316,False
18.631,1,533,534,4.222719999999976,4.222719999999976,0.0,0.023940000000192724,0.023940000000192724,0.09007031250048156,0.08015929687545752,0.0065428125000481585,0.023940000000192724,0.005036919934842396,0.0004979102395966503,0.0004979102395966503,0.0,0.9962344652075747,0.005488511388393666,0.004990601148797015,0.9999133412851425,False
18.678,1,534,535,4.232589999999977,4.232589999999977,0.0,0.025173750000192785,0.025173750000192785,0.09002929687545766,0.08445691406294564,0.005572382812512025,0.025173750000192785,0.005036919934842396,0.0004984335334881178,0.0004984335334881178,0.0,0.9965464447318871,0.005109841034315575,0.004611407500827457,0.999921991761292,False
18.705000000000002,1,535,536,4.2382599999999755,4.2382599999999755,0.0,0.025882500000192744,0.025882500000192744,0.09012691406294512,0.08384578125043315,0.005710195312511981,0.025882500000192744,0.005036919934842396,0.0004994733848198234,0.0004994733848198234,0.0,0.9957225454191927,0.005127986253867373,0.004628512869047549,0.9999017498120114,False
18.735,1,536,537,4.244559999999977,4.244559999999977,0.0,0.026670000000192803,0.026670000000192803,0.0901457812504334,0.08364808593792139,0.006103945312511993,0.026670000000192803,0.005036919934842396,0.0004995540476804794,0.0004995540476804794,0.0,0.9958653216364433,0.00513075628947144,0.004631202241790961,0.9999052286587279,False
18.766000000000002,1,537,538,4.2510699999999755,4.2510699999999755,0.0,0.027483750000192802,0.027483750000192802,0.09015808593792116,0.08284664062540917,0.005338593750024061,0.027483750000192802,0.005036919934842396,0.0004992995856523982,0.0004992995856523982,0.0,0.9961167395513303,0.005123277143742458,0.00462397755809006,0.9999113601622703,False
18.801000000000002,1,538,539,4.258419999999976,4.258419999999976,0.0,0.02840250000019284,0.02840250000019284,0.09019664062540923,0.08236019531289726,0.00579796875002406,0.02840250000019284,0.005036919934842396,0.0004985809607205472,0.0004985809607205472,0.0,0.9957062809625824,0.005090493806828387,0.00459191284610784,0.9999013160488517,False
18.838,1,539,540,4.266189999999976,4.266189999999976,0.0,0.02937375000019285,0.02937375000019285,0.09013019531289708,0.08132250000038514,0.005988281250024032,0.02937375000019285,0.005036919934842396,0.0004979194723305578,0.0004979194723305578,0.0,0.9960314525834544,0.005110762552182312,0.004612843079851754,0.999909135163554,False
18.88,1,540,541,4.275009999999977,4.275009999999977,0.0,0.030476250000192932,0.030476250000192932,0.09014250000038554,0.08181140625036144,0.006539531250024049,0.030476250000192932,0.005036919934842396,0.0004974848692562648,0.0004974848692562648,0.0,0.9962117415186096,0.005182289030923194,0.00468480416166693,0.9999130840061642,False
18.919,1,541,542,4.283199999999977,4.283199999999977,0.0,0.031500000000193,0.0157500000000965,0.09000140625036177,0.08064656250033764,0.0075632812500240915,0.0157500000000965,0.005036919934842396,0.000496955723305732,0.000496955723305732,0.0,0.9964488368376961,0.007967843357433682,0.0074708876341279505,0.9999150452889043,False
18.964,1,542,543,4.292649999999977,4.292649999999977,0.0,0.016931250000096494,0.016931250000096494,0.0900965625003373,0.08001984375031324,0.00503835937501203,0.016931250000096494,0.005036919934842396,0.0007063925626259238,0.0007063925626259238,0.0,0.9969296879111007,0.00546189263050733,0.004755500067881406,0.999931547777294,False
19.012,1,543,544,4.302729999999977,4.302729999999977,0.0,0.01819125000009659,0.01819125000009659,0.09009984375031369,0.0838014843753016,0.00527789062501205,0.01819125000009659,0.005036919934842396,0.000531047505552383,0.000531047505552383,0.0,0.9957336675342858,0.004642387394836956,0.004111339889284573,0.9999014308254542,False
19.042,1,544,545,4.309029999999977,4.309029999999977,0.0,0.018978750000096554,0.018978750000096554,0.09010148437530116,0.08301562500028914,0.0056716406250120165,0.018978750000096554,0.005036919934842396,0.0004908922637598164,0.0004908922637598164,0.0,0.9955695395097383,0.004595240416558247,0.00410434815279843,0.9998973788178234,False
19.076,1,545,546,4.3161699999999765,4.3161699999999765,0.0,0.019871250000096652,0.019871250000096652,0.09015562500028973,0.08319773437527767,0.005842265625012034,0.019871250000096652,0.005036919934842396,0.000478316046071811,0.000478316046071811,0.0,0.9959067163541512,0.0046877205040299075,0.004209404457958097,0.9999056955562909,False
19.109,1,546,547,4.323099999999976,4.323099999999976,0.0,0.020737500000096623,0.020737500000096623,0.09012773437527725,0.08230359375026525,0.006275390625012001,0.020737500000096623,0.005036919934842396,0.0004777531107952181,0.0004777531107952181,0.0,0.9959951123288139,0.0048657370429279895,0.004387983932132772,0.9999079219551213,False
19.146,1,547,548,4.330869999999977,4.330869999999977,0.0,0.021708750000096727,0.021708750000096727,0.09007359375026588,0.08167195312525379,0.007246640625012073,0.021708750000096727,0.005036919934842396,0.0004843354854966968,0.0004843354854966968,0.0,0.9962931894124931,0.004343743181864177,0.00385940769636748,0.9999126798255311,False
19.186,1,548,549,4.339269999999977,4.339269999999977,0.0,0.022758750000096743,0.022758750000096743,0.09007195312525361,0.08062031250024154,0.005952187500024167,0.022758750000096743,0.005036919934842396,0.0005003441857235876,0.0005003441857235876,0.0,0.9967632677187428,0.005325043383763085,0.004824699198039498,0.9999269346101686,False
19.231,1,549,550,4.348719999999977,4.348719999999977,0.0,0.023940000000096738,0.023940000000096738,0.09007031250024117,0.08015929687522921,0.0065428125000241396,0.023940000000096738,0.005036919934842396,0.0005061071909847856,0.0005061071909847856,0.0,0.9962345677371274,0.0055632790332234144,0.005057171842238629,0.9999134450624071,False
19.278,1,550,551,4.358589999999976,4.358589999999976,0.0,0.0251737500000968,0.0251737500000968,0.09002929687522937,0.08445691406272339,0.005572382812505986,0.0251737500000968,0.005036919934842396,0.000506641967499785,0.000506641967499785,0.0,0.9965465473148449,0.005192508417927358,0.004685866450427573,0.9999220947373165,False
19.305,1,551,552,4.364259999999977,4.364259999999977,0.0,0.025882500000096852,0.025882500000096852,0.0901269140627236,0.08384578125021758,0.005710195312506011,0.025882500000096852,0.005036919934842396,0.0005075455699942148,0.0005075455699942148,0.0,0.9957226461726815,0.005209121639349029,0.004701576069354814,0.9999018511301352,False
19.335,1,552,553,4.370559999999977,4.370559999999977,0.0,0.02667000000009691,0.02667000000009691,0.09014578125021783,0.08364808593771178,0.006103945312506023,0.02667000000009691,0.005036919934842396,0.0005074577674423605,0.0005074577674423605,0.0,0.9958654202928091,0.005210376926344712,0.004702919158902351,0.9999053281291487,False
19.366,1,553,554,4.377069999999977,4.377069999999977,0.0,0.02748375000009691,0.02748375000009691,0.09015808593771155,0.08284664062520554,0.005338593750012074,0.02748375000009691,0.005036919934842396,0.0005070548620552902,0.0005070548620552902,0.0,0.9961168365355273,0.00520167194608509,0.0046946170840298,0.9999114580472197,False
19.401,1,554,555,4.384419999999977,4.384419999999977,0.0,0.028402500000096947,0.028402500000096947,0.09019664062520559,0.08236019531269959,0.005797968750012073,0.028402500000096947,0.005036919934842396,0.0005062356151366316,0.0005062356151366316,0.0,0.9957063766761174,0.005168391874256877,0.004662156259120245,0.9999014133182526,False
19.438,1,555,556,4.392189999999976,4.392189999999976,0.0,0.029373750000096958,0.029373750000096958,0.09013019531269942,0.08132250000019345,0.005988281250012068,0.029373750000096958,0.005036919934842396,0.0005055342043365572,0.0005055342043365572,0.0,0.9960315478209595,0.005184835989531629,0.004679301785195072,0.9999092328048064,False
19.48,1,556,557,4.401009999999977,4.401009999999977,0.0,0.03047625000009704,0.03047625000009704,0.09014250000019383,0.08181140625018174,0.006539531250012085,0.03047625000009704,0.005036919934842396,0.0005051209310248534,0.0005051209310248534,0.0,0.9962118369426162,0.005253282657542546,0.004748161726517693,0.9999131817787805,False
19.519000000000002,1,557,558,4.409199999999977,4.409199999999977,0.0,0.03150000000009701,0.015750000000048506,0.09000140625018131,0.08064656250016927,0.007563281250012034,0.015750000000048506,0.005036919934842396,0.0005046142094465586,0.0005046142094465586,0.0,0.9964489328248158,0.00807605892253893,0.007571444713092371,0.9999151407662227,False
19.564,1,558,559,4.418649999999976,4.418649999999976,0.0,0.016931250000048595,0.016931250000048595,0.09009656250016967,0.08001984375015761,0.005038359375006036,0.016931250000048595,0.005036919934842396,0.0007179894114381447,0.0007179894114381447,0.0,0.9969298095751847,0.005559431264955943,0.004841441853517798,0.9999316685122063,False
19.612000000000002,1,559,560,4.428729999999977,4.428729999999977,0.0,0.018191250000048596,0.018191250000048596,0.09009984375015731,0.08380148437515131,0.005277890625006022,0.018191250000048596,0.005036919934842396,0.0005375156669402947,0.0005375156669402947,0.0,0.9957337446911821,0.004704966755233814,0.00416745108829352,0.9999015080419659,False
19.642,1,560,561,4.435029999999977,4.435029999999976,-8.881784197001252e-16,0.018978750000048655,0.018978750000048655,0.0901014843751516,0.08301562500014557,0.005671640625006034,0.018978750000048655,0.005036919934842396,0.0004967313034160291,0.0004967313034160291,0.0,0.9955696081040963,0.00465058819458215,0.004153856891166121,0.9998974480027656,False
19.676000000000002,1,561,562,4.442169999999977,4.442169999999977,0.0,0.01987125000004866,0.01987125000004866,0.09015562500014543,0.08319773437513939,0.005842265625006005,0.01987125000004866,0.005036919934842396,0.0004840866264885319,0.0004840866264885319,0.0,0.9959067850978724,0.00474308842564046,0.004259001799151928,0.9999057653995038,False
19.709,1,562,563,4.4490999999999765,4.4490999999999765,0.0,0.020737500000048724,0.020737500000048724,0.09012773437513973,0.08230359375013366,0.006275390625006019,0.020737500000048724,0.005036919934842396,0.00048392580169442586,0.00048392580169442586,0.0,0.9959951866940906,0.004923188144567943,0.004439262342873517,0.9999079983430471,False
19.746,1,563,564,4.456869999999977,4.456869999999977,0.0,0.021708750000048734,0.021708750000048734,0.09007359375013355,0.08167195312512752,0.007246640625005997,0.021708750000048734,0.005036919934842396,0.0004912813997888772,0.0004912813997888772,0.0,0.9962932746389448,0.0044062646612730814,0.003914983261484204,0.999912768849868,False
19.786,1,564,565,4.465269999999977,4.465269999999977,0.0,0.02275875000004875,0.02275875000004875,0.09007195312512735,0.08062031250012136,0.005952187500012169,0.02275875000004875,0.005036919934842396,0.0005080675681862976,0.0005080675681862976,0.0,0.9967633646958476,0.005399363930442595,0.004891296362256298,0.9999270344003872,False
19.831,1,565,566,4.4747199999999765,4.4747199999999765,0.0,0.02394000000004884,0.02394000000004884,0.09007031250012174,0.0801592968751157,0.006542812500012187,0.02394000000004884,0.005036919934842396,0.000514444240713898,0.000514444240713898,0.0,0.9962346719836381,0.00563923693503339,0.005124792694319492,0.9999135507531334,False
19.878,1,566,567,4.484589999999978,4.484589999999978,0.0,0.0251737500000489,0.0251737500000489,0.09002929687511585,0.08445691406261284,0.005572382812503018,0.0251737500000489,0.005036919934842396,0.0005149878777850539,0.0005149878777850539,0.0,0.9965466515888475,0.005276538364557715,0.004761550486772661,0.9999221994050103,False
19.905,1,567,568,4.490259999999976,4.490259999999976,0.0,0.02588250000004886,0.02588250000004886,0.0901269140626123,0.08384578125010936,0.005710195312502974,0.02588250000004886,0.005036919934842396,0.0005157474925404484,0.0005157474925404484,0.0,0.995722748536784,0.005291547594317332,0.004775800101776884,0.9999019540600428,False
19.935,1,568,569,4.4965599999999775,4.4965599999999775,0.0,0.02667000000004892,0.02667000000004892,0.09014578125010961,0.0836480859376066,0.0061039453125029865,0.02667000000004892,0.005036919934842396,0.0005154814969927145,0.0005154814969927145,0.0,0.9958655204337693,0.005291180562533575,0.0047756990655408605,0.9999054290780293,False
19.966,1,569,570,4.503069999999977,4.503069999999977,0.0,0.027483750000048917,0.027483750000048917,0.09015808593760637,0.08284664062510338,0.0053385937500060755,0.027483750000048917,0.005036919934842396,0.0005149232556936962,0.0005149232556936962,0.0,0.9961169349119902,0.00528117716926161,0.004766253913567914,0.9999115573220679,False
20.001,1,570,571,4.510419999999977,4.510419999999977,0.0,0.028402500000048955,0.028402500000048955,0.09019664062510345,0.08236019531260047,0.005797968750006074,0.028402500000048955,0.005036919934842396,0.0005139970388598497,0.0005139970388598497,0.0,0.9957064737010229,0.005247357337427339,0.004733360298567489,0.9999015119048423,False
20.038,1,571,572,4.5181899999999775,4.5181899999999775,0.0,0.02937375000004906,0.02937375000004906,0.09013019531260105,0.08132250000009802,0.005988281250006092,0.02937375000004906,0.005036919934842396,0.0005132546097954603,0.0005132546097954603,0.0,0.996031644353362,0.005259986025971275,0.004746731416175815,0.9999093317787449,False
20.080000000000002,1,572,573,4.5270099999999776,4.5270099999999776,0.0,0.030476250000049047,0.030476250000049047,0.09014250000009766,0.08181140625009156,0.006539531250006063,0.030476250000049047,0.005036919934842396,0.0005128666949923035,0.0005128666949923035,0.0,0.9962119337123695,0.005325391378438515,0.004812524683446212,0.9999132810529547,False
20.119,1,573,574,4.535199999999978,4.535199999999978,0.0,0.031500000000049114,0.015750000000024557,0.0900014062500919,0.08064656250008576,0.007563281250006106,0.015750000000024557,0.005036919934842396,0.0005123849324889837,0.0005123849324889837,0.0,0.996449030182334,0.008185711285943666,0.0076733263534546825,0.9999152385404587,False
20.164,1,574,575,4.544649999999978,4.544649999999978,0.0,0.01693125000002455,0.01693125000002455,0.09009656250008541,0.08001984375007934,0.005038359375003037,0.01693125000002455,0.005036919934842396,0.0007297359840562322,0.0007297359840562322,0.0,0.996929932336057,0.005657822850325199,0.004928086866268967,0.9999317903463816,False
20.212,1,575,576,4.554729999999978,4.554729999999978,0.0,0.018191250000024646,0.018191250000024646,0.09009984375007979,0.0838014843750767,0.005277890625003034,0.018191250000024646,0.005036919934842396,0.0005440271573671098,0.0005440271573671098,0.0,0.9957338230465761,0.004768512598476455,0.004224485441109345,0.9999015864603823,False
20.242,1,576,577,4.5610299999999775,4.561029999999978,8.881784197001252e-16,0.018978750000024705,0.018978750000024705,0.09010148437507698,0.08301562500007387,0.005671640625003046,0.018978750000024705,0.005036919934842396,0.0005026419578876493,0.0005026419578876493,0.0,0.9955696779171257,0.004706939999264602,0.004204298041376953,0.9998975184113471,False
20.276,1,577,578,4.568169999999978,4.568169999999978,0.0,0.01987125000002471,0.01987125000002471,0.09015562500007371,0.08319773437507066,0.005842265625003041,0.01987125000002471,0.005036919934842396,0.0004899343291111965,0.0004899343291111965,0.0,0.995906855046481,0.004799363003194654,0.004309428674083457,0.9999058364621164,False
20.309,1,578,579,4.575099999999978,4.575099999999978,0.0,0.02073750000002468,0.02073750000002468,0.09012773437507025,0.08230359375006727,0.006275390625003008,0.02073750000002468,0.005036919934842396,0.0004901916836105493,0.0004901916836105493,0.0,0.9959952622972339,0.004981632892661722,0.004491441209051173,0.999908076005811,False
20.346,1,579,580,4.5828699999999785,4.5828699999999785,0.0,0.021708750000024785,0.021708750000024785,0.0900735937500679,0.08167195312506487,0.00724664062500308,0.021708750000024785,0.005036919934842396,0.0004983323250081757,0.0004983323250081757,0.0,0.9962933612060481,0.0044697343747616,0.003971402049753424,0.9999128596460941,False
20.386,1,580,581,4.591269999999978,4.591269999999978,0.0,0.0227587500000248,0.0227587500000248,0.09007195312506469,0.0806203125000617,0.005952187500006182,0.0227587500000248,0.005036919934842396,0.0005159177415207508,0.0005159177415207508,0.0,0.9967634631602332,0.005474797768449134,0.004958880026928384,0.9999271357412122,False
20.431,1,581,582,4.600719999999979,4.600719999999979,0.0,0.02394000000002489,0.02394000000002489,0.09007031250006206,0.080159296875059,0.0065428125000062,0.02394000000002489,0.005036919934842396,0.0005229131317703412,0.0005229131317703412,0.0,0.9962347778437978,0.005716331144761375,0.005193418012991034,0.9999136582318024,False
20.478,1,582,583,4.610589999999978,4.610589999999978,0.0,0.025173750000024857,0.025173750000024857,0.09002929687505842,0.08445691406255693,0.0055723828125014896,0.025173750000024857,0.005036919934842396,0.000523461857071117,0.000523461857071117,0.0,0.996546757435852,0.005361833875409991,0.004838372018338874,0.9999223056451891,False
20.505,1,583,584,4.616259999999978,4.616259999999978,0.0,0.02588250000002491,0.02588250000002491,0.09012691406255713,0.08384578125005562,0.0057101953125015155,0.02588250000002491,0.005036919934842396,0.0005240689000930032,0.0005240689000930032,0.0,0.9957228523825178,0.005375161118025058,0.004851092217932055,0.999902058474446,False
20.535,1,584,585,4.622559999999979,4.622559999999979,0.0,0.02667000000002497,0.02667000000002497,0.09014578125005587,0.08364808593755432,0.006103945312501528,0.02667000000002497,0.005036919934842396,0.0005236155778262156,0.0005236155778262156,0.0,0.9958656219383886,0.005373071193941752,0.004849455616115536,0.9999055313870908,False
20.566,1,585,586,4.629069999999978,4.629069999999978,0.0,0.027483750000024967,0.027483750000024967,0.09015808593755409,0.08284664062505256,0.005338593750003081,0.027483750000024967,0.005036919934842396,0.0005228944762323479,0.0005228944762323479,0.0,0.9961170345516654,0.005361689584879092,0.004838795108646744,0.9999116578583014,False
20.601,1,586,587,4.636419999999978,4.636419999999978,0.0,0.028402500000025005,0.028402500000025005,0.09019664062505263,0.08236019531255112,0.00579796875000308,0.028402500000025005,0.005036919934842396,0.0005218559043278442,0.0005218559043278442,0.0,0.995706571921129,0.00532729006356833,0.004805434159240485,0.9999016116855601,False
20.638,1,587,588,4.644189999999978,4.644189999999978,0.0,0.029373750000025015,0.029373750000025015,0.09013019531255095,0.08132250000004948,0.005988281250003052,0.029373750000025015,0.005036919934842396,0.0005210717633231143,0.0005210717633231143,0.0,0.9960317420694245,0.005336127046760418,0.0048150552834373035,0.9999094319617937,False
20.68,1,588,589,4.653009999999979,4.653009999999979,0.0,0.030476250000025098,0.030476250000025098,0.09014250000004986,0.08181140625004675,0.006539531250003069,0.030476250000025098,0.005036919934842396,0.0005207136975507282,0.0005207136975507282,0.0,0.9962120317209198,0.0053985434744469665,0.0048778297768962385,0.9999133817027329,False
20.719,1,589,590,4.661199999999978,4.661199999999978,0.0,0.031500000000025064,0.015750000000012532,0.09000140625004632,0.08064656250004328,0.007563281250003018,0.015750000000012532,0.005036919934842396,0.0005202598671358068,0.0005202598671358068,0.0,0.9964491288090176,0.008296678316331402,0.007776418449195595,0.9999153384154384,False
20.764,1,590,591,4.670649999999979,4.670649999999979,0.0,0.01693125000001262,0.01693125000001262,0.09009656250004368,0.08001984375004059,0.00503835937500154,0.01693125000001262,0.005036919934842396,0.0007416196401075378,0.0007416196401075378,0.0,0.9969300560976828,0.005756988935755658,0.00501536929564812,0.9999319131821368,False
20.812,1,591,592,4.680729999999978,4.680729999999978,0.0,0.01819125000001262,0.01819125000001262,0.0900998437500403,0.08380148437503881,0.0052778906250015144,0.01819125000001262,0.005036919934842396,0.0005505723358973596,0.0005505723358973596,0.0,0.9957339024772321,0.004832922704594667,0.004282350368697308,0.9999016659563525,False
20.842,1,592,593,4.687029999999979,4.687029999999979,0.0,0.01897875000001268,0.01897875000001268,0.09010148437503909,0.08301562500003756,0.005671640625001527,0.01897875000001268,0.005036919934842396,0.0005086123470467011,0.0005086123470467011,0.0,0.9955697488300106,0.004764197012250032,0.004255584665203331,0.9998975899240473,False
20.876,1,593,594,4.694169999999978,4.694169999999978,0.0,0.019871250000012684,0.019871250000012684,0.0901556250000374,0.08319773437503589,0.005842265625001498,0.019871250000012684,0.005036919934842396,0.0004958480471235938,0.0004958480471235938,0.0,0.9959069260927272,0.0048564621354657694,0.004360614088342176,0.9999059086318736,False
20.909,1,594,595,4.701099999999979,4.701099999999979,0.0,0.02073750000001275,0.02073750000001275,0.09012773437503623,0.08230359375003467,0.006275390625001511,0.02073750000001275,0.005036919934842396,0.0004965303216399453,0.0004965303216399453,0.0,0.9959953390443658,0.005041005224337362,0.004544474902697417,0.9999081548409331,False
20.946,1,595,596,4.708869999999978,4.708869999999978,0.0,0.02170875000001276,0.02170875000001276,0.09007359375003454,0.08167195312503303,0.007246640625001489,0.02170875000001276,0.005036919934842396,0.0005054808895695156,0.0005054808895695156,0.0,0.99629344902985,0.004534111226347573,0.004028630336778058,0.9999129520808356,False
20.986,1,596,597,4.71726999999998,4.71726999999998,0.0,0.02275875000001287,0.02275875000001287,0.0900719531250336,0.08062031250003203,0.005952187500003221,0.02275875000001287,0.005036919934842396,0.0005238881545486176,0.0005238881545486176,0.0,0.9967635630343725,0.005551302195562512,0.005027414041013894,0.9999272385456193,False
21.031,1,597,598,4.726719999999979,4.726719999999979,0.0,0.023940000000012864,0.023940000000012864,0.09007031250003165,0.08015929687503012,0.006542812500003194,0.023940000000012864,0.005036919934842396,0.0005315070354503674,0.0005315070354503674,0.0,0.9962348852303669,0.005794514870923445,0.005263007835473078,0.9999137673944976,False
21.078,1,598,599,4.736589999999978,4.736589999999978,0.0,0.025173750000012925,0.025173750000012925,0.09002929687503028,0.08445691406252952,0.0055723828125007644,0.025173750000012925,0.005036919934842396,0.0005320556041442445,0.0005320556041442445,0.0,0.996546864750794,0.00544830835885117,0.004916252754706926,0.9999224133518096,False
21.105,1,599,600,4.742259999999979,4.742259999999979,0.0,0.02588250000001298,0.02588250000001298,0.09012691406252973,0.08384578125002894,0.005710195312500766,0.02588250000001298,0.005036919934842396,0.0005325008445201072,0.0005325008445201072,0.0,0.9957229575937114,0.005459868877323207,0.004927368032803099,0.9999021642579647,False
21.135,1,600,601,4.748559999999978,4.748559999999978,0.0,0.026670000000012944,0.026670000000012944,0.09014578125002845,0.08364808593752775,0.006103945312500732,0.026670000000012944,0.005036919934842396,0.0005318515857770706,0.0005318515857770706,0.0,0.9958657247014718,0.005455959794303168,0.004924108208526097,0.9999056349466218,False
21.166,1,601,602,4.755069999999979,4.755069999999979,0.0,0.027483750000013036,0.027483750000013036,0.09015808593752825,0.08284664062502747,0.005338593750001601,0.027483750000013036,0.005036919934842396,0.0005309590578883762,0.0005309590578883762,0.0,0.9961171353383586,0.0054431166768819025,0.004912157618993526,0.9999117595403682,False
21.201,1,602,603,4.762419999999979,4.762419999999979,0.0,0.028402500000013074,0.028402500000013074,0.09019664062502754,0.08236019531252674,0.0057979687500016,0.028402500000013074,0.005036919934842396,0.0005298040026288712,0.0005298040026288712,0.0,0.9957066712351833,0.005408103678068755,0.004878299675439884,0.9999017125544151,False
21.238,1,603,604,4.770189999999978,4.770189999999979,8.881784197001252e-16,0.029373750000013084,0.029373750000013084,0.09013019531252657,0.08132250000002579,0.005988281250001596,0.029373750000013084,0.005036919934842396,0.0005289779219140473,0.0005289779219140473,0.0,0.9960318408734965,0.00541318419299628,0.0048842062710822325,0.9999095332473122,False
21.28,1,604,605,4.779009999999978,4.779009999999978,0.0,0.030476250000013073,0.030476250000013073,0.09014250000002544,0.0818114062500239,0.006539531250001567,0.030476250000013073,0.005036919934842396,0.0005286541028322185,0.0005286541028322185,0.0,0.9962121308705968,0.00547267233938753,0.0049440182365553115,0.9999134836143965,False
21.319,1,605,606,4.787199999999979,4.787199999999979,0.0,0.031500000000013136,0.015750000000006568,0.09000140625002422,0.08064656250002265,0.0075632812500016095,0.015750000000006568,0.005036919934842396,0.000528231672137871,0.000528231672137871,0.0,0.9964492286147976,0.008408846925448537,0.007880615253310666,0.9999154402196466,False
21.364,1,606,607,4.796649999999979,4.796649999999979,0.0,0.016931250000006656,0.016931250000006656,0.09009656250002306,0.08001984375002147,0.005038359375000799,0.016931250000006656,0.005036919934842396,0.0007536297857771986,0.0007536297857771986,0.0,0.9969301807822397,0.005856867696621693,0.005103237910844494,0.999932036941682,False
21.412,1,607,608,4.806729999999979,4.806729999999979,0.0,0.018191250000006657,0.018191250000006657,0.09009984375002117,0.08380148437502041,0.005277890625000786,0.018191250000006657,0.005036919934842396,0.0005571433821198235,0.0005571433821198235,0.0,0.9957339828826667,0.004898113356582991,0.004340969974463168,0.9999017464283882,False
21.442,1,608,609,4.81302999999998,4.813029999999979,-8.881784197001252e-16,0.018978750000006716,0.018978750000006716,0.09010148437502069,0.08301562500001991,0.005671640625000798,0.018978750000006716,0.005036919934842396,0.0005146322476355827,0.0005146322476355827,0.0,0.9955698207435084,0.004822277094542967,0.004307644846907384,0.9998976624415553,False
21.476,1,609,610,4.820169999999979,4.820169999999979,0.0,0.01987125000000672,0.01987125000000672,0.09015562500001975,0.08319773437501896,0.0058422656250007934,0.01987125000000672,0.005036919934842396,0.0005018180177288363,0.0005018180177288363,0.0,0.9959069981460529,0.0049143170578465,0.004412499040117664,0.9999059818143939,False
21.509,1,610,611,4.827099999999979,4.827099999999979,0.0,0.020737500000006785,0.020737500000006785,0.09012773437501928,0.08230359375001846,0.006275390625000807,0.020737500000006785,0.005036919934842396,0.0005029329963820064,0.0005029329963820064,0.0,0.9959954168544065,0.005101247254255141,0.004598314257873134,0.9999082347605766,False
21.546,1,611,612,4.834869999999979,4.834869999999979,0.0,0.021708750000006796,0.021708750000006796,0.09007359375001833,0.08167195312501754,0.007246640625000785,0.021708750000006796,0.005036919934842396,0.0005127208399274893,0.0005127208399274893,0.0,0.9962935380351303,0.004599355656768375,0.004086634816840886,0.9999130460367499,False
21.586000000000002,1,612,613,4.843269999999979,4.843269999999979,0.0,0.02275875000000681,0.02275875000000681,0.09007195312501738,0.08062031250001664,0.005952187500001684,0.02275875000000681,0.005036919934842396,0.0005319726177431682,0.0005319726177431682,0.0,0.9967636642453487,0.005628835632186711,0.005096863014443544,0.9999273427327059,False
21.631,1,613,614,4.852719999999979,4.852719999999979,0.0,0.0239400000000069,0.0239400000000069,0.090070312500017,0.08015929687501619,0.006542812500001703,0.0239400000000069,0.005036919934842396,0.0005402208020828799,0.0005402208020828799,0.0,0.9962349940774035,0.005873747268977436,0.005333526466894556,0.9999138781642265,False
21.678,1,614,615,4.8625899999999795,4.8625899999999795,0.0,0.02517375000000696,0.02517375000000696,0.09002929687501635,0.08445691406251593,0.005572382812500412,0.02517375000000696,0.005036919934842396,0.000540760806146813,0.000540760806146813,0.0,0.9965469734305559,0.005535877273507676,0.0049951164673608635,0.9999225224205222,False
21.705000000000002,1,615,616,4.868259999999979,4.868259999999979,0.0,0.02588250000000692,0.02588250000000692,0.0901269140625154,0.08384578125001504,0.005710195312500368,0.02588250000000692,0.005036919934842396,0.0005410340799409344,0.0005410340799409344,0.0,0.995723064057356,0.0055455797293344,0.005004545649393466,0.9999022712978656,False
21.735,1,616,617,4.874559999999979,4.874559999999979,0.0,0.02667000000000698,0.02667000000000698,0.0901457812500153,0.0836480859375149,0.00610394531250038,0.02667000000000698,0.005036919934842396,0.0005401809272749657,0.0005401809272749657,0.0,0.9958658286140768,0.005539758492807349,0.004999577565532384,0.9999057396472681,False
21.766000000000002,1,617,618,4.881069999999979,4.881069999999979,0.0,0.02748375000000698,0.02748375000000698,0.09015808593751468,0.08284664062501429,0.005338593750000833,0.02748375000000698,0.005036919934842396,0.0005391080336205922,0.0005391080336205922,0.0,0.9961172371598009,0.005525368984750825,0.004986260951130233,0.9999118622565488,False
21.801000000000002,1,618,619,4.888419999999979,4.888419999999979,0.0,0.028402500000007016,0.028402500000007016,0.09019664062501435,0.082360195312514,0.005797968750000832,0.028402500000007016,0.005036919934842396,0.0005378336990711434,0.0005378336990711434,0.0,0.9957067715474702,0.005489718111186814,0.004951884412115671,0.9999018144128495,False
21.838,1,619,620,4.896189999999979,4.896189999999979,0.0,0.02937375000000712,0.02937375000000712,0.09013019531251457,0.08132250000001415,0.00598828125000085,0.02937375000000712,0.005036919934842396,0.0005369661320580437,0.0005369661320580437,0.0,0.9960319406781862,0.005491088352589241,0.004954122220531197,0.9999096355382403,False
21.88,1,620,621,4.905009999999979,4.905009999999979,0.0,0.03047625000000711,0.03047625000000711,0.09014250000001378,0.08181140625001293,0.006539531250000821,0.03047625000000711,0.005036919934842396,0.0005366803327383573,0.0005366803327383573,0.0,0.9962122310674273,0.00554771294050118,0.005011032607762823,0.9999135866805015,False
21.919,1,621,622,4.913199999999979,4.913199999999979,0.0,0.031500000000007175,0.015750000000003588,0.09000140625001327,0.08064656250001237,0.007563281250000864,0.015750000000003588,0.005036919934842396,0.0005362939141196492,0.0005362939141196492,0.0,0.9964493295176567,0.008522110437283669,0.007985816523164019,0.9999155438002504,False
21.964000000000002,1,622,623,4.9226499999999795,4.9226499999999795,0.0,0.016931250000003582,0.016931250000003582,0.09009656250001202,0.0800198437500112,0.005038359375000416,0.016931250000003582,0.005036919934842396,0.0007657536850078046,0.0007657536850078046,0.0,0.9969303063036306,0.005957386970264121,0.005191633285256316,0.9999321615388356,False
22.012,1,623,624,4.93272999999998,4.93272999999998,0.0,0.018191250000003677,0.018191250000003677,0.09009984375001165,0.08380148437501117,0.005277890625000412,0.018191250000003677,0.005036919934842396,0.0005637325513614606,0.0005637325513614606,0.0,0.9957340641623438,0.00496400144723844,0.004400268895876979,0.999901827775104,False
22.042,1,624,625,4.939029999999979,4.939029999999979,0.0,0.018978750000003642,0.018978750000003642,0.09010148437501071,0.0830156250000103,0.005671640625000378,0.018978750000003642,0.005036919934842396,0.0005206919430472316,0.0005206919430472316,0.0,0.9955698935599097,0.004881099822691092,0.0043604078796438605,0.999897735866033,False
22.076,1,625,626,4.94616999999998,4.94616999999998,0.0,0.01987125000000374,0.01987125000000374,0.0901556250000109,0.08319773437501048,0.00584226562500042,0.01987125000000374,0.005036919934842396,0.0005078353109541921,0.0005078353109541921,0.0,0.9959070711202108,0.004972862195989344,0.004465026885035152,0.9999060559199932,False
22.109,1,626,627,4.95309999999998,4.95309999999998,0.0,0.02073750000000371,0.02073750000000371,0.09012773437501007,0.0823035937500097,0.006275390625000387,0.02073750000000371,0.005036919934842396,0.0005093913045174479,0.0005093913045174479,0.0,0.9959954956482417,0.005162302636883526,0.004652911332366077,0.9999083156807396,False
22.146,1,627,628,4.96086999999998,4.96086999999998,0.0,0.021708750000003815,0.021708750000003815,0.09007359375001033,0.08167195312500987,0.007246640625000459,0.021708750000003815,0.005036919934842396,0.0005200456681062019,0.0005200456681062019,0.0,0.996293628145747,0.0046654240084879235,0.004145378340381722,0.9999131414012554,False
22.186,1,628,629,4.96926999999998,4.96926999999998,0.0,0.02275875000000383,0.02275875000000383,0.0900719531250097,0.08062031250000927,0.005952187500000939,0.02275875000000383,0.005036919934842396,0.0005401649139962465,0.0005401649139962465,0.0,0.9967637667218563,0.005707354176812972,0.005167189262816725,0.9999274482234134,False
22.231,1,629,630,4.97871999999998,4.97871999999998,0.0,0.023940000000003826,0.023940000000003826,0.0900703125000089,0.08015929687500856,0.006542812500000912,0.023940000000003826,0.005036919934842396,0.0005490493760743998,0.0005490493760743998,0.0,0.9962351043213479,0.005953983520434636,0.005404934144360236,0.9999139904589939,False
22.278,1,630,631,4.988589999999979,4.988589999999979,0.0,0.025173750000003887,0.025173750000003887,0.09002929687500871,0.08445691406250852,0.005572382812500179,0.025173750000003887,0.005036919934842396,0.0005495694031541223,0.0005495694031541223,0.0,0.9965470833726042,0.005624456235643671,0.0050748868324895485,0.9999226327474913,False
22.305,1,631,632,4.994259999999979,4.994259999999979,0.0,0.02588250000000394,0.02588250000000394,0.09012691406250874,0.08384578125000854,0.005710195312500204,0.02588250000000394,0.005036919934842396,0.0005496599840749328,0.0005496599840749328,0.0,0.995723171661493,0.005632202723653765,0.005082542739578832,0.9999023794810088,False
22.335,1,632,633,5.000559999999981,5.000559999999981,0.0,0.026670000000004,0.026670000000004,0.09014578125000877,0.08364808593750854,0.006103945312500216,0.026670000000004,0.005036919934842396,0.0005485947641103605,0.0005485947641103605,0.0,0.9958659335673979,0.005624379857091091,0.005075785092980731,0.999905845379865,False
22.366,1,633,634,5.007069999999979,5.007069999999979,0.0,0.027483750000003998,0.027483750000003998,0.0901580859375083,0.0828466406250081,0.00533859375000046,0.027483750000003998,0.005036919934842396,0.000547332384241145,0.000547332384241145,0.0,0.9961173399064545,0.005608358616831101,0.005061026232589956,0.9999119658967,False
22.401,1,634,635,5.01441999999998,5.01441999999998,0.0,0.028402500000004036,0.028402500000004036,0.09019664062500815,0.08236019531250796,0.005797968750000459,0.028402500000004036,0.005036919934842396,0.0005459375269079956,0.0005459375269079956,0.0,0.99570687276487,0.0055720577833850374,0.005026120256477042,0.9999019171671983,False
22.438,1,635,636,5.02218999999998,5.02218999999998,0.0,0.029373750000004046,0.029373750000004046,0.0901301953125078,0.08132250000000762,0.005988281250000454,0.029373750000004046,0.005036919934842396,0.0005450297784292983,0.0005450297784292983,0.0,0.9960320414035683,0.0055697768802696335,0.005024747101840335,0.9999097387466436,False
22.48,1,636,637,5.03100999999998,5.031009999999981,8.881784197001252e-16,0.03047625000000413,0.03047625000000413,0.09014250000000801,0.08181140625000752,0.006539531250000471,0.03047625000000413,0.005036919934842396,0.0005447852159054067,0.0005447852159054067,0.0,0.9962123322239878,0.0056236038085977075,0.0050788185926923,0.9999136908012426,False
22.519000000000002,1,637,638,5.03919999999998,5.03919999999998,0.0,0.0315000000000041,0.01575000000000205,0.0900014062500071,0.08064656250000668,0.00756328125000042,0.01575000000000205,0.005036919934842396,0.0005444410684542678,0.0005444410684542678,0.0,0.9964494314476763,0.008636367862438023,0.008091926793983755,0.9999156490152717,False
22.564,1,638,639,5.04864999999998,5.04864999999998,0.0,0.01693125000000214,0.01693125000000214,0.09009656250000708,0.08001984375000662,0.005038359375000229,0.01693125000000214,0.005036919934842396,0.0007779798146003877,0.0007779798146003877,0.0,0.9969304325783284,0.00605847969701926,0.0052804998824188725,0.999932286445186,False
22.612000000000002,1,639,640,5.058729999999979,5.058729999999979,0.0,0.01819125000000214,0.01819125000000214,0.09009984375000632,0.08380148437500615,0.005277890625000215,0.01819125000000214,0.005036919934842396,0.0005703323544151264,0.0005703323544151264,0.0,0.9957341462203729,0.005030507840526471,0.004460175486111345,0.9999019099000817,False
22.642,1,640,641,5.06502999999998,5.06502999999998,0.0,0.0189787500000022,0.0189787500000022,0.09010148437500642,0.08301562500000621,0.005671640625000227,0.0189787500000022,0.005036919934842396,0.0005267822152522705,0.0005267822152522705,0.0,0.9955699671826191,0.004940586580244755,0.0044138043649924845,0.9998978101019602,False
22.676000000000002,1,641,642,5.072169999999979,5.072169999999979,0.0,0.019871250000002203,0.019871250000002203,0.09015562500000605,0.08319773437500583,0.005842265625000198,0.019871250000002203,0.005036919934842396,0.0005138916830822999,0.0005138916830822999,0.0,0.9959071449309991,0.005032033751891457,0.004518142068809157,0.9999061308619398,False
22.709,1,642,643,5.07909999999998,5.07909999999998,0.0,0.020737500000002268,0.020737500000002268,0.09012773437500617,0.0823035937500059,0.006275390625000212,0.020737500000002268,0.005036919934842396,0.0005158976932854814,0.0005158976932854814,0.0,0.9959955753495976,0.0052241168209041094,0.004708219127618628,0.9999083975227018,False
22.746000000000002,1,643,644,5.08686999999998,5.08686999999998,0.0,0.02170875000000228,0.02170875000000228,0.09007359375000579,0.08167195312500558,0.00724664062500019,0.02170875000000228,0.005036919934842396,0.0005274501963375283,0.0005274501963375283,0.0,0.9962937192996553,0.004732279788186206,0.004204829591848678,0.9999132381120477,False
22.786,1,644,645,5.09526999999998,5.09526999999998,0.0,0.022758750000002295,0.022758750000002295,0.0900719531250054,0.08062031250000523,0.005952187500000555,0.022758750000002295,0.005036919934842396,0.0005484596090074203,0.0005484596090074203,0.0,0.996763870398658,0.005786819078962328,0.005238359469954908,0.9999275549463594,False
22.831,1,645,646,5.10471999999998,5.10471999999998,0.0,0.023940000000002383,0.023940000000002383,0.09007031250000559,0.08015929687500536,0.006542812500000573,0.023940000000002383,0.005036919934842396,0.0005579877430753568,0.0005579877430753568,0.0,0.9962352158968739,0.006035189873213276,0.005477202130137919,0.9999141042018057,False
22.878,1,646,647,5.11458999999998,5.11458999999998,0.0,0.025173750000002444,0.025173750000002444,0.09002929687500552,0.08445691406250541,0.005572382812500115,0.025173750000002444,0.005036919934842396,0.0005584743652374881,0.0005584743652374881,0.0,0.9965471944903497,0.005713974047638182,0.005155499682400693,0.9999227442449535,False
22.905,1,647,648,5.12025999999998,5.12025999999998,0.0,0.025882500000002404,0.025882500000002404,0.09012691406250488,0.08384578125000483,0.0057101953125000705,0.025882500000002404,0.005036919934842396,0.0005583709024350542,0.0005583709024350542,0.0,0.9957232803125717,0.005719660294779438,0.005161289392344384,0.9999024887112438,False
22.935,1,648,649,5.12655999999998,5.12655999999998,0.0,0.026670000000002463,0.026670000000002463,0.09014578125000508,0.08364808593750497,0.006103945312500083,0.026670000000002463,0.005036919934842396,0.0005570855064046786,0.0005570855064046786,0.0,0.9958660394689727,0.005709749293132657,0.005152663786727979,0.9999059520506975,False
22.966,1,649,650,5.13306999999998,5.13306999999998,0.0,0.02748375000000246,0.02748375000000246,0.09015808593750474,0.08284664062500466,0.0053385937500002685,0.02748375000000246,0.005036919934842396,0.0005556247115401568,0.0005556247115401568,0.0,0.9961174434866176,0.005692010970349375,0.005136386258809218,0.9999120703671431,False
23.001,1,650,651,5.140419999999979,5.140419999999979,0.0,0.0284025000000025,0.0284025000000025,0.09019664062500474,0.08236019531250466,0.005797968750000267,0.0284025000000025,0.005036919934842396,0.0005541091725906823,0.0005541091725906823,0.0,0.9957069748093524,0.005655060832543617,0.0051009516599529355,0.9999020207409566,False
23.038,1,651,652,5.14818999999998,5.14818999999998,0.0,0.029373750000002603,0.029373750000002603,0.09013019531250524,0.08132250000000511,0.005988281250000285,0.029373750000002603,0.005036919934842396,0.0005531638613148755,0.0005531638613148755,0.0,0.9960321429858269,0.005649201251802509,0.005096037390487633,0.999909842805137,False
23.080000000000002,1,652,653,5.15700999999998,5.15700999999998,0.0,0.03047625000000259,0.03047625000000259,0.09014250000000476,0.08181140625000445,0.006539531250000256,0.03047625000000259,0.005036919934842396,0.000552963090920037,0.000552963090920037,0.0,0.9962124342692724,0.005700293158807664,0.005147330067887626,0.9999137958937194,False
23.119,1,653,654,5.16519999999998,5.165199999999981,8.881784197001252e-16,0.03150000000000266,0.01575000000000133,0.09000140625000477,0.08064656250000446,0.007563281250000299,0.01575000000000133,0.005036919934842396,0.0005526689117325055,0.0005526689117325055,0.0,0.9964495343562189,0.008751539439099638,0.008198870527367133,0.9999157557530826,False
23.164,1,654,655,5.17464999999998,5.17464999999998,0.0,0.016931250000001324,0.016931250000001324,0.09009656250000411,0.08001984375000384,0.0050383593750001334,0.016931250000001324,0.005036919934842396,0.0007902976020875764,0.0007902976020875764,0.0,0.9969305595237451,0.0061600798212591845,0.005369782219171608,0.9999324113859609,False
23.212,1,655,656,5.1847299999999805,5.1847299999999805,0.0,0.018191250000001418,0.018191250000001418,0.0900998437500043,0.08380148437500412,0.00527789062500013,0.018191250000001418,0.005036919934842396,0.0005772964735747616,0.0005772964735747616,0.0,0.9957342289725375,0.0050975633228336655,0.004520266849258904,0.9999019927191132,False
23.242,1,656,657,5.19102999999998,5.19102999999998,0.0,0.018978750000001477,0.018978750000001477,0.0901014843750044,0.08301562500000419,0.005671640625000142,0.018978750000001477,0.005036919934842396,0.0005328952177766586,0.0005328952177766586,0.0,0.9955700415297897,0.005000670200676311,0.004467774982899652,0.9998978850673219,False
23.276,1,657,658,5.19816999999998,5.19816999999998,0.0,0.01987125000000148,0.01987125000000148,0.09015562500000403,0.08319773437500388,0.005842265625000138,0.01987125000000148,0.005036919934842396,0.0005199801614054579,0.0005199801614054579,0.0,0.9959072195111085,0.005091780851355636,0.004571800689950178,0.9999062065708496,False
23.309,1,658,659,5.20509999999998,5.20509999999998,0.0,0.020737500000001453,0.020737500000001453,0.09012773437500347,0.0823035937500034,0.006275390625000105,0.020737500000001453,0.005036919934842396,0.0005224459451286471,0.0005224459451286471,0.0,0.9959956558956735,0.005287118393324616,0.004764672448195969,0.99990848022366,False
23.346,1,659,660,5.212869999999981,5.212869999999981,0.0,0.021708750000001557,0.021708750000001557,0.09007359375000402,0.0816719531250039,0.007246640625000177,0.021708750000001557,0.005036919934842396,0.0005349310715737349,0.0005349310715737349,0.0,0.9962938114604138,0.004799894315169886,0.004264963243596151,0.9999133360804942,False
23.386,1,660,661,5.221269999999981,5.221269999999981,0.0,0.022758750000001573,0.022758750000001573,0.09007195312500371,0.08062031250000362,0.005952187500000375,0.022758750000001573,0.005036919934842396,0.0005568521570040313,0.0005568521570040313,0.0,0.9967639752247895,0.00586719909606466,0.005310346939060628,0.9999276628443772,False
23.431,1,661,662,5.23071999999998,5.23071999999998,0.0,0.02394000000000166,0.02394000000000166,0.090070312500004,0.08015929687500384,0.006542812500000393,0.02394000000000166,0.005036919934842396,0.0005670309358343693,0.0005670309358343693,0.0,0.9962353287440605,0.00611733598009833,0.005550305044263961,0.9999142193228465,False
23.478,1,662,663,5.2405899999999805,5.24058999999998,-8.881784197001252e-16,0.02517375000000163,0.02517375000000163,0.09002929687500325,0.08445691406250322,0.0055723828125000385,0.02517375000000163,0.005036919934842396,0.0005674690622126269,0.0005674690622126269,0.0,0.9965473067012758,0.005804363045832733,0.005236893983620107,0.9999228568295988,False
23.505,1,663,664,5.24625999999998,5.24625999999998,0.0,0.025882500000001682,0.025882500000001682,0.09012691406250342,0.08384578125000336,0.0057101953125000635,0.025882500000001682,0.005036919934842396,0.0005671596836399658,0.0005671596836399658,0.0,0.9957233899216094,0.005807878135858979,0.005240718452219013,0.999902598896026,False
23.535,1,664,665,5.25255999999998,5.252559999999981,8.881784197001252e-16,0.02667000000000174,0.02667000000000174,0.09014578125000361,0.0836480859375035,0.006103945312500076,0.02667000000000174,0.005036919934842396,0.0005656462282448004,0.0005656462282448004,0.0,0.9958661462290433,0.005795794447245088,0.005230148219000288,0.9999060595693924,False
23.566,1,665,666,5.25906999999998,5.25906999999998,0.0,0.02748375000000174,0.02748375000000174,0.09015808593750327,0.0828466406250032,0.005338593750000178,0.02748375000000174,0.005036919934842396,0.0005639780963374049,0.0005639780963374049,0.0,0.996117547815116,0.005776254732461329,0.005212276636123924,0.9999121755786619,False
23.601,1,666,667,5.266419999999981,5.266419999999981,0.0,0.028402500000001777,0.028402500000001777,0.09019664062500327,0.08236019531250321,0.005797968750000177,0.028402500000001777,0.005036919934842396,0.0005623422271273473,0.0005623422271273473,0.0,0.9957070776029014,0.0057386678971867115,0.005176325670059365,0.9999021250607387,False
23.638,1,667,668,5.27418999999998,5.27418999999998,0.0,0.029373750000001787,0.029373750000001787,0.09013019531250305,0.08132250000000302,0.005988281250000149,0.029373750000001787,0.005036919934842396,0.0005613635049168668,0.0005613635049168668,0.0,0.99603224536524,0.005729317699969837,0.00516795419505297,0.9999099476528971,False
23.68,1,668,669,5.283009999999981,5.283009999999981,0.0,0.03047625000000187,0.03047625000000187,0.0901425000000034,0.0818114062500032,0.006539531250000166,0.03047625000000187,0.005036919934842396,0.000561208689385182,0.000561208689385182,0.0,0.9962125371403143,0.005777733307142534,0.0052165246177573515,0.9999139018827754,False
23.719,1,669,670,5.29119999999998,5.29119999999998,0.0,0.03150000000000184,0.01575000000000092,0.09000140625000277,0.08064656250000263,0.007563281250000115,0.01575000000000092,0.005036919934842396,0.0005609747264920346,0.0005609747264920346,0.0,0.9964496382030891,0.008867593672284584,0.00830661894579255,0.9999158639678627,False
23.764,1,670,671,5.300649999999981,5.300649999999981,0.0,0.016931250000001008,0.016931250000001008,0.09009656250000303,0.08001984375000284,0.005038359375000088,0.016931250000001008,0.005036919934842396,0.0008026943220999557,0.0008026943220999557,0.0,0.9969306870282356,0.0062620955281807444,0.005459401206080789,0.9999325368733839,False
23.812,1,671,672,5.31072999999998,5.31072999999998,0.0,0.01819125000000101,0.01819125000000101,0.09009984375000257,0.08380148437500251,0.0052778906250000625,0.01819125000000101,0.005036919934842396,0.0005843160069043843,0.0005843160069043843,0.0,0.9957343123327597,0.005165096751094542,0.004580780744190157,0.9999020761448767,False
23.842,1,672,673,5.317029999999981,5.317029999999981,0.0,0.018978750000001068,0.018978750000001068,0.09010148437500282,0.08301562500000273,0.005671640625000075,0.018978750000001068,0.005036919934842396,0.0005390229487344528,0.0005390229487344528,0.0,0.9955701165249122,0.005061286646552046,0.004522263697817593,0.9998979606841781,False
23.876,1,673,674,5.324169999999981,5.324169999999981,0.0,0.019871250000001072,0.019871250000001072,0.09015562500000257,0.0831977343750025,0.005842265625000046,0.019871250000001072,0.005036919934842396,0.0005260948064382507,0.0005260948064382507,0.0,0.9959072947996903,0.005152059101609818,0.0046259642951715675,0.9999062829859078,False
23.909,1,674,675,5.3310999999999815,5.3310999999999815,0.0,0.020737500000001137,0.020737500000001137,0.09012773437500284,0.08230359375000272,0.006275390625000059,0.020737500000001137,0.005036919934842396,0.0005290303196540983,0.0005290303196540983,0.0,0.9959957372287878,0.005352028461092617,0.004822998141438519,0.9999085637278521,False
23.946,1,675,676,5.3388699999999805,5.3388699999999805,0.0,0.021708750000001147,0.021708750000001147,0.0900735937500026,0.08167195312500254,0.007246640625000037,0.021708750000001147,0.005036919934842396,0.0005424854699802657,0.0005424854699802657,0.0,0.9962939045913498,0.004868242208024166,0.0043257567380439,0.9999134352401039,False
23.986,1,676,677,5.347269999999981,5.347269999999981,0.0,0.022758750000001257,0.022758750000001257,0.0900719531250031,0.08062031250000298,0.005952187500000318,0.022758750000001257,0.005036919934842396,0.0005653382039396002,0.0005653382039396002,0.0,0.9967640811511594,0.005948463120172186,0.005383124916232586,0.9999277718631447,False
24.031,1,677,678,5.3567199999999815,5.3567199999999815,0.0,0.023940000000001252,0.023940000000001252,0.09007031250000262,0.08015929687500256,0.006542812500000291,0.023940000000001252,0.005036919934842396,0.0005761736317377777,0.0005761736317377777,0.0,0.9962354427983747,0.006200386580038519,0.005624212948300742,0.9999143357488626,False
24.078,1,678,679,5.366589999999981,5.366589999999981,0.0,0.025173750000001313,0.025173750000001313,0.09002929687500272,0.08445691406250268,0.0055723828125000385,0.025173750000001313,0.005036919934842396,0.000576546914119688,0.000576546914119688,0.0,0.9965474199222834,0.005895555470457753,0.005319008556338065,0.9999229704176903,False
24.105,1,679,680,5.372259999999981,5.372259999999981,0.0,0.025882500000001366,0.025882500000001366,0.09012691406250288,0.08384578125000282,0.00571019531250004,0.025882500000001366,0.005036919934842396,0.0005760193194504418,0.0005760193194504418,0.0,0.995723500400441,0.005896781326128871,0.005320762006678429,0.9999027099425657,False
24.135,1,680,681,5.378559999999981,5.378559999999981,0.0,0.02667000000000133,0.02667000000000133,0.09014578125000232,0.08364808593750234,0.006103945312500006,0.02667000000000133,0.005036919934842396,0.0005742690536597981,0.0005742690536597981,0.0,0.9958662537558186,0.005882439757948693,0.005308170704288895,0.9999061678410466,False
24.166,1,681,682,5.385069999999981,5.385069999999981,0.0,0.027483750000001424,0.027483750000001424,0.09015808593750285,0.0828466406250028,0.00533859375000015,0.027483750000001424,0.005036919934842396,0.000572385530286558,0.000572385530286558,0.0,0.9961176528049638,0.005861016029278555,0.005288630498991998,0.9999122814388974,False
24.201,1,682,683,5.392419999999982,5.392419999999982,0.0,0.02840250000000146,0.02840250000000146,0.09019664062500286,0.08236019531250278,0.0057979687500001485,0.02840250000000146,0.005036919934842396,0.0005706296910287472,0.0005706296910287472,0.0,0.9957071810597571,0.005822813382694025,0.0052521836916652785,0.9999022300447442,False
24.238,1,683,684,5.400189999999981,5.400189999999981,0.0,0.02937375000000147,0.02937375000000147,0.09013019531250262,0.08132250000000257,0.005988281250000144,0.02937375000000147,0.005036919934842396,0.000569623139889373,0.000569623139889373,0.0,0.9960323484737097,0.0058100782435014445,0.005240455103612072,0.9999100532246741,False
24.28,1,684,685,5.409009999999981,5.409009999999981,0.0,0.03047625000000146,0.03047625000000146,0.09014250000000221,0.08181140625000213,0.006539531250000115,0.03047625000000146,0.005036919934842396,0.0005695170031420871,0.0005695170031420871,0.0,0.9962126407740559,0.005855874032157704,0.0052863570290156165,0.9999140086919347,False
24.319,1,685,686,5.417199999999982,5.417199999999982,0.0,0.03150000000000153,0.015750000000000763,0.09000140625000246,0.08064656250000234,0.0075632812500001576,0.015750000000000763,0.005036919934842396,0.0005693540492231867,0.0005693540492231867,0.0,0.9964497429349511,0.008984462462492558,0.008415108413269371,0.9999159735742259,False
24.364,1,686,687,5.426649999999981,5.426649999999982,8.881784197001252e-16,0.016931250000000852,0.016931250000000852,0.09009656250000274,0.0800198437500026,0.005038359375000074,0.016931250000000852,0.005036919934842396,0.0008151608714172712,0.0008151608714172712,0.0,0.996930815031636,0.006364474530599747,0.005549313659182475,0.9999326628479623,False
24.412,1,687,688,5.436729999999981,5.436729999999981,0.0,0.018191250000000853,0.018191250000000853,0.0900998437500023,0.08380148437500226,0.00527789062500006,0.018191250000000853,0.005036919934842396,0.0005913368440772157,0.0005913368440772157,0.0,0.9957343962333259,0.005233053130666302,0.004641716286589086,0.9999021601105991,False
24.442,1,688,689,5.443029999999982,5.4430299999999825,8.881784197001252e-16,0.01897875000000091,0.01897875000000091,0.09010148437500255,0.08301562500000248,0.005671640625000072,0.01897875000000091,0.005036919934842396,0.000545159102836447,0.000545159102836447,0.0,0.9955701920978944,0.005122377072951656,0.004577217970115209,0.9998980368803541,False
24.476,1,689,690,5.450169999999982,5.450169999999982,0.0,0.019871250000000916,0.019871250000000916,0.09015562500000233,0.08319773437500226,0.0058422656250000675,0.019871250000000916,0.005036919934842396,0.0005322294697281389,0.0005322294697281389,0.0,0.9959073707317481,0.005212821255651215,0.004680591785923076,0.9999063600432244,False
24.509,1,690,691,5.457099999999983,5.457099999999983,0.0,0.02073750000000098,0.02073750000000098,0.0901277343750026,0.0823035937500025,0.006275390625000081,0.02073750000000098,0.005036919934842396,0.0005356444016338503,0.0005356444016338503,0.0,0.995995819282567,0.0054175039065520805,0.00488185950491823,0.9999086479709096,False
24.546,1,691,692,5.464869999999982,5.464869999999982,0.0,0.02170875000000099,0.02170875000000099,0.09007359375000237,0.08167195312500232,0.007246640625000059,0.02170875000000099,0.005036919934842396,0.0005501097846321118,0.0005501097846321118,0.0,0.9962939986480316,0.00493729457465358,0.004387184790021468,0.9999135355252802,False
24.586000000000002,1,692,693,5.473269999999982,5.473269999999982,0.0,0.022758750000001007,0.022758750000001007,0.09007195312500214,0.08062031250000212,0.005952187500000233,0.022758750000001007,0.005036919934842396,0.0005739133659015488,0.0005739133659015488,0.0,0.996764188127981,0.006030578648781683,0.005456665282880134,0.9999278819482682,False
24.631,1,693,694,5.482719999999983,5.482719999999982,-8.881784197001252e-16,0.023940000000001096,0.023940000000001096,0.0900703125000025,0.08015929687500241,0.0065428125000002516,0.023940000000001096,0.005036919934842396,0.0005854108309637753,0.0005854108309637753,0.0,0.9962355579986977,0.006284309554659903,0.005698898723696128,0.9999144534128132,False
24.678,1,694,695,5.492589999999982,5.492589999999982,0.0,0.025173750000001157,0.025173750000001157,0.09002929687500255,0.0844569140625025,0.005572382812500049,0.025173750000001157,0.005036919934842396,0.0005857022982774531,0.0005857022982774531,0.0,0.9965475340824836,0.005987494509666104,0.00540179221138865,0.9999230849389715,False
24.705000000000002,1,695,696,5.498259999999982,5.4982599999999815,-8.881784197001252e-16,0.025882500000001116,0.025882500000001116,0.09012691406250198,0.08384578125000199,0.0057101953125000045,0.025882500000001116,0.005036919934842396,0.000584944476783476,0.000584944476783476,0.0,0.9957236116799171,0.005986311947333206,0.00540136747054973,0.9999028217787937,False
24.735,1,696,697,5.504559999999982,5.504559999999982,0.0,0.026670000000001175,0.026670000000001175,0.09014578125000222,0.0836480859375022,0.006103945312500017,0.026670000000001175,0.005036919934842396,0.0005829480658546519,0.0005829480658546519,0.0,0.9958663619726039,0.005969622257390041,0.005386674191535388,0.9999062767868062,False
24.766000000000002,1,697,698,5.511069999999982,5.511069999999982,0.0,0.027483750000001174,0.027483750000001174,0.09015808593750196,0.08284664062500197,0.005338593750000107,0.027483750000001174,0.005036919934842396,0.0005808415641952204,0.0005808415641952204,0.0,0.9961177583884209,0.005946234699045455,0.005365393134850235,0.9999123878721998,False
24.801000000000002,1,698,699,5.518419999999981,5.518419999999981,0.0,0.02840250000000121,0.02840250000000121,0.09019664062500202,0.08236019531250202,0.005797968750000106,0.02840250000000121,0.005036919934842396,0.0005789656464589011,0.0005789656464589011,0.0,0.9957072851031682,0.005907439639988866,0.005328473993529965,0.9999023356209109,False
24.838,1,699,700,5.526189999999982,5.526189999999982,0.0,0.029373750000001315,0.029373750000001315,0.0901301953125026,0.08132250000000253,0.005988281250000124,0.029373750000001315,0.005036919934842396,0.0005779378204084798,0.0005779378204084798,0.0,0.996032452250348,0.005891442282573552,0.005313504462165072,0.9999101594655351,False
24.88,1,700,701,5.535009999999982,5.535009999999982,0.0,0.030476250000001304,0.030476250000001304,0.09014250000000218,0.08181140625000204,0.006539531250000095,0.030476250000001304,0.005036919934842396,0.0005778843501002152,0.0005778843501002152,0.0,0.9962127451259273,0.005934677710732972,0.005356793360632757,0.9999141162632964,False
24.919,1,701,702,5.543199999999983,5.543199999999983,0.0,0.03150000000000137,0.015750000000000684,0.09000140625000236,0.08064656250000218,0.007563281250000138,0.015750000000000684,0.005036919934842396,0.0005778027439813163,0.0005778027439813163,0.0,0.9964498485022434,0.00910208826179236,0.008524285517811044,0.9999160844994006,False
24.964000000000002,1,702,703,5.552649999999982,5.552649999999982,0.0,0.01693125000000068,0.01693125000000068,0.09009656250000186,0.08001984375000176,0.005038359375000053,0.01693125000000068,0.005036919934842396,0.000827690290100818,0.000827690290100818,0.0,0.9969309434882794,0.006467175444732777,0.005639485154631959,0.9999327892613339,False
25.012,1,703,704,5.562729999999982,5.562729999999982,0.0,0.018191250000000773,0.018191250000000773,0.09009984375000221,0.0838014843750021,0.0052778906250000495,0.018191250000000773,0.005036919934842396,0.0005983527753762444,0.0005983527753762444,0.0,0.9957344806119556,0.005301380898610136,0.0047030281232338916,0.9999022445528492,False
25.042,1,704,705,5.569029999999982,5.569029999999982,0.0,0.018978750000000738,0.018978750000000738,0.09010148437500165,0.08301562500000159,0.005671640625000016,0.018978750000000738,0.005036919934842396,0.000551297665692099,0.000551297665692099,0.0,0.9955702681877835,0.005183888784103707,0.004632591118411608,0.9998981135913426,False
25.076,1,705,706,5.576169999999983,5.576169999999983,0.0,0.019871250000000836,0.019871250000000836,0.09015562500000218,0.08319773437500214,0.005842265625000057,0.019871250000000836,0.005036919934842396,0.0005383790126002159,0.0005383790126002159,0.0,0.9959074472513006,0.005274028536942983,0.004735649524342767,0.9999064376887481,False
25.109,1,706,707,5.583099999999982,5.583099999999982,0.0,0.020737500000000807,0.020737500000000807,0.09012773437500171,0.08230359375000172,0.0062753906250000244,0.020737500000000807,0.005036919934842396,0.0005422827429198385,0.0005422827429198385,0.0,0.9959959019991416,0.005483505885315702,0.004941223142395864,0.9999087328984183,False
25.146,1,707,708,5.590869999999983,5.590869999999983,0.0,0.02170875000000091,0.02170875000000091,0.09007359375000235,0.08167195312500225,0.007246640625000096,0.02170875000000091,0.005036919934842396,0.0005578027623744616,0.0005578027623744616,0.0,0.9962940935981275,0.0050070349619380575,0.004449232199563596,0.9999136368872122,False
25.186,1,708,709,5.599269999999983,5.599269999999983,0.0,0.022758750000000928,0.022758750000000928,0.09007195312500207,0.08062031250000201,0.005952187500000213,0.022758750000000928,0.005036919934842396,0.0005825744404835201,0.0005825744404835201,0.0,0.9967642961171458,0.00611352300295228,0.00553094856246876,0.9999279930581928,False
25.231,1,709,710,5.608719999999982,5.608719999999983,8.881784197001252e-16,0.023940000000000922,0.023940000000000922,0.09007031250000164,0.08015929687500165,0.006542812500000186,0.023940000000000922,0.005036919934842396,0.0005947382062060788,0.0005947382062060788,0.0,0.9962356742935458,0.006369078448845204,0.005774340242639125,0.9999145722584538,False
25.278000000000002,1,710,711,5.618589999999983,5.618589999999983,0.0,0.025173750000000984,0.025173750000000984,0.0900292968750018,0.0844569140625018,0.005572382812499998,0.025173750000000984,0.005036919934842396,0.0005949302422415999,0.0005949302422415999,0.0,0.9965476491200801,0.0060801312593457835,0.005485201017104184,0.9999232003328243,False
25.305,1,711,712,5.624259999999983,5.624259999999983,0.0,0.025882500000001037,0.025882500000001037,0.09012691406250203,0.083845781250002,0.005710195312500023,0.025882500000001037,0.005036919934842396,0.0005939307279462628,0.0005939307279462628,0.0,0.9957237237087643,0.006076423255582684,0.005482492527636422,0.9999029343474231,False
25.335,1,712,713,5.630559999999983,5.630559999999983,0.0,0.026670000000001096,0.026670000000001096,0.09014578125000225,0.08364808593750218,0.006103945312500035,0.026670000000001096,0.005036919934842396,0.0005916779735766847,0.0005916779735766847,0.0,0.9958664708154801,0.006057287801230708,0.005465609827654023,0.9999063863391773,False
25.366,1,713,714,5.637069999999984,5.637069999999984,0.0,0.027483750000001094,0.027483750000001094,0.09015808593750196,0.08284664062500194,0.005338593750000097,0.027483750000001094,0.005036919934842396,0.0005893416752687919,0.0005893416752687919,0.0,0.9961178645114331,0.006031861151103733,0.005442519475834942,0.9999124948169757,False
25.401,1,714,715,5.644419999999983,5.6444199999999825,-8.881784197001252e-16,0.02840250000000113,0.02840250000000113,0.09019664062500199,0.08236019531250197,0.005797968750000096,0.02840250000000113,0.005036919934842396,0.0005873442034559579,0.0005873442034559579,0.0,0.9957073896633647,0.005992492995895165,0.005405148792439207,0.9999024417224972,False
25.438,1,715,716,5.652189999999983,5.652189999999983,0.0,0.029373750000001142,0.029373750000001142,0.0901301953125018,0.08132250000000182,0.005988281250000092,0.029373750000001142,0.005036919934842396,0.0005863030002764424,0.0005863030002764424,0.0,0.9960325566358921,0.005973371187541897,0.005387068187265454,0.9999102663238217,False
25.48,1,716,717,5.661009999999983,5.661009999999983,0.0,0.030476250000001225,0.030476250000001225,0.0901425000000022,0.08181140625000208,0.006539531250000109,0.030476250000001225,0.005036919934842396,0.0005863080554257183,0.0005863080554257183,0.0,0.9962128501630932,0.006014115148485419,0.0054278070930597,0.9999142245520638,False
25.519000000000002,1,717,718,5.669199999999982,5.669199999999982,0.0,0.031500000000001194,0.015750000000000597,0.09000140625000166,0.0806465625000016,0.007563281250000058,0.015750000000000597,0.005036919934842396,0.0005863166870048623,0.0005863166870048623,0.0,0.9964499548517299,0.009220414313766261,0.008634097626761398,0.9999161966755371,False
25.564,1,718,719,5.678649999999983,5.678649999999983,0.0,0.016931250000000685,0.016931250000000685,0.090096562500002,0.0800198437500019,0.005038359375000048,0.016931250000000685,0.005036919934842396,0.0008402716047113805,0.0008402716047113805,0.0,0.9969310723149324,0.006570119837248596,0.005729848232537215,0.9999329160227711,False
25.612000000000002,1,719,720,5.688729999999983,5.688729999999983,0.0,0.018191250000000686,0.018191250000000686,0.09009984375000162,0.08380148437500161,0.005277890625000034,0.018191250000000686,0.005036919934842396,0.0006053582322103222,0.0006053582322103222,0.0,0.9957345654015252,0.005370025485292647,0.004764667253082324,0.9999023294049348,False
25.642,1,720,721,5.695029999999983,5.695029999999983,0.0,0.018978750000000745,0.018978750000000745,0.0901014843750019,0.08301562500000186,0.005671640625000046,0.018978750000000745,0.005036919934842396,0.0005574342046875626,0.0005574342046875626,0.0,0.9955703447398819,0.005245773640893146,0.0046883394362055835,0.9998981907584876,False
25.676000000000002,1,721,722,5.702169999999983,5.702169999999983,0.0,0.01987125000000075,0.01987125000000075,0.09015562500000168,0.08319773437500166,0.005842265625000017,0.01987125000000075,0.005036919934842396,0.0005445391476851055,0.0005445391476851055,0.0,0.9959075243072031,0.005335645447875077,0.004791106300189972,0.9999065158747242,False
25.709,1,722,723,5.709099999999983,5.709099999999983,0.0,0.020737500000000814,0.020737500000000814,0.09012773437500199,0.0823035937500019,0.0062753906250000305,0.020737500000000814,0.005036919934842396,0.0005490402343746691,0.0005490402343746691,0.0,0.9959959853316321,0.005550006082991166,0.005000965848616497,0.9999088184684473,False
25.746000000000002,1,723,724,5.716869999999983,5.716869999999983,0.0,0.021708750000000825,0.021708750000000825,0.09007359375000179,0.08167195312500176,0.007246640625000009,0.021708750000000825,0.005036919934842396,0.0005655655755603675,0.0005655655755603675,0.0,0.9962941894185383,0.00507745639613558,0.004511890820575213,0.9999137392908806,False
25.786,1,724,725,5.725269999999983,5.725269999999983,0.0,0.02275875000000084,0.02275875000000084,0.09007195312500159,0.0806203125000016,0.005952187500000192,0.02275875000000084,0.005036919934842396,0.0005913184273761569,0.0005913184273761569,0.0,0.9967644050883778,0.006197277540663265,0.005605959113287109,0.9999281051603843,False
25.831,1,725,726,5.734719999999983,5.734719999999983,0.0,0.02394000000000093,0.02394000000000093,0.09007031250000197,0.08015929687500192,0.00654281250000021,0.02394000000000093,0.005036919934842396,0.0006041513566288463,0.0006041513566288463,0.0,0.9962357916318333,0.006454664886828103,0.005850513530199257,0.9999146922307222,False
25.878,1,726,727,5.744589999999984,5.744589999999984,0.0,0.02517375000000099,0.02517375000000099,0.09002929687500208,0.08445691406250205,0.005572382812500024,0.02517375000000099,0.005036919934842396,0.0006042254746994594,0.0006042254746994594,0.0,0.9965477649704786,0.006173415240291642,0.005569189765592183,0.9999233165368524,False
25.905,1,727,728,5.750259999999983,5.750259999999983,0.0,0.02588250000000095,0.02588250000000095,0.09012691406250152,0.08384578125000156,0.00571019531249998,0.02588250000000095,0.005036919934842396,0.0006029734660658861,0.0006029734660658861,0.0,0.9957238364299845,0.006167064713128945,0.0055640912470630586,0.9999030475857958,False
25.935000000000002,1,728,729,5.7565599999999835,5.7565599999999835,0.0,0.02667000000000101,0.02667000000000101,0.0901457812500018,0.08364808593750178,0.006103945312499992,0.02667000000000101,0.005036919934842396,0.0006004534202157723,0.0006004534202157723,0.0,0.9958665802204834,0.006145382643204383,0.005544929222988611,0.9999064964309061,False
25.966,1,729,730,5.763069999999984,5.763069999999984,0.0,0.0274837500000011,0.0274837500000011,0.0901580859375023,0.08284664062500222,0.005338593750000132,0.0274837500000011,0.005036919934842396,0.000597881895282622,0.000597881895282622,0.0,0.9961179711236351,0.006117848517402581,0.005519966622119959,0.999912602214928,False
26.001,1,730,731,5.770419999999983,5.770419999999983,0.0,0.028402500000001045,0.028402500000001045,0.09019664062500155,0.08236019531250158,0.005797968750000085,0.028402500000001045,0.005036919934842396,0.0005957594507731346,0.0005957594507731346,0.0,0.9957074946688415,0.006077916621733204,0.0054821571709600695,0.9999025482779654,False
26.038,1,731,732,5.7781899999999835,5.7781899999999835,0.0,0.02937375000000115,0.02937375000000115,0.09013019531250215,0.0813225000000021,0.005988281250000103,0.02937375000000115,0.005036919934842396,0.0005947130170091102,0.0005947130170091102,0.0,0.9960326615643053,0.00605582213955963,0.00546110912255052,0.9999103737437791,False
26.080000000000002,1,732,733,5.787009999999984,5.787009999999984,0.0,0.030476250000001138,0.030476250000001138,0.09014250000000175,0.08181140625000168,0.006539531250000074,0.030476250000001138,0.005036919934842396,0.0005947856325406448,0.0005947856325406448,0.0,0.9962129558557105,0.006094160209520506,0.005499374576979862,0.9999143335184577,False
26.119,1,733,734,5.7951999999999835,5.7951999999999835,0.0,0.0315000000000012,0.0157500000000006,0.090001406250002,0.0806465625000019,0.007563281250000117,0.0157500000000006,0.005036919934842396,0.0005948904417561162,0.0005948904417561162,0.0,0.9964500619192959,0.009339372884169639,0.008744482442413522,0.999916310026227,False
26.164,1,734,735,5.804649999999984,5.804649999999984,0.0,0.016931250000000595,0.016931250000000595,0.09009656250000157,0.08001984375000148,0.005038359375000042,0.016931250000000595,0.005036919934842396,0.0008528982832520011,0.0008528982832520011,0.0,0.9969312014806316,0.006673270815807694,0.005820372532555693,0.9999330430917008,False
26.212,1,735,736,5.814729999999984,5.814729999999984,0.0,0.01819125000000069,0.01819125000000069,0.09009984375000193,0.08380148437500184,0.005277890625000039,0.01819125000000069,0.005036919934842396,0.0006123483684779712,0.0006123483684779712,0.0,0.9957346505529308,0.005438947324117864,0.004826598955639893,0.9999024146182951,False
26.242,1,736,737,5.821029999999984,5.8210299999999835,-8.881784197001252e-16,0.01897875000000075,0.01897875000000075,0.09010148437500212,0.08301562500000201,0.005671640625000051,0.01897875000000075,0.005036919934842396,0.0005635646795769754,0.0005635646795769754,0.0,0.9955704217091933,0.005307990518652439,0.004744425839075464,0.9998982683317059,False
26.276,1,737,738,5.828169999999983,5.828169999999983,0.0,0.019871250000000753,0.019871250000000753,0.09015562500000183,0.08319773437500179,0.005842265625000047,0.019871250000000753,0.005036919934842396,0.0005507052088474906,0.0005507052088474906,0.0,0.9959076018475908,0.005397635758166312,0.0048469305493188215,0.9999065945517339,False
26.309,1,738,739,5.835099999999984,5.835099999999984,0.0,0.020737500000000818,0.020737500000000818,0.09012773437500213,0.08230359375000204,0.00627539062500006,0.020737500000000818,0.005036919934842396,0.0005559020190529899,0.0005559020190529899,0.0,0.9959960692322993,0.005616966910116913,0.005061064891063924,0.9999089046285486,False
26.346,1,739,740,5.842869999999984,5.842869999999984,0.0,0.021708750000000828,0.021708750000000828,0.09007359375000193,0.08167195312500189,0.007246640625000038,0.021708750000000828,0.005036919934842396,0.0005733915162860192,0.0005733915162860192,0.0,0.9962942860737241,0.005148541923305945,0.004575150407019926,0.9999138426916752,False
26.386,1,740,741,5.8512699999999835,5.8512699999999835,0.0,0.022758750000000844,0.022758750000000844,0.09007195312500171,0.0806203125000017,0.005952187500000193,0.022758750000000844,0.005036919934842396,0.0006001417531611339,0.0006001417531611339,0.0,0.9967645149987474,0.006281815612955592,0.005681673859794458,0.9999282182119817,False
26.431,1,741,742,5.860719999999984,5.860719999999984,0.0,0.023940000000000933,0.023940000000000933,0.09007031250000208,0.080159296875002,0.006542812500000211,0.023940000000000933,0.005036919934842396,0.0006136453758016294,0.0006136453758016294,0.0,0.9962359099530889,0.006541032392857998,0.005927387017056369,0.9999148132651478,False
26.478,1,742,743,5.870589999999983,5.870589999999983,0.0,0.0251737500000009,0.0251737500000009,0.09002929687500143,0.08445691406250143,0.0055723828124999925,0.0251737500000009,0.005036919934842396,0.0006135824604654168,0.0006135824604654168,0.0,0.9965478815638068,0.006267291765984041,0.005653709305518624,0.9999234334833597,False
26.505,1,743,744,5.876259999999983,5.876259999999983,0.0,0.025882500000000953,0.025882500000000953,0.09012691406250165,0.08384578125000162,0.005710195312499994,0.025882500000000953,0.005036919934842396,0.0006120681398523904,0.0006120681398523904,0.0,0.9957239497832567,0.006258184999173098,0.005646116859320708,0.9999031614301676,False
26.535,1,744,745,5.882559999999984,5.882559999999984,0.0,0.026670000000001012,0.026670000000001012,0.09014578125000187,0.08364808593750184,0.006103945312500006,0.026670000000001012,0.005036919934842396,0.0006092697143705001,0.0006092697143705001,0.0,0.9958666901249046,0.006233854415255445,0.005624584700884945,0.999906606996809,False
26.566,1,745,746,5.889069999999983,5.889069999999983,0.0,0.02748375000000101,0.02748375000000101,0.0901580859375016,0.0828466406250016,0.005338593750000087,0.02748375000000101,0.005036919934842396,0.0006064582236664581,0.0006064582236664581,0.0,0.9961180781781471,0.006204154249211072,0.005597696025544613,0.9999127100131189,False
26.601,1,746,747,5.896419999999983,5.896419999999983,0.0,0.02840250000000105,0.02840250000000105,0.09019664062500168,0.08236019531250169,0.005797968750000086,0.02840250000000105,0.005036919934842396,0.0006042059651923686,0.0006042059651923686,0.0,0.9957076000514669,0.006163653256249851,0.005559447291057482,0.9999026552157221,False
26.638,1,747,748,5.904189999999984,5.904189999999984,0.0,0.02937375000000106,0.02937375000000106,0.09013019531250152,0.08132250000000156,0.005988281250000058,0.02937375000000106,0.005036919934842396,0.000603162922414893,0.000603162922414893,0.0,0.9960327669732572,0.006138751167073089,0.005535588244658197,0.9999104816690326,False
26.68,1,748,749,5.913009999999984,5.913009999999984,0.0,0.03047625000000114,0.03047625000000114,0.09014250000000196,0.08181140625000184,0.006539531250000075,0.03047625000000114,0.005036919934842396,0.0006033148730829336,0.0006033148730829336,0.0,0.9962130621771614,0.006174791741000718,0.005571476867917784,0.9999144431289544,False
26.719,1,749,750,5.921199999999984,5.921199999999984,0.0,0.03150000000000111,0.015750000000000555,0.09000140625000141,0.08064656250000136,0.007563281250000024,0.015750000000000555,0.005036919934842396,0.0006035181174559464,0.0006035181174559464,0.0,0.9964501696340794,0.009458893119230826,0.00885537500177488,0.9999164244706928,False
26.764,1,750,751,5.930649999999984,5.930649999999984,0.0,0.016931250000000644,0.016931250000000644,0.09009656250000177,0.08001984375000168,0.005038359375000043,0.016931250000000644,0.005036919934842396,0.0008655647865979482,0.0008655647865979482,0.0,0.9969313304889134,0.006776603543984294,0.005911038757386346,0.999933170441076,False
26.812,1,751,752,5.940729999999983,5.940729999999983,0.0,0.018191250000000644,0.018191250000000644,0.09009984375000138,0.08380148437500139,0.005277890625000017,0.018191250000000644,0.005036919934842396,0.0006193185812306834,0.0006193185812306834,0.0,0.9957347360164862,0.00550810554162396,0.004888786960393277,0.9999025001426491,False
26.842000000000002,1,752,753,5.947029999999984,5.947029999999984,0.0,0.018978750000000703,0.018978750000000703,0.09010148437500168,0.08301562500000163,0.0056716406250000295,0.018978750000000703,0.005036919934842396,0.0005696856601922465,0.0005696856601922465,0.0,0.9955704990535643,0.005370500681970196,0.004800815021777949,0.999898346263451,False
26.876,1,753,754,5.9541699999999835,5.9541699999999835,0.0,0.019871250000000708,0.019871250000000708,0.09015562500000147,0.08319773437500144,0.005842265625000001,0.019871250000000708,0.005036919934842396,0.0005568728297062548,0.0005568728297062548,0.0,0.9959076798193499,0.005459962035989842,0.004903089206283587,0.9999066736689513,False
26.909,1,754,755,5.961099999999984,5.961099999999984,0.0,0.020737500000000773,0.020737500000000773,0.0901277343750018,0.08230359375000172,0.006275390625000014,0.020737500000000773,0.005036919934842396,0.0005627758036039395,0.0005627758036039395,0.0,0.9959961536544008,0.005684350987891815,0.0051215751842878755,0.9999089913272924,False
26.946,1,755,756,5.968869999999985,5.968869999999984,-8.881784197001252e-16,0.021708750000000783,0.021708750000000783,0.0900735937500016,0.0816719531250016,0.007246640624999992,0.021708750000000783,0.005036919934842396,0.0005812779648447534,0.0005812779648447534,0.0,0.9962943835316329,0.005220281332638375,0.004639003367793622,0.9999139470531149,False
26.986,1,756,757,5.977269999999985,5.977269999999985,0.0,0.022758750000000893,0.022758750000000893,0.09007195312500216,0.08062031250000208,0.005952187500000227,0.022758750000000893,0.005036919934842396,0.0006090433007992609,0.0006090433007992609,0.0,0.9967646258402112,0.006367135338791921,0.0057580920379926605,0.9999283322086979,False
27.031,1,757,758,5.986719999999984,5.986719999999984,0.0,0.023940000000000888,0.023940000000000888,0.09007031250000172,0.08015929687500169,0.0065428125000001995,0.023940000000000888,0.005036919934842396,0.000623216162070869,0.000623216162070869,0.0,0.9962360292091262,0.006628152974285713,0.006004936812214844,0.999914935308953,False
27.078,1,758,759,5.996589999999984,5.996589999999985,8.881784197001252e-16,0.02517375000000095,0.02517375000000095,0.09002929687500184,0.08445691406250183,0.005572382812500016,0.02517375000000095,0.005036919934842396,0.0006229964519148413,0.0006229964519148413,0.0,0.9965479988420115,0.0063617155052423935,0.005738719053327552,0.9999235511163591,False
27.105,1,759,760,6.002259999999985,6.002259999999985,0.0,0.025882500000001002,0.025882500000001002,0.09012691406250203,0.083845781250002,0.0057101953125000176,0.025882500000001002,0.005036919934842396,0.000621210990427969,0.000621210990427969,0.0,0.9957240637232331,0.006349746037581372,0.005728535047153403,0.9999032758328911,False
27.135,1,760,761,6.008559999999984,6.008559999999984,0.0,0.026670000000000967,0.026670000000000967,0.0901457812500015,0.08364808593750155,0.006103945312499984,0.026670000000000967,0.005036919934842396,0.0006181226087051456,0.0006181226087051456,0.0,0.9958668004824425,0.006322664293756067,0.005704541685050921,0.9999067179885369,False
27.166,1,761,762,6.015069999999985,6.015069999999985,0.0,0.02748375000000106,0.02748375000000106,0.09015808593750205,0.08284664062500204,0.005338593750000104,0.02748375000000106,0.005036919934842396,0.0006150683790377002,0.0006150683790377002,0.0,0.9961181856450954,0.0062907511441433125,0.005675682765105612,0.9999128181778805,False
27.201,1,762,763,6.022419999999985,6.022419999999985,0.0,0.028402500000001097,0.028402500000001097,0.0901966406250021,0.08236019531250204,0.0057979687500001025,0.028402500000001097,0.005036919934842396,0.0006126797801439702,0.0006126797801439702,0.0,0.9957077057607681,0.006249657290428971,0.005636977510285001,0.9999027624779737,False
27.238,1,763,764,6.030189999999985,6.030189999999985,0.0,0.029373750000001107,0.029373750000001107,0.09013019531250185,0.08132250000000184,0.0059882812500000986,0.029373750000001107,0.005036919934842396,0.0006116480717374818,0.0006116480717374818,0.0,0.9960328728080567,0.006222116201574375,0.005610468129836893,0.9999105900458751,False
27.28,1,764,765,6.039009999999984,6.039009999999984,0.0,0.030476250000001096,0.030476250000001096,0.09014250000000149,0.08181140625000144,0.00653953125000007,0.030476250000001096,0.005036919934842396,0.0006118944994561349,0.0006118944994561349,0.0,0.9962131691111493,0.006255998963092549,0.0056441044636364145,0.9999145533660306,False
27.319,1,765,766,6.047199999999985,6.047199999999985,0.0,0.03150000000000116,0.01575000000000058,0.09000140625000178,0.0806465625000017,0.0075632812500001124,0.01575000000000058,0.005036919934842396,0.0006121941913676642,0.0006121941913676642,0.0,0.9964502779292269,0.009578906782056942,0.008966712590689277,0.9999165399321224,False
27.364,1,766,767,6.056649999999985,6.056649999999985,0.0,0.016931250000000668,0.016931250000000668,0.0900965625000021,0.080019843750002,0.005038359375000051,0.016931250000000668,0.005036919934842396,0.0008782645434912442,0.0008782645434912442,0.0,0.9969314590399164,0.006880073048827255,0.006001808505336011,0.9999332980179815,False
27.412,1,767,768,6.066729999999985,6.066729999999985,0.0,0.01819125000000067,0.01819125000000067,0.0900998437500017,0.08380148437500169,0.005277890625000037,0.01819125000000067,0.005036919934842396,0.0006262636859441989,0.0006262636859441989,0.0,0.9957348217396693,0.005577457014102005,0.004951193328157806,0.9999025859251142,False
27.442,1,768,769,6.073029999999985,6.073029999999984,-8.881784197001252e-16,0.018978750000000728,0.018978750000000728,0.09010148437500198,0.08301562500000194,0.0056716406250000495,0.018978750000000728,0.005036919934842396,0.0005757947039008753,0.0005757947039008753,0.0,0.9955705767384732,0.005433271767650023,0.004857477063749148,0.9998984245152877,False
27.476,1,769,770,6.080169999999984,6.080169999999984,0.0,0.019871250000000732,0.019871250000000732,0.0901556250000018,0.08319773437500173,0.005842265625000045,0.019871250000000732,0.005036919934842396,0.0005631337273660348,0.0005631337273660348,0.0,0.9959077581789988,0.005522593262259325,0.00495945953489329,0.9999067531840844,False
27.509,1,770,771,6.087099999999984,6.087099999999984,0.0,0.020737500000000797,0.020737500000000797,0.09012773437500207,0.08230359375000199,0.006275390625000058,0.020737500000000797,0.005036919934842396,0.0005696580967553611,0.0005696580967553611,0.0,0.9959962385648392,0.005752129345891165,0.005182471249135803,0.9999090785246553,False
27.546,1,771,772,6.094869999999984,6.094869999999984,0.0,0.021708750000000807,0.021708750000000807,0.09007359375000187,0.08167195312500183,0.0072466406250000365,0.021708750000000807,0.005036919934842396,0.000589222857109442,0.000589222857109442,0.0,0.99629448176748,0.005292670824258307,0.004703447967148865,0.9999140523494707,False
27.586000000000002,1,772,773,6.103269999999984,6.103269999999984,0.0,0.022758750000000823,0.022758750000000823,0.09007195312500166,0.08062031250000165,0.005952187500000187,0.022758750000000823,0.005036919934842396,0.0006180233332989717,0.0006180233332989717,0.0,0.996764737619562,0.006453237786382342,0.00583521445308337,0.9999284471488574,False
27.631,1,773,774,6.112719999999984,6.112719999999984,0.0,0.023940000000000912,0.023940000000000912,0.09007031250000203,0.08015929687500195,0.006542812500000206,0.023940000000000912,0.005036919934842396,0.0006328599344437573,0.0006328599344437573,0.0,0.996236149353723,0.006715995750751519,0.006083135816307762,0.999915058309588,False
27.678,1,774,775,6.122589999999985,6.122589999999985,0.0,0.025173750000000973,0.025173750000000973,0.09002929687500212,0.08445691406250208,0.005572382812500038,0.025173750000000973,0.005036919934842396,0.0006324625054408452,0.0006324625054408452,0.0,0.9965481167460736,0.006456639265409743,0.005824176759968898,0.9999236693767826,False
27.705000000000002,1,775,776,6.128259999999984,6.128259999999984,0.0,0.025882500000000933,0.025882500000000933,0.09012691406250156,0.08384578125000158,0.005710195312499993,0.025882500000000933,0.005036919934842396,0.0006303979969257806,0.0006303979969257806,0.0,0.9957241782018657,0.006441709223368286,0.005811311226442505,0.999903390745923,False
27.735,1,776,777,6.1345599999999845,6.1345599999999845,0.0,0.02667000000000099,0.02667000000000099,0.09014578125000182,0.0836480859375018,0.006103945312500005,0.02667000000000099,0.005036919934842396,0.000627008720107615,0.000627008720107615,0.0,0.9958669112466874,0.006411774994436487,0.0057847662743288715,0.9999068293596425,False
27.766000000000002,1,777,778,6.141069999999984,6.141069999999984,0.0,0.02748375000000099,0.02748375000000099,0.09015808593750158,0.08284664062500158,0.005338593750000085,0.02748375000000099,0.005036919934842396,0.0006237100291099238,0.0006237100291099238,0.0,0.9961182934971109,0.0063776160935641105,0.005753906064454186,0.9999129266811042,False
27.801000000000002,1,778,779,6.148419999999984,6.148419999999984,0.0,0.028402500000001028,0.028402500000001028,0.09019664062500163,0.08236019531250165,0.0057979687500000834,0.028402500000001028,0.005036919934842396,0.0006211771276086437,0.0006211771276086437,0.0,0.9957078117559515,0.006335887749938228,0.005714710622329584,0.9999028700135342,False
27.838,1,779,780,6.1561899999999845,6.1561899999999845,0.0,0.02937375000000113,0.02937375000000113,0.09013019531250221,0.08132250000000217,0.005988281250000101,0.02937375000000113,0.005036919934842396,0.0006201641674312593,0.0006201641674312593,0.0,0.9960329790129109,0.006305871631721777,0.005685707464290517,0.9999106988163619,False
27.88,1,780,781,6.165009999999985,6.165009999999985,0.0,0.03047625000000112,0.03047625000000112,0.0901425000000018,0.08181140625000169,0.006539531250000072,0.03047625000000112,0.005036919934842396,0.0006205230972869699,0.0006205230972869699,0.0,0.9962132766402501,0.00633888498900987,0.0057183618917229,0.9999146642155001,False
27.919,1,781,782,6.1731999999999845,6.1731999999999845,0.0,0.03150000000000119,0.015750000000000593,0.09000140625000203,0.08064656250000188,0.007563281250000115,0.015750000000000593,0.005036919934842396,0.000620913032567556,0.000620913032567556,0.0,0.9964503867366692,0.009699341431947658,0.009078428399380103,0.9999166563291406,False
27.964000000000002,1,782,783,6.182649999999985,6.182649999999985,0.0,0.016931250000000588,0.016931250000000588,0.09009656250000153,0.08001984375000146,0.0050383593750000415,0.016931250000000588,0.005036919934842396,0.0008909932218785358,0.0008909932218785358,0.0,0.9969315878584085,0.006983669140277364,0.006092675918398828,0.999933425812143,False
28.012,1,783,784,6.192729999999985,6.192729999999985,0.0,0.018191250000000683,0.018191250000000683,0.0900998437500019,0.08380148437500182,0.005277890625000038,0.018191250000000683,0.005036919934842396,0.0006331802725339701,0.0006331802725339701,0.0,0.9957349076820051,0.005646968894951976,0.005013788622418006,0.9999026719252936,False
28.042,1,784,785,6.1990299999999845,6.1990299999999845,0.0,0.018978750000000648,0.018978750000000648,0.09010148437500136,0.08301562500000133,0.005671640625000004,0.018978750000000648,0.005036919934842396,0.0005818903718300237,0.0005818903718300237,0.0,0.9955706547373465,0.005496278803472383,0.004914388431642359,0.9998985030574206,False
28.076,1,785,786,6.206169999999986,6.206169999999986,0.0,0.019871250000000746,0.019871250000000746,0.0901556250000019,0.08319773437500187,0.005842265625000046,0.019871250000000746,0.005036919934842396,0.0005696332153006968,0.0005696332153006968,0.0,0.9959078368878563,0.005585868319086973,0.005016235103786276,0.9999068330567464,False
28.109,1,786,787,6.213099999999985,6.213099999999985,0.0,0.020737500000000717,0.020737500000000717,0.09012773437500146,0.08230359375000146,0.006275390625000013,0.020737500000000717,0.005036919934842396,0.0005765461797674524,0.0005765461797674524,0.0,0.9959963239364952,0.005820275395922135,0.005243729216154683,0.9999091661834709,False
28.146,1,787,788,6.2208699999999855,6.2208699999999855,0.0,0.02170875000000082,0.02170875000000082,0.0900735937500021,0.08167195312500201,0.007246640625000085,0.02170875000000082,0.005036919934842396,0.0005972233925695557,0.0005972233925695557,0.0,0.9962945807451914,0.0053656975592374714,0.0047684741666679156,0.999914158545496,False
28.186,1,788,789,6.229269999999985,6.229269999999985,0.0,0.022758750000000837,0.022758750000000837,0.09007195312500185,0.08062031250000179,0.005952187500000191,0.022758750000000837,0.005036919934842396,0.0006270790334135228,0.0006270790334135228,0.0,0.996764850306302,0.006540103546236957,0.005913024512823434,0.999928563000404,False
28.231,1,789,790,6.238719999999985,6.238719999999986,8.881784197001252e-16,0.023940000000000832,0.023940000000000832,0.09007031250000141,0.08015929687500144,0.006542812500000163,0.023940000000000832,0.005036919934842396,0.0006425723616013486,0.0006425723616013486,0.0,0.9962362703365175,0.006804524780964424,0.006161952419363076,0.9999151822088675,False
28.278000000000002,1,790,791,6.248589999999985,6.248589999999985,0.0,0.025173750000000893,0.025173750000000893,0.0900292968750016,0.08445691406250161,0.0055723828124999925,0.025173750000000893,0.005036919934842396,0.000641975504813832,0.000641975504813832,0.0,0.9965482352118114,0.006552010731534608,0.005910035226720776,0.9999237881997612,False
28.305,1,791,792,6.254259999999985,6.254259999999985,0.0,0.025882500000000946,0.025882500000000946,0.09012691406250181,0.08384578125000179,0.0057101953125000176,0.025882500000000946,0.005036919934842396,0.0006396246523896564,0.0006396246523896564,0.0,0.9957242931645501,0.006534031561134197,0.005894406908744541,0.9999035061157032,False
28.335,1,792,793,6.260559999999986,6.260559999999986,0.0,0.026670000000001005,0.026670000000001005,0.09014578125000205,0.08364808593750199,0.00610394531250003,0.026670000000001005,0.005036919934842396,0.0006359235236942497,0.0006359235236942497,0.0,0.9958670223657691,0.006501145709852045,0.005865222186157796,0.9999069410592263,False
28.366,1,793,794,6.267069999999986,6.267069999999986,0.0,0.027483750000001004,0.027483750000001004,0.09015808593750177,0.08284664062500174,0.0053385937500000855,0.027483750000001004,0.005036919934842396,0.0006323806086935733,0.0006323806086935733,0.0,0.9961184016991279,0.006464723042388348,0.005832342433694775,0.9999130354904863,False
28.401,1,794,795,6.274419999999986,6.274419999999986,0.0,0.02840250000000104,0.02840250000000104,0.0901966406250018,0.08236019531250179,0.005797968750000084,0.02840250000000104,0.005036919934842396,0.0006296951935579336,0.0006296951935579336,0.0,0.995707917998856,0.006422303489557574,0.005792608295999641,0.9999029777704587,False
28.438,1,795,796,6.282189999999986,6.282189999999986,0.0,0.029373750000001052,0.029373750000001052,0.09013019531250162,0.08132250000000164,0.00598828125000008,0.029373750000001052,0.005036919934842396,0.0006287062552914886,0.0006287062552914886,0.0,0.9960330855289342,0.006391198996426366,0.005762492741134877,0.9999108079142509,False
28.48,1,796,797,6.291009999999986,6.291009999999986,0.0,0.030476250000001134,0.030476250000001134,0.09014250000000201,0.08181140625000191,0.006539531250000097,0.030476250000001134,0.005036919934842396,0.0006291979955935374,0.0006291979955935374,0.0,0.9962133847323801,0.006423830692602564,0.005794632697009027,0.9999147756533481,False
28.519000000000002,1,797,798,6.299199999999986,6.299199999999986,0.0,0.031500000000001104,0.015750000000000552,0.09000140625000148,0.08064656250000143,0.0075632812500000465,0.015750000000000552,0.005036919934842396,0.0006296685135948813,0.0006296685135948813,0.0,0.9964504959854645,0.009820117887255453,0.009190449373660571,0.9999167735718578,False
28.564,1,798,799,6.308649999999986,6.308649999999986,0.0,0.01693125000000064,0.01693125000000064,0.09009656250000184,0.08001984375000176,0.0050383593750000415,0.01693125000000064,0.005036919934842396,0.0009037484375816525,0.0009037484375816525,0.0,0.9969317169517172,0.0070874002913546424,0.00618365185377299,0.9999335538349763,False
28.612000000000002,1,799,800,6.318729999999985,6.318729999999985,0.0,0.01819125000000064,0.01819125000000064,0.09009984375000146,0.08380148437500146,0.005277890625000028,0.01819125000000064,0.005036919934842396,0.0006400660700016835,0.0006400660700016835,0.0,0.9957349938073473,0.005716612133565207,0.005076546063563524,0.9999027581072243,False
28.642,1,800,801,6.325029999999986,6.325029999999986,0.0,0.0189787500000007,0.0189787500000007,0.09010148437500176,0.08301562500000172,0.00567164062500004,0.0189787500000007,0.005036919934842396,0.0005880953586357957,0.0005880953586357957,0.0,0.9955707330249154,0.0055594989772526915,0.004971403618616896,0.9998985818627762,False
28.676000000000002,1,801,802,6.332169999999985,6.332169999999985,0.0,0.019871250000000704,0.019871250000000704,0.09015562500000156,0.08319773437500153,0.005842265625000012,0.019871250000000704,0.005036919934842396,0.0005761246262738206,0.0005761246262738206,0.0,0.9959079159056516,0.005650004789769698,0.005073880163495877,0.9999069132422108,False
28.709,1,802,803,6.339099999999986,6.339099999999986,0.0,0.02073750000000077,0.02073750000000077,0.09012773437500185,0.08230359375000179,0.006275390625000025,0.02073750000000077,0.005036919934842396,0.0005834375888439962,0.0005834375888439962,0.0,0.995996409742707,0.005888761654149401,0.0053053240653054045,0.9999092542650754,False
28.746000000000002,1,803,804,6.346869999999987,6.346869999999986,-8.881784197001252e-16,0.02170875000000078,0.02170875000000078,0.09007359375000168,0.08167195312500164,0.0072466406250000035,0.02170875000000078,0.005036919934842396,0.0006052755379441073,0.0006052755379441073,0.0,0.996294680419321,0.005439341087700882,0.004834065549756774,0.9999142655968223,False
28.786,1,804,805,6.355269999999986,6.355269999999986,0.0,0.022758750000000796,0.022758750000000796,0.09007195312500148,0.08062031250000148,0.00595218750000018,0.022758750000000796,0.005036919934842396,0.0006362074232155641,0.0006362074232155641,0.0,0.996764963866184,0.0066277113011148844,0.0059915038778993205,0.999928679728311,False
28.831,1,805,806,6.364719999999986,6.364719999999986,0.0,0.023940000000000884,0.023940000000000884,0.09007031250000185,0.08015929687500181,0.006542812500000199,0.023940000000000884,0.005036919934842396,0.0006523506000637136,0.0006523506000637136,0.0,0.9962363921216304,0.006893714365962103,0.00624136376589839,0.9999153069613805,False
28.878,1,806,807,6.374589999999986,6.374589999999986,0.0,0.025173750000000945,0.025173750000000945,0.09002929687500197,0.08445691406250194,0.005572382812500021,0.025173750000000945,0.005036919934842396,0.000651532041859649,0.000651532041859649,0.0,0.9965483541970157,0.006647794154826789,0.00599626211296714,0.9999239075406045,False
28.905,1,807,808,6.3802599999999865,6.3802599999999865,0.0,0.025882500000001,0.025882500000001,0.09012691406250216,0.08384578125000211,0.005710195312500024,0.025882500000001,0.005036919934842396,0.0006488874263602891,0.0006488874263602891,0.0,0.9957244085665994,0.006626679801481107,0.005977792375120818,0.9999036219005661,False
28.935000000000002,1,808,809,6.386559999999986,6.386559999999986,0.0,0.026670000000000964,0.026670000000000964,0.09014578125000161,0.08364808593750164,0.00610394531249999,0.026670000000000964,0.005036919934842396,0.0006448639561389388,0.0006448639561389388,0.0,0.9958671337985033,0.006590745529165436,0.005945881573026497,0.9999070530486441,False
28.966,1,809,810,6.3930699999999865,6.3930699999999865,0.0,0.027483750000001056,0.027483750000001056,0.09015808593750216,0.08284664062500213,0.005338593750000127,0.027483750000001056,0.005036919934842396,0.0006410775799856433,0.0006410775799856433,0.0,0.9961185102240665,0.006552055548980064,0.005910977968994421,0.9999131445857812,False
29.001,1,810,811,6.400419999999986,6.400419999999986,0.0,0.028402500000001,0.028402500000001,0.09019664062500146,0.0823601953125015,0.00579796875000008,0.028402500000001,0.005036919934842396,0.0006382323215563233,0.0006382323215563233,0.0,0.9957080244707687,0.006508878021191357,0.005870645699635034,0.9999030857157023,False
29.038,1,811,812,6.408189999999987,6.408189999999987,0.0,0.029373750000001104,0.029373750000001104,0.09013019531250205,0.08132250000000202,0.005988281250000098,0.029373750000001104,0.005036919934842396,0.0006372708556986529,0.0006372708556986529,0.0,0.9960331923157479,0.006477039472499328,0.005839768616800675,0.9999109172867784,False
29.080000000000002,1,812,813,6.417009999999986,6.417009999999986,0.0,0.030476250000001093,0.030476250000001093,0.09014250000000165,0.0818114062500016,0.006539531250000069,0.030476250000001093,0.005036919934842396,0.0006379170156630758,0.0006379170156630758,0.0,0.9962134933594553,0.006509243297034208,0.005871326281371132,0.9999148876692877,False
29.119,1,813,814,6.425199999999987,6.425199999999987,0.0,0.03150000000000116,0.01575000000000058,0.09000140625000191,0.08064656250000184,0.007563281250000112,0.01575000000000058,0.005036919934842396,0.0006384563984634204,0.0006384563984634204,0.0,0.9964506056221679,0.009941169728350088,0.009302713329886667,0.999916891582586,False
29.164,1,814,815,6.434649999999986,6.434649999999986,0.0,0.016931250000000574,0.016931250000000574,0.09009656250000149,0.08001984375000142,0.00503835937500004,0.016931250000000574,0.005036919934842396,0.0009165282373851056,0.0009165282373851056,0.0,0.996931846329715,0.007191287545423357,0.006274759308038252,0.999933682111587,False
29.212,1,815,816,6.4447299999999865,6.4447299999999865,0.0,0.01819125000000067,0.01819125000000067,0.09009984375000187,0.08380148437500176,0.0052778906250000365,0.01819125000000067,0.005036919934842396,0.0006469178422216975,0.0006469178422216975,0.0,0.9957350800865509,0.005786363168685912,0.0051394453264642145,0.9999028444417315,False
29.242,1,816,817,6.451029999999987,6.451029999999987,0.0,0.018978750000000728,0.018978750000000728,0.09010148437500207,0.08301562500000194,0.005671640625000049,0.018978750000000728,0.005036919934842396,0.0005945705394258783,0.0005945705394258783,0.0,0.9955708115810237,0.005622915449777131,0.005028344910351253,0.9998986609118757,False
29.276,1,817,818,6.458169999999987,6.458169999999987,0.0,0.019871250000000732,0.019871250000000732,0.09015562500000177,0.08319773437500173,0.005842265625000044,0.019871250000000732,0.005036919934842396,0.0005826045163869048,0.0005826045163869048,0.0,0.9959079952024198,0.005714374582882233,0.005131770066495328,0.9999069937047109,False
29.309,1,818,819,6.465099999999987,6.465099999999987,0.0,0.020737500000000797,0.020737500000000797,0.09012773437500207,0.08230359375000199,0.006275390625000057,0.020737500000000797,0.005036919934842396,0.0005903314705318255,0.0005903314705318255,0.0,0.9959964959723259,0.005957571002753841,0.005367239532222015,0.9999093427446156,False
29.346,1,819,820,6.472869999999987,6.472869999999986,-8.881784197001252e-16,0.021708750000000807,0.021708750000000807,0.09007359375000187,0.08167195312500183,0.007246640625000036,0.021708750000000807,0.005036919934842396,0.0006133760867172404,0.0006133760867172404,0.0,0.9962947807498223,0.005513583747100995,0.004900207660383754,0.9999143734634404,False
29.386,1,820,821,6.481269999999986,6.481269999999986,0.0,0.022758750000000823,0.022758750000000823,0.09007195312500166,0.08062031250000165,0.005952187500000187,0.022758750000000823,0.005036919934842396,0.0006454061385405925,0.0006454061385405925,0.0,0.996765078273117,0.006716046263338243,0.006070640124797651,0.9999287973061133,False
29.431,1,821,822,6.490719999999987,6.490719999999987,0.0,0.023940000000000912,0.023940000000000912,0.09007031250000203,0.08015929687500195,0.006542812500000206,0.023940000000000912,0.005036919934842396,0.0006621927447333573,0.0006621927447333573,0.0,0.9962365146871801,0.006983547258585229,0.006321354513851872,0.9999154325354548,False
29.478,1,822,823,6.5005899999999865,6.5005899999999865,0.0,0.02517375000000088,0.02517375000000088,0.09002929687500137,0.08445691406250137,0.005572382812499992,0.02517375000000088,0.005036919934842396,0.000661129481201825,0.000661129481201825,0.0,0.9965484736689808,0.006743956984766347,0.006082827503564522,0.99992402735949,False
29.505,1,823,824,6.506259999999987,6.506259999999987,0.0,0.025882500000000933,0.025882500000000933,0.0901269140625016,0.08384578125000158,0.005710195312499993,0.025882500000000933,0.005036919934842396,0.000658182983686471,0.000658182983686471,0.0,0.9957245243677221,0.006719624844781787,0.006061441861095316,0.9999037380647322,False
29.535,1,824,825,6.512559999999986,6.512559999999986,0.0,0.02667000000000099,0.02667000000000099,0.09014578125000182,0.0836480859375018,0.006103945312500005,0.02667000000000099,0.005036919934842396,0.0006538267288486999,0.0006538267288486999,0.0,0.9958672455074247,0.006680547774694741,0.006026721045846041,0.9999071652948985,False
29.566,1,825,826,6.519069999999987,6.519069999999987,0.0,0.02748375000000099,0.02748375000000099,0.09015808593750158,0.08284664062500158,0.005338593750000085,0.02748375000000099,0.005036919934842396,0.0006497990290486666,0.0006497990290486666,0.0,0.9961186190458723,0.0066395999297143155,0.005989800900665649,0.9999132539504193,False
29.601,1,826,827,6.5264199999999875,6.5264199999999875,0.0,0.028402500000001028,0.028402500000001028,0.09019664062500163,0.08236019531250163,0.0057979687500000834,0.028402500000001028,0.005036919934842396,0.0006467882824925802,0.0006467882824925802,0.0,0.9957081311672196,0.006595596013991352,0.005948807731498772,0.9999031938303363,False
29.638,1,827,828,6.534189999999986,6.534189999999986,0.0,0.029373750000001038,0.029373750000001038,0.09013019531250148,0.08132250000000152,0.005988281250000055,0.029373750000001038,0.005036919934842396,0.0006458560668927782,0.0006458560668927782,0.0,0.9960332993489016,0.006563083439529396,0.005917227372636618,0.99991102689113,False
29.68,1,828,829,6.5430099999999864,6.5430099999999864,0.0,0.03047625000000112,0.03047625000000112,0.0901425000000019,0.08181140625000179,0.006539531250000072,0.03047625000000112,0.005036919934842396,0.0006466775833081817,0.0006466775833081817,0.0,0.9962136024912439,0.0065951095668528165,0.005948431983544635,0.9999150002434152,False
29.719,1,829,830,6.551199999999987,6.551199999999987,0.0,0.03150000000000109,0.015750000000000545,0.09000140625000136,0.08064656250000132,0.007563281250000021,0.015750000000000545,0.005036919934842396,0.0006472733192095089,0.0006472733192095089,0.0,0.996450715609625,0.010062442770795738,0.009415169451586228,0.9999170102941305,False
29.764,1,830,831,6.5606499999999865,6.5606499999999865,0.0,0.016931250000000633,0.016931250000000633,0.09009656250000173,0.08001984375000165,0.0050383593750000415,0.016931250000000633,0.005036919934842396,0.0009293248618729247,0.0009293248618729247,0.0,0.9969319759433992,0.00729531248356257,0.006365987621689645,0.9999338106206785,False
29.812,1,831,832,6.570729999999987,6.570729999999987,0.0,0.018191250000000728,0.018191250000000728,0.0900998437500021,0.083801484375002,0.005277890625000062,0.018191250000000728,0.005036919934842396,0.0006537336099923305,0.0006537336099923305,0.0,0.9957351664819557,0.005856192123086034,0.005202458513093704,0.9999029308919364,False
29.842000000000002,1,832,833,6.577029999999986,6.577029999999986,0.0,0.018978750000000693,0.018978750000000693,0.09010148437500154,0.08301562500000151,0.005671640625000028,0.018978750000000693,0.005036919934842396,0.0006010285935912346,0.0006010285935912346,0.0,0.9955708903839378,0.0056865115161371105,0.005085482922545876,0.9998987401855164,False
29.876,1,833,834,6.584169999999987,6.584169999999987,0.0,0.019871250000000697,0.019871250000000697,0.09015562500000135,0.08319773437500137,0.005842265624999999,0.019871250000000697,0.005036919934842396,0.0005890711078344584,0.0005890711078344584,0.0,0.995908074756199,0.005778954090459334,0.005189882982624875,0.9999070744148676,False
29.909,1,834,835,6.591099999999987,6.591099999999987,0.0,0.020737500000000762,0.020737500000000762,0.09012773437500171,0.0823035937500017,0.006275390625000012,0.020737500000000762,0.005036919934842396,0.0005972283385173817,0.0005972283385173817,0.0,0.9959965826275261,0.006026696957288372,0.00542946861877099,0.9999094316112737,False
29.946,1,835,836,6.5988699999999865,6.598869999999987,8.881784197001252e-16,0.021708750000000773,0.021708750000000773,0.09007359375000158,0.08167195312500156,0.0072466406249999905,0.021708750000000773,0.005036919934842396,0.0006215220020264727,0.0006215220020264727,0.0,0.9962948817021052,0.005588408785545583,0.00496688678351911,0.9999144821094694,False
29.986,1,836,837,6.607269999999987,6.607269999999987,0.0,0.022758750000000882,0.022758750000000882,0.09007195312500214,0.08062031250000207,0.005952187500000225,0.022758750000000882,0.005036919934842396,0.0006546732893263277,0.0006546732893263277,0.0,0.9967651935070436,0.006805094995521191,0.0061504217061948635,0.9999289157112153,False
30.031000000000002,1,837,838,6.616719999999987,6.616719999999987,0.0,0.023940000000000877,0.023940000000000877,0.09007031250000168,0.08015929687500166,0.006542812500000197,0.023940000000000877,0.005036919934842396,0.0006720973330386147,0.0006720973330386147,0.0,0.9962366380148038,0.007074007234613523,0.006401909901574908,0.9999155589031344,False
30.078,1,838,839,6.626589999999987,6.626589999999988,8.881784197001252e-16,0.02517375000000094,0.02517375000000094,0.09002929687500183,0.0844569140625018,0.005572382812500015,0.02517375000000094,0.005036919934842396,0.0006707647572354514,0.0006707647572354514,0.0,0.9965485935899351,0.006840462994056863,0.006169698236821412,0.9999241476106111,False
30.105,1,839,840,6.632259999999988,6.632259999999987,-8.881784197001252e-16,0.02588250000000099,0.02588250000000099,0.09012691406250202,0.08384578125000197,0.005710195312500017,0.02588250000000099,0.005036919934842396,0.0006675074526283437,0.0006675074526283437,0.0,0.9957246405193311,0.006812832086415414,0.00614532463378707,0.9999038545644188,False
30.135,1,840,841,6.638559999999987,6.638559999999987,0.0,0.026670000000000957,0.026670000000000957,0.09014578125000147,0.08364808593750152,0.006103945312499983,0.026670000000000957,0.005036919934842396,0.0006628086112776551,0.0006628086112776551,0.0,0.9958673574478282,0.006770520672608957,0.0061077120613313015,0.9999072777584942,False
30.166,1,841,842,6.645069999999988,6.645069999999987,-8.881784197001252e-16,0.02748375000000105,0.02748375000000105,0.09015808593750203,0.08284664062500202,0.005338593750000103,0.02748375000000105,0.005036919934842396,0.0006585420280514474,0.0006585420280514474,0.0,0.9961187281274356,0.0067273368081752355,0.006068794780123788,0.9999133635597864,False
30.201,1,842,843,6.652419999999988,6.652419999999988,0.0,0.028402500000001087,0.028402500000001087,0.09019664062500207,0.08236019531250201,0.005797968750000102,0.028402500000001087,0.005036919934842396,0.0006553627236385465,0.0006553627236385465,0.0,0.995708238087476,0.006682458969294758,0.0060270962456562115,0.999903302116325,False
30.238,1,843,844,6.660189999999988,6.660189999999988,0.0,0.029373750000001097,0.029373750000001097,0.09013019531250184,0.08132250000000182,0.005988281250000097,0.029373750000001097,0.005036919934842396,0.0006544603520771193,0.0006544603520771193,0.0,0.9960334066108237,0.006649300482833,0.0059948401307558805,0.9999111366887755,False
30.28,1,844,845,6.669009999999988,6.669009999999988,0.0,0.03047625000000118,0.03047625000000118,0.09014250000000221,0.08181140625000208,0.006539531250000114,0.03047625000000118,0.005036919934842396,0.0006554756015596543,0.0006554756015596543,0.0,0.9962137120779361,0.006681400874181814,0.00602592527262216,0.9999151133368666,False
30.319,1,845,846,6.677199999999988,6.677199999999988,0.0,0.03150000000000115,0.015750000000000576,0.09000140625000164,0.08064656250000159,0.007563281250000063,0.015750000000000576,0.005036919934842396,0.0006561171235830965,0.0006561171235830965,0.0,0.9964508259203662,0.010183887894523144,0.009527770770940048,0.9999171296445378,False
30.364,1,846,847,6.686649999999988,6.686649999999988,0.0,0.016931250000000665,0.016931250000000665,0.09009656250000198,0.08001984375000187,0.00503835937500005,0.016931250000000665,0.005036919934842396,0.0009421309693082806,0.0009421309693082806,0.0,0.9969321057463304,0.007399467714036684,0.006457336744728403,0.99993393935349,False
30.412,1,847,848,6.696729999999987,6.696729999999987,0.0,0.018191250000000665,0.018191250000000665,0.0900998437500016,0.08380148437500158,0.0052778906250000365,0.018191250000000665,0.005036919934842396,0.0006605116363186891,0.0006605116363186891,0.0,0.9957352529673212,0.005926077811768387,0.0052655661754496975,0.9999030174313317,False
30.442,1,848,849,6.703029999999988,6.703029999999988,0.0,0.018978750000000724,0.018978750000000724,0.09010148437500187,0.08301562500000183,0.005671640625000049,0.018978750000000724,0.005036919934842396,0.0006074677054227285,0.0006074677054227285,0.0,0.9955709694142013,0.005750274602488097,0.005142806897065369,0.9998988196697337,False
30.476,1,849,850,6.710169999999987,6.710169999999987,0.0,0.01987125000000073,0.01987125000000073,0.09015562500000167,0.08319773437500162,0.00584226562500002,0.01987125000000073,0.005036919934842396,0.0005955225225938793,0.0005955225225938793,0.0,0.9959081545506264,0.0058437230977090235,0.0052482005751151445,0.9999071553478909,False
30.509,1,850,851,6.717099999999988,6.717099999999988,0.0,0.020737500000000793,0.020737500000000793,0.09012773437500196,0.08230359375000189,0.006275390625000033,0.020737500000000793,0.005036919934842396,0.0006042198968541681,0.0006042198968541681,0.0,0.9959966697105552,0.006096134118846207,0.005491914221992039,0.999909520855477,False
30.546,1,851,852,6.724869999999989,6.724869999999989,0.0,0.021708750000000804,0.021708750000000804,0.09007359375000176,0.08167195312500172,0.007246640625000011,0.021708750000000804,0.005036919934842396,0.0006297093193685557,0.0006297093193685557,0.0,0.9962949832317298,0.005663786119177748,0.005034076799809192,0.9999145914843193,False
30.586000000000002,1,852,853,6.7332699999999885,6.7332699999999885,0.0,0.02275875000000082,0.02275875000000082,0.09007195312500156,0.08062031250000155,0.0059521875000001865,0.02275875000000082,0.005036919934842396,0.0006640062660898384,0.0006640062660898384,0.0,0.9967653095382412,0.00689483399081868,0.006230827724728842,0.9999290349097634,False
30.631,1,853,854,6.742719999999988,6.742719999999988,0.0,0.02394000000000091,0.02394000000000091,0.09007031250000191,0.08015929687500188,0.006542812500000205,0.02394000000000091,0.005036919934842396,0.0006820626646493653,0.0006820626646493653,0.0,0.9962367620826796,0.007165077478835123,0.0064830148141857575,0.9999156860340037,False
30.678,1,854,855,6.752589999999989,6.752589999999989,0.0,0.02517375000000097,0.02517375000000097,0.09002929687500204,0.08445691406250201,0.0055723828125000254,0.02517375000000097,0.005036919934842396,0.0006804349615821589,0.0006804349615821589,0.0,0.9965487139242538,0.006937277216142276,0.006256842254560117,0.9999242682513226,False
30.705000000000002,1,855,856,6.7582599999999875,6.7582599999999875,0.0,0.02588250000000093,0.02588250000000093,0.09012691406250148,0.08384578125000153,0.005710195312499981,0.02588250000000093,0.005036919934842396,0.0006768563333792863,0.0006768563333792863,0.0,0.9957247569696048,0.006906264322623784,0.006229407989244498,0.9999039713534736,False
30.735,1,856,857,6.764559999999988,6.764559999999988,0.0,0.026670000000000988,0.026670000000000988,0.09014578125000178,0.08364808593750175,0.006103945312499993,0.026670000000000988,0.005036919934842396,0.0006718052553793823,0.0006718052553793823,0.0,0.9958674695729709,0.006860631841137402,0.00618882658575802,0.9999073903980867,False
30.766000000000002,1,857,858,6.7710699999999875,6.7710699999999875,0.0,0.027483750000000987,0.027483750000000987,0.09015808593750152,0.08284664062500154,0.005338593750000084,0.027483750000000987,0.005036919934842396,0.0006673028889967337,0.0006673028889967337,0.0,0.9961188374264909,0.006815243177138157,0.006147940288141423,0.9999134733855218,False
30.801000000000002,1,858,859,6.778419999999988,6.778419999999988,0.0,0.028402500000001024,0.028402500000001024,0.0901966406250016,0.08236019531250162,0.005797968750000083,0.028402500000001024,0.005036919934842396,0.0006639567795120427,0.0006639567795120427,0.0,0.9957083452431593,0.006769458235858032,0.006105501456345989,0.9999034105638414,False
30.838,1,859,860,6.786189999999989,6.786189999999989,0.0,0.029373750000001128,0.029373750000001128,0.0901301953125022,0.08132250000000217,0.0059882812500001,0.029373750000001128,0.005036919934842396,0.0006630837350109378,0.0006630837350109378,0.0,0.9960335141024002,0.006735673937447041,0.006072590202436104,0.9999112466580931,False
30.88,1,860,861,6.795009999999988,6.795009999999988,0.0,0.030476250000001117,0.030476250000001117,0.0901425000000018,0.08181140625000169,0.006539531250000071,0.030476250000001117,0.005036919934842396,0.0006643063686482364,0.0006643063686482364,0.0,0.9962138220630891,0.006768080050432036,0.006103773681783799,0.9999152269032839,False
30.919,1,861,862,6.803199999999988,6.803199999999988,0.0,0.03150000000000118,0.01575000000000059,0.09000140625000203,0.08064656250000188,0.007563281250000114,0.01575000000000059,0.005036919934842396,0.0006649871809071695,0.0006649871809071695,0.0,0.9964509365488352,0.01030547430876529,0.00964048712785812,0.9999172495900847,False
30.964000000000002,1,862,863,6.812649999999988,6.812649999999988,0.0,0.016931250000000585,0.016931250000000585,0.09009656250000153,0.08001984375000146,0.0050383593750000415,0.016931250000000585,0.005036919934842396,0.0009549372898288117,0.0009549372898288117,0.0,0.996932235660861,0.007503724581297493,0.006548787291468681,0.9999340682749521,False
31.012,1,863,864,6.822729999999988,6.822729999999988,0.0,0.01819125000000068,0.01819125000000068,0.0900998437500019,0.0838014843750018,0.005277890625000037,0.01819125000000068,0.005036919934842396,0.0006672496982386414,0.0006672496982386414,0.0,0.9957353395098187,0.005995994186769778,0.005328744488531136,0.9999031040280458,False
31.042,1,864,865,6.829029999999988,6.829029999999988,0.0,0.018978750000000644,0.018978750000000644,0.09010148437500134,0.08301562500000131,0.0056716406250000035,0.018978750000000644,0.005036919934842396,0.0006138857374880035,0.0006138857374880035,0.0,0.9955710486455767,0.0058141877231698245,0.005200301985681821,0.9998988993441464,False
31.076,1,865,866,6.8361699999999885,6.8361699999999885,0.0,0.019871250000000742,0.019871250000000742,0.0901556250000019,0.08319773437500186,0.005842265625000045,0.019871250000000742,0.005036919934842396,0.0006019578852637192,0.0006019578852637192,0.0,0.9959082345711814,0.005908662583083302,0.005306704697819583,0.9999072364808421,False
31.109,1,866,867,6.843099999999988,6.843099999999988,0.0,0.020737500000000714,0.020737500000000714,0.09012773437500145,0.08230359375000146,0.006275390625000012,0.020737500000000714,0.005036919934842396,0.0006113107778622695,0.0006113107778622695,0.0,0.9959967572291505,0.006165883882429148,0.005554573104566878,0.9999096104766323,False
31.146,1,867,868,6.850869999999989,6.850869999999989,0.0,0.021708750000000818,0.021708750000000818,0.09007359375000208,0.081671953125002,0.007246640625000084,0.021708750000000818,0.005036919934842396,0.0006379354228577183,0.0006379354228577183,0.0,0.996295085307414,0.005739693206504293,0.005101757783646575,0.9999147015472372,False
31.186,1,868,869,6.859269999999988,6.859269999999988,0.0,0.022758750000000834,0.022758750000000834,0.09007195312500182,0.08062031250000178,0.00595218750000019,0.022758750000000834,0.005036919934842396,0.0006734038678506754,0.0006734038678506754,0.0,0.9967654263549811,0.006985253232169392,0.006311849364318716,0.9999291548844407,False
31.231,1,869,870,6.868719999999988,6.868719999999988,0.0,0.02394000000000083,0.02394000000000083,0.0900703125000014,0.08015929687500142,0.006542812500000162,0.02394000000000083,0.005036919934842396,0.0006920884401746917,0.0006920884401746917,0.0,0.9962368868886867,0.007256757207320663,0.006564668767145972,0.9999158139205572,False
31.278000000000002,1,870,871,6.878589999999988,6.878589999999988,0.0,0.02517375000000089,0.02517375000000089,0.09002929687500158,0.08445691406250158,0.005572382812499992,0.02517375000000089,0.005036919934842396,0.0006901387161340117,0.0006901387161340117,0.0,0.9965488346543382,0.007034380443623298,0.006344241727489286,0.9999243892578922,False
31.305,1,871,872,6.884259999999989,6.884259999999989,0.0,0.025882500000000943,0.025882500000000943,0.09012691406250181,0.08384578125000179,0.005710195312500017,0.025882500000000943,0.005036919934842396,0.000686226695991529,0.000686226695991529,0.0,0.9957248736767148,0.00699989304938186,0.006313666353390331,0.9999040883955964,False
31.335,1,872,873,6.890559999999988,6.890559999999988,0.0,0.026670000000001002,0.026670000000001002,0.09014578125000203,0.08364808593750198,0.006103945312500029,0.026670000000001002,0.005036919934842396,0.0006808141116829619,0.0006808141116829619,0.0,0.9958675818446656,0.006950855539847062,0.0062700414281641,0.9999075031817807,False
31.366,1,873,874,6.897069999999989,6.897069999999989,0.0,0.027483750000001,0.027483750000001,0.09015808593750176,0.08284664062500173,0.0053385937500000855,0.027483750000001,0.005036919934842396,0.0006760788489515502,0.0006760788489515502,0.0,0.9961189469039166,0.006903299871812735,0.006227221022861185,0.999913583402346,False
31.401,1,874,875,6.904419999999989,6.9044199999999885,-8.881784197001252e-16,0.028402500000001038,0.028402500000001038,0.0901966406250018,0.08236019531250179,0.005797968750000084,0.028402500000001038,0.005036919934842396,0.0006725719578446886,0.0006725719578446886,0.0,0.9957084526542774,0.006856603991205428,0.006184032033360739,0.9999035191861837,False
31.438000000000002,1,875,876,6.912189999999988,6.912189999999988,0.0,0.02937375000000105,0.02937375000000105,0.09013019531250162,0.08132250000000163,0.00598828125000008,0.02937375000000105,0.005036919934842396,0.0006717278402083934,0.0006717278402083934,0.0,0.9960336218450967,0.006822205016772984,0.00615047717656459,0.9999113567997979,False
31.48,1,876,877,6.921009999999988,6.921009999999988,0.0,0.03047625000000113,0.03047625000000113,0.09014250000000201,0.08181140625000191,0.006539531250000097,0.03047625000000113,0.005036919934842396,0.0006731654801681592,0.0006731654801681592,0.0,0.9962139323922025,0.006855107833260682,0.006181942353092522,0.9999153408939649,False
31.519000000000002,1,877,878,6.929199999999988,6.929199999999989,8.881784197001252e-16,0.031500000000001104,0.015750000000000552,0.09000140625000148,0.08064656250000143,0.0075632812500000465,0.015750000000000552,0.005036919934842396,0.0006738849814402273,0.0006738849814402273,0.0,0.9964510475135614,0.010427193639051256,0.009753308657611029,0.9999173701118585,False
31.564,1,878,879,6.938649999999988,6.938649999999988,0.0,0.01693125000000064,0.01693125000000064,0.09009656250000184,0.08001984375000176,0.0050383593750000415,0.01693125000000064,0.005036919934842396,0.0009677333967783123,0.0009677333967783123,0.0,0.9969323655955189,0.007608040907828781,0.006640307511050468,0.9999341973352229,False
31.612000000000002,1,879,880,6.948729999999989,6.948729999999989,0.0,0.01819125000000064,0.01819125000000064,0.09009984375000146,0.08380148437500146,0.005277890625000028,0.01819125000000064,0.005036919934842396,0.0006740231049012653,0.0006740231049012653,0.0,0.9957354260892286,0.006065925254121706,0.00539190214922044,0.9999031906614557,False
31.642,1,880,881,6.955029999999988,6.955029999999988,0.0,0.0189787500000007,0.0189787500000007,0.09010148437500176,0.08301562500000172,0.00567164062500004,0.0189787500000007,0.005036919934842396,0.0006202813318701714,0.0006202813318701714,0.0,0.9955711280563244,0.005878239040983221,0.005257957709113049,0.9998989791955967,False
31.676000000000002,1,881,882,6.962169999999988,6.962169999999988,0.0,0.019871250000000704,0.019871250000000704,0.09015562500000156,0.08319773437500153,0.005842265625000012,0.019871250000000704,0.005036919934842396,0.0006083773142747533,0.0006083773142747533,0.0,0.99590831481646,0.005973764606287974,0.005365387292013221,0.9999073178051108,False
31.709,1,882,883,6.9690999999999885,6.9690999999999885,0.0,0.02073750000000077,0.02073750000000077,0.09012773437500185,0.08230359375000179,0.006275390625000025,0.02073750000000077,0.005036919934842396,0.000618408377818376,0.000618408377818376,0.0,0.9959968452004201,0.006235928503810995,0.005617520125992618,0.9999097004586348,False
31.746000000000002,1,883,884,6.976869999999989,6.976869999999989,0.0,0.02170875000000078,0.02170875000000078,0.09007359375000168,0.08167195312500164,0.0072466406250000035,0.02170875000000078,0.005036919934842396,0.0006461985775926218,0.0006461985775926218,0.0,0.9962951879109299,0.005816111138226339,0.005169912560633717,0.9999148122666391,False
31.786,1,884,885,6.985269999999989,6.985269999999989,0.0,0.022758750000000796,0.022758750000000796,0.09007195312500148,0.08062031250000148,0.00595218750000018,0.022758750000000796,0.005036919934842396,0.0006828653383085711,0.0006828653383085711,0.0,0.9967655439510956,0.007076345207269387,0.006393479868960816,0.9999292756233661,False
31.831,1,885,886,6.9947199999999885,6.9947199999999885,0.0,0.023940000000000884,0.023940000000000884,0.09007031250000185,0.08015929687500181,0.006542812500000199,0.023940000000000884,0.005036919934842396,0.0007021744923645769,0.0007021744923645769,0.0,0.9962370124302808,0.007349047872360667,0.00664687337999609,0.999915942560048,False
31.878,1,886,887,7.00458999999999,7.00458999999999,0.0,0.025173750000000945,0.025173750000000945,0.09002929687500197,0.08445691406250194,0.005572382812500021,0.025173750000000945,0.005036919934842396,0.0006998747538369428,0.0006998747538369428,0.0,0.9965489557643669,0.007131756886866611,0.006431882133029668,0.9999245106111305,False
31.905,1,887,888,7.01025999999999,7.01025999999999,0.0,0.025882500000001,0.025882500000001,0.09012691406250216,0.08384578125000211,0.005710195312500024,0.025882500000001,0.005036919934842396,0.0006956147977776783,0.0006956147977776783,0.0,0.9957249905987576,0.0070936880918393355,0.006398073294061658,0.9999042056531889,False
31.935000000000002,1,888,889,7.0165599999999895,7.0165599999999895,0.0,0.026670000000000964,0.026670000000000964,0.09014578125000161,0.08364808593750164,0.00610394531249999,0.026670000000000964,0.005036919934842396,0.0006898316968726889,0.0006898316968726889,0.0,0.9958676942229475,0.007041164875386918,0.006351333178514229,0.9999076160751462,False
31.966,1,889,890,7.02306999999999,7.02306999999999,0.0,0.027483750000001056,0.027483750000001056,0.09015808593750216,0.08284664062500213,0.005338593750000127,0.027483750000001056,0.005036919934842396,0.00068486609492546,0.00068486609492546,0.0,0.9961190565156913,0.006991482927727222,0.006306616832801762,0.9999136935803508,False
32.001,1,890,891,7.03041999999999,7.03041999999999,0.0,0.028402500000001094,0.028402500000001094,0.09019664062500218,0.08236019531250213,0.005797968750000127,0.028402500000001094,0.005036919934842396,0.0006812096491187945,0.0006812096491187945,0.0,0.9957085603368889,0.0069439087407525656,0.006262699091633771,0.9999036279999437,False
32.038000000000004,1,891,892,7.0381899999999895,7.0381899999999895,0.0,0.029373750000001104,0.029373750000001104,0.09013019531250198,0.08132250000000193,0.005988281250000109,0.029373750000001104,0.005036919934842396,0.0006803953056715328,0.0006803953056715328,0.0,0.9960337298708428,0.0069089052752088626,0.00622850996953733,0.9999114671276641,False
32.08,1,892,893,7.04700999999999,7.04700999999999,0.0,0.030476250000001186,0.030476250000001186,0.09014250000000229,0.08181140625000216,0.006539531250000138,0.030476250000001186,0.005036919934842396,0.0006820482931848918,0.0006820482931848918,0.0,0.9962140430097183,0.006942438454353869,0.006260390161168978,0.9999154552522483,False
32.119,1,893,894,7.055199999999989,7.055199999999989,0.0,0.03150000000000104,0.01575000000000052,0.090001406250001,0.08064656250000099,0.007563281249999983,0.01575000000000052,0.005036919934842396,0.0006828129930963255,0.0006828129930963255,0.0,0.9964511588457609,0.010549050555324374,0.009866237562228049,0.9999174912048618,False
32.164,1,894,895,7.06464999999999,7.06464999999999,0.0,0.01693125000000061,0.01693125000000061,0.09009656250000153,0.08001984375000148,0.00503835937500003,0.01693125000000061,0.005036919934842396,0.0009805081844562623,0.0009805081844562623,0.0,0.9969324954460058,0.007712358473946093,0.006731850289489831,0.9999343264648122,False
32.212,1,895,896,7.07472999999999,7.07472999999999,0.0,0.018191250000000703,0.018191250000000703,0.09009984375000202,0.08380148437500194,0.0052778906250000625,0.018191250000000703,0.005036919934842396,0.0006811447010798821,0.0006811447010798821,0.0,0.9957355126909002,0.006135859713811677,0.0054547150127317945,0.9999032773173855,False
32.242,1,896,897,7.0810299999999895,7.0810299999999895,0.0,0.018978750000000762,0.018978750000000762,0.09010148437500226,0.08301562500000216,0.005671640625000083,0.018978750000000762,0.005036919934842396,0.0006266526101074441,0.0006266526101074441,0.0,0.9955712076269846,0.005942419981792967,0.005315767371685523,0.9998990592138174,False
32.276,1,897,898,7.088169999999989,7.088169999999989,0.0,0.019871250000000767,0.019871250000000767,0.090155625000002,0.08319773437500196,0.0058422656250000675,0.019871250000000767,0.005036919934842396,0.0006147815918663847,0.0006147815918663847,0.0,0.9959083952891314,0.00603902616267547,0.005424244570809085,0.999907399318223,False
32.309,1,898,899,7.09509999999999,7.09509999999999,0.0,0.02073750000000083,0.02073750000000083,0.09012773437500227,0.08230359375000218,0.00627539062500009,0.02073750000000083,0.005036919934842396,0.0006255144468452417,0.0006255144468452417,0.0,0.995996933637836,0.006306284038916352,0.00568076959207111,0.9999097908191006,False
32.346000000000004,1,899,900,7.10286999999999,7.10286999999999,0.0,0.021708750000000842,0.021708750000000842,0.09007359375000204,0.08167195312500197,0.007246640625000058,0.021708750000000842,0.005036919934842396,0.0006544974592881811,0.0006544974592881811,0.0,0.9962952910231433,0.005893015459333264,0.005238518000045083,0.9999149236060217,False
32.386,1,900,901,7.1112699999999895,7.1112699999999895,0.0,0.022758750000000858,0.022758750000000858,0.09007195312500191,0.08062031250000187,0.005952187500000207,0.022758750000000858,0.005036919934842396,0.0006923892470592267,0.0006923892470592267,0.0,0.9967656623115381,0.007168094955068434,0.006475705708009207,0.9999293971048472,False
32.431,1,901,902,7.12071999999999,7.12071999999999,0.0,0.023940000000000947,0.023940000000000947,0.09007031250000233,0.08015929687500223,0.0065428125000002385,0.023940000000000947,0.005036919934842396,0.000712320738859354,0.000712320738859354,0.0,0.9962371387047781,0.00744194879547299,0.006729628056613636,0.9999160719530031,False
32.478,1,902,903,7.130589999999989,7.130589999999989,0.0,0.025173750000000914,0.025173750000000914,0.09002929687500169,0.08445691406250166,0.005572382812500028,0.025173750000000914,0.005036919934842396,0.0007096406197221599,0.0007096406197221599,0.0,0.9965490772237093,0.007229381906741203,0.006519741287019043,0.9999246322805134,False
32.505,1,903,904,7.136259999999989,7.136259999999989,0.0,0.025882500000000967,0.025882500000000967,0.09012691406250198,0.08384578125000192,0.00571019531250004,0.025882500000000967,0.005036919934842396,0.0007050163160691608,0.0007050163160691608,0.0,0.9957251076804964,0.00718760923775448,0.00648259292168532,0.9999043230751624,False
32.535000000000004,1,904,905,7.142559999999991,7.142559999999991,0.0,0.026670000000001026,0.026670000000001026,0.09014578125000224,0.08364808593750217,0.006103945312500061,0.026670000000001026,0.005036919934842396,0.0006988539331540529,0.0006988539331540529,0.0,0.9958678066581347,0.007131524524472334,0.0064326705913182805,0.9999077290336601,False
32.566,1,905,906,7.149069999999989,7.149069999999989,0.0,0.027483750000001025,0.027483750000001025,0.09015808593750199,0.08284664062500195,0.005338593750000115,0.027483750000001025,0.005036919934842396,0.0006936602647674569,0.0006936602647674569,0.0,0.9961191662064197,0.007079758801397322,0.006386098536629865,0.9999138038762303,False
32.601,1,906,907,7.156419999999991,7.156419999999991,0.0,0.028402500000001156,0.028402500000001156,0.09019664062500278,0.08236019531250266,0.00579796875000017,0.028402500000001156,0.005036919934842396,0.0006898704982814518,0.0006898704982814518,0.0,0.9957086682971152,0.007031381606756457,0.006341511108475005,0.9999037370175131,False
32.638,1,907,908,7.164189999999991,7.164189999999991,0.0,0.029373750000001166,0.029373750000001166,0.09013019531250252,0.0813225000000024,0.005988281250000156,0.029373750000001166,0.005036919934842396,0.0006890888178842999,0.0006890888178842999,0.0,0.9960338382130104,0.006995792251241785,0.006306703433357485,0.9999115776625808,False
32.68,1,908,909,7.173009999999989,7.173009999999989,0.0,0.03047625000000106,0.03047625000000106,0.09014250000000129,0.08181140625000126,0.006539531250000092,0.03047625000000106,0.005036919934842396,0.0006909501837203247,0.0006909501837203247,0.0,0.9962141538603685,0.007030020883953221,0.0063390707002328964,0.9999155699138126,False
32.719,1,909,910,7.18119999999999,7.18119999999999,0.0,0.031500000000001104,0.015750000000000552,0.09000140625000161,0.08064656250000152,0.007563281250000124,0.015750000000000552,0.005036919934842396,0.0006917745842805914,0.0006917745842805914,0.0,0.9964512705845366,0.010671058428461482,0.00997928384418089,0.9999176128757238,False
32.764,1,910,911,7.190649999999991,7.190649999999991,0.0,0.01693125000000064,0.01693125000000064,0.09009656250000206,0.08001984375000196,0.005038359375000052,0.01693125000000064,0.005036919934842396,0.000993242022104001,0.000993242022104001,0.0,0.9969326250367758,0.007816545322848263,0.006823303300744262,0.9999344555080049,False
32.812,1,911,912,7.200729999999991,7.200729999999991,0.0,0.018191250000000735,0.018191250000000735,0.09009984375000249,0.0838014843750024,0.005277890625000086,0.018191250000000735,0.005036919934842396,0.0006882212917248584,0.0006882212917248584,0.0,0.9957355992815466,0.00620577041059827,0.005517549118873411,0.9999033639619797,False
32.842,1,912,913,7.207029999999991,7.207029999999992,8.881784197001252e-16,0.018978750000000794,0.018978750000000794,0.09010148437500272,0.0830156250000026,0.005671640625000107,0.018978750000000794,0.005036919934842396,0.0006329969946956169,0.0006329969946956169,0.0,0.9955712873224395,0.006006708145885779,0.005373711151190162,0.9998991393714439,False
32.876,1,913,914,7.214169999999991,7.214169999999991,0.0,0.019871250000000798,0.019871250000000798,0.09015562500000245,0.08319773437500237,0.005842265625000138,0.019871250000000798,0.005036919934842396,0.0006211709078388954,0.0006211709078388954,0.0,0.9959084759879773,0.00610444255049921,0.005483271642660315,0.9999074810156854,False
32.909,1,914,915,7.221099999999992,7.221099999999991,-8.881784197001252e-16,0.020737500000000863,0.020737500000000863,0.09012773437500268,0.08230359375000257,0.006275390625000161,0.020737500000000863,0.005036919934842396,0.0006326309423178271,0.0006326309423178271,0.0,0.9959970225508102,0.006376995143534861,0.0057443642012170336,0.9999098816045794,False
32.946,1,915,916,7.228869999999992,7.228869999999992,0.0,0.021708750000000873,0.021708750000000873,0.09007359375000243,0.08167195312500235,0.007246640625000128,0.021708750000000873,0.005036919934842396,0.0006628316722938628,0.0006628316722938628,0.0,0.9962953946399302,0.0059703934675707955,0.0053075617952769326,0.9999150355408055,False
32.986000000000004,1,916,917,7.237269999999992,7.237269999999992,0.0,0.02275875000000089,0.02275875000000089,0.0900719531250023,0.08062031250000222,0.005952187500000215,0.02275875000000089,0.005036919934842396,0.0007019754080593735,0.0007019754080593735,0.0,0.9967657814346591,0.007260497774660694,0.006558522366601321,0.999929519321931,False
33.031,1,917,918,7.246719999999992,7.246719999999992,0.0,0.023940000000000978,0.023940000000000978,0.09007031250000269,0.0801592968750025,0.006542812500000246,0.023940000000000978,0.005036919934842396,0.0007225264647065101,0.0007225264647065101,0.0,0.9962372657051074,0.007535464352861843,0.006812937888155332,0.9999162020967193,False
33.078,1,918,919,7.256589999999991,7.256589999999991,0.0,0.025173750000000945,0.025173750000000945,0.09002929687500197,0.08445691406250191,0.005572382812500064,0.025173750000000945,0.005036919934842396,0.0007194346203243207,0.0007194346203243207,0.0,0.9965491990123375,0.007327242599903493,0.0066078079795791715,0.9999247542499786,False
33.105000000000004,1,919,920,7.2622599999999915,7.2622599999999915,0.0,0.025882500000001,0.025882500000001,0.09012691406250221,0.08384578125000212,0.005710195312500076,0.025882500000001,0.005036919934842396,0.0007144274377264363,0.0007144274377264363,0.0,0.9957252248795203,0.007281625336539546,0.00656719789881311,0.9999044406219586,False
33.135,1,920,921,7.268559999999992,7.268559999999992,0.0,0.026670000000001057,0.026670000000001057,0.09014578125000244,0.08364808593750234,0.0061039453125000965,0.026670000000001057,0.005036919934842396,0.0007078775033547051,0.0007078775033547051,0.0,0.9958679191100311,0.00722190629986081,0.006514028796506105,0.9999078420213244,False
33.166000000000004,1,921,922,7.275069999999992,7.275069999999992,0.0,0.027483750000001056,0.027483750000001056,0.09015808593750216,0.0828466406250021,0.005338593750000119,0.027483750000001056,0.005036919934842396,0.0007024574200616605,0.0007024574200616605,0.0,0.9961192759279527,0.007168097613992411,0.00646564019393075,0.9999139142513302,False
33.201,1,922,923,7.282419999999991,7.282419999999991,0.0,0.028402500000001,0.028402500000001,0.09019664062500143,0.08236019531250147,0.005797968750000082,0.028402500000001,0.005036919934842396,0.0006985551634885647,0.0006985551634885647,0.0,0.9957087765441625,0.00711903855801581,0.006420483394527245,0.9999038462593793,False
33.238,1,923,924,7.290189999999991,7.290189999999991,0.0,0.02937375000000101,0.02937375000000101,0.09013019531250131,0.08132250000000135,0.005988281250000067,0.02937375000000101,0.005036919934842396,0.0006978121140038805,0.0006978121140038805,0.0,0.9960339469173802,0.0070828982412019514,0.006385086127198071,0.9999116884452084,False
33.28,1,924,925,7.299009999999992,7.299009999999991,-8.881784197001252e-16,0.030476250000001093,0.030476250000001093,0.09014250000000174,0.0818114062500017,0.0065395312500000965,0.030476250000001093,0.005036919934842396,0.0006998682391281195,0.0006998682391281195,0.0,0.996214264909714,0.0071178149303562505,0.006417946691228131,0.9999156848288612,False
33.319,1,925,926,7.307199999999992,7.307199999999992,0.0,0.03150000000000114,0.01575000000000057,0.09000140625000205,0.08064656250000196,0.007563281250000128,0.01575000000000057,0.005036919934842396,0.0007007743623818132,0.0007007743623818132,0.0,0.9964513827874237,0.010793254115372082,0.010092479752990269,0.9999177351565489,False
33.364,1,926,927,7.316649999999992,7.316649999999992,0.0,0.016931250000000658,0.016931250000000658,0.09009656250000249,0.08001984375000229,0.005038359375000101,0.016931250000000658,0.005036919934842396,0.0010059221153920343,0.0010059221153920343,0.0,0.9969327542314649,0.0079204870814319,0.006914564966039866,0.9999345843287178,False
33.412,1,927,928,7.326729999999992,7.326729999999992,0.0,0.018191250000000752,0.018191250000000752,0.09009984375000282,0.08380148437500268,0.0052778906250001345,0.018191250000000752,0.005036919934842396,0.0006952514121191108,0.0006952514121191108,0.0,0.9957356858385376,0.006275639210090087,0.005580387797970977,0.9999034505727145,False
33.442,1,928,929,7.333029999999992,7.333029999999992,0.0,0.018978750000000624,0.018978750000000624,0.09010148437500151,0.08301562500000154,0.0056716406250000625,0.018978750000000624,0.005036919934842396,0.0006393116694013988,0.0006393116694013988,0.0,0.9955713671120391,0.006071084979757065,0.005431773310355666,0.9998992196453917,False
33.476,1,929,930,7.340169999999993,7.340169999999993,0.0,0.019871250000000815,0.019871250000000815,0.09015562500000286,0.08319773437500275,0.0058422656250001394,0.019871250000000815,0.005036919934842396,0.000627546441517132,0.000627546441517132,0.0,0.9959085569165878,0.006170016095872172,0.00554246965435504,0.9999075629019144,False
33.509,1,930,931,7.347099999999992,7.347099999999992,0.0,0.020737500000000693,0.020737500000000693,0.09012773437500156,0.0823035937500016,0.0062753906250000695,0.020737500000000693,0.005036919934842396,0.0006397596133153346,0.0006397596133153346,0.0,0.9959971119476866,0.006448076958727282,0.005808317345411948,0.9999099728340447,False
33.546,1,931,932,7.354869999999993,7.354869999999993,0.0,0.02170875000000089,0.02170875000000089,0.09007359375000294,0.08167195312500272,0.007246640625000224,0.02170875000000089,0.005036919934842396,0.0006712023096866702,0.0006712023096866702,0.0,0.9962954987757481,0.006048243386586171,0.005377041076899501,0.9999151480657507,False
33.586,1,932,933,7.363269999999993,7.363269999999993,0.0,0.022758750000000907,0.022758750000000907,0.09007195312500266,0.08062031250000244,0.0059521875000002195,0.022758750000000907,0.005036919934842396,0.0007116241229260505,0.0007116241229260505,0.0,0.9967659013289858,0.007353558505425371,0.006641934382499321,0.9999296422788368,False
33.631,1,933,934,7.372719999999992,7.372719999999992,0.0,0.023940000000000808,0.023940000000000808,0.09007031250000141,0.08015929687500142,0.006542812500000158,0.023940000000000808,0.005036919934842396,0.0007327903073343576,0.0007327903073343576,0.0,0.9962373934126811,0.00762959645319438,0.006896806145860023,0.9999163329832376,False
33.678,1,934,935,7.382589999999993,7.382589999999993,0.0,0.025173750000000963,0.025173750000000963,0.09002929687500238,0.08445691406250233,0.005572382812500064,0.025173750000000963,0.005036919934842396,0.0007292550099051438,0.0007292550099051438,0.0,0.9965493211077571,0.0074253277520173674,0.006696072742112223,0.9999248765058458,False
33.705,1,935,936,7.388259999999994,7.388259999999994,0.0,0.025882500000001016,0.025882500000001016,0.09012691406250262,0.08384578125000253,0.005710195312500123,0.025882500000001016,0.005036919934842396,0.0007238454721258627,0.0007238454721258627,0.0,0.9957253421561634,0.0073757070937772035,0.006651861621651341,0.9999045582567725,False
33.735,1,936,937,7.394559999999993,7.394559999999993,0.0,0.026670000000001075,0.026670000000001075,0.09014578125000286,0.08364808593750271,0.006103945312500144,0.026670000000001075,0.005036919934842396,0.0007168995718209143,0.0007168995718209143,0.0,0.9958680315409879,0.0073122833190638475,0.006595383747242933,0.9999079550039045,False
33.766,1,937,938,7.401069999999994,7.401069999999994,0.0,0.027483750000001073,0.027483750000001073,0.09015808593750252,0.08284664062500241,0.005338593750000121,0.027483750000001073,0.005036919934842396,0.0007112536097439533,0.0007112536097439533,0.0,0.9961193856326707,0.007256467890439558,0.0065452142806956045,0.9999140246654175,False
33.801,1,938,939,7.4084199999999925,7.4084199999999925,0.0,0.028402500000001017,0.028402500000001017,0.09019664062500174,0.08236019531250174,0.0057979687500000834,0.028402500000001017,0.005036919934842396,0.0007072641779370232,0.0007072641779370232,0.0,0.9957088850825904,0.007206894900684189,0.006499630722747165,0.9999039557457774,False
33.838,1,939,940,7.416189999999993,7.416189999999993,0.0,0.029373750000001028,0.029373750000001028,0.09013019531250159,0.08132250000000157,0.005988281250000116,0.029373750000001028,0.005036919934842396,0.0007065689791572723,0.0007065689791572723,0.0,0.9960340560295531,0.007170260607827647,0.006463691628670375,0.999911799521875,False
33.88,1,940,941,7.425009999999993,7.425009999999993,0.0,0.03047625000000111,0.03047625000000111,0.09014250000000196,0.08181140625000191,0.006539531250000145,0.03047625000000111,0.005036919934842396,0.0007088009032963908,0.0007088009032963908,0.0,0.996214376138851,0.007205788542912636,0.0064969876396162455,0.9999157999563865,False
33.919000000000004,1,941,942,7.433199999999994,7.433199999999994,0.0,0.03150000000000115,0.015750000000000576,0.09000140625000226,0.08064656250000217,0.007563281250000177,0.015750000000000576,0.005036919934842396,0.0007098174016740074,0.0007098174016740074,0.0,0.9964514955150302,0.010915681579824407,0.0102058641781504,0.9999178580901451,False
33.964,1,942,943,7.442649999999993,7.442649999999993,0.0,0.016931250000000665,0.016931250000000665,0.0900965625000027,0.0800198437500025,0.005038359375000101,0.016931250000000665,0.005036919934842396,0.0010185355479184791,0.0010185355479184791,0.0,0.9969328829047099,0.008024057696485468,0.007005522148566989,0.9999347127784414,False
34.012,1,943,944,7.452729999999994,7.452729999999994,0.0,0.01819125000000057,0.01819125000000057,0.09009984375000155,0.0838014843750016,0.005277890625000066,0.01819125000000057,0.005036919934842396,0.0007022336553879286,0.0007022336553879286,0.0,0.9957357723476156,0.006345454405978605,0.005643220750590676,0.9999035371345495,False
34.042,1,944,945,7.459029999999993,7.459029999999993,0.0,0.01897875000000063,0.01897875000000063,0.0901014843750019,0.08301562500000192,0.005671640625000087,0.01897875000000063,0.005036919934842396,0.0006455945697874404,0.0006455945697874404,0.0,0.9955714469670469,0.006135532784233261,0.00548993821444582,0.9998993000137312,False
34.076,1,945,946,7.466169999999993,7.466169999999993,0.0,0.019871250000000635,0.019871250000000635,0.09015562500000177,0.08319773437500172,0.005842265625000071,0.019871250000000635,0.005036919934842396,0.0006339097967114487,0.0006339097967114487,0.0,0.9959086380823834,0.006235752398820942,0.0056018426021094934,0.9999076449859642,False
34.109,1,946,947,7.473099999999993,7.473099999999993,0.0,0.0207375000000007,0.0207375000000007,0.09012773437500203,0.08230359375000193,0.006275390625000094,0.0207375000000007,0.005036919934842396,0.0006469013592200023,0.0006469013592200023,0.0,0.9959972018326666,0.0065195438030721045,0.005872642443852102,0.9999100645256577,False
34.146,1,947,948,7.480869999999992,7.480869999999992,0.0,0.02170875000000071,0.02170875000000071,0.09007359375000179,0.08167195312500174,0.007246640625000062,0.02170875000000071,0.005036919934842396,0.0006796118770169855,0.0006796118770169855,0.0,0.9962956034521322,0.006126568582940167,0.005446956705923182,0.9999152611835455,False
34.186,1,948,949,7.489269999999992,7.489269999999992,0.0,0.022758750000000726,0.022758750000000726,0.09007195312500167,0.08062031250000162,0.005952187500000174,0.022758750000000726,0.005036919934842396,0.0007213355787769739,0.0007213355787769739,0.0,0.9967660219968829,0.007447200769586847,0.006725865190809872,0.9999297658939568,False
34.231,1,949,950,7.498719999999993,7.498719999999993,0.0,0.023940000000000815,0.023940000000000815,0.09007031250000211,0.08015929687500198,0.006542812500000206,0.023940000000000815,0.005036919934842396,0.0007431094905028363,0.0007431094905028363,0.0,0.996237521794733,0.007724336442144514,0.006981226951641677,0.9999164645911112,False
34.278,1,950,951,7.5085899999999945,7.5085899999999945,0.0,0.02517375000000097,0.02517375000000097,0.09002929687500294,0.08445691406250282,0.005572382812500123,0.02517375000000097,0.005036919934842396,0.0007390990455721405,0.0007390990455721405,0.0,0.9965494434770827,0.007523619556447467,0.006784520510875326,0.9999249990258045,False
34.305,1,951,952,7.514259999999993,7.514259999999993,0.0,0.025882500000000835,0.025882500000000835,0.09012691406250162,0.08384578125000167,0.005710195312500043,0.025882500000000835,0.005036919934842396,0.0007332666217937104,0.0007332666217937104,0.0,0.9957254594681307,0.0074698224684491416,0.0067365558466554315,0.9999046759383757,False
34.335,1,952,953,7.5205599999999935,7.5205599999999935,0.0,0.026670000000000894,0.026670000000000894,0.09014578125000199,0.08364808593750192,0.0061039453125000635,0.026670000000000894,0.005036919934842396,0.0007259167334595789,0.0007259167334595789,0.0,0.9958681439094464,0.007402624100559349,0.00667670736709977,0.999908067941125,False
34.366,1,953,954,7.527069999999993,7.527069999999993,0.0,0.027483750000000893,0.027483750000000893,0.09015808593750173,0.0828466406250017,0.005338593750000099,0.027483750000000893,0.005036919934842396,0.0007200447679405934,0.0007200447679405934,0.0,0.9961194952677838,0.007344831148730378,0.006624786380789785,0.9999141350688693,False
34.401,1,954,955,7.534419999999994,7.534419999999994,0.0,0.028402500000001024,0.028402500000001024,0.09019664062500252,0.08236019531250241,0.0057979687500001546,0.028402500000001024,0.005036919934842396,0.0007159965077426243,0.0007159965077426243,0.0,0.9957089939016907,0.007294955818957645,0.006578959311215021,0.9999040654839291,False
34.438,1,955,956,7.542189999999994,7.542189999999994,0.0,0.029373750000001034,0.029373750000001034,0.09013019531250226,0.08132250000000216,0.005988281250000139,0.029373750000001034,0.005036919934842396,0.0007153619424094445,0.0007153619424094445,0.0,0.9960341655808529,0.0072578734103050935,0.006542511467895649,0.9999119108925856,False
34.480000000000004,1,956,957,7.5510099999999944,7.5510099999999944,0.0,0.030476250000001117,0.030476250000001117,0.09014250000000253,0.08181140625000233,0.0065395312500001685,0.030476250000001117,0.005036919934842396,0.0007177473363899859,0.0007177473363899859,0.0,0.9962144875402833,0.0072939154981276205,0.006576168161737635,0.99991591526198,False
34.519,1,957,958,7.559199999999994,7.559199999999994,0.0,0.03150000000000116,0.01575000000000058,0.09000140625000266,0.0806465625000024,0.0075632812500002,0.01575000000000058,0.005036919934842396,0.0007189079431333143,0.0007189079431333143,0.0,0.9964516088192402,0.011038379251829955,0.010319471308696641,0.9999179817176267,False
34.564,1,958,959,7.568649999999994,7.568649999999994,0.0,0.01693125000000048,0.01693125000000048,0.09009656250000145,0.08001984375000136,0.005038359375000044,0.01693125000000048,0.005036919934842396,0.001031072668978619,0.001031072668978619,0.0,0.9969330109680203,0.008127140391351179,0.0070960677223725595,0.9999348407199119,False
34.612,1,959,960,7.578729999999994,7.578729999999994,0.0,0.018191250000000575,0.018191250000000575,0.09009984375000189,0.08380148437500182,0.005277890625000077,0.018191250000000575,0.005036919934842396,0.0007091675191110997,0.0007091675191110997,0.0,0.995735858796668,0.0064152065205747184,0.005706039001463619,0.9999036236355101,False
34.642,1,960,961,7.585029999999994,7.585029999999994,0.0,0.018978750000000634,0.018978750000000634,0.09010148437500214,0.08301562500000204,0.005671640625000098,0.018978750000000634,0.005036919934842396,0.0006518436480415996,0.0006518436480415996,0.0,0.9955715268581764,0.006200032357828306,0.005548188709786707,0.9998993804518491,False
34.676,1,961,962,7.592169999999995,7.592169999999995,0.0,0.01987125000000064,0.01987125000000064,0.09015562500000186,0.0831977343750018,0.005842265625000082,0.01987125000000064,0.005036919934842396,0.0006402616290299198,0.0006402616290299198,0.0,0.9959087194839761,0.006301653400811874,0.005661391771781954,0.9999077272713369,False
34.709,1,962,963,7.599099999999995,7.599099999999995,0.0,0.020737500000000703,0.020737500000000703,0.0901277343750021,0.08230359375000201,0.006275390625000105,0.020737500000000703,0.005036919934842396,0.0006541883254716416,0.0006541883254716416,0.0,0.9959972921910871,0.006591397127024605,0.005937208801552963,0.9999101566810827,False
34.746,1,963,964,7.6068699999999945,7.6068699999999945,0.0,0.021708750000000714,0.021708750000000714,0.09007359375000187,0.08167195312500179,0.007246640625000073,0.021708750000000714,0.005036919934842396,0.0006880623054223579,0.0006880623054223579,0.0,0.9962957086896357,0.006205372874233183,0.005517310568810825,0.9999153748964262,False
34.786,1,964,965,7.615269999999994,7.615269999999994,0.0,0.02275875000000073,0.02275875000000073,0.09007195312500174,0.08062031250000168,0.005952187500000175,0.02275875000000073,0.005036919934842396,0.0007311101106967352,0.0007311101106967352,0.0,0.996766143442398,0.007541470550177259,0.006810360439480525,0.9999298902162481,False
34.831,1,965,966,7.6247199999999955,7.6247199999999955,0.0,0.023940000000000818,0.023940000000000818,0.09007031250000214,0.08015929687500202,0.0065428125000002064,0.023940000000000818,0.005036919934842396,0.0007534803364936052,0.0007534803364936052,0.0,0.9962376508055116,0.007819665757649918,0.007066185421156313,0.9999165968858668,False
34.878,1,966,967,7.634589999999995,7.634589999999995,0.0,0.025173750000000786,0.025173750000000786,0.09002929687500148,0.08445691406250144,0.005572382812500036,0.025173750000000786,0.005036919934842396,0.0007489630144592324,0.0007489630144592324,0.0,0.9965495660732528,0.0076220914192623515,0.006873128404803119,0.9999251217766624,False
34.905,1,967,968,7.640259999999995,7.640259999999995,0.0,0.02588250000000084,0.02588250000000084,0.09012691406250176,0.0838457812500017,0.005710195312500048,0.02588250000000084,0.005036919934842396,0.0007426873106952281,0.0007426873106952281,0.0,0.9957255767705765,0.007563936793502347,0.0068212494828071195,0.9999047936233109,False
34.935,1,968,969,7.646559999999996,7.646559999999996,0.0,0.026670000000000898,0.026670000000000898,0.09014578125000203,0.08364808593750195,0.006103945312500069,0.026670000000000898,0.005036919934842396,0.0007349253788599667,0.0007349253788599667,0.0,0.9958682561744618,0.007492896852586382,0.0067579714737264155,0.9999081807926729,False
34.966,1,969,970,7.653069999999995,7.653069999999995,0.0,0.027483750000000896,0.027483750000000896,0.09015808593750174,0.08284664062500172,0.005338593750000099,0.027483750000000896,0.005036919934842396,0.000728826731470941,0.000728826731470941,0.0,0.9961196047843145,0.007433149513324279,0.006704322781853338,0.9999142454131037,False
35.001,1,970,971,7.660419999999996,7.660419999999996,0.0,0.028402500000001028,0.028402500000001028,0.09019664062500254,0.08236019531250242,0.0057979687500001546,0.028402500000001028,0.005036919934842396,0.0007247509766724869,0.0007247509766724869,0.0,0.9957091029853516,0.0073832242586683704,0.006658473281995883,0.999904175477712,False
35.038000000000004,1,971,972,7.668189999999996,7.668189999999996,0.0,0.029373750000001038,0.029373750000001038,0.09013019531250227,0.08132250000000216,0.00598828125000014,0.029373750000001038,0.005036919934842396,0.0007241932626367192,0.0007241932626367192,0.0,0.9960342755989632,0.007345814975631734,0.006621621712995015,0.9999120226477082,False
35.08,1,972,973,7.677009999999997,7.677009999999997,0.0,0.03047625000000112,0.03047625000000112,0.09014250000000251,0.08181140625000233,0.006539531250000169,0.03047625000000112,0.005036919934842396,0.0007267085182130922,0.0007267085182130922,0.0,0.9962145991249753,0.007382184470193683,0.006655475951980591,0.9999160307279994,False
35.119,1,973,974,7.685199999999996,7.685199999999996,0.0,0.03150000000000098,0.01575000000000049,0.09000140625000118,0.08064656250000111,0.0075632812500000144,0.01575000000000049,0.005036919934842396,0.000728050012104932,0.000728050012104932,0.0,0.9964517227481225,0.011161390232793889,0.010433340220688956,0.9999181060863425,False
35.164,1,974,975,7.694649999999996,7.694649999999996,0.0,0.016931250000000578,0.016931250000000578,0.09009656250000166,0.08001984375000157,0.005038359375000044,0.016931250000000578,0.005036919934842396,0.0010435270943545132,0.0010435270943545132,0.0,0.9969331383686075,0.008229630152969597,0.007186103058615084,0.9999349680300212,False
35.212,1,975,976,7.704729999999996,7.704729999999996,0.0,0.018191250000000672,0.018191250000000672,0.0900998437500021,0.08380148437500201,0.005277890625000078,0.018191250000000672,0.005036919934842396,0.0007160517480733714,0.0007160517480733714,0.0,0.9957359451682353,0.006484880111733031,0.00576882836365966,0.9999037100562144,False
35.242,1,976,977,7.7110299999999965,7.7110299999999965,0.0,0.01897875000000073,0.01897875000000073,0.09010148437500234,0.08301562500000223,0.005671640625000099,0.01897875000000073,0.005036919934842396,0.0006580564876038898,0.0006580564876038898,0.0,0.9955716067508606,0.006264558851297158,0.0056065023636932675,0.9998994609276051,False
35.276,1,977,978,7.718169999999997,7.718169999999997,0.0,0.019871250000000736,0.019871250000000736,0.09015562500000207,0.083197734375002,0.005842265625000083,0.019871250000000736,0.005036919934842396,0.0006469131297805622,0.0006469131297805622,0.0,0.9959088011180152,0.006367721783977327,0.005720808654196765,0.9999078097632368,False
35.309,1,978,979,7.725099999999997,7.725099999999997,0.0,0.0207375000000008,0.0207375000000008,0.09012773437500231,0.08230359375000221,0.006275390625000106,0.0207375000000008,0.005036919934842396,0.000661529199943847,0.000661529199943847,0.0,0.9959973830083362,0.006663639902133096,0.006002110702189249,0.999910249304485,False
35.346000000000004,1,979,980,7.732869999999997,7.732869999999997,0.0,0.02170875000000081,0.02170875000000081,0.09007359375000207,0.081671953125002,0.007246640625000074,0.02170875000000081,0.005036919934842396,0.0006965643519469787,0.0006965643519469787,0.0,0.9962958145258923,0.006284677103531346,0.005588112751584367,0.999915489229805,False
35.386,1,980,981,7.7412699999999965,7.7412699999999965,0.0,0.022758750000000827,0.022758750000000827,0.09007195312500194,0.08062031250000187,0.0059521875000001995,0.022758750000000827,0.005036919934842396,0.000740947865839648,0.000740947865839648,0.0,0.9967662656698635,0.007636423466098684,0.006895475600259036,0.9999300153040886,False
35.431,1,981,982,7.750719999999998,7.750719999999998,0.0,0.023940000000000915,0.023940000000000915,0.09007031250000234,0.0801592968750022,0.006542812500000231,0.023940000000000915,0.005036919934842396,0.0007638984754712268,0.0007638984754712268,0.0,0.9962377803937098,0.007915559987449756,0.00715166151197853,0.9999167298268814,False
35.478,1,982,983,7.760589999999997,7.760589999999997,0.0,0.025173750000000883,0.025173750000000883,0.09002929687500169,0.08445691406250165,0.005572382812500036,0.025173750000000883,0.005036919934842396,0.0007588429329852197,0.0007588429329852197,0.0,0.9965496888497962,0.0077207169071665666,0.006961873974181347,0.9999252447257031,False
35.505,1,983,984,7.766259999999997,7.766259999999997,0.0,0.025882500000000936,0.025882500000000936,0.09012691406250195,0.08384578125000189,0.005710195312500048,0.025882500000000936,0.005036919934842396,0.0007521046072861876,0.0007521046072861876,0.0,0.9957256940292422,0.0076580238781132765,0.006905919270827089,0.9999049112778821,False
35.535000000000004,1,984,985,7.772559999999997,7.772559999999997,0.0,0.026670000000000995,0.026670000000000995,0.09014578125000221,0.08364808593750214,0.006103945312500069,0.026670000000000995,0.005036919934842396,0.0007439233862575646,0.0007439233862575646,0.0,0.9958683683069863,0.007583078502432276,0.006839155116174712,0.999908293528944,False
35.566,1,985,986,7.779069999999997,7.779069999999997,0.0,0.027483750000000993,0.027483750000000993,0.09015808593750195,0.08284664062500191,0.0053385937500001115,0.027483750000000993,0.005036919934842396,0.0007375963776036797,0.0007375963776036797,0.0,0.9961197141458162,0.007521392484283698,0.006783796106680019,0.9999143556586917,False
35.601,1,986,987,7.786419999999998,7.786419999999998,0.0,0.028402500000001125,0.028402500000001125,0.09019664062500274,0.08236019531250262,0.005797968750000167,0.028402500000001125,0.005036919934842396,0.0007335262515749684,0.0007335262515749684,0.0,0.9957092123159628,0.007471702507550101,0.006738176255975133,0.9999042857303961,False
35.638,1,987,988,7.794189999999998,7.794189999999998,0.0,0.029373750000001135,0.029373750000001135,0.09013019531250246,0.08132250000000235,0.005988281250000152,0.029373750000001135,0.005036919934842396,0.0007330646651109443,0.0007330646651109443,0.0,0.9960343861047236,0.007434118346975389,0.006701053681864445,0.999912134829675,False
35.68,1,988,989,7.803009999999997,7.803009999999997,0.0,0.03047625000000103,0.03047625000000103,0.09014250000000124,0.0818114062500012,0.006539531250000089,0.03047625000000103,0.005036919934842396,0.0007356872099754235,0.0007356872099754235,0.0,0.9962147109282494,0.007470604080719125,0.006734916870743701,0.9999161463617174,False
35.719,1,989,990,7.811199999999997,7.811199999999997,0.0,0.031500000000001076,0.015750000000000538,0.09000140625000155,0.08064656250000146,0.00756328125000012,0.015750000000000538,0.005036919934842396,0.0007372469692438129,0.0007372469692438129,0.0,0.9964518373420448,0.011284753671464542,0.01054750670222073,0.999918231243987,False
35.764,1,990,991,7.820649999999997,7.820649999999997,0.0,0.016931250000000626,0.016931250000000626,0.09009656250000202,0.08001984375000191,0.00503835937500005,0.016931250000000626,0.005036919934842396,0.0010559002241103353,0.0010559002241103353,0.0,0.9969332651403157,0.008331478489085255,0.007275578264974919,0.9999350946533642,False
35.812,1,991,992,7.830729999999997,7.830729999999997,0.0,0.01819125000000072,0.01819125000000072,0.09009984375000245,0.08380148437500236,0.005277890625000084,0.01819125000000072,0.005036919934842396,0.0007228856149837608,0.0007228856149837608,0.0,0.995736031464114,0.006554475849678991,0.0058315902346952305,0.9999037963971681,False
35.842,1,992,993,7.837029999999999,7.837029999999998,-8.881784197001252e-16,0.01897875000000078,0.01897875000000078,0.09010148437500268,0.08301562500000256,0.005671640625000105,0.01897875000000078,0.005036919934842396,0.0006642320232718753,0.0006642320232718753,0.0,0.9955716866226381,0.006329095759145826,0.00566486373587395,0.9998995414196621,False
35.876,1,993,994,7.844169999999998,7.844169999999997,-8.881784197001252e-16,0.019871250000000784,0.019871250000000784,0.09015562500000239,0.08319773437500233,0.005842265625000136,0.019871250000000784,0.005036919934842396,0.0006535675351997394,0.0006535675351997394,0.0,0.9959088829823594,0.0064339624720710295,0.00578039493687129,0.9999078924686806,False
35.909,1,994,995,7.851099999999998,7.851099999999998,0.0,0.02073750000000085,0.02073750000000085,0.09012773437500263,0.08230359375000254,0.006275390625000159,0.02073750000000085,0.005036919934842396,0.0006688781151238675,0.0006688781151238675,0.0,0.9959974742596991,0.006736267241813858,0.00606738912668999,0.9999103423893946,False
35.946,1,995,996,7.858869999999998,7.858869999999998,0.0,0.02170875000000086,0.02170875000000086,0.09007359375000239,0.0816719531250023,0.007246640625000127,0.02170875000000086,0.005036919934842396,0.0007051142817904525,0.0007051142817904525,0.0,0.9962959209958223,0.006364502552519316,0.005659388270728863,0.9999156042094933,False
35.986000000000004,1,996,997,7.867269999999998,7.867269999999998,0.0,0.022758750000000876,0.022758750000000876,0.09007195312500225,0.08062031250000218,0.005952187500000212,0.022758750000000876,0.005036919934842396,0.0007508484572653493,0.0007508484572653493,0.0,0.9967663886760891,0.007732060548768967,0.006981212091503618,0.9999301411579034,False
36.031,1,997,998,7.876719999999998,7.876719999999998,0.0,0.023940000000000964,0.023940000000000964,0.09007031250000266,0.08015929687500246,0.006542812500000243,0.023940000000000964,0.005036919934842396,0.0007743589705555747,0.0007743589705555747,0.0,0.9962379104989676,0.008011984835384851,0.007237625864829277,0.9999168633610238,False
36.078,1,998,999,7.886589999999997,7.886589999999997,0.0,0.02517375000000093,0.02517375000000093,0.09002929687500194,0.08445691406250189,0.005572382812500063,0.02517375000000093,0.005036919934842396,0.0007687338941263399,0.0007687338941263399,0.0,0.9965498117485819,0.007819459620090174,0.007050725725963835,0.9999253678271567,False
36.105000000000004,1,999,1000,7.892259999999998,7.892259999999998,0.0,0.025882500000000985,0.025882500000000985,0.09012691406250217,0.08384578125000208,0.005710195312500075,0.025882500000000985,0.005036919934842396,0.0007615156792596601,0.0007615156792596601,0.0,0.9957258112059137,0.007752054023171612,0.006990538343911952,0.9999050288640453,False
36.135,1,1000,1001,7.898559999999998,7.898559999999999,8.881784197001252e-16,0.026670000000001044,0.026670000000001044,0.09014578125000242,0.08364808593750232,0.006103945312500096,0.026670000000001044,0.005036919934842396,0.000752908338488853,0.000752908338488853,0.0,0.9958684802761744,0.007673143464347283,0.00692023512585843,0.9999084061170426,False
36.166000000000004,1,1001,1002,7.9050699999999985,7.9050699999999985,0.0,0.027483750000001042,0.027483750000001042,0.09015808593750213,0.08284664062500206,0.0053385937500001176,0.027483750000001042,0.005036919934842396,0.000746351218733426,0.000746351218733426,0.0,0.9961198233158438,0.007609526823790576,0.006863175605057149,0.9999144657631531,False
36.201,1,1002,1003,7.912419999999997,7.912419999999997,0.0,0.028402500000000986,0.028402500000000986,0.09019664062500139,0.08236019531250142,0.00579796875000008,0.028402500000000986,0.005036919934842396,0.0007423196350417248,0.0007423196350417248,0.0,0.9957093218611031,0.007560381014990422,0.006818061379948697,0.9999043962303716,False
36.238,1,1003,1004,7.920189999999997,7.920189999999997,0.0,0.029373750000000996,0.029373750000000996,0.09013019531250127,0.08132250000000132,0.005988281250000066,0.029373750000000996,0.005036919934842396,0.0007419762681418319,0.0007419762681418319,0.0,0.9960344970985822,0.007522802960192483,0.006780826692050651,0.9999122474640041,False
36.28,1,1004,1005,7.929009999999998,7.929009999999997,-8.881784197001252e-16,0.03047625000000108,0.03047625000000108,0.09014250000000171,0.08181140625000166,0.006539531250000095,0.03047625000000108,0.005036919934842396,0.0007446867590841035,0.0007446867590841035,0.0,0.9962148229918342,0.0075591915919572955,0.006814504832873192,0.9999162621803872,False
36.319,1,1005,1006,7.937199999999998,7.937199999999998,0.0,0.031500000000001124,0.015750000000000562,0.09000140625000201,0.08064656250000193,0.007563281250000126,0.015750000000000562,0.005036919934842396,0.0007465000836505445,0.0007465000836505445,0.0,0.9964519526177669,0.011408505935204614,0.01066200585155407,0.9999183572477144,False
36.364,1,1006,1007,7.946649999999998,7.946649999999998,0.0,0.01693125000000065,0.01693125000000065,0.09009656250000248,0.08001984375000226,0.0050383593750001005,0.01693125000000065,0.005036919934842396,0.0010681914909517966,0.0010681914909517966,0.0,0.9969333913191178,0.008432628525312909,0.007364437034361113,0.9999352205266865,False
36.412,1,1007,1008,7.956729999999999,7.956729999999999,0.0,0.018191250000000745,0.018191250000000745,0.0900998437500028,0.08380148437500266,0.005277890625000134,0.018191250000000745,0.005036919934842396,0.0007296690027632127,0.0007296690027632127,0.0,0.9957361176678289,0.00662398032682111,0.005894311324057897,0.9999038826418275,False
36.442,1,1008,1009,7.963029999999998,7.963029999999998,0.0,0.018978750000000617,0.018978750000000617,0.09010148437500148,0.08301562500000151,0.005671640625000062,0.018978750000000617,0.005036919934842396,0.000670532668889412,0.000670532668889412,0.0,0.9955717664448192,0.006393619606702684,0.005723086937813272,0.9998996218977902,False
36.476,1,1009,1010,7.9701699999999995,7.9701699999999995,0.0,0.01987125000000081,0.01987125000000081,0.09015562500000285,0.08319773437500272,0.005842265625000139,0.01987125000000081,0.005036919934842396,0.0006602083877854883,0.0006602083877854883,0.0,0.9959089650653042,0.00650037185312578,0.005840163465340291,0.999907975384493,False
36.509,1,1010,1011,7.977099999999999,7.977099999999999,0.0,0.020737500000000686,0.020737500000000686,0.09012773437500154,0.08230359375000157,0.006275390625000069,0.020737500000000686,0.005036919934842396,0.0006762324490459723,0.0006762324490459723,0.0,0.9959975659134672,0.006809266985750011,0.006133034536704039,0.9999104359221405,False
36.546,1,1011,1012,7.98487,7.98487,0.0,0.021708750000000884,0.021708750000000884,0.09007359375000293,0.0816719531250027,0.007246640625000223,0.021708750000000884,0.005036919934842396,0.0007137153100263942,0.0007137153100263942,0.0,0.9962960281342752,0.006444876158803594,0.0057311608487771995,0.9999157198673545,False
36.586,1,1012,1013,7.99327,7.99327,0.0,0.0227587500000009,0.0227587500000009,0.09007195312500263,0.08062031250000243,0.005952187500000218,0.0227587500000009,0.005036919934842396,0.0007608115371940989,0.0007608115371940989,0.0,0.996766512458836,0.007828385520235397,0.007067573983041297,0.9999302677813401,False
36.631,1,1013,1014,8.00272,8.00272,0.0,0.0239400000000008,0.0239400000000008,0.09007031250000141,0.08015929687500141,0.006542812500000156,0.0239400000000008,0.005036919934842396,0.0007848568082338872,0.0007848568082338872,0.0,0.9962380410612631,0.00810890182664329,0.007324045018409403,0.9999169974310133,False
36.678,1,1014,1015,8.01259,8.01259,0.0,0.025173750000000956,0.025173750000000956,0.09002929687500237,0.0844569140625023,0.005572382812500064,0.025173750000000956,0.005036919934842396,0.0007786304869790083,0.0007786304869790083,0.0,0.9965499347055615,0.00791827616651257,0.007139645679533561,0.9999254910270422,False
36.705,1,1015,1016,8.018260000000001,8.018260000000001,0.0,0.02588250000000101,0.02588250000000101,0.09012691406250262,0.08384578125000253,0.0057101953125001225,0.02588250000000101,0.005036919934842396,0.0007709171727717109,0.0007709171727717109,0.0,0.9957259282617835,0.007845996002657549,0.007075078829885837,0.9999051463420295,False
36.735,1,1016,1017,8.024560000000001,8.024560000000001,0.0,0.026670000000001068,0.026670000000001068,0.09014578125000283,0.0836480859375027,0.006103945312500143,0.026670000000001068,0.005036919934842396,0.0007618774150367612,0.0007618774150367612,0.0,0.9958685920518077,0.007763065245493993,0.0070011878304572315,0.999908518523197,False
36.766,1,1017,1018,8.03107,8.03107,0.0,0.027483750000001066,0.027483750000001066,0.09015808593750249,0.08284664062500238,0.00533859375000012,0.027483750000001066,0.005036919934842396,0.0007550881532392925,0.0007550881532392925,0.0,0.9961199322619737,0.007697520742901691,0.006942432589662399,0.999914575685626,False
36.801,1,1018,1019,8.038419999999999,8.038419999999999,0.0,0.02840250000000101,0.02840250000000101,0.09019664062500173,0.08236019531250172,0.005797968750000083,0.02840250000000101,0.005036919934842396,0.000751128098854287,0.000751128098854287,0.0,0.9957094315819206,0.00764924421429833,0.006898116115444043,0.9999045069578985,False
36.838,1,1019,1020,8.04619,8.04619,0.0,0.02937375000000102,0.02937375000000102,0.09013019531250156,0.08132250000000157,0.005988281250000115,0.02937375000000102,0.005036919934842396,0.0007509274234642899,0.0007509274234642899,0.0,0.9960346085709347,0.0076118817696897295,0.00686095434622544,0.9999123605681142,False
36.88,1,1020,1021,8.05501,8.05501,0.0,0.030476250000001103,0.030476250000001103,0.09014250000000193,0.0818114062500019,0.006539531250000144,0.030476250000001103,0.005036919934842396,0.000753711822118291,0.000753711822118291,0.0,0.9962149353728719,0.007647980789872749,0.0068942689677544584,0.9999163782212669,False
36.919000000000004,1,1021,1022,8.063199999999998,8.063199999999998,0.0,0.031500000000001145,0.015750000000000573,0.09000140625000225,0.08064656250000216,0.007563281250000176,0.015750000000000573,0.005036919934842396,0.0007558102515528183,0.0007558102515528183,0.0,0.996452068584086,0.011532657988562497,0.01077684773700968,0.9999184841195692,False
36.964,1,1022,1023,8.07265,8.07265,0.0,0.01693125000000066,0.01693125000000066,0.0900965625000027,0.08001984375000248,0.005038359375000101,0.01693125000000066,0.005036919934842396,0.0010804089657860845,0.0010804089657860845,0.0,0.9969335170302085,0.008533098160645063,0.007452689194858978,0.9999353456737448,False
37.012,1,1023,1024,8.082729999999998,8.082729999999998,0.0,0.018191250000000568,0.018191250000000568,0.09009984375000153,0.08380148437500158,0.005277890625000065,0.018191250000000568,0.005036919934842396,0.0007364017499329593,0.0007364017499329593,0.0,0.995736203770328,0.006693386223011709,0.00595698447307875,0.9999039687808893,False
37.042,1,1024,1025,8.089030000000001,8.089030000000001,0.0,0.018978750000000627,0.018978750000000627,0.09010148437500189,0.08301562500000191,0.005671640625000086,0.018978750000000627,0.005036919934842396,0.0006770162994685009,0.0006770162994685009,0.0,0.9955718461916253,0.006458107383683801,0.0057810910842153,0.9998997023320062,False
37.076,1,1025,1026,8.09617,8.09617,0.0,0.01987125000000063,0.01987125000000063,0.09015562500000177,0.08319773437500169,0.00584226562500007,0.01987125000000063,0.005036919934842396,0.0006668345823573573,0.0006668345823573573,0.0,0.9959090473503585,0.006566944583121206,0.005900110000763848,0.9999080585045234,False
37.109,1,1026,1027,8.103100000000001,8.103100000000001,0.0,0.020737500000000696,0.020737500000000696,0.09012773437500202,0.08230359375000193,0.006275390625000093,0.020737500000000696,0.005036919934842396,0.0006835889859248067,0.0006835889859248067,0.0,0.995997657931195,0.0068826206305173596,0.006199031644592553,0.9999105298791325,False
37.146,1,1027,1028,8.11087,8.11087,0.0,0.021708750000000707,0.021708750000000707,0.09007359375000179,0.08167195312500172,0.007246640625000061,0.021708750000000707,0.005036919934842396,0.0007223708100157383,0.0007223708100157383,0.0,0.9962961359757115,0.006525830001053248,0.005803459191037509,0.9999158362447398,False
37.186,1,1028,1029,8.11927,8.11927,0.0,0.022758750000000723,0.022758750000000723,0.09007195312500166,0.08062031250000162,0.0059521875000001735,0.022758750000000723,0.005036919934842396,0.0007708371305852244,0.0007708371305852244,0.0,0.996766637017064,0.007925404408483501,0.007154567277898276,0.9999303951807335,False
37.231,1,1029,1030,8.128720000000001,8.128720000000001,0.0,0.02394000000000081,0.02394000000000081,0.09007031250000208,0.08015929687500196,0.006542812500000205,0.02394000000000081,0.005036919934842396,0.0007953875376020121,0.0007953875376020121,0.0,0.9962381720281294,0.008206273839524277,0.007410886301922264,0.999917131982376,False
37.278,1,1030,1031,8.138590000000002,8.138590000000002,0.0,0.025173750000000966,0.025173750000000966,0.09002929687500293,0.0844569140625028,0.005572382812500123,0.025173750000000966,0.005036919934842396,0.0007885277934825671,0.0007885277934825671,0.0,0.9965500576602961,0.008017123184240367,0.0072285953907578,0.9999256142703075,False
37.305,1,1031,1032,8.144260000000001,8.144260000000001,0.0,0.025882500000000832,0.025882500000000832,0.09012691406250162,0.08384578125000167,0.005710195312500042,0.025882500000000832,0.005036919934842396,0.0007803063419974609,0.0007803063419974609,0.0,0.9957260451658588,0.007939823429277848,0.007159517087280387,0.9999052636781878,False
37.335,1,1032,1033,8.15056,8.15056,0.0,0.02667000000000089,0.02667000000000089,0.09014578125000197,0.0836480859375019,0.006103945312500063,0.02667000000000089,0.005036919934842396,0.0007708290785035035,0.0007708290785035035,0.0,0.9958687036119401,0.007852823523282045,0.007081994444778541,0.9999086307217108,False
37.366,1,1033,1034,8.157070000000001,8.157070000000001,0.0,0.02748375000000089,0.02748375000000089,0.09015808593750173,0.08284664062500169,0.0053385937500000985,0.02748375000000089,0.005036919934842396,0.0007638057068024798,0.0007638057068024798,0.0,0.9961200409639299,0.007785351451596041,0.007021545744793562,0.9999146853969315,False
37.401,1,1034,1035,8.164420000000002,8.164420000000002,0.0,0.02840250000000102,0.02840250000000102,0.09019664062500252,0.08236019531250241,0.005797968750000154,0.02840250000000102,0.005036919934842396,0.0007599482107532499,0.0007599482107532499,0.0,0.9957095414373678,0.00773827268449064,0.006978324473737391,0.9999046178885123,False
37.438,1,1035,1036,8.172190000000002,8.17219,-1.7763568394002505e-15,0.02937375000000103,0.02937375000000103,0.09013019531250226,0.08132250000000216,0.005988281250000139,0.02937375000000103,0.005036919934842396,0.0007599162257478802,0.0007599162257478802,0.0,0.9960347205015024,0.0077013587332196085,0.006941442507471729,0.9999124741486572,False
37.480000000000004,1,1036,1037,8.181010000000002,8.181010000000002,0.0,0.030476250000001114,0.030476250000001114,0.09014250000000251,0.0818114062500023,0.0065395312500001685,0.030476250000001114,0.005036919934842396,0.0007627676217606344,0.0007627676217606344,0.0,0.9962150481348038,0.007737015512673834,0.006974247890913199,0.9999164945345553,False
37.519,1,1037,1038,8.189200000000003,8.189200000000003,0.0,0.03150000000000116,0.01575000000000058,0.09000140625000266,0.0806465625000024,0.0075632812500002,0.01575000000000058,0.005036919934842396,0.0007651762062491216,0.0007651762062491216,0.0,0.9964521852266662,0.011657196867087122,0.010892020660838001,0.999918611857289,False
37.564,1,1038,1039,8.19865,8.19865,0.0,0.01693125000000048,0.01693125000000048,0.09009656250000145,0.08001984375000136,0.005038359375000044,0.01693125000000048,0.005036919934842396,0.00109256557089912,0.00109256557089912,0.0,0.99693364245601,0.008632959940302685,0.007540394369403566,0.999935470183747,False
37.612,1,1039,1040,8.208730000000001,8.208730000000001,0.0,0.018191250000000575,0.018191250000000575,0.09009984375000189,0.08380148437500182,0.005277890625000077,0.018191250000000575,0.005036919934842396,0.0007430838584040943,0.0007430838584040943,0.0,0.9957362897668594,0.006762690454768516,0.006019606596364422,0.9999040548111288,False
37.642,1,1040,1041,8.215030000000002,8.215030000000002,0.0,0.018978750000000634,0.018978750000000634,0.09010148437500214,0.08301562500000204,0.005671640625000098,0.018978750000000634,0.005036919934842396,0.0006834542334603716,0.0006834542334603716,0.0,0.9955719258460337,0.006522542531160306,0.005839088297699934,0.9998997827004864,False
37.676,1,1041,1042,8.222170000000002,8.222170000000002,0.0,0.01987125000000064,0.01987125000000064,0.09015562500000186,0.0831977343750018,0.005842265625000082,0.01987125000000064,0.005036919934842396,0.0006734449567346486,0.0006734449567346486,0.0,0.9959091298209428,0.006633680546875433,0.005960235590140785,0.9999081418282283,False
37.709,1,1042,1043,8.229100000000003,8.229100000000003,0.0,0.020737500000000703,0.020737500000000703,0.0901277343750021,0.08230359375000201,0.006275390625000105,0.020737500000000703,0.005036919934842396,0.0006909444058531347,0.0006909444058531347,0.0,0.9959977502738597,0.006956305851785208,0.006265361445932073,0.9999106242331317,False
37.746,1,1043,1044,8.236870000000003,8.236870000000001,-1.7763568394002505e-15,0.021708750000000714,0.021708750000000714,0.09007359375000187,0.08167195312500179,0.007246640625000073,0.021708750000000714,0.005036919934842396,0.0007310840296355635,0.0007310840296355635,0.0,0.9962962445540225,0.006607398928875578,0.005876314899240014,0.9999159534175552,False
37.786,1,1044,1045,8.245270000000001,8.245270000000001,0.0,0.02275875000000073,0.02275875000000073,0.09007195312500174,0.08062031250000168,0.005952187500000175,0.02275875000000073,0.005036919934842396,0.0007809235946289849,0.0007809235946289849,0.0,0.9967667623317618,0.008023110141404388,0.007242186546775403,0.9999305233453164,False
37.831,1,1045,1046,8.254720000000002,8.254720000000002,0.0,0.023940000000000818,0.023940000000000818,0.09007031250000214,0.08015929687500202,0.0065428125000002064,0.023940000000000818,0.005036919934842396,0.0008059463303922587,0.0008059463303922587,0.0,0.9962383033404071,0.008304053287957879,0.00749810695756562,0.9999172669478796,False
37.878,1,1046,1047,8.264590000000002,8.264590000000002,0.0,0.025173750000000786,0.025173750000000786,0.09002929687500148,0.08445691406250144,0.005572382812500036,0.025173750000000786,0.005036919934842396,0.0007984201694627278,0.0007984201694627278,0.0,0.9965501805463248,0.008115948194145198,0.00731752802468247,0.9999257374920033,False
37.905,1,1047,1048,8.270260000000002,8.270260000000002,0.0,0.02588250000000084,0.02588250000000084,0.09012691406250176,0.0838457812500017,0.005710195312500048,0.02588250000000084,0.005036919934842396,0.0007896807621621305,0.0007896807621621305,0.0,0.9957261618846154,0.008033508057205221,0.007243827295043091,0.9999053808359523,False
37.935,1,1048,1049,8.276560000000003,8.276560000000003,0.0,0.026670000000000898,0.026670000000000898,0.09014578125000203,0.08364808593750195,0.006103945312500069,0.026670000000000898,0.005036919934842396,0.000779761669193286,0.000779761669193286,0.0,0.9958688149353574,0.007942397668373201,0.007162635999179915,0.9999087426860044,False
37.966,1,1049,1050,8.283070000000002,8.283070000000002,0.0,0.027483750000000896,0.027483750000000896,0.09015808593750174,0.08284664062500172,0.005338593750000099,0.027483750000000896,0.005036919934842396,0.0007725027928839513,0.0007725027928839513,0.0,0.9961201494087353,0.007872997676468055,0.007100494883584103,0.9999147948704904,False
38.001,1,1050,1051,8.290420000000003,8.290420000000003,0.0,0.028402500000001028,0.028402500000001028,0.09019664062500254,0.08236019531250242,0.0057979687500001546,0.028402500000001028,0.005036919934842396,0.0007687760172211852,0.0007687760172211852,0.0,0.9957096513788904,0.007827439011405986,0.007058662994184801,0.9999047289872056,False
38.038000000000004,1,1051,1052,8.298190000000004,8.298190000000004,0.0,0.029373750000001038,0.029373750000001038,0.09013019531250227,0.08132250000000216,0.00598828125000014,0.029373750000001038,0.005036919934842396,0.0007689400630520863,0.0007689400630520863,0.0,0.9960348328566585,0.007791226311248671,0.007022286248196585,0.9999125881980454,False
38.08,1,1052,1053,8.307010000000004,8.307010000000004,0.0,0.03047625000000112,0.03047625000000112,0.09014250000000251,0.08181140625000233,0.006539531250000169,0.03047625000000112,0.005036919934842396,0.0007718591335491953,0.0007718591335491953,0.0,0.99621516133931,0.007826344540237347,0.007054485406688151,0.9999166111759414,False
38.119,1,1053,1054,8.315200000000003,8.315200000000003,0.0,0.03150000000000098,0.01575000000000049,0.09000140625000118,0.08064656250000111,0.0075632812500000144,0.01575000000000049,0.005036919934842396,0.0007745942862632922,0.0007745942862632922,0.0,0.9964523025013461,0.01178209152746874,0.011007497241205448,0.9999187404425348,False
38.164,1,1054,1055,8.324650000000002,8.324650000000002,0.0,0.016931250000000578,0.016931250000000578,0.09009656250000166,0.08001984375000157,0.005038359375000044,0.016931250000000578,0.005036919934842396,0.00110467699972551,0.00110467699972551,0.0,0.9969337678207262,0.008732332911709731,0.007627655911984221,0.9999355942064081,False
38.212,1,1055,1056,8.334730000000004,8.334730000000004,0.0,0.018191250000000672,0.018191250000000672,0.0900998437500021,0.08380148437500201,0.005277890625000078,0.018191250000000672,0.005036919934842396,0.000749716363597882,0.000749716363597882,0.0,0.9957363756487082,0.006831888325939759,0.006082171962341877,0.9999041407264817,False
38.242,1,1056,1057,8.341030000000003,8.341030000000003,0.0,0.01897875000000073,0.01897875000000073,0.09010148437500234,0.08301562500000223,0.005671640625000099,0.01897875000000073,0.005036919934842396,0.0006898456391126417,0.0006898456391126417,0.0,0.9955720053941814,0.006586908712828469,0.005897063073715827,0.9998998629822115,False
38.276,1,1057,1058,8.348170000000003,8.348170000000003,0.0,0.019871250000000736,0.019871250000000736,0.09015562500000207,0.083197734375002,0.005842265625000083,0.019871250000000736,0.005036919934842396,0.0006800381341993186,0.0006800381341993186,0.0,0.9959092124545652,0.006700570524052055,0.006020532389852736,0.9999082253442901,False
38.309,1,1058,1059,8.355100000000004,8.355100000000004,0.0,0.0207375000000008,0.0207375000000008,0.09012773437500231,0.08230359375000221,0.006275390625000106,0.0207375000000008,0.005036919934842396,0.0006983607083928395,0.0006983607083928395,0.0,0.9959978428995974,0.0070302957171862746,0.006331935008793435,0.9999107189504983,False
38.346000000000004,1,1059,1060,8.362870000000004,8.362870000000004,0.0,0.02170875000000081,0.02170875000000081,0.09007359375000207,0.081671953125002,0.007246640625000074,0.02170875000000081,0.005036919934842396,0.0007398595000264644,0.0007398595000264644,0.0,0.9962963539202371,0.006689615954330284,0.00594975645430382,0.9999160714040336,False
38.386,1,1060,1061,8.371270000000003,8.371270000000003,0.0,0.022758750000000827,0.022758750000000827,0.09007195312500194,0.08062031250000187,0.0059521875000001995,0.022758750000000827,0.005036919934842396,0.0007910695239617424,0.0007910695239617424,0.0,0.9967668883889798,0.008121500162700634,0.007330430638738892,0.9999306522705812,False
38.431,1,1061,1062,8.380720000000004,8.380720000000004,0.0,0.023940000000000915,0.023940000000000915,0.09007031250000234,0.0801592968750022,0.006542812500000231,0.023940000000000915,0.005036919934842396,0.0008165297672911354,0.0008165297672911354,0.0,0.9962384349561052,0.008402201077120496,0.0075856713098293605,0.9999174022727245,False
38.478,1,1062,1063,8.390590000000003,8.390590000000003,0.0,0.025173750000000883,0.025173750000000883,0.09002929687500169,0.08445691406250165,0.005572382812500036,0.025173750000000883,0.005036919934842396,0.0008083027979859566,0.0008083027979859566,0.0,0.9965503033062987,0.008214702504802641,0.007406399706816685,0.9999258606310105,False
38.505,1,1063,1064,8.396260000000003,8.396260000000003,0.0,0.025882500000000936,0.025882500000000936,0.09012691406250195,0.08384578125000189,0.005710195312500048,0.025882500000000936,0.005036919934842396,0.0007990381469751374,0.0007990381469751374,0.0,0.9957262783927887,0.00812702631970847,0.007327988172733333,0.9999054977855245,False
38.535000000000004,1,1064,1065,8.402560000000005,8.402560000000005,0.0,0.026670000000000995,0.026670000000000995,0.09014578125000221,0.08364808593750214,0.006103945312500069,0.026670000000000995,0.005036919934842396,0.0007886738442046982,0.0007886738442046982,0.0,0.9958689260077145,0.008031771886929093,0.007243098042724394,0.9999088543962721,False
38.566,1,1065,1066,8.409070000000003,8.409070000000003,0.0,0.027483750000000993,0.027483750000000993,0.09015808593750195,0.08284664062500191,0.0053385937500001115,0.027483750000000993,0.005036919934842396,0.0007811790732187956,0.0007811790732187956,0.0,0.9961202575927784,0.007960444600229377,0.007179265527010582,0.9999149040871275,False
38.601,1,1066,1067,8.416420000000004,8.416420000000004,0.0,0.028402500000001125,0.028402500000001125,0.09019664062500274,0.08236019531250262,0.005797968750000167,0.028402500000001125,0.005036919934842396,0.0007776076355201642,0.0007776076355201642,0.0,0.9957097613585187,0.00791671317134857,0.007139105535828406,0.9999048402157813,False
38.638,1,1067,1068,8.424190000000005,8.424190000000005,0.0,0.029373750000001135,0.029373750000001135,0.09013019531250246,0.08132250000000235,0.005988281250000152,0.029373750000001135,0.005036919934842396,0.000777995802574529,0.000777995802574529,0.0,0.9960349455966245,0.007881470101573723,0.007103474298999194,0.9999127027001508,False
38.68,1,1068,1069,8.433010000000003,8.433010000000003,0.0,0.03047625000000103,0.03047625000000103,0.09014250000000124,0.0818114062500012,0.006539531250000089,0.03047625000000103,0.005036919934842396,0.0007809914968751735,0.0007809914968751735,0.0,0.9962152750476092,0.007916021099651477,0.007135029602776303,0.9999167282079273,False
38.719,1,1069,1070,8.441200000000004,8.441200000000004,0.0,0.031500000000001076,0.015750000000000538,0.09000140625000155,0.08064656250000146,0.00756328125000012,0.015750000000000538,0.005036919934842396,0.0007840592649616706,0.0007840592649616706,0.0,0.9964524203439253,0.01190729118922974,0.011123231924268069,0.9999188698357971,False
38.764,1,1070,1071,8.450650000000003,8.450650000000003,0.0,0.016931250000000626,0.016931250000000626,0.09009656250000202,0.08001984375000191,0.00503835937500005,0.016931250000000626,0.005036919934842396,0.0011167621114565277,0.0011167621114565277,0.0,0.9969338933793391,0.008831388128642578,0.007714626017186051,0.999935717943675,False
38.812,1,1071,1072,8.460730000000005,8.460730000000005,0.0,0.01819125000000072,0.01819125000000072,0.09009984375000245,0.08380148437500236,0.005277890625000084,0.01819125000000072,0.005036919934842396,0.0007566855086763079,0.0007566855086763079,0.0,0.9957364614058881,0.006900974528097677,0.00614428901942137,0.9999042265204249,False
38.842,1,1072,1073,8.467030000000005,8.467030000000005,0.0,0.01897875000000078,0.01897875000000078,0.09010148437500268,0.08301562500000256,0.005671640625000105,0.01897875000000078,0.005036919934842396,0.0006961902508584854,0.0006961902508584854,0.0,0.9955720848284412,0.0066511943340322385,0.005955004083173753,0.9998999431614999,False
38.876,1,1073,1074,8.474170000000004,8.474170000000004,0.0,0.019871250000000784,0.019871250000000784,0.09015562500000239,0.08319773437500233,0.005842265625000136,0.019871250000000784,0.005036919934842396,0.0006866122731470765,0.0006866122731470765,0.0,0.9959092952273283,0.006767603426892931,0.006080991153745855,0.9999083090382997,False
38.909,1,1074,1075,8.481100000000005,8.481100000000005,0.0,0.02073750000000085,0.02073750000000085,0.09012773437500263,0.08230359375000254,0.006275390625000159,0.02073750000000085,0.005036919934842396,0.0007058656372491348,0.0007058656372491348,0.0,0.9959979357696164,0.00710456183800761,0.0063986962007584755,0.999910813995523,False
38.946,1,1075,1076,8.488870000000006,8.488870000000006,0.0,0.02170875000000086,0.02170875000000086,0.09007359375000239,0.0816719531250023,0.007246640625000127,0.02170875000000086,0.005036919934842396,0.0007486992162439416,0.0007486992162439416,0.0,0.9962964640936579,0.006772506328900477,0.006023807112656536,0.9999161902351323,False
38.986000000000004,1,1076,1077,8.497270000000004,8.497270000000004,0.0,0.022758750000000876,0.022758750000000876,0.09007195312500225,0.08062031250000218,0.005952187500000212,0.022758750000000876,0.005036919934842396,0.0008012725603229203,0.0008012725603229203,0.0,0.9967670151591096,0.00822055949287831,0.0074192869325553894,0.9999307819357428,False
39.031,1,1077,1078,8.506720000000005,8.506720000000005,0.0,0.023940000000000964,0.023940000000000964,0.09007031250000266,0.08015929687500246,0.006542812500000243,0.023940000000000964,0.005036919934842396,0.000827134319299067,0.000827134319299067,0.0,0.9962385668337649,0.008500673798554882,0.007673539479255816,0.9999175378981912,False
39.078,1,1078,1079,8.516590000000004,8.516590000000004,0.0,0.02517375000000093,0.02517375000000093,0.09002929687500194,0.08445691406250189,0.005572382812500063,0.02517375000000093,0.005036919934842396,0.0008181707953258652,0.0008181707953258652,0.0,0.9965504258832236,0.008313333673689575,0.00749516287836371,0.9999259836214296,False
39.105000000000004,1,1079,1080,8.522260000000006,8.522260000000006,0.0,0.025882500000000985,0.025882500000000985,0.09012691406250217,0.08384578125000208,0.005710195312500075,0.025882500000000985,0.005036919934842396,0.0008083765253292638,0.0008083765253292638,0.0,0.9957263946649454,0.008220353603796034,0.00741197707846677,0.999905614495666,False
39.135,1,1080,1081,8.528560000000006,8.528560000000006,0.0,0.026670000000001044,0.026670000000001044,0.09014578125000242,0.08364808593750232,0.006103945312500096,0.026670000000001044,0.005036919934842396,0.0007975644473656858,0.0007975644473656858,0.0,0.9958690368152815,0.008120930558022654,0.007323366110656968,0.9999089658324356,False
39.166000000000004,1,1081,1082,8.535070000000006,8.535070000000006,0.0,0.027483750000001042,0.027483750000001042,0.09015808593750213,0.08284664062500206,0.0053385937500001176,0.027483750000001042,0.005036919934842396,0.0007898344575903125,0.0007898344575903125,0.0,0.9961203655149059,0.008047679421663963,0.00725784496407365,0.9999150130309739,False
39.201,1,1082,1083,8.542420000000005,8.542420000000005,0.0,0.028402500000000986,0.028402500000000986,0.09019664062500139,0.08236019531250142,0.00579796875000008,0.028402500000000986,0.005036919934842396,0.0007864387874986982,0.0007864387874986982,0.0,0.9957098713236936,0.008006058109499482,0.007219619322000784,0.9999049515272294,False
39.238,1,1083,1084,8.550190000000006,8.550190000000006,0.0,0.029373750000001184,0.029373750000001184,0.09013019531250277,0.08132250000000263,0.005988281250000158,0.029373750000001184,0.005036919934842396,0.0007870790565504269,0.0007870790565504269,0.0,0.9960350586712609,0.007972064718852596,0.007184985662302169,0.999912817624182,False
39.28,1,1084,1085,8.559010000000006,8.559010000000004,-1.7763568394002505e-15,0.03047625000000108,0.03047625000000108,0.09014250000000153,0.08181140625000148,0.006539531250000095,0.03047625000000108,0.005036919934842396,0.0007901686084248185,0.0007901686084248185,0.0,0.9962153893096155,0.008006095314603216,0.007215926706178398,0.999916845688778,False
39.319,1,1085,1086,8.567200000000005,8.567200000000005,0.0,0.031500000000001124,0.015750000000000562,0.09000140625000183,0.08064656250000174,0.007563281250000126,0.015750000000000562,0.005036919934842396,0.0007935638980480916,0.0007935638980480916,0.0,0.996452538668722,0.012032723023255506,0.011239159125207414,0.9999189999731176,False
39.364000000000004,1,1086,1087,8.576650000000006,8.576650000000006,0.0,0.01693125000000065,0.01693125000000065,0.09009656250000228,0.08001984375000208,0.0050383593750001005,0.01693125000000065,0.005036919934842396,0.001128838060975413,0.001128838060975413,0.0,0.9969340193922792,0.008930326957405782,0.007801488896430369,0.9999358416330791,False
39.412,1,1087,1088,8.586730000000006,8.586730000000006,0.0,0.018191250000000745,0.018191250000000745,0.09009984375000261,0.08380148437500248,0.005277890625000087,0.018191250000000745,0.005036919934842396,0.0007638318547594364,0.0007638318547594364,0.0,0.9957365470279991,0.006969943369294497,0.006206111514535061,0.999904312185616,False
39.442,1,1088,1089,8.593030000000006,8.593030000000006,0.0,0.018978750000000617,0.018978750000000617,0.0901014843750013,0.08301562500000133,0.005671640625000015,0.018978750000000617,0.005036919934842396,0.0007024880966672902,0.0007024880966672902,0.0,0.9955721641435,0.006715389262500978,0.006012901165833688,0.9999000232250617,False
39.476,1,1089,1090,8.600170000000006,8.600170000000006,0.0,0.01987125000000081,0.01987125000000081,0.09015562500000265,0.08319773437500258,0.005842265625000139,0.01987125000000081,0.005036919934842396,0.0006931654596058172,0.0006931654596058172,0.0,0.9959093781112863,0.006834763902404471,0.006141598442798654,0.9999083928901207,False
39.509,1,1090,1091,8.607100000000006,8.607100000000006,0.0,0.020737500000000686,0.020737500000000686,0.0901277343750014,0.08230359375000149,0.006275390625000069,0.020737500000000686,0.005036919934842396,0.0007133557738958148,0.0007133557738958148,0.0,0.9959980288434003,0.007179072033298553,0.006465716259402739,0.9999109093272582,False
39.546,1,1091,1092,8.614870000000007,8.614870000000007,0.0,0.021708750000000884,0.021708750000000884,0.09007359375000282,0.08167195312500265,0.007246640625000223,0.021708750000000884,0.005036919934842396,0.00075760346285677,0.00075760346285677,0.0,0.9962965750769383,0.006856091522801942,0.006098488059945172,0.9999163099293399,False
39.586,1,1092,1093,8.623270000000007,8.623270000000007,0.0,0.0227587500000009,0.0227587500000009,0.09007195312500259,0.08062031250000243,0.005952187500000218,0.0227587500000009,0.005036919934842396,0.0008115302610804682,0.0008115302610804682,0.0,0.9967671426137384,0.008320272810886861,0.007508742549806393,0.999930912320038,False
39.631,1,1093,1094,8.632720000000006,8.632720000000006,0.0,0.0239400000000008,0.0239400000000008,0.09007031250000141,0.08015929687500141,0.006542812500000156,0.0239400000000008,0.005036919934842396,0.0008377584938120389,0.0008377584938120389,0.0,0.9962386989532919,0.00859944168682205,0.007761683193010011,0.999917673783885,False
39.678000000000004,1,1094,1095,8.642590000000006,8.642590000000006,0.0,0.025173750000000956,0.025173750000000956,0.09002929687500237,0.0844569140625023,0.005572382812500064,0.025173750000000956,0.005036919934842396,0.0008280210515164532,0.0008280210515164532,0.0,0.9965505482378715,0.008411800120583485,0.007583779069067031,0.9999261064113193,False
39.705,1,1095,1096,8.648260000000008,8.648260000000008,0.0,0.02588250000000101,0.02588250000000101,0.09012691406250262,0.08384578125000253,0.0057101953125001225,0.02588250000000101,0.005036919934842396,0.000817694814451171,0.000817694814451171,0.0,0.9957265106884877,0.008313475079762399,0.0074957802653112275,0.9999057309471903,False
39.735,1,1096,1097,8.654560000000007,8.654560000000007,0.0,0.026670000000001068,0.026670000000001068,0.09014578125000283,0.0836480859375027,0.006103945312500143,0.026670000000001068,0.005036919934842396,0.0008064332037377674,0.0008064332037377674,0.0,0.9958691473541528,0.00820986507889268,0.007403431875154913,0.9999090769838536,False
39.766,1,1097,1098,8.661070000000006,8.661070000000006,0.0,0.027483750000001066,0.027483750000001066,0.09015808593750249,0.08284664062500238,0.00533859375000012,0.027483750000001066,0.005036919934842396,0.0007984698224888444,0.0007984698224888444,0.0,0.9961204731859445,0.00813469851592507,0.007336228693436225,0.9999151216976384,False
39.801,1,1098,1099,8.668420000000005,8.668420000000005,0.0,0.02840250000000101,0.02840250000000101,0.09019664062500173,0.08236019531250172,0.005797968750000083,0.02840250000000101,0.005036919934842396,0.0007952656432428991,0.0007952656432428991,0.0,0.9957099812276111,0.008095437985649817,0.0073001723424069185,0.9999050628753323,False
39.838,1,1099,1100,8.676190000000005,8.676190000000005,0.0,0.02937375000000102,0.02937375000000102,0.09013019531250156,0.08132250000000157,0.005988281250000115,0.02937375000000102,0.005036919934842396,0.0007961859992642754,0.0007961859992642754,0.0,0.9960351720298696,0.008062981202058277,0.007266795202794002,0.999912932936184,False
39.88,1,1100,1101,8.685010000000005,8.685010000000005,0.0,0.030476250000001103,0.030476250000001103,0.09014250000000193,0.0818114062500019,0.006539531250000144,0.030476250000001103,0.005036919934842396,0.0007993943161748021,0.0007993943161748021,0.0,0.9962155041706398,0.008096616809176324,0.007297222493001522,0.9999169636775029,False
39.919000000000004,1,1101,1102,8.693200000000008,8.693200000000008,0.0,0.031500000000001145,0.015750000000000573,0.09000140625000225,0.08064656250000216,0.007563281250000176,0.015750000000000573,0.005036919934842396,0.0008031005009252702,0.0008031005009252702,0.0,0.996452657382054,0.012158304749043057,0.011355204248117787,0.9999191307776211,False
39.964,1,1102,1103,8.702650000000007,8.702650000000007,0.0,0.01693125000000066,0.01693125000000066,0.0900965625000027,0.08001984375000248,0.005038359375000101,0.01693125000000066,0.005036919934842396,0.0011409263429950315,0.0011409263429950315,0.0,0.9969341461186424,0.009029381949020109,0.007888455606025076,0.999935965547408,False
