time,inserted_nodes,node_count_before,node_count_after,rest_length_before,rest_length_after,rest_length_error,tail_rest_length_before,tail_rest_length_after,payout_buffer_rest_length_before,payout_buffer_rest_length_after,payout_buffer_min_rest_length_after,payout_buffer_max_rest_length_after,minimum_physical_rest_length_after,peak_tension_before,peak_tension_after,peak_tension_jump,minimum_geometric_ratio_after,peak_tension_post_step,peak_tension_post_step_jump,minimum_standard_ratio_post_step,remeshed_in_same_step
0.57975,1,103,104,1.0300092452139373,1.0300092452139373,0.0,0.01125115565174218,0.00562557782587109,0.09000924521393744,0.07875808956219527,0.00562557782587109,0.01125115565174218,0.00562557782587109,0.0,0.0,0.0,0.9998496248187742,0.0,0.0,0.9999851776214689,False
0.75875,1,104,105,1.0412566885200605,1.0412566885200603,-2.220446049250313e-16,0.007031508239136457,0.007031508239136457,0.09000553286831828,0.07734844680331072,0.006328543032503781,0.012657086065007562,0.006328543032503781,0.0,0.0,0.0,0.9996203429780451,0.0,0.0,0.9999644258644771,False
0.9,1,105,106,1.0539240201047577,1.0539240201047577,0.0,0.008614924687223625,0.008614924687223625,0.09001577838800812,0.07577527587491337,0.007120251256547372,0.014240502513094744,0.007120251256547372,0.0,0.0,0.0,0.999555541936483,0.0,0.0,0.9999585401411586,False
1.0255,1,106,107,1.0681496685617824,1.0681496685617824,0.0,0.01039313074435172,0.01039313074435172,0.09000092433193815,0.0739822157617153,0.00519656537217586,0.016018708570222848,0.00519656537217586,0.0,0.0,0.0,0.9995177880403446,0.0,0.0,0.99995520923104,False
1.1440000000000001,1,107,108,1.0841762305340286,1.0841762305340286,0.0,0.012396450990882477,0.012396450990882477,0.0900087777339614,0.07198674891720777,0.0058467428921248985,0.012396450990882477,0.0058467428921248985,0.0,0.0,0.0,0.9993033300414766,0.0,0.0,0.999935967286663,False
1.25975,1,108,109,1.1022154531629373,1.1022154531629373,0.0,0.014651353819496067,0.014651353819496067,0.09002597154611656,0.07686929115729675,0.006974194306431694,0.014651353819496067,0.006974194306431694,0.0,0.0,0.0,0.9992962349570436,0.0,0.0,0.9999353481371925,False
1.33625,1,109,110,1.1153785789477266,1.1153785789477264,-2.220446049250313e-16,0.016296744542594725,0.016296744542594725,0.09003241694208594,0.0826313813861267,0.007401035555959237,0.016296744542594725,0.007401035555959237,0.0,0.0,0.0,0.9992885268858597,0.0,0.0,0.9999346117057712,False
1.377,1,110,111,1.1227747658940224,1.1227747658940224,0.0,0.017221267910881664,0.017221267910881664,0.09002756833242231,0.08170200940817612,0.005335779906062057,0.017221267910881664,0.005335779906062057,0.0,0.0,0.0,0.9992369981960467,0.0,0.0,0.9999301179708273,False
1.4212500000000001,1,111,112,1.1310961439884033,1.1310961439884033,0.0,0.018261440172679264,0.018261440172679264,0.0900233875025571,0.07831165542863537,0.005292140329807455,0.018261440172679264,0.005292140329807455,0.0,0.0,0.0,0.9989678187514183,0.0,0.0,0.9999056800398574,False
1.481,1,112,113,1.1427895510085264,1.1427895510085264,0.0,0.019723116050194677,0.019723116050194677,0.09000506244875874,0.08216743440338363,0.006022978268565169,0.019723116050194677,0.006022978268565169,0.0,0.0,0.0,0.9989819937804075,0.0,0.0,0.9999069293548003,False
1.51975,1,113,114,1.1506392572579998,1.150639257258,2.220446049250313e-16,0.020704329331378852,0.020704329331378852,0.090017140652857,0.08119829932629773,0.0070041915497493406,0.020704329331378852,0.0070041915497493406,0.0,0.0,0.0,0.9989927167505492,0.0,0.0,0.999907546890351,False
1.5622500000000001,1,114,115,1.1594748684539795,1.1594748684539793,-2.220446049250313e-16,0.021808780730876293,0.021808780730876293,0.09003391052227727,0.08119442963427279,0.00810864294924678,0.021808780730876293,0.007401035555959237,0.0,0.0,0.0,0.9991069322447388,0.0,0.0,0.9999173971865788,False
1.60375,1,115,116,1.1683170789944173,1.1683170789944173,0.0,0.022914057048431056,0.011457028524215528,0.0900366401747108,0.08009188296915157,0.00921391926680153,0.011457028524215528,0.007401035555959237,0.0,0.0,0.0,0.9991956283021249,0.0,0.0,0.9999253400414273,False
1.64925,1,116,117,1.178237157727616,1.1782371577276163,2.220446049250313e-16,0.012697038365865377,0.012697038365865377,0.09001196170235036,0.08478499714812467,0.005226964554225689,0.012697038365865377,0.005226964554225689,0.0,0.0,0.0,0.9992746504025001,0.0,0.0,0.9999336483618172,False
1.673,1,117,118,1.1835021553164915,1.1835021553164917,2.220446049250313e-16,0.013355163064474783,0.013355163064474783,0.09004999473699993,0.08416490548416482,0.005556026903530392,0.013355163064474783,0.005226964554225689,0.0,0.0,0.0,0.9986978309410555,0.0,0.0,0.9998812053048235,False
1.69925,1,118,119,1.189385801240859,1.1893858012408587,-2.220446049250313e-16,0.014090618805020652,0.014090618805020652,0.09004855140853177,0.0837570687644555,0.006291482644076256,0.014090618805020652,0.005226964554225689,0.0,0.0,0.0,0.9987682571345081,0.0,0.0,0.9998875417011365,False
1.727,1,119,120,1.195674420264151,1.195674420264151,0.0,0.014876696182932223,0.014876696182932223,0.09004568778774809,0.08296812776576025,0.00669163867768521,0.014876696182932223,0.005226964554225689,0.0,0.0,0.0,0.998893102083501,0.0,0.0,0.9998988042401318,False
1.7577500000000001,1,120,121,1.2027189029491365,1.2027189029491367,2.220446049250313e-16,0.01575725651855544,0.01575725651855544,0.09001261045074598,0.08204737274848176,0.006855805995622454,0.01575725651855544,0.005226964554225689,0.0,0.0,0.0,0.9989540883743172,0.0,0.0,0.9999041347892793,False
1.7922500000000001,1,121,122,1.2107082425281903,1.2107082425281905,2.220446049250313e-16,0.01675592396593713,0.01675592396593713,0.09003671232753532,0.08107280717788941,0.007355139719313305,0.01675592396593713,0.005226964554225689,0.0,0.0,0.0,0.9989808070799512,0.0,0.0,0.9999062551342752,False
1.8305,1,122,123,1.219658587018179,1.2196585870181793,2.220446049250313e-16,0.017874717027185728,0.017874717027185728,0.09002315166787814,0.08033349214593942,0.00847393278056189,0.017874717027185728,0.005226964554225689,0.0,0.0,0.0,0.9990457419617325,0.0,0.0,0.9999112013906525,False
1.8715,1,123,124,1.2293425096470132,1.229342509647013,-2.220446049250313e-16,0.019085207355789956,0.019085207355789956,0.0900174147747734,0.08456733984950193,0.0054500749252714845,0.019085207355789956,0.005226964554225689,0.0,0.0,0.0,0.9991577536915268,0.0,0.0,0.9999229706771757,False
1.8945,1,124,125,1.234808114027844,1.234808114027844,0.0,0.01976840790339383,0.01976840790339383,0.0900329442303329,0.08389966875745752,0.005433478690230428,0.01976840790339383,0.005226964554225689,0.0,0.0,0.0,0.9986652846155182,0.0,0.0,0.9998781936809429,False
1.92025,1,125,126,1.2409495483375304,1.2409495483375301,-2.220446049250313e-16,0.020536087192104632,0.020536087192104632,0.09004110306714389,0.08383994508820265,0.005817318334585823,0.020536087192104632,0.005226964554225689,0.0,0.0,0.0,0.9986753555267575,0.0,0.0,0.9998790464905576,False
1.94625,1,126,127,1.2471690648865592,1.2471690648865592,0.0,0.021313526760733264,0.021313526760733264,0.0900594616372317,0.08308086408966184,0.005956371257054712,0.021313526760733264,0.005226964554225689,0.0,0.0,0.0,0.998751242345258,0.0,0.0,0.9998858771600717,False
1.97525,1,127,128,1.2541208769403116,1.2541208769403118,2.220446049250313e-16,0.02218250326745229,0.02218250326745229,0.090032676143414,0.0825689417334805,0.00639085951041422,0.02218250326745229,0.005226964554225689,0.0,0.0,0.0,0.9987913964025317,0.0,0.0,0.9998894101960304,False
2.00625,1,128,129,1.2615599999999998,1.2615599999999998,0.0,0.023112393649913333,0.023112393649913333,0.09000806479316883,0.08161444000077431,0.007087517568160223,0.023112393649913333,0.005226964554225689,0.0,0.0,0.0,0.9988726450794919,0.0,0.0,0.9998965738244364,False
2.0412500000000002,1,129,130,1.2699599999999998,1.26996,2.220446049250313e-16,0.024162393649913384,0.024162393649913384,0.0900144400007743,0.08120920185453956,0.007612517568160203,0.024162393649913384,0.005226964554225689,0.0,0.0,0.0,0.9989857592777847,0.0,0.0,0.9999065022184349,False
2.078,1,130,131,1.2787799999999998,1.2787799999999998,0.0,0.025264893649913436,0.012632446824956718,0.09002920185453933,0.08012146370830461,0.008715017568160175,0.012632446824956718,0.005226964554225689,0.0,0.0,0.0,0.9990529411556054,0.0,0.0,0.9999120844758183,False
2.11925,1,131,132,1.2886799999999994,1.2886799999999994,0.0,0.01386994682495666,0.01386994682495666,0.09002146370830416,0.08466608876186657,0.0053553749464375815,0.01386994682495666,0.005226964554225689,0.0,0.0,0.0,0.9991706300145294,0.0,0.0,0.9999241266183843,False
2.1415,1,132,133,1.2940199999999993,1.2940199999999993,0.0,0.014537446824956635,0.014537446824956635,0.09000608876186644,0.08398321381542882,0.005689124946437569,0.014537446824956635,0.005226964554225689,0.0,0.0,0.0,0.9986298445200631,0.0,0.0,0.9998749563711736,False
2.16675,1,133,134,1.300079999999999,1.300079999999999,0.0,0.01529494682495661,0.01529494682495661,0.09004321381542874,0.08359658886899114,0.005951258784080045,0.01529494682495661,0.005226964554225689,0.0,0.0,0.0,0.9987198799162543,0.0,0.0,0.9998830966733073,False
2.1935000000000002,1,134,135,1.3064999999999989,1.3064999999999989,0.0,0.01609744682495661,0.01609744682495661,0.0900165888689911,0.08276746392255346,0.0063525087840800255,0.01609744682495661,0.005226964554225689,0.0,0.0,0.0,0.9987780694292194,0.0,0.0,0.9998883133968919,False
2.22375,1,135,136,1.3137599999999994,1.3137599999999994,0.0,0.017004946824956655,0.017004946824956655,0.09002746392255365,0.08236620513847354,0.006543758784079997,0.017004946824956655,0.005226964554225689,0.0,0.0,0.0,0.9988632446649277,0.0,0.0,0.9998959871875664,False
2.25575,1,136,137,1.3214399999999995,1.3214399999999995,0.0,0.0179649468249567,0.0179649468249567,0.09004620513847364,0.08142494635439355,0.007023758784079978,0.0179649468249567,0.005226964554225689,0.0,0.0,0.0,0.9989001558863791,0.0,0.0,0.9998991928652107,False
2.2915,1,137,138,1.3300199999999993,1.3300199999999993,0.0,0.01903744682495674,0.01903744682495674,0.09000494635439349,0.08071243757031349,0.008096258784079987,0.01903744682495674,0.005226964554225689,0.0,0.0,0.0,0.9989806186623387,0.0,0.0,0.9999056704345005,False
2.33025,1,138,139,1.339319999999999,1.339319999999999,0.0,0.0201999468249568,0.0201999468249568,0.09001243757031327,0.08478493317827328,0.005227504392039987,0.0201999468249568,0.005226964554225689,0.0,0.0,0.0,0.9991085610411975,0.0,0.0,0.9999185145256011,False
2.352,1,139,140,1.344539999999999,1.344539999999999,0.0,0.02085244682495683,0.02085244682495683,0.09000493317827316,0.08412492878623315,0.005195629392039968,0.02085244682495683,0.005195629392039968,0.0,0.0,0.0,0.9985965651961827,0.0,0.0,0.9998719651384084,False
2.3765,1,140,141,1.3504199999999988,1.3504199999999988,0.0,0.021587446824956856,0.021587446824956856,0.09000492878623302,0.08407429939419303,0.005563129392039949,0.021587446824956856,0.005226964554225689,0.0,0.0,0.0,0.998608537457429,0.0,0.0,0.9998730222153095,False
2.40125,1,141,142,1.3563599999999987,1.3563599999999987,0.0,0.02232994682495689,0.02232994682495689,0.09001429939419303,0.08334117000215302,0.005694379392039925,0.02232994682495689,0.005226964554225689,0.0,0.0,0.0,0.9986912594285052,0.0,0.0,0.9998805179647037,False
2.4290000000000003,1,142,143,1.363019999999999,1.3630199999999988,-2.220446049250313e-16,0.023162446824956932,0.023162446824956932,0.09000117000215313,0.0828630406101131,0.00611062939203991,0.023162446824956932,0.005226964554225689,0.0,0.0,0.0,0.9987356072911783,0.0,0.0,0.9998844962692758,False
2.45875,1,143,144,1.3701599999999992,1.3701599999999992,0.0,0.02405494682495697,0.02405494682495697,0.0900030406101132,0.08197241121807317,0.0070031293920399425,0.02405494682495697,0.005226964554225689,0.0,0.0,0.0,0.9988215662471172,0.0,0.0,0.9998921331595775,False
2.49225,1,144,145,1.3781999999999992,1.3781999999999992,0.0,0.02505994682495702,0.02505994682495702,0.09001241121807323,0.08158803182603323,0.007770611706239063,0.02505994682495702,0.005226964554225689,0.0,0.0,0.0,0.99896941124566,0.0,0.0,0.9999053869529959,False
2.5275,1,145,146,1.3866599999999987,1.3866599999999987,0.0,0.026117446824957067,0.013058723412478533,0.09004803182603299,0.08056615243399304,0.008828111706239022,0.013058723412478533,0.005226964554225689,0.0,0.0,0.0,0.9990651015506165,0.0,0.0,0.9999134939588674,False
2.567,1,146,147,1.3961399999999984,1.3961399999999984,0.0,0.01424372341247848,0.01424372341247848,0.09004615243399261,0.08492083773797268,0.005125314696019935,0.01424372341247848,0.005125314696019935,0.0,0.0,0.0,0.999175657742518,0.0,0.0,0.9999246189517308,False
2.58825,1,147,148,1.4012399999999983,1.4012399999999983,0.0,0.01488122341247846,0.01488122341247846,0.09002083773797256,0.0842580230419526,0.005444064696019925,0.01488122341247846,0.005125314696019935,0.0,0.0,0.0,0.998568027835363,0.0,0.0,0.9998693913668968,False
2.61225,1,148,149,1.406999999999998,1.406999999999998,0.0,0.01560122341247843,0.01560122341247843,0.09001802304195247,0.08385395834593252,0.00593655585311947,0.01560122341247843,0.005125314696019935,0.0,0.0,0.0,0.9986612194043121,0.0,0.0,0.9998778393017251,False
2.638,1,149,150,1.413179999999998,1.4131799999999983,2.220446049250313e-16,0.01637372341247846,0.01637372341247846,0.09003395834593257,0.08309739364991259,0.006322805853119453,0.01637372341247846,0.005125314696019935,0.0,0.0,0.0,0.9987699383060865,0.0,0.0,0.9998876866855954,False
2.6670000000000003,1,150,151,1.4201399999999984,1.4201399999999984,0.0,0.0172437234124785,0.0172437234124785,0.0900573936499127,0.08247833779679319,0.006506555853119423,0.0172437234124785,0.005125314696019935,0.0,0.0,0.0,0.9988526392840428,0.0,0.0,0.9998951600688317,False
2.6985,1,151,152,1.4276999999999984,1.4276999999999984,0.0,0.018188723412478538,0.018188723412478538,0.09003833779679327,0.08151428194367377,0.006979055853119401,0.018188723412478538,0.005125314696019935,0.0,0.0,0.0,0.998892467950272,0.0,0.0,0.999898662285343,False
2.734,1,152,153,1.4362199999999983,1.4362199999999983,0.0,0.019253723412478583,0.019253723412478583,0.09003428194367376,0.08083147609055433,0.008044055853119418,0.019253723412478583,0.005125314696019935,0.0,0.0,0.0,0.9989740200419269,0.0,0.0,0.9999052958579726,False
2.77225,1,153,154,1.445399999999998,1.445399999999998,0.0,0.020401223412478638,0.020401223412478638,0.09001147609055404,0.08483632316399435,0.005175152926559698,0.020401223412478638,0.005125314696019935,0.0,0.0,0.0,0.9991020572058666,0.0,0.0,0.999917974706389,False
2.794,1,154,155,1.450619999999998,1.450619999999998,0.0,0.021053723412478666,0.021053723412478666,0.09005632316399424,0.08422867023743452,0.005158277926559681,0.021053723412478666,0.005125314696019935,0.0,0.0,0.0,0.9985839658672867,0.0,0.0,0.9998708762542167,False
2.81825,1,155,156,1.456439999999998,1.456439999999998,0.0,0.021781223412478706,0.021781223412478706,0.09004867023743451,0.08416289231087482,0.005522027926559671,0.021781223412478706,0.005125314696019935,0.0,0.0,0.0,0.9985979420791291,0.0,0.0,0.9998721296001835,False
2.84275,1,156,157,1.4623199999999978,1.4623199999999978,0.0,0.022516223412478734,0.022516223412478734,0.09004289231087474,0.08342211438431502,0.005653277926559643,0.022516223412478734,0.005125314696019935,0.0,0.0,0.0,0.9986811022860169,0.0,0.0,0.9998796715731064,False
2.87025,1,157,158,1.4689199999999982,1.4689199999999982,0.0,0.023341223412478778,0.023341223412478778,0.09002211438431515,0.08294008645775541,0.006065777926559631,0.023341223412478778,0.005125314696019935,0.0,0.0,0.0,0.9987261296093015,0.0,0.0,0.9998837246874348,False
2.89975,1,158,159,1.4759999999999982,1.4759999999999982,0.0,0.02422622341247881,0.02422622341247881,0.09002008645775544,0.0820530585311957,0.006950777926559654,0.02422622341247881,0.005125314696019935,0.0,0.0,0.0,0.9988126977669747,0.0,0.0,0.9998914439815119,False
2.9330000000000003,1,159,160,1.4839799999999983,1.4839799999999983,0.0,0.02522372341247886,0.02522372341247886,0.0900330585311958,0.08167228060463609,0.007798430853119526,0.02522372341247886,0.005125314696019935,0.0,0.0,0.0,0.9989616561809719,0.0,0.0,0.999904764749611,False
2.96775,1,160,161,1.4923199999999979,1.4923199999999979,0.0,0.026266223412478903,0.013133111706239452,0.09001228060463579,0.08060900267807614,0.008840930853119478,0.013133111706239452,0.005125314696019935,0.0,0.0,0.0,0.9990664564681783,0.0,0.0,0.9999136731653911,False
3.007,1,161,162,1.5017399999999976,1.5017399999999976,0.0,0.014310611706239403,0.014310611706239403,0.09002900267807575,0.08494486371479595,0.005084138963279795,0.014310611706239403,0.005084138963279795,0.0,0.0,0.0,0.9991760772412402,0.0,0.0,0.9999246733034661,False
3.02825,1,162,163,1.5068399999999973,1.5068399999999973,0.0,0.014948111706239383,0.014948111706239383,0.09004486371479584,0.08432322475151602,0.005402888963279785,0.014948111706239383,0.005084138963279795,0.0,0.0,0.0,0.9985577140218052,0.0,0.0,0.9998684905549315,False
3.052,1,163,164,1.512539999999997,1.5125399999999973,2.220446049250313e-16,0.01566061170623935,0.01566061170623935,0.09002322475151583,0.08390783578823603,0.005933590426559696,0.01566061170623935,0.005084138963279795,0.0,0.0,0.0,0.9986505586151795,0.0,0.0,0.9998769189244209,False
3.0775,1,164,165,1.518659999999997,1.518659999999997,0.0,0.016425611706239386,0.016425611706239386,0.0900278357882361,0.08314744682495627,0.006316090426559682,0.016425611706239386,0.005084138963279795,0.0,0.0,0.0,0.9987680099884844,0.0,0.0,0.9998875659188975,False
3.10625,1,165,166,1.5255599999999974,1.5255599999999976,2.220446049250313e-16,0.017288111706239426,0.017288111706239426,0.09004744682495643,0.08248635639839666,0.0064979654265596536,0.017288111706239426,0.005084138963279795,0.0,0.0,0.0,0.998850361035769,0.0,0.0,0.9998950045189364,False
3.13775,1,166,167,1.5331199999999974,1.5331199999999974,0.0,0.018233111706239466,0.018233111706239466,0.09004635639839674,0.081540265971837,0.006970465426559632,0.018233111706239466,0.005084138963279795,0.0,0.0,0.0,0.9988911841442173,0.0,0.0,0.9998985930643013,False
3.173,1,167,168,1.5415799999999975,1.5415799999999975,0.0,0.019290611706239514,0.019290611706239514,0.09000026597183702,0.08081917554527734,0.008027965426559654,0.019290611706239514,0.005084138963279795,0.0,0.0,0.0,0.9989719587729463,0.0,0.0,0.9999051270904308,False
3.2115,1,168,169,1.5508199999999972,1.5508199999999972,0.0,0.020445611706239566,0.020445611706239566,0.09005917554527706,0.08489113033199724,0.005168045213279814,0.020445611706239566,0.005084138963279795,0.0,0.0,0.0,0.9991012124631111,0.0,0.0,0.999917920441563,False
3.233,1,169,170,1.5559799999999973,1.5559799999999973,0.0,0.021090611706239597,0.021090611706239597,0.09005113033199716,0.0842380851187173,0.005150232713279798,0.021090611706239597,0.005084138963279795,0.0,0.0,0.0,0.9985804036106779,0.0,0.0,0.9998705766395491,False
3.25725,1,170,171,1.5617999999999972,1.5617999999999972,0.0,0.021818111706239637,0.021818111706239637,0.09005808511871734,0.0841803524054375,0.005513982713279788,0.021818111706239637,0.005084138963279795,0.0,0.0,0.0,0.9985960194968643,0.0,0.0,0.9998719818420337,False
3.2815,1,171,172,1.5676199999999971,1.5676199999999971,0.0,0.022545611706239668,0.022545611706239668,0.09000035240543747,0.0833951196921576,0.005641482713279763,0.022545611706239668,0.005084138963279795,0.0,0.0,0.0,0.9986778142895966,0.0,0.0,0.9998793973452118,False
3.30925,1,172,173,1.574279999999997,1.574279999999997,0.0,0.0233781117062397,0.0233781117062397,0.09005511969215761,0.08298113697887777,0.006057732713279741,0.0233781117062397,0.005084138963279795,0.0,0.0,0.0,0.9987252809062016,0.0,0.0,0.9998836715788609,False
3.3385000000000002,1,173,174,1.581299999999997,1.581299999999997,0.0,0.024255611706239744,0.024255611706239744,0.09000113697887793,0.08204965426559807,0.006935232713279781,0.024255611706239744,0.005084138963279795,0.0,0.0,0.0,0.9988100323633707,0.0,0.0,0.9998912225877706,False
3.37175,1,174,175,1.5892799999999974,1.5892799999999974,0.0,0.025253111706239784,0.025253111706239784,0.09002965426559806,0.08168067155231826,0.007803902926559754,0.025253111706239784,0.005084138963279795,0.0,0.0,0.0,0.9989596173848067,0.0,0.0,0.9999045702478467,False
3.4065,1,175,176,1.597619999999997,1.597619999999997,0.0,0.026295611706239837,0.013147805853119919,0.09002067155231806,0.08062918883903827,0.00884640292655972,0.013147805853119919,0.005084138963279795,0.0,0.0,0.0,0.9990670256062982,0.0,0.0,0.9999136735693769,False
3.44575,1,176,177,1.607039999999997,1.6070399999999967,-2.220446049250313e-16,0.01432530585311987,0.01432530585311987,0.0900491888390379,0.08497282248239804,0.00507636635663986,0.01432530585311987,0.00507636635663986,0.0,0.0,0.0,0.9991765038422663,0.0,0.0,0.9999247035611487,False
3.46675,1,177,178,1.6120799999999964,1.6120799999999964,0.0,0.01495530585311984,0.01495530585311984,0.09001282248239785,0.08430645612575796,0.005391366356639845,0.01495530585311984,0.00507636635663986,0.0,0.0,0.0,0.9985538389348627,0.0,0.0,0.999868139715605,False
3.4905,1,178,179,1.6177799999999962,1.6177799999999962,0.0,0.015667805853119818,0.015667805853119818,0.09000645612575789,0.08390258976911802,0.005932576463279817,0.015667805853119818,0.00507636635663986,0.0,0.0,0.0,0.9986480015313255,0.0,0.0,0.999876693788361,False
3.516,1,179,180,1.6238999999999963,1.6238999999999963,0.0,0.016432805853119844,0.016432805853119844,0.09002258976911799,0.08315372341247809,0.006315076463279795,0.016432805853119844,0.00507636635663986,0.0,0.0,0.0,0.998767815444412,0.0,0.0,0.9998875554199955,False
3.54475,1,180,181,1.6307999999999965,1.6307999999999965,0.0,0.017295305853119884,0.017295305853119884,0.09005372341247825,0.08249364694919838,0.0064969514632797695,0.017295305853119884,0.00507636635663986,0.0,0.0,0.0,0.9988501905048884,0.0,0.0,0.9998949894550537,False
3.57625,1,181,182,1.638359999999997,1.638359999999997,0.0,0.018240305853119934,0.018240305853119934,0.09005364694919857,0.08154857048591871,0.006969451463279755,0.018240305853119934,0.00507636635663986,0.0,0.0,0.0,0.998891023455896,0.0,0.0,0.999898565633901,False
3.6115,1,182,183,1.6468199999999968,1.6468199999999968,0.0,0.019297805853119982,0.019297805853119982,0.09000857048591873,0.08082849402263892,0.008026951463279778,0.019297805853119982,0.00507636635663986,0.0,0.0,0.0,0.9989718174698279,0.0,0.0,0.9999050535589388,False
3.64975,1,183,184,1.6559999999999961,1.6559999999999961,0.0,0.020445305853120026,0.020445305853120026,0.09000849402263855,0.08484470579099869,0.005163788231639874,0.020445305853120026,0.00507636635663986,0.0,0.0,0.0,0.9991003673722841,0.0,0.0,0.9999178404790997,False
3.67125,1,184,185,1.6611599999999962,1.6611599999999962,0.0,0.021090305853120057,0.021090305853120057,0.09000470579099859,0.0841959175593587,0.005145975731639859,0.021090305853120057,0.00507636635663986,0.0,0.0,0.0,0.9985793537437234,0.0,0.0,0.9998704791056999,False
3.6955,1,185,186,1.6669799999999961,1.6669799999999961,0.0,0.021817805853120088,0.021817805853120088,0.09001591755935862,0.08414244182771873,0.005509725731639842,0.021817805853120088,0.00507636635663986,0.0,0.0,0.0,0.9985949925461219,0.0,0.0,0.999871885375651,False
3.72,1,186,187,1.6728599999999962,1.6728599999999962,0.0,0.022552805853120125,0.022552805853120125,0.09002244182771876,0.08341396609607885,0.0056409757316398185,0.022552805853120125,0.00507636635663986,0.0,0.0,0.0,0.9986784903881877,0.0,0.0,0.9998794520899834,False
3.7475,1,187,188,1.6794599999999962,1.6794599999999962,0.0,0.02337780585312016,0.02337780585312016,0.09001396609607887,0.08294424036443897,0.006053475731639799,0.02337780585312016,0.00507636635663986,0.0,0.0,0.0,0.998723691140286,0.0,0.0,0.9998835145219815,False
3.777,1,188,189,1.6865399999999964,1.6865399999999964,0.0,0.0242628058531202,0.0242628058531202,0.09002424036443911,0.08206951463279918,0.006938475731639835,0.0242628058531202,0.00507636635663986,0.0,0.0,0.0,0.9988105763215683,0.0,0.0,0.9998912465098929,False
3.81025,1,189,190,1.6945199999999963,1.6945199999999963,0.0,0.025260305853120252,0.025260305853120252,0.09004951463279928,0.0817010389011594,0.007805701463279871,0.025260305853120252,0.00507636635663986,0.0,0.0,0.0,0.9989600308576685,0.0,0.0,0.9999045675686067,False
3.845,1,190,191,1.702859999999996,1.702859999999996,0.0,0.026302805853120295,0.013151402926560148,0.09004103890115911,0.08065006316951928,0.008848201463279822,0.013151402926560148,0.00507636635663986,0.0,0.0,0.0,0.9990672013004273,0.0,0.0,0.9999136250992491,False
3.884,1,191,192,1.7122199999999959,1.7122199999999959,0.0,0.014321402926560103,0.014321402926560103,0.09001006316951893,0.08493582530369903,0.0050742378658198885,0.014321402926560103,0.0050742378658198885,0.0,0.0,0.0,0.999176015124004,0.0,0.0,0.9999246421801427,False
3.90525,1,192,193,1.7173199999999957,1.7173199999999957,0.0,0.01495890292656007,0.01495890292656007,0.0900358253036988,0.0843240874378789,0.005392987865819872,0.01495890292656007,0.0050742378658198885,0.0,0.0,0.0,0.9985551820679457,0.0,0.0,0.9998682477365576,False
3.9290000000000003,1,193,194,1.7230199999999956,1.7230199999999956,0.0,0.01567140292656005,0.01567140292656005,0.09002408743787882,0.08391859957205892,0.005933475731639872,0.01567140292656005,0.0050742378658198885,1.441789569038584e-07,1.441789569038584e-07,0.0,0.998648345481045,1.5905643015841085e-07,1.4877473254552436e-08,0.999876710199844,False
3.9545,1,194,195,1.7291399999999957,1.7291399999999957,0.0,0.016436402926560085,0.016436402926560085,0.09003859957205901,0.08316811170623907,0.006315975731639857,0.016436402926560085,0.0050742378658198885,0.0,0.0,0.0,0.9987679666845352,0.0,0.0,0.9998875506038859,False
3.983,1,195,196,1.7359799999999956,1.7359799999999956,0.0,0.017291402926560118,0.017291402926560118,0.09000811170623915,0.08245463597459922,0.006494100731639823,0.017291402926560118,0.0050742378658198885,0.0,0.0,0.0,0.9988491184287023,0.0,0.0,0.9998948678672984,False
4.0145,1,196,197,1.7435399999999959,1.7435399999999959,0.0,0.018236402926560098,0.018236402926560098,0.09001463597459936,0.08151616024295939,0.006966600731639826,0.018236402926560098,0.0050742378658198885,2.0199651538836216e-07,2.0199651538836216e-07,0.0,0.9988905853289112,1.6555219298286988e-07,-3.644432240549228e-08,0.9998984936225848,False
4.05,1,197,198,1.7520599999999957,1.7520599999999957,0.0,0.019301402926559973,0.019301402926559973,0.09003616024295927,0.0808551845113193,0.008031600731639828,0.019301402926559973,0.0050742378658198885,0.0,0.0,0.0,0.9989723995903235,0.0,0.0,0.9999050485963408,False
4.08825,1,198,199,1.761239999999996,1.761239999999996,0.0,0.020448902926559834,0.020448902926559834,0.0900351845113194,0.0848709466454994,0.005164237865819996,0.020448902926559834,0.0050742378658198885,3.591289480683565e-08,3.591289480683565e-08,0.0,0.9991008109662742,2.69779509085976e-08,-8.934943898238046e-09,0.9999178690107832,False
4.10975,1,199,200,1.766399999999996,1.766399999999996,0.0,0.021093902926559775,0.021093902926559775,0.0900309466454996,0.0842217087796796,0.005148300365819973,0.021093902926559775,0.0050742378658198885,0.0,0.0,0.0,0.9985794536782613,0.0,0.0,0.9998704767823773,False
4.134,1,200,201,1.772219999999996,1.772219999999996,0.0,0.021821402926559676,0.021821402926559676,0.09004170877967951,0.08416590841385956,0.005512050365819979,0.021821402926559676,0.0050742378658198885,2.323167041794091e-07,2.323167041794091e-07,0.0,0.9985955361435451,2.3229107330745898e-07,-2.5630871950126262e-11,0.9998719193867991,False
4.1585,1,201,202,1.7780999999999962,1.7780999999999962,0.0,0.02255640292655961,0.02255640292655961,0.09004590841385973,0.08343510804803975,0.00564330036581998,0.02255640292655961,0.0050742378658198885,3.5502614457870896e-07,3.5502614457870896e-07,0.0,0.9986789683865317,3.1992703117470606e-07,-3.50991134040029e-08,0.9998794765600633,False
4.186,1,202,203,1.7846999999999962,1.7846999999999962,0.0,0.023381402926559512,0.023381402926559512,0.09003510804803971,0.08296305768221972,0.006055800365819993,0.023381402926559512,0.0050742378658198885,0.0,0.0,0.0,0.998724135676639,0.0,0.0,0.9998835314326497,False
4.2155000000000005,1,203,204,1.791779999999996,1.791779999999996,0.0,0.0242664029265594,0.0242664029265594,0.09004305768221961,0.08208600731639962,0.006940800365819981,0.0242664029265594,0.0050742378658198885,4.7301509824733943e-07,4.7301509824733943e-07,0.0,0.9988109589848359,1.3752725226862138e-07,-3.3548784597871805e-07,0.9998912466211907,False
4.2485,1,204,205,1.799699999999996,1.799699999999996,0.0,0.0252564029265593,0.0252564029265593,0.09000600731639971,0.08166270695057973,0.007802850731640108,0.0252564029265593,0.0050742378658198885,9.459147753910959e-08,9.459147753910959e-08,0.0,0.9989593370617996,3.943196376584061e-08,-5.515951377326898e-08,0.999904468716594,False
4.28325,1,205,206,1.8080399999999963,1.8080399999999963,0.0,0.026298902926559176,0.013149451463279588,0.09000270695057982,0.08061690658475981,0.008845350731640141,0.013149451463279588,0.0050742378658198885,1.1107228090620827e-08,1.1107228090620827e-08,0.0,0.9990668850699908,1.7286402879653287e-08,6.17917478903246e-09,0.9999135583603909,False
4.3225,1,206,207,1.8174599999999965,1.8174599999999967,2.220446049250313e-16,0.014326951463279633,0.014326951463279633,0.09003690658476017,0.08496150640185013,0.005075400182910037,0.014326951463279633,0.0050742378658198885,6.889856900901684e-07,6.889856900901684e-07,0.0,0.9991763820104455,7.059770262612605e-07,1.6991336171092103e-08,0.9999246594673622,False
4.3435,1,207,208,1.822499999999997,1.822499999999997,0.0,0.014956951463279654,0.014956951463279654,0.09000150640185027,0.08429610621894024,0.005390400182910047,0.014956951463279654,0.0050742378658198885,5.504410929883742e-07,5.504410929883742e-07,0.0,0.9985535620912932,5.660498724435444e-07,1.5608779455170184e-08,0.9998680823243802,False
4.3675,1,208,209,1.8282599999999967,1.8282599999999969,2.220446049250313e-16,0.015676951463279673,0.015676951463279673,0.09005610621894039,0.08394570603603034,0.00593392536582012,0.015676951463279673,0.0050742378658198885,9.261364705389957e-07,9.261364705389957e-07,0.0,0.9986494170683875,9.201304252925936e-07,-6.006045246402135e-09,0.9998767870212311,False
4.39275,1,209,210,1.8343199999999968,1.8343199999999968,0.0,0.01643445146327958,0.01643445146327958,0.0900057060360302,0.08313780585312017,0.006312675365820131,0.01643445146327958,0.0050742378658198885,7.632145202915647e-07,7.632145202915647e-07,0.0,0.9987666535391208,6.736236230814232e-07,-8.959089721014154e-08,0.9998874073562266,False
4.4215,1,210,211,1.8412199999999967,1.8412199999999967,0.0,0.017296951463279496,0.017296951463279496,0.09003780585312014,0.08248388048730002,0.006496425365820152,0.017296951463279496,0.0050742378658198885,5.123709212139481e-07,5.123709212139481e-07,0.0,0.9988497771983957,5.931506988828559e-07,8.077977766890779e-08,0.9998949018913978,False
4.453,1,211,212,1.8487799999999965,1.8487799999999965,0.0,0.018241951463279373,0.018241951463279373,0.09004388048729975,0.0815449551214796,0.0069689253658201614,0.018241951463279373,0.0050742378658198885,9.297188144638611e-07,9.297188144638611e-07,0.0,0.9988909171453887,8.707603358825355e-07,-5.8958478581325625e-08,0.9998984955838017,False
4.48825,1,212,213,1.8572399999999964,1.8572399999999964,0.0,0.019299451463279264,0.019299451463279264,0.09000495512147963,0.08082727975565943,0.008026425365820182,0.019299451463279264,0.0050742378658198885,5.30700733983151e-07,5.30700733983151e-07,0.0,0.9989717228109375,5.795466720271e-07,4.884593804394899e-08,0.9999049557170638,False
4.5265,1,213,214,1.8664199999999966,1.8664199999999966,0.0,0.020446951463279125,0.020446951463279125,0.09000727975565952,0.0848446920727494,0.005162587682910113,0.020446951463279125,0.0050742378658198885,8.292084789644403e-07,8.292084789644403e-07,0.0,0.9991002926880921,8.144408528838981e-07,-1.4767626080542176e-08,0.9999178079518287,False
4.548,1,214,215,1.8715799999999967,1.8715799999999967,0.0,0.021091951463279066,0.021091951463279066,0.09000469207274961,0.08419710438983949,0.005145712682910123,0.021091951463279066,0.0050742378658198885,7.589926409484781e-07,7.589926409484781e-07,0.0,0.998579039685118,7.736993119016543e-07,1.4706670953176229e-08,0.9998704250785972,False
4.57225,1,215,216,1.8773999999999968,1.8773999999999968,0.0,0.021819451463278967,0.021819451463278967,0.0900171043898394,0.08414389170692929,0.005509462682910128,0.021819451463278967,0.0050742378658198885,1.0770892242738467e-06,1.0770892242738467e-06,0.0,0.9985949104508762,1.0629978122609555e-06,-1.4091412012891182e-08,0.9998718493729079,False
4.59675,1,216,217,1.883279999999997,1.883279999999997,0.0,0.0225544514632789,0.0225544514632789,0.09002389170692947,0.08341567902401935,0.005640712682910156,0.0225544514632789,0.0050742378658198885,1.161575658188528e-06,1.161575658188528e-06,0.0,0.9986784133383216,1.111336080915576e-06,-5.023957727295198e-08,0.9998794113626317,False
4.62425,1,217,218,1.889879999999997,1.889879999999997,0.0,0.023379451463278803,0.023379451463278803,0.0900156790240193,0.08294621634110916,0.00605321268291017,0.023379451463278803,0.0050742378658198885,5.210301774090647e-07,5.210301774090647e-07,0.0,0.9987236141127419,5.43819953694011e-07,2.278977628494632e-08,0.9998834660479262,False
4.6537500000000005,1,218,219,1.8969599999999966,1.8969599999999969,2.220446049250313e-16,0.024264451463278693,0.024264451463278693,0.09002621634110905,0.08207175365819891,0.006938212682910157,0.024264451463278693,0.0050742378658198885,1.0575191933730546e-06,1.0575191933730546e-06,0.0,0.9988105057113204,1.11674047301394e-06,5.922127964088546e-08,0.9998911847073294,False
4.687,1,219,220,1.9049399999999967,1.9049399999999967,0.0,0.025261951463278573,0.025261951463278573,0.09005175365819885,0.0817035409752887,0.007806112865819922,0.025261951463278573,0.0050742378658198885,7.856927790768082e-07,7.856927790768082e-07,0.0,0.9989599703880374,7.49694209154167e-07,-3.5998569922641175e-08,0.9999045111592582,False
4.72175,1,220,221,1.9132799999999968,1.9132799999999968,0.0,0.026304451463278474,0.013152225731639237,0.09004354097528902,0.08065282829237883,0.008848612865819982,0.013152225731639237,0.0050742378658198885,8.759931467646235e-07,8.759931467646235e-07,0.0,0.9990672188199998,9.014857351912018e-07,2.5492588426578302e-08,0.999913581696537,False
4.76075,1,221,222,1.9226399999999975,1.9226399999999975,0.0,0.014322225731639273,0.014322225731639273,0.09001282829237911,0.08493872195092397,0.005074106341455125,0.014322225731639273,0.005074106341455125,1.5414638343011586e-06,1.5414638343011586e-06,0.0,0.9991760227361813,1.550904653002368e-06,9.440818701209356e-09,0.9999246137413809,False
4.782,1,222,223,1.9277399999999973,1.9277399999999973,0.0,0.014959725731639303,0.014959725731639303,0.09003872195092419,0.08432711560946907,0.00539285634145514,0.014959725731639303,0.005074106341455125,1.4374572566435665e-06,1.4374572566435665e-06,0.0,0.9985551200010908,1.4600979305590643e-06,2.264067391549783e-08,0.9998682075367109,False
4.80575,1,223,224,1.9334399999999974,1.9334399999999974,0.0,0.015672225731639313,0.015672225731639313,0.09002711560946913,0.08392175926801401,0.005933681432910031,0.015672225731639313,0.005074106341455125,1.7534988849385769e-06,1.7534988849385769e-06,0.0,0.9986482918930675,1.7345106882420006e-06,-1.8988196696576292e-08,0.9998766701058436,False
4.83125,1,224,225,1.9395599999999975,1.9395599999999973,-2.220446049250313e-16,0.016437225731639228,0.016437225731639228,0.09004175926801394,0.08317140292655881,0.006316181432910047,0.016437225731639228,0.005074106341455125,1.375983765966414e-06,1.375983765966414e-06,0.0,0.9987679776115382,1.3001219354020468e-06,-7.586183056436727e-08,0.9998875101382046,False
4.85975,1,225,226,1.9463999999999972,1.9463999999999972,0.0,0.017292225731639136,0.017292225731639136,0.09001140292655872,0.08245772149364869,0.006494306432910068,0.017292225731639136,0.005074106341455125,1.351935152612649e-06,1.351935152612649e-06,0.0,0.9988491265294833,1.4298341093356946e-06,7.78989567230457e-08,0.9998948277035885,False
4.89125,1,226,227,1.9539599999999968,1.9539599999999968,0.0,0.018237225731639013,0.018237225731639013,0.09001772149364841,0.08151904006073837,0.0069668064329100774,0.018237225731639013,0.005074106341455125,1.6484219614913101e-06,1.6484219614913101e-06,0.0,0.998890590134343,1.5749897132483225e-06,-7.343224824298759e-08,0.9998984514624273,False
4.92675,1,227,228,1.9624799999999971,1.9624799999999971,0.0,0.019302225731638912,0.019302225731638912,0.09003904006073844,0.08085785862782834,0.008031806432910106,0.019302225731638912,0.005074106341455125,1.4836441819262658e-06,1.4836441819262658e-06,0.0,0.9989724024819794,1.537163173082626e-06,5.351899115636012e-08,0.999905014662456,False
4.965,1,228,229,1.971659999999997,1.971659999999997,0.0,0.020449725731638772,0.020449725731638772,0.09003785862782843,0.08487351791137336,0.0051643407164550705,0.020449725731638772,0.005074106341455125,1.5806980651556694e-06,1.5806980651556694e-06,0.0,0.9991008108138276,1.5628038880637378e-06,-1.7894177091931683e-08,0.9999178439286818,False
4.9865,1,229,230,1.9768199999999971,1.9768199999999971,0.0,0.02109472573163869,0.02109472573163869,0.09003351791137335,0.08422417719491829,0.005148403216455072,0.02109472573163869,0.005074106341455125,1.5653857086324352e-06,1.5653857086324352e-06,0.0,0.9985794594324982,1.5903157225263733e-06,2.493001389393813e-08,0.9998704512520932,False
5.01075,1,230,231,1.9826399999999973,1.9826399999999973,0.0,0.021822225731638615,0.021822225731638615,0.09004417719491842,0.08416827397846334,0.0055121532164550905,0.021822225731638615,0.005074106341455125,1.8803482559637014e-06,1.8803482559637014e-06,0.0,0.9985955452255267,1.8288879620255742e-06,-5.146029393812723e-08,0.9998718967785621,False
5.0352500000000004,1,231,232,1.9885199999999972,1.9885199999999972,0.0,0.022557225731638524,0.022557225731638524,0.0900482739784633,0.08343737076200823,0.0056434032164551055,0.022557225731638524,0.005074106341455125,1.9029821592016476e-06,1.9029821592016476e-06,0.0,0.9986789754438077,1.8111368307308009e-06,-9.184532847084678e-08,0.999879454034117,False
5.06275,1,232,233,1.9951199999999973,1.9951199999999971,-2.220446049250313e-16,0.023382225731638426,0.023382225731638426,0.09003737076200818,0.08296521754555311,0.006055903216455119,0.023382225731638426,0.005074106341455125,1.3361503440398998e-06,1.3361503440398998e-06,0.0,0.9987241349099352,1.3929278623914015e-06,5.677751835150174e-08,0.9998835010780254,False
5.09225,1,233,234,2.0021999999999975,2.0021999999999975,0.0,0.02426722573163834,0.02426722573163834,0.0900452175455532,0.08208806432909811,0.006940903216455133,0.02426722573163834,0.005074106341455125,1.9786629997456536e-06,1.9786629997456536e-06,0.0,0.9988109577296593,2.017022485273915e-06,3.835948552826122e-08,0.9998912179854679,False
5.12525,1,234,235,2.010119999999997,2.010119999999997,0.0,0.025257225731638213,0.025257225731638213,0.090008064329098,0.08166466111264287,0.00780305643290983,0.025257225731638213,0.005074106341455125,1.5558749323669346e-06,1.5558749323669346e-06,0.0,0.9989593316893455,1.534654466871135e-06,-2.1220465495799638e-08,0.9999044506892362,False
5.16,1,235,236,2.0184599999999975,2.0184599999999975,0.0,0.026299725731638114,0.013149862865819057,0.09000466111264319,0.08061875789618803,0.00884555643290989,0.013149862865819057,0.005074106341455125,1.7454131730739245e-06,1.7454131730739245e-06,0.0,0.9990668899505902,1.7740834770177654e-06,2.867030394384097e-08,0.9999135601386591,False
5.19925,1,236,237,2.027879999999998,2.027879999999998,0.0,0.014327362865819102,0.014327362865819102,0.09003875789618837,0.08496330628796075,0.005075451608227613,0.014327362865819102,0.005074106341455125,2.3601892277992805e-06,2.3601892277992805e-06,0.0,0.9991763806508027,2.363390928041394e-06,3.201700242113411e-09,0.9999246380232919,False
5.22025,1,237,238,2.032919999999998,2.032919999999998,0.0,0.014957362865819123,0.014957362865819123,0.09000330628796091,0.0842978546797333,0.005390451608227624,0.014957362865819123,0.005074106341455125,2.219677891534573e-06,2.219677891534573e-06,0.0,0.9985535529223453,2.255449650226827e-06,3.577175869225375e-08,0.9998680543732281,False
5.24425,1,238,239,2.038679999999998,2.038679999999998,0.0,0.015677362865819142,0.015677362865819142,0.09005785467973344,0.08394740307150582,0.005934028216454988,0.015677362865819142,0.005074106341455125,2.5845906040130164e-06,2.5845906040130164e-06,0.0,0.9986494083048678,2.5125942058548277e-06,-7.199639815818866e-08,0.9998767610976282,False
5.2695,1,239,240,2.0447399999999982,2.0447399999999982,0.0,0.01643486286581905,0.01643486286581905,0.09000740307150568,0.08313945146327807,0.006312778216454999,0.01643486286581905,0.005074106341455125,2.105365166223751e-06,2.105365166223751e-06,0.0,0.9987666566808808,2.0115231592074477e-06,-9.384200701630313e-08,0.999887385198707,False
5.29825,1,240,241,2.051639999999998,2.0516399999999977,-4.440892098500626e-16,0.01729736286581894,0.01729736286581894,0.09003945146327784,0.08248542324682287,0.006496528216455013,0.01729736286581894,0.005074106341455125,2.4276225246651676e-06,2.4276225246651676e-06,0.0,0.9988497738498133,2.48935486382311e-06,6.173233915794229e-08,0.9998948789379473,False
5.32975,1,241,242,2.059199999999998,2.059199999999998,0.0,0.018242362865818842,0.018242362865818842,0.0900454232468228,0.08154639503036781,0.006969028216455036,0.018242362865818842,0.005074106341455125,2.3335144663083737e-06,2.3335144663083737e-06,0.0,0.9988909170193367,2.2549830106157603e-06,-7.853145569261337e-08,0.9998984810040118,False
5.365,1,242,243,2.067659999999998,2.067659999999998,0.0,0.019299862865818734,0.019299862865818734,0.09000639503036781,0.08082861681391276,0.008026528216455055,0.019299862865818734,0.005074106341455125,2.3833751842479347e-06,2.3833751842479347e-06,0.0,0.9989717211069801,2.4311869240270696e-06,4.78117397791349e-08,0.9999049625114615,False
5.40325,1,243,244,2.076839999999998,2.076839999999998,0.0,0.020447362865818594,0.020447362865818594,0.09000861681391285,0.0848459777056853,0.005162639108227546,0.020447362865818594,0.005074106341455125,2.371784129381443e-06,2.371784129381443e-06,0.0,0.9991002905990782,2.3644439196127186e-06,-7.340209768724303e-09,0.9999177924562873,False
5.42475,1,244,245,2.081999999999998,2.081999999999998,0.0,0.02109236286581851,0.02109236286581851,0.09000597770568529,0.08419833859745776,0.005145764108227553,0.02109236286581851,0.005074106341455125,2.387880132277432e-06,2.387880132277432e-06,0.0,0.9985790424952434,2.429043337751058e-06,4.1163205473626055e-08,0.9998704115498905,False
5.449,1,245,246,2.087819999999998,2.087819999999998,0.0,0.021819862865818437,0.021819862865818437,0.09001833859745789,0.08414507448923032,0.005509514108227572,0.021819862865818437,0.005074106341455125,2.9018862472602355e-06,2.9018862472602355e-06,0.0,0.9985949058624132,2.8209338947215144e-06,-8.095235253872111e-08,0.9998718309621045,False
5.4735000000000005,1,246,247,2.093699999999998,2.093699999999998,0.0,0.022554862865818346,0.022554862865818346,0.09002507448923029,0.08341681038100274,0.00564076410822758,0.022554862865818346,0.005074106341455125,2.9094672214122978e-06,2.9094672214122978e-06,0.0,0.9986784072407773,2.7737274655787922e-06,-1.3573975583350555e-07,0.9998793947885912,False
5.501,1,247,248,2.100299999999998,2.100299999999998,0.0,0.023379862865818248,0.023379862865818248,0.09001681038100269,0.08294729627277514,0.006053264108227594,0.023379862865818248,0.005074106341455125,2.0681807611783046e-06,2.0681807611783046e-06,0.0,0.9987236172952244,2.1802807667217847e-06,1.1210000554348013e-07,0.9998834587670341,False
5.5305,1,248,249,2.1073799999999983,2.1073799999999983,0.0,0.024264862865818162,0.024264862865818162,0.09002729627277523,0.08207278216454765,0.006938264108227608,0.024264862865818162,0.005074106341455125,3.1085063882636626e-06,3.1085063882636626e-06,0.0,0.9988105013677301,3.134975232506039e-06,2.6468844242376506e-08,0.9998911787323351,False
5.56375,1,249,250,2.115359999999998,2.115359999999998,0.0,0.025262362865818042,0.025262362865818042,0.0900527821645476,0.08170451805632,0.00780621571645479,0.025262362865818042,0.005074106341455125,2.293927490738156e-06,2.293927490738156e-06,0.0,0.9989599697475007,2.306721252596887e-06,1.2793761858731142e-08,0.9999045192090102,False
5.5985000000000005,1,250,251,2.123699999999998,2.1236999999999977,-4.440892098500626e-16,0.02630486286581792,0.01315243143290896,0.09004451805632012,0.08065375394809249,0.008848715716454824,0.01315243143290896,0.005074106341455125,2.7634931718421504e-06,2.7634931718421504e-06,0.0,0.9990672222175881,2.808609438187772e-06,4.5116266345621766e-08,0.9999136042537905,False
5.6375,1,251,252,2.1330599999999986,2.1330599999999986,0.0,0.014322431432909021,0.014322431432909021,0.09001375394809297,0.08493962189397913,0.00507413205411385,0.014322431432909021,0.005074106341455125,3.261221829648544e-06,3.261221829648544e-06,0.0,0.9991760204337228,3.260718281287658e-06,-5.035483608860011e-10,0.9999246020145811,False
5.65875,1,252,253,2.1381599999999983,2.1381599999999983,0.0,0.014959931432909026,0.014959931432909026,0.09003962189397914,0.08432798983986531,0.005392882054113852,0.014959931432909026,0.005074106341455125,3.143976792729594e-06,3.143976792729594e-06,0.0,0.9985551144621688,3.1921093531480976e-06,4.8132560418503697e-08,0.99986819413225,False
5.6825,1,253,254,2.1438599999999988,2.1438599999999988,0.0,0.015672431432909063,0.015672431432909063,0.0900279898398656,0.08392260778575172,0.005933732858227465,0.015672431432909063,0.005074106341455125,3.741069914487777e-06,3.741069914487777e-06,0.0,0.9986482781659212,3.648798543146324e-06,-9.227137134145292e-08,0.9998766515418651,False
5.708,1,254,255,2.1499799999999984,2.1499799999999984,0.0,0.01643743143290898,0.01643743143290898,0.09004260778575165,0.08317222573163778,0.006316232858227481,0.01643743143290898,0.005074106341455125,2.802118671870553e-06,2.802118671870553e-06,0.0,0.9987679776580085,2.68851119635273e-06,-1.1360747551782276e-07,0.9998875053165518,False
5.7365,1,255,256,2.1568199999999984,2.1568199999999984,0.0,0.017292431432908862,0.017292431432908862,0.09001222573163749,0.08245849287341003,0.006494357858227489,0.017292431432908862,0.005074106341455125,3.4593988786266433e-06,3.4593988786266433e-06,0.0,0.9988491229167846,3.5619223358807008e-06,1.0252345725405751e-07,0.999894821964222,False
5.768,1,256,257,2.164379999999998,2.164379999999998,0.0,0.018237431432908763,0.018237431432908763,0.09001849287340997,0.08151976001518249,0.0069668578582275115,0.018237431432908763,0.005074106341455125,3.1490664753903302e-06,3.1490664753903302e-06,0.0,0.9988905907894687,3.0507012104878065e-06,-9.836526490252374e-08,0.9998984575827697,False
5.8035000000000005,1,257,258,2.172899999999998,2.1728999999999985,4.440892098500626e-16,0.019302431432908638,0.019302431432908638,0.09003976001518237,0.08085852715695485,0.008031857858227513,0.019302431432908638,0.005074106341455125,3.5441368688021453e-06,3.5441368688021453e-06,0.0,0.9989724013125943,3.5811405218615403e-06,3.700365305939505e-08,0.9999050386329738,False
5.84175,1,258,259,2.1820799999999987,2.1820799999999982,-4.440892098500626e-16,0.020449931432908523,0.020449931432908523,0.09003852715695515,0.08487416072784137,0.005164366429113787,0.020449931432908523,0.005074106341455125,3.1967850875949113e-06,3.1967850875949113e-06,0.0,0.9991008118723514,3.195794752864972e-06,-9.90334729939488e-10,0.9999178400219043,False
5.86325,1,259,260,2.1872399999999983,2.1872399999999983,0.0,0.02109493143290844,0.02109493143290844,0.09003416072784136,0.08422479429872759,0.0051484289291137955,0.02109493143290844,0.005074106341455125,3.276807427996019e-06,3.276807427996019e-06,0.0,0.9985794631251363,3.333173769996036e-06,5.636634200001703e-08,0.9998704499983491,False
5.8875,1,260,261,2.1930599999999987,2.1930599999999987,0.0,0.021822431432908365,0.021822431432908365,0.0900447942987277,0.0841688653696139,0.005512178929113814,0.021822431432908365,0.005074106341455125,4.017952865545133e-06,4.017952865545133e-06,0.0,0.9985955391785221,3.920552448932524e-06,-9.740041661260974e-08,0.9998718858679512,False
5.912,1,261,262,2.1989399999999986,2.1989399999999986,0.0,0.022557431432908275,0.022557431432908275,0.09004886536961387,0.08343793644050007,0.005643428929113822,0.022557431432908275,0.005074106341455125,4.065997955550129e-06,4.065997955550129e-06,0.0,0.9986789643167333,3.91707827400312e-06,-1.489196815470089e-07,0.9998794407781599,False
5.9395,1,262,263,2.2055399999999983,2.2055399999999983,0.0,0.023382431432908177,0.023382431432908177,0.09003793644050004,0.08296575751138624,0.006055928929113836,0.023382431432908177,0.005074106341455125,2.7866675534328977e-06,2.7866675534328977e-06,0.0,0.9987241383064092,2.9049411062516287e-06,1.1827355281873102e-07,0.9998835081306158,False
5.969,1,263,264,2.2126199999999985,2.2126199999999985,0.0,0.024267431432908066,0.024267431432908066,0.0900457575113861,0.08208857858227232,0.006940928929113823,0.024267431432908066,0.005074106341455125,4.12812618678552e-06,4.12812618678552e-06,0.0,0.9988109570969501,4.1830501207229445e-06,5.492393393742448e-08,0.9998912272908425,False
6.002,1,264,265,2.2205399999999984,2.2205399999999984,0.0,0.025257431432907963,0.025257431432907963,0.0900085785822724,0.08166514965315858,0.007803107858227274,0.025257431432907963,0.005074106341455125,3.109689781873357e-06,3.109689781873357e-06,0.0,0.9989593269153922,3.083490907482766e-06,-2.6198874390591246e-08,0.9999044619605717,False
6.0367500000000005,1,265,266,2.2288799999999984,2.2288799999999984,0.0,0.02629993143290784,0.01314996571645392,0.0900051496531587,0.08061922072404483,0.008845607858227309,0.01314996571645392,0.005074106341455125,3.617724851300133e-06,3.617724851300133e-06,0.0,0.9990668894770484,3.6814342554801613e-06,6.37094041800281e-08,0.9999135794427252,False
6.0760000000000005,1,266,267,2.238299999999999,2.238299999999999,0.0,0.014327465716453965,0.014327465716453965,0.09003922072404519,0.08496375625948822,0.005075464464556958,0.014327465716453965,0.005074106341455125,4.0878068278749405e-06,4.0878068278749405e-06,0.0,0.9991763718838091,4.07835297393003e-06,-9.453853944910856e-09,0.9999246264993269,False
6.097,1,267,268,2.243339999999999,2.243339999999999,0.0,0.014957465716453986,0.014957465716453986,0.09000375625948837,0.08429829179493142,0.005390464464556969,0.014957465716453986,0.005074106341455125,3.862719002955926e-06,3.862719002955926e-06,0.0,0.9985535430471719,3.9104149199366875e-06,4.769591698076123e-08,0.9998680446375704,False
6.121,1,268,269,2.2490999999999994,2.2490999999999994,0.0,0.015677465716454005,0.015677465716454005,0.09005829179493156,0.08394782733037459,0.005934053929113703,0.015677465716454005,0.005074106341455125,4.640835683607095e-06,4.640835683607095e-06,0.0,0.9986493941481109,4.5429486412331245e-06,-9.788704237397071e-08,0.9998767477290466,False
6.14625,1,269,270,2.2551599999999996,2.2551599999999996,0.0,0.016434965716453937,0.016434965716453937,0.09000782733037466,0.08313986286581768,0.0063128039291137274,0.016434965716453937,0.005074106341455125,3.892720443897407e-06,3.892720443897407e-06,0.0,0.9987666399954195,3.7147391561968737e-06,-1.779812877005329e-07,0.9998873731432092,False
6.175,1,270,271,2.262059999999999,2.262059999999999,0.0,0.01729746571645383,0.01729746571645383,0.09003986286581744,0.08248580893670374,0.006496553929113736,0.01729746571645383,0.005074106341455125,4.324891946878249e-06,4.324891946878249e-06,0.0,0.9988497719053984,4.467943484782024e-06,1.4305153790377507e-07,0.9998948825434537,False
6.2065,1,271,272,2.269619999999999,2.269619999999999,0.0,0.01824246571645373,0.01824246571645373,0.09004580893670366,0.08154675500758993,0.006969053929113758,0.01824246571645373,0.005074106341455125,4.0443262383833985e-06,4.0443262383833985e-06,0.0,0.9988909066660039,3.908898586369895e-06,-1.3542765201350376e-07,0.9998984819822235,False
6.24175,1,272,273,2.278079999999999,2.278079999999999,0.0,0.019299965716453597,0.019299965716453597,0.09000675500758973,0.08082895107847597,0.008026553929113752,0.019299965716453597,0.005074106341455125,4.251272530500863e-06,4.251272530500863e-06,0.0,0.9989717175601638,4.34835290649387e-06,9.708037599300717e-08,0.9999049800886981,False
6.28,1,273,274,2.2872599999999994,2.2872599999999994,0.0,0.02044746571645348,0.02044746571645348,0.09000895107847628,0.08484629911391936,0.00516265196455691,0.02044746571645348,0.005074106341455125,3.94324061157137e-06,3.94324061157137e-06,0.0,0.9991002846149728,3.923236457309756e-06,-2.0004154261614015e-08,0.999917786994302,False
6.3015,1,274,275,2.292419999999999,2.292419999999999,0.0,0.021092465716453398,0.021092465716453398,0.09000629911391936,0.08419864714936245,0.005145776964556915,0.021092465716453398,0.005074106341455125,3.992194886968297e-06,3.992194886968297e-06,0.0,0.9985790367997586,4.043558779387549e-06,5.1363892419252445e-08,0.9998704074833918,False
6.32575,1,275,276,2.2982399999999994,2.2982399999999994,0.0,0.021819965716453324,0.021819965716453324,0.09001864714936259,0.08414537018480565,0.005509526964556933,0.021819965716453324,0.005074106341455125,4.926615046181289e-06,4.926615046181289e-06,0.0,0.9985949068979667,4.867366852161068e-06,-5.9248194020220706e-08,0.9998718313969006,False
6.35025,1,276,277,2.3041199999999993,2.3041199999999993,0.0,0.022554965716453233,0.022554965716453233,0.09002537018480562,0.0834170932202487,0.005640776964556941,0.022554965716453233,0.005074106341455125,5.072984071562419e-06,5.072984071562419e-06,0.0,0.9986784067738881,4.9490434799745e-06,-1.2394059158791896e-07,0.9998793940976828,False
6.37775,1,277,278,2.3107199999999994,2.3107199999999994,0.0,0.023379965716453135,0.023379965716453135,0.09001709322024867,0.08294756625569175,0.006053276964556955,0.023379965716453135,0.005074106341455125,3.4903067411305244e-06,3.4903067411305244e-06,0.0,0.9987236017153103,3.550022838200872e-06,5.971609707034766e-08,0.9998834516806335,False
6.40725,1,278,279,2.317799999999999,2.317799999999999,0.0,0.024264965716453025,0.024264965716453025,0.09002756625569162,0.08207303929113471,0.006938276964556942,0.024264965716453025,0.005074106341455125,4.7447769330511455e-06,4.7447769330511455e-06,0.0,0.9988105021976827,4.86413739253863e-06,1.193604594874843e-07,0.9998911913208789,False
6.4405,1,279,280,2.3257799999999995,2.3257799999999995,0.0,0.02526246571645293,0.02526246571645293,0.09005303929113487,0.08170476232657792,0.007806241429113518,0.02526246571645293,0.005074106341455125,3.959023426180396e-06,3.959023426180396e-06,0.0,0.998959954398262,3.921045901235197e-06,-3.797752494519866e-08,0.9999045140314324,False
6.47525,1,280,281,2.3341199999999995,2.3341199999999995,0.0,0.026304965716452806,0.013152482858226403,0.09004476232657803,0.08065398536202104,0.008848741429113552,0.013152482858226403,0.005074106341455125,4.3326296103173175e-06,4.3326296103173175e-06,0.0,0.9990672130425989,4.394551691162601e-06,6.192208084528365e-08,0.9999136035751744,False
6.5142500000000005,1,281,282,2.3434799999999996,2.3434799999999996,0.0,0.014322482858226439,0.014322482858226439,0.09001398536202132,0.0849398468797428,0.005074138482278518,0.014322482858226439,0.005074106341455125,4.9207048700291255e-06,4.9207048700291255e-06,0.0,0.9991760063752146,4.910831048001227e-06,-9.873822027898528e-09,0.9999245884106465,False
6.5355,1,282,283,2.34858,2.34858,0.0,0.01495998285822647,0.01495998285822647,0.09003984687974302,0.0843282083974645,0.005392888482278533,0.01495998285822647,0.005074106341455125,4.668194891999447e-06,4.668194891999447e-06,0.0,0.99855509690921,4.714668033622109e-06,4.647314162266173e-08,0.999868180072262,False
6.5592500000000005,1,283,284,2.35428,2.35428,0.0,0.01567248285822648,0.01567248285822648,0.09002820839746459,0.08392281991518605,0.005933745714556823,0.01567248285822648,0.005074106341455125,5.5991205986189124e-06,5.5991205986189124e-06,0.0,0.9986482718013581,5.565658283814928e-06,-3.346231480398426e-08,0.9998766477256642,False
6.5847500000000005,1,284,285,2.3604000000000003,2.3604000000000003,0.0,0.016437482858226396,0.016437482858226396,0.09004281991518598,0.08317243143290745,0.006316245714556839,0.016437482858226396,0.005074106341455125,4.748609362742478e-06,4.748609362742478e-06,0.0,0.9987679558004561,4.571780370109604e-06,-1.7682899263287409e-07,0.9998874870545686,False
6.61325,1,285,286,2.36724,2.36724,0.0,0.017292482858226304,0.017292482858226304,0.09001243143290735,0.08245868571835054,0.006494370714556853,0.017292482858226304,0.005074106341455125,4.739619351285722e-06,4.739619351285722e-06,0.0,0.9988491142056812,4.927721725297366e-06,1.8810237401164446e-07,0.9998948204124223,False
6.64475,1,286,287,2.3748,2.3748,0.0,0.018237482858226205,0.018237482858226205,0.09001868571835048,0.0815199400037936,0.0069668707145568755,0.018237482858226205,0.005074106341455125,5.080687002697242e-06,5.080687002697242e-06,0.0,0.9988905756194406,4.93490562965428e-06,-1.4578137304296196e-07,0.9998984468063075,False
6.68025,1,287,288,2.38332,2.38332,0.0,0.01930248285822608,0.01930248285822608,0.09003994000379348,0.08085869428923657,0.008031870714556877,0.01930248285822608,0.005074106341455125,5.021905534964983e-06,5.021905534964983e-06,0.0,0.9989723907392092,5.125555209287537e-06,1.036496743225541e-07,0.9999050326181889,False
6.718500000000001,1,288,289,2.3924999999999996,2.3925,4.440892098500626e-16,0.02044998285822594,0.02044998285822594,0.09003869428923666,0.0848743214319582,0.0051643728572784665,0.02044998285822594,0.005074106341455125,4.864971952705209e-06,4.864971952705209e-06,0.0,0.9991007981975176,4.821865087585185e-06,-4.3106865120024016e-08,0.9999178280914405,False
6.74,1,289,290,2.39766,2.39766,0.0,0.02109498285822588,0.02109498285822588,0.0900343214319584,0.08422494857467992,0.0051484353572784775,0.02109498285822588,0.005074106341455125,4.795765266030731e-06,4.795765266030731e-06,0.0,0.9985794478274983,4.829232517921018e-06,3.346725189028719e-08,0.9998704378974981,False
6.7642500000000005,1,290,291,2.40348,2.40348,0.0,0.021822482858225783,0.021822482858225783,0.09004494857467985,0.08416901321740138,0.005512185357278483,0.021822482858225783,0.005074106341455125,5.714592342140622e-06,5.714592342140622e-06,0.0,0.998595544183521,5.708376050158264e-06,-6.216291982357423e-09,0.9998718933853215,False
6.78875,1,291,292,2.40936,2.40936,0.0,0.022557482858225692,0.022557482858225692,0.09004901321740134,0.08343807786012289,0.005643435357278491,0.022557482858225692,0.005074106341455125,5.927707867670864e-06,5.927707867670864e-06,0.0,0.9986789749579619,5.862164870124503e-06,-6.55429975463613e-08,0.9998794528999752,False
6.81625,1,292,293,2.41596,2.41596,0.0,0.02338248285822562,0.02338248285822562,0.09003807786012306,0.08296589250284458,0.006055935357278518,0.02338248285822562,0.005074106341455125,4.422984046699452e-06,4.422984046699452e-06,0.0,0.9987241115569663,4.425549982965107e-06,2.565936265655662e-09,0.9998834844221258,False
6.84575,1,293,294,2.4230400000000003,2.4230400000000003,0.0,0.024267482858225508,0.024267482858225508,0.09004589250284445,0.08208870714556596,0.006940935357278505,0.024267482858225508,0.005074106341455125,5.23350215995863e-06,5.23350215995863e-06,0.0,0.9988109441167821,5.368187126436586e-06,1.3468496647795576e-07,0.9998912210999709,False
6.87875,1,294,295,2.4309600000000002,2.4309600000000002,0.0,0.025257482858225405,0.025257482858225405,0.09000870714556605,0.08166527178828752,0.0078031207145566345,0.025257482858225405,0.005074106341455125,5.082329438613382e-06,5.082329438613382e-06,0.0,0.9989593178710905,5.021996171309035e-06,-6.033326730434715e-08,0.9999044496146701,False
6.9135,1,295,296,2.4393000000000002,2.4393000000000002,0.0,0.026299982858225282,0.013149991429112641,0.09000527178828763,0.08061933643100908,0.008845620714556668,0.013149991429112641,0.005074106341455125,5.140726799933681e-06,5.140726799933681e-06,0.0,0.9990668739679123,5.173701502889224e-06,3.2974702955543235e-08,0.9999135558971942,False
6.95275,1,296,297,2.4487200000000007,2.4487200000000007,0.0,0.014327491429112686,0.014327491429112686,0.09003933643100942,0.08496386875237012,0.005075467678639299,0.014327491429112686,0.005074106341455125,5.714846668302396e-06,5.714846668302396e-06,0.0,0.9991763598007737,5.702898578646069e-06,-1.1948089656326974e-08,0.999924615642055,False
6.97375,1,297,298,2.453760000000001,2.453760000000001,0.0,0.014957491429112707,0.014957491429112707,0.09000386875237028,0.08429840107373099,0.005390467678639309,0.014957491429112707,0.005074106341455125,5.428917617760696e-06,5.428917617760696e-06,0.0,0.9985535221050263,5.456005440968351e-06,2.7087823207654895e-08,0.9998680267274894,False
6.99775,1,298,299,2.4595200000000013,2.459520000000001,-4.440892098500626e-16,0.015677491429112726,0.015677491429112726,0.09005840107373113,0.08394793339509182,0.005934060357278384,0.015677491429112726,0.005074106341455125,6.34124178042691e-06,6.34124178042691e-06,0.0,0.9986493912544803,6.32107643863092e-06,-2.016534179598967e-08,0.9998767478120877,False
7.023000000000001,1,299,300,2.465580000000001,2.465580000000001,0.0,0.016434991429112634,0.016434991429112634,0.09000793339509167,0.08313996571645238,0.006312810357278395,0.016434991429112634,0.005074106341455125,5.9863038250266675e-06,5.9863038250266675e-06,0.0,0.9987666341304389,5.812637240994867e-06,-1.7366658403180062e-07,0.9998873660528718,False
7.05175,1,300,301,2.472480000000001,2.472480000000001,0.0,0.01729749142911255,0.01729749142911255,0.09003996571645236,0.08248590535917397,0.006496560357278415,0.01729749142911255,0.005074106341455125,5.509638130394532e-06,5.509638130394532e-06,0.0,0.9988497520269354,5.669748610151817e-06,1.6011047975728553e-07,0.9998948661787004,False
7.0832500000000005,1,301,302,2.4800400000000002,2.4800400000000002,0.0,0.018242491429112426,0.018242491429112426,0.09004590535917369,0.0815468450018953,0.006969060357278425,0.018242491429112426,0.005074106341455125,6.0364924756448534e-06,6.0364924756448534e-06,0.0,0.9988909013516937,5.932665989703432e-06,-1.0382648594142122e-07,0.9998984731385507,False
7.1185,1,302,303,2.4885000000000006,2.4885000000000006,0.0,0.019299991429112318,0.019299991429112318,0.0900068450018953,0.08082903464461685,0.008026560357278445,0.019299991429112318,0.005074106341455125,5.595001602740811e-06,5.595001602740811e-06,0.0,0.9989716956218343,5.671968172946416e-06,7.696657020560532e-08,0.9999049471066642,False
7.15675,1,303,304,2.497680000000001,2.497680000000001,0.0,0.020447491429112178,0.020447491429112178,0.09000903464461694,0.0848463794659777,0.005162655178639244,0.020447491429112178,0.005074106341455125,5.798605174969437e-06,5.798605174969437e-06,0.0,0.9991002731735414,5.764941369495194e-06,-3.3663805474242825e-08,0.9999177762951954,False
7.17825,1,304,305,2.502840000000001,2.502840000000001,0.0,0.02109249142911212,0.02109249142911212,0.09000637946597789,0.08419872428733864,0.0051457801786392535,0.02109249142911212,0.005074106341455125,5.631274538289726e-06,5.631274538289726e-06,0.0,0.9985790171654876,5.650354400982331e-06,1.9079862692604824e-08,0.9998703892478362,False
7.202500000000001,1,305,306,2.508660000000001,2.508660000000001,0.0,0.02181999142911202,0.02181999142911202,0.09001872428733856,0.08414544410869931,0.005509530178639259,0.02181999142911202,0.005074106341455125,6.349199675124989e-06,6.349199675124989e-06,0.0,0.9985949025954675,6.385797633673196e-06,3.659795854820671e-08,0.9998718312448854,False
7.227,1,306,307,2.51454,2.51454,0.0,0.02255499142911193,0.02255499142911193,0.09002544410869928,0.08341716393006006,0.005640780178639275,0.02255499142911193,0.005074106341455125,6.587693157437816e-06,6.587693157437816e-06,0.0,0.99867841096913,6.587171188939607e-06,-5.21968498209003e-10,0.9998794018413321,False
7.2545,1,307,308,2.521140000000001,2.521140000000001,0.0,0.023379991429111856,0.023379991429111856,0.09001716393006023,0.08294763375142095,0.0060532801786393016,0.023379991429111856,0.005074106341455125,5.492447124391014e-06,5.492447124391014e-06,0.0,0.9987235821918787,5.454650076333481e-06,-3.779704805753235e-08,0.9998834271701326,False
7.284,1,308,309,2.5282200000000006,2.5282200000000006,0.0,0.024264991429111746,0.024264991429111746,0.09002763375142082,0.08207310357278157,0.006938280178639289,0.024264991429111746,0.005074106341455125,5.8203098576255555e-06,5.8203098576255555e-06,0.0,0.9988104670258382,5.903500986136691e-06,8.319112851113558e-08,0.9998911541482738,False
7.3172500000000005,1,309,310,2.5362000000000005,2.536200000000001,4.440892098500626e-16,0.025262491429111626,0.025262491429111626,0.09005310357278151,0.08170482339414223,0.007806247857278186,0.025262491429111626,0.005074106341455125,6.039477368646376e-06,6.039477368646376e-06,0.0,0.9989599533835434,6.007427115142962e-06,-3.205025350341449e-08,0.9999045029945342,False
7.352,1,310,311,2.5445400000000005,2.5445400000000005,0.0,0.026304991429111503,0.013152495714555752,0.09004482339414234,0.08065404321550301,0.00884874785727822,0.013152495714555752,0.005074106341455125,6.046354552791534e-06,6.046354552791534e-06,0.0,0.9990671976314139,6.053534860504768e-06,7.180307713233443e-09,0.9999135721103256,False
7.391,1,311,312,2.553900000000001,2.5539000000000014,4.440892098500626e-16,0.014322495714555813,0.014322495714555813,0.0900140432155035,0.08493990312618381,0.005074140089319691,0.014322495714555813,0.005074106341455125,6.49229219563423e-06,6.49229219563423e-06,0.0,0.9991759938299954,6.4830959571481235e-06,-9.196238486106241e-09,0.9999245763242416,False
7.41225,1,312,313,2.5590000000000015,2.5590000000000015,0.0,0.014959995714555844,0.014959995714555844,0.09003990312618403,0.08432826303686433,0.005392890089319706,0.014959995714555844,0.005074106341455125,6.248202579361501e-06,6.248202579361501e-06,0.0,0.9985550738488057,6.2701487770127696e-06,2.1946197651268734e-08,0.9998681575094761,False
7.436,1,313,314,2.5647000000000015,2.5647000000000015,0.0,0.015672495714555854,0.015672495714555854,0.09002826303686441,0.08392287294754472,0.005933748928639163,0.015672495714555854,0.005074106341455125,6.908477849852212e-06,6.908477849852212e-06,0.0,0.9986482564127447,6.956698179234064e-06,4.822032938185195e-08,0.9998766356408804,False
7.4615,1,314,315,2.570820000000001,2.570820000000001,0.0,0.01643749571455577,0.01643749571455577,0.09004287294754465,0.08317248285822496,0.006316248928639179,0.01643749571455577,0.005074106341455125,6.753441343252141e-06,6.753441343252141e-06,0.0,0.9987679568983563,6.619921786920149e-06,-1.335195563319919e-07,0.9998874845836841,False
7.49,1,315,316,2.5776600000000016,2.5776600000000016,0.0,0.017292495714555677,0.017292495714555677,0.09001248285822486,0.08245873392958569,0.0064943739286392,0.017292495714555677,0.005074106341455125,6.0974537024402475e-06,6.0974537024402475e-06,0.0,0.9988490801651818,6.190532373030961e-06,9.307867059071308e-08,0.999894782998009,False
7.5215000000000005,1,316,317,2.585220000000001,2.585220000000001,0.0,0.018237495714555553,0.018237495714555553,0.09001873392958541,0.08151998500094623,0.006966873928639209,0.018237495714555553,0.005074106341455125,6.768531275107254e-06,6.768531275107254e-06,0.0,0.9988905691495343,6.725068012751749e-06,-4.3463262355505254e-08,0.9998984351743035,False
7.557,1,317,318,2.593740000000001,2.593740000000001,0.0,0.019302495714555428,0.019302495714555428,0.09003998500094611,0.0808587360723069,0.008031873928639213,0.019302495714555428,0.005074106341455125,6.420990508363707e-06,6.420990508363707e-06,0.0,0.9989723636440686,6.450344393264145e-06,2.9353884900437622e-08,0.9999049891093047,False
7.59525,1,318,319,2.602920000000001,2.602920000000001,0.0,0.020449995714555313,0.020449995714555313,0.0900387360723072,0.08487436160798756,0.005164374464319636,0.020449995714555313,0.005074106341455125,6.598859601304573e-06,6.598859601304573e-06,0.0,0.9991007868514633,6.589371918676128e-06,-9.487682628444736e-09,0.9999178171211803,False
7.616750000000001,1,319,320,2.608080000000001,2.608080000000001,0.0,0.02109499571455523,0.02109499571455523,0.09003436160798756,0.08422498714366794,0.005148436964319637,0.02109499571455523,0.005074106341455125,6.443712846942898e-06,6.443712846942898e-06,0.0,0.9985794280454972,6.452315916839833e-06,8.603069896935284e-09,0.9998704167004889,False
7.641,1,320,321,2.6139000000000014,2.613900000000001,-4.440892098500626e-16,0.021822495714555155,0.021822495714555155,0.09004498714366806,0.0841690501793484,0.005512186964319656,0.021822495714555155,0.005074106341455125,6.89511137843155e-06,6.89511137843155e-06,0.0,0.9985955206763264,6.944774427228881e-06,4.9663048797330247e-08,0.9998718731278493,False
7.6655,1,321,322,2.6197800000000013,2.6197800000000013,0.0,0.022557495714555065,0.022557495714555065,0.09004905017934836,0.08343811321502873,0.005643436964319672,0.022557495714555065,0.005074106341455125,7.07943521749673e-06,7.07943521749673e-06,0.0,0.9986789553299539,7.120501303109185e-06,4.106608561245482e-08,0.9998794377267921,False
7.6930000000000005,1,322,323,2.626380000000001,2.626380000000001,0.0,0.023382495714554967,0.023382495714554967,0.09003811321502869,0.08296592625070905,0.006055936964319685,0.023382495714554967,0.005074106341455125,6.563618566181876e-06,6.563618566181876e-06,0.0,0.9987241130790108,6.517717263649806e-06,-4.5901302532069376e-08,0.999883477481628,False
7.7225,1,323,324,2.6334600000000012,2.6334600000000012,0.0,0.02426749571455488,0.02426749571455488,0.09004592625070915,0.08208873928638949,0.0069409369643197,0.02426749571455488,0.005074106341455125,6.566754669445375e-06,6.566754669445375e-06,0.0,0.998810906448093,6.593305039532014e-06,2.655037008663882e-08,0.9998911735809775,False
7.7555000000000005,1,324,325,2.6413800000000007,2.6413800000000007,0.0,0.025257495714554754,0.025257495714554754,0.09000873928638936,0.08166530232206967,0.007803123928638972,0.025257495714554754,0.005074106341455125,6.83332244251909e-06,6.83332244251909e-06,0.0,0.998959310016133,6.843478143915414e-06,1.0155701396323807e-08,0.999904436093838,False
7.79025,1,325,326,2.649720000000001,2.649720000000001,0.0,0.02629999571455463,0.013149997857277315,0.0900053023220698,0.08061936535775008,0.008845623928639006,0.013149997857277315,0.005074106341455125,6.924842357773273e-06,6.924842357773273e-06,0.0,0.9990668667677227,6.9241983130184355e-06,-6.440447548373713e-10,0.9999135370455244,False
7.8295,1,326,327,2.6591400000000016,2.6591400000000016,0.0,0.01432749785727736,0.01432749785727736,0.09003936535775044,0.08496389687559056,0.005075468482159883,0.01432749785727736,0.005074106341455125,7.199822487491034e-06,7.199822487491034e-06,0.0,0.9991763471245082,7.191737481352821e-06,-8.085006138213759e-09,0.9999246023471314,False
7.8505,1,327,328,2.6641800000000018,2.6641800000000018,0.0,0.014957497857277407,0.014957497857277407,0.0900038968755909,0.084298428393431,0.0053904684821599064,0.014957497857277407,0.005074106341455125,7.026940199902481e-06,7.026940199902481e-06,0.0,0.9985535024198532,7.030322922460004e-06,3.382722557523487e-09,0.9998680048240184,False
7.8745,1,328,329,2.669940000000002,2.669940000000002,0.0,0.015677497857277428,0.015677497857277428,0.09005842839343114,0.08394795991127124,0.005934061964319558,0.015677497857277428,0.005074106341455125,7.483090482101733e-06,7.483090482101733e-06,0.0,0.9986493636323096,7.520384902188581e-06,3.729442008684812e-08,0.9998767219144145,False
7.89975,1,329,330,2.676000000000002,2.676000000000002,0.0,0.016434997857277336,0.016434997857277336,0.0900079599112711,0.08313999142911122,0.006312811964319569,0.016434997857277336,0.005074106341455125,7.589981253475594e-06,7.589981253475594e-06,0.0,0.9987666309471952,7.521066407837804e-06,-6.891484563778939e-08,0.9998873623362885,False
7.9285000000000005,1,330,331,2.682900000000002,2.682900000000002,0.0,0.017297497857277227,0.017297497857277227,0.09003999142911098,0.08248592946479144,0.006496561964319585,0.017297497857277227,0.005074106341455125,6.9935800710949775e-06,6.9935800710949775e-06,0.0,0.9988497205021366,7.031795495568622e-06,3.821542447364468e-08,0.9998948270312038,False
7.96,1,331,332,2.6904600000000016,2.6904600000000016,0.0,0.018242497857277128,0.018242497857277128,0.09004592946479137,0.08154686750047181,0.006969061964319607,0.018242497857277128,0.005074106341455125,7.310240855838728e-06,7.310240855838728e-06,0.0,0.9988908771408119,7.309518724851722e-06,-7.221309870062732e-10,0.9998984462511968,False
7.99525,1,332,333,2.698920000000001,2.698920000000001,0.0,0.019299997857276995,0.019299997857276995,0.0900068675004716,0.080829055536152,0.0080265619643196,0.019299997857276995,0.005074106341455125,7.274350240448472e-06,7.274350240448472e-06,0.0,0.9989716815488873,7.264788041764754e-06,-9.56219868371755e-09,0.9999049198854124,False
8.0335,1,333,334,2.7081000000000017,2.7081000000000017,0.0,0.02044749785727701,0.02044749785727701,0.09000905553615225,0.08484639955399242,0.005162655982159818,0.02044749785727701,0.005074106341455125,7.291952379410451e-06,7.291952379410451e-06,0.0,0.9991002544921574,7.298581604977812e-06,6.62922556736098e-09,0.9999177578928112,False
8.055,1,334,335,2.713260000000002,2.713260000000002,0.0,0.021092497857277074,0.021092497857277074,0.09000639955399294,0.08419874357183307,0.005145780982159852,0.021092497857277074,0.005074106341455125,7.232989441251236e-06,7.232989441251236e-06,0.0,0.9985790013214897,7.232623419039619e-06,-3.6602221161743595e-10,0.9998703702330167,False
8.07925,1,335,336,2.7190800000000017,2.7190800000000017,0.0,0.02181999785727706,0.02181999785727706,0.0900187435718329,0.08414546258967309,0.005509530982159844,0.02181999785727706,0.005074106341455125,7.438910790169567e-06,7.438910790169567e-06,0.0,0.9985948640458558,7.4773078305596366e-06,3.8397040390069455e-08,0.9998717931632595,False
8.10375,1,336,337,2.724960000000002,2.7249600000000025,4.440892098500626e-16,0.02255499785727713,0.02255499785727713,0.09002546258967359,0.08341718160751373,0.005640780982159878,0.02255499785727713,0.005074106341455125,7.508067060270975e-06,7.508067060270975e-06,0.0,0.9986783637821086,7.555749514340395e-06,4.768245406941993e-08,0.999879357536747,False
8.13125,1,337,338,2.7315600000000027,2.7315600000000027,0.0,0.02337999785727716,0.02337999785727716,0.09001718160751382,0.08294765062535393,0.006053280982159892,0.02337999785727716,0.005074106341455125,7.523509273205911e-06,7.523509273205911e-06,0.0,0.9987236001615747,7.500937268076457e-06,-2.2572005129454153e-08,0.9998834405061949,False
8.16075,1,338,339,2.7386400000000024,2.7386400000000024,0.0,0.024264997857277155,0.024264997857277155,0.09002765062535373,0.08207311964319389,0.006938280982159852,0.024264997857277155,0.005074106341455125,7.412396227286539e-06,7.412396227286539e-06,0.0,0.9988104505742075,7.3917307777077266e-06,-2.0665449578812336e-08,0.9998911260653428,False
8.194,1,339,340,2.7466200000000027,2.7466200000000027,0.0,0.025262497857277213,0.025262497857277213,0.09005311964319421,0.08170483866103433,0.007806249464319368,0.025262497857277213,0.005074106341455125,7.472152129632255e-06,7.472152129632255e-06,0.0,0.9989599268962278,7.507202092187976e-06,3.504996255572165e-08,0.9999044767861056,False
8.22875,1,340,341,2.754960000000003,2.754960000000003,0.0,0.026304997857277274,0.013152498928638637,0.09004483866103481,0.08065405767887487,0.008848749464319428,0.013152498928638637,0.005074106341455125,7.681553168080701e-06,7.681553168080701e-06,0.0,0.9990671910509896,7.689827367507365e-06,8.274199426663723e-09,0.9999135646430889,False
8.26775,1,341,342,2.7643200000000037,2.764320000000003,-4.440892098500626e-16,0.014322498928638672,0.014322498928638672,0.09001405767887516,0.08493991718779517,0.005074140491079986,0.014322498928638672,0.005074106341455125,7.896776005304469e-06,7.896776005304469e-06,0.0,0.9991759820887565,7.888770130383296e-06,-8.005874921172568e-09,0.9999245632711483,False
8.289,1,342,343,2.7694200000000038,2.7694200000000038,0.0,0.014959998928638703,0.014959998928638703,0.09003991718779539,0.0843282766967154,0.005392890491080001,0.014959998928638703,0.005074106341455125,7.787614519670053e-06,7.787614519670053e-06,0.0,0.9985550580270467,7.79076308848108e-06,3.148568811028136e-09,0.999868138826653,False
8.31275,1,343,344,2.775120000000004,2.775120000000004,0.0,0.01567249892863872,0.01567249892863872,0.0900282766967155,0.0839228862056355,0.005933749732159761,0.01567249892863872,0.005074106341455125,7.962336452895901e-06,7.962336452895901e-06,0.0,0.9986482164209852,8.003975715125257e-06,4.1639262229355416e-08,0.9998765949032956,False
8.33825,1,344,345,2.781240000000004,2.781240000000004,0.0,0.016437498928638727,0.016437498928638727,0.09004288620563544,0.08317249571455548,0.006316249732159764,0.016437498928638727,0.005074106341455125,8.099502737030247e-06,8.099502737030247e-06,0.0,0.9987679397952043,8.074879375661486e-06,-2.4623361368760963e-08,0.9998874700280892,False
8.36675,1,345,346,2.788080000000004,2.7880800000000043,4.440892098500626e-16,0.01729249892863879,0.01729249892863879,0.09001249571455586,0.08245874598239611,0.006494374732159791,0.01729249892863879,0.005074106341455125,7.862987285698291e-06,7.862987285698291e-06,0.0,0.9988490720024752,7.857750657860283e-06,-5.236627838008188e-09,0.9998947667628955,False
8.39825,1,346,347,2.795640000000004,2.795640000000004,0.0,0.01823749892863881,0.01823749892863881,0.0900187459823961,0.08151999625023634,0.0069668747321598,0.01823749892863881,0.005074106341455125,7.81345080055841e-06,7.81345080055841e-06,0.0,0.9988905274520649,7.823534870958244e-06,1.008407039983358e-08,0.9998983924872397,False
8.43375,1,347,348,2.8041600000000044,2.8041600000000044,0.0,0.019302498928638872,0.019302498928638872,0.09003999625023675,0.0808587465180769,0.008031874732159829,0.019302498928638872,0.005074106341455125,8.098954977750662e-06,8.098954977750662e-06,0.0,0.9989723628189642,8.077122933103229e-06,-2.183204464743316e-08,0.9999049845495758,False
8.472,1,348,349,2.8133400000000046,2.8133400000000046,0.0,0.020449998928638906,0.020449998928638906,0.09003874651807717,0.08487437165199721,0.0051643748660799415,0.020449998928638906,0.005074106341455125,7.954255745924288e-06,7.954255745924288e-06,0.0,0.9991007626123743,7.962810115332323e-06,8.554369408035438e-09,0.9999177921494546,False
8.493500000000001,1,349,350,2.8185000000000047,2.8185000000000047,0.0,0.02109499892863892,0.02109499892863892,0.09003437165199729,0.08422499678591737,0.005148437366079933,0.02109499892863892,0.005074106341455125,7.99691721094158e-06,7.99691721094158e-06,0.0,0.998579418923126,7.992689533496477e-06,-4.227677445102496e-09,0.9998704046431541,False
8.51775,1,350,351,2.824320000000005,2.824320000000005,0.0,0.021822498928638957,0.021822498928638957,0.09004499678591761,0.08416905941983767,0.005512187366079952,0.021822498928638957,0.005074106341455125,8.033054913951596e-06,8.033054913951596e-06,0.0,0.9985954807821277,8.049669691921103e-06,1.6614777969506823e-08,0.9998718307929337,False
8.542250000000001,1,351,352,2.830200000000005,2.830200000000005,0.0,0.022557498928638977,0.022557498928638977,0.09004905941983775,0.08343812205375781,0.005643437366079967,0.022557498928638977,0.005074106341455125,8.009444752532475e-06,8.009444752532475e-06,0.0,0.9986788964420833,8.029422490669674e-06,1.9977738137199165e-08,0.9998793775901111,False
8.56975,1,352,353,2.836800000000005,2.8368000000000055,4.440892098500626e-16,0.023382498928639004,0.023382498928639004,0.0900381220537579,0.08296593468767796,0.0060559373660799805,0.023382498928639004,0.005074106341455125,8.279806863483233e-06,8.279806863483233e-06,0.0,0.9987241231912529,8.296012634961413e-06,1.6205771478179556e-08,0.9998834910115755,False
8.59925,1,353,354,2.8438800000000057,2.8438800000000057,0.0,0.024267498928639053,0.024267498928639053,0.09004593468767819,0.08208874732159822,0.006940937366079995,0.024267498928639053,0.005074106341455125,8.257594422194666e-06,8.257594422194666e-06,0.0,0.998810917644426,8.215611044529349e-06,-4.19833776653172e-08,0.999891177826413,False
8.63225,1,354,355,2.8518000000000057,2.8518000000000057,0.0,0.025257498928639075,0.025257498928639075,0.09000874732159825,0.08166530995551827,0.00780312473215982,0.025257498928639075,0.005074106341455125,8.042732390898513e-06,8.042732390898513e-06,0.0,0.9989592649389601,8.072019508390427e-06,2.9287117491914004e-08,0.99990439311762,False
8.667,1,355,356,2.860140000000006,2.860140000000006,0.0,0.026299998928639136,0.013149999464319568,0.09000530995551875,0.08061937258943873,0.00884562473215988,0.013149999464319568,0.005074106341455125,8.308267201117192e-06,8.308267201117192e-06,0.0,0.9990668456437695,8.32443723365031e-06,1.6170032533118807e-08,0.999913523799946,False
8.70625,1,356,357,2.869560000000006,2.869560000000006,0.0,0.014327499464319587,0.014327499464319587,0.09003937258943888,0.08496390390639885,0.00507546868304003,0.014327499464319587,0.005074106341455125,8.55221838689751e-06,8.55221838689751e-06,0.0,0.9991763370381574,8.545402775590597e-06,-6.815611306912718e-09,0.9999245910835028,False
8.72725,1,357,358,2.8746000000000067,2.8746000000000067,0.0,0.014957499464319634,0.014957499464319634,0.0900039039063992,0.08429843522335914,0.005390468683040054,0.014957499464319634,0.005074106341455125,8.512656747729051e-06,8.512656747729051e-06,0.0,0.9985534923114754,8.510153625348538e-06,-2.5031223805131123e-09,0.999867992920553,False
8.75125,1,358,359,2.8803600000000067,2.8803600000000067,0.0,0.015677499464319636,0.015677499464319636,0.0900584352233591,0.08394796654031908,0.00593406236607997,0.015677499464319636,0.005074106341455125,8.567877602004537e-06,8.567877602004537e-06,0.0,0.9986493254087663,8.577864369756281e-06,9.986767751744147e-09,0.9998766819964909,False
8.7765,1,359,360,2.886420000000007,2.886420000000007,0.0,0.016434999464319658,0.016434999464319658,0.09000796654031916,0.08313999785727914,0.006312812366079981,0.016434999464319658,0.005074106341455125,8.576375040857684e-06,8.576375040857684e-06,0.0,0.9987665867561702,8.580389742677343e-06,4.014701819658696e-09,0.9998873221948911,False
8.805250000000001,1,360,361,2.8933200000000068,2.893320000000007,4.440892098500626e-16,0.017297499464319705,0.017297499464319705,0.09003999785727938,0.08248593549119941,0.006496562366080008,0.017297499464319705,0.005074106341455125,8.70742411544293e-06,8.70742411544293e-06,0.0,0.998849728795621,8.68502528718977e-06,-2.2398828253159062e-08,0.9998948313871349,False
8.83675,1,361,362,2.900880000000007,2.900880000000007,0.0,0.018242499464319724,0.018242499464319724,0.09004593549119941,0.08154687312511943,0.006969062366080018,0.018242499464319724,0.005074106341455125,8.391249059511331e-06,8.391249059511331e-06,0.0,0.9988908363778103,8.391195788191494e-06,-5.3271319836898853e-11,0.9998984041050343,False
8.872,1,362,363,2.909340000000007,2.909340000000007,0.0,0.01929999946431975,0.01929999946431975,0.09000687312511955,0.08082906075903953,0.008026562366080011,0.01929999946431975,0.005074106341455125,8.814326673214413e-06,8.814326673214413e-06,0.0,0.9989716801147933,8.812555272438296e-06,-1.7714007761169583e-09,0.9999049255922658,False
8.91025,1,363,364,2.9185200000000076,2.9185200000000076,0.0,0.020447499464319837,0.020447499464319837,0.09000906075904022,0.08484640457600018,0.00516265618304005,0.020447499464319837,0.005074106341455125,8.632772720413082e-06,8.632772720413082e-06,0.0,0.9991002350784206,8.63580036189403e-06,3.0276414809482857e-09,0.9999177365937729,False
8.931750000000001,1,364,365,2.923680000000008,2.923680000000008,0.0,0.02109249946431985,0.02109249946431985,0.09000640457600026,0.08419874839296022,0.0051457811830400504,0.02109249946431985,0.005074106341455125,8.710175631984816e-06,8.710175631984816e-06,0.0,0.9985789965592181,8.707997760259528e-06,-2.177871725287674e-09,0.9998703644529658,False
8.956,1,365,366,2.929500000000008,2.929500000000008,0.0,0.021819999464319888,0.021819999464319888,0.09001874839296047,0.0841454672099204,0.005509531183040069,0.021819999464319888,0.005074106341455125,8.671100979452134e-06,8.671100979452134e-06,0.0,0.998594835110285,8.666250900669342e-06,-4.850078782792392e-09,0.9998717602438242,False
8.980500000000001,1,366,367,2.9353800000000083,2.9353800000000083,0.0,0.022554999464319908,0.022554999464319908,0.09002546720992048,0.08341718602688043,0.005640781183040084,0.022554999464319908,0.005074106341455125,8.612949301640244e-06,8.612949301640244e-06,0.0,0.9986783190583234,8.60131443872554e-06,-1.1634862914704593e-08,0.9998793073660511,False
9.008000000000001,1,367,368,2.941980000000008,2.941980000000008,0.0,0.023379999464319935,0.023379999464319935,0.09001718602688052,0.08294765484384047,0.006053281183040098,0.023379999464319935,0.005074106341455125,8.861315805956617e-06,8.861315805956617e-06,0.0,0.9987235791132322,8.907877800862666e-06,4.65619949060488e-08,0.9998834283863969,False
9.0375,1,368,369,2.9490600000000082,2.9490600000000082,0.0,0.024264999464319984,0.024264999464319984,0.09002765484384069,0.0820731236608006,0.006938281183040112,0.024264999464319984,0.005074106341455125,9.0417886577098e-06,9.0417886577098e-06,0.0,0.9988104778445717,9.004445708780509e-06,-3.7342948929291694e-08,0.999891154237819,False
9.07075,1,369,370,2.957040000000008,2.957040000000008,0.0,0.02526249946431999,0.02526249946431999,0.09005312366080051,0.08170484247776043,0.007806249866080057,0.02526249946431999,0.005074106341455125,8.707092816666445e-06,8.707092816666445e-06,0.0,0.9989598859905334,8.725779713592867e-06,1.8686896926422203e-08,0.9999044375261886,False
9.105500000000001,1,370,371,2.9653800000000086,2.9653800000000086,0.0,0.02630499946432005,0.013152499732160025,0.09004484247776091,0.08065406129472077,0.008848749866080119,0.013152499732160025,0.005074106341455125,8.890642829967918e-06,8.890642829967918e-06,0.0,0.9990671551453382,8.902808543764606e-06,1.2165713796687952e-08,0.9999135379713623,False
9.1445,1,371,372,2.974740000000009,2.974740000000009,0.0,0.01432249973216006,0.01432249973216006,0.09001406129472106,0.08493992070320097,0.005074140591520089,0.01432249973216006,0.005074106341455125,9.205826701026826e-06,9.205826701026826e-06,0.0,0.9991759743229812,9.199787649379561e-06,-6.039051647264374e-09,0.9999245550951203,False
9.165750000000001,1,372,373,2.979840000000009,2.979840000000009,0.0,0.014959999732160091,0.014959999732160091,0.09003992070320119,0.0843282801116811,0.005392890591520105,0.014959999732160091,0.005074106341455125,9.191643236572067e-06,9.191643236572067e-06,0.0,0.9985550495559888,9.192195855462873e-06,5.526188908062425e-10,0.9998681299718919,False
9.1895,1,373,374,2.985540000000009,2.985540000000009,0.0,0.01567249973216011,0.01567249973216011,0.09002828011168118,0.0839228895201611,0.0059337499330400926,0.01567249973216011,0.005074106341455125,9.176095761291822e-06,9.176095761291822e-06,0.0,0.9986481912101395,9.169149296126548e-06,-6.946465165274108e-09,0.999876566562096,False
9.215,1,374,375,2.9916600000000098,2.9916600000000098,0.0,0.016437499732160167,0.016437499732160167,0.09004288952016146,0.08317249892864134,0.006316249933040121,0.016437499732160167,0.005074106341455125,9.06608458174349e-06,9.06608458174349e-06,0.0,0.9987678882295398,9.074852476689948e-06,8.767894946458974e-09,0.9998874214628002,False
9.243500000000001,1,375,376,2.9985000000000097,2.9985000000000097,0.0,0.01729249973216018,0.01729249973216018,0.0900124989286413,0.0824587489956012,0.006494374933040136,0.01729249973216018,0.005074106341455125,9.4675439660276e-06,9.4675439660276e-06,0.0,0.9988490847050079,9.460459061511102e-06,-7.0849045164975925e-09,0.9998947830968035,False
9.275,1,376,377,3.0060600000000095,3.0060600000000095,0.0,0.018237499732160198,0.018237499732160198,0.09001874899560122,0.0815199990625611,0.006966874933040146,0.018237499732160198,0.005074106341455125,9.047719747402869e-06,9.047719747402869e-06,0.0,0.9988905048607,9.0372095148164e-06,-1.0510232586468673e-08,0.9998983675236572,False
9.3105,1,377,378,3.0145800000000103,3.0145800000000103,0.0,0.01930249973216026,0.01930249973216026,0.09003999906256151,0.08085874912952135,0.008031874933040174,0.01930249973216026,0.005074106341455125,9.387532386868487e-06,9.387532386868487e-06,0.0,0.9989723455855793,9.393834079519126e-06,6.3016926506382406e-09,0.9999049786245959,False
9.34875,1,378,379,3.0237600000000104,3.02376000000001,-4.440892098500626e-16,0.020449999732160294,0.020449999732160294,0.09003874912952162,0.08487437416300153,0.005164374966520094,0.020449999732160294,0.005074106341455125,9.31858133774046e-06,9.31858133774046e-06,0.0,0.9991007543722186,9.317190049658078e-06,-1.3912880823818436e-09,0.9999177821775578,False
9.37025,1,379,380,3.0289200000000105,3.0289200000000105,0.0,0.021094999732160308,0.021094999732160308,0.09003437416300161,0.08422499919648153,0.005148437466520106,0.021094999732160308,0.005074106341455125,9.36909605077287e-06,9.36909605077287e-06,0.0,0.9985794124828553,9.369808883561177e-06,7.12832788307108e-10,0.9998703989981216,False
9.3945,1,380,381,3.0347400000000104,3.0347400000000104,0.0,0.021822499732160345,0.021822499732160345,0.09004499919648176,0.08416906172996165,0.005512187466520125,0.021822499732160345,0.005074106341455125,9.323731447532607e-06,9.323731447532607e-06,0.0,0.9985954670172457,9.302773263138782e-06,-2.095818439382482e-08,0.9998718128526545,False
9.419,1,381,382,3.0406200000000108,3.0406200000000108,0.0,0.022557499732160365,0.022557499732160365,0.09004906172996173,0.08343812426344163,0.00564343746652014,0.022557499732160365,0.005074106341455125,9.27806459788199e-06,9.27806459788199e-06,0.0,0.9986788802162453,9.245399023888025e-06,-3.2665573993965287e-08,0.9998793542126597,False
9.4465,1,382,383,3.047220000000011,3.0472200000000105,-4.440892098500626e-16,0.023382499732160392,0.023382499732160392,0.09003812426344171,0.0829659367969216,0.006055937466520153,0.023382499732160392,0.005074106341455125,9.376500167222106e-06,9.376500167222106e-06,0.0,0.9987240710201016,9.432700808423636e-06,5.620064120152998e-08,0.9998834468171467,False
9.476,1,383,384,3.054300000000011,3.054300000000011,0.0,0.02426749973216044,0.02426749973216044,0.09004593679692183,0.0820887493304017,0.0069409374665201674,0.02426749973216044,0.005074106341455125,9.705115692581237e-06,9.705115692581237e-06,0.0,0.9988109370734594,9.686401660861894e-06,-1.8714031719342834e-08,0.9998912051960478,False
9.509,1,384,385,3.062220000000011,3.062220000000011,0.0,0.025257499732160463,0.025257499732160463,0.09000874933040172,0.08166531186388157,0.007803124933040167,0.025257499732160463,0.005074106341455125,9.37898102811999e-06,9.37898102811999e-06,0.0,0.9989592483699121,9.37656985251465e-06,-2.4111756053411555e-09,0.9999043746421633,False
9.543750000000001,1,385,386,3.0705600000000115,3.0705600000000115,0.0,0.026299999732160524,0.013149999866080262,0.09000531186388205,0.08061937439736185,0.008845624933040228,0.013149999866080262,0.005074106341455125,9.4811398042733e-06,9.4811398042733e-06,0.0,0.9990668116887091,9.482084437695986e-06,9.44633422685407e-10,0.9999134943416887,False
9.583,1,386,387,3.079980000000012,3.079980000000012,0.0,0.014327499866080281,0.014327499866080281,0.090039374397362,0.08496390566410189,0.005075468733260117,0.014327499866080281,0.005074106341455125,9.804853564144864e-06,9.804853564144864e-06,0.0,0.9991763287101345,9.804911941074402e-06,5.837692953819182e-11,0.9999245830704365,False
9.604000000000001,1,387,388,3.085020000000012,3.085020000000012,0.0,0.014957499866080328,0.014957499866080328,0.09000390566410224,0.0842984369308421,0.005390468733260141,0.014957499866080328,0.005074106341455125,9.824110003155842e-06,9.824110003155842e-06,0.0,0.9985534828866635,9.826357311422485e-06,2.2473082666432578e-09,0.9998679846154266,False
9.628,1,388,389,3.090780000000012,3.090780000000012,0.0,0.01567749986608033,0.01567749986608033,0.09005843693084205,0.08394796819758193,0.005934062466520143,0.01567749986608033,0.005074106341455125,9.77602894155424e-06,9.77602894155424e-06,0.0,0.99864930882187,9.755469013261934e-06,-2.0559928292306594e-08,0.9998766625197878,False
9.65325,1,389,390,3.0968400000000127,3.0968400000000127,0.0,0.016434999866080404,0.016434999866080404,0.09000796819758244,0.0831399994643223,0.00631281246652018,0.016434999866080404,0.005074106341455125,9.592874274829479e-06,9.592874274829479e-06,0.0,0.9987665418890579,9.586276368880376e-06,-6.597905949102525e-09,0.9998872755766399,False
9.682,1,390,391,3.1037400000000126,3.1037400000000126,0.0,0.0172974998660804,0.0172974998660804,0.0900399994643221,0.08248593699780196,0.006496562466520183,0.0172974998660804,0.005074106341455125,1.007683948215865e-05,1.007683948215865e-05,0.0,0.9988497281676716,1.0077155793523446e-05,3.163113647961305e-10,0.9998948380253109,False
9.7135,1,391,392,3.111300000000013,3.111300000000013,0.0,0.01824249986608047,0.01824249986608047,0.09004593699780239,0.08154687453128219,0.006969062466520218,0.01824249986608047,0.005074106341455125,9.74065190380802e-06,9.74065190380802e-06,0.0,0.9988908365218491,9.721140746771982e-06,-1.951115703603798e-08,0.9998984012509591,False
9.74875,1,392,393,3.119760000000013,3.119760000000013,0.0,0.019299999866080497,0.019299999866080497,0.09000687453128231,0.08082906206476209,0.00802656246652021,0.019299999866080497,0.005074106341455125,9.876259549774195e-06,9.876259549774195e-06,0.0,0.998971637663704,9.889469708493644e-06,1.3210158719448545e-08,0.9999048911140341,False
9.787,1,393,394,3.1289400000000134,3.1289400000000134,0.0,0.02044749986608053,0.02044749986608053,0.09000906206476236,0.08484640583150224,0.005162656233260124,0.02044749986608053,0.005074106341455125,9.96104383319465e-06,9.96104383319465e-06,0.0,0.9991002318632493,9.960786509056538e-06,-2.573241381125446e-10,0.9999177334760828,False
9.8085,1,394,395,3.1341000000000134,3.1341000000000134,0.0,0.021092499866080545,0.021092499866080545,0.09000640583150232,0.08419874959824221,0.005145781233260138,0.021092499866080545,0.005074106341455125,9.98189024107511e-06,9.98189024107511e-06,0.0,0.9985789862998615,9.984803910522439e-06,2.913669447328197e-09,0.9998703556283282,False
9.83275,1,395,396,3.139920000000014,3.139920000000014,0.0,0.021819999866080582,0.021819999866080582,0.09001874959824245,0.0841454683649823,0.005509531233260157,0.021819999866080582,0.005074106341455125,9.959455639549437e-06,9.959455639549437e-06,0.0,0.9985948345444668,9.928797037301614e-06,-3.065860224782315e-08,0.9998717561304855,False
9.85725,1,396,397,3.1458000000000137,3.1458000000000137,0.0,0.022554999866080602,0.022554999866080602,0.09002546836498238,0.08341718713172223,0.005640781233260158,0.022554999866080602,0.005074106341455125,9.935670109375316e-06,9.935670109375316e-06,0.0,0.998678327255247,9.890257994196795e-06,-4.541211517852112e-08,0.9998793093940713,False
9.88475,1,397,398,3.152400000000014,3.152400000000014,0.0,0.02337999986608063,0.02337999986608063,0.09001718713172233,0.08294765589846217,0.006053281233260171,0.02337999986608063,0.005074106341455125,9.892916978318289e-06,9.892916978318289e-06,0.0,0.9987235150600258,9.940176426278565e-06,4.725944796027566e-08,0.9998833670315698,False
9.914250000000001,1,398,399,3.159480000000014,3.159480000000014,0.0,0.02426499986608068,0.02426499986608068,0.0900276558984624,0.08207312466520225,0.006938281233260186,0.02426499986608068,0.005074106341455125,1.0234310385610603e-05,1.0234310385610603e-05,0.0,0.9988104651778481,1.023634408416947e-05,2.0336985588674614e-09,0.999891152491701,False
9.9475,1,399,400,3.1674600000000144,3.1674600000000144,0.0,0.025262499866080736,0.025262499866080736,0.09005312466520256,0.08170484343194234,0.0078062499665202435,0.025262499866080736,0.005074106341455125,1.0049168099508419e-05,1.0049168099508419e-05,0.0,0.9989598887418172,1.0036423157802808e-05,-1.2744941705610815e-08,0.9999044359993413,False
9.98225,1,400,401,3.1758000000000144,3.1758000000000144,0.0,0.026304999866080744,0.013152499933040372,0.09004484343194241,0.08065406219868221,0.008848749966520252,0.013152499933040372,0.005074106341455125,1.0079535949995995e-05,1.0079535949995995e-05,0.0,0.9990671367846836,1.0070586318749211e-05,-8.949631246784077e-09,0.9999135184361465,False
10.02125,1,401,402,3.185160000000015,3.185160000000015,0.0,0.014322499933040408,0.014322499933040408,0.09001406219868249,0.08493992158205235,0.005074140616630126,0.014322499933040408,0.005074106341455125,1.0366285423799913e-05,1.0366285423799913e-05,0.0,0.9991759635960323,1.0368742303229633e-05,2.4568794297196578e-09,0.9999245451367402,False
10.0425,1,402,403,3.190260000000015,3.190260000000015,0.0,0.014959999933040438,0.014959999933040438,0.09003992158205257,0.08432828096542244,0.005392890616630141,0.014959999933040438,0.005074106341455125,1.0410434183474144e-05,1.0410434183474144e-05,0.0,0.9985550381773547,1.041510983279332e-05,4.675649319175784e-09,0.9998681201303486,False
10.06625,1,403,404,3.195960000000015,3.195960000000015,0.0,0.015672499933040457,0.015672499933040457,0.09002828096542254,0.08392289034879241,0.005933749983260172,0.015672499933040457,0.005074106341455125,1.0400082993496334e-05,1.0400082993496334e-05,0.0,0.9986481891725204,1.0367110834405162e-05,-3.297215909117278e-08,0.9998765619770654,False
10.09175,1,404,405,3.2020800000000156,3.2020800000000156,0.0,0.016437499933040514,0.016437499933040514,0.09004289034879279,0.08317249973216262,0.006316249983260201,0.016437499933040514,0.005074106341455125,1.0139699782843575e-05,1.0139699782843575e-05,0.0,0.9987678550582479,1.0134496237846152e-05,-5.203544997423341e-09,0.9998873842994851,False
10.12025,1,405,406,3.208920000000015,3.208920000000015,0.0,0.017292499933040526,0.017292499933040526,0.09001249973216258,0.08245874974890241,0.006494374983260203,0.017292499933040526,0.005074106341455125,1.0554612264404399e-05,1.0554612264404399e-05,0.0,0.998849050011323,1.057581540086712e-05,2.120313646272081e-08,0.9998947561649537,False
10.15175,1,406,407,3.2164800000000158,3.2164800000000158,0.0,0.018237499933040597,0.018237499933040597,0.09001874974890284,0.08151999976564259,0.0069668749832602385,0.018237499933040597,0.005074106341455125,1.0403966751858758e-05,1.0403966751858758e-05,0.0,0.9988905208915917,1.0384390616784253e-05,-1.9576135074504306e-08,0.999898381107304,False
10.18725,1,407,408,3.2250000000000156,3.2250000000000156,0.0,0.019302499933040607,0.019302499933040607,0.09003999976564257,0.08085874978238233,0.008031874983260214,0.019302499933040607,0.005074106341455125,1.037274281970149e-05,1.037274281970149e-05,0.0,0.9989722975158329,1.0379761467776315e-05,7.018648074826029e-09,0.9999049319103648,False
10.2255,1,408,409,3.234180000000016,3.234180000000016,0.0,0.02044999993304064,0.02044999993304064,0.0900387497823826,0.0848743747907525,0.005164374991630134,0.02044999993304064,0.005074106341455125,1.052845787409395e-05,1.052845787409395e-05,0.0,0.9991007440139018,1.0531742821970734e-05,3.2849478767834565e-09,0.9999177737156352,False
10.247,1,409,410,3.2393400000000163,3.2393400000000163,0.0,0.021094999933040707,0.021094999933040707,0.09003437479075299,0.0842249997991228,0.005148437491630166,0.021094999933040707,0.005074106341455125,1.0547945608862513e-05,1.0547945608862513e-05,0.0,0.9985793992695104,1.0553926386654296e-05,5.980777791783176e-09,0.9998703873516651,False
10.27125,1,410,411,3.2451600000000163,3.2451600000000163,0.0,0.021822499933040692,0.021822499933040692,0.09004499979912263,0.0841690623074925,0.0055121874916301584,0.021822499933040692,0.005074106341455125,1.0548289164958222e-05,1.0548289164958222e-05,0.0,0.998595474870866,1.0513684923514036e-05,-3.460424144418586e-08,0.9998718182293715,False
10.29575,1,411,412,3.2510400000000166,3.2510400000000166,0.0,0.022557499933040712,0.022557499933040712,0.09004906230749259,0.08343812481586246,0.00564343749163016,0.022557499933040712,0.005074106341455125,1.0538860867469662e-05,1.0538860867469662e-05,0.0,0.9986789007636826,1.048888972761954e-05,-4.997113985012204e-08,0.9998793708176738,False
10.32325,1,412,413,3.2576400000000167,3.257640000000017,4.440892098500626e-16,0.02338249993304079,0.02338249993304079,0.09003812481586299,0.08296593732423278,0.006055937491630199,0.02338249993304079,0.005074106341455125,1.0419514881388267e-05,1.0419514881388267e-05,0.0,0.9987240139545488,1.04509744141543e-05,3.1459532766033504e-08,0.999883386833795,False
10.35275,1,413,414,3.2647200000000165,3.2647200000000165,0.0,0.02426749993304079,0.02426749993304079,0.09004593732423258,0.08208874983260242,0.00694093749163016,0.02426749993304079,0.005074106341455125,1.0670185901756423e-05,1.0670185901756423e-05,0.0,0.9988108847164258,1.0682904370401216e-05,1.2718468644793215e-08,0.9998911615041802,False
10.38575,1,414,415,3.2726400000000173,3.2726400000000173,0.0,0.025257499933040863,0.025257499933040863,0.09000874983260287,0.08166531234097264,0.0078031249832602794,0.025257499933040863,0.005074106341455125,1.0706558330816316e-05,1.0706558330816316e-05,0.0,0.9989592768664977,1.0692396779926974e-05,-1.4161550889341687e-08,0.9999044000059056,False
10.4205,1,415,416,3.2809800000000173,3.2809800000000173,0.0,0.02629999993304087,0.013149999966520436,0.09000531234097271,0.08061937484934248,0.008845624983260287,0.013149999966520436,0.005074106341455125,1.0655667144425938e-05,1.0655667144425938e-05,0.0,0.9990668089129782,1.0642025139905088e-05,-1.3642004520849531e-08,0.9999134877240051,False
10.45975,1,416,417,3.2904000000000178,3.2904000000000178,0.0,0.014327499966520506,0.014327499966520506,0.09003937484934305,0.0849639061035279,0.005075468745815139,0.014327499966520506,0.005074106341455125,1.0890220843325532e-05,1.0890220843325532e-05,0.0,0.9991763160000011,1.0896857408356118e-05,6.636565030585981e-09,0.9999245710682971,False
10.48075,1,417,418,3.295440000000018,3.295440000000018,0.0,0.014957499966520502,0.014957499966520502,0.09000390610352783,0.08429843735771272,0.005390468745815137,0.014957499966520502,0.005074106341455125,1.0929833587036586e-05,1.0929833587036586e-05,0.0,0.9985534662798498,1.094000391531241e-05,1.0170328275824702e-08,0.9998679697623645,False
10.50475,1,418,419,3.301200000000018,3.301200000000018,0.0,0.015677499966520556,0.015677499966520556,0.0900584373577131,0.08394796861189795,0.005934062491630213,0.015677499966520556,0.005074106341455125,1.0921950586510208e-05,1.0921950586510208e-05,0.0,0.9986493112755651,1.0883513441781154e-05,-3.843714472905437e-08,0.9998766626678395,False
10.53,1,419,420,3.307260000000018,3.307260000000018,0.0,0.016434999966520578,0.016434999966520578,0.09000796861189803,0.08313999986608286,0.006312812491630224,0.016434999966520578,0.005074106341455125,1.0704126563769757e-05,1.0704126563769757e-05,0.0,0.9987665323402161,1.0687646717092979e-05,-1.6479846676778183e-08,0.9998872601708572,False
10.55875,1,420,421,3.3141600000000184,3.3141600000000184,0.0,0.017297499966520625,0.017297499966520625,0.09003999986608312,0.0824859373744529,0.006496562491630238,0.017297499966520625,0.005074106341455125,1.1000914084553638e-05,1.1000914084553638e-05,0.0,0.9988496752866609,1.1016100251402738e-05,1.5186166849100007e-08,0.9998947898926126,False
10.590250000000001,1,421,422,3.321720000000018,3.321720000000018,0.0,0.018242499966520644,0.018242499966520644,0.0900459373744529,0.08154687488282268,0.006969062491630248,0.018242499966520644,0.005074106341455125,1.100587660079413e-05,1.100587660079413e-05,0.0,0.9988908546855351,1.0996782436244513e-05,-9.09416454961771e-09,0.9998984194883528,False
10.6255,1,422,423,3.3301800000000186,3.3301800000000186,0.0,0.01929999996652067,0.01929999996652067,0.0900068748828228,0.08082906239119254,0.008026562491630241,0.01929999996652067,0.005074106341455125,1.086658007504937e-05,1.086658007504937e-05,0.0,0.9989716009085539,1.086139390142667e-05,-5.186173622698915e-09,0.999904848896055,False
10.66375,1,423,424,3.3393600000000188,3.3393600000000188,0.0,0.020447499966520705,0.020447499966520705,0.09000906239119282,0.08484640614537767,0.005162656245815145,0.020447499966520705,0.005074106341455125,1.1029070511204296e-05,1.1029070511204296e-05,0.0,0.999100209223376,1.1034250855025747e-05,5.180343821450776e-09,0.9999177127775134,False
10.68525,1,424,425,3.3445200000000193,3.3445200000000193,0.0,0.02109249996652077,0.02109249996652077,0.09000640614537816,0.08419874989956298,0.005145781245815165,0.02109249996652077,0.005074106341455125,1.1061523707938196e-05,1.1061523707938196e-05,0.0,0.9985789679959145,1.1070934745046998e-05,9.411037108801785e-09,0.9998703390335499,False
10.7095,1,425,426,3.350340000000019,3.350340000000019,0.0,0.021819999966520755,0.021819999966520755,0.09001874989956281,0.08414546865374768,0.005509531245815158,0.021819999966520755,0.005074106341455125,1.1094050528023808e-05,1.1094050528023808e-05,0.0,0.9985948460319637,1.1057367817108869e-05,-3.668271091493891e-08,0.9998717664744751,False
10.734,1,426,427,3.356220000000019,3.356220000000019,0.0,0.022554999966520776,0.022554999966520776,0.09002546865374776,0.08341718740793265,0.005640781245815173,0.022554999966520776,0.005074106341455125,1.1085227570403826e-05,1.1085227570403826e-05,0.0,0.9986783501674755,1.103731916440272e-05,-4.790840600110474e-08,0.9998793305896314,False
10.7615,1,427,428,3.3628200000000197,3.3628200000000197,0.0,0.023379999966520855,0.023379999966520855,0.09001718740793316,0.08294765616211797,0.006053281245815213,0.023379999966520855,0.005074106341455125,1.0946846381986009e-05,1.0946846381986009e-05,0.0,0.998723474428514,1.0963761300453034e-05,1.6914918467025072e-08,0.9998833197190495,False
10.791,1,428,429,3.3699000000000194,3.3699000000000194,0.0,0.024264999966520852,0.024264999966520852,0.09002765616211776,0.0820731249163026,0.006938281245815173,0.024264999966520852,0.005074106341455125,1.1074663284618821e-05,1.1074663284618821e-05,0.0,0.9988103882920925,1.1085361385658493e-05,1.0698101039671162e-08,0.9998910785554241,False
10.824250000000001,1,429,430,3.3778800000000198,3.3778800000000198,0.0,0.02526249996652091,0.02526249996652091,0.0900531249163029,0.08170484367048769,0.007806249991630287,0.02526249996652091,0.005074106341455125,1.1261127262110978e-05,1.1261127262110978e-05,0.0,0.998959919708465,1.1252738729341553e-05,-8.388532769424513e-09,0.9999044668406954,False
10.859,1,430,431,3.3862200000000198,3.38622000000002,4.440892098500626e-16,0.026304999966520918,0.013152499983260459,0.09004484367048775,0.08065406242467252,0.008848749991630295,0.013152499983260459,0.005074106341455125,1.119650530943395e-05,1.119650530943395e-05,0.0,0.9990671439686194,1.1184077351838463e-05,-1.2427957595487627e-08,0.9999135226876036,False
10.898,1,431,432,3.3955800000000207,3.3955800000000207,0.0,0.014322499983260547,0.014322499983260547,0.09001406242467322,0.08493992180176557,0.005074140622907646,0.014322499983260547,0.005074106341455125,1.1363279717792934e-05,1.1363279717792934e-05,0.0,0.9991759479614899,1.1371507783949833e-05,8.228066156899447e-09,0.9999245298023474,False
10.91925,1,432,433,3.400680000000021,3.400680000000021,0.0,0.014959999983260577,0.014959999983260577,0.09003992180176579,0.08432828117885814,0.005392890622907661,0.014959999983260577,0.005074106341455125,1.1419457342940097e-05,1.1419457342940097e-05,0.0,0.9985550181795079,1.1431520123551182e-05,1.2062780611085504e-08,0.9998681015481528,False
10.943,1,433,434,3.406380000000021,3.406380000000021,0.0,0.015672499983260597,0.015672499983260597,0.09002828117885825,0.08392289055595059,0.0059337499958152205,0.015672499983260597,0.005074106341455125,1.1476228608653712e-05,1.1476228608653712e-05,0.0,0.9986481953797218,1.1432135005117588e-05,-4.409360353612433e-08,0.9998765677032064,False
10.9685,1,434,435,3.412500000000021,3.412500000000021,0.0,0.016437499983260603,0.016437499983260603,0.09004289055595055,0.08317249993304292,0.006316249995815223,0.016437499983260603,0.005074106341455125,1.1204576489571808e-05,1.1204576489571808e-05,0.0,0.9987678534816082,1.1199930121568279e-05,-4.6463680035291484e-09,0.9998873769520725,False
10.997,1,435,436,3.419340000000021,3.419340000000021,0.0,0.017292499983260667,0.017292499983260667,0.09001249993304329,0.08245874993722807,0.00649437499581525,0.017292499983260667,0.005074106341455125,1.1392832053638712e-05,1.1392832053638712e-05,0.0,0.9988489856606417,1.1404581706970165e-05,1.1749653331453145e-08,0.9998946909499992,False
11.028500000000001,1,436,437,3.426900000000021,3.426900000000021,0.0,0.018237499983260685,0.018237499983260685,0.09001874993722808,0.08151999994141285,0.00696687499581526,0.018237499983260685,0.005074106341455125,1.151129292509237e-05,1.151129292509237e-05,0.0,0.9988905240774497,1.151780128068577e-05,6.508355593398869e-09,0.999898387889554,False
11.064,1,437,438,3.435420000000021,3.435420000000021,0.0,0.019302499983260696,0.019302499983260696,0.09003999994141283,0.08085874994559758,0.008031874995815237,0.019302499983260696,0.005074106341455125,1.1357003326166111e-05,1.1357003326166111e-05,0.0,0.9989722749105117,1.1346168336704794e-05,-1.0834989461316739e-08,0.9999049021801036,False
11.10225,1,438,439,3.4446000000000216,3.4446000000000216,0.0,0.020449999983260782,0.020449999983260782,0.09003874994559827,0.0848743749476906,0.005164374997907672,0.020449999983260782,0.005074106341455125,1.1491041379932401e-05,1.1491041379932401e-05,0.0,0.9991007144354921,1.1494152825715972e-05,3.111445783570625e-09,0.9999177447656075,False
11.12375,1,439,440,3.4497600000000217,3.4497600000000217,0.0,0.021094999983260795,0.021094999983260795,0.09003437494769068,0.08422499994978301,0.005148437497907663,0.021094999983260795,0.005074106341455125,1.1525836135373045e-05,1.1525836135373045e-05,0.0,0.9985793737016361,1.1538947605366256e-05,1.3111469993210424e-08,0.9998703632456711,False
11.148,1,440,441,3.4555800000000216,3.455580000000022,4.440892098500626e-16,0.021822499983260833,0.021822499983260833,0.09004499994978325,0.08416906245187558,0.005512187497907681,0.021822499983260833,0.005074106341455125,1.1593665103721944e-05,1.1593665103721944e-05,0.0,0.9985954848477853,1.1556207711236837e-05,-3.7457392485106445e-08,0.9998718288774906,False
11.1725,1,441,442,3.461460000000022,3.461460000000022,0.0,0.022557499983260853,0.022557499983260853,0.09004906245187566,0.08343812495396799,0.005643437497907697,0.022557499983260853,0.005074106341455125,1.1581381218098216e-05,1.1581381218098216e-05,0.0,0.9986789210874992,1.1536187974762044e-05,-4.51932433361723e-08,0.9998793914671231,False
11.200000000000001,1,442,443,3.4680600000000226,3.4680600000000226,0.0,0.02338249998326088,0.02338249998326088,0.0900381249539681,0.08296593745606042,0.006055937497907711,0.02338249998326088,0.005074106341455125,1.1461980294945104e-05,1.1461980294945104e-05,0.0,0.9987239927060628,1.1467843181052516e-05,5.862886107412739e-09,0.9998833574293959,False
11.2295,1,443,444,3.4751400000000228,3.4751400000000228,0.0,0.02426749998326093,0.02426749998326093,0.09004593745606063,0.08208874995815295,0.006940937497907725,0.02426749998326093,0.005074106341455125,1.1474929236370487e-05,1.1474929236370487e-05,0.0,0.9988108051778011,1.1477017522987481e-05,2.088286616994486e-09,0.9998910787253736,False
11.262500000000001,1,444,445,3.4830600000000227,3.4830600000000227,0.0,0.02525749998326095,0.02525749998326095,0.09000874995815297,0.08166531246024528,0.007803124995815302,0.02525749998326095,0.005074106341455125,1.1729248693431898e-05,1.1729248693431898e-05,0.0,0.9989592787457983,1.1738152912826188e-05,8.904219394289799e-09,0.9999044082671315,False
11.29725,1,445,446,3.4914000000000227,3.4914000000000227,0.0,0.02629999998326096,0.01314999999163048,0.09000531246024535,0.08061937496233762,0.00884562499581531,0.01314999999163048,0.005074106341455125,1.168949651149193e-05,1.168949651149193e-05,0.0,0.9990668207372287,1.1684259693592279e-05,-5.2368178996519115e-09,0.9999134999205318,False
11.336500000000001,1,446,447,3.500820000000023,3.500820000000023,0.0,0.01432749999163055,0.01432749999163055,0.09003937496233819,0.08496390621338429,0.005075468748953896,0.01432749999163055,0.005074106341455125,1.1814709667477926e-05,1.1814709667477926e-05,0.0,0.9991762985858589,1.1825146540638052e-05,1.0436873160126674e-08,0.9999245534879162,False
11.3575,1,447,448,3.5058600000000237,3.5058600000000233,-4.440892098500626e-16,0.014957499991630598,0.014957499991630598,0.09000390621338465,0.08429843746443072,0.0053904687489539195,0.014957499991630598,0.005074106341455125,1.1837668218270446e-05,1.1837668218270446e-05,0.0,0.9985534407247156,1.185527902247582e-05,1.761080420537443e-08,0.9998679449977669,False
11.3815,1,448,449,3.5116200000000237,3.5116200000000233,-4.440892098500626e-16,0.015677499991630598,0.015677499991630598,0.09005843746443068,0.08394796871547679,0.00593406249790771,0.015677499991630598,0.005074106341455125,1.1908338021808327e-05,1.1908338021808327e-05,0.0,0.9986493157058357,1.186570930760951e-05,-4.262871419881642e-08,0.9998766677115504,False
11.40675,1,449,450,3.5176800000000235,3.5176800000000235,0.0,0.01643499999163062,0.01643499999163062,0.09000796871547688,0.08313999996652299,0.006312812497907721,0.01643499999163062,0.005074106341455125,1.1698298508908681e-05,1.1698298508908681e-05,0.0,0.9987665445486031,1.1685353761501247e-05,-1.2944747407433988e-08,0.9998872686353416,False
11.435500000000001,1,450,451,3.5245800000000234,3.5245800000000234,0.0,0.017297499991630667,0.017297499991630667,0.09003999996652323,0.08248593746861552,0.00649656249790775,0.017297499991630667,0.005074106341455125,1.1814643545274693e-05,1.1814643545274693e-05,0.0,0.9988496171531912,1.181257064317105e-05,-2.0729021036426437e-09,0.9998947282262975,False
11.467,1,451,452,3.5321400000000236,3.5321400000000236,0.0,0.018242499991630686,0.018242499991630686,0.09004593746861553,0.08154687497070781,0.006969062497907759,0.018242499991630686,0.005074106341455125,1.1938270484585643e-05,1.1938270484585643e-05,0.0,0.9988908309743435,1.1956034607906532e-05,1.776412332088874e-08,0.9998984017123703,False
11.50225,1,452,453,3.5406000000000235,3.540600000000024,4.440892098500626e-16,0.019299999991630713,0.019299999991630713,0.09000687497070792,0.08082906247280018,0.008026562497907752,0.019299999991630713,0.005074106341455125,1.1867571556576197e-05,1.1867571556576197e-05,0.0,0.998971605732137,1.1849054537641067e-05,-1.8517018935129898e-08,0.9999048482203761,False
11.5405,1,453,454,3.5497800000000246,3.5497800000000246,0.0,0.0204474999916308,0.0204474999916308,0.09000906247280087,0.08484640622384694,0.005162656248953921,0.0204474999916308,0.005074106341455125,1.1931000109602294e-05,1.1931000109602294e-05,0.0,0.9991001804739342,1.1929992399385468e-05,-1.0077102168259142e-09,0.9999176834011927,False
11.562,1,454,455,3.5549400000000246,3.5549400000000246,0.0,0.021092499991630813,0.021092499991630813,0.09000640622384704,0.08419874997489313,0.005145781248953921,0.021092499991630813,0.005074106341455125,1.1950760646689338e-05,1.1950760646689338e-05,0.0,0.9985789372376137,1.196628179595336e-05,1.55211492640215e-08,0.9998703089798351,False
11.58625,1,455,456,3.5607600000000246,3.5607600000000246,0.0,0.02181999999163085,0.02181999999163085,0.09001874997489334,0.08414546872593942,0.00550953124895394,0.02181999999163085,0.005074106341455125,1.2048841894195035e-05,1.2048841894195035e-05,0.0,0.9985948479148743,1.201200029104048e-05,-3.6841603154555186e-08,0.9998717711280669,False
11.61075,1,456,457,3.566640000000025,3.566640000000025,0.0,0.02255499999163087,0.02255499999163087,0.0900254687259395,0.08341718747698558,0.005640781248953955,0.02255499999163087,0.005074106341455125,1.2037198576857323e-05,1.2037198576857323e-05,0.0,0.9986783650075705,1.1994045595789074e-05,-4.3152981068249124e-08,0.9998793480134729,False
11.638250000000001,1,457,458,3.573240000000025,3.573240000000025,0.0,0.023379999991630897,0.023379999991630897,0.09001718747698567,0.08294765622803174,0.006053281248953968,0.023379999991630897,0.005074106341455125,1.1950709778165657e-05,1.1950709778165657e-05,0.0,0.9987234723025578,1.1949640057312683e-05,-1.069720852974181e-09,0.9998833099147357,False
11.66775,1,458,459,3.5803200000000253,3.5803200000000253,0.0,0.024264999991630946,0.024264999991630946,0.09002765622803197,0.08207312497907801,0.0069382812489539826,0.024264999991630946,0.005074106341455125,1.1896819415880509e-05,1.1896819415880509e-05,0.0,0.9988103273819874,1.1887978177053791e-05,-8.8412388267174e-09,0.9998910101307759,False
11.701,1,459,460,3.588300000000025,3.588300000000025,0.0,0.02526249999163095,0.02526249999163095,0.09005312497907791,0.08170484373012396,0.0078062499979077975,0.02526249999163095,0.005074106341455125,1.2130587057773888e-05,1.2130587057773888e-05,0.0,0.998959890193996,1.2145124896045769e-05,1.4537838271881339e-08,0.999904446358971,False
11.73575,1,460,461,3.5966400000000256,3.5966400000000256,0.0,0.026304999991631012,0.013152499995815506,0.09004484373012445,0.08065406248117044,0.008848749997907858,0.013152499995815506,0.005074106341455125,1.2131870815932726e-05,1.2131870815932726e-05,0.0,0.9990671512484783,1.213612209230425e-05,4.251276371524716e-09,0.9999135351602492,False
11.774750000000001,1,461,462,3.6060000000000256,3.6060000000000256,0.0,0.014322499995815542,0.014322499995815542,0.09001406248117072,0.08493992185669369,0.005074140624477024,0.014322499995815542,0.005074106341455125,1.22168791832748e-05,1.22168791832748e-05,0.0,0.999175931387551,1.2228168898431942e-05,1.1289715157141833e-08,0.9999245123355219,False
11.796,1,462,463,3.611100000000026,3.611100000000026,0.0,0.014959999995815572,0.014959999995815572,0.0900399218566939,0.08432828123221689,0.0053928906244770395,0.014959999995815572,0.005074106341455125,1.2257012497571345e-05,1.2257012497571345e-05,0.0,0.9985549911458103,1.2274430620581441e-05,1.74181230100956e-08,0.9998680748183882,False
11.81975,1,463,464,3.616800000000026,3.616800000000026,0.0,0.01567249999581559,0.01567249999581559,0.09002828123221697,0.08392289060773994,0.005933749998953962,0.01567249999581559,0.005074106341455125,1.2395841653941127e-05,1.2395841653941127e-05,0.0,0.9986481891320297,1.2349314886640539e-05,-4.652676730058881e-08,0.9998765646021508,False
11.84525,1,464,465,3.6229200000000263,3.6229200000000263,0.0,0.016437499995815594,0.016437499995815594,0.09004289060773989,0.08317249998326288,0.006316249998953965,0.016437499995815594,0.005074106341455125,1.2132228047746446e-05,1.2132228047746446e-05,0.0,0.9987678693914056,1.2132929412353802e-05,7.013646073557875e-10,0.9998873905821255,False
11.87375,1,465,466,3.6297600000000267,3.6297600000000267,0.0,0.01729249999581566,0.01729249999581566,0.09001249998326327,0.0824587499843093,0.006494374998954006,0.01729249999581566,0.005074106341455125,1.2240402859379406e-05,1.2240402859379406e-05,0.0,0.9988489483390183,1.222929734977842e-05,-1.1105509600985294e-08,0.9998946474792773,False
11.90525,1,466,467,3.6373200000000265,3.6373200000000265,0.0,0.018237499995815677,0.018237499995815677,0.09001874998430931,0.08151999998535533,0.0069668749989540155,0.018237499995815677,0.005074106341455125,1.2290511841369428e-05,1.2290511841369428e-05,0.0,0.9988904699500338,1.2315740384666942e-05,2.5228543297514477e-08,0.9998983399831296,False
11.94075,1,467,468,3.6458400000000273,3.6458400000000273,0.0,0.01930249999581574,0.01930249999581574,0.09003999998535574,0.08085874998640169,0.008031874998954044,0.01930249999581574,0.005074106341455125,1.2323808380582387e-05,1.2323808380582387e-05,0.0,0.9989722929673651,1.230686167094452e-05,-1.6946709637866343e-08,0.9999049181434937,False
11.979000000000001,1,468,469,3.655020000000027,3.655020000000027,0.0,0.020449999995815774,0.020449999995815774,0.09003874998640196,0.08487437498692492,0.005164374999477043,0.020449999995815774,0.005074106341455125,1.2351079494334229e-05,1.2351079494334229e-05,0.0,0.9991006894120512,1.2346263470769348e-05,-4.816023564880911e-09,0.9999177184718655,False
