time,inserted_nodes,node_count_before,node_count_after,rest_length_before,rest_length_after,rest_length_error,tail_rest_length_before,tail_rest_length_after,payout_buffer_rest_length_before,payout_buffer_rest_length_after,payout_buffer_min_rest_length_after,payout_buffer_max_rest_length_after,minimum_physical_rest_length_after,peak_tension_before,peak_tension_after,peak_tension_jump,minimum_geometric_ratio_after,peak_tension_post_step,peak_tension_post_step_jump,minimum_standard_ratio_post_step,remeshed_in_same_step
0.5357500000000001,1,103,104,1.0300016926474125,1.0300016926474125,0.0,0.011250211580926591,0.0056251057904632955,0.09000169264741273,0.07875148106648613,0.0056251057904632955,0.011250211580926591,0.0056251057904632955,0.0,0.0,0.0,0.9998365456389756,0.0,0.0,0.9999838973311068,False
0.70025,1,104,105,1.0412654125631828,1.0412654125631828,0.0,0.007033070779934558,0.007033070779934558,0.09001520098225621,0.07735702441185838,0.006329088285198925,0.01265817657039785,0.006329088285198925,0.0,0.0,0.0,0.9995853386137551,0.0,0.0,0.9999611663346712,False
0.82925,1,105,106,1.0539295573166885,1.0539295573166887,2.220446049250313e-16,0.008616088874122792,0.008616088874122792,0.09002116916536426,0.07577997450077817,0.007120597332293042,0.014241194664586085,0.007120597332293042,0.0,0.0,0.0,0.9995124809073105,0.0,0.0,0.9999545478535121,False
0.9435,1,106,107,1.068168268735451,1.068168268735451,0.0,0.010395927801468098,0.010395927801468098,0.09001868591954057,0.0739976523276092,0.005197963900734049,0.016021033591931372,0.005197963900734049,0.0,0.0,0.0,0.9994687247033092,0.0,0.0,0.9999506806294536,False
1.05075,1,107,108,1.084192485068068,1.084192485068068,0.0,0.012398954843045241,0.012398954843045241,0.09002186866022628,0.07199780802671779,0.005847486174154807,0.012398954843045241,0.005847486174154807,0.0,0.0,0.0,0.9992285734129901,0.0,0.0,0.9999291286916324,False
1.155,1,108,109,1.1022381452059529,1.1022381452059529,0.0,0.014654662360280866,0.014654662360280866,0.09004346816460276,0.07688429734615165,0.006975339932772619,0.014654662360280866,0.006975339932772619,0.0,0.0,0.0,0.9992161622419407,0.0,0.0,0.9999280335040444,False
1.2235,1,109,110,1.1153977112805102,1.11539771128051,-2.220446049250313e-16,0.016299608119600493,0.016299608119600493,0.0900438634207085,0.07523974684293779,0.0055508221094332025,0.016299608119600493,0.0055508221094332025,0.0,0.0,0.0,0.9992039618524654,0.0,0.0,0.9999268182028008,False
1.295,1,110,111,1.1302019304529003,1.1302019304529003,0.0,0.0181501355161493,0.0181501355161493,0.09004396601532826,0.07844529916806943,0.005235406544320515,0.0181501355161493,0.005235406544320515,0.0,0.0,0.0,0.999003328006589,0.0,0.0,0.9999088561070699,False
1.34775,1,111,112,1.1417992086322224,1.1417992086322224,0.0,0.019599795288564554,0.019599795288564554,0.09004257734739145,0.08351841403755442,0.006524163309837035,0.019599795288564554,0.006524163309837035,0.0,0.0,0.0,0.9988419363763344,0.0,0.0,0.9998941936505148,False
1.37625,1,112,113,1.148295370739995,1.1482953707399948,-2.220446049250313e-16,0.02041181555203611,0.02041181555203611,0.09001457614532682,0.08267839257201824,0.006366246562263915,0.02041181555203611,0.006366246562263915,0.0,0.0,0.0,0.9989185690186299,0.0,0.0,0.9999011558963969,False
1.40775,1,113,114,1.1556576320748004,1.1556576320748004,0.0,0.021332098218886833,0.021332098218886833,0.09004065390682392,0.0816232846597659,0.005291656104359765,0.021332098218886833,0.005291656104359765,0.0,0.0,0.0,0.9988829234901154,0.0,0.0,0.9998978696016206,False
1.44275,1,114,115,1.164055880716534,1.164055880716534,0.0,0.02238187929910351,0.02238187929910351,0.09002153330149934,0.08055438297422464,0.00581654664446811,0.02238187929910351,0.00581654664446811,0.0,0.0,0.0,0.9986815552885895,0.0,0.0,0.9998794042101157,False
1.48125,1,115,116,1.1735494246333131,1.1735494246333131,0.0,0.0235685722887009,0.0235685722887009,0.09004792689100385,0.08052492359207514,0.007003239634065516,0.0235685722887009,0.006524163309837035,0.0,0.0,0.0,0.9987726614988067,0.0,0.0,0.999886659392618,False
1.51875,1,116,117,1.183042699290873,1.1830426992908727,-2.220446049250313e-16,0.024755231620895875,0.024755231620895875,0.090018198249635,0.08466336693407314,0.00535483131556185,0.024755231620895875,0.00535483131556185,0.0,0.0,0.0,0.998923868681812,0.0,0.0,0.9999016870121973,False
1.5395,1,117,118,1.1883957590163343,1.1883957590163345,2.220446049250313e-16,0.025424364086578558,0.025424364086578558,0.09001642665953458,0.08399246287829006,0.005520547995930529,0.025424364086578558,0.00535483131556185,0.0,0.0,0.0,0.9985179761157573,0.0,0.0,0.9998645925122518,False
1.5625,1,118,119,1.1944093939013312,1.194409393901331,-2.220446049250313e-16,0.026176068447203136,0.026176068447203136,0.0900060977632867,0.08493828459694866,0.005067813166338046,0.026176068447203136,0.005067813166338046,0.0,0.0,0.0,0.998556828546646,0.0,0.0,0.9998682935273672,False
1.58175,1,119,120,1.1995051880842338,1.1995051880842338,0.0,0.026813042720066012,0.026813042720066012,0.0900340787798517,0.08432929134065076,0.005386300302769484,0.026813042720066012,0.005067813166338046,0.0,0.0,0.0,0.9983958220038676,0.0,0.0,0.9998536657296518,False
1.603,1,120,121,1.2051943585804343,1.2051943585804343,0.0,0.027524189032091046,0.027524189032091046,0.09001846183685103,0.08392101522205651,0.005479428188727836,0.027524189032091046,0.005067813166338046,0.0,0.0,0.0,0.9984815986959568,0.0,0.0,0.9998614177280132,False
1.6255,1,121,122,1.21128856357635,1.21128856357635,0.0,0.028285964656580488,0.028285964656580488,0.09001522021797202,0.08315599797868807,0.0058603160009725545,0.028285964656580488,0.005067813166338046,0.0,0.0,0.0,0.9984991952727984,0.0,0.0,0.9998629322389704,False
1.6505,1,122,123,1.2181410338427927,1.2181410338427927,0.0,0.02914252343988583,0.02914252343988583,0.09000846824513092,0.0829107056486083,0.006716874784277914,0.02914252343988583,0.005067813166338046,0.0,0.0,0.0,0.9985883695732676,0.0,0.0,0.9998705543276531,False
1.67625,1,123,124,1.22528377314603,1.22528377314603,0.0,0.030035365852790482,0.030035365852790482,0.09005344495184553,0.08206283994241823,0.005065774881071239,0.030035365852790482,0.005065774881071239,0.0,0.0,0.0,0.9987392855680761,0.0,0.0,0.9998847752104373,False
1.70475,1,124,125,1.2332834275060698,1.2332834275060698,0.0,0.031035322647795467,0.031035322647795467,0.09006249430245813,0.08145282031027057,0.005565753278573735,0.031035322647795467,0.005067813166338046,0.0,0.0,0.0,0.9983994988878608,0.0,0.0,0.999853791206924,False
1.735,1,125,126,1.241874657037748,1.241874657037748,0.0,0.032109226339255253,0.032109226339255253,0.09004404984194873,0.08036047215830142,0.005173165285976791,0.032109226339255253,0.005067813166338046,0.0,0.0,0.0,0.998520829162589,0.0,0.0,0.9998648170112902,False
1.76875,1,126,127,1.251571090404545,1.2515710904045452,2.220446049250313e-16,0.03332128051010489,0.03332128051010489,0.0900569055250983,0.08170521598671271,0.005779192371401593,0.03332128051010489,0.005067813166338046,0.0,0.0,0.0,0.9984441540751986,0.0,0.0,0.9998577148694833,False
1.7975,1,127,128,1.2599141055011636,1.2599141055011633,-2.220446049250313e-16,0.03436415739718222,0.01718207869859111,0.09004823108333135,0.08065366465786844,0.0068220692584789275,0.01718207869859111,0.005067813166338046,0.0,0.0,0.0,0.9985311512485407,0.0,0.0,0.9998647706388434,False
1.8295000000000001,1,128,129,1.2692793503246171,1.2692793503246167,-4.440892098500626e-16,0.01835273430152274,0.01835273430152274,0.09001890948132153,0.08498628766587549,0.005032621815446044,0.01835273430152274,0.005032621815446044,0.0,0.0,0.0,0.9987357595762785,0.0,0.0,0.9998845416029198,False
1.8467500000000001,1,129,130,1.274358343460401,1.2743583434604013,2.220446049250313e-16,0.018987608443495792,0.018987608443495792,0.0900652808016599,0.0843977848442408,0.005350058886432569,0.018987608443495792,0.005032621815446044,0.0,0.0,0.0,0.9982102960492156,0.0,0.0,0.999836753250093,False
1.86575,1,130,131,1.2799744123171906,1.2799744123171906,0.0,0.019689617050594466,0.019689617050594466,0.09001385370103011,0.08396178620749889,0.006052067493531229,0.019689617050594466,0.005032621815446044,0.0,0.0,0.0,0.9983175186903052,0.0,0.0,0.9998456454290492,False
1.88625,1,131,132,1.286056548420821,1.286056548420821,0.0,0.020449884063548286,0.020449884063548286,0.09004392231112951,0.08323158780464446,0.005347950854430457,0.020449884063548286,0.005032621815446044,0.0,0.0,0.0,0.9984998323560601,0.0,0.0,0.9998630822698702,False
1.909,1,132,133,1.2928297814865624,1.2928297814865624,0.0,0.02129653819676595,0.02129653819676595,0.0900048208703858,0.08381021588273768,0.005771277921039289,0.02129653819676595,0.005032621815446044,0.0,0.0,0.0,0.9983447595149925,0.0,0.0,0.9998489335087677,False
1.92975,1,133,134,1.2990252747333406,1.2990252747333404,-2.220446049250313e-16,0.02207097485261321,0.02207097485261321,0.09000570912951567,0.08303666748602029,0.0058554827062505125,0.02207097485261321,0.005032621815446044,0.0,0.0,0.0,0.9984297177832717,0.0,0.0,0.9998566173612212,False
1.95325,1,134,135,1.3060574531313054,1.3060574531313054,0.0,0.022949997152358837,0.022949997152358837,0.09006884588398532,0.08264410900735315,0.006294993856123325,0.022949997152358837,0.005032621815446044,0.0,0.0,0.0,0.998470660640302,0.0,0.0,0.9998602688953033,False
1.978,1,135,136,1.3134757674619655,1.3134757674619653,-2.220446049250313e-16,0.02387728644369133,0.02387728644369133,0.09006242333801297,0.08171039717004833,0.007016238959197039,0.02387728644369133,0.005032621815446044,0.0,0.0,0.0,0.9985721315685668,0.0,0.0,0.999869341726063,False
2.00575,1,136,137,1.321800000000001,1.321800000000001,0.0,0.024917815510945785,0.024917815510945785,0.09003462970808386,0.08133230634350079,0.007536503492824258,0.024917815510945785,0.005032621815446044,0.0,0.0,0.0,0.9987195240133673,0.0,0.0,0.9998824515384465,False
2.03475,1,137,138,1.3305000000000011,1.3305000000000011,0.0,0.026005315510945887,0.013002657755472944,0.09003230634350115,0.08024248297891803,0.00862400349282428,0.013002657755472944,0.005032621815446044,0.0,0.0,0.0,0.9988037203122294,0.0,0.0,0.9998895099188747,False
2.0675,1,138,139,1.3403250000000018,1.3403250000000015,-2.220446049250313e-16,0.014230782755472994,0.014230782755472994,0.09006748297891845,0.08477826437156329,0.005289218607355165,0.014230782755472994,0.005032621815446044,0.0,0.0,0.0,0.9989527483505029,0.0,0.0,0.9999042524571944,False
2.085,1,139,140,1.3455750000000017,1.3455750000000017,0.0,0.014887032755473007,0.014887032755473007,0.09002826437156333,0.0840827957642082,0.005617343607355172,0.014887032755473007,0.005032621815446044,0.0,0.0,0.0,0.9982649950133462,0.0,0.0,0.9998417292049897,False
2.10475,1,140,141,1.351500000000002,1.351500000000002,0.0,0.01562765775547304,0.01562765775547304,0.09000779576420839,0.08364982715685323,0.005884634013225808,0.01562765775547304,0.005032621815446044,0.0,0.0,0.0,0.9983775327459338,0.0,0.0,0.9998519481490734,False
2.126,1,141,142,1.3578750000000022,1.3578750000000022,0.0,0.016424532755473127,0.016424532755473127,0.09002482715685348,0.08286998354949834,0.006283071513225828,0.016424532755473127,0.005032621815446044,0.0,0.0,0.0,0.9984560712541575,0.0,0.0,0.9998590524433257,False
2.15,1,142,143,1.3650750000000023,1.3650750000000023,0.0,0.017324532755473215,0.017324532755473215,0.0900699835494985,0.08248847453627273,0.006472939246412226,0.017324532755473215,0.005032621815446044,0.0,0.0,0.0,0.9985638431665348,0.0,0.0,0.9998688088459964,False
2.17525,1,143,144,1.3726500000000026,1.3726500000000024,-2.220446049250313e-16,0.0182714077554733,0.0182714077554733,0.09006347453627285,0.08153509052304705,0.006946376746412241,0.0182714077554733,0.005032621815446044,0.0,0.0,0.0,0.9986096524938219,0.0,0.0,0.9998728586406938,False
2.2035,1,144,145,1.3811250000000028,1.3811250000000026,-2.220446049250313e-16,0.019330782755473397,0.019330782755473397,0.09001009052304731,0.08082076900982149,0.008005751746412224,0.019330782755473397,0.005032621815446044,0.0,0.0,0.0,0.9987113823386585,0.0,0.0,0.9998812845086033,False
2.23425,1,145,146,1.3903500000000033,1.3903500000000033,0.0,0.02048390775547352,0.02048390775547352,0.090045769009822,0.08487454575320906,0.005171223256612944,0.02048390775547352,0.005032621815446044,0.0,0.0,0.0,0.9988735622224921,0.0,0.0,0.9998971060030662,False
2.2515,1,146,147,1.3955250000000032,1.3955250000000032,0.0,0.021130782755473573,0.021130782755473573,0.09004954575320918,0.08423144749659627,0.00513959462320614,0.021130782755473573,0.005032621815446044,0.0,0.0,0.0,0.9982270410222774,0.0,0.0,0.9998383324471133,False
2.27075,1,147,148,1.4013000000000035,1.4013000000000035,0.0,0.021852657755473643,0.021852657755473643,0.09000644749659645,0.08414497787339031,0.005500532123206154,0.021852657755473643,0.005032621815446044,0.0,0.0,0.0,0.9982401508524046,0.0,0.0,0.9998395075129777,False
2.2905,1,148,149,1.4072250000000035,1.4072250000000035,0.0,0.02259328275547372,0.02259328275547372,0.0900699778733905,0.0834678832501844,0.0056341258732061795,0.02259328275547372,0.005032621815446044,0.0,0.0,0.0,0.9983471759795067,0.0,0.0,0.9998492204333382,False
2.3125,1,149,150,1.4138250000000037,1.4138250000000037,0.0,0.023418282755473793,0.023418282755473793,0.09006788325018443,0.08300172612697831,0.006046625873206192,0.023418282755473793,0.005032621815446044,0.0,0.0,0.0,0.9984029318377365,0.0,0.0,0.9998542534407853,False
2.336,1,150,151,1.4208750000000039,1.4208750000000039,0.0,0.02429953275547389,0.02429953275547389,0.09005172612697845,0.08210431900377234,0.006927875873206182,0.02429953275547389,0.005032621815446044,0.0,0.0,0.0,0.9985109593330567,0.0,0.0,0.9998639316923852,False
2.3625000000000003,1,151,152,1.4288250000000038,1.428825000000004,2.220446049250313e-16,0.025293282755473986,0.025293282755473986,0.09005431900377248,0.08172019313056632,0.00781394568886847,0.025293282755473986,0.005032621815446044,0.0,0.0,0.0,0.9986976954097555,0.0,0.0,0.9998806746653853,False
2.39025,1,152,153,1.4371500000000044,1.4371500000000041,-2.220446049250313e-16,0.026333907755474076,0.013166953877737038,0.09004519313056664,0.08067044225736045,0.008854570688868501,0.013166953877737038,0.005032621815446044,0.0,0.0,0.0,0.9988348698825659,0.0,0.0,0.9998924663980263,False
2.4215,1,153,154,1.4465250000000045,1.4465250000000047,2.220446049250313e-16,0.014338828877737084,0.014338828877737084,0.09004544225736082,0.08497837932075769,0.00506706293660312,0.014338828877737084,0.005032621815446044,0.0,0.0,0.0,0.9989709339422601,0.0,0.0,0.9999059361470972,False
2.43825,1,154,155,1.4515500000000048,1.4515500000000048,0.0,0.01496695387773711,0.01496695387773711,0.09000337932075787,0.08430819138415477,0.0053811254366031335,0.01496695387773711,0.005032621815446044,0.0,0.0,0.0,0.9981887552795625,0.0,0.0,0.9998348480039686,False
2.45725,1,155,156,1.457250000000005,1.457250000000005,0.0,0.015679453877737146,0.015679453877737146,0.09000819138415493,0.08391456594755181,0.005931972844434297,0.015679453877737146,0.005032621815446044,0.0,0.0,0.0,0.998307162080293,0.0,0.0,0.9998456090524371,False
2.47775,1,156,157,1.4634000000000054,1.4634000000000054,0.0,0.016448203877737228,0.016448203877737228,0.09006456594755205,0.08320219051094895,0.006316347844434316,0.016448203877737228,0.005032621815446044,0.0,0.0,0.0,0.9984604897626366,0.0,0.0,0.9998595233751476,False
2.5005,1,157,158,1.4702250000000052,1.4702250000000052,0.0,0.017301328877737304,0.017301328877737304,0.09002719051094904,0.08247334266651478,0.006494472844434335,0.017301328877737304,0.005032621815446044,0.0,0.0,0.0,0.9985611118403092,0.0,0.0,0.9998686268077265,False
2.52575,1,158,159,1.4778000000000056,1.4778000000000056,0.0,0.018248203877737405,0.018248203877737405,0.09004834266651504,0.08154761982208075,0.006967910344434358,0.018248203877737405,0.005032621815446044,0.0,0.0,0.0,0.9986136685092061,0.0,0.0,0.9998732865111879,False
2.5540000000000003,1,159,160,1.4862750000000058,1.4862750000000058,0.0,0.019307578877737503,0.019307578877737503,0.09002261982208101,0.08084689697764669,0.00802728534443434,0.019307578877737503,0.005032621815446044,0.0,0.0,0.0,0.9987148321775571,0.0,0.0,0.9998816338931993,False
2.58475,1,160,161,1.4955000000000063,1.495500000000006,-2.220446049250313e-16,0.02046070387773761,0.02046070387773761,0.09007189697764706,0.0849074730554299,0.005164423922217185,0.02046070387773761,0.005032621815446044,0.0,0.0,0.0,0.9988761979452987,0.0,0.0,0.9998973748321474,False
2.60175,1,161,162,1.5006000000000062,1.5006000000000062,0.0,0.021098203877737667,0.021098203877737667,0.09000747305543005,0.08420554913321288,0.0051456739222171975,0.021098203877737667,0.005032621815446044,0.0,0.0,0.0,0.998222093617431,0.0,0.0,0.9998379127137547,False
2.62125,1,162,163,1.5064500000000065,1.5064500000000065,0.0,0.02182945387773775,0.02182945387773775,0.09005554913321315,0.08417862521099596,0.005511298922217217,0.02182945387773775,0.005032621815446044,0.0,0.0,0.0,0.9982447720321345,0.0,0.0,0.9998399610317554,False
2.64075,1,163,164,1.5123000000000069,1.5123000000000066,-2.220446049250313e-16,0.022560703877737814,0.022560703877737814,0.09002862521099605,0.08342045128877888,0.005640205172217232,0.022560703877737814,0.005032621815446044,0.0,0.0,0.0,0.998347538150832,0.0,0.0,0.9998492830205341,False
2.66275,1,164,165,1.5189000000000068,1.5189000000000068,0.0,0.023385703877737904,0.023385703877737904,0.09002045128877906,0.08295290236656187,0.006052705172217253,0.023385703877737904,0.005032621815446044,0.0,0.0,0.0,0.9984044263627736,0.0,0.0,0.9998544172765371,False
2.6862500000000002,1,165,166,1.525950000000007,1.525950000000007,0.0,0.024266953877737984,0.024266953877737984,0.09000290236656189,0.08205410344434472,0.006933955172217226,0.024266953877737984,0.005032621815446044,0.0,0.0,0.0,0.9985122560610272,0.0,0.0,0.9998640758038521,False
2.71275,1,166,167,1.5339000000000071,1.5339000000000071,0.0,0.02526070387773808,0.02526070387773808,0.09000410344434484,0.08166389827212764,0.007803457219434492,0.02526070387773808,0.005032621815446044,0.0,0.0,0.0,0.9986986841782145,0.0,0.0,0.9998807512929793,False
2.7407500000000002,1,167,168,1.542300000000007,1.542300000000007,0.0,0.026310703877738182,0.013155351938869091,0.09006389827212805,0.08067369309991079,0.008853457219434533,0.013155351938869091,0.005032621815446044,0.0,0.0,0.0,0.9988347109863691,0.0,0.0,0.9998923837440502,False
2.7720000000000002,1,168,169,1.5516750000000075,1.551675000000008,4.440892098500626e-16,0.014327226938869137,0.014327226938869137,0.09004869309991116,0.0849739030138025,0.005074790086108648,0.014327226938869137,0.005032621815446044,0.0,0.0,0.0,0.9989707894786648,0.0,0.0,0.999905910567313,False
2.789,1,169,170,1.556775000000008,1.556775000000008,0.0,0.014964726938869159,0.014964726938869159,0.09007390301380265,0.08436161292769402,0.005393540086108659,0.014964726938869159,0.005032621815446044,0.0,0.0,0.0,0.9981941496286961,0.0,0.0,0.9998353327864982,False
2.8080000000000003,1,170,171,1.562475000000008,1.562475000000008,0.0,0.015677226938869193,0.015677226938869193,0.09006161292769418,0.08395557284158554,0.005936103609717311,0.015677226938869193,0.005032621815446044,0.0,0.0,0.0,0.9983105814140796,0.0,0.0,0.9998459200516052,False
2.82825,1,171,172,1.5685500000000083,1.5685500000000083,0.0,0.016436601938869262,0.016436601938869262,0.0900305728415857,0.08316515775547706,0.006315791109717324,0.016436601938869262,0.005032621815446044,0.0,0.0,0.0,0.9984592654954457,0.0,0.0,0.999859412036776,False
2.85125,1,172,173,1.5754500000000085,1.5754500000000082,-2.220446049250313e-16,0.01729910193886935,0.01729910193886935,0.09006515775547727,0.08250717914575999,0.006498603609717349,0.01729910193886935,0.005032621815446044,0.0,0.0,0.0,0.9985628614036813,0.0,0.0,0.9998687789974131,False
2.87625,1,173,174,1.5829500000000085,1.5829500000000085,0.0,0.01823660193886944,0.01823660193886944,0.09000717914576015,0.08151170053604286,0.006967353609717366,0.01823660193886944,0.005032621815446044,0.0,0.0,0.0,0.9986126709338153,0.0,0.0,0.9998731712639449,False
2.90475,1,174,175,1.5915000000000088,1.5915000000000088,0.0,0.01930535193886955,0.01930535193886955,0.09006170053604322,0.08087715942632587,0.008036103609717361,0.01930535193886955,0.005032621815446044,0.0,0.0,0.0,0.9987162213116133,0.0,0.0,0.9998816785177611,False
2.93525,1,175,176,1.6006500000000095,1.6006500000000095,0.0,0.02044910193886966,0.02044910193886966,0.09002715942632629,0.0848630138714676,0.005164145554858697,0.02044910193886966,0.005032621815446044,0.0,0.0,0.0,0.998876109403211,0.0,0.0,0.9998973566904693,False
2.9525,1,176,177,1.6058250000000094,1.6058250000000094,0.0,0.021095976938869714,0.021095976938869714,0.09003801387146772,0.08422699331660904,0.005147739304858704,0.021095976938869714,0.005032621815446044,0.0,0.0,0.0,0.9982248571227291,0.0,0.0,0.9998381545058267,False
2.97175,1,177,178,1.6116000000000095,1.6116000000000097,2.220446049250313e-16,0.021817851938869783,0.021817851938869783,0.09000199331660921,0.08413237901175052,0.005508676804858718,0.021817851938869783,0.005032621815446044,0.0,0.0,0.0,0.9982425677726643,0.0,0.0,0.9998397493618991,False
2.9915000000000003,1,178,179,1.6175250000000099,1.6175250000000099,0.0,0.02255847693886986,0.02255847693886986,0.09005737901175072,0.08344713970689205,0.0056446143048587425,0.02255847693886986,0.005032621815446044,0.0,0.0,0.0,0.9983493028128999,0.0,0.0,0.9998494273010409,False
3.0135,1,179,180,1.6241250000000098,1.6241250000000096,-2.220446049250313e-16,0.023383476938869933,0.023383476938869933,0.09004713970689207,0.0829728379020334,0.006057114304858755,0.023383476938869933,0.005032621815446044,0.0,0.0,0.0,0.9984054915572655,0.0,0.0,0.9998544907987231,False
3.037,1,180,181,1.63117500000001,1.63117500000001,0.0,0.02426472693887003,0.02426472693887003,0.09002283790203355,0.08206728609717487,0.006938364304858745,0.02426472693887003,0.005032621815446044,0.0,0.0,0.0,0.9985131774299717,0.0,0.0,0.9998641187697576,False
3.0635,1,181,182,1.6391250000000102,1.6391250000000102,0.0,0.025258476938870126,0.025258476938870126,0.09001728609717499,0.08167267179231627,0.007802900484717504,0.025258476938870126,0.005032621815446044,0.0,0.0,0.0,0.9986993852744471,0.0,0.0,0.9998807583477871,False
3.0915,1,182,183,1.6475250000000106,1.6475250000000106,0.0,0.02630847693887023,0.013154238469435114,0.09007267179231668,0.08067805748745793,0.008852900484717544,0.013154238469435114,0.005032621815446044,0.0,0.0,0.0,0.9988346141924686,0.0,0.0,0.9998922915362258,False
3.12275,1,183,184,1.656900000000011,1.6569000000000107,-2.220446049250313e-16,0.01432611346943516,0.01432611346943516,0.09005305748745829,0.08497606283502888,0.005076994652429408,0.01432611346943516,0.005032621815446044,0.0,0.0,0.0,0.9989707076642556,0.0,0.0,0.9999058819001065,False
3.1395,1,184,185,1.6619250000000112,1.661925000000011,-2.220446049250313e-16,0.014954238469435187,0.014954238469435187,0.09000106283502905,0.08429594318259967,0.005391057152429421,0.014954238469435187,0.005032621815446044,0.0,0.0,0.0,0.9981918538895412,0.0,0.0,0.9998351002822834,False
3.15875,1,185,186,1.667700000000011,1.667700000000011,0.0,0.01567611346943522,0.01567611346943522,0.0900709431825998,0.08395801103017039,0.005935825242358817,0.01567611346943522,0.005032621815446044,0.0,0.0,0.0,0.9983124626242237,0.0,0.0,0.9998460678767247,False
3.1790000000000003,1,186,187,1.6737750000000113,1.6737750000000113,0.0,0.016435488469435287,0.016435488469435287,0.09003301103017054,0.08316070387774116,0.0063155127423588295,0.016435488469435287,0.005032621815446044,0.0,0.0,0.0,0.9984591774609752,0.0,0.0,0.9998593745486059,False
3.202,1,187,188,1.6806750000000115,1.6806750000000117,2.220446049250313e-16,0.017297988469435376,0.017297988469435376,0.09006070387774134,0.08250300363538257,0.0064983252423588544,0.017297988469435376,0.005032621815446044,0.0,0.0,0.0,0.998562782161791,0.0,0.0,0.9998687360200801,False
3.227,1,188,189,1.6881750000000117,1.6881750000000117,0.0,0.018235488469435464,0.018235488469435464,0.09000300363538274,0.08150780339302394,0.006967075242358871,0.018235488469435464,0.005032621815446044,0.0,0.0,0.0,0.9986125953865604,0.0,0.0,0.9998731183969155,False
3.2555,1,189,190,1.6967250000000118,1.6967250000000118,0.0,0.019304238469435558,0.019304238469435558,0.09005780339302416,0.08087354065066532,0.00803582524235885,0.019304238469435558,0.005032621815446044,0.0,0.0,0.0,0.9987161558181783,0.0,0.0,0.9998816018445775,False
3.286,1,190,191,1.7058750000000122,1.7058750000000122,0.0,0.020447988469435668,0.020447988469435668,0.09002354065066574,0.08485953427948631,0.005164006371179442,0.020447988469435668,0.005032621815446044,0.0,0.0,0.0,0.9988760576940703,0.0,0.0,0.9998973342235147,False
3.3032500000000002,1,191,192,1.7110500000000126,1.7110500000000126,0.0,0.02109486346943574,0.02109486346943574,0.09003453427948657,0.08422365290830713,0.0051476001211794575,0.02109486346943574,0.005032621815446044,0.0,0.0,0.0,0.9982247994245662,0.0,0.0,0.9998381318682491,False
3.32275,1,192,193,1.7169000000000125,1.7169000000000127,2.220446049250313e-16,0.021826113469435804,0.021826113469435804,0.09007365290830727,0.08419480278712785,0.005513225121179469,0.021826113469435804,0.005032621815446044,0.0,0.0,0.0,0.998245312065088,0.0,0.0,0.9998399792869619,False
3.34225,1,193,194,1.7227500000000129,1.7227500000000129,0.0,0.022557363469435886,0.022557363469435886,0.09004480278712805,0.08343470266594863,0.005644475121179495,0.022557363469435886,0.005032621815446044,0.0,0.0,0.0,0.9983480093760457,0.0,0.0,0.9998492856242976,False
3.36425,1,194,195,1.7293500000000128,1.729350000000013,2.220446049250313e-16,0.02338236346943596,0.02338236346943596,0.09003470266594865,0.08296522754476923,0.006056975121179507,0.02338236346943596,0.005032621815446044,0.0,0.0,0.0,0.9984054374510255,0.0,0.0,0.9998544549712735,False
3.38775,1,195,196,1.736400000000013,1.736400000000013,0.0,0.02426361346943604,0.02426361346943604,0.09001522754476925,0.08206450242358983,0.006938225121179481,0.02426361346943604,0.005032621815446044,0.0,0.0,0.0,0.998513126428444,0.0,0.0,0.9998640719376938,False
3.41425,1,196,197,1.744350000000013,1.7443500000000132,2.220446049250313e-16,0.025257363469436134,0.025257363469436134,0.09001450242358996,0.08167002730241052,0.007802622117359006,0.025257363469436134,0.005032621815446044,0.0,0.0,0.0,0.9986993409760928,0.0,0.0,0.9998807130943366,False
3.44225,1,197,198,1.7527500000000134,1.7527500000000134,0.0,0.026307363469436237,0.013153681734718118,0.0900700273024109,0.0806755521812314,0.008852622117359047,0.013153681734718118,0.005032621815446044,0.0,0.0,0.0,0.9988345554891863,0.0,0.0,0.9998922480411468,False
3.4735,1,198,199,1.7621250000000137,1.7621250000000137,0.0,0.014325556734718164,0.014325556734718164,0.09005055218123179,0.084973627120642,0.005076925060589776,0.014325556734718164,0.005032621815446044,0.0,0.0,0.0,0.9989706614451276,0.0,0.0,0.9999058584824002,False
3.4905,1,199,200,1.767225000000014,1.767225000000014,0.0,0.014963056734718202,0.014963056734718202,0.09007362712064226,0.0843592020600525,0.005395675060589794,0.014963056734718202,0.005032621815446044,0.0,0.0,0.0,0.9981947782219169,0.0,0.0,0.9998353433219329,False
3.5095,1,200,201,1.772925000000014,1.772925000000014,0.0,0.01567555673471822,0.01567555673471822,0.09005920206005254,0.08395102699946277,0.005935686058679568,0.01567555673471822,0.005032621815446044,0.0,0.0,0.0,0.9983111257299284,0.0,0.0,0.9998459181651408,False
3.52975,1,201,202,1.7790000000000143,1.7790000000000146,2.220446049250313e-16,0.016434931734718307,0.016434931734718307,0.09002602699946305,0.0831584769388733,0.006315373558679589,0.016434931734718307,0.005032621815446044,0.0,0.0,0.0,0.9984591272486016,0.0,0.0,0.9998593428212309,False
3.55275,1,202,203,1.7859000000000145,1.7859000000000145,0.0,0.01729743173471838,0.01729743173471838,0.09005847693887335,0.08250091588019381,0.006498186058679606,0.01729743173471838,0.005032621815446044,0.0,0.0,0.0,0.9985627334170473,0.0,0.0,0.9998686996171554,False
3.57775,1,203,204,1.7934000000000148,1.7934000000000148,0.0,0.018234931734718483,0.018234931734718483,0.09000091588019413,0.08150585482151455,0.0069669360586796306,0.018234931734718483,0.005032621815446044,0.0,0.0,0.0,0.9986125502888388,0.0,0.0,0.9998730829317722,False
3.60625,1,204,205,1.8019500000000148,1.8019500000000148,0.0,0.019303681734718577,0.019303681734718577,0.09005585482151479,0.08087173126283519,0.00803568605867961,0.019303681734718577,0.005032621815446044,0.0,0.0,0.0,0.9987161137476291,0.0,0.0,0.9998815696817049,False
3.63675,1,205,206,1.8111000000000155,1.8111000000000155,0.0,0.020447431734718687,0.020447431734718687,0.09002173126283561,0.08485779448349579,0.005163936779339822,0.020447431734718687,0.005032621815446044,0.0,0.0,0.0,0.998876025049199,0.0,0.0,0.999897312511057,False
3.654,1,206,207,1.8162750000000158,1.8162750000000158,0.0,0.021094306734718758,0.021094306734718758,0.09003279448349605,0.08422198270415623,0.005147530529339841,0.021094306734718758,0.005032621815446044,0.0,0.0,0.0,0.9982247661120613,0.0,0.0,0.9998381123168065,False
3.6735,1,207,208,1.8221250000000158,1.8221250000000158,0.0,0.021825556734718823,0.021825556734718823,0.09007198270415637,0.08419320217481654,0.005513155529339853,0.021825556734718823,0.005032621815446044,0.0,0.0,0.0,0.99824527414334,0.0,0.0,0.9998399525880108,False
3.693,1,208,209,1.827975000000016,1.8279750000000161,2.220446049250313e-16,0.02255680673471889,0.02255680673471889,0.09004320217481664,0.08343317164547684,0.005644405529339867,0.02255680673471889,0.005032621815446044,0.0,0.0,0.0,0.9983479728682229,0.0,0.0,0.9998492578563125,False
3.715,1,209,210,1.8345750000000163,1.8345750000000165,2.220446049250313e-16,0.023381806734718978,0.023381806734718978,0.090033171645477,0.08296376611613718,0.0060569055293398875,0.023381806734718978,0.005032621815446044,0.0,0.0,0.0,0.9984054087738757,0.0,0.0,0.9998544343300136,False
3.7385,1,210,211,1.8416250000000165,1.8416250000000163,-2.220446049250313e-16,0.024263056734719058,0.024263056734719058,0.0900137661161372,0.08206311058679741,0.006938155529339861,0.024263056734719058,0.005032621815446044,0.0,0.0,0.0,0.9985130973765598,0.0,0.0,0.999864047044459,False
3.765,1,211,212,1.8495750000000164,1.8495750000000166,2.220446049250313e-16,0.025256806734719153,0.025256806734719153,0.09001311058679753,0.08166870505745769,0.007802482933679761,0.025256806734719153,0.005032621815446044,0.0,0.0,0.0,0.9986993168835125,0.0,0.0,0.9998806996494868,False
3.793,1,212,213,1.857975000000017,1.8579750000000168,-2.220446049250313e-16,0.026306806734719256,0.013153403367359628,0.09006870505745809,0.0806742995281182,0.008852482933679802,0.013153403367359628,0.005032621815446044,0.0,0.0,0.0,0.9988345255731429,0.0,0.0,0.9998922464473018,False
3.82425,1,213,214,1.8673500000000172,1.8673500000000172,0.0,0.014325278367359674,0.014325278367359674,0.09004929952811858,0.08497240926344861,0.005076890264669965,0.014325278367359674,0.005032621815446044,0.0,0.0,0.0,0.9989706348870028,0.0,0.0,0.9999058415927994,False
3.84125,1,214,215,1.8724500000000175,1.8724500000000175,0.0,0.014962778367359696,0.014962778367359696,0.09007240926344875,0.0843580189987788,0.005395640264669976,0.014962778367359696,0.005032621815446044,0.0,0.0,0.0,0.9981947523246413,0.0,0.0,0.9998353234708798,False
3.86025,1,215,216,1.8781500000000175,1.8781500000000175,0.0,0.01567527836735973,0.01567527836735973,0.09005801899877897,0.083949878734109,0.005935616466839945,0.01567527836735973,0.005032621815446044,0.0,0.0,0.0,0.998311100472894,0.0,0.0,0.9998458949657157,False
3.8805,1,216,217,1.8842250000000176,1.8842250000000176,0.0,0.0164346533673598,0.0164346533673598,0.09002487873410916,0.08315736346943922,0.0063153039668399575,0.0164346533673598,0.005032621815446044,0.0,0.0,0.0,0.9984590904011487,0.0,0.0,0.9998593161964613,False
3.9035,1,217,218,1.8911250000000177,1.891125000000018,2.220446049250313e-16,0.017297153367359888,0.017297153367359888,0.0900573634694394,0.0824998720025995,0.006498116466839983,0.017297153367359888,0.005032621815446044,0.0,0.0,0.0,0.9985627081455881,0.0,0.0,0.9998686829788929,False
3.92875,1,218,219,1.898700000000018,1.898700000000018,0.0,0.01824402836735999,0.01824402836735999,0.09007487200259975,0.08157050553575981,0.006971553966840006,0.01824402836735999,0.005032621815446044,0.0,0.0,0.0,0.9986142684785609,0.0,0.0,0.9998732257956638,False
3.9570000000000003,1,219,220,1.9071750000000183,1.9071750000000183,0.0,0.019303403367360087,0.019303403367360087,0.09004550553576009,0.0808614515689201,0.00803092896683999,0.019303403367360087,0.005032621815446044,0.0,0.0,0.0,0.9987153426811294,0.0,0.0,0.9998815032229397,False
3.9875000000000003,1,220,221,1.9163250000000187,1.916325000000019,2.220446049250313e-16,0.020447153367360197,0.020447153367360197,0.09001145156892051,0.0848475495855005,0.005163901983420014,0.020447153367360197,0.005032621815446044,0.0,0.0,0.0,0.9988754304685793,0.0,0.0,0.9998972450655224,False
4.0047500000000005,1,221,222,1.9215000000000186,1.9215000000000186,0.0,0.02109402836736025,0.02109402836736025,0.09002254958550057,0.08421177260208057,0.005147495733420016,0.02109402836736025,0.005032621815446044,0.0,0.0,0.0,0.9982247449023336,0.0,0.0,0.999838099056647,False
4.02425,1,222,223,1.9273500000000188,1.9273500000000188,0.0,0.021825278367360316,0.021825278367360316,0.09006177260208048,0.0841830268686605,0.005513120733420004,0.021825278367360316,0.005032621815446044,0.0,0.0,0.0,0.9982452614967504,0.0,0.0,0.9998399451075544,False
4.04375,1,223,224,1.933200000000019,1.933200000000019,0.0,0.022556528367360416,0.022556528367360416,0.09003302686866066,0.08342303113524065,0.005642026983420013,0.022556528367360416,0.005032621815446044,0.0,0.0,0.0,0.9983479618447881,0.0,0.0,0.9998492516311291,False
4.06575,1,224,225,1.9398000000000186,1.9398000000000186,0.0,0.02338152836736047,0.02338152836736047,0.0900230311352404,0.08295366040182042,0.006054526983419991,0.02338152836736047,0.005032621815446044,0.0,0.0,0.0,0.9984048053448898,0.0,0.0,0.9998543655650953,False
4.08925,1,225,226,1.9468500000000184,1.9468500000000184,0.0,0.024262778367360568,0.024262778367360568,0.09000366040182045,0.0820530396684005,0.00693577698341998,0.024262778367360568,0.005032621815446044,0.0,0.0,0.0,0.9985125811668724,0.0,0.0,0.9998639998114884,False
4.11575,1,226,227,1.9548000000000183,1.9548000000000183,0.0,0.025256528367360646,0.025256528367360646,0.09000303966840029,0.08166101268498036,0.0078024133418399914,0.025256528367360646,0.005032621815446044,0.0,0.0,0.0,0.9986989126136141,0.0,0.0,0.9998806599722769,False
4.14375,1,227,228,1.9632000000000183,1.9632000000000183,0.0,0.026306528367360766,0.013153264183680383,0.09006101268498043,0.08066898570156052,0.008852413341839983,0.013153264183680383,0.005032621815446044,0.0,0.0,0.0,0.9988345073812251,0.0,0.0,0.9998922567506524,False
4.175,1,228,229,1.9725750000000182,1.9725750000000182,0.0,0.014325139183680355,0.014325139183680355,0.09004398570156029,0.08496828470985034,0.005075700991709951,0.014325139183680355,0.005032621815446044,0.0,0.0,0.0,0.998970618196215,0.0,0.0,0.9999058303521593,False
4.192,1,229,230,1.977675000000018,1.977675000000018,0.0,0.014962639183680352,0.014962639183680352,0.09006828470985033,0.08435508371814038,0.00539445099170995,0.014962639183680352,0.005032621815446044,0.0,0.0,0.0,0.9981943609412125,0.0,0.0,0.9998352735999269,False
4.211,1,230,231,1.9833750000000179,1.9833750000000179,0.0,0.01567513918368031,0.01567513918368031,0.09005508371814003,0.08394813272643012,0.005935581670919943,0.01567513918368031,0.005032621815446044,0.0,0.0,0.0,0.9983107675055286,0.0,0.0,0.9998458606923496,False
4.23125,1,231,232,1.989450000000018,1.989450000000018,0.0,0.016434514183680415,0.016434514183680415,0.0900231327264304,0.08315680673472046,0.006315269170919948,0.016434514183680415,0.005032621815446044,0.0,0.0,0.0,0.9984590719030477,0.0,0.0,0.9998593045688673,False
4.25425,1,232,233,1.9963500000000178,1.9963500000000178,0.0,0.017297014183680487,0.017297014183680487,0.09005680673472041,0.08249935006380049,0.006498081670919942,0.017297014183680487,0.005032621815446044,0.0,0.0,0.0,0.9985626920900614,0.0,0.0,0.9998686791136223,False
4.2795000000000005,1,233,234,2.003925000000018,2.003925000000018,0.0,0.01824388918368057,0.01824388918368057,0.09007435006380048,0.08157001839288058,0.0069715191709199265,0.01824388918368057,0.005032621815446044,0.0,0.0,0.0,0.9986142561814001,0.0,0.0,0.9998732256929526,False
4.30775,1,234,235,2.012400000000018,2.012400000000018,0.0,0.01930326418368067,0.01930326418368067,0.0900450183928806,0.08086099922196074,0.008030894170919897,0.01930326418368067,0.005032621815446044,0.0,0.0,0.0,0.9987153302029642,0.0,0.0,0.9998815150752773,False
4.33825,1,235,236,2.021550000000018,2.0215500000000177,-4.440892098500626e-16,0.02044701418368078,0.02044701418368078,0.09001099922196065,0.08484711463650074,0.005163884585459913,0.02044701418368078,0.005032621815446044,0.0,0.0,0.0,0.9988754251922498,0.0,0.0,0.999897242985312,False
4.3555,1,236,237,2.0267250000000177,2.026725000000018,4.440892098500626e-16,0.021093889183680867,0.021093889183680867,0.09002211463650088,0.08421135505104096,0.00514747833545993,0.021093889183680867,0.005032621815446044,0.0,0.0,0.0,0.9982247335145786,0.0,0.0,0.999838093570427,False
4.375,1,237,238,2.032575000000018,2.032575000000018,0.0,0.021825139183680932,0.021825139183680932,0.09006135505104088,0.08418262671558097,0.005513103335459919,0.021825139183680932,0.005032621815446044,0.0,0.0,0.0,0.9982452626414607,0.0,0.0,0.9998399548136087,False
4.3945,1,238,239,2.038425000000018,2.038425000000018,0.0,0.022556389183680997,0.022556389183680997,0.09003262671558086,0.08342264838012098,0.005642009585459915,0.022556389183680997,0.005032621815446044,0.0,0.0,0.0,0.9983479665452617,0.0,0.0,0.9998492656210644,False
4.4165,1,239,240,2.0450250000000176,2.0450250000000176,0.0,0.023381389183681087,0.023381389183681087,0.09002264838012099,0.08295329504466112,0.006054509585459909,0.023381389183681087,0.005032621815446044,0.0,0.0,0.0,0.9984047976368061,0.0,0.0,0.999854364494009,False
4.44,1,240,241,2.0520750000000176,2.0520750000000176,0.0,0.02426263918368115,0.02426263918368115,0.09000329504466087,0.08205269170920103,0.006935759585459866,0.02426263918368115,0.005032621815446044,0.0,0.0,0.0,0.9985125696260622,0.0,0.0,0.9998640029957024,False
4.4665,1,241,242,2.0600250000000178,2.0600250000000178,0.0,0.025256389183681262,0.025256389183681262,0.09000269170920108,0.08166068212374122,0.007802378545920102,0.025256389183681262,0.005032621815446044,0.0,0.0,0.0,0.9986989159712698,0.0,0.0,0.9998806744608412,False
4.4945,1,242,243,2.0684250000000173,2.0684250000000177,4.440892098500626e-16,0.026306389183681347,0.013153194591840674,0.09006068212374102,0.08066867253828121,0.00885237854592006,0.013153194591840674,0.005032621815446044,0.0,0.0,0.0,0.9988344991550949,0.0,0.0,0.9998922631951787,False
4.52575,1,243,244,2.077800000000017,2.077800000000017,0.0,0.014325069591840645,0.014325069591840645,0.09004367253828098,0.08496798024555109,0.005075692292729894,0.014325069591840645,0.005032621815446044,0.0,0.0,0.0,0.9989706111880313,0.0,0.0,0.999905827783956,False
4.54275,1,244,245,2.0829000000000173,2.0829000000000173,0.0,0.014962569591840643,0.014962569591840643,0.09006798024555107,0.08435478795282117,0.005394442292729893,0.014962569591840643,0.005032621815446044,0.0,0.0,0.0,0.9981943485866328,0.0,0.0,0.9998352658574815,False
4.56175,1,245,246,2.0886000000000173,2.0886000000000173,0.0,0.015675069591840635,0.015675069591840635,0.09005478795282108,0.0839478456600912,0.005935564272960006,0.015675069591840635,0.005032621815446044,0.0,0.0,0.0,0.9983107609519152,0.0,0.0,0.9998458624775158,False
4.582,1,246,247,2.0946750000000174,2.0946750000000174,0.0,0.016434444591840704,0.016434444591840704,0.09002284566009121,0.08315652836736134,0.006315251772959995,0.016434444591840704,0.005032621815446044,0.0,0.0,0.0,0.9984590738067747,0.0,0.0,0.9998593143780262,False
4.605,1,247,248,2.101575000000017,2.101575000000017,0.0,0.017296944591840776,0.017296944591840776,0.0900565283673613,0.08249908909440135,0.006498064272959981,0.017296944591840776,0.005032621815446044,0.0,0.0,0.0,0.9985626767159038,0.0,0.0,0.9998686744956726,False
4.63025,1,248,249,2.1091500000000174,2.1091500000000174,0.0,0.018243819591840894,0.018243819591840894,0.0900740890944016,0.08156977482144165,0.006971501772959981,0.018243819591840894,0.005032621815446044,0.0,0.0,0.0,0.9986142559107813,0.0,0.0,0.9998732369538796,False
4.6585,1,249,250,2.117625000000017,2.117625000000017,0.0,0.019303194591840992,0.019303194591840992,0.09004477482144166,0.08086077304848173,0.008030876772959952,0.019303194591840992,0.005032621815446044,0.0,0.0,0.0,0.9987153199292894,0.0,0.0,0.9998815169731247,False
4.689,1,250,251,2.126775000000017,2.126775000000017,0.0,0.020446944591841102,0.020446944591841102,0.09001077304848164,0.0848468971620017,0.005163875886479953,0.020446944591841102,0.005032621815446044,0.0,0.0,0.0,0.9988754235418463,0.0,0.0,0.9998972460469479,False
4.70625,1,251,252,2.131950000000017,2.131950000000017,0.0,0.021093819591841156,0.021093819591841156,0.09002189716200157,0.08421114627552165,0.0051474696364799495,0.021093819591841156,0.005032621815446044,0.0,0.0,0.0,0.9982247254547092,0.0,0.0,0.9998380899050563,False
4.72575,1,252,253,2.1378000000000172,2.1378000000000172,0.0,0.02182506959184122,0.02182506959184122,0.09006114627552153,0.08418242663904162,0.005513094636479938,0.02182506959184122,0.005032621815446044,0.0,0.0,0.0,0.9982452501704584,0.0,0.0,0.9998399512559336,False
4.74525,1,253,254,2.143650000000017,2.143650000000017,0.0,0.022556319591841286,0.022556319591841286,0.09003242663904151,0.08342245700256162,0.005642000886479926,0.022556319591841286,0.005032621815446044,0.0,0.0,0.0,0.9983479533366998,0.0,0.0,0.9998492624918931,False
4.76725,1,254,255,2.150250000000017,2.150250000000017,0.0,0.023381319591841376,0.023381319591841376,0.09002245700256163,0.08295311236608173,0.006054500886479921,0.023381319591841376,0.005032621815446044,0.0,0.0,0.0,0.9984047993523998,0.0,0.0,0.9998543705884388,False
4.79075,1,255,256,2.157300000000017,2.157300000000017,0.0,0.024262569591841473,0.024262569591841473,0.09000311236608174,0.08205251772960184,0.00693575088647991,0.024262569591841473,0.005032621815446044,0.0,0.0,0.0,0.9985125540719711,0.0,0.0,0.99986399452328,False
4.8172500000000005,1,256,257,2.1652500000000168,2.1652500000000168,0.0,0.02525631959184155,0.02525631959184155,0.09000251772960163,0.08166051684312178,0.0078023611479601665,0.02525631959184155,0.005032621815446044,0.0,0.0,0.0,0.998698912236341,0.0,0.0,0.9998806770402118,False
4.84525,1,257,258,2.1736500000000167,2.1736500000000167,0.0,0.02630631959184167,0.013153159795920836,0.09006051684312183,0.08066851595664198,0.00885236114796016,0.013153159795920836,0.005032621815446044,0.0,0.0,0.0,0.9988344929747258,0.0,0.0,0.9998922575102224,False
4.8765,1,258,259,2.1830250000000166,2.1830250000000166,0.0,0.014325034795920807,0.014325034795920807,0.09004351595664176,0.08496782801340184,0.005075687943239916,0.014325034795920807,0.005032621815446044,0.0,0.0,0.0,0.9989705990835994,0.0,0.0,0.999905818806395,False
4.8935,1,259,260,2.1881250000000163,2.1881250000000163,0.0,0.014962534795920772,0.014962534795920772,0.09006782801340156,0.08435464007016168,0.005394437943239898,0.014962534795920772,0.005032621815446044,0.0,0.0,0.0,0.9981943331320241,0.0,0.0,0.9998352534422786,False
4.9125000000000005,1,260,261,2.193825000000016,2.1938250000000163,4.440892098500626e-16,0.015675034795920764,0.015675034795920764,0.09005464007016159,0.08394770212692171,0.0059355555739800305,0.015675034795920764,0.005032621815446044,0.0,0.0,0.0,0.9983107394825869,0.0,0.0,0.9998458475708945,False
4.93275,1,261,262,2.1999000000000164,2.1999000000000164,0.0,0.016434409795920833,0.016434409795920833,0.0900227021269217,0.08315638918368184,0.006315243073980019,0.016434409795920833,0.005032621815446044,0.0,0.0,0.0,0.998459067057159,0.0,0.0,0.9998593150159191,False
4.95575,1,262,263,2.2068000000000163,2.2068000000000163,0.0,0.01729690979592094,0.01729690979592094,0.09005638918368206,0.08249895860970205,0.00649805557398003,0.01729690979592094,0.005032621815446044,1.4471775727427393e-07,1.4471775727427393e-07,0.0,0.9985626579534467,3.3040153321590255e-08,-1.1167760395268368e-07,0.9998686591541408,False
4.981,1,263,264,2.2143750000000164,2.2143750000000164,0.0,0.018243784795921023,0.018243784795921023,0.09007395860970202,0.08156965303572206,0.0069714930739800144,0.018243784795921023,0.005032621815446044,0.0,0.0,0.0,0.9986142390244969,0.0,0.0,0.999873225864085,False
5.00925,1,264,265,2.222850000000016,2.222850000000016,0.0,0.01930315979592112,0.01930315979592112,0.09004465303572207,0.0808606599617421,0.008030868073979985,0.01930315979592112,0.005032621815446044,0.0,0.0,0.0,0.9987153067888638,0.0,0.0,0.9998815001839074,False
5.03975,1,265,266,2.232000000000016,2.232000000000016,0.0,0.02044690979592123,0.02044690979592123,0.09001065996174201,0.08484678842475205,0.005163871536989965,0.02044690979592123,0.005032621815446044,0.0,0.0,0.0,0.9988754055760234,0.0,0.0,0.9998972319806757,False
5.057,1,266,267,2.237175000000016,2.237175000000016,0.0,0.021093784795921285,0.021093784795921285,0.09002178842475193,0.08421104188776199,0.005147465286989957,0.021093784795921285,0.005032621815446044,0.0,0.0,0.0,0.9982247120446575,0.0,0.0,0.9998380785525652,False
5.0765,1,267,268,2.2430250000000163,2.2430250000000163,0.0,0.021825034795921384,0.021825034795921384,0.09006104188776216,0.0841823266007722,0.005513090286989962,0.021825034795921384,0.005032621815446044,0.0,0.0,0.0,0.9982452241274896,0.0,0.0,0.9998399297269134,False
5.096,1,268,269,2.248875000000016,2.248875000000016,0.0,0.02255628479592145,0.02255628479592145,0.0900323266007721,0.08342236131378215,0.005641996536989959,0.02255628479592145,0.005032621815446044,0.0,0.0,0.0,0.998347922389532,0.0,0.0,0.9998492365425646,False
5.118,1,269,270,2.2554750000000157,2.2554750000000157,0.0,0.023381284795921504,0.023381284795921504,0.0900223613137819,0.082953021026792,0.006054496536989937,0.023381284795921504,0.005032621815446044,7.540397616260662e-07,7.540397616260662e-07,0.0,0.998404800500023,5.71741156704062e-07,-1.822986049220042e-07,0.999854374127316,False
5.1415,1,270,271,2.262525000000016,2.262525000000016,0.0,0.0242625347959216,0.0242625347959216,0.09000302102679203,0.08205243073980215,0.006935746536989927,0.0242625347959216,0.005032621815446044,5.341788786871501e-07,5.341788786871501e-07,0.0,0.9985125447147187,3.966266461987453e-07,-1.3755223248840482e-07,0.9998639823956019,False
5.168,1,271,272,2.2704750000000162,2.2704750000000162,0.0,0.025256284795921714,0.025256284795921714,0.0900024307398022,0.0816604342028123,0.007802352448980215,0.025256284795921714,0.005032621815446044,0.0,0.0,0.0,0.9986988937029171,0.0,0.0,0.9998806573659542,False
5.196,1,272,273,2.2788750000000157,2.278875000000016,4.440892098500626e-16,0.0263062847959218,0.0131531423979609,0.0900604342028121,0.08066843766582224,0.008852352448980175,0.0131531423979609,0.005032621815446044,1.6703002410857937e-07,1.6703002410857937e-07,0.0,0.9988344860699349,3.3848888772973354e-07,1.7145886362115417e-07,0.999892242913045,False
5.22725,1,273,274,2.2882500000000157,2.2882500000000157,0.0,0.014325017397960872,0.014325017397960872,0.09004343766582201,0.0849677518973271,0.005075685768494925,0.014325017397960872,0.005032621815446044,3.8543100372686657e-07,3.8543100372686657e-07,0.0,0.9989705891050727,3.8848731135398607e-07,3.0563076271195033e-09,0.9999058103671853,False
5.24425,1,274,275,2.2933500000000158,2.2933500000000158,0.0,0.014962517397960869,0.014962517397960869,0.09006775189732708,0.08435456612883216,0.0053944357684949235,0.014962517397960869,0.005032621815446044,5.156672745039665e-07,5.156672745039665e-07,0.0,0.9981943200688179,4.836262133227755e-07,-3.204106118119099e-08,0.9998352413465783,False
5.26325,1,275,276,2.2990500000000154,2.2990500000000154,0.0,0.015675017397960865,0.015675017397960865,0.09005456612883207,0.08394763036033716,0.0059355512244900635,0.015675017397960865,0.005032621815446044,0.0,0.0,0.0,0.9983107135533483,0.0,0.0,0.9998458237465202,False
5.2835,1,276,277,2.3051250000000154,2.3051250000000154,0.0,0.016434392397960934,0.016434392397960934,0.09002263036033717,0.08315631959184228,0.006315238724490052,0.016434392397960934,0.005032621815446044,0.0,0.0,0.0,0.9984590487029196,0.0,0.0,0.9998593012287598,False
5.3065,1,277,278,2.3120250000000153,2.3120250000000153,0.0,0.017296892397961006,0.017296892397961006,0.09005631959184222,0.08249889336735221,0.006498051224490038,0.017296892397961006,0.005032621815446044,1.3123826141505442e-06,1.3123826141505442e-06,0.0,0.9985626474510424,1.1956495899389998e-06,-1.1673302421154439e-07,0.9998686455737621,False
5.33175,1,278,279,2.3196000000000154,2.3196000000000154,0.0,0.01824376739796109,0.01824376739796109,0.09007389336735219,0.08156959214286222,0.006971488724490022,0.01824376739796109,0.005032621815446044,0.0,0.0,0.0,0.9986142143155559,0.0,0.0,0.999873199476098,False
5.36,1,279,280,2.3280750000000157,2.3280750000000157,0.0,0.019303142397961187,0.019303142397961187,0.09004459214286223,0.08086060341837227,0.008030863724489993,0.019303142397961187,0.005032621815446044,1.096375421247303e-06,1.096375421247303e-06,0.0,0.9987153002645087,1.1695679445003775e-06,7.319252325307447e-08,0.999881482512543,False
5.3905,1,280,281,2.337225000000015,2.3372250000000157,4.440892098500626e-16,0.020446892397961297,0.020446892397961297,0.09001060341837218,0.08484673405612722,0.005163869362244965,0.020446892397961297,0.005032621815446044,4.6505089548203233e-07,4.6505089548203233e-07,0.0,0.998875386592748,3.662610259573757e-07,-9.878986952465666e-08,0.9998972136568832,False
5.40775,1,281,282,2.3424000000000156,2.3424000000000156,0.0,0.021093767397961385,0.021093767397961385,0.09002173405612737,0.08421098969388238,0.005147463112244979,0.021093767397961385,0.005032621815446044,9.259242776445825e-07,9.259242776445825e-07,0.0,0.9982247027986244,9.031556237375444e-07,-2.276865390703816e-08,0.9998380692590148,False
5.42725,1,282,283,2.3482500000000157,2.3482500000000157,0.0,0.02182501739796145,0.02182501739796145,0.09006098969388229,0.08418227658163734,0.005513088112244967,0.02182501739796145,0.005032621815446044,2.594313285499833e-07,2.594313285499833e-07,0.0,0.9982451987174944,1.715216525227279e-07,-8.790967602725539e-08,0.9998399038335102,False
5.44675,1,283,284,2.354100000000016,2.354100000000016,0.0,0.022556267397961516,0.022556267397961516,0.09003227658163725,0.08342231346939231,0.005641994362244963,0.022556267397961516,0.005032621815446044,1.093009726563926e-09,1.093009726563926e-09,0.0,0.9983478898310552,0.0,-1.093009726563926e-09,0.9998492024020996,False
5.46875,1,284,285,2.3607000000000156,2.3607000000000156,0.0,0.023381267397961605,0.023381267397961605,0.09002231346939231,0.08295297535714738,0.006054494362244958,0.023381267397961605,0.005032621815446044,1.890671680961065e-06,1.890671680961065e-06,0.0,0.9984047926431048,1.6129930109802038e-06,-2.776786699808611e-07,0.9998543681359524,False
5.49225,1,285,286,2.3677500000000156,2.3677500000000156,0.0,0.024262517397961668,0.024262517397961668,0.09000297535714714,0.08205238724490226,0.006935744362244914,0.024262517397961668,0.005032621815446044,1.5708066604533323e-06,1.5708066604533323e-06,0.0,0.9985125447136661,1.4390161701529963e-06,-1.3179049030033604e-07,0.9998639754915769,False
5.51875,1,286,287,2.3757000000000152,2.3757000000000152,0.0,0.02525626739796178,0.02525626739796178,0.09000238724490232,0.08166039288265742,0.007802348099490232,0.02525626739796178,0.005032621815446044,3.215054295661055e-07,3.215054295661055e-07,0.0,0.9986988666366852,3.7628494518627273e-07,5.477951562016725e-08,0.9998806247240674,False
5.54675,1,287,288,2.384100000000015,2.384100000000015,0.0,0.026306267397961866,0.013153133698980933,0.09006039288265721,0.08066839852041235,0.00885234809949019,0.013153133698980933,0.005032621815446044,1.162644546846695e-06,1.162644546846695e-06,0.0,0.998834470535417,1.2592700348506907e-06,9.662548800399564e-08,0.999892221582928,False
5.578,1,288,289,2.393475000000015,2.3934750000000147,-4.440892098500626e-16,0.014325008698980905,0.014325008698980905,0.09004339852041213,0.08496771383928971,0.0050756846811224185,0.014325008698980905,0.005032621815446044,1.4176057354374255e-06,1.4176057354374255e-06,0.0,0.9989705822621503,1.4172247223184753e-06,-3.8101311895018947e-10,0.9999058036471555,False
5.595,1,289,290,2.398575000000015,2.398575000000015,0.0,0.014962508698980902,0.014962508698980902,0.09006771383928969,0.08435452915816727,0.005394434681122417,0.014962508698980902,0.005032621815446044,1.5212794553551658e-06,1.5212794553551658e-06,0.0,0.9981943110938052,1.491569993307114e-06,-2.9709462048051888e-08,0.9998352315315792,False
5.614,1,290,291,2.404275000000015,2.404275000000015,0.0,0.015675008698980895,0.015675008698980895,0.09005452915816717,0.08394759447704478,0.005935549049745072,0.015675008698980895,0.005032621815446044,9.415103805721049e-07,9.415103805721049e-07,0.0,0.998310691116808,8.361188364143317e-07,-1.0539154415777313e-07,0.9998457989676379,False
5.63425,1,291,292,2.410350000000015,2.410350000000015,0.0,0.016434383698980964,0.016434383698980964,0.09002259447704478,0.0831562847959224,0.00631523654974506,0.016434383698980964,0.005032621815446044,4.931256676837619e-07,4.931256676837619e-07,0.0,0.9984590208060934,6.37258429205716e-07,1.4413276152195416e-07,0.9998592740891927,False
5.65725,1,292,293,2.4172500000000148,2.4172500000000148,0.0,0.017296883698981035,0.017296883698981035,0.09005628479592234,0.08249886074617732,0.006498049049745045,0.017296883698981035,0.005032621815446044,2.2542906911214653e-06,2.2542906911214653e-06,0.0,0.9985626457739679,2.1417867848972077e-06,-1.1250390622425765e-07,0.9998686390047589,False
5.6825,1,293,294,2.424825000000015,2.424825000000015,0.0,0.018243758698981153,0.018243758698981153,0.09007386074617757,0.08156956169643255,0.006971486549745046,0.018243758698981153,0.005032621815446044,8.6808643839223e-07,8.6808643839223e-07,0.0,0.9986141901499078,7.945488372557597e-07,-7.353760113647028e-08,0.9998731690857506,False
5.71075,1,294,295,2.433300000000015,2.433300000000015,0.0,0.01930313369898125,0.01930313369898125,0.09004456169643257,0.08086057514668757,0.008030861549745017,0.01930313369898125,0.005032621815446044,2.0061576918391677e-06,2.0061576918391677e-06,0.0,0.9987152912583828,2.074129594094564e-06,6.797190225539648e-08,0.9998814665221307,False
5.74125,1,295,296,2.442450000000015,2.442450000000015,0.0,0.02044688369898136,0.02044688369898136,0.09001057514668748,0.084846706871815,0.005163868274872485,0.02044688369898136,0.005032621815446044,1.4798118104064996e-06,1.4798118104064996e-06,0.0,0.9988753744975128,1.4185611947900665e-06,-6.125061561643315e-08,0.9998971994339031,False
5.7585,1,296,297,2.447625000000015,2.4476250000000146,-4.440892098500626e-16,0.021093758698981415,0.021093758698981415,0.09002170687181488,0.08421096359694241,0.005147462024872482,0.021093758698981415,0.005032621815446044,1.8757605506635497e-06,1.8757605506635497e-06,0.0,0.9982246956385171,1.8537990262754123e-06,-2.1961524388137326e-08,0.9998380611285693,False
5.7780000000000005,1,297,298,2.4534750000000147,2.4534750000000147,0.0,0.02182500869898148,0.02182500869898148,0.09006096359694232,0.08418225157206986,0.00551308702487247,0.02182500869898148,0.005032621815446044,1.3091406415705032e-06,1.3091406415705032e-06,0.0,0.9982451801877867,1.2460829823811065e-06,-6.305765918939669e-08,0.9998398812154725,False
5.7975,1,298,299,2.459325000000015,2.459325000000015,0.0,0.022556258698981545,0.022556258698981545,0.09003225157206976,0.08342228954719733,0.005641993274872459,0.022556258698981545,0.005032621815446044,1.1282635890070463e-06,1.1282635890070463e-06,0.0,0.9983478680373663,1.019557764685592e-06,-1.0870582432145437e-07,0.9998491743336004,False
5.819500000000001,1,299,300,2.4659250000000146,2.4659250000000146,0.0,0.023381258698981635,0.023381258698981635,0.09002228954719732,0.0829529525223249,0.006054493274872453,0.023381258698981635,0.005032621815446044,1.9483261984777774e-06,1.9483261984777774e-06,0.0,0.998404769433585,2.1078955606559056e-06,1.5956936217812823e-07,0.9998543466457195,False
5.843,1,300,301,2.4729750000000146,2.4729750000000146,0.0,0.024262508698981732,0.024262508698981732,0.09000295252232493,0.0820523654974525,0.006935743274872443,0.024262508698981732,0.005032621815446044,2.3996687394802027e-06,2.3996687394802027e-06,0.0,0.9985125481648168,2.3122595081746073e-06,-8.740923130559543e-08,0.9998639750193411,False
5.8695,1,301,302,2.4809250000000143,2.4809250000000147,4.440892098500626e-16,0.02525625869898181,0.02525625869898181,0.0900023654974523,0.0816603722225799,0.007802345924745231,0.02525625869898181,0.005032621815446044,1.4649811606848014e-06,1.4649811606848014e-06,0.0,0.9986988423719878,1.50151674879249e-06,3.6535588107688716e-08,0.9998805947098439,False
5.8975,1,302,303,2.4893250000000147,2.4893250000000147,0.0,0.02630625869898193,0.013153129349490965,0.09006037222257995,0.08066837894770756,0.008852345924745224,0.013153129349490965,0.005032621815446044,2.0379505162827153e-06,2.0379505162827153e-06,0.0,0.9988344448328025,2.09233976493535e-06,5.438924865263446e-08,0.9998921960819511,False
5.92875,1,303,304,2.498700000000014,2.498700000000014,0.0,0.014325004349490937,0.014325004349490937,0.09004337894770734,0.08496769481027117,0.005075684137436183,0.014325004349490937,0.005032621815446044,2.335967285534504e-06,2.335967285534504e-06,0.0,0.9989705744640194,2.334263712721441e-06,-1.7035728130628588e-09,0.9999057953066752,False
5.94575,1,304,305,2.503800000000014,2.503800000000014,0.0,0.014962504349490901,0.014962504349490901,0.09006769481027088,0.08435451067283473,0.005394434137436165,0.014962504349490901,0.005032621815446044,2.444846029991661e-06,2.444846029991661e-06,0.0,0.9981943025697876,2.4209554644807484e-06,-2.3890565510912773e-08,0.9998352216037715,False
5.96475,1,305,306,2.509500000000014,2.509500000000014,0.0,0.015675004349490894,0.015675004349490894,0.09005451067283464,0.08394757653539849,0.005935547962372563,0.015675004349490894,0.005032621815446044,1.958148546405981e-06,1.958148546405981e-06,0.0,0.9983106745689415,1.881225027278513e-06,-7.69235191274678e-08,0.9998457777999268,False
5.985,1,306,307,2.515575000000014,2.515575000000014,0.0,0.016434379349490963,0.016434379349490963,0.0900225765353985,0.08315626739796236,0.0063152354623725515,0.016434379349490963,0.005032621815446044,1.5799125811227636e-06,1.5799125811227636e-06,0.0,0.9984589882973279,1.6854186885485343e-06,1.0550610742577076e-07,0.9998592393480658,False
6.008,1,307,308,2.5224750000000142,2.5224750000000142,0.0,0.01729687934949107,0.01729687934949107,0.09005626739796257,0.08249884443559004,0.006498047962372563,0.01729687934949107,0.005032621815446044,3.0533915166841845e-06,3.0533915166841845e-06,0.0,0.9985626445811266,2.9754423476666114e-06,-7.794916901757306e-08,0.9998686360443838,False
6.03325,1,308,309,2.530050000000014,2.530050000000014,0.0,0.018243754349491152,0.018243754349491152,0.09007384443559001,0.0815695464732175,0.006971485462372547,0.018243754349491152,0.005032621815446044,1.969748259982723e-06,1.969748259982723e-06,0.0,0.9986141746542861,1.920852734624593e-06,-4.889552535813002e-08,0.9998731474391811,False
6.0615000000000006,1,309,310,2.538525000000014,2.538525000000014,0.0,0.01930312934949125,0.01930312934949125,0.09004454647321752,0.08086056101084503,0.008030860462372518,0.01930312934949125,0.005032621815446044,2.7838794804141854e-06,2.7838794804141854e-06,0.0,0.9987152712711113,2.846563737526637e-06,6.268425711245147e-08,0.999881447979572,False
6.0920000000000005,1,310,311,2.5476750000000137,2.5476750000000137,0.0,0.02044687934949136,0.02044687934949136,0.09001056101084494,0.08484669327965871,0.00516386773118623,0.02044687934949136,0.005032621815446044,2.510432765521093e-06,2.510432765521093e-06,0.0,0.9988753695934626,2.4635625251772026e-06,-4.687024034389026e-08,0.9998971923248281,False
6.10925,1,311,312,2.5528500000000136,2.5528500000000136,0.0,0.021093754349491414,0.021093754349491414,0.09002169327965859,0.08421095054847239,0.005147461481186224,0.021093754349491414,0.005032621815446044,2.7732688883818247e-06,2.7732688883818247e-06,0.0,0.9982246870011717,2.7554277894094564e-06,-1.7841098972368272e-08,0.9998380516274192,False
6.12875,1,312,313,2.5587000000000137,2.558700000000014,4.440892098500626e-16,0.021825004349491514,0.021825004349491514,0.09006095054847255,0.08418223906728631,0.005513086481186229,0.021825004349491514,0.005032621815446044,2.3828857914036784e-06,2.3828857914036784e-06,0.0,0.9982451712197205,2.319760306506585e-06,-6.312548489709343e-08,0.9998398670968863,False
6.14825,1,313,314,2.564550000000014,2.564550000000014,0.0,0.02255625434949158,0.02255625434949158,0.09003223906728622,0.0834222775861,0.0056419927311862255,0.02255625434949158,0.005032621815446044,2.284037827853094e-06,2.284037827853094e-06,0.0,0.998347862792896,2.1960344165805514e-06,-8.800341127254262e-08,0.9998491619402671,False
6.17025,1,314,315,2.5711500000000136,2.571150000000014,4.440892098500626e-16,0.02338125434949167,0.02338125434949167,0.09002227758610003,0.08295294110491383,0.00605449273118622,0.02338125434949167,0.005032621815446044,2.78543013919219e-06,2.78543013919219e-06,0.0,0.9984047346668399,2.898028962790186e-06,1.12598823597996e-07,0.999854312794701,False
6.1937500000000005,1,315,316,2.5782000000000136,2.5782000000000136,0.0,0.02426250434949173,0.02426250434949173,0.0900029411049136,0.08205235462372744,0.006935742731186177,0.02426250434949173,0.005032621815446044,3.1761375080827992e-06,3.1761375080827992e-06,0.0,0.998512542501512,3.1356798455356915e-06,-4.045766254710771e-08,0.9998639719149841,False
6.22025,1,316,317,2.5861500000000137,2.5861500000000137,0.0,0.025256254349491844,0.025256254349491844,0.09000235462372749,0.08166036189254133,0.007802344837372748,0.025256254349491844,0.005032621815446044,2.6372838541803903e-06,2.6372838541803903e-06,0.0,0.9986988320497391,2.652181920636664e-06,1.4898066456273812e-08,0.9998805809441796,False
6.2482500000000005,1,317,318,2.5945500000000137,2.5945500000000132,-4.440892098500626e-16,0.02630625434949193,0.013153127174745965,0.09006036189254113,0.080668369161355,0.008852344837372707,0.013153127174745965,0.005032621815446044,2.9499118585116333e-06,2.9499118585116333e-06,0.0,0.9988344202731892,2.9695508835643155e-06,1.9639025052682266e-08,0.9998921752469625,False
6.2795000000000005,1,318,319,2.603925000000013,2.603925000000013,0.0,0.014325002174745936,0.014325002174745936,0.09004336916135477,0.08496768529576174,0.00507568386559305,0.014325002174745936,0.005032621815446044,3.2521428044057267e-06,3.2521428044057267e-06,0.0,0.9989705654352532,3.2506724156559496e-06,-1.4703887497771045e-09,0.999905785776549,False
6.2965,1,319,320,2.6090250000000133,2.6090250000000133,0.0,0.014962502174745934,0.014962502174745934,0.0900676852957617,0.08435450143016866,0.005394433865593048,0.014962502174745934,0.005032621815446044,3.371834846387637e-06,3.371834846387637e-06,0.0,0.9981942934259372,3.3547328202141065e-06,-1.7102026173530533e-08,0.9998352118223803,False
6.3155,1,320,321,2.6147250000000133,2.6147250000000133,0.0,0.015675002174745926,0.015675002174745926,0.09005450143016858,0.08394756756457553,0.00593554741868633,0.015675002174745926,0.005032621815446044,3.0183128759990116e-06,3.0183128759990116e-06,0.0,0.9983106659630716,2.9431680643005292e-06,-7.514481169848238e-08,0.9998457648776626,False
6.33575,1,321,322,2.6208000000000133,2.6208000000000133,0.0,0.016434377174745995,0.016434377174745995,0.09002256756457554,0.08315625869898252,0.006315234918686318,0.016434377174745995,0.005032621815446044,2.713947685281865e-06,2.713947685281865e-06,0.0,0.9984589600296989,2.7862138354825886e-06,7.226615020072347e-08,0.9998592073655242,False
6.358750000000001,1,322,323,2.6277000000000132,2.6277000000000132,0.0,0.017296877174746067,0.017296877174746067,0.09005625869898247,0.0824988362802962,0.006498047418686304,0.017296877174746067,0.005032621815446044,3.8068039340700282e-06,3.8068039340700282e-06,0.0,0.9985626333664912,3.767710428063904e-06,-3.909350600612418e-08,0.9998686278035436,False
6.384,1,323,324,2.6352750000000134,2.6352750000000134,0.0,0.01824375217474615,0.01824375217474615,0.09007383628029617,0.08156953886160993,0.0069714849186862885,0.01824375217474615,0.005032621815446044,3.131648256777381e-06,3.131648256777381e-06,0.0,0.9986141712653785,3.0899158912379434e-06,-4.173236553943753e-08,0.9998731408583015,False
6.41225,1,324,325,2.643750000000013,2.6437500000000136,4.440892098500626e-16,0.019303127174746283,0.019303127174746283,0.09004453886161021,0.08086055394292396,0.008030859918686292,0.019303127174746283,0.005032621815446044,3.5853420625745413e-06,3.5853420625745413e-06,0.0,0.9987152418266753,3.617950862640012e-06,3.260880006547063e-08,0.9998814242563633,False
6.44275,1,325,326,2.652900000000013,2.652900000000013,0.0,0.020446877174746393,0.020446877174746393,0.09001055394292387,0.08484668648358076,0.005163867459343115,0.020446877174746393,0.005032621815446044,3.524539790405464e-06,3.524539790405464e-06,0.0,0.9988753642777163,3.5065289271540726e-06,-1.8010863251391538e-08,0.9998971871866492,False
6.46,1,326,327,2.6580750000000135,2.6580750000000135,0.0,0.021093752174746447,0.021093752174746447,0.09002168648358064,0.08421094402423754,0.005147461209343111,0.021093752174746447,0.005032621815446044,3.696894929846673e-06,3.696894929846673e-06,0.0,0.9982246770460695,3.684195058080528e-06,-1.2699871766144646e-08,0.9998380416227587,False
6.4795,1,327,328,2.663925000000013,2.663925000000013,0.0,0.021825002174746512,0.021825002174746512,0.09006094402423745,0.08418223281489437,0.0055130862093431,0.021825002174746512,0.005032621815446044,3.4516637555550406e-06,3.4516637555550406e-06,0.0,0.9982451710038677,3.409372541063571e-06,-4.22912144914698e-08,0.9998398630495029,False
6.4990000000000006,1,328,329,2.669775000000013,2.669775000000013,0.0,0.022556252174746577,0.022556252174746577,0.09003223281489427,0.0834222716055512,0.005641992459343096,0.022556252174746577,0.005032621815446044,3.4233136224417484e-06,3.4233136224417484e-06,0.0,0.9983478709209992,3.3701059103652116e-06,-5.3207712076536835e-08,0.9998491653690847,False
6.521,1,329,330,2.676375000000013,2.676375000000013,0.0,0.023381252174746667,0.023381252174746667,0.09002227160555121,0.08295293539620814,0.00605449245934309,0.023381252174746667,0.005032621815446044,3.679577628130904e-06,3.679577628130904e-06,0.0,0.9984046975755115,3.740315135352453e-06,6.0737507221549e-08,0.9998542751031687,False
6.5445,1,330,331,2.683425000000013,2.683425000000013,0.0,0.024262502174746764,0.024262502174746764,0.09000293539620817,0.08205234918686512,0.00693574245934308,0.024262502174746764,0.005032621815446044,3.951276273142442e-06,3.951276273142442e-06,0.0,0.9985125166073737,3.9447027120591434e-06,-6.5735610832982645e-09,0.9998639530115536,False
6.571,1,331,332,2.6913750000000127,2.691375000000013,4.440892098500626e-16,0.025256252174746842,0.025256252174746842,0.09000234918686491,0.08166035672752187,0.007802344293686489,0.025256252174746842,0.005032621815446044,3.7899853387060817e-06,3.7899853387060817e-06,0.0,0.9986988392725539,3.7898737841975583e-06,-1.1155450852342111e-10,0.9998805876815218,False
6.599,1,332,333,2.699775000000013,2.699775000000013,0.0,0.026306252174746962,0.013153126087373481,0.09006035672752194,0.0806683642681789,0.008852344293686481,0.013153126087373481,0.005032621815446044,3.9107270219764835e-06,3.9107270219764835e-06,0.0,0.9988344066196269,3.906093990282706e-06,-4.6330316937775746e-09,0.9998921649419286,False
6.63025,1,333,334,2.7091500000000126,2.7091500000000126,0.0,0.014325001087373453,0.014325001087373453,0.09004336426817867,0.08496768053850717,0.005075683729671501,0.014325001087373453,0.005032621815446044,4.180664273332308e-06,4.180664273332308e-06,0.0,0.9989705565175353,4.179395062513453e-06,-1.2692108188549177e-09,0.9999057767156094,False
6.6472500000000005,1,334,335,2.7142500000000123,2.7142500000000123,0.0,0.014962501087373417,0.014962501087373417,0.09006768053850689,0.08435449680883543,0.0053944337296714835,0.014962501087373417,0.005032621815446044,4.302490717258251e-06,4.302490717258251e-06,0.0,0.9981942834487956,4.291850793048795e-06,-1.0639924209455932e-08,0.9998352026142908,False
6.66625,1,335,336,2.7199500000000123,2.7199500000000123,0.0,0.01567500108737341,0.01567500108737341,0.09005449680883534,0.08394756307916387,0.005935547146843192,0.01567500108737341,0.005032621815446044,4.083427623384505e-06,4.083427623384505e-06,0.0,0.9983106659510891,4.0229184528663695e-06,-6.050917051813568e-08,0.9998457626597099,False
6.6865000000000006,1,336,337,2.7260250000000124,2.7260250000000124,0.0,0.01643437608737348,0.01643437608737348,0.09002256307916387,0.08315625434949242,0.006315234646843181,0.01643437608737348,0.005032621815446044,3.859240583766415e-06,3.859240583766415e-06,0.0,0.9984589442754579,3.902071297939928e-06,4.2830714173513074e-08,0.999859187885916,False
6.7095,1,337,338,2.7329250000000123,2.7329250000000123,0.0,0.017296876087373587,0.017296876087373587,0.09005625434949265,0.08249883220264947,0.006498047146843191,0.017296876087373587,0.005032621815446044,4.56680070111458e-06,4.56680070111458e-06,0.0,0.9985626082458935,4.55488328204417e-06,-1.1917419070410062e-08,0.9998686081399004,False
6.73475,1,338,339,2.7405000000000124,2.7405000000000124,0.0,0.01824375108737367,0.01824375108737367,0.09007383220264945,0.0815695350558063,0.006971484646843175,0.01824375108737367,0.005032621815446044,4.26809981297476e-06,4.26809981297476e-06,0.0,0.9986141784686492,4.247260214323615e-06,-2.0839598651145293e-08,0.999873148892121,False
6.763,1,339,340,2.748975000000012,2.748975000000012,0.0,0.019303126087373768,0.019303126087373768,0.09004453505580633,0.08086055040896321,0.008030859646843146,0.019303126087373768,0.005032621815446044,4.443881559649062e-06,4.443881559649062e-06,0.0,0.9987152146418289,4.451687552897905e-06,7.805993248842383e-09,0.9998814008914637,False
6.7935,1,340,341,2.758125000000012,2.758125000000012,0.0,0.020446876087373878,0.020446876087373878,0.09001055040896312,0.08484668308554158,0.0051638673234215456,0.020446876087373878,0.005032621815446044,4.5025461678590455e-06,4.5025461678590455e-06,0.0,0.9988753519435362,4.505606808263954e-06,3.0606404049083984e-09,0.9998971772772955,False
6.8107500000000005,1,341,342,2.763300000000012,2.763300000000012,0.0,0.021093751087373932,0.021093751087373932,0.09002168308554145,0.08421094076211993,0.005147461073421539,0.021093751087373932,0.005032621815446044,4.640642646188119e-06,4.640642646188119e-06,0.0,0.9982246678469795,4.633467106335661e-06,-7.175539852458199e-09,0.9998380339342346,False
6.83025,1,342,343,2.7691500000000118,2.7691500000000118,0.0,0.021825001087373997,0.021825001087373997,0.09006094076211985,0.08418222968869832,0.005513086073421527,0.021825001087373997,0.005032621815446044,4.515491553388942e-06,4.515491553388942e-06,0.0,0.9982451791402572,4.4806686327391394e-06,-3.482292064980238e-08,0.9998398701208149,False
6.84975,1,343,344,2.7750000000000123,2.7750000000000123,0.0,0.022556251087374097,0.022556251087374097,0.09003222968869849,0.08342226861527696,0.00564199232342154,0.022556251087374097,0.005032621815446044,4.5336060584173245e-06,4.5336060584173245e-06,0.0,0.9983478873458794,4.492695021149584e-06,-4.0911037267740355e-08,0.9998491809889053,False
6.8717500000000005,1,344,345,2.781600000000012,2.781600000000012,0.0,0.023381251087374152,0.023381251087374152,0.09002226861527671,0.0829529325418552,0.006054492323421518,0.023381251087374152,0.005032621815446044,4.629561844569268e-06,4.629561844569268e-06,0.0,0.9984046705309358,4.6555941769604295e-06,2.603233239116174e-08,0.9998542458207873,False
6.89525,1,345,346,2.788650000000012,2.788650000000012,0.0,0.02426250108737425,0.02426250108737425,0.09000293254185524,0.08205234646843376,0.006935742323421507,0.02426250108737425,0.005032621815446044,4.764070728521032e-06,4.764070728521032e-06,0.0,0.99851247490867,4.771513657013095e-06,7.442928492062614e-09,0.9998639173148697,False
6.92175,1,346,347,2.7966000000000117,2.7966000000000117,0.0,0.025256251087374327,0.025256251087374327,0.09000234646843355,0.0816603541450121,0.007802344021843361,0.025256251087374327,0.005032621815446044,4.886428196310691e-06,4.886428196310691e-06,0.0,0.9986988564009336,4.8843851948344465e-06,-2.0430014762448743e-09,0.9998806075768107,False
6.94975,1,347,348,2.805000000000012,2.8050000000000117,-4.440892098500626e-16,0.026306251087374447,0.013153125543687224,0.09006035414501216,0.08066836182159073,0.008852344021843353,0.013153125543687224,0.005032621815446044,4.90519656287723e-06,4.90519656287723e-06,0.0,0.9988344070902515,4.8887905301346645e-06,-1.640603274256523e-08,0.9998921657006377,False
6.981,1,348,349,2.8143750000000116,2.8143750000000116,0.0,0.014325000543687195,0.014325000543687195,0.0900433618215905,0.0849676781598798,0.005075683661710715,0.014325000543687195,0.005032621815446044,5.126032992721746e-06,5.126032992721746e-06,0.0,0.99897054924027,5.124729761095046e-06,-1.3032316267000497e-09,0.9999057696166901,False
6.998,1,349,350,2.8194750000000113,2.8194750000000117,4.440892098500626e-16,0.014962500543687193,0.014962500543687193,0.09006767815987977,0.08435449449816906,0.005394433661710714,0.014962500543687193,0.005032621815446044,5.238580087735923e-06,5.238580087735923e-06,0.0,0.9981942721293974,5.232848220150185e-06,-5.731867585737982e-09,0.9998351931450805,False
7.017,1,350,351,2.8251750000000113,2.8251750000000113,0.0,0.015675000543687152,0.015675000543687152,0.0900544944981687,0.08394756083645803,0.0059355470109216275,0.015675000543687152,0.005032621815446044,5.126340959066392e-06,5.126340959066392e-06,0.0,0.9983106711078247,5.0839971769274484e-06,-4.234378213894326e-08,0.9998457682363125,False
7.03725,1,351,352,2.8312500000000114,2.8312500000000114,0.0,0.016434375543687256,0.016434375543687256,0.0900225608364583,0.08315625217474763,0.0063152345109216326,0.016434375543687256,0.005032621815446044,4.994445834819095e-06,4.994445834819095e-06,0.0,0.9984589422891837,5.017121891573911e-06,2.267605675481581e-08,0.9998591833209065,False
7.06025,1,352,353,2.8381500000000113,2.8381500000000113,0.0,0.017296875543687328,0.017296875543687328,0.09005625217474758,0.08249883016382598,0.006498047010921627,0.017296875543687328,0.005032621815446044,5.373613622382375e-06,5.373613622382375e-06,0.0,0.9985625746336971,5.372800339473394e-06,-8.132829089812967e-10,0.9998685788045324,False
7.085500000000001,1,353,354,2.8457250000000114,2.8457250000000114,0.0,0.01824375054368741,0.01824375054368741,0.09007383016382595,0.08156953315290437,0.0069714845109216115,0.01824375054368741,0.005032621815446044,5.35566356582332e-06,5.35566356582332e-06,0.0,0.9986141841242274,5.354761261003755e-06,-9.023048195655296e-10,0.999873159106417,False
7.1137500000000005,1,354,355,2.8542000000000116,2.8542000000000116,0.0,0.01930312554368751,0.01930312554368751,0.0900445331529044,0.08086054864198286,0.008030859510921582,0.01930312554368751,0.005032621815446044,5.38104605133242e-06,5.38104605133242e-06,0.0,0.998715200387869,5.3695835218571584e-06,-1.1462529475261439e-08,0.9998813856270872,False
7.14425,1,355,356,2.8633500000000116,2.8633500000000116,0.0,0.02044687554368762,0.02044687554368762,0.09001054864198277,0.08484668138652202,0.005163867255460755,0.02044687554368762,0.005032621815446044,5.467216009069268e-06,5.467216009069268e-06,0.0,0.9988753325885901,5.479630346205211e-06,1.24143371359436e-08,0.9998971603138188,False
7.1615,1,356,357,2.8685250000000115,2.8685250000000115,0.0,0.021093750543687707,0.021093750543687707,0.09002168138652215,0.0842109391310614,0.005147461005460773,0.021093750543687707,0.005032621815446044,5.5920010065736595e-06,5.5920010065736595e-06,0.0,0.998224655994763,5.589989763197254e-06,-2.0112433764057306e-09,0.9998380246485739,False
7.181,1,357,358,2.8743750000000117,2.8743750000000117,0.0,0.021825000543687773,0.021825000543687773,0.09006093913106131,0.08418222812560054,0.0055130860054607616,0.021825000543687773,0.005032621815446044,5.558967803167376e-06,5.558967803167376e-06,0.0,0.9982451897662373,5.538503675355492e-06,-2.0464127811883675e-08,0.999839882299151,False
7.2005,1,358,359,2.8802250000000114,2.880225000000012,4.440892098500626e-16,0.022556250543687838,0.022556250543687838,0.09003222812560045,0.08342226712013973,0.005641992255460758,0.022556250543687838,0.005032621815446044,5.601973420201747e-06,5.601973420201747e-06,0.0,0.9983479032963528,5.5809273101060735e-06,-2.104611009567329e-08,0.9998491991253349,False
7.2225,1,359,360,2.8868250000000115,2.8868250000000115,0.0,0.023381250543687927,0.023381250543687927,0.09002226712013973,0.082952931114679,0.006054492255460752,0.023381250543687927,0.005032621815446044,5.621263505707413e-06,5.621263505707413e-06,0.0,0.9984046575913681,5.621967387593784e-06,7.038818863706886e-10,0.9998542293656487,False
7.246,1,360,361,2.893875000000011,2.893875000000011,0.0,0.02426250054368799,0.02426250054368799,0.09000293111467876,0.08205234510921808,0.006935742255460709,0.02426250054368799,0.005032621815446044,5.647340899739056e-06,5.647340899739056e-06,0.0,0.9985124325740733,5.65397325597998e-06,6.632356240924252e-09,0.9998638759088089,False
7.2725,1,361,362,2.901825000000011,2.901825000000011,0.0,0.025256250543688102,0.025256250543688102,0.09000234510921815,0.08166035285375745,0.007802343885921812,0.025256250543688102,0.005032621815446044,5.911965514688753e-06,5.911965514688753e-06,0.0,0.9986988617514135,5.915445912380452e-06,3.4803976916989495e-09,0.9998806183101671,False
7.3005,1,362,363,2.910225000000011,2.910225000000011,0.0,0.026306250543688188,0.013153125271844094,0.09006035285375724,0.08066836059829659,0.008852343885921772,0.013153125271844094,0.005032621815446044,5.9089693185155885e-06,5.9089693185155885e-06,0.0,0.9988344162551654,5.89128417774785e-06,-1.7685140767738534e-08,0.99989217320195,False
7.33175,1,363,364,2.9196000000000106,2.9196000000000106,0.0,0.014325000271844066,0.014325000271844066,0.09004336059829636,0.08496767697056604,0.005075683627730316,0.014325000271844066,0.005032621815446044,6.086386792570502e-06,6.086386792570502e-06,0.0,0.9989705421608189,6.08529312696936e-06,-1.093665601142749e-09,0.999905762614539,False
7.34875,1,364,365,2.9247000000000107,2.9247000000000107,0.0,0.014962500271844063,0.014962500271844063,0.09006767697056603,0.0843544933428357,0.0053944336277303145,0.014962500271844063,0.005032621815446044,6.179335714870409e-06,6.179335714870409e-06,0.0,0.9981942576627295,6.176437164224949e-06,-2.8985506454607454e-09,0.9998351804569731,False
7.36775,1,365,366,2.9304000000000108,2.9304000000000108,0.0,0.015675000271844056,0.015675000271844056,0.09005449334283562,0.08394755971510531,0.005935546942960862,0.015675000271844056,0.005032621815446044,6.1425200248653965e-06,6.1425200248653965e-06,0.0,0.9983106742528789,6.118446897146565e-06,-2.407312771883106e-08,0.9998457735307498,False
7.388,1,366,367,2.9364750000000104,2.936475000000011,4.440892098500626e-16,0.016434375271844125,0.016434375271844125,0.09002255971510531,0.08315625108737504,0.006315234442960851,0.016434375271844125,0.005032621815446044,6.101162482515725e-06,6.101162482515725e-06,0.0,0.9984589479234404,6.112797799942034e-06,1.163531742630927e-08,0.9998591871080447,False
7.4110000000000005,1,367,368,2.9433750000000107,2.9433750000000107,0.0,0.017296875271844196,0.017296875271844196,0.09005625108737499,0.08249882914441418,0.0064980469429608365,0.017296875271844196,0.005032621815446044,6.238843234822127e-06,6.238843234822127e-06,0.0,0.9985625400027911,6.23776156301995e-06,-1.081671802176604e-09,0.9998685448715442,False
7.43625,1,368,369,2.950950000000011,2.950950000000011,0.0,0.018243750271844314,0.018243750271844314,0.09007382914441442,0.08156953220145362,0.006971484442960837,0.018243750271844314,0.005032621815446044,6.367162171130679e-06,6.367162171130679e-06,0.0,0.9986141749189544,6.382763019379431e-06,1.5600848248751567e-08,0.9998731552343776,False
7.4645,1,369,370,2.959425000000011,2.959425000000011,0.0,0.019303125271844412,0.019303125271844412,0.09004453220145364,0.08086054775849286,0.008030859442960808,0.019303125271844412,0.005032621815446044,6.359129320047344e-06,6.359129320047344e-06,0.0,0.9987151990100266,6.337810531249218e-06,-2.1318788798126197e-08,0.9998813795027235,False
7.495,1,370,371,2.968575000000011,2.968575000000011,0.0,0.020446875271844522,0.020446875271844522,0.09001054775849276,0.08484668053701237,0.005163867221480381,0.020446875271844522,0.005032621815446044,6.433213065493116e-06,6.433213065493116e-06,0.0,0.9988753093447489,6.445882755919195e-06,1.2669690426078597e-08,0.9998971375729987,False
7.51225,1,371,372,2.9737500000000106,2.9737500000000106,0.0,0.021093750271844576,0.021093750271844576,0.09002168053701226,0.08421093831553189,0.0051474609714803774,0.021093750271844576,0.005032621815446044,6.533284371979415e-06,6.533284371979415e-06,0.0,0.9982246369905403,6.5340071582745585e-06,7.227862951436712e-10,0.9998380074677279,False
7.53175,1,372,373,2.9796000000000107,2.9796000000000107,0.0,0.02182500027184464,0.02182500027184464,0.0900609383155318,0.08418222734405145,0.005513085971480366,0.02182500027184464,0.005032621815446044,6.5666615969536585e-06,6.5666615969536585e-06,0.0,0.9982451940574089,6.559793405794137e-06,-6.86819115952109e-09,0.9998398895757972,False
7.5512500000000005,1,373,374,2.985450000000011,2.985450000000011,0.0,0.022556250271844706,0.022556250271844706,0.09003222734405135,0.08342226637257102,0.005641992221480354,0.022556250271844706,0.005032621815446044,6.625287136466498e-06,6.625287136466498e-06,0.0,0.9983479118613952,6.620617527307651e-06,-4.66960915884696e-09,0.9998492110603263,False
7.57325,1,374,375,2.9920500000000105,2.9920500000000105,0.0,0.023381250271844796,0.023381250271844796,0.09002226637257103,0.08295293040109071,0.006054492221480349,0.023381250271844796,0.005032621815446044,6.612627716439968e-06,6.612627716439968e-06,0.0,0.998404654926715,6.597968218953476e-06,-1.4659497486491655e-08,0.9998542217798142,False
7.59675,1,375,376,2.99910000000001,2.99910000000001,0.0,0.024262500271844893,0.024262500271844893,0.09000293040109072,0.0820523444296104,0.006935742221480338,0.024262500271844893,0.005032621815446044,6.5778211831778416e-06,6.5778211831778416e-06,0.0,0.9985123995088471,6.578721240302132e-06,9.000571242901833e-10,0.999863838365981,False
7.6232500000000005,1,376,377,3.00705000000001,3.00705000000001,0.0,0.02525625027184497,0.02525625027184497,0.09000234442961019,0.0816603522081299,0.007802343817961022,0.02525625027184497,0.005032621815446044,6.864353177843993e-06,6.864353177843993e-06,0.0,0.9986988440367038,6.874862385686654e-06,1.050920784266161e-08,0.9998806056770281,False
7.65125,1,377,378,3.01545000000001,3.01545000000001,0.0,0.02630625027184509,0.013153125135922546,0.09006035220812997,0.08066835998664967,0.008852343817961014,0.013153125135922546,0.005032621815446044,6.886834016567425e-06,6.886834016567425e-06,0.0,0.9988344244876717,6.87525100318329e-06,-1.1583013384135503e-08,0.999892180680828,False
7.6825,1,378,379,3.02482500000001,3.02482500000001,0.0,0.014325000135922517,0.014325000135922517,0.09004335998664945,0.08496767637590932,0.00507568361074013,0.014325000135922517,0.005032621815446044,7.036075492086627e-06,7.036075492086627e-06,0.0,0.9989705360730919,7.03548681228779e-06,-5.886797988365142e-10,0.9999057561934628,False
7.6995000000000005,1,379,380,3.02992500000001,3.02992500000001,0.0,0.014962500135922482,0.014962500135922482,0.09006767637590904,0.08435449276516895,0.005394433610740112,0.014962500135922482,0.005032621815446044,7.1044130138256324e-06,7.1044130138256324e-06,0.0,0.9981942414775264,7.1026482281807556e-06,-1.764785644876865e-09,0.9998351651079301,False
7.718500000000001,1,380,381,3.03562500000001,3.03562500000001,0.0,0.015675000135922476,0.015675000135922476,0.09005449276516886,0.08394755915442875,0.0059355469089804585,0.015675000135922476,0.005032621815446044,7.11903749418149e-06,7.11903749418149e-06,0.0,0.998310671156168,7.111426008405601e-06,-7.611485775888731e-09,0.9998457732744754,False
7.7387500000000005,1,381,382,3.0417000000000094,3.0417000000000094,0.0,0.016434375135922545,0.016434375135922545,0.09002255915442875,0.08315625054368868,0.006315234408980447,0.016434375135922545,0.005032621815446044,7.156896094236869e-06,7.156896094236869e-06,0.0,0.9984589579963501,7.160858058430738e-06,3.961964193868869e-09,0.9998591957301629,False
7.76175,1,382,383,3.04860000000001,3.04860000000001,0.0,0.01729687513592265,0.01729687513592265,0.0900562505436889,0.08249882863470846,0.006498046908980457,0.01729687513592265,0.005032621815446044,7.12898167853164e-06,7.12898167853164e-06,0.0,0.9985625100925951,7.125072536809618e-06,-3.909141722021996e-09,0.9998685117673615,False
7.787,1,383,384,3.05617500000001,3.05617500000001,0.0,0.018243750135922734,0.018243750135922734,0.09007382863470845,0.08156953172572803,0.0069714844089804415,0.018243750135922734,0.005032621815446044,7.310512663125855e-06,7.310512663125855e-06,0.0,0.9986141473611395,7.337366408341196e-06,2.6853745215341118e-08,0.9998731315612255,False
7.81525,1,384,385,3.06465000000001,3.0646500000000096,-4.440892098500626e-16,0.019303125135922833,0.019303125135922833,0.09004453172572806,0.08086054731674766,0.008030859408980412,0.019303125135922833,0.005032621815446044,7.333455543804873e-06,7.333455543804873e-06,0.0,0.9987152085258373,7.312035814058005e-06,-2.1419729746868137e-08,0.9998813837558633,False
7.84575,1,385,386,3.0738000000000096,3.0738000000000096,0.0,0.020446875135922943,0.020446875135922943,0.09001054731674757,0.0848466801122574,0.005163867204490179,0.020446875135922943,0.005032621815446044,7.383777310516538e-06,7.383777310516538e-06,0.0,0.9988752887340235,7.391640110922368e-06,7.862800405829696e-09,0.9998971154089956,False
7.863,1,386,387,3.0789750000000096,3.0789750000000096,0.0,0.021093750135922996,0.021093750135922996,0.09002168011225728,0.08421093790776712,0.005147460954490171,0.021093750135922996,0.005032621815446044,7.454444573872751e-06,7.454444573872751e-06,0.0,0.9982246149472943,7.455476756923805e-06,1.032183051053251e-09,0.9998379856252726,False
7.8825,1,387,388,3.0848250000000097,3.08482500000001,4.440892098500626e-16,0.021825000135923096,0.021825000135923096,0.09006093790776729,0.08418222695327711,0.005513085954490176,0.021825000135923096,0.005032621815446044,7.526891841610784e-06,7.526891841610784e-06,0.0,0.998245187467617,7.531939284215856e-06,5.047442605071945e-09,0.9998398866149242,False
7.902,1,388,389,3.09067500000001,3.09067500000001,0.0,0.02255625013592316,0.02255625013592316,0.090032226953277,0.08342226599878685,0.005641992204490172,0.02255625013592316,0.005032621815446044,7.598385131875844e-06,7.598385131875844e-06,0.0,0.9983479111885618,7.605408012551797e-06,7.022880675952711e-09,0.9998492145435514,False
7.924,1,389,390,3.0972750000000095,3.0972750000000095,0.0,0.023381250135923216,0.023381250135923216,0.09002226599878661,0.08295293004429649,0.00605449220449015,0.023381250135923216,0.005032621815446044,7.577739515447887e-06,7.577739515447887e-06,0.0,0.9984046630060716,7.555116711787388e-06,-2.2622803660498746e-08,0.9998542244643445,False
7.9475,1,390,391,3.1043250000000095,3.1043250000000095,0.0,0.024262500135923314,0.024262500135923314,0.09000293004429652,0.08205234408980641,0.00693574220449014,0.024262500135923314,0.005032621815446044,7.518719973877993e-06,7.518719973877993e-06,0.0,0.9985123822570924,7.514770770772642e-06,-3.949203105350517e-09,0.9998638132457882,False
7.974,1,391,392,3.1122750000000097,3.1122750000000097,0.0,0.025256250135923426,0.025256250135923426,0.09000234408980648,0.08166035188531637,0.007802343783980643,0.025256250135923426,0.005032621815446044,7.757127232556875e-06,7.757127232556875e-06,0.0,0.9986988032331037,7.769312470672302e-06,1.2185238115427393e-08,0.9998805682564157,False
8.002,1,392,393,3.120675000000009,3.120675000000009,0.0,0.0263062501359235,0.01315312506796175,0.09006035188531615,0.08066835968082608,0.008852343783980603,0.01315312506796175,0.005032621815446044,7.820694566900945e-06,7.820694566900945e-06,0.0,0.9988344207463596,7.817869917819037e-06,-2.8246490819082426e-09,0.9998921798016952,False
8.03325,1,393,394,3.130050000000009,3.130050000000009,0.0,0.014325000067961722,0.014325000067961722,0.09004335968082586,0.08496767607858083,0.005075683602245031,0.014325000067961722,0.005032621815446044,7.958868571613064e-06,7.958868571613064e-06,0.0,0.9989705306614329,7.959020260413528e-06,1.516888004635987e-10,0.9999057501157509,False
8.05025,1,394,395,3.1351500000000088,3.1351500000000088,0.0,0.014962500067961687,0.014962500067961687,0.09006767607858056,0.08435449247633554,0.005394433602245013,0.014962500067961687,0.005032621815446044,8.000467659670949e-06,8.000467659670949e-06,0.0,0.998194224259672,7.998953587920135e-06,-1.5140717508140434e-09,0.9998351476990158,False
8.06925,1,395,396,3.140850000000009,3.140850000000009,0.0,0.015675000067961676,0.015675000067961676,0.09005449247633548,0.08394755887409047,0.00593554689199026,0.015675000067961676,0.005032621815446044,8.04427531416279e-06,8.04427531416279e-06,0.0,0.9983106590695631,8.050805798635072e-06,6.530484472280903e-09,0.9998457642224019,False
8.089500000000001,1,396,397,3.146925000000009,3.146925000000009,0.0,0.016434375067961686,0.016434375067961686,0.09002255887409062,0.08315625027184556,0.006315234391990265,0.016434375067961686,0.005032621815446044,8.144891774864045e-06,8.144891774864045e-06,0.0,0.9984589683158116,8.144297322199056e-06,-5.944526649897218e-10,0.9998592058005461,False
8.1125,1,397,398,3.1538250000000088,3.1538250000000088,0.0,0.017296875067961653,0.017296875067961653,0.09005625027184541,0.08249882837985512,0.006498046891990252,0.017296875067961653,0.005032621815446044,8.021165510861482e-06,8.021165510861482e-06,0.0,0.9985624891100894,8.015000638450281e-06,-6.164872411201132e-09,0.999868485225534,False
8.13775,1,398,399,3.1614000000000084,3.1614000000000084,0.0,0.018243750067961622,0.018243750067961622,0.09007382837985498,0.08156953148786471,0.006971484391990236,0.018243750067961622,0.005032621815446044,8.194572389710333e-06,8.194572389710333e-06,0.0,0.9986141048497799,8.222547270590936e-06,2.7974880880603323e-08,0.9998730905879245,False
8.166,1,399,400,3.1698750000000087,3.1698750000000087,0.0,0.019303125067961592,0.019303125067961592,0.09004453148786454,0.08086054709587433,0.008030859391990232,0.019303125067961592,0.005032621815446044,8.273073595285973e-06,8.273073595285973e-06,0.0,0.9987152204799266,8.257634634264261e-06,-1.5438961021712076e-08,0.9998813941528474,False
8.1965,1,400,401,3.179025000000008,3.179025000000008,0.0,0.020446875067961563,0.020446875067961563,0.0900105470958741,0.084846679899879,0.005163867195995094,0.020446875067961563,0.005032621815446044,8.301921127827335e-06,8.301921127827335e-06,0.0,0.9988752751485135,8.303774802217805e-06,1.8536743904705617e-09,0.9998970989017689,False
8.213750000000001,1,401,402,3.184200000000008,3.184200000000008,0.0,0.021093750067961572,0.021093750067961572,0.09002167989987908,0.08421093770388396,0.005147460945995105,0.021093750067961572,0.005032621815446044,8.343942126630573e-06,8.343942126630573e-06,0.0,0.9982245948816848,8.343575972012988e-06,-3.661546175851363e-10,0.9998379642923277,False
8.23325,1,402,403,3.190050000000008,3.190050000000008,0.0,0.021825000067961516,0.021825000067961516,0.09006093770388356,0.08418222675788849,0.005513085945995077,0.021825000067961516,0.005032621815446044,8.429910053145239e-06,8.429910053145239e-06,0.0,0.9982451692685664,8.443807963744236e-06,1.3897910598997375e-08,0.9998398720628171,False
8.25275,1,403,404,3.195900000000008,3.195900000000008,0.0,0.022556250067961525,0.022556250067961525,0.09003222675788863,0.08342226581189353,0.005641992195995082,0.022556250067961525,0.005032621815446044,8.508999053524974e-06,8.508999053524974e-06,0.0,0.998347897753961,8.52449807146969e-06,1.5499017944715573e-08,0.9998492062876089,False
8.274750000000001,1,404,405,3.202500000000008,3.202500000000008,0.0,0.023381250067961514,0.023381250067961514,0.09002226581189353,0.08295292986589842,0.006054492195995077,0.023381250067961514,0.005032621815446044,8.505243171178791e-06,8.505243171178791e-06,0.0,0.9984046816544098,8.481389808308505e-06,-2.3853362870286448e-08,0.9998542390887991,False
8.29825,1,405,406,3.209550000000008,3.209550000000008,0.0,0.024262500067961504,0.024262500067961504,0.09000292986589847,0.08205234391990335,0.006935742195995093,0.024262500067961504,0.005032621815446044,8.444773544922726e-06,8.444773544922726e-06,0.0,0.9985123821767461,8.437324090858263e-06,-7.449454064462763e-09,0.9998638055044567,False
8.32475,1,406,407,3.2175000000000074,3.2175000000000074,0.0,0.02525625006796143,0.02525625006796143,0.09000234391990285,0.08166035172390779,0.0078023437669903165,0.02525625006796143,0.005032621815446044,8.603484664117852e-06,8.603484664117852e-06,0.0,0.9986987517711713,8.613975250842547e-06,1.0490586724694806e-08,0.9998805178828154,False
8.35275,1,407,408,3.2259000000000073,3.2259000000000073,0.0,0.02630625006796142,0.01315312503398071,0.09006035172390774,0.08066835952791268,0.00885234376699031,0.01315312503398071,0.005032621815446044,8.693954767292292e-06,8.693954767292292e-06,0.0,0.9988343948574703,8.698093450996985e-06,4.138683704692789e-09,0.9998921605181602,False
8.384,1,408,409,3.2352750000000072,3.2352750000000072,0.0,0.014325000033980682,0.014325000033980682,0.09004335952791245,0.08496767592991496,0.005075683597997504,0.014325000033980682,0.005032621815446044,8.841515276441977e-06,8.841515276441977e-06,0.0,0.9989705251286004,8.842053160567075e-06,5.378841250983264e-10,0.9999057439505463,False
8.401,1,409,410,3.2403750000000073,3.2403750000000073,0.0,0.014962500033980712,0.014962500033980712,0.09006767592991521,0.08435449233191766,0.005394433597997519,0.014962500033980712,0.005032621815446044,8.860129456432465e-06,8.860129456432465e-06,0.0,0.9981942067063823,8.858166123456261e-06,-1.9633329762034756e-09,0.9998351293261334,False
8.42,1,410,411,3.246075000000007,3.246075000000007,0.0,0.015675000033980636,0.015675000033980636,0.09005449233191709,0.08394755873391962,0.005935546883495105,0.015675000033980636,0.005032621815446044,8.910538206196184e-06,8.910538206196184e-06,0.0,0.9983106366758981,8.928020888225347e-06,1.74826820291624e-08,0.9998457448493593,False
8.44025,1,411,412,3.2521500000000074,3.252150000000007,-4.440892098500626e-16,0.016434375033980646,0.016434375033980646,0.09002255873391976,0.08315625013592227,0.00631523438349511,0.016434375033980646,0.005032621815446044,9.057964117606745e-06,9.057964117606745e-06,0.0,0.9984589736869475,9.056513909880027e-06,-1.450207726718918e-09,0.9998592132388713,False
8.46325,1,412,413,3.259050000000007,3.259050000000007,0.0,0.017296875033980613,0.017296875033980613,0.09005625013592211,0.08249882825242699,0.006498046883495106,0.017296875033980613,0.005032621815446044,8.896372641188974e-06,8.896372641188974e-06,0.0,0.9985624792208222,8.888431791506793e-06,-7.940849682181502e-09,0.9998684694770114,False
8.4885,1,413,414,3.266625000000007,3.2666250000000066,-4.440892098500626e-16,0.018243750033980582,0.018243750033980582,0.09007382825242685,0.08156953136893173,0.00697148438349509,0.018243750033980582,0.005032621815446044,9.030289182969902e-06,9.030289182969902e-06,0.0,0.9986140577422534,9.05171876520994e-06,2.142958224003841e-08,0.9998730426370054,False
8.51675,1,414,415,3.275100000000007,3.275100000000007,0.0,0.019303125033980552,0.019303125033980552,0.09004453136893156,0.0808605469854365,0.008030859383495086,0.019303125033980552,0.005032621815446044,9.14859937586925e-06,9.14859937586925e-06,0.0,0.9987152207988598,9.141775051335963e-06,-6.8243245332879395e-09,0.9998813985315828,False
8.54725,1,415,416,3.2842500000000063,3.2842500000000063,0.0,0.020446875033980523,0.020446875033980523,0.09001054698543627,0.08484667979368876,0.005163867191747516,0.020446875033980523,0.005032621815446044,9.17571262700235e-06,9.17571262700235e-06,0.0,0.9988752709444677,9.172707673295045e-06,-3.004953707304997e-09,0.9998970917100818,False
8.5645,1,416,417,3.2894250000000063,3.2894250000000067,4.440892098500626e-16,0.02109375003398053,0.02109375003398053,0.09002167979368884,0.0842109376019413,0.005147460941747532,0.02109375003398053,0.005032621815446044,9.194763298797046e-06,9.194763298797046e-06,0.0,0.9982245787991209,9.19265598201658e-06,-2.1073167804665487e-09,0.9998379466012695,False
8.584,1,417,418,3.2952750000000073,3.2952750000000073,0.0,0.02182500003398054,0.02182500003398054,0.09006093760194142,0.08418222666019386,0.005513085941747537,0.02182500003398054,0.005032621815446044,9.27164769659651e-06,9.27164769659651e-06,0.0,0.9982451398523148,9.291706293283302e-06,2.0058596686791438e-08,0.9998398456622586,False
8.6035,1,418,419,3.301125000000007,3.301125000000007,0.0,0.022556250033980485,0.022556250033980485,0.09003222666019348,0.08342226571844595,0.0056419921917475096,0.022556250033980485,0.005032621815446044,9.347879354805894e-06,9.347879354805894e-06,0.0,0.998347866583718,9.37157189119704e-06,2.3692536391144896e-08,0.999849181008077,False
8.6255,1,419,420,3.3077250000000067,3.3077250000000067,0.0,0.023381250033980474,0.023381250033980474,0.09002226571844596,0.08295292977669844,0.006054492191747504,0.023381250033980474,0.005032621815446044,9.384934701967495e-06,9.384934701967495e-06,0.0,0.9984047075053339,9.36378634434169e-06,-2.1148357625804535e-08,0.9998542641239225,False
8.649000000000001,1,420,421,3.3147750000000067,3.3147750000000067,0.0,0.024262500033980464,0.024262500033980464,0.09000292977669849,0.08205234383495097,0.006935742191747521,0.024262500033980464,0.005032621815446044,9.330615829856857e-06,9.330615829856857e-06,0.0,0.9985123932194466,9.320935984252966e-06,-9.679845603891013e-09,0.9998638114554841,False
8.6755,1,421,422,3.322725000000007,3.322725000000007,0.0,0.025256250033980455,0.025256250033980455,0.090002343834951,0.08166035164320345,0.007802343758495089,0.025256250033980455,0.005032621815446044,9.414125214105321e-06,9.414125214105321e-06,0.0,0.9986987032695279,9.422291364569304e-06,8.166150463983059e-09,0.9998804683756002,False
8.7035,1,422,423,3.3311250000000063,3.3311250000000063,0.0,0.02630625003398038,0.01315312501699019,0.09006035164320286,0.0806683594514554,0.008852343758495015,0.01315312501699019,0.005032621815446044,9.510349750356208e-06,9.510349750356208e-06,0.0,0.9988343477052921,9.517688093036634e-06,7.3383426804260986e-09,0.9998921206561824,False
8.73475,1,423,424,3.340500000000006,3.340500000000006,0.0,0.014325000016990162,0.014325000016990162,0.09004335945145517,0.08496767585558145,0.005075683595873718,0.014325000016990162,0.005032621815446044,9.675559785288034e-06,9.675559785288034e-06,0.0,0.9989705188223057,9.676745912713669e-06,1.1861274256351733e-09,0.9999057373114075,False
8.75175,1,424,425,3.3456000000000063,3.3456000000000063,0.0,0.014962500016990192,0.014962500016990192,0.0900676758555817,0.08435449225970794,0.005394433595873733,0.014962500016990192,0.005032621815446044,9.678075199567843e-06,9.678075199567843e-06,0.0,0.9981941897369812,9.674715225828421e-06,-3.3599737394218645e-09,0.9998351113932279,False
8.77075,1,425,426,3.3513000000000064,3.3513000000000064,0.0,0.01567500001699018,0.01567500001699018,0.09005449225970788,0.08394755866383415,0.005935546879247508,0.01567500001699018,0.005032621815446044,9.714719817728395e-06,9.714719817728395e-06,0.0,0.9983106056850727,9.739506044106639e-06,2.4786226378244224e-08,0.9998457164009591,False
8.791,1,426,427,3.3573750000000055,3.3573750000000055,0.0,0.016434375016990126,0.016434375016990126,0.09002255866383377,0.08315625006796006,0.00631523437924748,0.016434375016990126,0.005032621815446044,9.897932962630278e-06,9.897932962630278e-06,0.0,0.9984589679418113,9.899493364108635e-06,1.560401478357563e-09,0.9998592122745642,False
8.814,1,427,428,3.3642750000000055,3.3642750000000055,0.0,0.017296875016990093,0.017296875016990093,0.0900562500679599,0.08249882818871243,0.006498046879247458,0.017296875016990093,0.005032621815446044,9.739999742978326e-06,9.739999742978326e-06,0.0,0.9985624819679148,9.73051381491911e-06,-9.485928059217198e-09,0.9998684675183727,False
8.83925,1,428,429,3.371850000000006,3.371850000000006,0.0,0.018243750016990128,0.018243750016990128,0.09007382818871282,0.0815695313094653,0.0069714843792474755,0.018243750016990128,0.005032621815446044,9.82444090017468e-06,9.82444090017468e-06,0.0,0.9986140161026111,9.838874669926734e-06,1.4433769752054525e-08,0.9998729976217209,False
8.8675,1,429,430,3.380325000000006,3.380325000000006,0.0,0.019303125016990098,0.019303125016990098,0.09004453130946513,0.08086054693021764,0.008030859379247472,0.019303125016990098,0.005032621815446044,9.956720363495347e-06,9.956720363495347e-06,0.0,0.9987152008870459,9.957559945815192e-06,8.395823198454298e-10,0.9998813861434598,False
8.898,1,430,431,3.3894750000000053,3.3894750000000053,0.0,0.02044687501699007,0.02044687501699007,0.09001054693021741,0.08484667974059368,0.005163867189623734,0.02044687501699007,0.005032621815446044,9.998319025781481e-06,9.998319025781481e-06,0.0,0.998875274783418,9.993057180836235e-06,-5.26184494524626e-09,0.9998970941835059,False
8.91525,1,431,432,3.3946500000000053,3.3946500000000053,0.0,0.02109375001699001,0.02109375001699001,0.09002167974059325,0.08421093755096955,0.005147460939623708,0.02109375001699001,0.005032621815446044,1.0000500899354843e-05,1.0000500899354843e-05,0.0,0.9982245644972909,9.997240922067485e-06,-3.259977287358058e-09,0.9998379315717647,False
8.93475,1,432,433,3.4005000000000054,3.400500000000005,-4.440892098500626e-16,0.02182500001699002,0.02182500001699002,0.09006093755096967,0.08418222661134592,0.005513085939623713,0.02182500001699002,0.005032621815446044,1.0055009531982623e-05,1.0055009531982623e-05,0.0,0.9982451039837211,1.0079912790027478e-05,2.4903258044855613e-08,0.9998398120899221,False
8.95425,1,433,434,3.4063500000000047,3.4063500000000047,0.0,0.022556250016989965,0.022556250016989965,0.09003222661134554,0.08342226567172184,0.005641992189623669,0.022556250016989965,0.005032621815446044,1.0118929201212353e-05,1.0118929201212353e-05,0.0,0.9983478179419872,1.0148380301930516e-05,2.9451100718163193e-08,0.9998491376962004,False
8.97625,1,434,435,3.412950000000005,3.412950000000005,0.0,0.023381250016989954,0.023381250016989954,0.09002226567172185,0.08295292973209815,0.006054492189623664,0.023381250016989954,0.005032621815446044,1.020859834231113e-05,1.020859834231113e-05,0.0,0.9984047312542438,1.0193443291717165e-05,-1.5155050593965418e-08,0.9998542915533281,False
8.99975,1,435,436,3.420000000000005,3.420000000000005,0.0,0.024262500016989944,0.024262500016989944,0.0900029297320982,0.0820523437924745,0.00693574218962368,0.024262500016989944,0.005032621815446044,1.016472147039675e-05,1.016472147039675e-05,0.0,0.9985124112094782,1.0153708017664783e-05,-1.1013452731967405e-08,0.9998638271195717,False
9.026250000000001,1,436,437,3.427950000000005,3.427950000000005,0.0,0.025256250016989935,0.025256250016989935,0.09000234379247454,0.08166035160285083,0.007802343754247443,0.025256250016989935,0.005032621815446044,1.0189228692701678e-05,1.0189228692701678e-05,0.0,0.9986986674818786,1.0194273980950521e-05,5.045288248842943e-09,0.9998804295923263,False
9.05425,1,437,438,3.436350000000005,3.436350000000005,0.0,0.026306250016989927,0.013153125008494963,0.09006035160285077,0.08066835941322706,0.008852343754247436,0.013153125008494963,0.005032621815446044,1.0277807292023998e-05,1.0277807292023998e-05,0.0,0.9988342951794721,1.028445180812501e-05,6.644516101011414e-09,0.9998920724012732,False
9.0855,1,438,439,3.445725000000005,3.4457250000000044,-4.440892098500626e-16,0.014325000008494935,0.014325000008494935,0.09004335941322683,0.08496767581841501,0.005075683594811831,0.014325000008494935,0.005032621815446044,1.045949105273682e-05,1.045949105273682e-05,0.0,0.998970512573964,1.0461649847948314e-05,2.158795211495111e-09,0.999905731067226,False
9.102500000000001,1,439,440,3.4508250000000045,3.4508250000000045,0.0,0.0149625000084949,0.0149625000084949,0.09006767581841474,0.08435449222360293,0.005394433594811813,0.0149625000084949,0.005032621815446044,1.0451036384505352e-05,1.0451036384505352e-05,0.0,0.9981941744467868,1.044601393946227e-05,-5.02244504308174e-09,0.9998350953177759,False
9.121500000000001,1,440,441,3.456525000000004,3.4565250000000045,4.440892098500626e-16,0.015675000008494887,0.015675000008494887,0.09005449222360287,0.08394755862879105,0.005935546877123684,0.015675000008494887,0.005032621815446044,1.0459727674053002e-05,1.0459727674053002e-05,0.0,0.9983105706124118,1.0488469985948609e-05,2.8742311895607e-08,0.9998456830440806,False
9.14175,1,441,442,3.4626000000000037,3.4626000000000037,0.0,0.01643437500849483,0.01643437500849483,0.09002255862879066,0.08315625003397888,0.006315234377123656,0.01643437500849483,0.005032621815446044,1.0666040891250722e-05,1.0666040891250722e-05,0.0,0.9984589466767105,1.067411016933241e-05,8.069278081688407e-09,0.9998591974703072,False
9.16475,1,442,443,3.4695000000000045,3.4695000000000045,0.0,0.017296875008494864,0.017296875008494864,0.09005625003397925,0.08249882815685555,0.006498046877123668,0.017296875008494864,0.005032621815446044,1.0538948091430898e-05,1.0538948091430898e-05,0.0,0.998562495317145,1.0527691245267571e-05,-1.1256846163326326e-08,0.9998684783154688,False
9.19,1,443,444,3.477075000000004,3.477075000000004,0.0,0.018243750008494833,0.018243750008494833,0.0900738281568554,0.08156953127973171,0.006971484377123653,0.018243750008494833,0.005032621815446044,1.0582294113959127e-05,1.0582294113959127e-05,0.0,0.9986139912975938,1.059049785396513e-05,8.203740006003553e-09,0.999872968538137,False
9.21825,1,444,445,3.485550000000004,3.485550000000004,0.0,0.019303125008494803,0.019303125008494803,0.09004453127973155,0.08086054690260787,0.008030859377123648,0.019303125008494803,0.005032621815446044,1.0695266279212484e-05,1.0695266279212484e-05,0.0,0.9987151599850076,1.0700908160576054e-05,5.641881363569606e-09,0.9998813525369398,False
9.24875,1,445,446,3.4947000000000035,3.4947000000000035,0.0,0.020446875008494774,0.020446875008494774,0.09001054690260764,0.0848466797140458,0.005163867188561823,0.020446875008494774,0.005032621815446044,1.076599727016289e-05,1.076599727016289e-05,0.0,0.9988752785753081,1.0760514251753118e-05,-5.483018409771891e-09,0.9998970994485415,False
9.266,1,446,447,3.4998750000000034,3.4998750000000034,0.0,0.021093750008494717,0.021093750008494717,0.09002167971404537,0.08421093752548359,0.00514746093856178,0.021093750008494717,0.005032621815446044,1.0755776813898459e-05,1.0755776813898459e-05,0.0,0.9982245472523822,1.0751576416700049e-05,-4.200397198410224e-09,0.9998379145557551,False
9.2855,1,447,448,3.5057250000000035,3.5057250000000035,0.0,0.021825000008494726,0.021825000008494726,0.0900609375254837,0.0841822265869219,0.005513085938561785,0.021825000008494726,0.005032621815446044,1.0783387150523928e-05,1.0783387150523928e-05,0.0,0.9982450653586631,1.081012588173246e-05,2.6738731208531983e-08,0.9998397747558588,False
9.305,1,448,449,3.5115750000000037,3.511575000000003,-4.440892098500626e-16,0.022556250008494736,0.022556250008494736,0.09003222658692205,0.0834222656483602,0.0056419921885617905,0.022556250008494736,0.005032621815446044,1.0826567560309291e-05,1.0826567560309291e-05,0.0,0.9983477589196778,1.0861361128268135e-05,3.479356795884313e-08,0.9998490817337627,False
9.327,1,449,450,3.518175000000003,3.518175000000003,0.0,0.02338125000849466,0.02338125000849466,0.09002226564835969,0.08295292970979792,0.006054492188561752,0.02338125000849466,0.005032621815446044,1.0966554161635122e-05,1.0966554161635122e-05,0.0,0.9984047390411988,1.095471473066558e-05,-1.1839430969542422e-08,0.999854306192539,False
9.3505,1,450,451,3.525225000000003,3.525225000000003,0.0,0.02426250000849465,0.02426250000849465,0.09000292970979797,0.08205234377123619,0.006935742188561769,0.02426250000849465,0.005032621815446044,1.0948841304024212e-05,1.0948841304024212e-05,0.0,0.9985124351835218,1.093733401085872e-05,-1.1507293165493194e-08,0.9998638511387432,False
9.377,1,451,452,3.533175000000003,3.533175000000003,0.0,0.02525625000849464,0.02525625000849464,0.09000234377123623,0.08166035158267448,0.007802343752123619,0.02525625000849464,0.005032621815446044,1.09263323268132e-05,1.09263323268132e-05,0.0,0.9986986484750189,1.0929316194888594e-05,2.9838680753937075e-09,0.999880406259055,False
9.405,1,452,453,3.541575000000003,3.541575000000003,0.0,0.026306250008494632,0.013153125004247316,0.09006035158267442,0.08066835939411265,0.008852343752123612,0.013153125004247316,0.005032621815446044,1.1006442322981176e-05,1.1006442322981176e-05,0.0,0.9988342529160442,1.1011983263329786e-05,5.540940348610019e-09,0.9998920296491423,False
9.43625,1,453,454,3.550950000000003,3.550950000000003,0.0,0.014325000004247287,0.014325000004247287,0.09004335939411243,0.08496767579983155,0.0050756835942808755,0.014325000004247287,0.005032621815446044,1.117544372749801e-05,1.117544372749801e-05,0.0,0.9989705089513173,1.1179332432257336e-05,3.888704759325836e-09,0.9999057284548704,False
9.45325,1,454,455,3.5560500000000026,3.5560500000000026,0.0,0.014962500004247252,0.014962500004247252,0.0900676757998313,0.08435449220555044,0.005394433594280858,0.014962500004247252,0.005032621815446044,1.1176881602043947e-05,1.1176881602043947e-05,0.0,0.9981941600405416,1.1170148060307114e-05,-6.7335417368329965e-09,0.9998350805044343,False
9.47225,1,455,456,3.5617500000000026,3.5617500000000026,0.0,0.01567500000424724,0.01567500000424724,0.09005449220555037,0.08394755861126951,0.005935546876061773,0.01567500000424724,0.005032621815446044,1.1156266644189895e-05,1.1156266644189895e-05,0.0,0.9983105358307058,1.1185761936982565e-05,2.9495292792669275e-08,0.9998456486894322,False
9.4925,1,456,457,3.5678250000000027,3.5678250000000027,0.0,0.01643437500424725,0.01643437500424725,0.09002255861126965,0.08315625001698876,0.006315234376061778,0.01643437500424725,0.005032621815446044,1.1367045972540636e-05,1.1367045972540636e-05,0.0,0.9984589101591946,1.1384080861537218e-05,1.703488899658205e-08,0.999859167109883,False
9.5155,1,457,458,3.5747250000000026,3.5747250000000026,0.0,0.017296875004247217,0.017296875004247217,0.09005625001698861,0.0824988281409268,0.0064980468760617565,0.017296875004247217,0.005032621815446044,1.1283111180246846e-05,1.1283111180246846e-05,0.0,0.9985625136144508,1.127189889162984e-05,-1.1212288617007274e-08,0.9998684964345883,False
9.540750000000001,1,458,459,3.5823000000000023,3.5823000000000023,0.0,0.018243750004247185,0.018243750004247185,0.09007382814092665,0.08156953126486488,0.006971484376061741,0.018243750004247185,0.005032621815446044,1.1302950263086814e-05,1.1302950263086814e-05,0.0,0.9986139817815948,1.1306112944782965e-05,3.1626816961508302e-09,0.9998729543086231,False
9.569,1,459,460,3.590775000000002,3.590775000000002,0.0,0.019303125004247156,0.019303125004247156,0.09004453126486471,0.08086054688880298,0.008030859376061735,0.019303125004247156,0.005032621815446044,1.1386133911527404e-05,1.1386133911527404e-05,0.0,0.9987151107058035,1.1393251868920093e-05,7.117957392688843e-09,0.9998813070275004,False
9.5995,1,460,461,3.5999250000000016,3.5999250000000016,0.0,0.020446875004247127,0.020446875004247127,0.09001054688880275,0.08484667970077191,0.00516386718803085,0.020446875004247127,0.005032621815446044,1.1476461644191254e-05,1.1476461644191254e-05,0.0,0.9988752705056474,1.1471604619103223e-05,-4.8570250880313e-09,0.9998970949531456,False
9.61675,1,461,462,3.605100000000002,3.605100000000002,0.0,0.021093750004247135,0.021093750004247135,0.09002167970077199,0.08421093751274111,0.005147460938030857,0.021093750004247135,0.005032621815446044,1.1461352880886828e-05,1.1461352880886828e-05,0.0,0.9982245261281021,1.1455742593480554e-05,-5.610287406274421e-09,0.9998378933485047,False
9.63625,1,462,463,3.6109500000000017,3.6109500000000017,0.0,0.02182500000424708,0.02182500000424708,0.09006093751274069,0.08418222657470988,0.005513085938030829,0.02182500000424708,0.005032621815446044,1.1464690331662071e-05,1.1464690331662071e-05,0.0,0.9982450278648611,1.1491286040973055e-05,2.6595709310984214e-08,0.9998397368012105,False
9.65575,1,463,464,3.616800000000002,3.616800000000002,0.0,0.02255625000424709,0.02255625000424709,0.09003222657471002,0.08342226563667916,0.005641992188030834,0.02255625000424709,0.005032621815446044,1.14856215246418e-05,1.14856215246418e-05,0.0,0.9983476993650053,1.1520877546974674e-05,3.5256022332873184e-08,0.9998490218100685,False
9.67775,1,464,465,3.6234000000000015,3.623400000000002,4.440892098500626e-16,0.023381250004247078,0.023381250004247078,0.09002226563667919,0.08295292969864831,0.006054492188030829,0.023381250004247078,0.005032621815446044,1.1662121554930548e-05,1.1662121554930548e-05,0.0,0.9984047241126887,1.16551267600445e-05,-6.9947948860469254e-09,0.999854299541237,False
9.70125,1,465,466,3.6304500000000015,3.6304500000000015,0.0,0.024262500004247,0.024262500004247,0.09000292969864783,0.08205234376061701,0.006935742188030778,0.024262500004247,0.005032621815446044,1.1672716313660005e-05,1.1672716313660005e-05,0.0,0.9985124589291058,1.1662067981368511e-05,-1.0648332291493621e-08,0.99986387672198,False
9.72775,1,466,467,3.638400000000001,3.638400000000001,0.0,0.025256250004246993,0.025256250004246993,0.09000234376061704,0.08166035157258625,0.007802343751061707,0.025256250004246993,0.005032621815446044,1.1620052967970695e-05,1.1620052967970695e-05,0.0,0.9986986425032635,1.1621185588809853e-05,1.1326208391581206e-09,0.9998803952565468,False
9.75575,1,467,468,3.646800000000001,3.646800000000001,0.0,0.026306250004246984,0.013153125002123492,0.09006035157258618,0.08066835938455538,0.008852343751061701,0.013153125002123492,0.005032621815446044,1.1694769828248647e-05,1.1694769828248647e-05,0.0,0.998834229317009,1.170030907699242e-05,5.5392487437731265e-09,0.9998920022785356,False
9.787,1,468,469,3.656175000000001,3.656175000000001,0.0,0.014325000002123464,0.014325000002123464,0.09004335938455515,0.08496767579053978,0.0050756835940153795,0.014325000002123464,0.005032621815446044,1.1852184403603059e-05,1.1852184403603059e-05,0.0,0.9989705000251105,1.1858647537582156e-05,6.463133979097086e-09,0.9999057203615074,False
9.804,1,469,470,3.6612750000000007,3.6612750000000007,0.0,0.014962500002123428,0.014962500002123428,0.09006767579053951,0.08435449219652415,0.005394433594015362,0.014962500002123428,0.005032621815446044,1.1857521227526924e-05,1.1857521227526924e-05,0.0,0.9981941468361796,1.1849497873264617e-05,-8.023354262307872e-09,0.9998350666940409,False
9.823,1,470,471,3.6669750000000008,3.6669750000000008,0.0,0.015675000002123417,0.015675000002123417,0.09005449219652409,0.08394755860250872,0.005935546875530817,0.015675000002123417,0.005032621815446044,1.1807387898482016e-05,1.1807387898482016e-05,0.0,0.9983105043863745,1.1835124342589716e-05,2.7736444107700478e-08,0.9998456161266898,False
9.84325,1,471,472,3.673050000000001,3.673050000000001,0.0,0.016434375002123428,0.016434375002123428,0.09002255860250888,0.08315625000849347,0.006315234375530822,0.016434375002123428,0.005032621815446044,1.2010444366324948e-05,1.2010444366324948e-05,0.0,0.9984588628147696,1.2033316212104242e-05,2.287184577929452e-08,0.9998591237704039,False
9.86625,1,472,473,3.6799500000000007,3.6799500000000007,0.0,0.017296875002123395,0.017296875002123395,0.09005625000849332,0.08249882813296247,0.006498046875530801,0.017296875002123395,0.005032621815446044,1.1974558768739331e-05,1.1974558768739331e-05,0.0,0.9985625302339565,1.1963512452850805e-05,-1.1046315888526507e-08,0.9998685150176575,False
9.8915,1,473,474,3.6875250000000004,3.6875250000000004,0.0,0.018243750002123364,0.018243750002123364,0.09007382813296232,0.0815695312574315,0.006971484375530785,0.018243750002123364,0.005032621815446044,1.1977806789749738e-05,1.1977806789749738e-05,0.0,0.9986139832805797,1.1977290851138838e-05,-5.159386108990506e-10,0.9998729511475318,False
9.91975,1,474,475,3.6960000000000006,3.6960000000000006,0.0,0.019303125002123334,0.019303125002123334,0.09004453125743134,0.08086054688190056,0.008030859375530781,0.019303125002123334,0.005032621815446044,1.202415876249186e-05,1.202415876249186e-05,0.0,0.9987150592513585,1.202973815405504e-05,5.579391563180231e-09,0.9998812552595149,False
9.95025,1,475,476,3.7051499999999997,3.7051499999999997,0.0,0.020446875002123305,0.020446875002123305,0.09001054688190033,0.08484667969413495,0.005163867187765372,0.020446875002123305,0.005032621815446044,1.213095894840241e-05,1.213095894840241e-05,0.0,0.998875245990409,1.2126778199512235e-05,-4.180748890174812e-09,0.9998970741618404,False
9.9675,1,476,477,3.710325,3.710325,0.0,0.021093750002123313,0.021093750002123313,0.09002167969413505,0.08421093750636965,0.00514746093776538,0.021093750002123313,0.005032621815446044,1.211938943933245e-05,1.211938943933245e-05,0.0,0.998224506405149,1.2112399063921308e-05,-6.990375411142615e-09,0.9998378723017383,False
9.987,1,477,478,3.716175,3.716175,0.0,0.021825000002123257,0.021825000002123257,0.09006093750636923,0.0841822265686039,0.0055130859377653515,0.021825000002123257,0.005032621815446044,1.2100803778798236e-05,1.2100803778798236e-05,0.0,0.9982449956094753,1.2125655457045394e-05,2.4851678247158086e-08,0.9998397022566676,False
10.0065,1,478,479,3.7220249999999995,3.7220249999999995,0.0,0.022556250002123267,0.022556250002123267,0.09003222656860405,0.08342226563083865,0.005641992187765357,0.022556250002123267,0.005032621815446044,1.2101325090054822e-05,1.2101325090054822e-05,0.0,0.9983476483205419,1.2135531313768106e-05,3.420622371328374e-08,0.9998489669941721,False
10.028500000000001,1,479,480,3.728625,3.728625,0.0,0.023381250002123256,0.023381250002123256,0.09002226563083868,0.08295292969307327,0.006054492187765352,0.023381250002123256,0.005032621815446044,1.2306470675833636e-05,1.2306470675833636e-05,0.0,0.9984046855859863,1.230161298128402e-05,-4.857694549614908e-09,0.9998542684900994,False
10.052,1,480,481,3.7356749999999996,3.7356750000000005,8.881784197001252e-16,0.024262500002123245,0.024262500002123245,0.09000292969307333,0.08205234375530791,0.006935742187765368,0.024262500002123245,0.005032621815446044,1.2332459893259044e-05,1.2332459893259044e-05,0.0,0.9985124765217055,1.2324143176884492e-05,-8.316716374552526e-09,0.9998638976958877,False
10.0785,1,481,482,3.7436249999999998,3.7436249999999998,0.0,0.02525625000212317,0.02525625000212317,0.09000234375530744,0.0816603515675421,0.007802343750530752,0.02525625000212317,0.005032621815446044,1.2268832205059217e-05,1.2268832205059217e-05,0.0,0.9986986453872907,1.2269120781399504e-05,2.8857634028689114e-10,0.9998803931062328,False
10.1065,1,482,483,3.7520249999999997,3.7520249999999997,0.0,0.026306250002123163,0.013153125001061581,0.09006035156754204,0.08066835937977672,0.008852343750530744,0.013153125001061581,0.005032621815446044,1.2335443747326085e-05,1.2335443747326085e-05,0.0,0.9988342215091965,1.2340479008746981e-05,5.035261420896454e-09,0.999891990079528,False
10.13775,1,483,484,3.761399999999999,3.761399999999999,0.0,0.014325000001061553,0.014325000001061553,0.09004335937977649,0.08496767578589384,0.005075683593882642,0.014325000001061553,0.005032621815446044,1.2471250270961408e-05,1.2471250270961408e-05,0.0,0.998970488145817,1.2479412783267122e-05,8.162512305713403e-09,0.9999057092738496,False
10.15475,1,484,485,3.7664999999999993,3.766499999999999,-4.440892098500626e-16,0.014962500001061517,0.014962500001061517,0.09006767578589359,0.08435449219201095,0.005394433593882624,0.014962500001061517,0.005032621815446044,1.249086343954096e-05,1.249086343954096e-05,0.0,0.9981941343500361,1.2482178299958748e-05,-8.685139582211487e-09,0.999835053310401,False
10.17375,1,485,486,3.772199999999999,3.772199999999999,0.0,0.015675000001061506,0.015675000001061506,0.09005449219201091,0.08394755859812827,0.005935546875265323,0.015675000001061506,0.005032621815446044,1.241320038509547e-05,1.241320038509547e-05,0.0,0.9983104781442546,1.2435840685347304e-05,2.2640300251832715e-08,0.9998455874381625,False
10.194,1,486,487,3.7782749999999994,3.7782749999999994,0.0,0.016434375001061517,0.016434375001061517,0.09002255859812841,0.08315625000424576,0.006315234375265328,0.016434375001061517,0.005032621815446044,1.2593810637229251e-05,1.2593810637229251e-05,0.0,0.9984588111066501,1.2623887118452798e-05,3.007648122354688e-08,0.9998590730831418,False
10.217,1,487,488,3.7851749999999993,3.7851749999999993,0.0,0.017296875001061484,0.017296875001061484,0.09005625000424561,0.08249882812898025,0.006498046875265322,0.017296875001061484,0.005032621815446044,1.2614097983323344e-05,1.2614097983323344e-05,0.0,0.9985625369644112,1.260633741472582e-05,-7.760568597524418e-09,0.9998685251972665,False
10.24225,1,488,489,3.792749999999999,3.792749999999999,0.0,0.018243750001061453,0.018243750001061453,0.0900738281289801,0.08156953125371477,0.006971484375265307,0.018243750001061453,0.005032621815446044,1.2604746910767058e-05,1.2604746910767058e-05,0.0,0.9986139907925767,1.2601883738658096e-05,-2.8631721089617153e-09,0.9998729545933519,False
10.2705,1,489,490,3.8012249999999987,3.8012249999999987,0.0,0.019303125001061423,0.019303125001061423,0.09004453125371462,0.08086054687844935,0.008030859375265303,0.019303125001061423,0.005032621815446044,1.2631152705870282e-05,1.2631152705870282e-05,0.0,0.998715017950751,1.2635313739866759e-05,4.161033996476129e-09,0.9998812116048441,False
10.301,1,490,491,3.8103749999999987,3.8103749999999987,0.0,0.020446875001061394,0.020446875001061394,0.09001054687844912,0.08484667969081648,0.0051638671876326255,0.020446875001061394,0.005032621815446044,1.273568377866736e-05,1.273568377866736e-05,0.0,0.9988752103109803,1.2732425595474064e-05,-3.2581831932963767e-09,0.9998970405823469,False
10.31825,1,491,492,3.8155499999999987,3.8155499999999987,0.0,0.021093750001061402,0.021093750001061402,0.09002167969081656,0.08421093750318392,0.00514746093763264,0.021093750001061402,0.005032621815446044,1.2733471544810104e-05,1.2733471544810104e-05,0.0,0.9982244936862614,1.2725149170765419e-05,-8.322374044685693e-09,0.9998378574515233,False
10.33775,1,492,493,3.821399999999999,3.821399999999999,0.0,0.021825000001061412,0.021825000001061412,0.09006093750318403,0.08418222656555137,0.005513085937632645,0.021825000001061412,0.005032621815446044,1.2690533352950308e-05,1.2690533352950308e-05,0.0,0.9982449719305816,1.2711272677873791e-05,2.0739324923483172e-08,0.9998396752089243,False
10.35725,1,493,494,3.8272499999999985,3.8272499999999985,0.0,0.022556250001061356,0.022556250001061356,0.09003222656555099,0.08342226562791834,0.005641992187632618,0.022556250001061356,0.005032621815446044,1.2675866607076976e-05,1.2675866607076976e-05,0.0,0.9983476119462983,1.2705378831802904e-05,2.9512224725928172e-08,0.9998489246749028,False
10.37925,1,494,495,3.833849999999998,3.833849999999998,0.0,0.023381250001061345,0.023381250001061345,0.09002226562791835,0.08295292969028573,0.006054492187632612,0.023381250001061345,0.005032621815446044,1.2879386517710236e-05,1.2879386517710236e-05,0.0,0.9984046280821415,1.2879789614311148e-05,4.0309660091168015e-10,0.9998542162222378,False
10.402750000000001,1,495,496,3.8408999999999986,3.8408999999999986,0.0,0.024262500001061334,0.024262500001061334,0.09000292969028577,0.08205234375265313,0.006935742187632629,0.024262500001061334,0.005032621815446044,1.2929140133634823e-05,1.2929140133634823e-05,0.0,0.9985124805765345,1.2924574318080059e-05,-4.565815554764341e-09,0.9998639063236218,False
10.42925,1,496,497,3.8488499999999988,3.8488499999999983,-4.440892098500626e-16,0.025256250001061326,0.025256250001061326,0.09000234375265317,0.08166035156502052,0.007802343750265307,0.025256250001061326,0.005032621815446044,1.286551839670079e-05,1.286551839670079e-05,0.0,0.9986986571365591,1.2863893988377062e-05,-1.6244083237272437e-09,0.9998804008246205,False
10.45725,1,497,498,3.857249999999998,3.857249999999998,0.0,0.02630625000106125,0.013153125000530626,0.09006035156501994,0.08066835937738737,0.008852343750265234,0.013153125000530626,0.005032621815446044,1.2924929485467394e-05,1.2924929485467394e-05,0.0,0.9988342251911931,1.2929717449962434e-05,4.787964495039411e-09,0.9998919909468731,False
10.4885,1,498,499,3.8666249999999973,3.8666249999999973,0.0,0.014325000000530597,0.014325000000530597,0.09004335937738714,0.08496767578357087,0.005075683593816272,0.014325000000530597,0.005032621815446044,1.3041745792224024e-05,1.3041745792224024e-05,0.0,0.9989704718078485,1.3049900468205985e-05,8.15467598196042e-09,0.9999056935169444,False
10.5055,1,499,500,3.871724999999998,3.871724999999998,0.0,0.014962500000530628,0.014962500000530628,0.09006767578357111,0.0843544921897548,0.0053944335938162875,0.014962500000530628,0.005032621815446044,1.3071615166261664e-05,1.3071615166261664e-05,0.0,0.9981941231628815,1.3062979747704086e-05,-8.635418557577813e-09,0.9998350409547455,False
10.5245,1,500,501,3.877424999999998,3.877424999999998,0.0,0.015675000000530615,0.015675000000530615,0.09005449218975474,0.08394755859593844,0.005935546875132617,0.015675000000530615,0.005032621815446044,1.2982311614679907e-05,1.2982311614679907e-05,0.0,0.9983104575856435,1.2997817287666795e-05,1.5505672986887756e-08,0.9998455638228243,False
10.54475,1,501,502,3.8834999999999975,3.8834999999999975,0.0,0.01643437500053056,0.01643437500053056,0.09002255859593807,0.0831562500021218,0.006315234375132589,0.01643437500053056,0.005032621815446044,1.3131691895718514e-05,1.3131691895718514e-05,0.0,0.9984587612774474,1.3164220612583985e-05,3.252871686547083e-08,0.9998590215908519,False
10.56775,1,502,503,3.890399999999997,3.890399999999997,0.0,0.017296875000530527,0.017296875000530527,0.09005625000212164,0.08249882812698907,0.0064980468751325675,0.017296875000530527,0.005032621815446044,1.3189012002904135e-05,1.3189012002904135e-05,0.0,0.9985625297494451,1.3183377718005635e-05,-5.6342848985002116e-09,0.9998685230641491,False
10.593,1,503,504,3.897974999999997,3.897974999999997,0.0,0.018243750000530495,0.018243750000530495,0.09007382812698893,0.08156953125185637,0.006971484375132552,0.018243750000530495,0.005032621815446044,1.3180773066629706e-05,1.3180773066629706e-05,0.0,0.9986140026388112,1.3175451218459103e-05,-5.321848170602842e-09,0.9998729636713231,False
10.62125,1,504,505,3.9064499999999973,3.9064499999999973,0.0,0.01930312500053053,0.01930312500053053,0.09004453125185673,0.08086054687672412,0.008030859375132614,0.01930312500053053,0.005032621815446044,1.3192844832588156e-05,1.3192844832588156e-05,0.0,0.9987149882891028,1.319565331184463e-05,2.80847925647411e-09,0.9998811789739991,False
10.65175,1,505,506,3.9155999999999973,3.9155999999999973,0.0,0.020446875000530502,0.020446875000530502,0.09001054687672388,0.0848466796891576,0.005163867187566289,0.020446875000530502,0.005032621815446044,1.3287719709169387e-05,1.3287719709169387e-05,0.0,0.9988751714941859,1.3286345502014878e-05,-1.3742071545096417e-09,0.9998970017752803,False
10.669,1,506,507,3.920774999999997,3.920774999999997,0.0,0.021093750000530445,0.021093750000530445,0.09002167968915717,0.08421093750159092,0.005147460937566263,0.021093750000530445,0.005032621815446044,1.3298053932311193e-05,1.3298053932311193e-05,0.0,0.9982244875719611,1.3289543569705808e-05,-8.510362605384722e-09,0.9998378495035803,False
10.6885,1,507,508,3.926624999999997,3.926624999999997,0.0,0.021825000000530455,0.021825000000530455,0.09006093750159104,0.08418222656402474,0.005513085937566268,0.021825000000530455,0.005032621815446044,1.324033255792849e-05,1.324033255792849e-05,0.0,0.9982449546240978,1.3255687987827062e-05,1.5355429898572244e-08,0.9998396546193262,False
10.708,1,508,509,3.9324749999999966,3.9324749999999966,0.0,0.0225562500005304,0.0225562500005304,0.09003222656402435,0.08342226562645809,0.0056419921875662405,0.0225562500005304,0.005032621815446044,1.3217539999627972e-05,1.3217539999627972e-05,0.0,0.9983475904117792,1.3239702639174762e-05,2.2162639546789492e-08,0.9998488967324145,False
10.73,1,509,510,3.9390749999999963,3.9390749999999963,0.0,0.023381250000530387,0.023381250000530387,0.09002226562645811,0.08295292968889187,0.006054492187566235,0.023381250000530387,0.005032621815446044,1.3408366683690211e-05,1.3408366683690211e-05,0.0,0.9984045609275222,1.3409984249208862e-05,1.6175655186503358e-09,0.9998541514037793,False
10.7535,1,510,511,3.9461249999999968,3.9461249999999968,0.0,0.024262500000530377,0.024262500000530377,0.0900029296888919,0.08205234375132564,0.0069357421875662515,0.024262500000530377,0.005032621815446044,1.3474411150596493e-05,1.3474411150596493e-05,0.0,0.9985124670758928,1.3474664355855607e-05,2.532052591143648e-10,0.9998638996400047,False
10.78,1,511,512,3.9540749999999965,3.9540749999999965,0.0,0.02525625000053037,0.02525625000053037,0.0900023437513257,0.08166035156375942,0.007802343750132551,0.02525625000053037,0.005032621815446044,1.341958741862595e-05,1.341958741862595e-05,0.0,0.9986986772092475,1.3416826567156119e-05,-2.760851469831146e-09,0.999880418712201,False
10.808,1,512,513,3.9624749999999964,3.962474999999996,-4.440892098500626e-16,0.02630625000053036,0.01315312500026518,0.09006035156375936,0.08066835937619307,0.008852343750132543,0.01315312500026518,0.005032621815446044,1.3468542935932433e-05,1.3468542935932433e-05,0.0,0.9988342338335962,1.3471872741203572e-05,3.3298052711395326e-09,0.9998919993541471,False
10.83925,1,513,514,3.971849999999996,3.971849999999996,0.0,0.014325000000265152,0.014325000000265152,0.09004335937619284,0.08496767578240974,0.0050756835937831165,0.014325000000265152,0.005032621815446044,1.356482114607096e-05,1.356482114607096e-05,0.0,0.9989704525928972,1.3571924326486929e-05,7.103180415968138e-09,0.9999056743826993,False
10.856250000000001,1,514,515,3.976949999999996,3.976949999999996,0.0,0.014962500000265116,0.014962500000265116,0.09006767578240947,0.08435449218862637,0.005394433593783099,0.014962500000265116,0.005032621815446044,1.360546896383691e-05,1.360546896383691e-05,0.0,0.9981941140424634,1.3597461950344851e-05,-8.007013492058903e-09,0.9998350307923616,False
10.87525,1,515,516,3.9826499999999956,3.9826499999999956,0.0,0.015675000000265102,0.015675000000265102,0.09005449218862631,0.08394755859484321,0.005935546875066239,0.015675000000265102,0.005032621815446044,1.3511375136202402e-05,1.3511375136202402e-05,0.0,0.998310441916762,1.3521576552414882e-05,1.0201416212479459e-08,0.9998455453864081,False
10.8955,1,516,517,3.988724999999995,3.988724999999995,0.0,0.016434375000265046,0.016434375000265046,0.09002255859484282,0.08315625000105975,0.006315234375066211,0.016434375000265046,0.005032621815446044,1.3623727878590017e-05,1.3623727878590017e-05,0.0,0.9984587183185931,1.365583849082326e-05,3.211061223324242e-08,0.9998589752442315,False
10.9185,1,517,518,3.9956249999999955,3.9956249999999955,0.0,0.01729687500026508,0.01729687500026508,0.09005625000106013,0.08249882812599385,0.006498046875066222,0.01729687500026508,0.005032621815446044,1.3711893402544657e-05,1.3711893402544657e-05,0.0,0.9985625046544958,1.370752232839375e-05,-4.371074150907612e-09,0.999868504112323,False
10.94375,1,518,519,4.003199999999996,4.003199999999996,0.0,0.018243750000265048,0.018243750000265048,0.09007382812599371,0.08156953125092747,0.006971484375066206,0.018243750000265048,0.005032621815446044,1.3708648784556404e-05,1.3708648784556404e-05,0.0,0.9986140183628749,1.3704289450312314e-05,-4.359334244090742e-09,0.9998729787293626,False
10.972,1,519,520,4.011674999999995,4.011674999999995,0.0,0.019303125000265018,0.019303125000265018,0.09004453125092729,0.08086054687586107,0.008030859375066202,0.019303125000265018,0.005032621815446044,1.3713205383227592e-05,1.3713205383227592e-05,0.0,0.9987149710844758,1.3714287855580353e-05,1.082472352761086e-09,0.9998811592953057,False
11.0025,1,520,521,4.020824999999995,4.020824999999995,0.0,0.02044687500026499,0.02044687500026499,0.09001054687586084,0.08484667968832774,0.0051638671875331,0.02044687500026499,0.005032621815446044,1.379171552895521e-05,1.379171552895521e-05,0.0,0.9988751375127795,1.3791812718432582e-05,9.718947737260338e-11,0.99989696611781,False
11.01975,1,521,522,4.0259999999999945,4.0259999999999945,0.0,0.021093750000264932,0.021093750000264932,0.0900216796883273,0.08421093750079424,0.005147460937533057,0.021093750000264932,0.005032621815446044,1.381611539190296e-05,1.381611539190296e-05,0.0,0.9982244833760726,1.3808406229673734e-05,-7.70916222922653e-09,0.9998378446038945,False
11.039250000000001,1,522,523,4.031849999999995,4.031849999999995,0.0,0.02182500000026494,0.02182500000026494,0.09006093750079436,0.08418222656326127,0.005513085937533062,0.02182500000026494,0.005032621815446044,1.3749955096570225e-05,1.3749955096570225e-05,0.0,0.9982449401998208,1.376111646719573e-05,1.1161370625504445e-08,0.999839637741114,False
11.05875,1,523,524,4.037699999999995,4.037699999999995,0.0,0.02255625000026495,0.02255625000026495,0.09003222656326142,0.0834222656257283,0.005641992187533067,0.02255625000026495,0.005032621815446044,1.3725220417663703e-05,1.3725220417663703e-05,0.0,0.9983475800645185,1.3740621634083903e-05,1.5401216420200402e-08,0.999848880813173,False
11.08075,1,524,525,4.0442999999999945,4.0442999999999945,0.0,0.023381250000264874,0.023381250000264874,0.09002226562572777,0.08295292968819473,0.006054492187533029,0.023381250000264874,0.005032621815446044,1.390123841883005e-05,1.390123841883005e-05,0.0,0.9984044930111633,1.3903771350043116e-05,2.5329312130665865e-09,0.999854083146518,False
11.10425,1,525,526,4.051349999999994,4.051349999999994,0.0,0.024262500000264864,0.024262500000264864,0.09000292968819479,0.08205234375066173,0.0069357421875330455,0.024262500000264864,0.005032621815446044,1.3963086318556254e-05,1.3963086318556254e-05,0.0,0.9985124336944098,1.3965725866767876e-05,2.6395482116215244e-09,0.9998638739174617,False
11.13075,1,526,527,4.059299999999995,4.059299999999995,0.0,0.025256250000264855,0.025256250000264855,0.09000234375066177,0.08166035156312873,0.007802343750066173,0.025256250000264855,0.005032621815446044,1.3930094057855523e-05,1.3930094057855523e-05,0.0,0.9986987041701139,1.3927444318929716e-05,-2.6497389258065777e-09,0.9998804459170921,False
11.15875,1,527,528,4.067699999999995,4.067699999999995,0.0,0.026306250000264847,0.013153125000132423,0.09006035156312867,0.08066835937559565,0.008852343750066166,0.013153125000132423,0.005032621815446044,1.3969055592555232e-05,1.3969055592555232e-05,0.0,0.9988342427631374,1.3971322413191704e-05,2.266820636471871e-09,0.9998920098371173,False
11.19,1,528,529,4.0770749999999945,4.0770749999999945,0.0,0.014325000000132395,0.014325000000132395,0.09004335937559542,0.0849676757818289,0.0050756835937665135,0.014325000000132395,0.005032621815446044,1.4046163497111134e-05,1.4046163497111134e-05,0.0,0.9989704344125776,1.4050960279322737e-05,4.796782211602293e-09,0.999905655765147,False
11.207,1,529,530,4.082174999999994,4.082174999999994,0.0,0.01496250000013236,0.01496250000013236,0.09006767578182864,0.08435449218806214,0.005394433593766496,0.01496250000013236,0.005032621815446044,1.4094041689753867e-05,1.4094041689753867e-05,0.0,0.9981941062956687,1.4087067271046632e-05,-6.97441870723466e-09,0.9998350225797196,False
11.226,1,530,531,4.087874999999994,4.087874999999994,0.0,0.015675000000132347,0.015675000000132347,0.09005449218806208,0.08394755859429558,0.005935546875033049,0.015675000000132347,0.005032621815446044,1.4004595337702581e-05,1.4004595337702581e-05,0.0,0.9983104295634939,1.400913992116948e-05,4.5445834668991335e-09,0.9998455311318838,False
11.24625,1,531,532,4.093949999999994,4.093949999999994,0.0,0.016434375000132357,0.016434375000132357,0.09002255859429573,0.08315625000052919,0.006315234375033054,0.016434375000132357,0.005032621815446044,1.4080549594335998e-05,1.4080549594335998e-05,0.0,0.9984586859312429,1.4110335098859779e-05,2.9785504523780664e-08,0.9998589387577755,False
11.26925,1,532,533,4.100849999999994,4.100849999999994,0.0,0.017296875000132324,0.017296875000132324,0.09005625000052903,0.08249882812549594,0.006498046875033033,0.017296875000132324,0.005032621815446044,1.4183780228067263e-05,1.4183780228067263e-05,0.0,0.9985624652614783,1.4182546796607457e-05,-1.2334314598058237e-09,0.9998684705276173,False
11.294500000000001,1,533,534,4.108424999999994,4.108424999999994,0.0,0.018243750000132293,0.018243750000132293,0.0900738281254958,0.08156953125046276,0.006971484375033018,0.018243750000132293,0.005032621815446044,1.41959269414885e-05,1.41959269414885e-05,0.0,0.9986140328626084,1.4188141269695683e-05,-7.785671792817292e-09,0.9998729947196493,False
11.322750000000001,1,534,535,4.116899999999994,4.116899999999994,0.0,0.019303125000132263,0.019303125000132263,0.09004453125046258,0.08086054687542958,0.008030859375033013,0.019303125000132263,0.005032621815446044,1.4193069808702267e-05,1.4193069808702267e-05,0.0,0.9987149651490902,1.4193284135903165e-05,2.1432720089800336e-10,0.9998811513182426,False
11.353250000000001,1,535,536,4.126049999999994,4.126049999999994,0.0,0.020446875000132234,0.020446875000132234,0.09001054687542935,0.08484667968791286,0.005163867187516488,0.020446875000132234,0.005032621815446044,1.4253359619984034e-05,1.4253359619984034e-05,0.0,0.9988751124849898,1.4254660616944817e-05,1.3009969607836536e-09,0.999896938701841,False
11.3705,1,536,537,4.1312249999999935,4.1312249999999935,0.0,0.021093750000132243,0.021093750000132243,0.09002167968791296,0.08421093750039643,0.005147460937516496,0.021093750000132243,0.005032621815446044,1.4288596198489404e-05,1.4288596198489404e-05,0.0,0.9982244768615819,1.4282299754210585e-05,-6.2964442788191735e-09,0.9998378385511059,False
11.39,1,537,538,4.137074999999993,4.137074999999993,0.0,0.021825000000132187,0.021825000000132187,0.09006093750039604,0.08418222656287958,0.005513085937516468,0.021825000000132187,0.005032621815446044,1.4221997952672063e-05,1.4221997952672063e-05,0.0,0.998244926582126,1.4228557734402458e-05,6.559781730395425e-09,0.9998396225256216,False
11.4095,1,538,539,4.142924999999993,4.142924999999993,0.0,0.022556250000132196,0.022556250000132196,0.09003222656287971,0.08342226562536321,0.005641992187516473,0.022556250000132196,0.005032621815446044,1.4202484643213728e-05,1.4202484643213728e-05,0.0,0.998347578337865,1.4210950000167956e-05,8.465356954228472e-09,0.9998488750458109,False
11.4315,1,539,540,4.1495249999999935,4.1495249999999935,0.0,0.023381250000132185,0.023381250000132185,0.09002226562536322,0.08295292968784672,0.0060544921875164675,0.023381250000132185,0.005032621815446044,1.4355692787097594e-05,1.4355692787097594e-05,0.0,0.9984044357567321,1.4359092272289015e-05,3.3994851914205277e-09,0.9998540233225391,False
11.455,1,540,541,4.156574999999993,4.156574999999993,0.0,0.02426250000013211,0.02426250000013211,0.09000292968784623,0.08205234375032977,0.006935742187516417,0.02426250000013211,0.005032621815446044,1.4407646312523763e-05,1.4407646312523763e-05,0.0,0.9985123814280349,1.4412469196565955e-05,4.822884042192345e-09,0.9998638286788399,False
11.4815,1,541,542,4.164524999999993,4.164524999999993,0.0,0.0252562500001321,0.0252562500001321,0.09000234375032981,0.08166035156281337,0.007802343750032984,0.0252562500001321,0.005032621815446044,1.440053314289997e-05,1.440053314289997e-05,0.0,0.9986987315582175,1.4397910814763174e-05,-2.6223281367952723e-09,0.9998804758785784,False
11.509500000000001,1,542,543,4.172924999999993,4.172924999999993,0.0,0.026306250000132092,0.013153125000066046,0.0900603515628133,0.08066835937529687,0.008852343750032977,0.013153125000066046,0.005032621815446044,1.4429059438513932e-05,1.4429059438513932e-05,0.0,0.998834250090425,1.4430321424648801e-05,1.2619861348690895e-09,0.9998920190185885,False
11.540750000000001,1,543,544,4.182299999999993,4.182299999999993,0.0,0.014325000000066018,0.014325000000066018,0.09004335937529664,0.08496767578153845,0.0050756835937582,0.014325000000066018,0.005032621815446044,1.4493038479535501e-05,1.4493038479535501e-05,0.0,0.9989704173182093,1.4495666862402785e-05,2.628382867283412e-09,0.9999056382196415,False
11.55775,1,544,545,4.187399999999992,4.187399999999993,8.881784197001252e-16,0.014962500000065982,0.014962500000065982,0.09006767578153818,0.08435449218778,0.005394433593758182,0.014962500000065982,0.005032621815446044,1.4541081258279966e-05,1.4541081258279966e-05,0.0,0.9981940987878092,1.45352490593585e-05,-5.832198921466099e-09,0.9998350151732945,False
11.57675,1,545,546,4.193099999999992,4.193099999999992,0.0,0.01567500000006597,0.01567500000006597,0.09005449218777994,0.08394755859402175,0.005935546875016455,0.01567500000006597,0.005032621815446044,1.4462037410677256e-05,1.4462037410677256e-05,0.0,0.9983104191333004,1.4462523252955909e-05,4.858422786530123e-10,0.9998455196718351,False
11.597,1,546,547,4.199174999999993,4.199174999999993,0.0,0.01643437500006598,0.01643437500006598,0.0900225585940219,0.08315625000026368,0.00631523437501646,0.01643437500006598,0.005032621815446044,1.4507705167715658e-05,1.4507705167715658e-05,0.0,0.9984586647135257,1.4533360863571207e-05,2.5655695855549368e-08,0.9998589135333132,False
11.620000000000001,1,547,548,4.206074999999993,4.206074999999993,0.0,0.017296875000065947,0.017296875000065947,0.09005625000026352,0.08249882812524703,0.006498046875016439,0.017296875000065947,0.005032621815446044,1.4613691146775408e-05,1.4613691146775408e-05,0.0,0.9985624146538519,1.4614167428699004e-05,4.762819235954851e-10,0.9998684243941836,False
11.64525,1,548,549,4.213649999999992,4.213649999999992,0.0,0.018243750000065916,0.018243750000065916,0.09007382812524689,0.08156953125023043,0.006971484375016423,0.018243750000065916,0.005032621815446044,1.4637371891037593e-05,1.4637371891037593e-05,0.0,0.9986140441130777,1.4630971905990354e-05,-6.3999850472397715e-09,0.9998730090044387,False
11.6735,1,549,550,4.222124999999992,4.222124999999992,0.0,0.019303125000065886,0.019303125000065886,0.09004453125023026,0.08086054687521385,0.008030859375016419,0.019303125000065886,0.005032621815446044,1.4634866359350887e-05,1.4634866359350887e-05,0.0,0.9987149666066839,1.4634494401549305e-05,-3.7195780158184866e-10,0.9998811506400322,False
11.704,1,550,551,4.231274999999992,4.231274999999992,0.0,0.020446875000065857,0.020446875000065857,0.09001054687521362,0.08484667968770543,0.005163867187508191,0.020446875000065857,0.005032621815446044,1.4678705330125209e-05,1.4678705330125209e-05,0.0,0.9988750962928888,1.4680042282953562e-05,1.336952828353004e-09,0.9998969202697464,False
11.72125,1,551,552,4.2364499999999925,4.2364499999999925,0.0,0.021093750000065865,0.021093750000065865,0.09002167968770552,0.08421093750019731,0.005147460937508199,0.021093750000065865,0.005032621815446044,1.4719500981558802e-05,1.4719500981558802e-05,0.0,0.9982244664661141,1.4714645868191145e-05,-4.855113367656198e-09,0.9998378292445284,False
11.74075,1,552,553,4.242299999999991,4.242299999999991,0.0,0.02182500000006581,0.02182500000006581,0.09006093750019689,0.08418222656268874,0.005513085937508171,0.02182500000006581,0.005032621815446044,1.4660797443329047e-05,1.4660797443329047e-05,0.0,0.9982449144215926,1.4664014186914698e-05,3.2167435856509568e-09,0.9998396093467056,False
11.760250000000001,1,553,554,4.248149999999992,4.248149999999992,0.0,0.02255625000006582,0.02255625000006582,0.09003222656268889,0.08342226562518068,0.005641992187508176,0.02255625000006582,0.005032621815446044,1.4647951666503465e-05,1.4647951666503465e-05,0.0,0.9983475820887081,1.4651365788095755e-05,3.414121592290034e-09,0.9998488763578167,False
11.78225,1,554,555,4.2547499999999925,4.2547499999999925,0.0,0.023381250000065808,0.023381250000065808,0.09002226562518069,0.08295292968767248,0.00605449218750817,0.023381250000065808,0.005032621815446044,1.4774520805167063e-05,1.4774520805167063e-05,0.0,0.9984043939163686,1.4777906600108284e-05,3.385794941220227e-09,0.999853977721752,False
11.80575,1,555,556,4.261799999999992,4.261799999999992,0.0,0.024262500000065797,0.024262500000065797,0.09000292968767251,0.08205234375016429,0.006935742187508187,0.024262500000065797,0.005032621815446044,1.4818167447125745e-05,1.4818167447125745e-05,0.0,0.9985123154643549,1.4823374633482633e-05,5.207186356888003e-09,0.999863767712827,False
11.83225,1,556,557,4.269749999999991,4.269749999999991,0.0,0.025256250000065723,0.025256250000065723,0.0900023437501638,0.08166035156265566,0.00780234375001639,0.025256250000065723,0.005032621815446044,1.4830124293883114e-05,1.4830124293883114e-05,0.0,0.9986987488928063,1.4828188991938115e-05,-1.935301944999061e-09,0.9998804965540677,False
11.86025,1,557,558,4.278149999999991,4.278149999999991,0.0,0.026306250000065715,0.013153125000032857,0.0900603515626556,0.08066835937514745,0.008852343750016383,0.013153125000032857,0.005032621815446044,1.4852854995235492e-05,1.4852854995235492e-05,0.0,0.9988342574381573,1.4853285347105863e-05,4.3035187037094224e-10,0.9998920277385985,False
11.8915,1,558,559,4.287524999999992,4.287524999999992,0.0,0.014325000000032829,0.014325000000032829,0.09004335937514722,0.08496767578139318,0.00507568359375405,0.014325000000032829,0.005032621815446044,1.4906802186404301e-05,1.4906802186404301e-05,0.0,0.9989704026502259,1.4907884594484141e-05,1.082408079840062e-09,0.9999056229378706,False
11.9085,1,559,560,4.29262499999999,4.29262499999999,0.0,0.014962500000032793,0.014962500000032793,0.09006767578139291,0.08435449218763888,0.005394433593754033,0.014962500000032793,0.005032621815446044,1.495061913476958e-05,1.495061913476958e-05,0.0,0.9981940900188296,1.494593295938071e-05,-4.6861753888699335e-09,0.9998350068373238,False
11.9275,1,560,561,4.298324999999991,4.298324999999991,0.0,0.01567500000003278,0.01567500000003278,0.09005449218763882,0.08394755859388478,0.005935546875008141,0.01567500000003278,0.005032621815446044,1.4884398290220658e-05,1.4884398290220658e-05,0.0,0.9983104094245643,1.4882376472746224e-05,-2.021817474433306e-09,0.999845509430941,False
11.947750000000001,1,561,562,4.3043999999999905,4.3043999999999905,0.0,0.01643437500003279,0.01643437500003279,0.09002255859388493,0.08315625000013085,0.006315234375008146,0.01643437500003279,0.005032621815446044,1.4909152358761237e-05,1.4909152358761237e-05,0.0,0.9984586526163436,1.4929943715962857e-05,2.0791357201620697e-08,0.9998588979294343,False
11.97075,1,562,563,4.31129999999999,4.31129999999999,0.0,0.01729687500003276,0.01729687500003276,0.0900562500001307,0.08249882812512252,0.006498046875008142,0.01729687500003276,0.005032621815446044,1.5011417897792952e-05,1.5011417897792952e-05,0.0,0.9985623610020594,1.5012490794971353e-05,1.0728971784013607e-09,0.9998683730305803,False
11.996,1,563,564,4.318874999999991,4.318874999999991,0.0,0.018243750000032727,0.018243750000032727,0.09007382812512238,0.08156953125011424,0.006971484375008126,0.018243750000032727,0.005032621815446044,1.5042304226498353e-05,1.5042304226498353e-05,0.0,0.9986140470875888,1.5037308198873735e-05,-4.9960276246173874e-09,0.9998730161691157,False
