time,inserted_nodes,node_count_before,node_count_after,rest_length_before,rest_length_after,rest_length_error,tail_rest_length_before,tail_rest_length_after,payout_buffer_rest_length_before,payout_buffer_rest_length_after,payout_buffer_min_rest_length_after,payout_buffer_max_rest_length_after,minimum_physical_rest_length_after,peak_tension_before,peak_tension_after,peak_tension_jump,minimum_geometric_ratio_after,peak_tension_post_step,peak_tension_post_step_jump,minimum_standard_ratio_post_step,remeshed_in_same_step
0.56175,1,33,34,0.3300120757363998,0.3300120757363998,0.0,0.011251509467049973,0.011251509467049973,0.09001207573639979,0.0843863210028748,0.005625754733524987,0.011251509467049973,0.005625754733524987,0.0004150863732873106,0.0004150863732873106,0.0,0.999850674623901,0.0038062988066012316,0.003391212433313921,0.9999906396937311,False
0.658,1,34,35,0.33563708772420686,0.33563708772420686,0.0,0.01195463596552586,0.00597731798276293,0.0900113329906819,0.08368245175868103,0.00597731798276293,0.01195463596552586,0.005625754733524987,0.000354878405346848,0.000354878405346848,0.0,0.9996427081585206,0.00335522467994415,0.003000346274597302,0.9999712258602743,False
0.74325,1,35,36,0.34195853270591015,0.34195853270591015,0.0,0.006767498605475831,0.006767498605475831,0.09000389674038428,0.07725908015214553,0.0063724082941193855,0.012744816588238771,0.005625754733524987,0.0003178219094447268,0.0003178219094447268,0.0,0.9995882094349586,0.0028341954996644776,0.002516373590219751,0.9999656955622779,False
0.87825,1,36,37,0.35472145816321204,0.35472145816321204,0.0,0.008362864287638569,0.008362864287638569,0.09002200560944747,0.07568182333904594,0.007170091135200759,0.014340182270401519,0.005625754733524987,0.0002834547329725605,0.0002834547329725605,0.0,0.9995399941802983,0.0022633182903293893,0.0019798635573568288,0.9999606004746604,False
0.9985,1,37,38,0.36905484079585926,0.36905484079585926,0.0,0.01015453711671945,0.01015453711671945,0.0900152059716931,0.07388335087221068,0.005077268558359725,0.016131855099482433,0.005077268558359725,0.0002676814257459468,0.0002676814257459468,0.0,0.9995007963190395,0.0025433261652408126,0.002275644739494866,0.9999574126078723,False
1.112,1,38,39,0.38518927596401864,0.38518927596401864,0.0,0.012171341512739362,0.012171341512739362,0.09001778604037,0.07186912654486763,0.00588812560069146,0.012171341512739362,0.005625754733524987,0.00025901360430171435,0.00025901360430171435,0.0,0.9992607375304641,0.0025588256889026717,0.0022998120846009574,0.999935697829439,False
1.22275,1,39,40,0.4033421257297841,0.4033421257297841,0.0,0.014440447733460055,0.014440447733460055,0.09002197631063319,0.07677430172961092,0.007022678711051807,0.014440447733460055,0.005625754733524987,0.0002535836073011598,0.0002535836073011598,0.0,0.9992681807086343,0.0023496784186500252,0.0020960948113488654,0.9999360407130455,False
1.296,1,40,41,0.4166144672908974,0.4166144672908974,0.0,0.0160994904285992,0.0160994904285992,0.09004664329072415,0.07513992601456272,0.005511110935119743,0.0160994904285992,0.005511110935119743,0.00025073827192246536,0.00025073827192246536,0.0,0.9992592562563453,0.002519993935820364,0.0022692556638978984,0.9999353705942674,False
1.3725,1,41,42,0.431502622313106,0.431502622313106,0.0,0.017960509806375282,0.017960509806375282,0.09002808103677133,0.07948534025280429,0.005838646947163692,0.017960509806375282,0.005625754733524987,0.00024794452835310383,0.00024794452835310383,0.0,0.9990648792427423,0.0025188024985235355,0.0022708579701704317,0.9999177813874255,False
1.42375,1,42,43,0.44203520925627504,0.442035209256275,-5.551115123125783e-17,0.019277083174271382,0.019277083174271382,0.09001792719597329,0.07815861304411012,0.006496933631111757,0.019277083174271382,0.005625754733524987,0.00024613657973546676,0.00024613657973546676,0.0,0.9989955736660258,0.0024539634453813533,0.0022078268656458865,0.9999113067103118,False
1.47925,1,43,44,0.4539186103484953,0.4539186103484953,0.0,0.020762508310798906,0.020762508310798906,0.09004201413633037,0.08205965536869109,0.005087064408659744,0.020762508310798906,0.005087064408659744,0.0002442925259548653,0.0002442925259548653,0.0,0.9990624596229737,0.0025650105545162033,0.002320718028561338,0.9999174470802393,False
1.51525,1,44,45,0.4618783558814616,0.4618783558814616,0.0,0.021757476502419704,0.021757476502419704,0.0900194009016574,0.08104207394239732,0.005584548504470136,0.021757476502419704,0.005584548504470136,0.0002430036801373387,0.0002430036801373387,0.0,0.9987385177817865,0.002552419626535546,0.002309415946398207,0.9998880396668073,False
1.555,1,45,46,0.47088442386730334,0.47088442386730334,0.0,0.022883235000649926,0.022883235000649926,0.09004814192823905,0.07928676978680071,0.005380686070719173,0.022883235000649926,0.005380686070719173,0.00024162334440100538,0.00024162334440100538,0.0,0.9988283305682343,0.0025389203355932755,0.00229729699119227,0.9998962099159576,False
1.60125,1,46,47,0.4816329412898254,0.4816329412898255,5.551115123125783e-17,0.024226799678465177,0.024226799678465177,0.09003528720932277,0.08331103646078833,0.006724250748534432,0.024226799678465177,0.005625754733524987,0.00024019141154019152,0.00024019141154019152,0.0,0.9987996855692757,0.0021079808500067305,0.001867789438466539,0.9998931772497999,False
1.6295,1,47,48,0.48833190900878776,0.48833190900878776,0.0,0.025064170643335465,0.025064170643335465,0.09001000417975072,0.08244838246634598,0.005206068262461523,0.025064170643335465,0.005206068262461523,0.00023929292209555432,0.00023929292209555432,0.0,0.9989172185336155,0.002511440834708778,0.0022721479126132237,0.9999041744515056,False
1.661,1,48,49,0.4959130695301671,0.4959130695301671,0.0,0.026011815708507885,0.026011815708507885,0.09002954298772538,0.07969317118135666,0.005168185903184363,0.026011815708507885,0.005168185903184363,0.00023809367430543634,0.00023809367430543634,0.0,0.9986487107718232,0.002535044418680795,0.002296950744375359,0.9998798870354673,False
1.70325,1,49,50,0.5062525330697929,0.5062525330697929,0.0,0.027304248650961125,0.027304248650961125,0.09003263472098247,0.08357201587534488,0.0055656603265057825,0.027304248650961125,0.0055656603265057825,0.0002368090508508675,0.0002368090508508675,0.0,0.9986892801743954,0.002571717403083696,0.0023349083522328285,0.99988347927631,False
1.72925,1,50,51,0.5127047988424223,0.5127047988424223,0.0,0.028110781872539792,0.028110781872539792,0.09002428164797421,0.08275712958075795,0.005968926937295116,0.028110781872539792,0.005625754733524987,0.0002360096406909451,0.0002360096406909451,0.0,0.9986576379096986,0.0025646450268066445,0.002328635386115699,0.9998806220520429,False
1.75825,1,51,52,0.5199747607055147,0.5199747607055147,0.0,0.029019527105426348,0.029019527105426348,0.0900270914438505,0.08314941927366881,0.006877672170181686,0.029019527105426348,0.005625754733524987,0.00023516419967494514,0.00023516419967494514,0.0,0.9987437275201252,0.0022932754601335745,0.002058111260458629,0.9998881948269148,False
1.7855,1,52,53,0.5268702095708193,0.5268702095708194,1.1102230246251565e-16,0.029881458213589427,0.029881458213589427,0.09004486813897342,0.08230526486062867,0.005011677916357737,0.029881458213589427,0.005011677916357737,0.0002344137032805956,0.0002344137032805956,0.0,0.9988743201080216,0.002555228841277929,0.0023208151379973336,0.9999002817776085,False
1.81575,1,53,54,0.534590005713486,0.534590005713486,0.0,0.030846432731422752,0.030846432731422752,0.09002506100329527,0.08091721659632785,0.0054941651752744,0.030846432731422752,0.0054941651752744,0.00023347460746378306,0.00023347460746378306,0.0,0.9985291665437825,0.0025535282740112644,0.002320053666547481,0.9998689178887754,False
1.85125,1,54,55,0.543725677538855,0.543725677538855,0.0,0.03198839170959391,0.03198839170959391,0.09005288842169681,0.08492798672912755,0.0051249016925692704,0.03198839170959391,0.0051249016925692704,0.00023252524477116875,0.00023252524477116875,0.0,0.9986645984772929,0.002570186852135104,0.0023376616073639356,0.9998812604956343,False
1.871,1,55,56,0.5488386757300164,0.5488386757300164,0.0,0.032627516483489064,0.032627516483489064,0.09004098492028893,0.08427695845382449,0.0053958679357848285,0.032627516483489064,0.0051249016925692704,0.00023205718920693932,0.00023205718920693932,0.0,0.9984560648209576,0.0025511186190902042,0.002319061429883265,0.9998622188408185,False
1.89325,1,56,57,0.5546209109818953,0.5546209109818951,-1.1102230246251565e-16,0.03335029588997391,0.03335029588997391,0.09005919370570334,0.08157867811296111,0.005757257639027259,0.03335029588997391,0.0051249016925692704,0.0002315775650128856,0.0002315775650128856,0.0,0.9985403426974231,0.002405618356485603,0.0021740407914727176,0.9998698415114395,False
1.92575,1,57,58,0.5631011007846661,0.5631011007846662,1.1102230246251565e-16,0.03441031961532031,0.017205159807660155,0.09005886791573209,0.08051832859764352,0.006817281364373629,0.017205159807660155,0.0051249016925692704,0.00023075107947301558,0.00023075107947301558,0.0,0.9986847063256338,0.0017349959137525454,0.0015042448342795299,0.9998821301955502,False
1.962,1,58,59,0.5725941220138361,0.5725941220138362,1.1102230246251565e-16,0.01839178746130638,0.01839178746130638,0.09001134982681341,0.07976667011399526,0.005122339856409081,0.01839178746130638,0.005122339856409081,0.00023944727505120235,0.00023944727505120235,0.0,0.9988767682677122,0.002442158368561924,0.0022027110935107213,0.9999005692479649,False
2.001,1,59,60,0.5828281250000001,0.5828281250000001,0.0,0.019671037834576865,0.019671037834576865,0.09000067310015925,0.08359908287047967,0.006401590229679586,0.019671037834576865,0.0051249016925692704,0.0002326558061829559,0.0002326558061829559,0.0,0.9985932894689404,0.001343204059272643,0.001110548253089687,0.9998736197849799,False
2.0255,1,60,61,0.5892593749999998,0.5892593749999998,0.0,0.020474944084576768,0.020474944084576768,0.09003033287047932,0.08282483639079971,0.005224227672266376,0.020474944084576768,0.0051249016925692704,0.0002308746632133157,0.0002308746632133157,0.0,0.9987505457209737,0.0024484629408862008,0.002217588277672885,0.9998890025928288,False
2.053,1,61,62,0.5964781249999994,0.5964781249999995,1.1102230246251565e-16,0.021377287834576677,0.021377287834576677,0.09004358639079954,0.08391701496853313,0.005675399547266361,0.021377287834576677,0.0051249016925692704,0.00022885117635877434,0.00022885117635877434,0.0,0.9985300065543009,0.0024660560959009793,0.002237204919542205,0.9998689499480581,False
2.07625,1,62,63,0.6025812499999993,0.6025812499999994,1.1102230246251565e-16,0.022140178459576592,0.022140178459576592,0.09002013996853298,0.08313067792126654,0.005876150008145135,0.022140178459576592,0.0051249016925692704,0.0002277139007474001,0.0002277139007474001,0.0,0.9986013210377845,0.002472119426116144,0.002244405525368744,0.999875428132463,False
2.1025,1,63,64,0.6094718749999991,0.6094718749999992,1.1102230246251565e-16,0.023001506584576486,0.023001506584576486,0.09002130292126634,0.08272168462399994,0.0063068140706451096,0.023001506584576486,0.0051249016925692704,0.00022682030870724526,0.00022682030870724526,0.0,0.9986635721916538,0.0024565700397183865,0.0022297497310111414,0.9998810691885268,False
2.13025,1,64,65,0.6167562499999991,0.6167562499999992,1.1102230246251565e-16,0.02391205345957639,0.02391205345957639,0.0900060596239999,0.08179589445173349,0.007038267271144118,0.02391205345957639,0.0051249016925692704,0.00022655535420862245,0.00022655535420862245,0.0,0.9987526458275209,0.0023373642990432257,0.0021108089448346034,0.9998890606735003,False
2.16175,1,65,66,0.6250249999999989,0.625024999999999,1.1102230246251565e-16,0.02494564720957627,0.02494564720957627,0.09006464445173323,0.0813830256935881,0.007555064146144093,0.02494564720957627,0.0051249016925692704,0.00022640304744252394,0.00022640304744252394,0.0,0.9988850390184346,0.0018673062165064577,0.0016409031690639338,0.999900652377026,False
2.19475,1,66,67,0.6336874999999984,0.6336874999999985,1.1102230246251565e-16,0.026028459709576148,0.013014229854788074,0.09004552569358766,0.08028109443544257,0.00863787664614406,0.013014229854788074,0.0051249016925692704,0.00022592829846581228,0.00022592829846581228,0.0,0.9989583410996343,0.001009594302623068,0.0007836660041572557,0.9999061287215341,False
2.232,1,67,68,0.6434656249999982,0.6434656249999982,0.0,0.014236495479788027,0.014236495479788027,0.09005921943544219,0.08478120302511968,0.005278016410322516,0.014236495479788027,0.0051249016925692704,0.00023067057960613206,0.00023067057960613206,0.0,0.9990877424014304,0.0023674857685913944,0.0021368151889852626,0.9999196929607355,False
2.2520000000000002,1,68,69,0.648715624999998,0.648715624999998,0.0,0.014892745479787998,0.014892745479787998,0.0900312030251195,0.08409693661479696,0.005606141410322502,0.014892745479787998,0.0051249016925692704,0.00022742330140417943,0.00022742330140417943,0.0,0.9984822380246807,0.0024091991038649105,0.002181775802460731,0.9998645731946739,False
2.2745,1,69,70,0.6546218749999978,0.6546218749999978,0.0,0.015631026729787965,0.015631026729787965,0.09000318661479678,0.08365876395447427,0.00588573519807198,0.015631026729787965,0.0051249016925692704,0.00022530294546046811,0.00022530294546046811,0.0,0.9985805482017516,0.002431820990484758,0.0022065180450242896,0.9998735113683684,False
2.29875,1,70,71,0.6609874999999976,0.6609874999999976,0.0,0.016426729854787873,0.016426729854787873,0.09002438895447402,0.08288426316915148,0.00628358676057196,0.016426729854787873,0.0051249016925692704,0.00022501912430429057,0.00022501912430429057,0.0,0.9986522984303732,0.0024296449836581427,0.002204625859353852,0.9998800255494688,False
2.326,1,71,72,0.6681406249999974,0.6681406249999973,-1.1102230246251565e-16,0.017320870479787774,0.017320870479787774,0.0900373881691513,0.08246180922107928,0.006472258635571934,0.017320870479787774,0.0051249016925692704,0.0002249241572285469,0.0002249241572285469,0.0,0.9987456951803152,0.002395612627537999,0.002170688470309452,0.9998884901289709,False
2.35475,1,72,73,0.6756874999999973,0.6756874999999971,-2.220446049250313e-16,0.01826422985478767,0.01826422985478767,0.09000868422107908,0.08148974589800707,0.006943938323071914,0.01826422985478767,0.0051249016925692704,0.00022476067332714413,0.00022476067332714413,0.0,0.998786050545358,0.002247083580979789,0.002022322907652645,0.99989204551356,False
2.38725,1,73,74,0.6842187499999968,0.6842187499999968,0.0,0.01933063610478756,0.01933063610478756,0.0900209958980068,0.08083350288743485,0.008010344573071936,0.01933063610478756,0.0051249016925692704,0.0002246802037164365,0.0002246802037164365,0.0,0.9988764336974233,0.0011599353583146427,0.0009352551545982062,0.9998990075634955,False
2.42225,1,74,75,0.6934062499999962,0.6934062499999962,0.0,0.020479073604787422,0.020479073604787422,0.09002100288743427,0.08485303763214833,0.0051679652552859435,0.020479073604787422,0.0051249016925692704,0.00022443364215134402,0.00022443364215134402,0.0,0.9990176494586339,0.0024101596441104406,0.0021857260019590968,0.9999133071795563,False
2.442,1,75,76,0.698590624999996,0.6985906249999961,1.1102230246251565e-16,0.021127120479787355,0.021127120479787355,0.09003741263214814,0.08422140050186216,0.005139254317785932,0.021127120479787355,0.0051249016925692704,0.0002247972464485793,0.0002247972464485793,0.0,0.9984513253021707,0.0024271288039027263,0.002202331557454147,0.9998617632453027,False
2.46425,1,76,77,0.7044312499999958,0.7044312499999958,0.0,0.021857198604787277,0.021857198604787277,0.090062025501862,0.08419269305907603,0.005504293380285918,0.021857198604787277,0.0051249016925692704,0.00022455324413436168,0.00022455324413436168,0.0,0.9984654179088291,0.0024416332540929085,0.0022170800099585468,0.9998630372692465,False
2.4865,1,77,78,0.7102718749999958,0.7102718749999958,0.0,0.0225872767297872,0.0225872767297872,0.09003331805907591,0.08343390749128993,0.005633492599035896,0.0225872767297872,0.0051249016925692704,0.00022417869616120833,0.00022417869616120833,0.0,0.9985554399116855,0.002443115599804129,0.002218936903642921,0.9998712136964157,False
2.51175,1,78,79,0.7168999999999955,0.7168999999999954,-1.1102230246251565e-16,0.0234157923547871,0.0234157923547871,0.09006203249128977,0.0829991453610038,0.006047750411535873,0.0234157923547871,0.0051249016925692704,0.0002239281793114886,0.0002239281793114886,0.0,0.9986064396069828,0.002425967238738197,0.0022020390594267086,0.999875831375151,False
2.5385,1,79,80,0.7239218749999954,0.7239218749999953,-1.1102230246251565e-16,0.024293526729786998,0.024293526729786998,0.09002102036100369,0.08208039885571773,0.006925484786535892,0.024293526729786998,0.0051249016925692704,0.00022369793559239053,0.00022369793559239053,0.0,0.9986999131954918,0.002284396212766191,0.0020606982771738005,0.9998841958080267,False
2.56875,1,80,81,0.7318624999999955,0.7318624999999954,-1.1102230246251565e-16,0.02528610485478689,0.02528610485478689,0.0900210238557176,0.08168870313168168,0.007810393401196752,0.02528610485478689,0.0051249016925692704,0.0002237087408203011,0.0002237087408203011,0.0,0.9988632237444774,0.001770984219357917,0.0015472754785376159,0.9998985572823268,False
2.6005000000000003,1,81,82,0.740196874999995,0.740196874999995,0.0,0.02632790172978678,0.01316395086489339,0.09002307813168128,0.0806489605326454,0.00885219027619671,0.01316395086489339,0.0051249016925692704,0.00022323845371052353,0.00022323845371052353,0.0,0.998983595253997,0.0008911572757057118,0.0006679188219951883,0.9999082998141781,False
2.63625,1,82,83,0.7495812499999945,0.7495812499999944,-1.1102230246251565e-16,0.014336997739893328,0.014336997739893328,0.0900333355326449,0.084966882201877,0.005066453330767906,0.014336997739893328,0.005066453330767906,0.00022240350700180852,0.00022240350700180852,0.0,0.9991027535784887,0.002318301067389082,0.0020958975603872737,0.9999210030745294,False
2.6555,1,83,84,0.7546343749999944,0.7546343749999943,-1.1102230246251565e-16,0.014968638364893315,0.014968638364893315,0.09002000720187694,0.08432191324610899,0.0053822736432679,0.014968638364893315,0.005066453330767906,0.00022339662353036777,0.00022339662353036777,0.0,0.9984191606164401,0.0023628953509073347,0.002139498727376967,0.9998587889181981,False
2.67725,1,84,85,0.7603437499999943,0.7603437499999942,-1.1102230246251565e-16,0.015682310239893277,0.015682310239893277,0.09003128824610881,0.0839353427278409,0.0059334193568483075,0.015682310239893277,0.005066453330767906,0.0002223178754910082,0.0002223178754910082,0.0,0.9985225315303521,0.002391773296936843,0.0021694554214458346,0.9998681927374452,False
2.7005,1,85,86,0.766446874999994,0.766446874999994,0.0,0.016445200864893192,0.016445200864893192,0.09003846772784069,0.08317963158457276,0.00631486466934829,0.016445200864893192,0.005066453330767906,0.0002221127231332874,0.0002221127231332874,0.0,0.9986552590893494,0.0023901701448930737,0.002168057421759786,0.9998802499864536,False
2.7265,1,86,87,0.7732718749999938,0.7732718749999937,-1.1102230246251565e-16,0.01729832586489309,0.01729832586489309,0.09000463158457253,0.08245519660272418,0.00649328263809826,0.01729832586489309,0.005066453330767906,0.00022223150338998595,0.00022223150338998595,0.0,0.9987439521120262,0.002352537621740751,0.002130306118350765,0.9998882838207597,False
2.75525,1,87,88,0.7808187499999936,0.7808187499999937,1.1102230246251565e-16,0.018241685239892988,0.018241685239892988,0.09000207160272398,0.08150927724587566,0.00696496232559824,0.018241685239892988,0.005066453330767906,0.0002224101921462816,0.0002224101921462816,0.0,0.9987894596940687,0.002195503732432706,0.0019730935402864245,0.9998922988845699,False
2.78775,1,88,89,0.7893499999999931,0.7893499999999933,2.220446049250313e-16,0.019308091489892876,0.019308091489892876,0.09004052724587537,0.0808627719515271,0.00803136857559826,0.019308091489892876,0.005066453330767906,0.00022258053053765347,0.00022258053053765347,0.0,0.9988793545241054,0.0010625990356462611,0.0008400185051086076,0.9998991597672625,False
2.82275,1,89,90,0.7985374999999928,0.7985374999999927,-1.1102230246251565e-16,0.02045652898989274,0.02045652898989274,0.09005027195152651,0.0848871755543524,0.005163096397174105,0.02045652898989274,0.005066453330767906,0.00022253054694015305,0.00022253054694015305,0.0,0.999019880163885,0.0023871477916977135,0.0021646172447575603,0.999913484936033,False
2.84225,1,90,91,0.8036562499999926,0.8036562499999926,0.0,0.021096372739892677,0.021096372739892677,0.09000592555435227,0.08420298540717813,0.005145664756549097,0.021096372739892677,0.005066453330767906,0.00022313746331081727,0.00022313746331081727,0.0,0.9984478074852882,0.00240531148295154,0.002182174019640723,0.9998614200410253,False
2.8645,1,91,92,0.8094968749999922,0.8094968749999921,-1.1102230246251565e-16,0.021826450864892585,0.021826450864892585,0.09004361040717784,0.08416786752562874,0.005510703819049075,0.021826450864892585,0.005066453330767906,0.00022294088456772539,0.00022294088456772539,0.0,0.9984670739256262,0.002419177350056461,0.0021962364654887355,0.9998631644872882,False
2.88675,1,92,93,0.815337499999992,0.815337499999992,0.0,0.022556528989892508,0.022556528989892508,0.0900084925256286,0.08340267151907949,0.005639903037799053,0.022556528989892508,0.005066453330767906,0.00022260702537925872,0.00022260702537925872,0.0,0.998556905477675,0.002419360673634824,0.002196753648255565,0.9998713220300945,False
2.912,1,93,94,0.821965624999992,0.821965624999992,0.0,0.023385044614892422,0.023385044614892422,0.09003079651907943,0.0829614989500303,0.006054160850299038,0.023385044614892422,0.005066453330767906,0.0002223966466146579,0.0002223966466146579,0.0,0.9986078026958449,0.002399196260948134,0.002176799614333476,0.9998759268583275,False
2.939,1,94,95,0.829053124999992,0.829053124999992,0.0,0.024270982114892314,0.024270982114892314,0.09004899895003016,0.08209376388098102,0.006940098350299052,0.024270982114892314,0.005066453330767906,0.0002222336566358186,0.0002222336566358186,0.0,0.9987026367423756,0.002247306219702351,0.0020250725630665324,0.9998844030870268,False
2.96925,1,95,96,0.8369937499999918,0.8369937499999918,0.0,0.025263560239892208,0.025263560239892208,0.09003438888098088,0.0816874545931818,0.007804757247473081,0.025263560239892208,0.005066453330767906,0.00022233652825688063,0.00022233652825688063,0.0,0.9988653042040782,0.001720809547458041,0.0014984730192011604,0.9998986879062816,False
3.001,1,96,97,0.8453281249999913,0.8453281249999914,1.1102230246251565e-16,0.026305357114892097,0.013152678557446049,0.09002182959318139,0.08063309843038236,0.00884655412247304,0.013152678557446049,0.005066453330767906,0.0002218807792790406,0.0002218807792790406,0.0,0.9989829262897182,0.0008163161018004128,0.0005944353225213722,0.9999081501466465,False
3.03675,1,97,98,0.8547124999999909,0.8547124999999909,0.0,0.014325725432445986,0.014325725432445986,0.09001747343038186,0.08494371331773237,0.005073760112649485,0.014325725432445986,0.005066453330767906,0.00021655783398653725,0.00021655783398653725,0.0,0.9991022114660729,0.0022874798607032468,0.0020709220267167094,0.9999209206262831,False
3.05625,1,98,99,0.8598312499999908,0.8598312499999908,0.0,0.014965569182445968,0.014965569182445968,0.09006246331773227,0.08434885945508276,0.005393681987649476,0.014965569182445968,0.005066453330767906,0.00022159535300788694,0.00022159535300788694,0.0,0.9984234257435767,0.0023329961066331367,0.0021114007536252497,0.9998591448379864,False
3.078,1,99,100,0.8655406249999906,0.8655406249999906,0.0,0.01567924105744593,0.01567924105744593,0.09005823445508258,0.08395088059243308,0.00593470284248647,0.01567924105744593,0.005066453330767906,0.00022043568992895563,0.00022043568992895563,0.0,0.998525269831981,0.002366132399171439,0.002145696709242483,0.9998684139006365,False
3.1012500000000003,1,100,101,0.8716437499999903,0.8716437499999903,0.0,0.016442131682445845,0.016442131682445845,0.09005400559243287,0.08318376110478336,0.006316148154986453,0.016442131682445845,0.005066453330767906,0.0002204580447401423,0.0002204580447401423,0.0,0.9986554956070632,0.00236663756400865,0.0021461795192685078,0.9998802453679513,False
3.12725,1,101,102,0.8784687499999901,0.8784687499999901,0.0,0.017295256682445744,0.017295256682445744,0.09000876110478313,0.08245804263729663,0.006494566123736422,0.017295256682445744,0.005066453330767906,0.00022084439980351442,0.00022084439980351442,0.0,0.9987441594233974,0.0023290866262610024,0.002108242226457488,0.999888276587338,False
3.156,1,102,103,0.8860156249999899,0.8860156249999899,0.0,0.01823861605744564,0.01823861605744564,0.09000491763729643,0.08151083979480994,0.006966245811236402,0.01823861605744564,0.005066453330767906,0.00022127317961756322,0.00022127317961756322,0.0,0.9987896539066091,0.002167656660360555,0.0019463834807429917,0.9998922861829268,False
3.1885,1,103,104,0.8945468749999897,0.8945468749999897,0.0,0.01930502230744553,0.01930502230744553,0.09004208979480965,0.08086305101482322,0.008032652061236422,0.01930502230744553,0.005066453330767906,0.0002216807985849353,0.0002216807985849353,0.0,0.9988795214875412,0.0010083248918453525,0.0007866440932604172,0.9998991111049986,False
3.2235,1,104,105,0.9037343749999891,0.9037343749999891,0.0,0.020453459807445392,0.020453459807445392,0.09005055101482264,0.08488681287482945,0.0051637381399931865,0.020453459807445392,0.005066453330767906,0.000221854623871875,0.000221854623871875,0.0,0.9990200077922587,0.0023776951893184073,0.0021558405654465325,0.9999134864968479,False
3.243,1,105,106,0.9088531249999889,0.9088531249999889,0.0,0.02109330355744533,0.02109330355744533,0.0900055628748293,0.08420198098483608,0.005146306499368178,0.02109330355744533,0.005066453330767906,0.00022266395586018636,0.00022266395586018636,0.0,0.9984479719829082,0.002397388829663956,0.0021747248738037696,0.9998614265354858,False
3.26525,1,106,107,0.9146937499999888,0.9146937499999886,-1.1102230246251565e-16,0.02182338168244524,0.02182338168244524,0.0900426059848358,0.0841662213604676,0.005511345561868155,0.02182338168244524,0.005066453330767906,0.0002225326770478992,0.0002225326770478992,0.0,0.9984672356833465,0.0024111208153894566,0.0021885881383415574,0.9998631712540673,False
3.2875,1,107,108,0.9205343749999887,0.9205343749999886,-1.1102230246251565e-16,0.02255345980744516,0.02255345980744516,0.09000684636046749,0.08340038361109928,0.0056405447806181334,0.02255345980744516,0.005066453330767906,0.00022224025418921225,0.00022224025418921225,0.0,0.9985570484398627,0.002410666483309995,0.002188426229120783,0.9998713263028359,False
3.31275,1,108,109,0.9271624999999885,0.9271624999999885,0.0,0.023381975432445076,0.023381975432445076,0.09002850861109922,0.08295856929923101,0.006054802593118119,0.023381975432445076,0.005066453330767906,0.00022206222515273224,0.00022206222515273224,0.0,0.9986079356635222,0.00238871808395804,0.0021666558588053077,0.9998759281401419,False
3.33975,1,109,110,0.9342499999999885,0.9342499999999885,0.0,0.024267912932444968,0.024267912932444968,0.09004606929923087,0.08209019248736266,0.006940740093118133,0.024267912932444968,0.005066453330767906,0.00022193902676080065,0.00022193902676080065,0.0,0.9987027518666239,0.00222976373445195,0.0020078247076911492,0.9998843948079698,False
3.37,1,110,111,0.9421906249999883,0.9421906249999883,0.0,0.02526049105744486,0.02526049105744486,0.09003081748736252,0.08168324145674435,0.007803989951861244,0.02526049105744486,0.005066453330767906,0.00022213514562594475,0.00022213514562594475,0.0,0.9988653922900864,0.0016953450772014753,0.0014732099315755305,0.9998986660575109,False
3.4017500000000003,1,111,112,0.9505249999999877,0.9505249999999879,1.1102230246251565e-16,0.02630228793244475,0.013151143966222375,0.09001761645674394,0.08062824355112583,0.008845786826861204,0.013151143966222375,0.005066453330767906,0.000221693579197102,0.000221693579197102,0.0,0.9989828335734241,0.0007761021313937716,0.0005544085521966696,0.9999080923758116,False
3.4375,1,112,113,0.9599093749999874,0.9599093749999874,0.0,0.014324190841222313,0.014324190841222313,0.09001261855112533,0.08493853756706629,0.005074080984059026,0.014324190841222313,0.005066453330767906,0.0002155687593570431,0.0002155687593570431,0.0,0.9991021287349859,0.0022748037905452392,0.002059235031188196,0.9999209000692484,False
3.457,1,113,114,0.9650281249999872,0.9650281249999872,0.0,0.014964034591222294,0.014964034591222294,0.0900572875670662,0.08434336283300714,0.005394002859059017,0.014964034591222294,0.005066453330767906,0.0002210025448384003,0.0002210025448384003,0.0,0.9984234967371576,0.0023164253056243353,0.002095422760785935,0.9998591344087164,False
3.4787500000000002,1,114,115,0.970737499999987,0.970737499999987,0.0,0.01567770646622226,0.01567770646622226,0.09005273783300696,0.08394506309894793,0.005934319194680552,0.01567770646622226,0.005066453330767906,0.00021966367165885832,0.00021966367165885832,0.0,0.9985253345837475,0.0023526203528522888,0.0021329566811934303,0.9998684057165327,False
3.5020000000000002,1,115,116,0.9768406249999868,0.9768406249999868,0.0,0.016440597091222173,0.016440597091222173,0.09004818809894771,0.08317762273988867,0.006315764507180534,0.016440597091222173,0.005066453330767906,0.00021987369481758933,0.00021987369481758933,0.0,0.9986554102153392,0.0023555777091440466,0.002135704014326457,0.9998802256412794,False
3.528,1,116,117,0.9836656249999866,0.9836656249999864,-1.1102230246251565e-16,0.017293722091222073,0.017293722091222073,0.09000262273988845,0.08245228792020785,0.0064941824759305045,0.017293722091222073,0.005066453330767906,0.00022051790669568505,0.00022051790669568505,0.0,0.9987440874511774,0.0023189717629081147,0.0020984538562124296,0.9998882590645357,False
3.557,1,117,118,0.9912781249999866,0.9912781249999866,0.0,0.018245284591221978,0.018245284591221978,0.09006478792020774,0.08156289060052715,0.006969963725930489,0.018245284591221978,0.005066453330767906,0.00022122175798672166,0.00022122175798672166,0.0,0.9987909267702331,0.002156082958659239,0.0019348612006725172,0.9998923895695638,False
3.5892500000000003,1,118,119,0.9997437499999862,0.9997437499999863,1.1102230246251565e-16,0.019303487716221857,0.019303487716221857,0.09002851560052678,0.08084986046834627,0.0080281668509305,0.019303487716221857,0.005066453330767906,0.00022180320240287754,0.00022180320240287754,0.0,0.9988788943265242,0.0009786535191396717,0.0007568503167367941,0.9998990176720575,False
3.62425,1,119,120,1.0089312499999858,1.0089312499999858,0.0,0.020451925216221734,0.020451925216221734,0.09003736046834582,0.08487381415225559,0.0051635463160902345,0.020451925216221734,0.005066453330767906,0.0002222375378893266,0.0002222375378893266,0.0,0.9990195312181431,0.0023795002405277432,0.0021572627026384167,0.9999134458060702,False
3.644,1,120,121,1.0141156249999856,1.0141156249999854,-2.220446049250313e-16,0.021099972091221653,0.021099972091221653,0.09005818915225527,0.08424659596116503,0.005150216237965216,0.021099972091221653,0.005066453330767906,0.0002232168507066279,0.0002232168507066279,0.0,0.9984501211434972,0.0024008462585455304,0.0021776294078389023,0.9998616260573822,False
3.666,1,121,122,1.0198906249999853,1.0198906249999855,2.220446049250313e-16,0.02182184709122158,0.02182184709122158,0.0900215959611649,0.08414950472319965,0.005511153737965204,0.02182184709122158,0.005066453330767906,0.00022314582847207578,0.00022314582847207578,0.0,0.9984661199535816,0.0024140961948261527,0.002190950366354077,0.9998630743890523,False
3.6885,1,122,123,1.025796874999985,1.025796874999985,0.0,0.022560128341221498,0.022560128341221498,0.09005575472319949,0.08344538223523423,0.0056424037379651775,0.022560128341221498,0.005066453330767906,0.00022293226071701432,0.00022293226071701432,0.0,0.9985589095828687,0.0024141335008367945,0.0021912012401197802,0.9998715001526662,False
3.7135000000000002,1,123,124,1.032359374999985,1.032359374999985,0.0,0.023380440841221404,0.023380440841221404,0.09000788223523408,0.08293813474726884,0.0060525599879651575,0.023380440841221404,0.005066453330767906,0.0002227380543166089,0.0002227380543166089,0.0,0.9986065738006551,0.0023900207797139354,0.0021672827253973264,0.9998758069372341,False
3.7405,1,124,125,1.039446874999985,1.0394468749999848,-2.220446049250313e-16,0.02426637834122131,0.02426637834122131,0.09002563474726882,0.08206994975930355,0.0069384974879651866,0.02426637834122131,0.005066453330767906,0.00022266470303001248,0.00022266470303001248,0.0,0.9987023395486295,0.0022260495317312848,0.002003384828701272,0.9998843542445315,False
3.77075,1,125,126,1.0473874999999846,1.0473874999999846,0.0,0.02525895646622119,0.02525895646622119,0.09001057475930331,0.08166934289633809,0.007803606304055326,0.02525895646622119,0.005066453330767906,0.00022293663677260174,0.00022293663677260174,0.0,0.9988650795000158,0.0016859922053507753,0.0014630555685781737,0.9998986264101808,False
3.8025,1,126,127,1.0557218749999842,1.055721874999984,-2.220446049250313e-16,0.02630075334122108,0.01315037667061054,0.09000371789633771,0.08062068915837253,0.008845403179055286,0.01315037667061054,0.005066453330767906,0.00022250346333701647,0.00022250346333701647,0.0,0.9989827978892302,0.0007565329725022635,0.000534029509165247,0.9999080625112048,False
3.83825,1,127,128,1.0651062499999837,1.0651062499999837,0.0,0.014323423545610493,0.014323423545610493,0.09000506415837217,0.08493210447688962,0.005072959681482553,0.014323423545610493,0.005066453330767906,0.00021605670375709503,0.00021605670375709503,0.0,0.9991020998483587,0.0022778111707660864,0.0020617544670089912,0.9999209020844159,False
3.8577500000000002,1,128,129,1.0702249999999833,1.0702249999999838,4.440892098500626e-16,0.014963267295610459,0.014963267295610459,0.0900508544768894,0.08433805104540683,0.005392881556482536,0.014963267295610459,0.005066453330767906,0.00022150246359963383,0.00022150246359963383,0.0,0.9984231839073169,0.0023122225795542614,0.0020907201159546277,0.9998591028326659,False
3.8795,1,129,130,1.0759343749999835,1.0759343749999835,0.0,0.015676939170610422,0.015676939170610422,0.09004742604540665,0.08394087261392409,0.005934127370777589,0.015676939170610422,0.005066453330767906,0.00021985110259587322,0.00021985110259587322,0.0,0.9985250627378958,0.0023496481637749964,0.002129797061179123,0.9998683787664526,False
3.90275,1,130,131,1.0820374999999833,1.0820374999999833,0.0,0.016439829795610338,0.016439829795610338,0.09004399761392388,0.0831745535574413,0.006315572683277572,0.016439829795610338,0.005066453330767906,0.00022021145130417743,0.00022021145130417743,0.0,0.9986553751068102,0.002354871318792917,0.00213465986748874,0.9998802222156133,False
3.9290000000000003,1,131,132,1.0889281249999834,1.0889281249999834,0.0,0.017301157920610245,0.017301157920610245,0.09006517855744117,0.08250683243666353,0.006498092214527551,0.017301157920610245,0.005066453330767906,0.00022115217211816546,0.00022115217211816546,0.0,0.9987455001149469,0.0023204595909113307,0.0020993074187931654,0.9998883893707333,False
3.95775,1,132,133,1.096474999999983,1.096474999999983,0.0,0.018244517295610142,0.018244517295610142,0.09005370743666333,0.08155200194088572,0.00696977190202753,0.018244517295610142,0.005066453330767906,0.00022201032441470872,0.00022201032441470872,0.0,0.9987902368324437,0.0021548574949403834,0.0019328471705256747,0.9998923264471392,False
3.99,1,133,134,1.1049406249999827,1.1049406249999825,-2.220446049250313e-16,0.01930272042061002,0.01930272042061002,0.09001762694088533,0.08083916363260779,0.00802797502702754,0.01930272042061002,0.005066453330767906,0.0002228163677144722,0.0002228163677144722,0.0,0.9988788792829872,0.0009657480288314674,0.0007429316611169952,0.999898998593493,False
4.025,1,134,135,1.1141281249999824,1.1141281249999826,2.220446049250313e-16,0.020451157920609885,0.020451157920609885,0.09002666363260764,0.08486321322846885,0.005163450404138776,0.020451157920609885,0.005066453330767906,0.00022350495844744754,0.00022350495844744754,0.0,0.9990195256602122,0.0023905138369993695,0.002167008878551922,0.9999134583039937,False
4.0447500000000005,1,135,136,1.1193124999999826,1.1193124999999826,0.0,0.021099204795609817,0.021099204795609817,0.09004758822846896,0.08423609094933016,0.005148069544763788,0.021099204795609817,0.005066453330767906,0.00022461245746060847,0.00022461245746060847,0.0,0.9984501119162487,0.002412797660543982,0.0021881852030833735,0.9998616392309628,False
4.06675,1,136,137,1.1250874999999825,1.1250874999999827,2.220446049250313e-16,0.021821079795609745,0.021821079795609745,0.09001109094933027,0.08414114640456646,0.005509007044763802,0.021821079795609745,0.005066453330767906,0.00022461499391098822,0.00022461499391098822,0.0,0.9984655757044777,0.0024260735774952052,0.002201458583584217,0.9998630396753921,False
4.08925,1,137,138,1.1309937499999827,1.1309937499999827,0.0,0.022559361045609662,0.022559361045609662,0.09004739640456652,0.08343917060980269,0.005642307826013804,0.022559361045609662,0.005066453330767906,0.00022445652330584383,0.00022445652330584383,0.0,0.9985584316723822,0.002426049470177577,0.002201592946871733,0.999871471337289,False
4.11425,1,138,139,1.137556249999983,1.137556249999983,0.0,0.023379673545609582,0.023379673545609582,0.09000167060980284,0.082934069815039,0.0060524640760138216,0.023379673545609582,0.005066453330767906,0.0002242881177128073,0.0002242881177128073,0.0,0.9986065715272543,0.002400926126776823,0.0021766380090640154,0.9998758201829797,False
4.14125,1,139,140,1.1446437499999829,1.1446437499999829,0.0,0.02426561104560946,0.02426561104560946,0.09002156981503887,0.082068031520275,0.006938401576013821,0.02426561104560946,0.005066453330767906,0.00022424072196351562,0.00022424072196351562,0.0,0.9987023402003917,0.002232607901815436,0.0020083671798519203,0.9998843629499385,False
4.1715,1,140,141,1.1525843749999831,1.152584374999983,-2.220446049250313e-16,0.025258189170609367,0.025258189170609367,0.09000865652027523,0.08166752056926134,0.00780341448015258,0.025258189170609367,0.005066453330767906,0.00022457182291369697,0.00022457182291369697,0.0,0.9988650850659938,0.0016878594565711558,0.0014632876336574587,0.9998986286172642,False
4.20325,1,141,142,1.1609187499999831,1.1609187499999831,0.0,0.026299986045609243,0.013149993022804621,0.09000189556926136,0.08061896274324745,0.008845211355152599,0.013149993022804621,0.005066453330767906,0.00022414405841813062,0.00022414405841813062,0.0,0.9989827948323459,0.0007502100551798202,0.0005260659967616896,0.9999080496719375,False
4.239,1,142,143,1.1703031249999833,1.1703031249999833,0.0,0.01432303989780466,0.01432303989780466,0.09000333774324776,0.0849304260177408,0.005072911725506962,0.01432303989780466,0.005066453330767906,0.00021785680166679124,0.00021785680166679124,0.0,0.9991021054841434,0.0022947102029722208,0.0020768534013054295,0.9999209229978537,False
4.2585,1,143,144,1.1754218749999832,1.1754218749999832,0.0,0.014962883647804672,0.014962883647804672,0.0900491760177409,0.08433642054223393,0.0053928336005069685,0.014962883647804672,0.005066453330767906,0.00022302292338245976,0.00022302292338245976,0.0,0.9984231816522986,0.002319457192935276,0.002096434269552816,0.9998591122518552,False
4.28025,1,144,145,1.1811312499999835,1.1811312499999835,0.0,0.015676555522804683,0.015676555522804683,0.09004579554223405,0.08393929006672707,0.005934031458826345,0.015676555522804683,0.005066453330767906,0.00022089601798880732,0.00022089601798880732,0.0,0.9985250615085275,0.0023558657021045815,0.002134969684115774,0.9998683867542832,False
4.3035,1,145,146,1.1872343749999834,1.1872343749999834,0.0,0.0164394461478046,0.0164394461478046,0.09004241506672703,0.08317301896622001,0.006315476771326356,0.0164394461478046,0.005066453330767906,0.00022129508845402485,0.00022129508845402485,0.0,0.9986553688323613,0.002362374472787865,0.00214107938433384,0.9998802307436241,False
4.32975,1,146,147,1.1941249999999834,1.1941249999999832,-2.220446049250313e-16,0.017300774272804506,0.017300774272804506,0.09006364396621999,0.0825053937573936,0.006497996302576358,0.017300774272804506,0.005066453330767906,0.00022245914848374263,0.00022245914848374263,0.0,0.998745499417917,0.0023291929018331853,0.0021067337533494427,0.9998883997075995,False
4.3585,1,147,148,1.2016718749999833,1.2016718749999833,0.0,0.01824413364780439,0.01824413364780439,0.09005226875739344,0.08155065917356705,0.0069696759900763645,0.01824413364780439,0.005066453330767906,0.00022353730135329217,0.00022353730135329217,0.0,0.9987902399688018,0.002162639271457656,0.0019391019701043637,0.9998923364724688,False
4.39075,1,148,149,1.2101374999999832,1.2101374999999832,0.0,0.019302336772804282,0.019302336772804282,0.09001628417356708,0.08083791677724064,0.008027879115076405,0.019302336772804282,0.005066453330767906,0.00022455438483054888,0.00022455438483054888,0.0,0.9988788869931541,0.000964027448457111,0.0007394730636265621,0.999898993933795,False
4.42575,1,149,150,1.2193249999999833,1.2193249999999833,0.0,0.02045077427280416,0.02045077427280416,0.09002541677724077,0.08486201432907753,0.005163402448163237,0.02045077427280416,0.005066453330767906,0.00022550805805383726,0.00022550805805383726,0.0,0.9990195397881356,0.002409208346179109,0.002183700288125272,0.9999134812964527,False
4.4455,1,150,151,1.2245093749999836,1.2245093749999836,0.0,0.021098821147804092,0.021098821147804092,0.09004638932907763,0.08423494000591436,0.005148021588788235,0.021098821147804092,0.005066453330767906,0.00022671196963715612,0.00022671196963715612,0.0,0.9984501244747587,0.0024321347639893118,0.0022054227943521555,0.9998616627522815,False
4.4675,1,151,152,1.2302843749999832,1.2302843749999832,0.0,0.021820696147803992,0.021820696147803992,0.09000994000591425,0.08414004341712603,0.0055089590887882345,0.021820696147803992,0.005066453330767906,0.00022678296661757995,0.00022678296661757995,0.0,0.9984655896711928,0.002445275204757274,0.002218492238139694,0.9998630639893213,False
4.49,1,152,153,1.2361906249999834,1.2361906249999837,2.220446049250313e-16,0.022558977397803937,0.022558977397803937,0.0900462934171263,0.08343811557833802,0.005642259870038256,0.022558977397803937,0.005066453330767906,0.0002266813713071183,0.0002266813713071183,0.0,0.9985584476350666,0.002445279536090937,0.002218598164783819,0.9998714958086952,False
4.515,1,153,154,1.2427531249999837,1.2427531249999837,0.0,0.02337928989780383,0.02337928989780383,0.09000061557833795,0.08293306273954966,0.0060524161200382585,0.02337928989780383,0.005066453330767906,0.00022654118128415533,0.00022654118128415533,0.0,0.9986065884165616,0.002419281136565067,0.0021927399552809116,0.9998758437198951,False
4.542,1,154,155,1.2498406249999836,1.2498406249999836,0.0,0.024265227397803735,0.024265227397803735,0.09002056273954978,0.08206707240076144,0.006938353620038288,0.024265227397803735,0.005066453330767906,0.00022651471192733334,0.00022651471192733334,0.0,0.9987023585493976,0.0022470170756096995,0.0020205023636823663,0.9998843822798601,False
4.57225,1,155,156,1.2577812499999836,1.2577812499999836,0.0,0.025257805522803614,0.025257805522803614,0.09000769740076145,0.08166660940572315,0.007803318568201149,0.025257805522803614,0.005066453330767906,0.00022688989447223508,0.00022688989447223508,0.0,0.9988651060194844,0.0016978531858472395,0.0014709632913750045,0.9998986415253462,False
4.604,1,156,157,1.2661156249999839,1.2661156249999839,0.0,0.026299602397803518,0.013149801198901759,0.09000098440572339,0.08061809953568504,0.008845115443201199,0.013149801198901759,0.005066453330767906,0.00022646516303752567,0.00022646516303752567,0.0,0.9989828113513249,0.000752635904525345,0.0005261707414878193,0.9999080477370493,False
4.63975,1,157,158,1.2754999999999839,1.2754999999999839,0.0,0.014322848073901768,0.014322848073901768,0.0900024745356851,0.08492958678816592,0.005072887747519181,0.014322848073901768,0.005066453330767906,0.00022083015799912115,0.00022083015799912115,0.0,0.9991021351762175,0.002323993576529966,0.002103163418530845,0.9999209601675967,False
4.65925,1,158,159,1.2806187499999844,1.2806187499999844,0.0,0.01496269182390181,0.01496269182390181,0.09004833678816626,0.08433560529064704,0.005392809622519202,0.01496269182390181,0.005066453330767906,0.00022549227205021283,0.00022549227205021283,0.0,0.9984231989264913,0.0023372860468398177,0.0021117937747896047,0.9998591352803395,False
4.681,1,159,160,1.2863281249999843,1.2863281249999843,0.0,0.01567636369890182,0.01567636369890182,0.09004498029064717,0.08393849879312795,0.005933983502850637,0.01567636369890182,0.005066453330767906,0.00022277446176248065,0.00022277446176248065,0.0,0.9985250764094131,0.0023706736618691604,0.00214789920010668,0.9998684058753479,False
4.70425,1,160,161,1.2924312499999844,1.2924312499999844,0.0,0.016439254323901736,0.016439254323901736,0.0900416237931279,0.08317225167060865,0.006315428815350648,0.016439254323901736,0.005066453330767906,0.0002230647498101987,0.0002230647498101987,0.0,0.9986553808872214,0.002377217248285206,0.0021541524984750073,0.999880249279846,False
4.7305,1,161,162,1.2993218749999844,1.2993218749999844,0.0,0.017300582448901643,0.017300582448901643,0.09006287667060864,0.08250467441775795,0.006497948346600658,0.017300582448901643,0.005066453330767906,0.00022436991428446658,0.00022436991428446658,0.0,0.9987455147318973,0.002344512335799083,0.0021201424215146164,0.9998884189987894,False
4.75925,1,162,163,1.3068687499999843,1.3068687499999843,0.0,0.018243941823901526,0.018243941823901526,0.0900515494177578,0.0815499877899071,0.006969628034100664,0.018243941823901526,0.005066453330767906,0.00022561585727465868,0.00022561585727465868,0.0,0.9987902578889256,0.0021766971905755814,0.0019510813333009228,0.9998923549766504,False
4.7915,1,163,164,1.3153343749999844,1.3153343749999844,0.0,0.01930214494890142,0.01930214494890142,0.09001561278990713,0.08083729334955639,0.008027831159100704,0.01930214494890142,0.005066453330767906,0.0002268172260029499,0.0002268172260029499,0.0,0.9988789080632658,0.0009692357040113342,0.0007424184780083843,0.9998989980556879,False
4.8265,1,164,165,1.3245218749999843,1.3245218749999845,2.220446049250313e-16,0.020450582448901296,0.020450582448901296,0.09002479334955653,0.08486141487938115,0.005163378470175383,0.020450582448901296,0.005066453330767906,0.000228047070837857,0.000228047070837857,0.0,0.999019565804717,0.0024333638167450614,0.002205316745907204,0.9999135115931368,False
4.84625,1,165,166,1.329706249999984,1.329706249999984,0.0,0.0210986293239012,0.0210986293239012,0.090045789879381,0.08423436453420563,0.005147997610800371,0.0210986293239012,0.005066453330767906,0.00022933420688675971,0.00022933420688675971,0.0,0.9984501500241625,0.0024568249513428828,0.002227490744456123,0.9998616935698114,False
4.86825,1,166,167,1.3354812499999844,1.3354812499999844,0.0,0.02182050432390113,0.02182050432390113,0.09000936453420576,0.08413949192340536,0.005508935110800385,0.02182050432390113,0.005066453330767906,0.00022948674843197673,0.00022948674843197673,0.0,0.998465616630518,0.002469862000019366,0.0022403752515873896,0.9998630957482815,False
4.89075,1,167,168,1.3413874999999844,1.3413874999999844,0.0,0.022558785573901046,0.022558785573901046,0.0900457419234054,0.08343758806260498,0.005642235892050391,0.022558785573901046,0.005066453330767906,0.00022945869742054374,0.00022945869742054374,0.0,0.9985584761236559,0.002470141439177398,0.002240682741756854,0.9998715279645576,False
4.91575,1,168,169,1.3479499999999844,1.3479499999999847,2.220446049250313e-16,0.023379098073900966,0.023379098073900966,0.09000008806260515,0.08293255920180471,0.006052392142050408,0.023379098073900966,0.005066453330767906,0.0002293583721264648,0.0002293583721264648,0.0,0.9986066177563909,0.0024435803444450635,0.0022142219723185986,0.9998758752924545,False
4.94275,1,169,170,1.3550374999999848,1.3550374999999848,0.0,0.024265035573900872,0.024265035573900872,0.09002005920180482,0.08206659284100436,0.006938329642050437,0.024265035573900872,0.005066453330767906,0.00022936773423327397,0.00022936773423327397,0.0,0.9987023890242369,0.002267876928138096,0.0020385091939048223,0.999884410199002,False
4.973,1,170,171,1.3629781249999846,1.3629781249999846,0.0,0.02525761369890075,0.02525761369890075,0.09000721784100435,0.08166615382395388,0.007803270612225434,0.02525761369890075,0.005066453330767906,0.00022980096846608194,0.00022980096846608194,0.0,0.9988651383481342,0.001714618484521202,0.0014848175160551201,0.9998986631979503,False
5.0047500000000005,1,171,172,1.3713124999999846,1.3713124999999848,2.220446049250313e-16,0.026299410573900627,0.013149705286950314,0.0900005288239539,0.0806176679319034,0.008845067487225453,0.013149705286950314,0.005066453330767906,0.0002293846075142531,0.0002293846075142531,0.0,0.998982841574127,0.0007618052656685192,0.0005324206581542661,0.9999080541645684,False
5.0405,1,172,173,1.380696874999985,1.3806968749999848,-2.220446049250313e-16,0.014322752161950352,0.014322752161950352,0.09000204293190371,0.08492916717337845,0.005072875758525256,0.014322752161950352,0.005066453330767906,0.00022476653586421912,0.00022476653586421912,0.0,0.9991021825791807,0.002364158982316629,0.0021393924464524097,0.999921011194866,False
5.0600000000000005,1,173,174,1.3858156249999851,1.3858156249999851,0.0,0.014962595911950365,0.014962595911950365,0.09004791717337855,0.08433519766485328,0.005392797633525262,0.014962595911950365,0.005066453330767906,0.00022867462793622263,0.00022867462793622263,0.0,0.9984232305398449,0.0023643413773080865,0.002135666749371864,0.9998591697896432,False
5.08175,1,174,175,1.3915249999999855,1.3915249999999852,-2.220446049250313e-16,0.015676267786950374,0.015676267786950374,0.09004457266485341,0.08393810315632813,0.005933959524862765,0.015676267786950374,0.005066453330767906,0.0002253118399578718,0.0002253118399578718,0.0,0.998525102777025,0.002392798515217967,0.0021674866752600954,0.9998684342327276,False
5.105,1,175,176,1.3976281249999851,1.3976281249999853,2.220446049250313e-16,0.01643915841195029,0.01643915841195029,0.09004122815632809,0.0831718680228028,0.006315404837362776,0.01643915841195029,0.005066453330767906,0.00022538446645813728,0.00022538446645813728,0.0,0.998655404864987,0.0023983183746049824,0.002172933908146845,0.999880276016308,False
5.1312500000000005,1,176,177,1.4045187499999852,1.4045187499999852,0.0,0.017300486536950196,0.017300486536950196,0.09006249302280277,0.08250431474793996,0.006497924368612785,0.017300486536950196,0.005066453330767906,0.0002267861695151923,0.0002267861695151923,0.0,0.9987455406722086,0.0023657509480163527,0.0021389647785011604,0.9998884459764613,False
5.16,1,177,178,1.4120656249999852,1.4120656249999852,0.0,0.018243845911950107,0.018243845911950107,0.09005118974794003,0.08154965209807717,0.006969604056112806,0.018243845911950107,0.005066453330767906,0.00022818095356582076,0.00022818095356582076,0.0,0.9987902859011404,0.0021969373313407495,0.001968756377774929,0.9998923813363098,False
5.1922500000000005,1,178,179,1.4205312499999851,1.4205312499999851,0.0,0.019302049036949973,0.019302049036949973,0.09001527709807697,0.08083698163571411,0.008027807181112817,0.019302049036949973,0.005066453330767906,0.00022954592543578592,0.00022954592543578592,0.0,0.9988789384081692,0.0009815933751047279,0.000752047449668942,0.9998990114358636,False
5.22725,1,179,180,1.4297187499999853,1.4297187499999853,0.0,0.02045048653694985,0.02045048653694985,0.09002448163571425,0.08486111515453279,0.005163366481181447,0.02045048653694985,0.005066453330767906,0.0002310235925529998,0.0002310235925529998,0.0,0.999019599881713,0.002462026761439695,0.0022310031688866955,0.9999135477061066,False
5.247,1,180,181,1.4349031249999853,1.4349031249999853,0.0,0.021098533411949782,0.021098533411949782,0.09004549015453289,0.08423407679835143,0.005147985621806449,0.021098533411949782,0.005066453330767906,0.00023235031399459753,0.00023235031399459753,0.0,0.9984501837623866,0.0024856398173919644,0.002253289503397367,0.9998617298078107,False
5.269,1,181,182,1.4406781249999856,1.4406781249999856,0.0,0.02182040841194971,0.02182040841194971,0.09000907679835154,0.08413921617654507,0.005508923121806463,0.02182040841194971,0.005066453330767906,0.00023257655113694198,0.00023257655113694198,0.0,0.9984656516306287,0.002498539085453659,0.002265962534316717,0.9998631329190176,False
5.2915,1,182,183,1.4465843749999854,1.4465843749999854,0.0,0.022558689661949627,0.022558689661949627,0.09004546617654513,0.08343732430473863,0.005642223903056462,0.022558689661949627,0.005066453330767906,0.00023264088676737133,0.00023264088676737133,0.0,0.998558512646065,0.002499478597980602,0.0022668377112132305,0.9998715659675189,False
5.31675,1,183,184,1.4532124999999856,1.4532124999999856,0.0,0.023387205286949528,0.023387205286949528,0.09006544930473864,0.08298972930793214,0.00605648171555647,0.023387205286949528,0.005066453330767906,0.0002326619746966042,0.0002326619746966042,0.0,0.9986084262439824,0.0024739218520460696,0.0022412598773494654,0.9998760751235792,False
5.3435,1,184,185,1.4602343749999855,1.4602343749999855,0.0,0.024264939661949425,0.024264939661949425,0.09001160430793216,0.08205814993612565,0.0069342160905564885,0.024264939661949425,0.005066453330767906,0.00023270385264358276,0.00023270385264358276,0.0,0.9987016587798547,0.0022948339603679514,0.0020621301077243686,0.9998843759231466,False
5.3740000000000006,1,185,186,1.4682406249999858,1.4682406249999858,0.0,0.025265720911949313,0.025265720911949313,0.09006439993612572,0.0817151447830692,0.007807348196737577,0.025265720911949313,0.005066453330767906,0.00023325773729926524,0.00023325773729926524,0.0,0.9988657677761594,0.0017391810493217474,0.0015059233120224822,0.9998987480760334,False
5.40575,1,186,187,1.4765749999999858,1.4765749999999858,0.0,0.02630751778694919,0.013153758893474594,0.09004951978306922,0.08065846775501267,0.008849145071737596,0.013153758893474594,0.005066453330767906,0.00023283526675911827,0.00023283526675911827,0.0,0.9989833545845436,0.0007793512124730645,0.0005465159457139462,0.9999081144345204,False
5.4415000000000004,1,187,188,1.485959374999986,1.485959374999986,0.0,0.014326805768474633,0.014326805768474633,0.09004284275501298,0.08496792220973469,0.005074920545278286,0.014326805768474633,0.005066453330767906,0.00022947103841525202,0.00022947103841525202,0.0,0.9991026109666489,0.0024127391826668093,0.0021832681442515572,0.9999211061818395,False
5.46075,1,188,189,1.4910124999999863,1.4910124999999863,0.0,0.014958446393474665,0.014958446393474665,0.09002104720973494,0.08431448603945663,0.005390740857778302,0.014958446393474665,0.005066453330767906,0.00023254125462443382,0.00023254125462443382,0.0,0.998421569561721,0.002398426967281257,0.0021658857126568235,0.999859058456254,False
5.4825,1,189,190,1.4967218749999864,1.4967218749999867,2.220446049250313e-16,0.015672118268474675,0.015672118268474675,0.09002386103945675,0.08391944830667844,0.005933947535868849,0.015672118268474675,0.005066453330767906,0.00022840482754844598,0.00022840482754844598,0.0,0.998524640671436,0.0024203282264719586,0.0021919233989235124,0.9998684244312089,False
5.50575,1,190,191,1.5028249999999863,1.5028249999999865,2.220446049250313e-16,0.01643500889347459,0.01643500889347459,0.09002257330667839,0.08315526994890005,0.006315392848368859,0.01643500889347459,0.005066453330767906,0.00022811644282919185,0.00022811644282919185,0.0,0.9986554363653475,0.002423833672313948,0.002195717229484756,0.9998803085604583,False
5.532,1,191,192,1.5097156249999863,1.5097156249999863,0.0,0.017296337018474498,0.017296337018474498,0.09004589494890003,0.08248772866303114,0.006495861598368866,0.017296337018474498,0.005066453330767906,0.00022955455113511945,0.00022955455113511945,0.0,0.9987455731331296,0.002391051272858165,0.002161496721723045,0.999888478245273,False
5.5607500000000005,1,192,193,1.517262499999986,1.5172624999999862,2.220446049250313e-16,0.01823969639347438,0.01823969639347438,0.09003460366303098,0.08153307800216207,0.006967541285868873,0.01823969639347438,0.005066453330767906,0.00023109107080799627,0.00023109107080799627,0.0,0.9987899859603244,0.002221603271130246,0.0019905122003222495,0.9998923828981874,False
5.59325,1,193,194,1.525793749999986,1.525793749999986,0.0,0.019306102643474255,0.019306102643474255,0.09006432800216194,0.08087784140379302,0.008033947535868894,0.019306102643474255,0.005066453330767906,0.00023267800641428013,0.00023267800641428013,0.0,0.9988798365701002,0.0010012623045799474,0.0007685842981656672,0.9998991123977048,False
5.62825,1,194,195,1.5349812499999862,1.5349812499999862,0.0,0.020454540143474132,0.020454540143474132,0.09006534140379316,0.08489787935460869,0.005167462049184479,0.020454540143474132,0.005066453330767906,0.00023439255547528308,0.00023439255547528308,0.0,0.9990202993801748,0.002495132738760432,0.002260740183285149,0.9999136492406578,False
5.64775,1,195,196,1.540099999999986,1.5400999999999863,2.220446049250313e-16,0.021094383893474056,0.021094383893474056,0.09001662935460869,0.0842093235554242,0.0051469542366844746,0.021094383893474056,0.005066453330767906,0.0002357455858530015,0.0002357455858530015,0.0,0.9984491274299692,0.0025184908955595553,0.002282745309706554,0.9998616716453365,False
5.67,1,196,197,1.5459406249999863,1.5459406249999863,0.0,0.021824462018473993,0.021824462018473993,0.09004994855542439,0.08417291619373989,0.005511993299184494,0.021824462018473993,0.005066453330767906,0.0002360977224369628,0.0002360977224369628,0.0,0.9984675713802403,0.0025322652364991524,0.0022961675140621895,0.9998633469416122,False
5.6922500000000005,1,197,198,1.5517812499999866,1.5517812499999863,-2.220446049250313e-16,0.0225545401434739,0.0225545401434739,0.09001354119373986,0.08340643070705533,0.005641192517934495,0.0225545401434739,0.005066453330767906,0.0002362424806015657,0.0002362424806015657,0.0,0.9985573697652133,0.0025334948999288856,0.00229725241932732,0.9998715022433212,False
5.7175,1,198,199,1.5584093749999868,1.5584093749999868,0.0,0.02338305576847383,0.02338305576847383,0.0900345557070556,0.08296396865787103,0.006055450330434518,0.02338305576847383,0.005066453330767906,0.00023639020422248756,0.00023639020422248756,0.0,0.9986082504332854,0.0025087933374189214,0.002272403133196434,0.9998761001723537,False
5.7445,1,199,200,1.5654968749999867,1.5654968749999867,0.0,0.024268993268473708,0.024268993268473708,0.0900514686578709,0.08209494410868637,0.006941387830434517,0.024268993268473708,0.005066453330767906,0.00023655232598833272,0.00023655232598833272,0.0,0.9987030514719977,0.0023293506169027034,0.0020927982909143706,0.9998845428940805,False
5.77475,1,200,201,1.5734374999999867,1.5734374999999867,0.0,0.025261571393473615,0.025261571393473615,0.0900355691086866,0.081687345340752,0.007804260035868657,0.025261571393473615,0.005066453330767906,0.00023712199043057444,0.00023712199043057444,0.0,0.9988656680843823,0.0017693517790126762,0.0015322297885821017,0.9998987732226533,False
5.8065,1,201,202,1.5817718749999867,1.5817718749999867,0.0,0.02630336826847349,0.013151684134236745,0.09002172034075201,0.0806316996978174,0.008846056910868677,0.013151684134236745,0.005066453330767906,0.00023670109601781227,0.00023670109601781227,0.0,0.9989830467335583,0.0008019154096685216,0.0005652143136507093,0.9999081066611083,False
5.84225,1,202,203,1.5911562499999872,1.5911562499999872,0.0,0.014324731009236783,0.014324731009236783,0.09001607469781771,0.0849416698451004,0.00507440485271731,0.014324731009236783,0.005066453330767906,0.00023477583178561256,0.00023477583178561256,0.0,0.9991024022511518,0.0024669151523974697,0.002232139320611857,0.9999211495220632,False
5.86175,1,203,204,1.5962749999999872,1.5962749999999872,0.0,0.014964574759236796,0.014964574759236796,0.0900604198451005,0.0843461712423832,0.005394326727717317,0.014964574759236796,0.005066453330767906,0.00023677179745162718,0.00023677179745162718,0.0,0.9984237474217952,0.002438826788693539,0.002202054991241912,0.9998593024596234,False
5.8835,1,204,205,1.6019843749999874,1.6019843749999874,0.0,0.01567824663423681,0.01567824663423681,0.09005554624238332,0.08394754763966597,0.005934454236684384,0.01567824663423681,0.005066453330767906,0.0002318883527371702,0.0002318883527371702,0.0,0.9985255505449477,0.0024536158359352855,0.0022217274831981154,0.9998685452732596,False
5.90675,1,205,206,1.608087499999987,1.6080874999999872,2.220446049250313e-16,0.016441137259236724,0.016441137259236724,0.09005067263966594,0.0831797834119486,0.006315899549184395,0.016441137259236724,0.005066453330767906,0.00023126080367086063,0.00023126080367086063,0.0,0.9986555775898499,0.0024545285878551787,0.002223267784184318,0.9998803565898089,False
5.93275,1,206,207,1.614912499999987,1.614912499999987,0.0,0.017294262259236623,0.017294262259236623,0.09000478341194848,0.08245431355026406,0.006494317517934392,0.017294262259236623,0.005066453330767906,0.0002326438867350196,0.0002326438867350196,0.0,0.9987442618354031,0.0024202488013084777,0.0021876049145734583,0.9998883927338649,False
5.9615,1,207,208,1.6224593749999872,1.6224593749999874,2.220446049250313e-16,0.018237621634236534,0.018237621634236534,0.09000118855026412,0.08150735931357966,0.006965997205434413,0.018237621634236534,0.005066453330767906,0.00023433162187828943,0.00023433162187828943,0.0,0.9987897745280845,0.002250842618953093,0.002016510997074804,0.9998923975058552,False
5.994,1,208,209,1.6309906249999873,1.630990624999987,-2.220446049250313e-16,0.019304027884236408,0.019304027884236408,0.09003860931357954,0.08085981913939506,0.008032403455434434,0.019304027884236408,0.005066453330767906,0.00023609725867004876,0.00023609725867004876,0.0,0.9988796631515579,0.0010246778372814819,0.0007885805786114332,0.9998991207588556,False
6.029,1,209,210,1.640178124999987,1.6401781249999872,2.220446049250313e-16,0.020452465384236285,0.020452465384236285,0.0900473191393952,0.08488370530230294,0.005163613837092256,0.020452465384236285,0.005066453330767906,0.00023807809784052663,0.00023807809784052663,0.0,0.9990201800566944,0.0025315027573110244,0.002293424659470498,0.9999136801061822,False
6.0485,1,210,211,1.6452968749999872,1.6452968749999872,0.0,0.02109230913423621,0.02109230913423621,0.09000245530230297,0.0841989977152107,0.005146182196467252,0.02109230913423621,0.005066453330767906,0.0002394849181255718,0.0002394849181255718,0.0,0.9984481436799248,0.002555350208440478,0.002315865290314906,0.9998616244701459,False
6.07075,1,211,212,1.651137499999987,1.651137499999987,0.0,0.021822387259236117,0.021822387259236117,0.09003962271521065,0.08416336239374339,0.005511221258967257,0.021822387259236117,0.005066453330767906,0.0002399659965843899,0.0002399659965843899,0.0,0.9984674179537691,0.002569618006739431,0.002329652010155041,0.9998633767973009,False
6.093,1,212,213,1.6569781249999873,1.6569781249999873,0.0,0.022552465384236053,0.022552465384236053,0.0900039873937436,0.0833976489472763,0.005640420477717265,0.022552465384236053,0.005066453330767906,0.00024024713165753719,0.00024024713165753719,0.0,0.9985572410355845,0.002572268261521956,0.002332021129864419,0.9998715358727728,False
6.11825,1,213,214,1.6636062499999875,1.6636062499999875,0.0,0.023380981009235954,0.023380981009235954,0.09002577394727632,0.08295595893830901,0.006054678290217273,0.023380981009235954,0.005066453330767906,0.0002405201291763722,0.0002405201291763722,0.0,0.9986081356950806,0.002548633080898869,0.002308112951722497,0.9998761362203936,False
6.14525,1,214,215,1.6706937499999874,1.6706937499999877,2.220446049250313e-16,0.02426691850923586,0.02426691850923586,0.09004345893830912,0.08208770642934177,0.006940615790217302,0.02426691850923586,0.005066453330767906,0.00024076330201611908,0.00024076330201611908,0.0,0.9987029596355229,0.0023685174418339693,0.0021277541398178504,0.9998845802752162,False
6.1755,1,215,216,1.6786343749999875,1.6786343749999877,2.220446049250313e-16,0.02525949663423574,0.02525949663423574,0.09002833142934177,0.08168087970162445,0.007803741346059181,0.02525949663423574,0.005066453330767906,0.00024138067185021662,0.00024138067185021662,0.0,0.9988656107411887,0.0018056740683657854,0.0015642933965155689,0.9998988092509563,False
6.20725,1,216,217,1.6869687499999877,1.6869687499999877,0.0,0.026301293509235643,0.013150646754617822,0.09001525470162469,0.08062600609890731,0.00884553822105923,0.013150646754617822,0.005066453330767906,0.00024093517714174337,0.00024093517714174337,0.0,0.998983039952508,0.0008308931395333563,0.0005899579623916129,0.9999081344244067,False
6.243,1,217,218,1.696353124999988,1.696353124999988,0.0,0.01432369362961783,0.01432369362961783,0.09001038109890738,0.08493636226629869,0.005074018832608688,0.01432369362961783,0.005066453330767906,0.0002405397622095054,0.0002405397622095054,0.0,0.9991024302106968,0.002525914418039947,0.0022853746558304418,0.9999212196755655,False
6.2625,1,218,219,1.7014718749999882,1.7014718749999882,0.0,0.014963537379617873,0.014963537379617873,0.09005511226629903,0.0843412496836903,0.005393940707608709,0.014963537379617873,0.005066453330767906,0.00024143730600108222,0.00024143730600108222,0.0,0.9984236965170401,0.0024833004677337137,0.0022418631617326314,0.9998593486548502,False
6.28425,1,219,220,1.7071812499999883,1.707181249999988,-2.220446049250313e-16,0.015677209254617883,0.015677209254617883,0.09005062468369043,0.08394301210108171,0.005934194891779653,0.015677209254617883,0.005066453330767906,0.00023572429975875944,0.00023572429975875944,0.0,0.9985255033170387,0.0024902246372811715,0.002254500337522412,0.9998685830540319,False
6.3075,1,220,221,1.7132843749999882,1.7132843749999882,0.0,0.0164400998796178,0.0164400998796178,0.09004613710108167,0.0831756338934729,0.0063156402042796635,0.0164400998796178,0.005066453330767906,0.00023468981679275754,0.00023468981679275754,0.0,0.998655568197224,0.002488210647163522,0.002253520830370764,0.9998803944620402,False
6.3335,1,221,222,1.720109374999988,1.720109374999988,0.0,0.017293224879617698,0.017293224879617698,0.09000063389347282,0.08245042337669312,0.006494058173029668,0.017293224879617698,0.005066453330767906,0.0002360565158167609,0.0002360565158167609,0.0,0.9987442589563579,0.002453491545380951,0.00221743502956419,0.999888430603751,False
6.3625,1,222,223,1.7277218749999879,1.7277218749999879,0.0,0.01824478737961759,0.01824478737961759,0.09006292337669304,0.08156115035991332,0.00696983942302968,0.01824478737961759,0.005066453330767906,0.00023791222518675234,0.00023791222518675234,0.0,0.9987911137920694,0.002285212785111998,0.0020473005599252457,0.9998925585395307,False
6.39475,1,223,224,1.7361874999999878,1.736187499999988,2.220446049250313e-16,0.019302990504617482,0.019302990504617482,0.09002677535991335,0.08084824453063362,0.00802804254802972,0.019302990504617482,0.005066453330767906,0.00023978072683997632,0.00023978072683997632,0.0,0.9988790988140231,0.0010528748036775087,0.0008130940768375324,0.9998990994378344,False
6.42975,1,224,225,1.745374999999988,1.745374999999988,0.0,0.02045142800461733,0.02045142800461733,0.09003574453063351,0.08487226036599363,0.005163484164639876,0.02045142800461733,0.005066453330767906,0.0002420666555453505,0.0002420666555453505,0.0,0.9990197629300992,0.002571209182430388,0.0023291425268850375,0.9999136876260357,False
6.4495000000000005,1,225,226,1.750559374999988,1.750559374999988,0.0,0.021099474879617264,0.021099474879617264,0.09005663536599373,0.08424510432635382,0.005150154086514881,0.021099474879617264,0.005066453330767906,0.0002435515688242959,0.0002435515688242959,0.0,0.9984503547568664,0.0025962639134194665,0.0023527123445951704,0.9998618720034108,False
6.4715,1,226,227,1.756334374999988,1.756334374999988,0.0,0.021821349879617192,0.021821349879617192,0.09002010432635396,0.08414807523983905,0.005511091586514895,0.021821349879617192,0.005066453330767906,0.0002441502222716959,0.0002441502222716959,0.0,0.9984663638351561,0.0026105059291344317,0.0023663557068627356,0.9998633287080289,False
6.494,1,227,228,1.7622406249999882,1.762240624999988,-2.220446049250313e-16,0.02255963112961711,0.02255963112961711,0.0900543252398391,0.08344401490332418,0.005642341586514899,0.02255963112961711,0.005066453330767906,0.00024461211947961377,0.00024461211947961377,0.0,0.9985591635674596,0.002615547662602257,0.0023709355431226434,0.9998717606222848,False
6.519,1,228,229,1.7688031249999883,1.7688031249999883,0.0,0.02337994362961703,0.02337994362961703,0.09000651490332434,0.08293682956680938,0.006052497836514916,0.02337994362961703,0.005066453330767906,0.0002449607080158923,0.0002449607080158923,0.0,0.998606835477788,0.002592224086721228,0.002347263378705336,0.999876068714628,False
6.546,1,229,230,1.7758906249999886,1.7758906249999886,0.0,0.024265881129616935,0.024265881129616935,0.09002432956680949,0.08206870673029451,0.006938435336514945,0.024265881129616935,0.005066453330767906,0.0002452984358221073,0.0002452984358221073,0.0,0.9987026079544518,0.0024122584321603323,0.002166959996338225,0.9998845990713612,False
6.57625,1,230,231,1.7838312499999884,1.7838312499999884,0.0,0.025258459254616814,0.025258459254616814,0.09000933173029452,0.08166816201877952,0.007803482001154449,0.025258459254616814,0.005066453330767906,0.000245964835662844,0.000245964835662844,0.0,0.9988653555140122,0.0018471012764595118,0.0016011364407966678,0.9998988331418089,False
6.6080000000000005,1,231,232,1.7921656249999884,1.7921656249999884,0.0,0.02630025612961669,0.013150128064808345,0.09000253701877954,0.08061957043226455,0.00884527887615447,0.013150128064808345,0.005066453330767906,0.0002454929375323629,0.0002454929375323629,0.0,0.9989830672455883,0.0008652417051152883,0.0006197487675829254,0.9999081723437131,False
6.64375,1,232,233,1.8015499999999887,1.8015499999999887,0.0,0.014323174939808383,0.014323174939808383,0.09000394543226485,0.08493101682650735,0.005072928605757509,0.014323174939808383,0.005066453330767906,0.0002466851603395679,0.0002466851603395679,0.0,0.9991024860407253,0.0025887097574833554,0.0023420245971437874,0.9999212965308675,False
6.663250000000001,1,233,234,1.806668749999989,1.806668749999989,0.0,0.014963018689808396,0.014963018689808396,0.09004976682650745,0.08433699447074991,0.005392850480757516,0.014963018689808396,0.005066453330767906,0.0002464245735941302,0.0002464245735941302,0.0,0.9984234553288869,0.0025314766774062053,0.002285052103812075,0.9998593816086667,False
6.6850000000000005,1,234,235,1.812378124999989,1.8123781249999888,-2.220446049250313e-16,0.01567669056480841,0.01567669056480841,0.09004636947075005,0.08393984711499253,0.005934065219327273,0.01567669056480841,0.005066453330767906,0.0002398591217179223,0.0002398591217179223,0.0,0.9985252894476165,0.0025300960546128445,0.002290236932894922,0.9998686092745595,False
6.7082500000000005,1,235,236,1.818481249999989,1.818481249999989,0.0,0.016439581189808324,0.016439581189808324,0.09004297211499247,0.08317355913423491,0.0063155105318272835,0.016439581189808324,0.005066453330767906,0.00023836994313649096,0.00023836994313649096,0.0,0.9986555880460705,0.002524790163032392,0.0022864202198959013,0.9998804382135366,False
6.7345,1,236,237,1.825371874999989,1.825371874999989,0.0,0.01730090931480823,0.01730090931480823,0.09006418413423489,0.08250590016490758,0.0064980300630772935,0.01730090931480823,0.005066453330767906,0.0002397478751261663,0.0002397478751261663,0.0,0.9987457211614652,0.0024904777661619165,0.0022507298910357503,0.9998886055827536,False
6.76325,1,237,238,1.8329187499999888,1.8329187499999888,0.0,0.018244268689808142,0.018244268689808142,0.09005277516490764,0.0815511318205803,0.006969709750577315,0.018244268689808142,0.005066453330767906,0.00024162474456608686,0.00024162474456608686,0.0,0.9987904710826626,0.0023211952674135478,0.002079570522847461,0.9998925413702175,False
6.7955000000000005,1,238,239,1.841384374999989,1.841384374999989,0.0,0.019302471814808007,0.019302471814808007,0.09001675682058008,0.08083835566375273,0.008027912875577326,0.019302471814808007,0.005066453330767906,0.00024369696343674074,0.00024369696343674074,0.0,0.998879129617341,0.0010854645938753876,0.0008417676304386469,0.9998991377575084,False
6.8305,1,239,240,1.8505718749999889,1.8505718749999889,0.0,0.020450909314807884,0.020450909314807884,0.09002585566375287,0.08486243633533916,0.005163419328413701,0.020450909314807884,0.005066453330767906,0.00024630990138769924,0.00024630990138769924,0.0,0.9990198022775642,0.0026136999649695805,0.002367390063581881,0.9999137397059067,False
6.85025,1,240,241,1.8557562499999891,1.855756249999989,-2.220446049250313e-16,0.021098956189807817,0.021098956189807817,0.09004681133533926,0.08423534513192553,0.0051480384690387035,0.021098956189807817,0.005066453330767906,0.0002478777615452901,0.0002478777615452901,0.0,0.9984503916809375,0.0026396549212267043,0.0023917771596814142,0.9998619248865303,False
6.87225,1,241,242,1.861531249999989,1.861531249999989,0.0,0.021820831189807745,0.021820831189807745,0.09001034513192566,0.08414043166288693,0.0055089759690387175,0.021820831189807745,0.005066453330767906,0.00024862467616684015,0.00024862467616684015,0.0,0.99846586603968,0.002654624560812103,0.0024059998846452627,0.9998633347090111,False
6.89475,1,242,243,1.8674374999999892,1.8674374999999892,0.0,0.02255911243980766,0.02255911243980766,0.09004668166288697,0.08343848694384823,0.0056422767502887165,0.02255911243980766,0.005066453330767906,0.0002492336596475043,0.0002492336596475043,0.0,0.9985587325705185,0.002661320922439526,0.0024120872627920215,0.9998717744861899,False
6.9197500000000005,1,243,244,1.873999999999989,1.873999999999989,0.0,0.023379424939807554,0.023379424939807554,0.09000098694384814,0.0829334172248094,0.006052433000288719,0.023379424939807554,0.005066453330767906,0.0002497070551637567,0.0002497070551637567,0.0,0.9986068810485973,0.002639436384322947,0.00238972932915919,0.9998761274740153,False
6.94675,1,244,245,1.8810874999999891,1.8810874999999894,2.220446049250313e-16,0.02426536243980746,0.02426536243980746,0.09002091722480952,0.08206741000577075,0.006938370500288748,0.02426536243980746,0.005066453330767906,0.0002501243461541751,0.0002501243461541751,0.0,0.998702656422575,0.002460016867700268,0.002209892521546093,0.9998846586731535,False
6.977,1,245,246,1.8890281249999892,1.8890281249999892,0.0,0.02525794056480734,0.02525794056480734,0.09000803500577075,0.08166693013048197,0.007803352328702081,0.02525794056480734,0.005066453330767906,0.00025082894092275847,0.00025082894092275847,0.0,0.9988654072679445,0.0018929006851483854,0.001642071744225627,0.9998988899368425,False
7.00875,1,246,247,1.8973624999999896,1.8973624999999896,0.0,0.026299737439807243,0.013149868719903621,0.09000130513048221,0.08061840338019341,0.00884514920370213,0.013149868719903621,0.005066453330767906,0.00025033149623920046,0.00025033149623920046,0.0,0.9989831131210394,0.0009042253318588267,0.0006538938356196262,0.9999082178355051,False
7.0445,1,247,248,1.9067468749999894,1.9067468749999894,0.0,0.01432291559490366,0.01432291559490366,0.09000277838019372,0.0849298821925493,0.0050728961876444255,0.01432291559490366,0.005066453330767906,0.00025317122216857304,0.00025317122216857304,0.0,0.9991025577009329,0.002654955026656372,0.002401783804487799,0.9999213786372768,False
7.064,1,248,249,1.9118656249999897,1.9118656249999897,0.0,0.014962759344903672,0.014962759344903672,0.09004863219254938,0.08433589225490494,0.005392818062644432,0.014962759344903672,0.005066453330767906,0.00025171394683267897,0.00025171394683267897,0.0,0.9984235107005408,0.0025831001840282905,0.0023313862371956116,0.9998594453164036,False
7.08575,1,249,250,1.91757499999999,1.9175749999999898,-2.220446049250313e-16,0.015676431219903683,0.015676431219903683,0.09004526725490508,0.08393877731726063,0.005934000383101103,0.015676431219903683,0.005066453330767906,0.0002442674364209839,0.0002442674364209839,0.0,0.9985253351227155,0.0025730685784372473,0.0023288011420162635,0.9998686625133659,False
7.109,1,250,251,1.92367812499999,1.92367812499999,0.0,0.0164393218449036,0.0164393218449036,0.09004190231726059,0.08317252175461612,0.006315445695601113,0.0164393218449036,0.005066453330767906,0.00024229778051347947,0.00024229778051347947,0.0,0.9986556240726954,0.002564174194977613,0.002321876414464133,0.9998804865656938,False
7.13525,1,251,252,1.9305687499999897,1.9305687499999897,0.0,0.017300649969903506,0.017300649969903506,0.09006314675461609,0.08250492762151494,0.0064979652268511235,0.017300649969903506,0.005066453330767906,0.00024360641753380018,0.00024360641753380018,0.0,0.9987457580625068,0.0025291703150306724,0.0022855638974968724,0.9998886531484178,False
7.164000000000001,1,252,253,1.9381156249999898,1.9381156249999898,0.0,0.01824400934490339,0.01824400934490339,0.09005180262151477,0.08155022411341362,0.00696964491435113,0.01824400934490339,0.005066453330767906,0.0002455836565219167,0.0002455836565219167,0.0,0.998790510077456,0.002360541436471339,0.002114957779949422,0.9998925898425489,False
7.19625,1,253,254,1.9465812499999897,1.9465812499999897,0.0,0.019302212469903282,0.019302212469903282,0.09001584911341365,0.08083751279281245,0.00802784803935117,0.019302212469903282,0.005066453330767906,0.00024783533170235717,0.00024783533170235717,0.0,0.9988791724014116,0.001121904766072948,0.0008740694343705909,0.9998991819204919,False
7.23125,1,254,255,1.9557687499999898,1.9557687499999898,0.0,0.02045064996990316,0.02045064996990316,0.09002501279281258,0.08486162588251198,0.005163386910300615,0.02045064996990316,0.005066453330767906,0.00025076971863828985,0.00025076971863828985,0.0,0.9990198513666892,0.002658529910967246,0.002407760192328956,0.9999137952700382,False
7.251,1,255,256,1.9609531249999896,1.9609531249999899,2.220446049250313e-16,0.021098696844903064,0.021098696844903064,0.09004600088251183,0.08423456709721122,0.005148006050925604,0.021098696844903064,0.005066453330767906,0.0002524116308929551,0.0002524116308929551,0.0,0.9984504399354523,0.00268533846352053,0.0024329268326275747,0.9998619813291026,False
7.273000000000001,1,256,257,1.96672812499999,1.96672812499999,0.0,0.02182057184490299,0.02182057184490299,0.09000956709721133,0.08413968604628572,0.005508943550925618,0.02182057184490299,0.005066453330767906,0.0002533136810080112,0.0002533136810080112,0.0,0.9984659163138251,0.0027018450288705184,0.0024485313478625073,0.9998633930882702,False
7.2955000000000005,1,257,258,1.97263437499999,1.97263437499999,0.0,0.02255885309490291,0.02255885309490291,0.09004593604628577,0.08343777374536013,0.005642244332175624,0.02255885309490291,0.005066453330767906,0.00025407321781900313,0.00025407321781900313,0.0,0.9985587858045935,0.0027095132643284794,0.0024554400465094765,0.9998718350340159,False
7.3205,1,258,259,1.9791968749999902,1.9791968749999902,0.0,0.02337916559490283,0.02337916559490283,0.09000027374536027,0.08293273644443461,0.006052400582175641,0.02337916559490283,0.005066453330767906,0.00025466201443487057,0.00025466201443487057,0.0,0.9986069362573364,0.002689105546200027,0.0024344435317651563,0.9998761898185621,False
7.3475,1,259,260,1.98628437499999,1.98628437499999,0.0,0.024265103094902735,0.024265103094902735,0.09002023644443471,0.08206676164350901,0.00693833808217567,0.024265103094902735,0.005066453330767906,0.0002551789587302285,0.0002551789587302285,0.0,0.9987027138508587,0.002510854172140066,0.0022556752134098375,0.999884722487313,False
7.37775,1,260,261,1.9942249999999901,1.9942249999999901,0.0,0.025257681219902614,0.025257681219902614,0.090007386643509,0.0816663141863333,0.007803287492475899,0.025257681219902614,0.005066453330767906,0.00025592097113578293,0.00025592097113578293,0.0,0.9988654665486123,0.001942155641443441,0.0016862346703076581,0.9998989513495922,False
7.4095,1,261,262,2.0025593749999904,2.0025593749999904,0.0,0.02629947809490249,0.013149739047451245,0.09000068918633332,0.0806178198541576,0.008845084367475919,0.013149739047451245,0.005066453330767906,0.0002554097633562575,0.0002554097633562575,0.0,0.9989831695300772,0.0009469462264341116,0.0006915364630778541,0.999908269075707,False
7.445250000000001,1,262,263,2.0119437499999906,2.0119437499999906,0.0,0.014322785922451283,0.014322785922451283,0.0900021948541579,0.08492931487557003,0.005072879978587872,0.014322785922451283,0.005066453330767906,0.00025995855872539784,0.00025995855872539784,0.0,0.9991026388042289,0.002724183385397934,0.002464224826672536,0.9999214649052064,False
7.46475,1,263,264,2.017062499999991,2.017062499999991,0.0,0.014962629672451296,0.014962629672451296,0.09004806487557013,0.08433534114698224,0.005392801853587878,0.014962629672451296,0.005066453330767906,0.0002572769781300947,0.0002572769781300947,0.0,0.9984235742304687,0.002637762005993624,0.0023804850278635295,0.9998595131257848,False
7.4865,1,264,265,2.0227718749999903,2.022771874999991,4.440892098500626e-16,0.015676301547451307,0.015676301547451307,0.09004471614698237,0.08393824241839448,0.0059339679649879976,0.015676301547451307,0.005066453330767906,0.0002489202092982512,0.0002489202092982512,0.0,0.99852538793435,0.0026187618235525775,0.0023698416142543264,0.9998687194089134,False
7.50975,1,265,266,2.0288749999999904,2.0288749999999904,0.0,0.016439192172451222,0.016439192172451222,0.09004136741839443,0.08317200306480652,0.006315413277488008,0.016439192172451222,0.005066453330767906,0.00024644287282451523,0.00024644287282451523,0.0,0.9986556693607116,0.0026059796090682277,0.0023595367362437124,0.9998805384619395,False
7.5360000000000005,1,266,267,2.035765624999991,2.0357656249999905,-4.440892098500626e-16,0.01730052029745113,0.01730052029745113,0.0900626280648065,0.08250444134981844,0.006497932808738018,0.01730052029745113,0.005066453330767906,0.00024766123964406754,0.00024766123964406754,0.0,0.9987458031070195,0.002570157759990685,0.0023224965203466176,0.9998887040218599,False
7.56475,1,267,268,2.0433124999999905,2.0433124999999905,0.0,0.01824387967245104,0.01824387967245104,0.09005131634981851,0.08154977025983043,0.006969612496238039,0.01824387967245104,0.005066453330767906,0.00024973745502611475,0.00024973745502611475,0.0,0.9987905568132448,0.0024024239544017875,0.0021526864993756728,0.999892641823316,False
7.597,1,268,269,2.0517781249999905,2.0517781249999905,0.0,0.019302082797450906,0.019302082797450906,0.09001539525983024,0.08083709135734214,0.00802781562123805,0.019302082797450906,0.005066453330767906,0.0002521772786032801,0.0002521772786032801,0.0,0.998879222326536,0.001161527226170203,0.000909349947566923,0.9998992306639811,False
7.632000000000001,1,269,270,2.060965624999991,2.060965624999991,0.0,0.020450520297450783,0.020450520297450783,0.09002459135734228,0.08486122065609822,0.005163370701244062,0.020450520297450783,0.005066453330767906,0.00025543924517746437,0.00025543924517746437,0.0,0.9990199065988803,0.0027055714063429284,0.002450132161165464,0.9999138538573936,False
7.65175,1,270,271,2.066149999999991,2.066149999999991,0.0,0.021098567172450716,0.021098567172450716,0.0900455956560983,0.08423417807985423,0.005147989841869065,0.021098567172450716,0.005066453330767906,0.00025714654191356825,0.00025714654191356825,0.0,0.9984504950821674,0.0027331827746786483,0.00247603623276508,0.9998620408041011,False
7.67375,1,271,272,2.0719249999999905,2.0719249999999905,0.0,0.021820442172450643,0.021820442172450643,0.09000917807985434,0.08413931323798525,0.005508927341869079,0.021820442172450643,0.005066453330767906,0.0002582153374231281,0.0002582153374231281,0.0,0.9984659735040378,0.0027513843473524063,0.0024931690099292783,0.9998634546244956,False
7.69625,1,272,273,2.077831249999991,2.077831249999991,0.0,0.02255872342245056,0.02255872342245056,0.09004556323798531,0.08343741714611619,0.005642228123119078,0.02255872342245056,0.005066453330767906,0.00025912530669559115,0.00025912530669559115,0.0,0.9985588454504182,0.0027600261833396304,0.0025009008766440394,0.9998718987457723,False
7.7215,1,273,274,2.084459374999991,2.084459374999991,0.0,0.02338723904745046,0.02338723904745046,0.0900655421461162,0.08298981792924709,0.006056485935619086,0.02338723904745046,0.005066453330767906,0.00025985475487924815,0.00025985475487924815,0.0,0.9986087681384256,0.002741856187257346,0.002482001432378098,0.9998764167597882,False
7.7482500000000005,1,274,275,2.0914812499999913,2.0914812499999913,0.0,0.024264973422450358,0.024264973422450358,0.0900116929292471,0.08205823433737798,0.006934220310619105,0.024264973422450358,0.005066453330767906,0.00026040202116374796,0.00026040202116374796,0.0,0.9987020071254322,0.0025639034147355334,0.0023035013935717853,0.9998847193242302,False
7.7787500000000005,1,275,276,2.0994874999999915,2.0994874999999915,0.0,0.025265754672450246,0.025265754672450246,0.09006448433737804,0.08171522496425891,0.00780735663686281,0.025265754672450246,0.005066453330767906,0.00026121695614631104,0.00026121695614631104,0.0,0.9988661189687015,0.0019948319156776542,0.0017336149595313431,0.9998990705907502,False
7.8105,1,276,277,2.107821874999992,2.107821874999992,0.0,0.02630755154745015,0.013153775773725075,0.09004959996425915,0.08065854371613998,0.00884915351186286,0.013153775773725075,0.005066453330767906,0.0002606869857929663,0.0002606869857929663,0.0,0.9989837052280442,0.0009938771298043103,0.000733190144011344,0.9999083691347987,False
7.84625,1,277,278,2.1172062499999917,2.1172062499999917,0.0,0.014326822648725084,0.014326822648725084,0.09004291871614005,0.08496799606083046,0.005074922655309595,0.014326822648725084,0.005066453330767906,0.0002669894521875207,0.0002669894521875207,0.0,0.9991030947017028,0.002796164045516858,0.0025291745933293374,0.9999215882254364,False
7.8655,1,278,279,2.1222593749999916,2.1222593749999916,0.0,0.014958463273725115,0.014958463273725115,0.09002112106083071,0.08431455778052108,0.005390742967809611,0.014958463273725115,0.005066453330767906,0.0002632073977354126,0.0002632073977354126,0.0,0.9984219410632399,0.002695514146510529,0.0024323067487751165,0.9998594303732362,False
7.88725,1,279,280,2.127968749999992,2.127968749999992,0.0,0.015672135148725126,0.015672135148725126,0.0900239327805212,0.08391951793771157,0.005933951755931466,0.015672135148725126,0.005066453330767906,0.00025382852304804373,0.00025382852304804373,0.0,0.998524949082314,0.002666656827381285,0.002412828304333241,0.9998687342546386,False
7.9105,1,280,281,2.134071874999992,2.134071874999992,0.0,0.01643502577372504,0.01643502577372504,0.09002264293771153,0.08315533746990189,0.006315397068431476,0.01643502577372504,0.005066453330767906,0.0002507624438096888,0.0002507624438096888,0.0,0.9986557199982277,0.0026494738134528184,0.0023987113696431295,0.9998805928564868,False
7.93675,1,281,282,2.1409624999999917,2.1409624999999917,0.0,0.01729635389872495,0.01729635389872495,0.09004596246990186,0.08248779196397035,0.006495865818431483,0.01729635389872495,0.005066453330767906,0.0002518621340820559,0.0002518621340820559,0.0,0.9987458528058263,0.0026126915117095847,0.0023608293776275287,0.9998887571582158,False
7.9655000000000005,1,282,283,2.1485093749999917,2.1485093749999917,0.0,0.018239713273724832,0.018239713273724832,0.0900346669639702,0.08153313708303866,0.00696754550593149,0.018239713273724832,0.005066453330767906,0.0002540294925253341,0.0002540294925253341,0.0,0.9987902736385084,0.002445970124230576,0.002191940631705242,0.9998926657352787,False
7.998,1,283,284,2.1570406249999916,2.1570406249999916,0.0,0.019306119523724734,0.019306119523724734,0.09006438708303878,0.0808778962646072,0.00803395175593154,0.019306119523724734,0.005066453330767906,0.0002567120757044746,0.0002567120757044746,0.0,0.9988801379076369,0.0012050808277164343,0.0009483687520119596,0.9998993628217129,False
8.033,1,284,285,2.166228124999992,2.166228124999992,0.0,0.020454557023724763,0.020454557023724763,0.0900653962646075,0.0848979321053917,0.005167464159215802,0.020454557023724763,0.005066453330767906,0.00026029261572960063,0.00026029261572960063,0.0,0.9990206248220549,0.002754664409629043,0.0024943717938994423,0.9999139749232744,False
8.0525,1,285,286,2.1713468749999922,2.1713468749999922,0.0,0.021094400773724747,0.021094400773724747,0.09001668210539154,0.08420937419617577,0.005146956346715784,0.021094400773724747,0.005066453330767906,0.00026203237425584933,0.00026203237425584933,0.0,0.9984494575290965,0.002782371454389386,0.002520339080133537,0.9998620025684091,False
8.07475,1,286,287,2.1771874999999916,2.1771874999999916,0.0,0.021824478898724756,0.021824478898724756,0.0900499991961758,0.08417296472446004,0.005511995409215788,0.021824478898724756,0.005066453330767906,0.00026330909734790993,0.00026330909734790993,0.0,0.9984679127083986,0.002803088009718277,0.002539778912370367,0.9998636895390149,False
8.097,1,287,288,2.1830281249999928,2.1830281249999928,0.0,0.022554557023724824,0.022554557023724824,0.0900135897244605,0.08340647712774468,0.005641194627965819,0.022554557023724824,0.005066453330767906,0.00026431747483854785,0.00026431747483854785,0.0,0.9985577223284162,0.002811909387032359,0.002547591912193811,0.9998718566602215,False
8.12225,1,288,289,2.1896562499999925,2.189656249999992,-4.440892098500626e-16,0.02338307264872484,0.02338307264872484,0.09003460212774468,0.08296401296852887,0.006055452440465826,0.02338307264872484,0.005066453330767906,0.00026518608501592284,0.00026518608501592284,0.0,0.9986086122694812,0.002795410672393816,0.002530224587377893,0.9998764643845793,False
8.14925,1,289,290,2.196743749999992,2.196743749999992,0.0,0.02426901014872484,0.02426901014872484,0.09005151296852873,0.08209498630931295,0.006941389940465796,0.02426901014872484,0.005066453330767906,0.00026585808993600564,0.00026585808993600564,0.0,0.9987034198680419,0.002620238050795535,0.0023543799608595293,0.9998849122960738,False
8.1795,1,290,291,2.2046843749999923,2.2046843749999923,0.0,0.025261588273724885,0.025261588273724885,0.09003561130931319,0.08168738543134738,0.007804264255931262,0.025261588273724885,0.005066453330767906,0.0002666814623846236,0.0002666814623846236,0.0,0.998866039351277,0.0020490823661300298,0.0017824009037454062,0.999899125069397,False
8.21125,1,291,292,2.2130187499999927,2.2130187499999927,0.0,0.026303385148724934,0.013151692574362467,0.09002176043134777,0.08063173767838192,0.008846061130931311,0.013151692574362467,0.005066453330767906,0.00026613832865515617,0.00026613832865515617,0.0,0.9989834172711258,0.0010414150746691775,0.0007752767460140213,0.99990839525167,False
8.247,1,292,293,2.2224031249999925,2.2224031249999925,0.0,0.014324739449362446,0.014324739449362446,0.09001611267838175,0.08494170677064883,0.00507440590773292,0.014324739449362446,0.005066453330767906,0.0002742812231767012,0.0002742812231767012,0.0,0.9991029095514505,0.002870127640889515,0.0025958464177128137,0.9999216555820908,False
8.2665,1,293,294,2.2275218749999928,2.2275218749999928,0.0,0.014964583199362488,0.014964583199362488,0.09006045677064914,0.0843462071129162,0.005394327782732941,0.014964583199362488,0.005066453330767906,0.0002690931547219916,0.0002690931547219916,0.0,0.9984241412592506,0.002754718852971065,0.0024856256982490736,0.9998596971583759,False
8.28825,1,294,295,2.233231249999993,2.233231249999993,0.0,0.015678255074362536,0.015678255074362536,0.09005558211291653,0.08394758245518356,0.005934456346715693,0.015678255074362536,0.005066453330767906,0.0002588534351868039,0.0002588534351868039,0.0,0.9985258787564101,0.0027170336891142594,0.0024581802539274554,0.9998688758054985,False
8.3115,1,295,296,2.239334374999993,2.239334374999993,0.0,0.016441145699362527,0.016441145699362527,0.09005070745518341,0.08317981717245049,0.006315901659215689,0.016441145699362527,0.005066453330767906,0.00025527280521296035,0.00025527280521296035,0.0,0.9986558780477047,0.0026955374857870404,0.00244026468057408,0.9998806595841071,False
8.3375,1,296,297,2.2461593749999933,2.2461593749999933,0.0,0.017294270699362544,0.017294270699362544,0.09000481717245051,0.08245434520073486,0.006494319627965694,0.017294270699362544,0.005066453330767906,0.00025620300700364006,0.00025620300700364006,0.0,0.9987445568693027,0.002656787625919435,0.0024005846189157952,0.9998886897180543,False
8.36625,1,297,298,2.2537062499999934,2.2537062499999934,0.0,0.018237630074362587,0.018237630074362587,0.09000122020073509,0.0815073888540194,0.006965999315465716,0.018237630074362587,0.005066453330767906,0.00025847248839804807,0.00025847248839804807,0.0,0.9987900770640505,0.0024913941480340512,0.002232921659636003,0.9998926995563839,False
8.39875,1,298,299,2.2622374999999937,2.2622374999999937,0.0,0.019304036324362638,0.019304036324362638,0.09003863885401972,0.08085984656980397,0.008032405565465736,0.019304036324362638,0.005066453330767906,0.0002613633880633618,0.0002613633880633618,0.0,0.9988799800338776,0.0012488814898560519,0.0009875181017926901,0.9998993978971114,False
8.43375,1,299,300,2.271424999999994,2.2714249999999936,-4.440892098500626e-16,0.020452473824362674,0.020452473824362674,0.09004734656980426,0.08488373167769638,0.005163614892107891,0.020452473824362674,0.005066453330767906,0.0002652841316473993,0.0002652841316473993,0.0,0.9990205220540319,0.002804998938149811,0.0025397148065024115,0.9999140228551462,False
8.45325,1,300,301,2.276543749999994,2.276543749999994,0.0,0.021092317574362657,0.021092317574362657,0.09000248167769623,0.08419902303558838,0.005146183251482881,0.021092317574362657,0.005066453330767906,0.00026708798364376507,0.00026708798364376507,0.0,0.9984484904550645,0.0028334485597473202,0.0025663605761035552,0.9998619727575769,False
8.4755,1,301,302,2.2823843749999937,2.2823843749999937,0.0,0.021822395699362666,0.021822395699362666,0.0900396480355884,0.08416338665910553,0.005511222313982885,0.021822395699362666,0.005066453330767906,0.00026853381914097754,0.00026853381914097754,0.0,0.9984677761717617,0.0028560010385101017,0.002587467219369124,0.9998637372827605,False
8.49775,1,302,303,2.2882249999999935,2.2882249999999935,0.0,0.022552473824362675,0.022552473824362675,0.09000401165910552,0.08339767215762267,0.005640421532732887,0.022552473824362675,0.005066453330767906,0.00026966890746692954,0.00026966890746692954,0.0,0.9985576103902251,0.0028656647942973054,0.002595995886830376,0.9998719084265911,False
8.523,1,303,304,2.294853124999994,2.294853124999994,0.0,0.02338098944936275,0.02338098944936275,0.09002579715762316,0.08295598109364025,0.006054679345232924,0.02338098944936275,0.005066453330767906,0.0002707166715998362,0.0002707166715998362,0.0,0.9986085150016089,0.0028512285675417644,0.002580511895941928,0.9998765197724152,False
8.55,1,304,305,2.301940624999994,2.301940624999994,0.0,0.02426692694936275,0.02426692694936275,0.09004348109364008,0.08208772752965719,0.006940616845232893,0.02426692694936275,0.005066453330767906,0.00027143274655795966,0.00027143274655795966,0.0,0.9987033450913405,0.0026775870672844856,0.002406154320726526,0.9998849713476561,False
8.58025,1,305,306,2.3098812499999943,2.3098812499999943,0.0,0.025259505074362795,0.025259505074362795,0.09002835252965743,0.0816808997469245,0.007803743456090738,0.025259505074362795,0.005066453330767906,0.00027234985985275347,0.00027234985985275347,0.0,0.9988659996753882,0.002106005588846438,0.0018336557289936844,0.9998991862085461,False
8.612,1,306,307,2.3182156249999943,2.3182156249999943,0.0,0.026301301949362785,0.013150650974681393,0.09001527474692442,0.0806260250891915,0.008845540331090728,0.013150650974681393,0.005066453330767906,0.0002717731379021623,0.0002717731379021623,0.0,0.9989834281351294,0.0010918190489315333,0.000820045911029371,0.9999084520404804,False
8.64775,1,307,308,2.3275999999999946,2.3275999999999946,0.0,0.014323697849681431,0.014323697849681431,0.09001040008919181,0.08493638072907535,0.005074019360116469,0.014323697849681431,0.005066453330767906,0.0002817882768546178,0.0002817882768546178,0.0,0.9991029582112937,0.002946348726393995,0.0026645604495393774,0.9999217466810146,False
8.667250000000001,1,308,309,2.332718749999995,2.332718749999995,0.0,0.014963541599681473,0.014963541599681473,0.09005513072907566,0.08434126761895917,0.00539394123511649,0.014963541599681473,0.005066453330767906,0.0002753104934181217,0.0002753104934181217,0.0,0.9984241111223028,0.002816485796806968,0.0025411753033888463,0.9998597643628203,False
8.689,1,309,310,2.3384281249999948,2.3384281249999948,0.0,0.015677213474681463,0.015677213474681463,0.09005064261895904,0.08394302950884258,0.005934195946795401,0.015677213474681463,0.005066453330767906,0.00026409986941651145,0.00026409986941651145,0.0,0.9985258497380115,0.002769148955865594,0.0025050490864490828,0.9998689324122682,False
8.712250000000001,1,310,311,2.3445312499999953,2.344531249999995,-4.440892098500626e-16,0.016440104099681514,0.016440104099681514,0.0900461545088429,0.08317565077372642,0.006315641259295427,0.016440104099681514,0.005066453330767906,0.00025993002751783183,0.00025993002751783183,0.0,0.998655883923469,0.002742820230206111,0.002482890202688279,0.9998807140305317,False
8.73825,1,311,312,2.351356249999995,2.3513562499999954,4.440892098500626e-16,0.01729322909968153,0.01729322909968153,0.09000065077372643,0.08245043920193104,0.006494059228045432,0.01729322909968153,0.005066453330767906,0.00026070175299765783,0.00026070175299765783,0.0,0.9987445674208932,0.0027027767858550933,0.0024420750328574357,0.9998887430822894,False
8.76725,1,312,313,2.3589687499999954,2.3589687499999954,0.0,0.018244791599681554,0.018244791599681554,0.09006293920193109,0.08156116513013567,0.006969840478045444,0.018244791599681554,0.005066453330767906,0.0002630973041446957,0.0002630973041446957,0.0,0.9987914292962522,0.002539478123347129,0.002276380819202433,0.9998928769212198,False
8.7995,1,313,314,2.3674343749999953,2.3674343749999953,0.0,0.019302994724681565,0.019302994724681565,0.09002679013013568,0.08084825824584024,0.008028043603045425,0.019302994724681565,0.005066453330767906,0.0002661197909229942,0.0002661197909229942,0.0,0.9988794292764626,0.0012942922225412518,0.0010281724316182576,0.9998993991400548,False
8.8345,1,314,315,2.3766218749999957,2.3766218749999957,0.0,0.020451432224681602,0.020451432224681602,0.09003575824584054,0.08487227355369281,0.005163484692147731,0.020451432224681602,0.005066453330767906,0.0002703835982372992,0.0002703835982372992,0.0,0.9990201189533183,0.00285643804606376,0.0025860544478264608,0.9999140447231569,False
8.85425,1,315,316,2.381806249999996,2.381806249999996,0.0,0.021099479099681625,0.021099479099681625,0.09005664855369297,0.08424511698654524,0.00515015461402274,0.021099479099681625,0.005066453330767906,0.0002722900487402207,0.0002722900487402207,0.0,0.9984507158323452,0.002886387897203656,0.002614097848463435,0.9998622350053188,False
8.87625,1,316,317,2.3875812499999958,2.3875812499999958,0.0,0.021821354099681653,0.021821354099681653,0.09002011698654541,0.08414808737252268,0.005511092114022754,0.021821354099681653,0.005066453330767906,0.00027384878094530423,0.00027384878094530423,0.0,0.9984667361364612,0.00290983676039136,0.0026359879794460557,0.9998637039365184,False
8.89875,1,317,318,2.3934874999999964,2.3934874999999964,0.0,0.022559635349681702,0.022559635349681702,0.09005433737252298,0.08344402650850022,0.005642342114022781,0.022559635349681702,0.005066453330767906,0.00027518361960468323,0.00027518361960468323,0.0,0.9985595472360115,0.0029214769830974707,0.0026462933634927876,0.9998721483758081,False
8.92375,1,318,319,2.400049999999996,2.400049999999996,0.0,0.023379947849681677,0.023379947849681677,0.09000652650849991,0.08293684064447718,0.006052498364022768,0.023379947849681677,0.005066453330767906,0.0002764054015312517,0.0002764054015312517,0.0,0.9986072303258126,0.0029087300099421773,0.0026323246084109255,0.9998764691744043,False
8.95075,1,319,320,2.407137499999996,2.407137499999996,0.0,0.024265885349681736,0.024265885349681736,0.09002434064447751,0.08206871728045474,0.006938435864022796,0.024265885349681736,0.005066453330767906,0.0002771566828375103,0.0002771566828375103,0.0,0.9987030082835232,0.00273651743853676,0.0024593607556992495,0.999885008315302,False
8.981,1,320,321,2.4150781249999964,2.4150781249999964,0.0,0.025258463474681782,0.025258463474681782,0.09000934228045498,0.0816681720414322,0.0078034830561705,0.025258463474681782,0.005066453330767906,0.0002781772933145437,0.0002781772933145437,0.0,0.9988657599989693,0.0021649392548867066,0.0018867619615721629,0.999899231448829,False
9.01275,1,321,322,2.423412499999996,2.423412499999996,0.0,0.026300260349681772,0.013150130174840886,0.09000254704143212,0.08061957992740934,0.008845279931170489,0.013150130174840886,0.005066453330767906,0.00027757369258459756,0.00027757369258459756,0.0,0.9989834710901824,0.0011442751806077373,0.0008667014880231397,0.999908514345564,False
9.0485,1,322,323,2.4327968749999966,2.4327968749999966,0.0,0.014323177049840924,0.014323177049840924,0.09000395492740965,0.08493102605789823,0.00507292886951142,0.014323177049840924,0.005066453330767906,0.00028950027964143456,0.00028950027964143456,0.0,0.9991030327010585,0.0030245577945607616,0.002735057514919327,0.9999218423366143,False
9.068,1,323,324,2.437915624999997,2.437915624999997,0.0,0.014963020799840967,0.014963020799840967,0.09004977605789855,0.0843370034383871,0.0053928507445114415,0.014963020799840967,0.005066453330767906,0.0002817149167708289,0.0002817149167708289,0.0,0.9984238888018504,0.0028802319071039445,0.0025985169903331154,0.9998598162900595,False
9.08975,1,324,325,2.4436249999999964,2.443624999999997,4.440892098500626e-16,0.015676692674840953,0.015676692674840953,0.09004637843838696,0.08393985581887556,0.005934065746835282,0.015676692674840953,0.005066453330767906,0.0002695081345275705,0.0002695081345275705,0.0,0.9985256524773697,0.0028230229484940764,0.002553514813966506,0.9998689756705147,False
9.113,1,325,326,2.4497281249999974,2.4497281249999974,0.0,0.016439583299841003,0.016439583299841003,0.09004298081887588,0.08317356757436445,0.006315511059335307,0.016439583299841003,0.005066453330767906,0.0002647387909031597,0.0002647387909031597,0.0,0.9986559178864132,0.0027916958928865046,0.0025269571019833448,0.9998807728135226,False
9.13925,1,326,327,2.456618749999997,2.456618749999997,0.0,0.017300911424841,0.017300911424841,0.09006419257436432,0.08250590807752904,0.006498030590585303,0.017300911424841,0.005066453330767906,0.0002653665339167846,0.0002653665339167846,0.0,0.9987460417163717,0.0027509480317515697,0.0024855814978347853,0.9998889316982474,False
9.168000000000001,1,327,328,2.464165624999997,2.464165624999997,0.0,0.018244270799841044,0.018244270799841044,0.09005278307752926,0.08155113920569396,0.006969710278085324,0.018244270799841044,0.005066453330767906,0.00026774868419348816,0.00026774868419348816,0.0,0.9987907983205434,0.00258738955485327,0.0023196408706597817,0.9998928740221737,False
9.20025,1,328,329,2.4726312499999974,2.4726312499999974,0.0,0.019302473924841055,0.019302473924841055,0.09001676420569396,0.08083836252135865,0.008027913403085306,0.019302473924841055,0.005066453330767906,0.00027099102889490426,0.00027099102889490426,0.0,0.9988794721324492,0.0013414741090845839,0.0010704830801896797,0.999899456535155,False
9.23525,1,329,330,2.4818187499999977,2.4818187499999977,0.0,0.02045091142484109,0.02045091142484109,0.09002586252135894,0.08486244292919126,0.0051634195921676715,0.02045091142484109,0.005066453330767906,0.0002755938947201344,0.0002755938947201344,0.0,0.999020170476489,0.0029090363259803437,0.002633442431260209,0.9999141091832513,False
9.255,1,330,331,2.4870031249999975,2.4870031249999975,0.0,0.021098958299841115,0.021098958299841115,0.09004681792919143,0.08423535146202377,0.005148038732792685,0.021098958299841115,0.005066453330767906,0.00027760221610810196,0.00027760221610810196,0.0,0.998450765176092,0.002940071450463863,0.002662469234355761,0.9998623005113492,False
9.277000000000001,1,331,332,2.4927781249999983,2.492778124999998,-4.440892098500626e-16,0.021820833299841143,0.021820833299841143,0.09001035146202394,0.08414043772923124,0.005508976232792699,0.021820833299841143,0.005066453330767906,0.0002793001270354159,0.0002793001270354159,0.0,0.9984662505221742,0.0029650413099578457,0.00268574118292243,0.9998637224795142,False
9.2995,1,332,333,2.498684374999998,2.498684374999998,0.0,0.022559114549841133,0.022559114549841133,0.09004668772923109,0.08343849274643844,0.005642277014042692,0.022559114549841133,0.005066453330767906,0.0002807724402248008,0.0002807724402248008,0.0,0.9985591283051356,0.002977592683941672,0.002696820243716871,0.9998721747940401,False
9.3245,1,333,334,2.505246874999998,2.5052468749999983,4.440892098500626e-16,0.023379427049841167,0.023379427049841167,0.09000099274643861,0.08293342276364593,0.006052433264042709,0.023379427049841167,0.005066453330767906,0.00028221139456226246,0.00028221139456226246,0.0,0.9986072890568197,0.002967724914462847,0.002685513519900585,0.999876542281721,False
9.3515,1,334,335,2.5123343749999982,2.5123343749999982,0.0,0.024265364549841226,0.024265364549841226,0.09002092276364625,0.08206741528085354,0.006938370764042736,0.024265364549841226,0.005066453330767906,0.00028306932259161916,0.00028306932259161916,0.0,0.9987030703304592,0.0027974976110470492,0.00251442828845543,0.9998850838344266,False
9.38175,1,335,336,2.520274999999998,2.520274999999998,0.0,0.025257942674841213,0.025257942674841213,0.09000804028085332,0.08166693514181061,0.007803352856210343,0.025257942674841213,0.005066453330767906,0.0002841182945665159,0.0002841182945665159,0.0,0.9988658251976841,0.002225580627096664,0.001941462332530148,0.9998993063531906,False
9.4135,1,336,337,2.5286093749999985,2.5286093749999985,0.0,0.026299739549841262,0.013149869774920631,0.09000131014181101,0.08061840812776827,0.008845149731210391,0.013149869774920631,0.005066453330767906,0.0002835205267459343,0.0002835205267459343,0.0,0.9989835309014096,0.0011988137306883223,0.000915293203942388,0.9999085806470422,False
9.449250000000001,1,337,338,2.5379937499999983,2.5379937499999983,0.0,0.01432291664992067,0.01432291664992067,0.09000278312776858,0.08492988680824719,0.005072896319521391,0.01432291664992067,0.005066453330767906,0.000297384252770282,0.000297384252770282,0.0,0.9991031209935984,0.003104495238308809,0.002807110985538527,0.9999219411689723,False
9.46875,1,338,339,2.5431124999999986,2.5431124999999986,0.0,0.014962760399920652,0.014962760399920652,0.09004863680824703,0.08433589673872569,0.005392818194521382,0.014962760399920652,0.005066453330767906,0.0002882889887333743,0.0002882889887333743,0.0,0.9984239611466386,0.002945755629099142,0.002657466640365768,0.9998598969797963,False
9.4905,1,339,340,2.548821874999999,2.548821874999999,0.0,0.0156764322749207,0.0156764322749207,0.09004527173872601,0.0839387816692046,0.005934000646855219,0.0156764322749207,0.005066453330767906,0.00027505147505845807,0.00027505147505845807,0.0,0.9985257129291611,0.0028783646895651424,0.0026033132145066844,0.9998690439702304,False
9.51375,1,340,341,2.5549249999999986,2.5549249999999986,0.0,0.016439322899920693,0.016439322899920693,0.09004190666920445,0.08317252597468308,0.0063154459593552145,0.016439322899920693,0.005066453330767906,0.00026967253002075866,0.00026967253002075866,0.0,0.9986559665041297,0.002841929708002802,0.0025722571779820437,0.9998808344537334,False
9.540000000000001,1,341,342,2.5618156249999986,2.5618156249999986,0.0,0.01730065102492075,0.01730065102492075,0.09006315097468343,0.0825049315778282,0.006497965490605254,0.01730065102492075,0.005066453330767906,0.0002700604145451503,0.0002700604145451503,0.0,0.9987460890231444,0.0027991134590837005,0.0025290530445385502,0.999888990815435,False
9.56875,1,342,343,2.5693624999999987,2.5693624999999987,0.0,0.018244010399920792,0.018244010399920792,0.09005180657782844,0.08155022780597318,0.006969645178105275,0.018244010399920792,0.005066453330767906,0.00027252776045915176,0.00027252776045915176,0.0,0.9987908475302185,0.002636842090078431,0.0023643143296192795,0.9998929346450154,False
9.601,1,343,344,2.577828124999999,2.577828124999999,0.0,0.019302213524920803,0.019302213524920803,0.09001585280597318,0.08083751622161792,0.008027848303105257,0.019302213524920803,0.005066453330767906,0.0002759536715039134,0.0002759536715039134,0.0,0.9988795252802486,0.001390094621169749,0.0011141409496658356,0.9998995165731892,False
9.636000000000001,1,344,345,2.5870156249999994,2.5870156249999994,0.0,0.02045065102492084,0.02045065102492084,0.09002501622161821,0.08486162917944055,0.005163387042177655,0.02045065102492084,0.005066453330767906,0.0002809020904697076,0.0002809020904697076,0.0,0.9990202302093469,0.002962638247623696,0.0026817361571539883,0.9999141755121836,False
9.65575,1,345,346,2.592199999999999,2.5921999999999996,4.440892098500626e-16,0.021098697899920863,0.021098697899920863,0.09004600417944073,0.08423457026226307,0.005148006182802661,0.021098697899920863,0.005066453330767906,0.00028302602672253626,0.00028302602672253626,0.0,0.9984508245995557,0.0029949258599160852,0.002711899833193549,0.9998623682377539,False
9.67775,1,346,347,2.597975,2.597975,0.0,0.02182057289992089,0.02182057289992089,0.09000957026226324,0.08413968907946058,0.005508943682802675,0.02182057289992089,0.005066453330767906,0.00028487963307452226,0.00028487963307452226,0.0,0.9984663119027881,0.003021467241629383,0.002736587608554861,0.9998637921085393,False
9.70025,1,347,348,2.6038812499999997,2.6038812499999997,0.0,0.02255885414992088,0.02255885414992088,0.09004593907946042,0.08343777664665779,0.005642244464052667,0.02255885414992088,0.005066453330767906,0.00028651601261801184,0.00028651601261801184,0.0,0.9985591928252704,0.0030351285318129737,0.002748612519194962,0.9998722467540705,False
9.72525,1,348,349,2.61044375,2.61044375,0.0,0.023379166649920916,0.023379166649920916,0.09000027664665795,0.0829327392138553,0.0060524007140526845,0.023379166649920916,0.005066453330767906,0.0002880676254741147,0.0002880676254741147,0.0,0.9986073554512883,0.0030274463866534797,0.002739378761179365,0.9998766168645916,False
9.75225,1,349,350,2.61753125,2.61753125,0.0,0.024265104149920915,0.024265104149920915,0.09002023921385516,0.08206676428105253,0.006938338214052654,0.024265104149920915,0.005066453330767906,0.000289163276361122,0.000289163276361122,0.0,0.9987031407019067,0.002860485649790266,0.002571322373429144,0.9998851623900383,False
9.7825,1,350,351,2.6254718749999997,2.6254718749999997,0.0,0.02525768227492096,0.02525768227492096,0.09000738928105279,0.0816663166920001,0.00780328775623028,0.02525768227492096,0.005066453330767906,0.00029012637530032975,0.00029012637530032975,0.0,0.9988658959129438,0.002287257116451516,0.001997130741151186,0.999899382924668,False
9.81425,1,351,352,2.63380625,2.63380625,0.0,0.02629947914992101,0.013149739574960505,0.09000069169200049,0.08061782222794776,0.008845084631230328,0.013149739574960505,0.005066453330767906,0.0002895748575366565,0.0002895748575366565,0.0,0.9989835995588225,0.0012548793030046357,0.0009653044454679792,0.9999086496307636,False
9.85,1,352,353,2.643190625000001,2.643190625000001,0.0,0.014322786449960543,0.014322786449960543,0.09000219722794807,0.0849293171834217,0.005072880044526378,0.014322786449960543,0.005066453330767906,0.0003054224522039502,0.0003054224522039502,0.0,0.9991032169709588,0.00318593496658702,0.00288051251438307,0.9999220423682148,False
9.8695,1,353,354,2.6483093750000006,2.6483093750000006,0.0,0.014962630199960527,0.014962630199960527,0.09004806718342154,0.0843353433888952,0.00539280191952637,0.014962630199960527,0.005066453330767906,0.0002950206615201588,0.0002950206615201588,0.0,0.9984240400281242,0.0030129131325205977,0.0027178924710004387,0.9998599800943316,False
9.89125,1,354,355,2.654018750000001,2.654018750000001,0.0,0.015676302074960572,0.015676302074960572,0.09004471838889552,0.08393824459436913,0.005933968096865201,0.015676302074960572,0.005066453330767906,0.000280715935574813,0.000280715935574813,0.0,0.9985257789030455,0.002934978481815065,0.002654262546240252,0.9998691141644185,False
9.9145,1,355,356,2.6601218750000006,2.6601218750000006,0.0,0.016439192699960564,0.016439192699960564,0.09004136959436898,0.08317200517484263,0.006315413409365197,0.016439192699960564,0.005066453330767906,0.00027469417705968654,0.00027469417705968654,0.0,0.9986560227691703,0.0028931751023548585,0.002618480925295172,0.9998808979065857,False
9.94075,1,356,357,2.667012500000001,2.667012500000001,0.0,0.01730052082496062,0.01730052082496062,0.09006263017484296,0.08250444332797777,0.0064979329406152225,0.01730052082496062,0.005066453330767906,0.0002748420209685718,0.0002748420209685718,0.0,0.9987461431344404,0.0028481500258163567,0.0025733080048477848,0.9998890515162285,False
9.9695,1,357,358,2.674559375000001,2.674559375000001,0.0,0.018243880199960604,0.018243880199960604,0.09005131832797753,0.08154977210611236,0.006969612628115214,0.018243880199960604,0.005066453330767906,0.00027737732829993215,0.00027737732829993215,0.0,0.9987909029032308,0.002687180170493686,0.002409802842193754,0.9998929968167032,False
10.00175,1,358,359,2.6830250000000015,2.6830250000000015,0.0,0.019302083324960674,0.019302083324960674,0.09001539710611284,0.08083709307174758,0.008027815753115255,0.019302083324960674,0.005066453330767906,0.00028097947221451206,0.00028097947221451206,0.0,0.9988795837762678,0.0014396219802803312,0.0011586425080658191,0.9998995782132912,False
10.03675,1,359,360,2.692212500000002,2.692212500000002,0.0,0.02045052082496071,0.02045052082496071,0.09002459307174787,0.08486122230456522,0.005163370767182646,0.02045052082496071,0.005066453330767906,0.0002862915848215105,0.0002862915848215105,0.0,0.9990202944322902,0.003017055857099736,0.0027307642722782257,0.9999142431629763,False
10.0565,1,360,361,2.6973968750000017,2.6973968750000017,0.0,0.021098567699960734,0.021098567699960734,0.09004559730456539,0.08423417966238274,0.005147989907807645,0.021098567699960734,0.005066453330767906,0.0002885305850937598,0.0002885305850937598,0.0,0.9984508893635538,0.003050658149647001,0.002762127564553241,0.999862437438032,False
10.0785,1,361,362,2.7031718750000016,2.7031718750000016,0.0,0.021820442699960703,0.021820442699960703,0.09000917966238245,0.08413931475457485,0.00550892740780763,0.021820442699960703,0.005066453330767906,0.00029058623868838304,0.00029058623868838304,0.0,0.9984663791200501,0.0030791368839232433,0.00278855064523486,0.9998638636892957,False
10.101,1,362,363,2.709078125000002,2.709078125000002,0.0,0.02255872394996075,0.02255872394996075,0.09004556475457517,0.08343741859676755,0.005642228189057666,0.02255872394996075,0.005066453330767906,0.00029243233634232625,0.00029243233634232625,0.0,0.9985592632406669,0.0030943188736594525,0.002801886537317126,0.999872321150276,False
10.12625,1,363,364,2.715706250000002,2.715706250000002,0.0,0.023387239574960767,0.023387239574960767,0.09006554359676756,0.0829898193139599,0.006056486001557674,0.023387239574960767,0.005066453330767906,0.0002940464787082071,0.0002940464787082071,0.0,0.9986091970773483,0.0030887992109402025,0.0027947527322319953,0.9998768542855208,False
10.153,1,364,365,2.722728125000002,2.722728125000002,0.0,0.024264973949960786,0.024264973949960786,0.09001169431395993,0.0820582356561523,0.006934220376557662,0.024264973949960786,0.005066453330767906,0.00029535983974750046,0.00029535983974750046,0.0,0.998702446031715,0.002924910783085828,0.0026295509433383276,0.9998851730871653,False
10.1835,1,365,366,2.7307343750000017,2.7307343750000017,0.0,0.025265755199960813,0.025265755199960813,0.09006448565615238,0.08171522621709473,0.007807356768740238,0.025265755199960813,0.005066453330767906,0.0002962455910728011,0.0002962455910728011,0.0,0.9988665585946025,0.0023506918253868234,0.0020544462343140223,0.9998995153151025,False
10.215250000000001,1,366,367,2.739068750000002,2.739068750000002,0.0,0.026307552074960862,0.013153776037480431,0.09004960121709513,0.08065854490303742,0.008849153643740287,0.013153776037480431,0.005066453330767906,0.000295701335491656,0.000295701335491656,0.0,0.9989841459086567,0.0013132741809061405,0.0010175728454144845,0.9999087648773495,False
10.251,1,367,368,2.748453125000003,2.748453125000003,0.0,0.014326822912480469,0.014326822912480469,0.09004291990303773,0.08496799721475884,0.005074922688278873,0.014326822912480469,0.005066453330767906,0.0003135969748644649,0.0003135969748644649,0.0,0.9991036864547137,0.003269018174775651,0.002955421199911186,0.999922179275096,False
10.27025,1,368,369,2.7535062500000027,2.7535062500000027,0.0,0.014958463537480472,0.014958463537480472,0.09002112221475884,0.08431455890147999,0.005390743000778874,0.014958463537480472,0.005066453330767906,0.0003021171710430329,0.0003021171710430329,0.0,0.9984224220740467,0.003082998863633453,0.00278088169259042,0.9998599124881155,False
10.292,1,369,370,2.759215625000003,2.759215625000003,0.0,0.01567213541248052,0.01567213541248052,0.09002393390148032,0.08391951902570143,0.005933951821870185,0.01567213541248052,0.005066453330767906,0.00028659563499580155,0.00028659563499580155,0.0,0.998525352607838,0.0029931586910111815,0.00270656305601538,0.9998691415432642,False
10.31525,1,370,371,2.7653187500000027,2.7653187500000027,0.0,0.01643502603748051,0.01643502603748051,0.09002264402570127,0.0831553385249224,0.006315397134370181,0.01643502603748051,0.005066453330767906,0.0002797800773022862,0.0002797800773022862,0.0,0.998656083012464,0.0029449149952442133,0.002665134917941927,0.9998809623571714,False
10.3415,1,371,372,2.7722093750000028,2.7722093750000028,0.0,0.017296354162480508,0.017296354162480508,0.09004596352492228,0.08248779295305217,0.006495865884370182,0.017296354162480508,0.005066453330767906,0.0002797010197283093,0.0002797010197283093,0.0,0.9987462010374905,0.0028977525982103874,0.002618051578482078,0.9998891133202504,False
10.37025,1,372,373,2.779756250000003,2.779756250000003,0.0,0.01823971353748055,0.01823971353748055,0.09003466795305239,0.08153313800618223,0.0069675455718702034,0.01823971353748055,0.005066453330767906,0.00028222543306010025,0.00028222543306010025,0.0,0.9987906266136868,0.002737482392427555,0.0024552569593674547,0.9998930288658744,False
10.402750000000001,1,373,374,2.7882875000000036,2.7882875000000036,0.0,0.0193061197874806,0.0193061197874806,0.09006438800618255,0.08087789712181234,0.008033951821870226,0.0193061197874806,0.005066453330767906,0.00028609319922834515,0.00028609319922834515,0.0,0.9988805065622682,0.0014913269598980927,0.0012052337606697477,0.999899720960111,False
10.43775,1,374,375,2.7974750000000035,2.7974750000000035,0.0,0.020454557287480638,0.020454557287480638,0.09006539712181263,0.0848979329296275,0.005167464192185129,0.020454557287480638,0.005066453330767906,0.0002917598383161913,0.0002917598383161913,0.0,0.999021020298485,0.0030724163405660074,0.0027806565022498162,0.9999143719347282,False
10.45725,1,375,376,2.8025937500000033,2.8025937500000033,0.0,0.02109440103748062,0.02109440103748062,0.09001668292962733,0.08420937498744224,0.005146956379685125,0.02109440103748062,0.005066453330767906,0.00029406373540633187,0.00029406373540633187,0.0,0.9984498598915366,0.003106573736467902,0.00281251000106157,0.9998624074943446,False
10.4795,1,376,377,2.808434375000004,2.808434375000004,0.0,0.02182447916248069,0.02182447916248069,0.09004999998744273,0.08417296548275757,0.005511995442185159,0.02182447916248069,0.005066453330767906,0.000296389481187693,0.000296389481187693,0.0,0.998468327143683,0.0031379841981092546,0.0028415947169215614,0.9998641074456044,False
10.50175,1,377,378,2.814275000000004,2.814275000000004,0.0,0.0225545572874807,0.0225545572874807,0.09001359048275757,0.08340647785307242,0.005641194660935161,0.0225545572874807,0.005066453330767906,0.000298510940214849,0.000298510940214849,0.0,0.998558151110888,0.0031550271924707697,0.002856516252255921,0.9998722900570657,False
10.527000000000001,1,378,379,2.820903125000004,2.820903125000004,0.0,0.023383072912480714,0.023383072912480714,0.09003460285307242,0.08296401366088729,0.006055452473435169,0.023383072912480714,0.005066453330767906,0.00029997257525156754,0.00029997257525156754,0.0,0.9986090486192685,0.0031488980397192737,0.002848925464467706,0.9998769098144609,False
10.554,1,379,380,2.827990625000004,2.827990625000004,0.0,0.024269010412480713,0.024269010412480713,0.09005151366088715,0.08209498696870204,0.006941389973435138,0.024269010412480713,0.005066453330767906,0.0003015924220816255,0.0003015924220816255,0.0,0.9987038683664025,0.0029903651676555197,0.002688772745573894,0.9998853771363448,False
10.58425,1,380,381,2.8359312500000042,2.8359312500000042,0.0,0.02526158853748076,0.02526158853748076,0.09003561196870229,0.08168738605776714,0.007804264321870229,0.02526158853748076,0.005066453330767906,0.00030243127155635464,0.00030243127155635464,0.0,0.9988664880403876,0.0024139659195299354,0.0021115346479735806,0.9998995808400539,False
10.616,1,381,382,2.8442656250000047,2.8442656250000047,0.0,0.02630338541248081,0.013151692706240404,0.09002176105776753,0.08063173827183234,0.008846061196870278,0.013151692706240404,0.005066453330767906,0.0003018785215191614,0.0003018785215191614,0.0,0.9989838670871124,0.0013704419748918478,0.0010685634533726864,0.9999088037828822,False
10.65175,1,382,383,2.853650000000005,2.853650000000005,0.0,0.014324739581240442,0.014324739581240442,0.09001611327183265,0.08494170734761503,0.0050744059242176206,0.014324739581240442,0.005066453330767906,0.00032193007582164806,0.00032193007582164806,0.0,0.9991035136630103,0.0033530344342434446,0.0030311043584217963,0.9999222589511613,False
10.67125,1,383,384,2.8587687500000047,2.8587687500000043,-4.440892098500626e-16,0.014964583331240426,0.014964583331240426,0.09006045734761486,0.08434620767339729,0.005394327799217612,0.014964583331240426,0.005066453330767906,0.0003088928980886887,0.0003088928980886887,0.0,0.9984246338251955,0.0031515734664565864,0.0028426805683678977,0.9998601907944473,False
10.693,1,384,385,2.8644781250000046,2.864478125000005,4.440892098500626e-16,0.01567825520624047,0.01567825520624047,0.09005558267339761,0.08394758299917997,0.005934456379685176,0.01567825520624047,0.005066453330767906,0.00029243248245305366,0.00029243248245305366,0.0,0.9985262928551627,0.0030520587658249276,0.002759626283371874,0.9998692935261352,False
10.71625,1,385,386,2.8705812500000047,2.8705812500000047,0.0,0.016441145831240463,0.016441145831240463,0.09005070799917983,0.08317981769996222,0.006315901692185172,0.016441145831240463,0.005066453330767906,0.00028492765029125176,0.00028492765029125176,0.0,0.9986562490722694,0.002997735321775087,0.0027128076714838354,0.9998810372909186,False
10.74225,1,386,387,2.877406250000005,2.877406250000005,0.0,0.01729427083124048,0.01729427083124048,0.09000481769996224,0.08245434569527713,0.006494319660935177,0.01729427083124048,0.005066453330767906,0.0002846904698577482,0.0002846904698577482,0.0,0.9987449131511639,0.002948664282077823,0.002663973812220075,0.9998890542991963,False
10.771,1,387,388,2.884953125000005,2.884953125000005,0.0,0.018237630206240522,0.018237630206240522,0.09000122069527734,0.08150738931559218,0.006965999348435199,0.018237630206240522,0.005066453330767906,0.0002871313220344799,0.0002871313220344799,0.0,0.99879043579198,0.0027884678083824263,0.0025013364863479466,0.9998930693675616,False
10.8035,1,388,389,2.893484375000005,2.893484375000005,0.0,0.019304036456240573,0.019304036456240573,0.0900386393155925,0.08085984699840727,0.008032405598435221,0.019304036456240573,0.005066453330767906,0.0002912639651399605,0.0002912639651399605,0.0,0.9988803551410042,0.0015421568132488461,0.0012508928481088856,0.9998997651474137,False
10.8385,1,389,390,2.9026718750000056,2.9026718750000056,0.0,0.02045247395624061,0.02045247395624061,0.09004734699840757,0.08488373208981492,0.005163614908592634,0.02045247395624061,0.005066453330767906,0.0002972683038740524,0.0002972683038740524,0.0,0.9990209239319543,0.0031280025228578173,0.002830734218983765,0.9999144263238453,False
10.858,1,390,391,2.907790625000006,2.907790625000006,0.0,0.021092317706240593,0.021092317706240593,0.09000248208981478,0.08419902343122218,0.005146183267967622,0.021092317706240593,0.005066453330767906,0.00029965174876037267,0.00029965174876037267,0.0,0.9984488994141262,0.003163185289778228,0.0028635335410178552,0.9998623844788499,False
10.88025,1,391,392,2.9136312500000052,2.9136312500000052,0.0,0.021822395831240602,0.021822395831240602,0.0900396484312222,0.0841633870382546,0.005511222330467627,0.021822395831240602,0.005066453330767906,0.000302276703881669,0.000302276703881669,0.0,0.9984681988188732,0.0031975611455136513,0.0028952844416319824,0.9998641634758462,False
10.9025,1,392,393,2.919471875000006,2.919471875000006,0.0,0.02255247395624067,0.02255247395624067,0.09000401203825506,0.08339767252028742,0.005640421549217659,0.02255247395624067,0.005066453330767906,0.00030461089113551464,0.00030461089113551464,0.0,0.9985580483891677,0.003216555893154449,0.0029119450020189345,0.9998723514847538,False
10.92775,1,393,394,2.926100000000006,2.926100000000006,0.0,0.023380989581240685,0.023380989581240685,0.09002579752028741,0.08295598143981976,0.0060546793617176665,0.023380989581240685,0.005066453330767906,0.0003060405952862686,0.0003060405952862686,0.0,0.9986089580821658,0.0032102490128065563,0.0029042084175202876,0.9998769718872373,False
10.95475,1,394,395,2.933187500000006,2.9331875000000056,-4.440892098500626e-16,0.024266927081240685,0.024266927081240685,0.09004348143981962,0.08208772785935198,0.006940616861717636,0.024266927081240685,0.005066453330767906,0.0003077383627675441,0.0003077383627675441,0.0,0.9987038006466321,0.0030548637478548975,0.0027471253850873535,0.9998854447830071,False
10.985,1,395,396,2.941128125000006,2.941128125000006,0.0,0.02525950520624073,0.02525950520624073,0.09002835285935223,0.08168090006013456,0.007803743489060222,0.02525950520624073,0.005066453330767906,0.00030886990427041167,0.00030886990427041167,0.0,0.9988664579875012,0.0024798267012579173,0.0021709567969875054,0.9998996530124576,False
11.01675,1,396,397,2.949462500000006,2.9494625000000063,4.440892098500626e-16,0.02630130208124072,0.01315065104062036,0.09001527506013449,0.08062602538591686,0.008845540364060211,0.01315065104062036,0.005066453330767906,0.0003081762729115948,0.0003081762729115948,0.0,0.9989838862961796,0.0014293086521927761,0.0011211323792811813,0.9999088718189535,False
11.0525,1,397,398,2.958846875000006,2.958846875000006,0.0,0.014323697915620399,0.014323697915620399,0.09001040038591716,0.08493638101755832,0.00507401936835884,0.014323697915620399,0.005066453330767906,0.00033039237008997043,0.00033039237008997043,0.0,0.9991035736242893,0.0034384535236325064,0.003108061153542536,0.9999223613308853,False
11.072000000000001,1,398,399,2.9639656250000064,2.9639656250000064,0.0,0.014963541665620441,0.014963541665620441,0.09005513101755865,0.08434126789919978,0.005393941243358861,0.014963541665620441,0.005066453330767906,0.0003159913489979597,0.0003159913489979597,0.0,0.9984246150949339,0.003222603463370173,0.0029066121143722133,0.9998602693951646,False
11.09375,1,399,400,2.9696750000000067,2.9696750000000067,0.0,0.01567721354062043,0.01567721354062043,0.09005064289919965,0.08394302978084081,0.005934195963280143,0.01567721354062043,0.005066453330767906,0.0002984896426828042,0.0002984896426828042,0.0,0.9985262743002152,0.0031125470593581575,0.002814057416675353,0.9998693604310835,False
11.117,1,400,401,2.975778125000007,2.975778125000007,0.0,0.01644010416562048,0.01644010416562048,0.09004615478084113,0.08317565103748228,0.006315641275780168,0.01644010416562048,0.005066453330767906,0.00029021297145261126,0.00029021297145261126,0.0,0.9986562625359011,0.003051190979253063,0.0027609780078004516,0.9998810992376679,False
11.143,1,401,402,2.982603125000007,2.982603125000007,0.0,0.017293229165620497,0.017293229165620497,0.09000065103748231,0.08245043944920216,0.006494059244530174,0.017293229165620497,0.005066453330767906,0.00028973600343744767,0.00028973600343744767,0.0,0.9987449304537767,0.003000527326219693,0.002710791322782245,0.9998891149156696,False
11.172,1,402,403,2.9902156250000065,2.990215625000007,4.440892098500626e-16,0.01824479166562052,0.01824479166562052,0.09006293944920221,0.08156116536092206,0.006969840494530186,0.01824479166562052,0.005066453330767906,0.0002921722382119455,0.0002921722382119455,0.0,0.9987917931734765,0.0028413344454544034,0.002549162207242458,0.9998932524957339,False
11.20425,1,403,404,2.998681250000007,2.998681250000007,0.0,0.01930299479062053,0.01930299479062053,0.09002679036092207,0.0808482584601419,0.008028043619530167,0.01930299479062053,0.005066453330767906,0.00029651657837666414,0.00029651657837666414,0.0,0.9988798104960094,0.001594113393727517,0.0012975968153508528,0.9998997747943139,False
11.23925,1,404,405,3.007868750000007,3.007868750000007,0.0,0.020451432290620568,0.020451432290620568,0.0900357584601422,0.08487227375975209,0.005163484700390102,0.020451432290620568,0.005066453330767906,0.0003028080888360899,0.0003028080888360899,0.0,0.9990205262694367,0.003183876557045724,0.0028810684682096343,0.9999144536425668,False
11.259,1,405,406,3.0130531250000074,3.0130531250000074,0.0,0.02109947916562059,0.02109947916562059,0.09005664875975225,0.08424511718436214,0.0051501546222651115,0.02109947916562059,0.005066453330767906,0.00030532816871798246,0.00030532816871798246,0.0,0.9984511306234286,0.0032209511952566647,0.0029156230265386823,0.9998626526515555,False
11.281,1,406,407,3.0188281250000073,3.0188281250000073,0.0,0.02182135416562062,0.02182135416562062,0.09002011718436231,0.0841480875620972,0.0055110921222651255,0.02182135416562062,0.005066453330767906,0.0003081593940880899,0.0003081593940880899,0.0,0.9984671657653761,0.003257385426854005,0.002949226032765915,0.9998641375563994,False
11.3035,1,407,408,3.024734375000008,3.0247343750000075,-4.440892098500626e-16,0.022559635415620668,0.022559635415620668,0.09005433756209752,0.08344402668983238,0.005642342122265152,0.022559635415620668,0.005066453330767906,0.00031074606607633124,0.00031074606607633124,0.0,0.9985599928550799,0.0032788915611710844,0.002968145495094753,0.9998725994983899,False
11.3285,1,408,409,3.0312968750000073,3.0312968750000078,4.440892098500626e-16,0.023379947915620643,0.023379947915620643,0.09000652668983208,0.08293684081756697,0.00605249837226514,0.023379947915620643,0.005066453330767906,0.00031238051365311355,0.00031238051365311355,0.0,0.998607681599602,0.0032736167723150175,0.002961236258661904,0.9998769285248202,False
11.355500000000001,1,409,410,3.0383843750000077,3.0383843750000077,0.0,0.024265885415620702,0.024265885415620702,0.0900243408175673,0.08206871744530216,0.006938435872265167,0.024265885415620702,0.005066453330767906,0.0003138438934007692,0.0003138438934007692,0.0,0.9987034686101536,0.003118769668138833,0.002804925774738064,0.9998854876128179,False
11.38575,1,410,411,3.0463250000000084,3.0463250000000084,0.0,0.025258463540620748,0.025258463540620748,0.0900093424453024,0.08166817219803724,0.007803483072655241,0.025258463540620748,0.005066453330767906,0.0003155212849445457,0.0003155212849445457,0.0,0.998866228535568,0.002548004746702262,0.002232483461757716,0.9998997097230786,False
11.4175,1,411,412,3.054659375000008,3.054659375000008,0.0,0.026300260415620738,0.013150130207810369,0.09000254719803716,0.08061958007577202,0.008845279947655231,0.013150130207810369,0.005066453330767906,0.00031465634577541526,0.00031465634577541526,0.0,0.9989839377590444,0.001489984796634633,0.0011753284508592178,0.9999089449784537,False
11.45325,1,412,413,3.0640437500000086,3.064043750000008,-4.440892098500626e-16,0.014323177082810407,0.014323177082810407,0.09000395507577233,0.08493102620213971,0.0050729288736326055,0.014323177082810407,0.005066453330767906,0.00033895951793178373,0.00033895951793178373,0.0,0.999103658188096,0.0035249358570127384,0.003185976339080955,0.999922467126775,False
11.47275,1,413,414,3.0691625000000085,3.0691625000000085,0.0,0.01496302083281045,0.01496302083281045,0.09004977620214002,0.0843370035785074,0.005392850748632627,0.01496302083281045,0.005066453330767906,0.000323175500418908,0.000323175500418908,0.0,0.9984244028412746,0.0032945445386663857,0.002971369038247478,0.999860331391016,False
11.4945,1,414,415,3.0748718750000084,3.074871875000009,4.440892098500626e-16,0.015676692707810438,0.015676692707810438,0.09004637857850727,0.08393985595487467,0.005934065755077653,0.015676692707810438,0.005066453330767906,0.0003046465462761947,0.0003046465462761947,0.0,0.9985260866607735,0.003174144797409538,0.002869498251133343,0.9998694132345725,False
11.51775,1,415,416,3.080975000000009,3.080975000000009,0.0,0.016439583332810488,0.016439583332810488,0.090042980954875,0.08317356770624237,0.006315511067577678,0.016439583332810488,0.005066453330767906,0.0002956601754586023,0.0002956601754586023,0.0,0.9986563039967531,0.0031059225935686774,0.002810262418110075,0.9998811652037431,False
11.544,1,416,417,3.087865625000009,3.0878656250000085,-4.440892098500626e-16,0.017300911457810486,0.017300911457810486,0.09006419270624225,0.0825059082011646,0.006498030598827674,0.017300911457810486,0.005066453330767906,0.0002948345761615714,0.0002948345761615714,0.0,0.9987464100947745,0.003053406829091672,0.0027585722529301004,0.9998893093150057,False
11.572750000000001,1,417,418,3.0954125000000086,3.095412500000009,4.440892098500626e-16,0.01824427083281053,0.01824427083281053,0.09005278320116483,0.08155113932108715,0.0069697102863276955,0.01824427083281053,0.005066453330767906,0.0002972347676021148,0.0002972347676021148,0.0,0.9987911673034958,0.0028935864435042508,0.002596351675902136,0.9998932548771101,False
11.605,1,418,419,3.103878125000009,3.103878125000009,0.0,0.01930247395781054,0.01930247395781054,0.09001676432108716,0.08083836262850948,0.008027913411327678,0.01930247395781054,0.005066453330767906,0.00030177627890981285,0.00030177627890981285,0.0,0.9988798580876089,0.0016466826569863091,0.0013449063780764962,0.9998998390752499,False
11.64,1,419,420,3.113065625000009,3.113065625000009,0.0,0.020450911457810576,0.020450911457810576,0.09002586262850977,0.08486244303222092,0.0051634195962888575,0.020450911457810576,0.005066453330767906,0.00030840398416018483,0.00030840398416018483,0.0,0.9990205825344045,0.003240281605264954,0.002931877621104769,0.9999145227864025,False
11.65975,1,420,421,3.1182500000000095,3.1182500000000095,0.0,0.0210989583328106,0.0210989583328106,0.09004681803222107,0.08423535156093222,0.005148038736913871,0.0210989583328106,0.005066453330767906,0.0003110131544720803,0.0003110131544720803,0.0,0.9984511845605686,0.0032784437996500534,0.002967430645177973,0.9998627227976601,False
11.681750000000001,1,421,422,3.1240250000000094,3.1240250000000094,0.0,0.021820833332810628,0.021820833332810628,0.0900103515609324,0.08414043782401852,0.005508976236913885,0.021820833332810628,0.005066453330767906,0.0003140214287864561,0.0003140214287864561,0.0,0.9984666851840908,0.0033170846238800497,0.0030030631950935935,0.9998641615960907,False
11.70425,1,422,423,3.129931250000009,3.129931250000009,0.0,0.022559114582810617,0.022559114582810617,0.09004668782401837,0.08343849283710453,0.005642277018163878,0.022559114582810617,0.005066453330767906,0.00031676640115666427,0.00031676640115666427,0.0,0.998559579149935,0.003340142574454332,0.003023376173297668,0.9998726321617806,False
11.72925,1,423,424,3.1364937500000094,3.1364937500000094,0.0,0.023379427082810652,0.023379427082810652,0.09000099283710469,0.08293342285019083,0.006052433268163895,0.023379427082810652,0.005066453330767906,0.000318988207059639,0.000318988207059639,0.0,0.9986077502913218,0.003339943652728699,0.00302095544566906,0.9998770108348576,False
11.75625,1,424,425,3.1435812500000098,3.1435812500000098,0.0,0.02426536458281071,0.02426536458281071,0.09002092285019114,0.08206741536327725,0.006938370768163922,0.02426536458281071,0.005066453330767906,0.00032006500908751315,0.00032006500908751315,0.0,0.9987035346006928,0.003183387017630858,0.0028633220085433446,0.9998855673576876,False
11.7865,1,425,426,3.1515218750000096,3.1515218750000096,0.0,0.025257942707810697,0.025257942707810697,0.09000804036327703,0.08166693522011315,0.007803352864452714,0.025257942707810697,0.005066453330767906,0.0003222717096300295,0.0003222717096300295,0.0,0.9988663036979697,0.002617897613948192,0.0022956259043181624,0.9998997961014616,False
11.81825,1,426,427,3.15985625000001,3.15985625000001,0.0,0.026299739582810747,0.013149869791405373,0.09000131022011354,0.0806184082019496,0.008845149739452763,0.013149869791405373,0.005066453330767906,0.00032133638117414425,0.00032133638117414425,0.0,0.9989840066604697,0.001553117807096674,0.0012317814259225296,0.9999090224750232,False
11.854000000000001,1,427,428,3.1692406250000102,3.1692406250000102,0.0,0.014322916666405412,0.014322916666405412,0.0900027832019499,0.08492988688036793,0.005072896321581984,0.014322916666405412,0.005066453330767906,0.0003475887077623078,0.0003475887077623078,0.0,0.9991037552374206,0.0036121371480880363,0.0032645484403257285,0.9999225748361563,False
11.8735,1,428,429,3.17435937500001,3.17435937500001,0.0,0.014962760416405395,0.014962760416405395,0.09004863688036777,0.08433589680878584,0.005392818196581975,0.014962760416405395,0.005066453330767906,0.0003304414344428435,0.0003304414344428435,0.0,0.9984244841036773,0.003367323965267753,0.0030368825308249095,0.9998604209727776,False
11.89525,1,429,430,3.1800687500000104,3.1800687500000104,0.0,0.015676432291405442,0.015676432291405442,0.09004527180878616,0.08393878173720416,0.005934000650976404,0.015676432291405442,0.005066453330767906,0.0003108546907223206,0.0003108546907223206,0.0,0.9985261556368822,0.003236450892629278,0.0029255962019069572,0.9998694901481096,False
11.9185,1,430,431,3.1861718750000105,3.1861718750000105,0.0,0.016439322916405492,0.016439322916405492,0.09004190673720448,0.08317252604062246,0.006315445963476429,0.016439322916405492,0.005066453330767906,0.00030125659881956464,0.00030125659881956464,0.0,0.9986563603276132,0.0031620746382524864,0.0028608180394329216,0.999881234213548,False
11.94475,1,431,432,3.1930625000000106,3.1930625000000106,0.0,0.01730065104140549,0.01730065104140549,0.09006315104062232,0.08250493163964592,0.00649796549472644,0.01730065104140549,0.005066453330767906,0.00029983527110131537,0.00029983527110131537,0.0,0.9987464611972584,0.0031051502274264398,0.0028053149563251243,0.9998893727406164,False
11.9735,1,432,433,3.2006093750000106,3.2006093750000106,0.0,0.018244010416405533,0.018244010416405533,0.09005180663964615,0.08155022786366972,0.006969645182226461,0.018244010416405533,0.005066453330767906,0.00030244143934953015,0.00030244143934953015,0.0,0.9987912217300171,0.0029474547025265044,0.002645013263176974,0.9998933209533222,False
