time,inserted_nodes,node_count_before,node_count_after,rest_length_before,rest_length_after,rest_length_error,tail_rest_length_before,tail_rest_length_after,payout_buffer_rest_length_before,payout_buffer_rest_length_after,payout_buffer_min_rest_length_after,payout_buffer_max_rest_length_after,minimum_physical_rest_length_after,peak_tension_before,peak_tension_after,peak_tension_jump,minimum_geometric_ratio_after,peak_tension_post_step,peak_tension_post_step_jump,minimum_standard_ratio_post_step,remeshed_in_same_step
0.59775,1,33,34,0.3300032366635319,0.3300032366635319,0.0,0.011250404582941484,0.011250404582941484,0.09000323666353187,0.08437803437206112,0.005625202291470742,0.011250404582941484,0.005625202291470742,0.0,0.0,0.0,0.9998545544196421,0.0,0.0,0.9999854881510227,False
0.70075,1,34,35,0.33562568470021337,0.33562568470021337,0.0,0.011953210587526665,0.011953210587526665,0.09000048240874259,0.08367247411268666,0.0059766052937633325,0.011953210587526665,0.005625202291470742,0.0,0.0,0.0,0.999662191064559,0.0,0.0,0.9999684242491134,False
0.7925,1,35,36,0.3419707183089206,0.34197071830892056,-5.551115123125783e-17,0.012746339788615078,0.012746339788615078,0.09001750772139397,0.08324777322654221,0.006373169894307539,0.012746339788615078,0.005625202291470742,3.4591454059406876e-05,3.4591454059406876e-05,0.0,0.9996122361850907,2.6261644530267345e-05,-8.329809529139531e-06,0.9999635678602359,False
0.87425,1,36,37,0.34874098423442307,0.348740984234423,-5.551115123125783e-17,0.01359262302930289,0.01359262302930289,0.0900180391520447,0.08240202141650514,0.006796311514651445,0.01359262302930289,0.005625202291470742,1.5484084693727362e-05,1.5484084693727362e-05,0.0,0.9995737820973013,4.467509426937452e-06,-1.101657526678991e-05,0.9999594139975579,False
0.95375,1,37,38,0.3563645080062018,0.3563645080062018,0.0,0.014545563500775235,0.014545563500775235,0.09002554518828382,0.08185315158181615,0.007272781750387617,0.014545563500775235,0.005625202291470742,1.0016461361917264e-05,1.0016461361917264e-05,0.0,0.9995449857585401,0.0,-1.0016461361917264e-05,0.9999559032516747,False
1.029,1,38,39,0.3645380734121064,0.3645380734121065,5.551115123125783e-17,0.015567259176513316,0.007783629588256658,0.09002671698772079,0.08083262770551503,0.007783629588256658,0.015567259176513316,0.005625202291470742,1.3347715662867868e-05,1.3347715662867868e-05,0.0,0.9995232729521519,6.241186521925221e-06,-7.106529140942647e-06,0.999954768810032,False
1.1047500000000001,1,39,40,0.3737078907539564,0.37370789075395633,-5.551115123125783e-17,0.008929856755987892,0.008929856755987892,0.09000244504736493,0.08008527021777184,0.00835674317212228,0.01671348634424456,0.005625202291470742,1.586896147855177e-05,1.586896147855177e-05,0.0,0.9995092710694823,3.443900540283512e-07,-1.5524571424523417e-05,0.999950974394655,False
1.1792500000000001,1,40,41,0.383638895722144,0.38363889572214405,5.551115123125783e-17,0.010171232377011357,0.005085616188505678,0.09001627518595956,0.07885772473534301,0.005085616188505678,0.01795486196526803,0.005085616188505678,1.7516609684973053e-05,1.7516609684973053e-05,0.0,0.9995001579713807,1.6523157592656865e-05,-9.934520923161883e-07,0.9999533593175016,False
1.256,1,41,42,0.39479549792959784,0.39479549792959784,0.0,0.006480191464437392,0.006480191464437392,0.09001432694279679,0.07793767145198467,0.005782903826471538,0.01934943724119978,0.005625202291470742,1.8183215700981123e-05,1.8183215700981123e-05,0.0,0.9991963785164669,1.550015348622709e-05,-2.683062214754034e-06,0.9999251365783022,False
1.33275,1,42,43,0.4068592670260467,0.4068592670260467,0.0,0.007988162601493506,0.007988162601493506,0.09000144054843355,0.07641681392056535,0.006250332603066782,0.020857408378255896,0.005625202291470742,2.0737343565087676e-05,2.0737343565087676e-05,0.0,0.9992310490412418,1.5180005551559267e-05,-5.5573380135284095e-06,0.999927740818941,False
1.4135,1,43,44,0.4204826439922258,0.42048264399222574,-5.551115123125783e-17,0.009691084722265885,0.009691084722265885,0.09004019088674442,0.06747986038771613,0.007101793663452972,0.009691084722265885,0.005625202291470742,2.4833733598626437e-05,2.4833733598626437e-05,0.0,0.999245391250609,1.3410275773865707e-05,-1.142345782476073e-05,0.9999283877349978,False
1.537,1,44,45,0.4430145635164051,0.4430145635164051,0.0,0.012507574662788314,0.006253787331394157,0.09001177991189555,0.08009349630792015,0.006253787331394157,0.012507574662788314,0.005625202291470742,3.0368412506594222e-05,3.0368412506594222e-05,0.0,0.9993401308336894,3.035313361911783e-05,-1.52788874763915e-08,0.9999390811712036,False
1.5885,1,45,46,0.45295712898533375,0.4529571289853338,5.551115123125783e-17,0.007496608015010228,0.007496608015010228,0.09003606177684872,0.07887495748925727,0.006875197673202193,0.013053107708438538,0.005625202291470742,2.960505612143935e-05,2.960505612143935e-05,0.0,0.9991009843969003,2.915849386169768e-05,-4.465622597416702e-07,0.9999173450643665,False
1.6445,1,46,47,0.4640918426237354,0.4640918426237354,0.0,0.00888844721981044,0.00888844721981044,0.09000967112765894,0.07660526657488105,0.007222473456619376,0.014444946913238752,0.005625202291470742,2.828648583295436e-05,2.828648583295436e-05,0.0,0.9991608639024763,2.6640335660826908e-05,-1.6461501721274502e-06,0.9999219746768337,False
1.71,1,47,48,0.47749601242969514,0.47749601242969514,0.0,0.0105639684455554,0.0105639684455554,0.09000943638084073,0.0749295106023179,0.0052819842227777,0.016120468138983712,0.0052819842227777,3.579492695797784e-05,3.579492695797784e-05,0.0,0.999197633172233,3.5806623752257516e-05,1.1696794279675293e-08,0.9999262574178148,False
1.78175,1,48,49,0.4925787577976572,0.49257875779765714,-5.551115123125783e-17,0.012449311616550654,0.012449311616550654,0.09001225597027993,0.07200644466030096,0.005913950637371303,0.012449311616550654,0.005625202291470742,4.291700658403015e-05,4.291700658403015e-05,0.0,0.9989791292529999,4.2821396425772595e-05,-9.561015825755581e-08,0.9999064784350762,False
1.8655,1,49,50,0.5105936112568572,0.5105936112568572,0.0,0.01470116829895066,0.00735058414947533,0.090021298119501,0.07698610358374142,0.00735058414947533,0.014079757957142612,0.005625202291470742,4.534875420864233e-05,4.534875420864233e-05,0.0,0.9990852154856388,4.522215693058239e-05,-1.2659727805994225e-07,0.9999161247840919,False
1.9252500000000001,1,50,51,0.5236323185152049,0.5236323185152049,0.0,0.008980422556768777,0.008980422556768777,0.090024810842089,0.07535977789903597,0.0055245112417332065,0.015709596364436067,0.0055245112417332065,4.6273852165422864e-05,4.6273852165422864e-05,0.0,0.9991606271083018,4.58594762025535e-05,-4.1437596286936375e-07,0.9999230433964178,False
1.992,1,51,52,0.5382950255454035,0.5382950255454035,0.0,0.010813260935543634,0.010813260935543634,0.09002248492923476,0.07248005018602388,0.006440930431120635,0.011628484105839616,0.005625202291470742,4.076174739886028e-05,4.076174739886028e-05,0.0,0.9989716023709801,3.794083046664002e-05,-2.8209169322202595e-06,0.999905894324514,False
2.07175,1,52,53,0.555840000000001,0.555840000000001,0.0,0.01300638274236832,0.01300638274236832,0.09002502464062137,0.07620341872795708,0.00650319137118416,0.013821605912664302,0.005625202291470742,1.9719608382090872e-05,1.9719608382090872e-05,0.0,0.9991235902328207,1.942728961946364e-05,-2.9231876262723194e-07,0.999919251121928,False
2.1345,1,53,54,0.5696450000000016,0.5696450000000015,-1.1102230246251565e-16,0.01473200774236838,0.01473200774236838,0.09000841872795756,0.07446118781529319,0.005179838618972692,0.01473200774236838,0.005179838618972692,4.84501668231549e-05,4.84501668231549e-05,0.0,0.9990804156600909,4.829159427567281e-05,-1.585725474820889e-07,0.9999158877238653,False
2.20525,1,54,55,0.5852100000000021,0.5852100000000022,1.1102230246251565e-16,0.016677632742368376,0.016677632742368376,0.09002618781529374,0.07680446638796087,0.006152651118972732,0.016677632742368376,0.005625202291470742,6.73907434211542e-06,6.73907434211542e-06,0.0,0.9989381897170789,6.732414492517079e-06,-6.659849598341337e-09,0.9999030081372011,False
2.26525,1,55,56,0.5984100000000023,0.5984100000000023,0.0,0.0183276327423683,0.0183276327423683,0.09000446638796114,0.07513274496062822,0.005912220685592176,0.0183276327423683,0.005625202291470742,3.3814258124244674e-05,3.3814258124244674e-05,0.0,0.999030328906404,2.92075169552102e-05,-4.606741169034474e-06,0.9999112521001114,False
2.333,1,56,57,0.6133150000000028,0.6133150000000029,1.1102230246251565e-16,0.020190757742368226,0.020190757742368226,0.09003774496062866,0.07939915634165577,0.005319294309486449,0.020190757742368226,0.005319294309486449,7.970392968820307e-06,7.970392968820307e-06,0.0,0.9990269113477008,7.938428456293777e-06,-3.196451252652996e-08,0.999911021095104,False
2.38125,1,57,58,0.6239300000000032,0.6239300000000032,0.0,0.02151763274236817,0.02151763274236817,0.09001415634165603,0.08336798703216954,0.005496325559486452,0.02151763274236817,0.005496325559486452,8.940651092370696e-06,8.940651092370696e-06,0.0,0.9988616548233573,8.944339445793196e-06,3.6883534225000967e-09,0.9998960806469719,False
2.4115,1,58,59,0.6305850000000033,0.6305850000000033,0.0,0.022349507742368137,0.022349507742368137,0.09002298703216972,0.0825449427226832,0.005912263059486469,0.022349507742368137,0.005625202291470742,8.822070093348638e-06,8.822070093348638e-06,0.0,0.9988045107879215,8.79584968058979e-06,-2.6220412758848127e-08,0.9998908119617701,False
2.4455,1,59,60,0.6380650000000035,0.6380650000000034,-1.1102230246251565e-16,0.023284507742368094,0.023284507742368094,0.0900249427226833,0.0831776796631968,0.005434547842796181,0.023284507742368094,0.005434547842796181,9.561468081349058e-06,9.561468081349058e-06,0.0,0.9988950855425621,9.56200390307728e-06,5.358217282209706e-10,0.9998991195471134,False
2.47675,1,60,61,0.6449400000000035,0.6449400000000035,0.0,0.024143882742368058,0.024143882742368058,0.09005267966319691,0.08234604160371037,0.005864235342796197,0.024143882742368058,0.005625202291470742,1.0257502236881041e-05,1.0257502236881041e-05,0.0,0.9987980028571073,1.0233192447631609e-05,-2.4309789249432316e-08,0.999890181080173,False
2.51175,1,61,62,0.6526400000000037,0.6526400000000037,0.0,0.02510638274236802,0.02510638274236802,0.09004604160371055,0.08096096604422395,0.006826735342796236,0.02510638274236802,0.005625202291470742,1.0995551377307136e-05,1.0995551377307136e-05,0.0,0.9988917536535346,1.0781777346595194e-05,-2.1377403071194262e-07,0.9998976012513651,False
2.553,1,62,63,0.661715000000004,0.661715000000004,0.0,0.02624075774236798,0.02624075774236798,0.09003596604422426,0.08492624076448094,0.005109725279743318,0.02624075774236798,0.005109725279743318,1.115796423417073e-05,1.115796423417073e-05,0.0,0.9990496076059477,1.114745064023543e-05,-1.0513593935301208e-08,0.9999131342261465,False
2.57625,1,63,64,0.6668300000000043,0.6668300000000044,1.1102230246251565e-16,0.026880132742367953,0.026880132742367953,0.09004124076448108,0.08429214048473774,0.005537672842796129,0.026880132742367953,0.005109725279743318,1.1645055415878905e-05,1.1645055415878905e-05,0.0,0.9986841327780271,1.1602481560180568e-05,-4.257385569833626e-08,0.9998797820414009,False
2.60225,1,64,65,0.6725500000000044,0.6725500000000043,-1.1102230246251565e-16,0.02759513274236792,0.02759513274236792,0.09001214048473785,0.08026696764194151,0.00589517284279614,0.02759513274236792,0.005109725279743318,1.2170950625312521e-05,1.2170950625312521e-05,0.0,0.998790002839301,1.2079609227255382e-05,-9.134139805713905e-08,0.9998888844322418,False
2.6465,1,65,66,0.6822850000000045,0.6822850000000045,0.0,0.028812007742367866,0.028812007742367866,0.09000196764194174,0.07903991979914536,0.005266180171398186,0.028812007742367866,0.005109725279743318,1.3064209002575582e-05,1.3064209002575582e-05,0.0,0.9989361103441426,1.3067546770003297e-05,3.3377674277151382e-09,0.9999027738745011,False
2.6965,1,66,67,0.6932850000000048,0.6932850000000049,1.1102230246251565e-16,0.030187007742367815,0.030187007742367815,0.09003991979914572,0.08339873962774746,0.005953680171398215,0.030187007742367815,0.005109725279743318,1.3398924544918564e-05,1.3398924544918564e-05,0.0,0.9988608384750322,1.3397359377866784e-05,-1.565167051779625e-09,0.9998960121507725,False
2.72675,1,67,68,0.699940000000005,0.6999400000000051,1.1102230246251565e-16,0.031018882742367773,0.015509441371183886,0.09005373962774758,0.08258068445634931,0.006785555171398237,0.015509441371183886,0.005109725279743318,1.4022186997778326e-05,1.4022186997778326e-05,0.0,0.9988850584139607,1.3793494574663575e-05,-2.2869242311475112e-07,0.9998969295163207,False
2.7605,1,68,69,0.7073650000000054,0.7073650000000052,-1.1102230246251565e-16,0.016437566371183866,0.016437566371183866,0.09000568445634954,0.08229200428495126,0.005302273921398159,0.016437566371183866,0.005109725279743318,1.4781183879602018e-05,1.4781183879602018e-05,0.0,0.9990191762023463,1.4778699164054932e-05,-2.4847155470859915e-09,0.9999104102247779,False
2.79575,1,69,70,0.7151200000000054,0.7151200000000053,-1.1102230246251565e-16,0.017406941371183825,0.017406941371183825,0.09004700428495141,0.08136394911355307,0.005786961421398177,0.017406941371183825,0.005109725279743318,1.4828365254858937e-05,1.4828365254858937e-05,0.0,0.9987937277590921,1.4812216461856342e-05,-1.614879300259532e-08,0.9998897924854274,False
2.8352500000000003,1,70,71,0.7238100000000056,0.7238100000000056,0.0,0.018493191371183777,0.018493191371183777,0.09005394911355322,0.08269605019215498,0.00615133642139819,0.018493191371183777,0.005109725279743318,1.547666669067068e-05,1.547666669067068e-05,0.0,0.9988992334002902,1.5435364009209243e-05,-4.130268146143625e-08,0.9998991655950563,False
2.8685,1,71,72,0.7311250000000056,0.7311250000000056,0.0,0.019407566371183734,0.019407566371183734,0.09001105019215505,0.08173877627075679,0.006608523921398204,0.019407566371183734,0.005109725279743318,1.603711292769354e-05,1.603711292769354e-05,0.0,0.9989291723350099,1.5959425732549373e-05,-7.768719514416537e-08,0.999901518924782,False
2.90625,1,72,73,0.7394300000000056,0.7394300000000058,2.220446049250313e-16,0.02044569137118369,0.02044569137118369,0.09004377627075694,0.08121806484935865,0.007646648921398241,0.02044569137118369,0.005109725279743318,1.6690541099249288e-05,1.6690541099249288e-05,0.0,0.9990104494124332,1.6454041709011284e-05,-2.3649939023800344e-07,0.9999071812308185,False
2.94625,1,73,74,0.748230000000006,0.748230000000006,0.0,0.021545691371183645,0.021545691371183645,0.0900180648493589,0.08009235342796057,0.005661422842795943,0.021545691371183645,0.005109725279743318,1.6852420534929336e-05,1.6852420534929336e-05,0.0,0.9991348455181668,1.679273826638275e-05,-5.968226854658452e-08,0.9999202227997112,False
2.9915000000000003,1,74,75,0.7581850000000063,0.7581850000000063,0.0,0.0227900663711836,0.0227900663711836,0.0900473534279609,0.08482324771726173,0.005224105710699175,0.0227900663711836,0.005109725279743318,1.752248427130886e-05,1.752248427130886e-05,0.0,0.9989043307316045,1.7518930910002476e-05,-3.5533613063853345e-09,0.9998998317138459,False
3.01525,1,75,76,0.7634100000000063,0.7634100000000064,1.1102230246251565e-16,0.023443191371183565,0.023443191371183565,0.0900482477172618,0.08417101700656263,0.005550668210699183,0.023443191371183565,0.005109725279743318,1.7884669002772874e-05,1.7884669002772874e-05,0.0,0.9987127979052587,1.787321384368815e-05,-1.1455159084725622e-08,0.9998824550232499,False
3.04175,1,76,77,0.7692400000000066,0.7692400000000066,0.0,0.024171941371183545,0.024171941371183545,0.09000101700656286,0.08372159879586365,0.0056864494606991955,0.024171941371183545,0.005109725279743318,1.8302537892301347e-05,1.8302537892301347e-05,0.0,0.9987951992073842,1.828224791572477e-05,-2.0289976576577548e-08,0.9998898467617766,False
3.0705,1,77,78,0.7755650000000067,0.7755650000000068,1.1102230246251565e-16,0.024962566371183503,0.024962566371183503,0.09004659879586374,0.0829765555851645,0.006081761960699205,0.024962566371183503,0.005109725279743318,1.8760903592316188e-05,1.8760903592316188e-05,0.0,0.9988319321249336,1.8726220424757572e-05,-3.4683167558615996e-08,0.999893006772282,False
3.1025,1,78,79,0.7826050000000068,0.7826050000000069,1.1102230246251565e-16,0.025842566371183467,0.025842566371183467,0.09001655558516469,0.08265948112446544,0.006961761960699238,0.025842566371183467,0.005109725279743318,1.8789811530558935e-05,1.8789811530558935e-05,0.0,0.9989131955693434,1.8674785415319755e-05,-1.1502611523918064e-07,0.9998995293048417,False
3.136,1,79,80,0.789975000000007,0.789975000000007,0.0,0.02676381637118343,0.02676381637118343,0.09002948112446565,0.08175115666376637,0.00543977392139807,0.02676381637118343,0.005109725279743318,1.9333747283584624e-05,1.9333747283584624e-05,0.0,0.9990401552596253,1.9304789218184823e-05,-2.8958065399801124e-08,0.9999119419161615,False
3.1735,1,80,81,0.7982250000000072,0.7982250000000073,1.1102230246251565e-16,0.02779506637118339,0.02779506637118339,0.09000115666376662,0.0810868947030673,0.00595539892139809,0.02779506637118339,0.005109725279743318,1.9917494382713217e-05,1.9917494382713217e-05,0.0,0.9988307974883915,1.9875302716698563e-05,-4.2191666014653926e-08,0.999892676256653,False
3.2142500000000003,1,81,82,0.8071900000000076,0.8071900000000076,0.0,0.028915691371183345,0.028915691371183345,0.09005189470306757,0.08503445122271788,0.005017443480349679,0.028915691371183345,0.005017443480349679,2.0518033601586732e-05,2.0518033601586732e-05,0.0,0.9989306946884908,2.0507876808794107e-05,-1.015679279262494e-08,0.99990218106501,False
3.237,1,82,83,0.8121950000000078,0.8121950000000077,-1.1102230246251565e-16,0.029541316371183315,0.029541316371183315,0.09003945122271798,0.08439638274236828,0.005754305171398081,0.029541316371183315,0.005017443480349679,2.0811150680037825e-05,2.0811150680037825e-05,0.0,0.998659382585544,2.0769603730945554e-05,-4.1546949092271e-08,0.9998772667355782,False
3.2625,1,83,84,0.8178050000000079,0.8178050000000079,0.0,0.030242566371183287,0.030242566371183287,0.09000638274236845,0.08108785882097025,0.006104930171398095,0.030242566371183287,0.005017443480349679,2.0707137689708336e-05,2.0707137689708336e-05,0.0,0.9988279422553819,2.06557642710173e-05,-5.137341869103571e-08,0.9998920925431635,False
3.3032500000000002,1,84,85,0.8267700000000082,0.8267700000000081,-1.1102230246251565e-16,0.031363191371183256,0.031363191371183256,0.09005285882097053,0.08503328436027141,0.005019574460699122,0.031363191371183256,0.005017443480349679,2.1275114848100606e-05,2.1275114848100606e-05,0.0,0.9989527704595309,2.1263022051055236e-05,-1.2092797045369923e-08,0.9999041335907669,False
3.326,1,85,86,0.8317750000000085,0.8317750000000083,-2.220446049250313e-16,0.03198881637118332,0.03198881637118332,0.0900382843602716,0.08439308489957247,0.005074574460699121,0.03198881637118332,0.005017443480349679,2.158459216573054e-05,2.158459216573054e-05,0.0,0.9986598765603935,2.1569421078556212e-05,-1.517108717432713e-08,0.9998775185051136,False
3.3515,1,86,87,0.8373850000000086,0.8373850000000086,0.0,0.03269006637118341,0.03269006637118341,0.09000308489957275,0.0842272604388736,0.005425199460699135,0.03269006637118341,0.005017443480349679,2.1934079961322557e-05,2.1934079961322557e-05,0.0,0.9986901565002669,2.191278334193776e-05,-2.1296619384797568e-08,0.9998801581274547,False
3.3777500000000003,1,87,88,0.843160000000009,0.843160000000009,0.0,0.033411941371183494,0.016705970685591747,0.0900022604388739,0.08350456097817471,0.006147074460699165,0.016705970685591747,0.005017443480349679,2.2283992727915202e-05,2.2283992727915202e-05,0.0,0.9987692122832411,2.22074174222415e-05,-7.657530567370283e-08,0.9998865498966975,False
3.4075,1,88,89,0.849705000000009,0.849705000000009,0.0,0.017524095685591712,0.017524095685591712,0.09004956097817482,0.08308436151747561,0.005221527585699129,0.017524095685591712,0.005017443480349679,2.2274956195306305e-05,2.2274956195306305e-05,0.0,0.9989137152702883,2.225825691151447e-05,-1.6699283791836287e-08,0.9999004746431317,False
3.439,1,89,90,0.8566350000000091,0.856635000000009,-1.1102230246251565e-16,0.018390345685591673,0.018390345685591673,0.09001436151747572,0.0821829120567765,0.005654652585699143,0.018390345685591673,0.005017443480349679,2.2652404162611065e-05,2.2652404162611065e-05,0.0,0.9987572354148885,2.2628842633625697e-05,-2.356152898536811e-08,0.9998861386084631,False
3.4747500000000002,1,90,91,0.8645000000000093,0.8645000000000093,0.0,0.019373470685591636,0.019373470685591636,0.09004791205677666,0.08297700947107746,0.005970902585699157,0.019373470685591636,0.005017443480349679,2.3158133427860555e-05,2.3158133427860555e-05,0.0,0.998860143675808,2.3129588015450027e-05,-2.8545412410527866e-08,0.9998953414047212,False
3.5067500000000003,1,91,92,0.8715400000000094,0.8715400000000094,0.0,0.0202534706855916,0.0202534706855916,0.09001700947107759,0.08206610688537835,0.006410902585699174,0.0202534706855916,0.005017443480349679,2.592543141295428e-05,2.592543141295428e-05,0.0,0.9988955611226449,2.358521168135749e-05,-2.3402197315967904e-06,0.99989836208873,False
3.543,1,92,93,0.8795150000000096,0.8795150000000095,-1.1102230246251565e-16,0.021250345685591556,0.021250345685591556,0.09004110688537847,0.08152645429967922,0.007407777585699208,0.021250345685591556,0.005017443480349679,2.411035683108803e-05,2.411035683108803e-05,0.0,0.9989785293715673,2.402784866111347e-05,-8.250816997456217e-08,0.9999046745898537,False
3.58175,1,93,94,0.8880400000000099,0.8880400000000099,0.0,0.02231597068559152,0.02231597068559152,0.09005145429967952,0.08047117671398021,0.005845398921397913,0.02231597068559152,0.005017443480349679,2.422288872082613e-05,2.422288872082613e-05,0.0,0.9991069219448238,2.4199246226482806e-05,-2.3642494343324754e-08,0.9999176817475176,False
3.62525,1,94,95,0.8976100000000099,0.89761000000001,1.1102230246251565e-16,0.023512220685591466,0.023512220685591466,0.09004117671398046,0.0849863504211308,0.005054826292849656,0.023512220685591466,0.005017443480349679,2.5341424324203927e-05,2.5341424324203927e-05,0.0,0.9989254450445468,2.4709746146824604e-05,-6.316781773793235e-07,0.9999015816582028,False
3.64825,1,95,96,0.9026700000000101,0.9026700000000102,1.1102230246251565e-16,0.024144720685591432,0.024144720685591432,0.09004635042113086,0.0843590241282812,0.005371076292849664,0.024144720685591432,0.005017443480349679,2.5014356784713378e-05,2.5014356784713378e-05,0.0,0.9986697709751413,2.4998185514857565e-05,-1.6171269855812248e-08,0.9998782717022575,False
3.674,1,96,97,0.9083350000000106,0.9083350000000103,-2.220446049250313e-16,0.024852845685591412,0.024852845685591412,0.09002402412828144,0.08394482283543173,0.005505138792849674,0.024852845685591412,0.005017443480349679,2.5343633038232268e-05,2.5343633038232268e-05,0.0,0.9987554660581794,2.5326641419543e-05,-1.6991618689268708e-08,0.9998859929154104,False
3.70175,1,97,98,0.9144400000000106,0.9144400000000105,-1.1102230246251565e-16,0.025615970685591374,0.025615970685591374,0.09004982283543184,0.08320749654258212,0.005886701292849684,0.025615970685591374,0.005017443480349679,2.5718998877618707e-05,2.5718998877618707e-05,0.0,0.9987929686019921,2.5645833003821082e-05,-7.316587379762527e-08,0.9998892854548189,False
3.7327500000000002,1,98,99,0.9212600000000107,0.9212600000000106,-1.1102230246251565e-16,0.02646847068559134,0.02646847068559134,0.09002749654258232,0.08290673274973259,0.0067392012928497195,0.02646847068559134,0.005017443480349679,2.607346002782867e-05,2.607346002782867e-05,0.0,0.9988772627759179,2.6038881397514392e-05,-3.457863031427658e-08,0.9998965586811055,False
3.765,1,99,100,0.9283550000000108,0.9283550000000108,0.0,0.027355345685591302,0.027355345685591302,0.09000173274973275,0.08199409395688301,0.005442386960699046,0.027355345685591302,0.005017443480349679,2.6117729235249904e-05,2.6117729235249904e-05,0.0,0.9990077734936721,2.610305512378608e-05,-1.4674111463824067e-08,0.9999088878170992,False
3.8015,1,100,101,0.936385000000011,0.9363850000000111,1.1102230246251565e-16,0.028359095685591265,0.028359095685591265,0.09002409395688327,0.08139426766403347,0.005944261960699067,0.028359095685591265,0.005017443480349679,2.6561257167536932e-05,2.6561257167536932e-05,0.0,0.9988262413145899,2.6545310834584885e-05,-1.5946332952046467e-08,0.9998922664569281,False
3.84075,1,101,102,0.9450200000000113,0.9450200000000114,1.1102230246251565e-16,0.02943847068559122,0.02943847068559122,0.09002926766403371,0.08032006637118388,0.005445824460699046,0.02943847068559122,0.005017443480349679,2.707138149790893e-05,2.707138149790893e-05,0.0,0.9989226961100794,2.7061243477831156e-05,-1.0138020077773269e-08,0.9999011282021996,False
3.88475,1,102,103,0.9547000000000117,0.9547000000000117,0.0,0.03064847068559117,0.03064847068559117,0.09000006637118416,0.08126455441048497,0.006050824460699069,0.03064847068559117,0.005017443480349679,2.7623305145179598e-05,2.7623305145179598e-05,0.0,0.9988631929421614,2.76119766661087e-05,-1.1328479070899064e-08,0.9998956082023083,False
3.9245,1,103,104,0.9634450000000118,0.9634450000000117,-1.1102230246251565e-16,0.03174159568559119,0.015870797842795596,0.09000955441048522,0.08018091744978602,0.007143949460699102,0.015870797842795596,0.005017443480349679,2.6830719955595123e-05,2.6830719955595123e-05,0.0,0.9989408244568775,2.6685798879152883e-05,-1.4492107644224002e-07,0.9999021128433689,False
3.96925,1,104,105,0.973290000000012,0.9732900000000121,1.1102230246251565e-16,0.017101422842795547,0.017101422842795547,0.0900259174497862,0.07946853048908697,0.005278693480349617,0.017101422842795547,0.005017443480349679,2.8345613331927256e-05,2.8345613331927256e-05,0.0,0.9990963770818994,2.833707545835183e-05,-8.537873575425542e-09,0.9999170373358055,False
4.01725,1,105,106,0.983850000000012,0.9838500000000121,1.1102230246251565e-16,0.01842142284279541,0.01842142284279541,0.09002853048908699,0.08342983700873732,0.005149787230349611,0.01842142284279541,0.005017443480349679,2.8960603510736334e-05,2.8960603510736334e-05,0.0,0.9988533901607637,2.8882029075403837e-05,-7.857443533249695e-08,0.9998949734050021,False
4.04725,1,106,107,0.9904500000000118,0.9904500000000119,1.1102230246251565e-16,0.01924642284279524,0.01924642284279524,0.0900298370087372,0.08260614352838751,0.00556228723034963,0.01924642284279524,0.005017443480349679,2.9292716684150997e-05,2.9292716684150997e-05,0.0,0.9987336945360158,2.928523498539968e-05,-7.481698751316348e-09,0.9998840180830082,False
4.081,1,107,108,0.9978750000000116,0.9978750000000117,1.1102230246251565e-16,0.020174547842795026,0.020174547842795026,0.0900311435283872,0.08312823129803754,0.005723849730349629,0.020174547842795026,0.005017443480349679,2.9701396748625566e-05,2.9701396748625566e-05,0.0,0.9988342421420574,2.9694750765958337e-05,-6.645982667229246e-09,0.9998931399166984,False
4.11225,1,108,109,1.0047500000000114,1.0047500000000114,0.0,0.02103392284279484,0.02103392284279484,0.09000323129803736,0.08224094406768767,0.006153537230349645,0.02103392284279484,0.005017443480349679,2.9924399191204652e-05,2.9924399191204652e-05,0.0,0.9988506619608205,2.992160852174037e-05,-2.790669464282613e-09,0.9998945748695603,False
4.14775,1,109,110,1.0125600000000112,1.0125600000000112,0.0,0.022010172842794627,0.022010172842794627,0.09005094406768743,0.08172490683733771,0.007129787230349678,0.022010172842794627,0.005017443480349679,3.0253327006682075e-05,3.0253327006682075e-05,0.0,0.9989387237287989,3.023338578100893e-05,-1.9941225673143385e-08,0.9999018872448364,False
4.1855,1,110,111,1.0208650000000115,1.0208650000000115,0.0,0.023048297842794427,0.023048297842794427,0.09002990683733794,0.08066574460698817,0.006021605710698688,0.023048297842794427,0.005017443480349679,3.0740456151040965e-05,3.0740456151040965e-05,0.0,0.999073537305615,3.073613169817625e-05,-4.32445286471675e-09,0.9999148851637254,False
4.228,1,111,112,1.0302150000000114,1.0302150000000114,0.0,0.024217047842794163,0.024217047842794163,0.09001574460698812,0.08024939487663833,0.006605980710698703,0.024217047842794163,0.005017443480349679,3.1085834582874616e-05,3.1085834582874616e-05,0.0,0.9989476578813242,3.108086437945413e-05,-4.9702034204870266e-09,0.999903352341861,False
4.2725,1,112,113,1.0400050000000116,1.0400050000000114,-2.220446049250313e-16,0.025440797842793905,0.025440797842793905,0.09003939487663844,0.0790492951462886,0.00528020611517491,0.025440797842793905,0.005017443480349679,3.159353630164329e-05,3.159353630164329e-05,0.0,0.9990335410502162,3.159075563574663e-05,-2.780665896663843e-09,0.9999113751776815,False
4.3225,1,113,114,1.0510050000000115,1.0510050000000115,0.0,0.026815797842793605,0.026815797842793605,0.09004929514628861,0.08408158903111368,0.0059677061151749335,0.026815797842793605,0.005017443480349679,3.218081012480112e-05,3.218081012480112e-05,0.0,0.9988630937404037,3.217440431734448e-05,-6.405807456641443e-09,0.9998957864117652,False
4.3495,1,114,115,1.0569450000000116,1.0569450000000116,0.0,0.02755829784279345,0.02755829784279345,0.09002158903111374,0.08331138291593879,0.005265802855349423,0.02755829784279345,0.005017443480349679,3.233257059702966e-05,3.233257059702966e-05,0.0,0.998872426710107,3.2330759119299746e-05,-1.8114777299168237e-09,0.999896802395148,False
4.38,1,115,116,1.0636550000000116,1.0636550000000118,2.220446049250313e-16,0.028397047842793267,0.028397047842793267,0.09002138291593881,0.0817849268007638,0.0056851778553494384,0.028397047842793267,0.005017443480349679,3.2654986138972e-05,3.2654986138972e-05,0.0,0.9987605817597229,3.265326776543203e-05,-1.7183735399707643e-09,0.9998865428876669,False
4.4175,1,116,117,1.0719050000000119,1.0719050000000117,-2.220446049250313e-16,0.029428297842793036,0.029428297842793036,0.09003492680076375,0.08076722068558871,0.005908615355349445,0.029428297842793036,0.005017443480349679,3.308090548042898e-05,3.308090548042898e-05,0.0,0.998873437900561,3.307984056629931e-05,-1.0649141296700197e-09,0.9998967931730458,False
4.4595,1,117,118,1.0811450000000116,1.0811450000000116,0.0,0.030583297842792782,0.030583297842792782,0.09000722068558872,0.08171641783023921,0.006486115355349464,0.030583297842792782,0.005017443480349679,3.356830073177005e-05,3.356830073177005e-05,0.0,0.9989287801808764,3.3566777365749696e-05,-1.523366020350983e-09,0.999901775467477,False
4.49725,1,118,119,1.089450000000012,1.089450000000012,0.0,0.03162142284279271,0.015810711421396353,0.09002141783023956,0.08069248997488998,0.007524240355349526,0.015810711421396353,0.005017443480349679,3.381697165419887e-05,3.381697165419887e-05,0.0,0.9989943169445691,3.381276957564913e-05,-4.202078549737107e-09,0.9999074662122055,False
4.53975,1,119,120,1.0988000000000118,1.0988000000000118,0.0,0.01697946142139609,0.01697946142139609,0.09004248997488964,0.07996418711954004,0.005039151427674799,0.01697946142139609,0.005017443480349679,3.4298466124666727e-05,3.4298466124666727e-05,0.0,0.9991294395576721,3.429844152931291e-05,-2.459535381621209e-11,0.9999201655995089,False
4.5855,1,120,121,1.108865000000011,1.1088650000000113,2.220446049250313e-16,0.018237586421395818,0.018237586421395818,0.09002918711953978,0.08373191069186493,0.0052643076776748106,0.018237586421395818,0.005017443480349679,3.482411868710385e-05,3.482411868710385e-05,0.0,0.9987985050781107,3.482430300663023e-05,1.8431952637760303e-10,0.9998900811270874,False
4.614,1,121,122,1.1151350000000113,1.1151350000000113,0.0,0.019021336421395654,0.019021336421395654,0.0900019106918648,0.08292088426418992,0.005656182677674828,0.019021336421395654,0.005017443480349679,3.500094967729153e-05,3.500094967729153e-05,0.0,0.9987490060317099,3.5002039767066526e-05,1.090089774997689e-09,0.9998855549028276,False
4.64625,1,122,123,1.1222300000000112,1.1222300000000114,2.220446049250313e-16,0.019908211421395473,0.019908211421395473,0.09001588426418983,0.08308095158651493,0.005810870177674839,0.019908211421395473,0.005017443480349679,3.5322116454181366e-05,3.5322116454181366e-05,0.0,0.9988435969010733,3.532227073590133e-05,1.5428171996114673e-10,0.9998941539799023,False
4.6777500000000005,1,123,124,1.1291600000000108,1.1291600000000106,-2.220446049250313e-16,0.02077446142139527,0.02077446142139527,0.09001095158651462,0.08220976890883971,0.0062439951776748475,0.02077446142139527,0.005017443480349679,3.5660674449511696e-05,3.5660674449511696e-05,0.0,0.9988667973821617,3.5661135307065495e-05,4.6085755379948875e-10,0.9998962356364324,False
4.71325,1,124,125,1.1369700000000107,1.1369700000000107,0.0,0.021750711421395057,0.021750711421395057,0.09001976890883949,0.08163421123116457,0.00722024517767488,0.021750711421395057,0.005017443480349679,3.6060580164185557e-05,3.6060580164185557e-05,0.0,0.9989519903173447,3.605755548401707e-05,-3.0246801684854076e-09,0.9999035912658569,False
4.7515,1,125,126,1.145385000000011,1.145385000000011,0.0,0.022802586421394846,0.022802586421394846,0.09004921123116474,0.08061177855348976,0.005963615355348791,0.022802586421394846,0.005017443480349679,3.648942236441754e-05,3.648942236441754e-05,0.0,0.9990851750266421,3.649045678418446e-05,1.0344197669249046e-09,0.999916110236516,False
4.79425,1,126,127,1.1547900000000106,1.1547900000000109,2.220446049250313e-16,0.02397821142139459,0.02397821142139459,0.09001677855348979,0.0801359083758148,0.006551427855348811,0.02397821142139459,0.005017443480349679,3.6799027578122557e-05,3.6799027578122557e-05,0.0,0.9989400976672171,3.6799180769501017e-05,1.531913784599782e-10,0.9999028418322735,False
4.83925,1,127,128,1.164690000000011,1.1646900000000113,2.220446049250313e-16,0.02521571142139432,0.02521571142139432,0.09003590837581485,0.07891753819813982,0.005342622588837509,0.02521571142139432,0.005017443480349679,3.7268510247797996e-05,3.7268510247797996e-05,0.0,0.9990284447387622,3.727009738323145e-05,1.5871354334544329e-09,0.9999110084096323,False
4.88975,1,128,129,1.1758000000000113,1.1758000000000108,-4.440892098500626e-16,0.02660446142139401,0.02660446142139401,0.09002753819813979,0.08399054060930225,0.006036997588837529,0.02660446142139401,0.005017443480349679,3.78288725034694e-05,3.78288725034694e-05,0.0,0.9988759159496305,3.782950562295224e-05,6.331194828384373e-10,0.9998970964320529,False
4.91725,1,129,130,1.181850000000011,1.181850000000011,0.0,0.027360711421393867,0.027360711421393867,0.09004054060930244,0.08324729302046488,0.005260870177674481,0.027360711421393867,0.005017443480349679,3.8130679236208215e-05,3.8130679236208215e-05,0.0,0.9988861655582166,3.8132535988851596e-05,1.856752643380566e-09,0.9998981253776837,False
4.948,1,130,131,1.188615000000011,1.188615000000011,0.0,0.02820633642139367,0.02820633642139367,0.09001229302046476,0.08167904543162716,0.005683682677674488,0.02820633642139367,0.005017443480349679,3.84672005024199e-05,3.84672005024199e-05,0.0,0.9987609438855247,3.846900327754327e-05,1.8027751233696447e-09,0.9998866922360446,False
4.986,1,131,132,1.1969750000000112,1.1969750000000112,0.0,0.02925133642139345,0.02925133642139345,0.09003904543162726,0.08066079784278961,0.005912276427674502,0.02925133642139345,0.005017443480349679,3.872065346268161e-05,3.872065346268161e-05,0.0,0.9988754537808452,3.8722181258360466e-05,1.5277956788545917e-09,0.9998970851486431,False
5.0285,1,132,133,1.2063250000000112,1.2063250000000112,0.0,0.03042008642139321,0.03042008642139321,0.09001079784278976,0.08169055266511516,0.0064966514276745295,0.03042008642139321,0.005017443480349679,3.9156393743954293e-05,3.9156393743954293e-05,0.0,0.9989313729534532,3.9157878446383896e-05,1.4847024296029288e-09,0.9999021156983395,False
5.0665000000000004,1,133,134,1.2146850000000113,1.2146850000000113,0.0,0.03146508642139304,0.01573254321069652,0.09005055266511514,0.08068530748744052,0.007541651427674551,0.01573254321069652,0.005017443480349679,3.95648100349444e-05,3.95648100349444e-05,0.0,0.9989965928502471,3.9565290176912126e-05,4.801419677293159e-10,0.9999078191813144,False
5.109,1,134,135,1.2240350000000113,1.2240350000000113,0.0,0.01690129321069628,0.01690129321069628,0.09003530748744037,0.07992412480976571,0.005055591338837333,0.01690129321069628,0.005017443480349679,4.004148101929601e-05,4.004148101929601e-05,0.0,0.9991311261614638,4.0043696315249054e-05,2.2152959530465934e-09,0.9999203643998855,False
5.155,1,135,136,1.2341550000000105,1.2341550000000105,0.0,0.018166293210695992,0.018166293210695992,0.09004412480976531,0.08372353347092795,0.0052798882138373315,0.018166293210695992,0.005017443480349679,4.059042490569108e-05,4.059042490569108e-05,0.0,0.9988028877324812,4.059255471265359e-05,2.1298069625126192e-09,0.9998905465291937,False
5.18375,1,136,137,1.2404800000000105,1.2404800000000107,2.220446049250313e-16,0.018956918210695835,0.018956918210695835,0.0900485334709279,0.08293731713209049,0.005675200713837353,0.018956918210695835,0.005017443480349679,4.068286811282635e-05,4.068286811282635e-05,0.0,0.998753587271061,4.068452347647266e-05,1.6553636463084698e-09,0.999886048073497,False
5.216,1,137,138,1.2475750000000105,1.2475750000000105,0.0,0.019843793210695654,0.019843793210695654,0.09003231713209037,0.08307492891825297,0.00582645071383736,0.019843793210695654,0.005017443480349679,4.1020300244908766e-05,4.1020300244908766e-05,0.0,0.9988469008106424,4.1022573581527416e-05,2.273336618649794e-09,0.9998945196377813,False
5.2475000000000005,1,138,139,1.2545050000000102,1.2545050000000102,0.0,0.02071004321069545,0.02071004321069545,0.09000492891825265,0.08218129070441521,0.006259575713837368,0.02071004321069545,0.005017443480349679,4.135256639980992e-05,4.135256639980992e-05,0.0,0.9988693857014511,4.1354545648524184e-05,1.9792487142641793e-09,0.9998965305117719,False
5.28325,1,139,140,1.26237000000001,1.26237000000001,0.0,0.021693168210695245,0.021693168210695245,0.09004629070441506,0.08163483999057759,0.00724270071383741,0.021693168210695245,0.005017443480349679,4.1718700201285404e-05,4.1718700201285404e-05,0.0,0.9989551856138532,4.171917414228143e-05,4.739409960270507e-10,0.9999040037581842,False
5.3215,1,140,141,1.27078500000001,1.2707850000000103,2.220446049250313e-16,0.02274504321069501,0.02274504321069501,0.09004983999057757,0.08058651427674009,0.005949229552673826,0.02274504321069501,0.005017443480349679,4.21322239359932e-05,4.21322239359932e-05,0.0,0.9990875954959964,4.2134398790010095e-05,2.1748540168968294e-09,0.9999163501463607,False
5.3645000000000005,1,141,142,1.28024500000001,1.28024500000001,0.0,0.02392754321069476,0.02392754321069476,0.09004651427674018,0.08013631356290268,0.00654047955267385,0.02392754321069476,0.005017443480349679,4.259309859361324e-05,4.259309859361324e-05,0.0,0.9989389238210438,4.2594862784597516e-05,1.7641909842781617e-09,0.9999027331422936,False
5.4095,1,142,143,1.29014500000001,1.29014500000001,0.0,0.02516504321069449,0.02516504321069449,0.0900363135629027,0.07888861284906518,0.005357287856918766,0.02516504321069449,0.005017443480349679,4.306756334763895e-05,4.306756334763895e-05,0.0,0.9990270155256349,4.306996330987269e-05,2.3999622337402666e-09,0.9999108845572217,False
5.46025,1,143,144,1.3013100000000102,1.3013100000000102,0.0,0.026560668210694187,0.026560668210694187,0.09005361284906521,0.08399851249214642,0.0060551003569187896,0.026560668210694187,0.005017443480349679,4.346720550309349e-05,4.346720550309349e-05,0.0,0.9988794404881951,4.34941053645691e-05,2.6899861475613164e-08,0.9998974772431835,False
5.48775,1,144,145,1.3073600000000103,1.3073600000000103,0.0,0.027316918210694045,0.027316918210694045,0.09004851249214663,0.08323716213522778,0.005260552276337007,0.027316918210694045,0.005017443480349679,4.374399511259652e-05,4.374399511259652e-05,0.0,0.9988890652717984,4.374632475666751e-05,2.329644070989329e-09,0.9998983820104369,False
5.5185,1,145,146,1.3141250000000102,1.3141250000000102,0.0,0.028162543210693846,0.028162543210693846,0.09000216213522769,0.0816473742783088,0.005683364776337014,0.028162543210693846,0.005017443480349679,4.406242034204896e-05,4.406242034204896e-05,0.0,0.9987608199065466,4.406483815988368e-05,2.4178178347169957e-09,0.9998866819886646,False
5.5565,1,146,147,1.3224850000000103,1.3224850000000101,-2.220446049250313e-16,0.029207543210693628,0.029207543210693628,0.0900073742783089,0.08060758642138999,0.005910239776337025,0.029207543210693628,0.005017443480349679,4.446985949379022e-05,4.446985949379022e-05,0.0,0.9988753399198447,4.447225420018667e-05,2.394706396450629e-09,0.9998970638439979,False
5.5992500000000005,1,147,148,1.3318900000000102,1.3318900000000102,0.0,0.03038316821069337,0.03038316821069337,0.09001258642139001,0.0816857841450529,0.006498052276337045,0.03038316821069337,0.005017443480349679,4.49286343172435e-05,4.49286343172435e-05,0.0,0.9989320396526464,4.493383296342652e-05,5.198646183016641e-09,0.9999021474511111,False
5.63725,1,148,149,1.3402500000000104,1.3402500000000104,0.0,0.03142816821069321,0.015714084105346606,0.09004578414505307,0.08067398186871591,0.007543052276337091,0.015714084105346606,0.005017443480349679,4.5338007965428066e-05,4.5338007965428066e-05,0.0,0.998996713666278,4.533929411367637e-05,1.286148248300545e-09,0.999907763961132,False
5.67975,1,149,150,1.3496000000000101,1.3496000000000101,0.0,0.016882834105346342,0.016882834105346342,0.09002398186871556,0.07990624209237839,0.005058869888168588,0.016882834105346342,0.005017443480349679,4.581001544294982e-05,4.581001544294982e-05,0.0,0.9991311915366913,4.5812588999399365e-05,2.5735564495449337e-09,0.9999203388323646,False
5.725750000000001,1,150,151,1.3597200000000098,1.3597200000000098,0.0,0.018147834105346077,0.018147834105346077,0.09002624209237818,0.08370237220420954,0.005282307388168598,0.018147834105346077,0.005017443480349679,4.629565976070828e-05,4.629565976070828e-05,0.0,0.9988034425916983,4.629822101133125e-05,2.561250622966924e-09,0.9998905769587656,False
5.7545,1,151,152,1.36604500000001,1.36604500000001,0.0,0.01893845910534592,0.01893845910534592,0.09002737220420948,0.0829128773160408,0.0056776198881686194,0.01893845910534592,0.005017443480349679,4.6486999299759574e-05,4.6486999299759574e-05,0.0,0.9987540195621878,4.653144990664543e-05,4.445060688585832e-08,0.9998860672530117,False
5.7867500000000005,1,152,153,1.3731400000000096,1.3731400000000096,0.0,0.019825334105345715,0.019825334105345715,0.0900078773160405,0.08304806992787184,0.005827151138168618,0.019825334105345715,0.005017443480349679,4.682365928842547e-05,4.682365928842547e-05,0.0,0.9988472617833717,4.682604773159664e-05,2.388443171167439e-09,0.9998945245089088,False
5.8185,1,153,154,1.3801250000000096,1.3801250000000096,0.0,0.020698459105345544,0.020698459105345544,0.09003306992787179,0.08220013753970308,0.006263713638168643,0.020698459105345544,0.005017443480349679,4.715434497796674e-05,4.715434497796674e-05,0.0,0.9988705988873864,4.715672535468636e-05,2.3803767196215494e-09,0.9998966023767809,False
5.854,1,154,155,1.3879350000000092,1.3879350000000092,0.0,0.02167470910534533,0.02167470910534533,0.09001013753970286,0.08159626765153413,0.007239963638168675,0.02167470910534533,0.005017443480349679,4.7534893378018037e-05,4.7534893378018037e-05,0.0,0.9989547248516332,4.753610336971664e-05,1.2099916986061093e-09,0.99990386290715,False
5.89225,1,155,156,1.3963500000000093,1.3963500000000093,0.0,0.022726584105345095,0.022726584105345095,0.09001126765153411,0.08054552276336535,0.005944614776336348,0.022726584105345095,0.005017443480349679,4.7949234820695045e-05,4.7949234820695045e-05,0.0,0.9990872280285449,4.7951584525652384e-05,2.349704957338504e-09,0.9999162565326576,False
5.93525,1,156,157,1.4058100000000093,1.4058100000000093,0.0,0.023909084105344845,0.023909084105344845,0.09000552276336543,0.08009462162519666,0.006535864776336372,0.023909084105344845,0.005017443480349679,4.841072953471513e-05,4.841072953471513e-05,0.0,0.9989381683790025,4.841272997496112e-05,2.0004402459885846e-09,0.9999025688319075,False
5.9805,1,157,158,1.4157650000000095,1.4157650000000095,0.0,0.025153459105344583,0.025153459105344583,0.09004962162519678,0.08447198355611236,0.0055776380690844155,0.025153459105344583,0.005017443480349679,4.8894322862780724e-05,4.8894322862780724e-05,0.0,0.999027226315307,4.889693498009838e-05,2.6121173176597997e-09,0.9999108672094681,False
6.00575,1,158,159,1.4213200000000095,1.4213200000000095,0.0,0.025847834105344428,0.025847834105344428,0.09002698355611233,0.0837549704870279,0.0057065443190844126,0.025847834105344428,0.005017443480349679,4.9162088855936485e-05,4.9162088855936485e-05,0.0,0.998793530705747,4.916468712357975e-05,2.5982676432617516e-09,0.9998896572296526,False
6.03425,1,159,160,1.4275900000000095,1.4275900000000095,0.0,0.026631584105344264,0.026631584105344264,0.09002497048702798,0.08353467616794352,0.00609841931908443,0.026631584105344264,0.005017443480349679,4.946408280759531e-05,4.946408280759531e-05,0.0,0.9988340708786044,4.946664763773864e-05,2.564830143334375e-09,0.9998933242055962,False
6.06375,1,160,161,1.4340800000000096,1.4340800000000093,-2.220446049250313e-16,0.02744283410534408,0.02744283410534408,0.09002467616794349,0.08272313184885902,0.005330432388168261,0.02744283410534408,0.005017443480349679,4.977653924983827e-05,4.977653924983827e-05,0.0,0.9989047805383394,4.9779105610866066e-05,2.56636102779627e-09,0.9998997409552304,False
6.097,1,161,162,1.4413950000000093,1.4413950000000093,0.0,0.028357209105343877,0.028357209105343877,0.090038131848859,0.08221408752977453,0.005787619888168275,0.028357209105343877,0.005017443480349679,5.014311385094235e-05,5.014311385094235e-05,0.0,0.9987882468129918,5.011659567504786e-05,-2.6518175894488867e-08,0.999889119046505,False
6.1325,1,162,163,1.4492050000000094,1.4492050000000094,0.0,0.029333459105343664,0.029333459105343664,0.09002408752977455,0.08122379321069004,0.005980119888168279,0.029333459105343664,0.005017443480349679,5.0504974244527726e-05,5.0504974244527726e-05,0.0,0.9988811712863694,5.050738330661448e-05,2.4090620867524976e-09,0.9998975225830911,False
6.1725,1,163,164,1.4580050000000095,1.4580050000000098,2.220446049250313e-16,0.030433459105343428,0.030433459105343428,0.0900237932106901,0.08170273582252173,0.0065301198881683,0.030433459105343428,0.005017443480349679,5.0835981790221343e-05,5.0835981790221343e-05,0.0,0.9989311032653182,5.083804241235107e-05,2.0606221297299115e-09,0.9999019621860753,False
6.21025,1,164,165,1.4663100000000096,1.4663100000000096,0.0,0.03147158410534327,0.015735792052671636,0.09000773582252183,0.08064855343435344,0.0075682448881683375,0.015735792052671636,0.005017443480349679,5.122799021203862e-05,5.122799021203862e-05,0.0,0.9989999782285635,5.122943195368656e-05,1.441741647935531e-09,0.9999078815311859,False
6.253,1,165,166,1.4757150000000097,1.4757150000000097,0.0,0.016911417052671403,0.016911417052671403,0.09005355343435335,0.08501474349026913,0.005038809944084225,0.016911417052671403,0.005017443480349679,5.171407223004519e-05,5.171407223004519e-05,0.0,0.9991342968255813,5.171676340125836e-05,2.6911712131696508e-09,0.9999205589716237,False
6.27575,1,166,167,1.4807200000000094,1.4807200000000094,0.0,0.017537042052671252,0.017537042052671252,0.09001974349026887,0.08435530854618463,0.005351622444084228,0.017537042052671252,0.005017443480349679,5.196095385999959e-05,5.196095385999959e-05,0.0,0.9986641592482806,5.196364610233945e-05,2.692242339863936e-09,0.9998778658474777,False
6.3015,1,167,168,1.4863850000000092,1.4863850000000092,0.0,0.01824516705267111,0.01824516705267111,0.09002030854618456,0.0839605611021003,0.005313809944084233,0.01824516705267111,0.005017443480349679,5.2240854338858625e-05,5.2240854338858625e-05,0.0,0.9987512482425135,5.224353046951502e-05,2.6761306563976065e-09,0.9998857726369139,False
6.329,1,168,169,1.492435000000009,1.4924350000000088,-2.220446049250313e-16,0.019001417052670944,0.019001417052670944,0.09001056110210012,0.08319456365801584,0.005691934944084245,0.019001417052670944,0.005017443480349679,5.25931168411862e-05,5.25931168411862e-05,0.0,0.9987533608256907,5.259626867023316e-05,3.151829046961084e-09,0.9998859450669739,False
6.36,1,169,170,1.4992550000000087,1.4992550000000087,0.0,0.019853917052670752,0.019853917052670752,0.09001456365801558,0.0830920037139313,0.005843184944084246,0.019853917052670752,0.005017443480349679,5.285176712859487e-05,5.285176712859487e-05,0.0,0.9988436610702941,5.2853914661777e-05,2.147533182127225e-09,0.9998941259471745,False
6.3915,1,170,171,1.5061850000000088,1.5061850000000088,0.0,0.020720167052670574,0.020720167052670574,0.0900220037139312,0.08223319376984686,0.006276309944084266,0.020720167052670574,0.005017443480349679,5.3189667969292646e-05,5.3189667969292646e-05,0.0,0.9988720695285279,5.3192378332135173e-05,2.710362842527677e-09,0.9998966470735079,False
6.4270000000000005,1,171,172,1.5139950000000084,1.5139950000000084,0.0,0.02169641705267036,0.02169641705267036,0.09004319376984664,0.0816562588257623,0.007252559944084299,0.02169641705267036,0.005017443480349679,5.360719278202681e-05,5.360719278202681e-05,0.0,0.9989564682214942,5.360848969051551e-05,1.2969084887029633e-09,0.9999038116641367,False
6.465,1,172,173,1.5223550000000086,1.5223550000000086,0.0,0.022741417052670142,0.022741417052670142,0.09001625882576239,0.08058432388167802,0.005946604263167613,0.022741417052670142,0.005017443480349679,5.401276229384241e-05,5.401276229384241e-05,0.0,0.9990877876550229,5.40149874716271e-05,2.2251777846869964e-09,0.9999162065450357,False
6.508,1,173,174,1.5318150000000088,1.5318150000000088,0.0,0.023923917052669892,0.023923917052669892,0.0900443238816781,0.08013113893759369,0.006537854263167637,0.023923917052669892,0.005017443480349679,5.446181028092946e-05,5.446181028092946e-05,0.0,0.9989383931312767,5.446386052217238e-05,2.0502412429194896e-09,0.9999024507150271,False
6.553,1,174,175,1.5417150000000086,1.5417150000000086,0.0,0.025161417052669624,0.025161417052669624,0.09003113893759374,0.0844557964655515,0.005575342472042229,0.025161417052669624,0.005017443480349679,5.495127117452097e-05,5.495127117452097e-05,0.0,0.99902654238467,5.495393066042256e-05,2.6594859015889464e-09,0.9999107401602019,False
6.57825,1,175,176,1.5472700000000086,1.5472700000000086,0.0,0.02585579205266947,0.02585579205266947,0.09001079646555149,0.08374107899350923,0.005705967472042228,0.02585579205266947,0.005017443480349679,5.52196230279912e-05,5.52196230279912e-05,0.0,0.9987930228272995,5.522221795813509e-05,2.5949301438903723e-09,0.9998895495079777,False
6.60675,1,176,177,1.5535400000000088,1.5535400000000088,0.0,0.026639542052669305,0.026639542052669305,0.09001107899350931,0.08352136152146705,0.006097842472042246,0.026639542052669305,0.005017443480349679,5.5519484183422314e-05,5.5519484183422314e-05,0.0,0.998833901131601,5.5522038043922025e-05,2.5538604997110107e-09,0.9998932410345814,False
6.63625,1,177,178,1.5600300000000087,1.5600300000000087,0.0,0.02745079205266912,0.02745079205266912,0.09001136152146699,0.08271039404942472,0.005327989631583889,0.02745079205266912,0.005017443480349679,5.583160169689303e-05,5.583160169689303e-05,0.0,0.9989046223813275,5.583417079009046e-05,2.569093197430034e-09,0.9998996545254248,False
6.6695,1,178,179,1.5673450000000089,1.5673450000000089,0.0,0.028365167052668942,0.028365167052668942,0.0900253940494249,0.0822019265773826,0.0057851771315839155,0.028365167052668942,0.005017443480349679,5.6186022890257364e-05,5.6186022890257364e-05,0.0,0.9987877053640478,5.618853176248734e-05,2.50887222997577e-09,0.9998889849164684,False
6.705,1,179,180,1.575155000000009,1.575155000000009,0.0,0.02934141705266873,0.02934141705266873,0.0900119265773826,0.08121220910534026,0.00597767713158392,0.02934141705266873,0.005017443480349679,5.6563625039766906e-05,5.6563625039766906e-05,0.0,0.998880698509603,5.656603420756023e-05,2.409167793326905e-09,0.9998973775514481,False
6.745,1,180,181,1.5839550000000089,1.5839550000000089,0.0,0.030441417052668493,0.030441417052668493,0.09001220910534032,0.08169359447375629,0.006527677131583941,0.030441417052668493,0.005017443480349679,5.6987967360256164e-05,5.6987967360256164e-05,0.0,0.9989306645176868,5.699019673003456e-05,2.2293697783968896e-09,0.9999017916530281,False
6.783,1,181,182,1.592315000000009,1.592315000000009,0.0,0.03148641705266833,0.015743208526334165,0.0900535944737563,0.08068997984217224,0.007572677131583962,0.015743208526334165,0.005017443480349679,5.739299224453099e-05,5.739299224453099e-05,0.0,0.9990004911164743,5.739468375230716e-05,1.6915077761728422e-09,0.9999077209119026,False
6.8255,1,182,183,1.6016650000000088,1.6016650000000088,0.0,0.016911958526333926,0.016911958526333926,0.0900399798421721,0.08500239127638007,0.005037588565792033,0.016911958526333926,0.005017443480349679,5.787394458013221e-05,5.787394458013221e-05,0.0,0.999133984817016,5.787658726019181e-05,2.6426800595993655e-09,0.9999204642027167,False
6.84825,1,183,184,1.606670000000009,1.606670000000009,0.0,0.0175375835263338,0.0175375835263338,0.09000739127638,0.08434417771058793,0.005350401065792048,0.0175375835263338,0.005017443480349679,5.811584048143572e-05,5.811584048143572e-05,0.0,0.9986638078385792,5.8118467297277955e-05,2.6268158422363633e-09,0.9998777697623125,False
6.8740000000000006,1,184,185,1.6123350000000083,1.6123350000000083,0.0,0.018245708526333632,0.018245708526333632,0.09000917771058767,0.0839506516447956,0.005312588565792041,0.018245708526333632,0.005017443480349679,5.838960727819913e-05,5.838960727819913e-05,0.0,0.9987509328015093,5.8392216911452314e-05,2.609633253185229e-09,0.9998856748987974,False
6.9015,1,185,186,1.6183850000000082,1.6183850000000082,0.0,0.019001958526333466,0.019001958526333466,0.09000065164479543,0.08318587557900334,0.005690713565792053,0.019001958526333466,0.005017443480349679,5.86824581388733e-05,5.86824581388733e-05,0.0,0.9987530450553542,5.8685033335926065e-05,2.575197052766243e-09,0.9998858364428803,False
6.9325,1,186,187,1.6252050000000082,1.6252050000000082,0.0,0.0198544585263333,0.0198544585263333,0.09000587557900329,0.08308453701321118,0.005841963565792066,0.0198544585263333,0.005017443480349679,5.901315225900174e-05,5.901315225900174e-05,0.0,0.9988433791294979,5.901567748735145e-05,2.5252283497085746e-09,0.9998940076786239,False
6.964,1,187,188,1.6321350000000079,1.6321350000000079,0.0,0.020720708526333096,0.020720708526333096,0.09001453701321087,0.08222694844741874,0.0062750885657920745,0.020720708526333096,0.005017443480349679,5.934973483698916e-05,5.934973483698916e-05,0.0,0.9988717962443323,5.935216723603652e-05,2.4323990473581114e-09,0.9998965085003855,False
6.9995,1,188,189,1.639945000000008,1.639945000000008,0.0,0.021696958526332907,0.021696958526332907,0.09003694844741869,0.08165123488162652,0.007251338565792131,0.021696958526332907,0.005017443480349679,5.972939177511496e-05,5.972939177511496e-05,0.0,0.9989562233999626,5.973102919544054e-05,1.6374203255832835e-09,0.9999035621561706,False
7.0375000000000005,1,189,190,1.648305000000008,1.6483050000000077,-2.220446049250313e-16,0.022741958526332665,0.022741958526332665,0.09001123488162643,0.08058052131583424,0.0059467396315832375,0.022741958526332665,0.005017443480349679,6.0138854471639575e-05,6.0138854471639575e-05,0.0,0.9990875871137471,6.0141262842284334e-05,2.408370644758776e-09,0.9999160742825459,False
7.0805,1,190,191,1.657765000000008,1.657765000000008,0.0,0.023924458526332414,0.023924458526332414,0.09004052131583432,0.08012855775004213,0.0065379896315832615,0.023924458526332414,0.005017443480349679,6.059899432462278e-05,6.059899432462278e-05,0.0,0.9989383459853564,6.060122252689902e-05,2.2282022762396556e-09,0.9999023137368137,False
7.1255,1,191,192,1.667665000000008,1.667665000000008,0.0,0.025161958526332146,0.025161958526332146,0.09002855775004216,0.08445382596714604,0.005574731782896127,0.025161958526332146,0.005017443480349679,6.108092445453528e-05,6.108092445453528e-05,0.0,0.9990264926237457,6.108354149986675e-05,2.6170453314741486e-09,0.9999106644721586,False
7.15075,1,192,193,1.6732200000000077,1.6732200000000077,0.0,0.02585633352633199,0.02585633352633199,0.09000882596714602,0.08373971918424986,0.0057053567828961324,0.02585633352633199,0.005017443480349679,6.134869532228048e-05,6.134869532228048e-05,0.0,0.998792845086712,6.135129383135523e-05,2.5985090747567734e-09,0.9998894590915711,False
7.179250000000001,1,193,194,1.679490000000008,1.679490000000008,0.0,0.026640083526331827,0.026640083526331827,0.09000971918424994,0.08352061240135378,0.00609723178289615,0.026640083526331827,0.005017443480349679,6.165166967609756e-05,6.165166967609756e-05,0.0,0.9988337311842338,6.16542344085149e-05,2.5647324173417663e-09,0.9998931393081649,False
7.20875,1,194,195,1.6859800000000082,1.6859800000000082,0.0,0.027451333526331667,0.027451333526331667,0.09001061240135393,0.08271025561845771,0.005328057315791714,0.027451333526331667,0.005017443480349679,6.196614370510982e-05,6.196614370510982e-05,0.0,0.99890446429967,6.196871668329217e-05,2.5729781823473526e-09,0.9998995557535589,False
7.242,1,195,196,1.693295000000008,1.693295000000008,0.0,0.028365708526331464,0.028365708526331464,0.0900252556184577,0.08220239883556149,0.005785244815791728,0.028365708526331464,0.005017443480349679,6.23212851271387e-05,6.23212851271387e-05,0.0,0.9987876559788865,6.232381097317846e-05,2.5258460397575323e-09,0.9998888811621052,False
7.2775,1,196,197,1.701105000000008,1.701105000000008,0.0,0.02934195852633125,0.02934195852633125,0.0900123988355615,0.08121329205266525,0.005977744815791732,0.02934195852633125,0.005017443480349679,6.270099978910087e-05,6.270099978910087e-05,0.0,0.9988806461056613,6.270347121132383e-05,2.4714222229588363e-09,0.9998972628300754,False
7.3175,1,197,198,1.7099050000000082,1.7099050000000082,0.0,0.030441958526331015,0.030441958526331015,0.09001329205266531,0.08169460973687348,0.006527744815791753,0.030441958526331015,0.005017443480349679,6.312919293808453e-05,6.312919293808453e-05,0.0,0.9989306109075922,6.313156119895008e-05,2.368260865545516e-09,0.9999016654284764,False
7.3555,1,198,199,1.7182650000000084,1.7182650000000084,0.0,0.03148695852633088,0.01574347926316544,0.09005460973687368,0.0806909274210818,0.007572744815791799,0.01574347926316544,0.005017443480349679,6.353725925284783e-05,6.353725925284783e-05,0.0,0.999000436737775,6.353931997755163e-05,2.0607247038070733e-09,0.9999075692844153,False
7.398000000000001,1,199,200,1.7276150000000077,1.7276150000000077,0.0,0.016912229263165175,0.016912229263165175,0.09004092742108147,0.08500330501318552,0.0050376224078959395,0.016912229263165175,0.005017443480349679,6.401583526224974e-05,6.401583526224974e-05,0.0,0.9991339349629738,6.401847692341589e-05,2.641661166154002e-09,0.9999203954919461,False
7.42075,1,200,201,1.7326200000000078,1.7326200000000078,0.0,0.017537854263165047,0.017537854263165047,0.09000830501318546,0.08434505760528949,0.005350434907895955,0.017537854263165047,0.005017443480349679,6.425909845939936e-05,6.425909845939936e-05,0.0,0.998663763589204,6.426172436511393e-05,2.6259057145638096e-09,0.9998776957218831,False
7.4465,1,201,202,1.7382850000000079,1.7382850000000076,-2.220446049250313e-16,0.01824597926316488,0.01824597926316488,0.09001005760528923,0.08395149769739327,0.0053126224078959465,0.01824597926316488,0.005017443480349679,6.45347566615604e-05,6.45347566615604e-05,0.0,0.9987508862223191,6.453737054256348e-05,2.6138810030828206e-09,0.9998855947012273,False
7.474,1,202,203,1.7443350000000077,1.7443350000000075,-2.220446049250313e-16,0.01900222926316474,0.01900222926316474,0.09000149769739327,0.08318668778949725,0.005690747407895971,0.01900222926316474,0.005017443480349679,6.482976224210296e-05,6.482976224210296e-05,0.0,0.9987529966697309,6.48323481589673e-05,2.5859168643470754e-09,0.9998857433968373,False
7.505,1,203,204,1.7511550000000073,1.7511550000000073,0.0,0.019854729263164547,0.019854729263164547,0.09000668778949701,0.083085315381601,0.005841997407895972,0.019854729263164547,0.005017443480349679,6.516288328532375e-05,6.516288328532375e-05,0.0,0.9988433280792401,6.516544095883945e-05,2.557673515701472e-09,0.9998939058578629,False
7.5365,1,204,205,1.7580850000000074,1.7580850000000074,0.0,0.02072097926316437,0.02072097926316437,0.09001531538160087,0.08222769297370482,0.006275122407895992,0.02072097926316437,0.005017443480349679,6.550216030157823e-05,6.550216030157823e-05,0.0,0.9988717436177104,6.550466736820287e-05,2.5070666246414675e-09,0.999896396638758,False
7.572,1,205,206,1.765895000000007,1.765895000000007,0.0,0.021697229263164156,0.021697229263164156,0.09003769297370459,0.08165194556580851,0.007251372407896025,0.021697229263164156,0.005017443480349679,6.588501109990417e-05,6.588501109990417e-05,0.0,0.9989561701481517,6.588707015834608e-05,2.05905844191136e-09,0.9999034098813686,False
7.61,1,206,207,1.774255000000007,1.7742550000000068,-2.220446049250313e-16,0.022742229263163913,0.022742229263163913,0.09001194556580844,0.08058119815791234,0.00594680731579105,0.022742229263163913,0.005017443480349679,6.629702244624592e-05,6.629702244624592e-05,0.0,0.9990875344943061,6.629952702822867e-05,2.504581982754701e-09,0.9999159772373539,False
7.6530000000000005,1,207,208,1.7837150000000073,1.783715000000007,-2.220446049250313e-16,0.023924729263163663,0.023924729263163663,0.09004119815791242,0.08012920075001631,0.006538057315791074,0.023924729263163663,0.005017443480349679,6.676107831844642e-05,6.676107831844642e-05,0.0,0.9989383018928515,6.676350472223822e-05,2.426403791796583e-09,0.9999022302823628,False
7.698,1,208,209,1.793615000000007,1.793615000000007,0.0,0.025162229263163395,0.025162229263163395,0.09002920075001636,0.08445445204606827,0.0055747487039480795,0.025162229263163395,0.005017443480349679,6.726537400701884e-05,6.726537400701884e-05,0.0,0.9990264504916316,6.726720760552196e-05,1.8335985031204573e-09,0.9999105883255874,False
7.72325,1,209,210,1.7991700000000073,1.7991700000000073,0.0,0.025856604263163264,0.025856604263163264,0.09000945204606844,0.08374032834212032,0.005705373703948091,0.025856604263163264,0.005017443480349679,6.748190470250059e-05,6.748190470250059e-05,0.0,0.9987927993577125,6.748432087954758e-05,2.416177046984805e-09,0.9998893714355921,False
7.75175,1,210,211,1.805440000000007,1.805440000000007,0.0,0.026640354263163076,0.026640354263163076,0.09001032834212021,0.08352120463817211,0.006097248703948096,0.026640354263163076,0.005017443480349679,6.77950052888855e-05,6.77950052888855e-05,0.0,0.9988336846629637,6.779784171511256e-05,2.8364262270581895e-09,0.9998930405415098,False
7.78125,1,211,212,1.8119300000000074,1.8119300000000074,0.0,0.027451604263162916,0.027451604263162916,0.09001120463817226,0.08271083093422411,0.00532809115789562,0.027451604263162916,0.005017443480349679,6.814302044740291e-05,6.814302044740291e-05,0.0,0.9989044167755038,6.814582940738764e-05,2.8089599847242862e-09,0.9998994700544092,False
7.8145,1,212,213,1.819245000000007,1.819245000000007,0.0,0.028365979263162713,0.028365979263162713,0.0900258309342241,0.08220295723027593,0.005785278657895634,0.028365979263162713,0.005017443480349679,6.851208052041524e-05,6.851208052041524e-05,0.0,0.9987876124119051,6.851463098745056e-05,2.550467035321042e-09,0.999888790117827,False
7.8500000000000005,1,213,214,1.8270550000000072,1.8270550000000072,0.0,0.0293422292631625,0.0293422292631625,0.09001295723027594,0.08121383352632774,0.005977778657895639,0.0293422292631625,0.005017443480349679,6.888212278884018e-05,6.888212278884018e-05,0.0,0.9988806026396565,6.88845640253374e-05,2.4412364972136846e-09,0.9998971777954448,False
7.890000000000001,1,214,215,1.8358550000000076,1.8358550000000076,0.0,0.030442229263162264,0.030442229263162264,0.0900138335263278,0.08169511736843209,0.0065277786578956595,0.030442229263162264,0.005017443480349679,6.930506200980343e-05,6.930506200980343e-05,0.0,0.9989305693853812,6.930760707440085e-05,2.5450645974110352e-09,0.9999015960257116,False
7.9277500000000005,1,215,216,1.8441600000000073,1.8441600000000073,0.0,0.03148035426316211,0.015740177131581056,0.09000011736843219,0.08064327621053644,0.007565903657895697,0.015740177131581056,0.005017443480349679,6.972472665871204e-05,6.972472665871204e-05,0.0,0.9989994908100812,6.972718488687284e-05,2.458228160796567e-09,0.9999074569331489,False
7.9705,1,216,217,1.8535650000000072,1.8535650000000072,0.0,0.0169158021315808,0.0169158021315808,0.09004827621053615,0.08501063688158826,0.005037639328947892,0.0169158021315808,0.005017443480349679,7.020835434171892e-05,7.020835434171892e-05,0.0,0.9991339012790751,7.021100489203426e-05,2.650550315336361e-09,0.9999203341587156,False
7.99325,1,217,218,1.8585700000000072,1.858570000000007,-2.220446049250313e-16,0.017541427131580672,0.017541427131580672,0.09001563688158819,0.08435237255264026,0.005350451828947908,0.017541427131580672,0.005017443480349679,7.045179011888681e-05,7.045179011888681e-05,0.0,0.9986637290149275,7.045441026245916e-05,2.6201435723491578e-09,0.9998776213023005,False
8.019,1,218,219,1.864235000000007,1.864235000000007,0.0,0.018249552131580506,0.018249552131580506,0.09001737255264002,0.0839587957236921,0.0053126393289479,0.018249552131580506,0.005017443480349679,7.072756853711545e-05,7.072756853711545e-05,0.0,0.998750850407701,7.073020153633776e-05,2.6329992223111465e-09,0.9998855206383175,False
8.0465,1,219,220,1.8702850000000066,1.8702850000000066,0.0,0.01900580213158034,0.01900580213158034,0.0900087957236919,0.08319396889474395,0.005690764328947912,0.01900580213158034,0.005017443480349679,7.102582850685903e-05,7.102582850685903e-05,0.0,0.9987529613382928,7.102848157119174e-05,2.653064332705209e-09,0.9998856663020255,False
8.0775,1,220,221,1.8771050000000065,1.8771050000000065,0.0,0.01985830213158017,0.01985830213158017,0.0900139688947439,0.08309257956579594,0.005842014328947926,0.01985830213158017,0.005017443480349679,7.136575534720762e-05,7.136575534720762e-05,0.0,0.9988432938647813,7.13684096290614e-05,2.654281853770729e-09,0.9998938353131526,False
8.109,1,221,222,1.8840350000000061,1.8840350000000063,2.220446049250313e-16,0.02072455213157997,0.02072455213157997,0.09002257956579564,0.08223494023684765,0.006275139328947934,0.02072455213157997,0.005017443480349679,7.171143096209445e-05,7.171143096209445e-05,0.0,0.9988717118043291,7.171405191959103e-05,2.62095749658099e-09,0.9998963381841682,False
8.1445,1,222,223,1.8918450000000062,1.8918450000000062,0.0,0.02170080213157978,0.02170080213157978,0.0900449402368476,0.08165917590789956,0.007251389328947991,0.02170080213157978,0.005017443480349679,7.209906173235399e-05,7.209906173235399e-05,0.0,0.9989561415986964,7.210146977335128e-05,2.408040997289515e-09,0.9999034098668835,False
8.182500000000001,1,223,224,1.9002050000000064,1.9002050000000064,0.0,0.022745802131579562,0.022745802131579562,0.09001917590789968,0.0805884115789516,0.005947700532894968,0.022745802131579562,0.005017443480349679,7.251489942672722e-05,7.251489942672722e-05,0.0,0.9990875066194504,7.251752624918252e-05,2.6268224553004094e-09,0.9999159446803376,False
8.2255,1,224,225,1.9096650000000062,1.9096650000000064,2.220446049250313e-16,0.023928302131579288,0.023928302131579288,0.09004841157895149,0.08013639725000342,0.00653895053289498,0.023928302131579288,0.005017443480349679,7.196911109667024e-05,7.196911109667024e-05,0.0,0.9989384106011452,7.211190391299873e-05,1.4279281632849708e-07,0.9999022474078617,False
8.2705,1,225,226,1.9195650000000064,1.9195650000000064,0.0,0.02516580213157902,0.02516580213157902,0.09003639725000345,0.0844616400855294,0.005574757164474056,0.02516580213157902,0.005017443480349679,7.34375213896557e-05,7.34375213896557e-05,0.0,0.9990265444450515,7.344032753821381e-05,2.8061485581092277e-09,0.9999105465850889,False
8.29575,1,226,227,1.9251200000000064,1.9251200000000064,0.0,0.025860177131578864,0.025860177131578864,0.09001664008552938,0.08374750792105531,0.005705382164474062,0.025860177131578864,0.005017443480349679,7.371164508503664e-05,7.371164508503664e-05,0.0,0.9987927797494305,7.371425252638181e-05,2.6074413451667496e-09,0.9998893091136446,False
8.324250000000001,1,227,228,1.9313900000000066,1.9313900000000066,0.0,0.026643927131578725,0.026643927131578725,0.09001750792105559,0.08352837575658147,0.0060972571644740915,0.026643927131578725,0.005017443480349679,7.400975180076864e-05,7.400975180076864e-05,0.0,0.9988336662373849,7.401225473126349e-05,2.502930494848311e-09,0.9998929805917918,False
8.35375,1,228,229,1.9378800000000067,1.9378800000000067,0.0,0.027455177131578565,0.027455177131578565,0.09001837575658161,0.08271799359210745,0.005328537766447579,0.027455177131578565,0.005017443480349679,7.431170535649333e-05,7.431170535649333e-05,0.0,0.998904400312411,7.43142188276112e-05,2.513471117869537e-09,0.9998994319829463,False
8.387,1,229,230,1.9451950000000067,1.9451950000000067,0.0,0.028369552131578338,0.028369552131578338,0.09003299359210724,0.08221011142763311,0.005785725266447581,0.028369552131578338,0.005017443480349679,7.46569750160554e-05,7.46569750160554e-05,0.0,0.9987876849016373,7.465953975327973e-05,2.564737224328281e-09,0.9998887712592484,False
8.4225,1,230,231,1.9530050000000068,1.9530050000000068,0.0,0.02934580213157815,0.02934580213157815,0.09002011142763332,0.08122097926315912,0.005978225266447604,0.02934580213157815,0.005017443480349679,7.503647960026005e-05,7.503647960026005e-05,0.0,0.9988806676769635,7.50391236991263e-05,2.6440988662473257e-09,0.9998971805760009,False
8.4625,1,231,232,1.9618050000000067,1.9618050000000067,0.0,0.03044580213157789,0.03044580213157789,0.09002097926315898,0.08170181649671132,0.006528225266447613,0.03044580213157789,0.005017443480349679,7.547801071230497e-05,7.547801071230497e-05,0.0,0.998930634905953,7.548072278626373e-05,2.712073958761733e-09,0.9999016342025219,False
8.50025,1,232,233,1.970110000000007,1.970110000000007,0.0,0.03148392713157769,0.015741963565788844,0.09000681649671155,0.08064952873026385,0.007566350266447674,0.015741963565788844,0.005017443480349679,7.59040067079009e-05,7.59040067079009e-05,0.0,0.9989995553943009,7.590669888184355e-05,2.6921739426514005e-09,0.9999075755949817,False
8.543000000000001,1,233,234,1.9795150000000068,1.9795150000000068,0.0,0.016917588565788587,0.016917588565788587,0.09005452873026357,0.08501666609703967,0.0050378626332238784,0.016917588565788587,0.005017443480349679,7.639504412838357e-05,7.639504412838357e-05,0.0,0.9991339565126043,7.639782576862935e-05,2.7816402457781463e-09,0.9999203260843021,False
8.56575,1,234,235,1.9845200000000065,1.9845200000000065,0.0,0.01754321356578846,0.01754321356578846,0.09002166609703961,0.0843581784638157,0.005350675133223894,0.01754321356578846,0.005017443480349679,7.665004026334372e-05,7.665004026334372e-05,0.0,0.9986637864980858,7.665280194822112e-05,2.761684877406411e-09,0.9998776040623991,False
8.5915,1,235,236,1.990185000000006,1.990185000000006,0.0,0.01825133856578827,0.01825133856578827,0.09002317846381525,0.08396437833059137,0.005312862633223871,0.01825133856578827,0.005017443480349679,7.693735214886333e-05,7.693735214886333e-05,0.0,0.9987509024422961,7.694010203399131e-05,2.749885127982868e-09,0.9998855127493015,False
8.619,1,236,237,1.9962350000000062,1.9962350000000062,0.0,0.01900758856578815,0.01900758856578815,0.09001437833059157,0.08319932819736761,0.005690987633223907,0.01900758856578815,0.005017443480349679,7.72428598351165e-05,7.72428598351165e-05,0.0,0.9987530159817076,7.724558972015946e-05,2.729885042966466e-09,0.9998856696489395,False
8.65,1,237,238,2.003055000000006,2.003055000000006,0.0,0.019860088565787935,0.019860088565787935,0.09001932819736717,0.08309771556414323,0.005842237633223902,0.019860088565787935,0.005017443480349679,7.758567080104455e-05,7.758567080104455e-05,0.0,0.9988433456744223,7.758838554556039e-05,2.7147445158423296e-09,0.9998938562082847,False
8.6815,1,238,239,2.0099850000000057,2.0099850000000057,0.0,0.02072633856578778,0.02072633856578778,0.09002771556414332,0.08223985293091932,0.006275362633223935,0.02072633856578778,0.005017443480349679,7.793275881606737e-05,7.793275881606737e-05,0.0,0.9988717660807634,7.793545687234236e-05,2.69805627499235e-09,0.9998963848752247,False
8.717,1,239,240,2.017795000000006,2.017795000000006,0.0,0.021702588565787544,0.021702588565787544,0.09004985293091888,0.0816638652976949,0.007251612633223943,0.021702588565787544,0.005017443480349679,7.832263332767473e-05,7.832263332767473e-05,0.0,0.9989561948787224,7.832524581115247e-05,2.612483477744637e-09,0.9999035788702663,False
8.755,1,240,241,2.0261550000000055,2.026155000000006,4.440892098500626e-16,0.022747588565787326,0.022747588565787326,0.090023865297695,0.08059287766447099,0.005948147141446909,0.022747588565787326,0.005017443480349679,7.873904291958905e-05,7.873904291958905e-05,0.0,0.9990875527092381,7.874173050542884e-05,2.6875858397909817e-09,0.9999160087696697,False
8.798,1,241,242,2.0356150000000057,2.0356150000000057,0.0,0.02393008856578705,0.02393008856578705,0.09005287766447088,0.08014064003124682,0.006539397141446921,0.02393008856578705,0.005017443480349679,7.920790687217058e-05,7.920790687217058e-05,0.0,0.9989385022851986,7.921057347407649e-05,2.666601905907946e-09,0.9999023521378909,False
8.843,1,242,243,2.0455150000000057,2.0455150000000057,0.0,0.025167588565786783,0.025167588565786783,0.09004064003124687,0.07889090239802278,0.0053583063166120284,0.025167588565786783,0.005017443480349679,7.96967062406422e-05,7.96967062406422e-05,0.0,0.9990266277801217,7.969938438994775e-05,2.678149305554672e-09,0.9999105520364469,False
8.8935,1,243,244,2.056625000000006,2.056625000000006,0.0,0.02655633856578652,0.02655633856578652,0.09000090239802314,0.08394822108141106,0.006052681316612072,0.02655633856578652,0.005017443480349679,8.027036846073835e-05,8.027036846073835e-05,0.0,0.9988782238921101,8.027337943675625e-05,3.01097601789846e-09,0.9998970526648835,False
8.92125,1,244,245,2.062730000000006,2.062730000000006,0.0,0.027319463565786337,0.027319463565786337,0.09005322108141094,0.08323741476479886,0.005260011070723537,0.027319463565786337,0.005017443480349679,8.056992065794011e-05,8.056992065794011e-05,0.0,0.9988895522187586,8.057252629587772e-05,2.6056379376051186e-09,0.9998981497191435,False
8.952,1,245,246,2.069495000000006,2.069495000000006,0.0,0.028165088565786138,0.028165088565786138,0.09000241476479875,0.08164660844818662,0.005682823570723544,0.028165088565786138,0.005017443480349679,8.089004475158497e-05,8.089004475158497e-05,0.0,0.9987604673677627,8.08925742195656e-05,2.5294679806259603e-09,0.9998863465186978,False
8.99,1,246,247,2.077855000000006,2.077855000000006,0.0,0.02921008856578592,0.02921008856578592,0.09000660844818673,0.08060580213157453,0.005909698570723561,0.02921008856578592,0.005017443480349679,8.127378673185769e-05,8.127378673185769e-05,0.0,0.9988750108380068,8.127627788902586e-05,2.4911571681771006e-09,0.9998967327564259,False
9.03275,1,247,248,2.087260000000006,2.087260000000006,0.0,0.030385713565785663,0.030385713565785663,0.09001080213157456,0.08168454106085092,0.006497511070723581,0.030385713565785663,0.005017443480349679,8.170551377263275e-05,8.170551377263275e-05,0.0,0.9989317255510575,8.170801142817912e-05,2.4976555463744133e-09,0.9999018236439453,False
9.07075,1,248,249,2.095620000000006,2.095620000000006,0.0,0.031430713565785445,0.015715356782892723,0.09004454106085102,0.08067327999012733,0.007542511070723627,0.015715356782892723,0.005017443480349679,8.209076513968155e-05,8.209076513968155e-05,0.0,0.998996415297147,8.209325534801525e-05,2.4902083337009426e-09,0.9999074454875027,False
9.11325,1,249,250,2.104970000000006,2.104970000000006,0.0,0.016884106782892483,0.016884106782892483,0.09002327999012719,0.07990608141940346,0.005058599285361865,0.016884106782892483,0.005017443480349679,8.252914994513925e-05,8.252914994513925e-05,0.0,0.9991309238364984,8.253170742889734e-05,2.55748375808159e-09,0.9999200650060007,False
9.15925,1,250,251,2.1150900000000057,2.1150900000000057,0.0,0.018149106782892194,0.018149106782892194,0.09002608141940306,0.08370248213404116,0.005282036785361865,0.018149106782892194,0.005017443480349679,8.300469492555072e-05,8.300469492555072e-05,0.0,0.9988031791514252,8.300694339254034e-05,2.248466989622478e-09,0.9998902918189477,False
9.188,1,251,252,2.121415000000005,2.121415000000005,0.0,0.018939731782892037,0.018939731782892037,0.09002748213404112,0.08291325784867917,0.005677349285361887,0.018939731782892037,0.005017443480349679,8.334555775079588e-05,8.334555775079588e-05,0.0,0.9987537508782707,8.334914647330175e-05,3.5887225058783747e-09,0.9998857728242185,False
9.22025,1,252,253,2.1285100000000052,2.1285100000000052,0.0,0.01982660678289183,0.01982660678289183,0.09000825784867887,0.08304872106331694,0.005826880535361886,0.01982660678289183,0.005017443480349679,8.364780672215949e-05,8.364780672215949e-05,0.0,0.9988470037707379,8.364966710523184e-05,1.8603830723526059e-09,0.9998942370199394,False
9.252,1,253,254,2.135495000000005,2.135495000000005,0.0,0.02069973178289166,0.02069973178289166,0.09003372106331689,0.08220105927795493,0.006263443035361911,0.02069973178289166,0.005017443480349679,8.392690144823973e-05,8.392690144823973e-05,0.0,0.9988703464562012,8.392942201560533e-05,2.5205673655990515e-09,0.9998963211058435,False
9.2875,1,254,255,2.143305000000005,2.143305000000005,0.0,0.02167598178289147,0.02167598178289147,0.09001105927795489,0.08159745999259288,0.007239693035361968,0.02167598178289147,0.005017443480349679,8.431255819875904e-05,8.431255819875904e-05,0.0,0.9989544847282694,8.431533784832852e-05,2.779649569477588e-09,0.9999035960621001,False
9.32575,1,255,256,2.1517200000000054,2.151720000000005,-4.440892098500626e-16,0.022727856782891236,0.022727856782891236,0.09001245999259284,0.0805469857072308,0.005944932945722883,0.022727856782891236,0.005017443480349679,8.421244324163036e-05,8.421244324163036e-05,0.0,0.9990870027516527,8.425323671633948e-05,4.079347470912109e-08,0.9999160185478089,False
9.36875,1,256,257,2.161180000000005,2.1611800000000048,-4.440892098500626e-16,0.02391035678289096,0.02391035678289096,0.0900069857072307,0.08009635517186865,0.006536182945722895,0.02391035678289096,0.005017443480349679,8.527442546238941e-05,8.527442546238941e-05,0.0,0.9989380276673139,8.527615780750936e-05,1.7323451199468924e-09,0.9999023835994124,False
9.414,1,257,258,2.171135000000005,2.171135000000005,0.0,0.025154731782890724,0.025154731782890724,0.09005135517186895,0.07889634963650682,0.005359221517681049,0.025154731782890724,0.005017443480349679,8.566608344387235e-05,8.566608344387235e-05,0.0,0.9990270871609513,8.566843744602995e-05,2.354002157602315e-09,0.9999106303805869,False
9.464500000000001,1,258,259,2.1822450000000053,2.1822450000000053,0.0,0.026543481782890413,0.026543481782890413,0.09000634963650679,0.08395275311882572,0.006053596517681069,0.026543481782890413,0.005017443480349679,8.614731381700809e-05,8.614731381700809e-05,0.0,0.9988783740773872,8.614972655961972e-05,2.4127426116315066e-09,0.9998971038392258,False
9.492,1,259,260,2.188295000000005,2.188295000000005,0.0,0.027299731782890246,0.027299731782890246,0.09000275311882573,0.08319290660114463,0.005258403972861523,0.027299731782890246,0.005017443480349679,8.641481008932036e-05,8.641481008932036e-05,0.0,0.9988885770913348,8.641723332918652e-05,2.423239866159257e-09,0.9998980893885372,False
9.523,1,260,261,2.195115000000005,2.195115000000005,0.0,0.02815223178289008,0.02815223178289008,0.0900129066011448,0.08165618508346364,0.005684653972861547,0.02815223178289008,0.005017443480349679,8.67127392408881e-05,8.67127392408881e-05,0.0,0.9987615352338782,8.671510021328637e-05,2.360972398271141e-09,0.9998864912482534,False
9.561,1,261,262,2.2034750000000045,2.2034750000000045,0.0,0.029197231782889813,0.029197231782889813,0.09001618508346335,0.0806144635657822,0.00591152897286154,0.029197231782889813,0.005017443480349679,8.706795774316353e-05,8.706795774316353e-05,0.0,0.9988753157848479,8.707026998868102e-05,2.312245517491619e-09,0.9998968122451242,False
9.60375,1,262,263,2.2128800000000055,2.2128800000000055,0.0,0.030372856782889604,0.030372856782889604,0.0900194635657826,0.08168793459292095,0.006499341472861584,0.030372856782889604,0.005017443480349679,8.746828347755566e-05,8.746828347755566e-05,0.0,0.9989319987864625,8.74706510989665e-05,2.367621410842677e-09,0.9999019068584335,False
9.64175,1,263,264,2.2212400000000048,2.2212400000000048,0.0,0.03141785678288934,0.01570892839144467,0.09004793459292065,0.080671405620059,0.007544341472861581,0.01570892839144467,0.005017443480349679,8.783483495115914e-05,8.783483495115914e-05,0.0,0.9989966547150655,8.783725388115645e-05,2.4189299973047685e-09,0.9999075538668767,False
9.68425,1,264,265,2.2305900000000047,2.2305900000000047,0.0,0.01687767839144443,0.01687767839144443,0.09002140562005885,0.07990237664719717,0.005059514486430842,0.01687767839144443,0.005017443480349679,8.825162672750269e-05,8.825162672750269e-05,0.0,0.9991310981550315,8.825405274545376e-05,2.4260179510638465e-09,0.9999201048167123,False
9.73025,1,265,266,2.240710000000005,2.240710000000005,0.0,0.01814267839144419,0.01814267839144419,0.09002237664719716,0.08369786216076625,0.005282951986430879,0.01814267839144419,0.005017443480349679,8.769077159929235e-05,8.769077159929235e-05,0.0,0.9988033423789032,8.77614901251426e-05,7.071852585024594e-08,0.999890338103945,False
9.759,1,266,267,2.2470350000000043,2.2470350000000043,0.0,0.018933303391443983,0.018933303391443983,0.0900228621607658,0.08290772267433488,0.005678264486430876,0.018933303391443983,0.005017443480349679,8.922333474075208e-05,8.922333474075208e-05,0.0,0.9987539297302267,8.922559183299765e-05,2.257092245568147e-09,0.999885828360823,False
9.79125,1,267,268,2.2541300000000044,2.2541300000000044,0.0,0.019820178391443826,0.019820178391443826,0.09000272267433496,0.08304227068790403,0.005827795736430888,0.019820178391443826,0.005017443480349679,8.941668640593095e-05,8.941668640593095e-05,0.0,0.9988471546762788,8.941811414031142e-05,1.4277343804691136e-09,0.9998942896788731,False
9.823,1,268,269,2.2611150000000038,2.2611150000000038,0.0,0.020693303391443606,0.020693303391443606,0.09002727068790359,0.08219369370147266,0.006264358236430888,0.020693303391443606,0.005017443480349679,8.96543580049772e-05,8.96543580049772e-05,0.0,0.9988704900059171,8.965662778486332e-05,2.269779886111367e-09,0.9998963758445591,False
9.8585,1,269,270,2.268925000000004,2.268925000000004,0.0,0.021669553391443417,0.021669553391443417,0.09000369370147261,0.08158917921504162,0.007240608236430945,0.021669553391443417,0.005017443480349679,8.998612659184408e-05,8.998612659184408e-05,0.0,0.9989546044267837,8.998840106391334e-05,2.274472069263263e-09,0.999903689044291,False
9.89675,1,270,271,2.277340000000004,2.277340000000004,0.0,0.022721428391443182,0.022721428391443182,0.09000417921504159,0.08053778972861056,0.005943325847860869,0.022721428391443182,0.005017443480349679,9.032946700697741e-05,9.032946700697741e-05,0.0,0.9990870891581858,9.033169747354191e-05,2.2304665644974154e-09,0.9999160510273507,False
9.94,1,271,272,2.286855000000004,2.2868550000000036,-4.440892098500626e-16,0.02391080339144294,0.02391080339144294,0.09005278972861071,0.08013436899217968,0.006538013347860898,0.02391080339144294,0.005017443480349679,9.072041005680593e-05,9.072041005680593e-05,0.0,0.9989387949682831,9.072268348104324e-05,2.273424237303175e-09,0.9999024688264321,False
9.985,1,272,273,2.2967550000000045,2.2967550000000045,0.0,0.02514830339144267,0.02514830339144267,0.09003436899217973,0.07887844825574865,0.005359679118215538,0.02514830339144267,0.005017443480349679,9.113155681397743e-05,9.113155681397743e-05,0.0,0.9990264369563502,9.113384014504262e-05,2.283331065184007e-09,0.9999105868973686,False
10.03575,1,273,274,2.307920000000004,2.307920000000004,0.0,0.02654392839144234,0.02654392839144234,0.09004344825574848,0.08398595663753293,0.00605749161821555,0.02654392839144234,0.005017443480349679,9.159596026851849e-05,9.159596026851849e-05,0.0,0.9988795711006485,9.159824953531304e-05,2.289266794549714e-09,0.999897251277769,False
10.06325,1,274,275,2.3139700000000043,2.3139700000000043,0.0,0.027300178391442175,0.027300178391442175,0.09003595663753294,0.08322221501931737,0.005261037923930509,0.027300178391442175,0.005017443480349679,9.184824627507907e-05,9.184824627507907e-05,0.0,0.9988891914345976,9.185054133366563e-05,2.2950585865631496e-09,0.9998981534574608,False
10.09425,1,275,276,2.320790000000004,2.320790000000004,0.0,0.028152678391442008,0.028152678391442008,0.09004221501931753,0.08167816090110189,0.005687287923930533,0.028152678391442008,0.005017443480349679,9.219872974806746e-05,9.219872974806746e-05,0.0,0.9987620490892036,9.220702826150512e-05,8.2985134376598e-09,0.9998865539863206,False
10.13225,1,276,277,2.3291500000000047,2.3291500000000047,0.0,0.02919767839144179,0.02919767839144179,0.090038160901102,0.08062910678288632,0.005912444173930541,0.02919767839144179,0.005017443480349679,9.27050256187121e-05,9.27050256187121e-05,0.0,0.9988757353802644,9.270656091293602e-05,1.5352942239201754e-09,0.9998968612646558,False
10.175,1,277,278,2.338555000000005,2.338555000000005,0.0,0.030373303391441533,0.030373303391441533,0.09003410678288634,0.0816999438589557,0.006500256673930561,0.030373303391441533,0.005017443480349679,9.296183448633818e-05,9.296183448633818e-05,0.0,0.9989321147679981,9.296367867345944e-05,1.8441871212646413e-09,0.9999019180764748,False
10.21275,1,278,279,2.346860000000005,2.346860000000005,0.0,0.031411428391441336,0.015705714195720668,0.09000494385895594,0.08063265593502522,0.0075383816739306225,0.015705714195720668,0.005017443480349679,9.328462337596102e-05,9.328462337596102e-05,0.0,0.9989958378873468,9.328687304367512e-05,2.2496677140924166e-09,0.9999074564387,False
10.2555,1,279,280,2.3562650000000045,2.3562650000000045,0.0,0.01688133919572041,0.01688133919572041,0.09003765593502494,0.08497682447305958,0.005060831461965359,0.01688133919572041,0.005017443480349679,9.366519802109845e-05,9.366519802109845e-05,0.0,0.9991311588309041,9.366738249427293e-05,2.1844731744791093e-09,0.9999201070614505,False
10.278500000000001,1,280,281,2.3613250000000043,2.3613250000000043,0.0,0.017513839195720266,0.017513839195720266,0.09003682447305938,0.084343493011094,0.005377081461965367,0.017513839195720266,0.005017443480349679,9.386662561388004e-05,9.386662561388004e-05,0.0,0.9986707568677674,9.386882232479494e-05,2.196710914908963e-09,0.9998782938390881,False
10.30425,1,281,282,2.3669900000000044,2.3669900000000044,0.0,0.018221964195720124,0.018221964195720124,0.09000849301109395,0.08392328654912855,0.005321222086965367,0.018221964195720124,0.005017443480349679,9.409452269764526e-05,9.409452269764526e-05,0.0,0.9987562911482478,9.409648192788818e-05,1.959230242927208e-09,0.9998860627693997,False
10.332,1,282,283,2.3730950000000037,2.3730950000000037,0.0,0.01898508919571994,0.01898508919571994,0.09002828654912823,0.08317995508716282,0.005702784586965371,0.01898508919571994,0.005017443480349679,9.434159482497138e-05,9.434159482497138e-05,0.0,0.9987561090321254,9.43438231537243e-05,2.228328752922515e-09,0.9998860313844938,False
10.36325,1,283,284,2.3799700000000037,2.3799700000000037,0.0,0.019844464195719756,0.019844464195719756,0.09005495508716264,0.08311123300019724,0.005838565836965377,0.019844464195719756,0.005017443480349679,9.461978391024307e-05,9.461978391024307e-05,0.0,0.9988466062558953,9.462200568065564e-05,2.2217704125716874e-09,0.9998942399366516,False
10.39475,1,284,285,2.3869000000000034,2.3869000000000034,0.0,0.020710714195719553,0.020710714195719553,0.09004123300019692,0.0822312609132315,0.006271690836965385,0.020710714195719553,0.005017443480349679,9.350035793613074e-05,9.350035793613074e-05,0.0,0.9988711190900426,9.37206705673775e-05,2.203126312467585e-07,0.9998964260896959,False
10.430250000000001,1,285,286,2.3947100000000034,2.3947100000000034,0.0,0.021686964195719364,0.021686964195719364,0.09004126091323147,0.08163660132626599,0.007247940836965442,0.021686964195719364,0.005017443480349679,9.543957739129744e-05,9.543957739129744e-05,0.0,0.9989556327841324,9.544218337658788e-05,2.6059852904346693e-09,0.9999037347481609,False
10.4685,1,286,287,2.4031250000000033,2.4031250000000033,0.0,0.02273883919571913,0.02273883919571913,0.09005160132626595,0.08059506673930045,0.005947678548929856,0.02273883919571913,0.005017443480349679,9.573556139428316e-05,9.573556139428316e-05,0.0,0.9990878655008293,9.573703825960041e-05,1.4768653172554961e-09,0.9999160973644365,False
10.51125,1,287,288,2.4125300000000034,2.4125300000000034,0.0,0.02391446419571887,0.02391446419571887,0.09000006673930047,0.08009150090233495,0.006535491048929876,0.02391446419571887,0.005017443480349679,9.60030621940189e-05,9.60030621940189e-05,0.0,0.9989373641261908,9.600493059781342e-05,1.868403794514132e-09,0.9999022869693206,False
10.5565,1,288,289,2.4224850000000036,2.4224850000000036,0.0,0.025158839195718635,0.025158839195718635,0.09004650090233525,0.08447003048385246,0.005576470418482798,0.025158839195718635,0.005017443480349679,9.637890989074404e-05,9.637890989074404e-05,0.0,0.9990269463780886,9.638105925566862e-05,2.1493649245807973e-09,0.9999106289517569,False
10.58175,1,289,290,2.4280400000000038,2.4280400000000038,0.0,0.02585321419571848,0.02585321419571848,0.09002503048385244,0.08375418506536961,0.005707095418482804,0.02585321419571848,0.005017443480349679,9.659500758021459e-05,9.659500758021459e-05,0.0,0.9987930741543084,9.659713752142012e-05,2.129941205532152e-09,0.9998894038484972,False
10.61025,1,290,291,2.4343100000000035,2.4343100000000035,0.0,0.02663696419571829,0.02663696419571829,0.0900241850653695,0.0835333396468867,0.006098970418482809,0.02663696419571829,0.005017443480349679,9.683753224244723e-05,9.683753224244723e-05,0.0,0.9988339392417576,9.683966304597109e-05,2.1308035238597894e-09,0.999893101697702,False
10.63975,1,291,292,2.440800000000004,2.440800000000004,0.0,0.02744821419571813,0.02744821419571813,0.09002333964688684,0.08272124422840399,0.0053285267744650235,0.02744821419571813,0.005017443480349679,9.709003654630111e-05,9.709003654630111e-05,0.0,0.9989046387920331,9.70921856551697e-05,2.149108868594379e-09,0.9998995193568005,False
10.673,1,292,293,2.4481150000000036,2.4481150000000036,0.0,0.028362589195717904,0.028362589195717904,0.09003624422840378,0.08221164880992093,0.005785714274465025,0.028362589195717904,0.005017443480349679,9.624269897103682e-05,9.624269897103682e-05,0.0,0.9987876500173173,9.63772908854301e-05,1.345919143932821e-07,0.9998888582558942,False
10.7085,1,293,294,2.4559250000000037,2.4559250000000037,0.0,0.029338839195717715,0.029338839195717715,0.09002164880992114,0.08122080339143822,0.0059799330244650435,0.029338839195717715,0.005017443480349679,9.789313074420402e-05,9.789313074420402e-05,0.0,0.9988806311637451,9.78949337477985e-05,1.8030035944880795e-09,0.9998972702937451,False
10.7485,1,294,295,2.4647250000000036,2.4647250000000036,0.0,0.030438839195717455,0.030438839195717455,0.09002080339143809,0.08170165161697299,0.006529933024465052,0.030438839195717455,0.005017443480349679,9.820236714285874e-05,9.820236714285874e-05,0.0,0.9989308524670695,9.820406919889493e-05,1.702056036192198e-09,0.9999017429799383,False
10.78625,1,295,296,2.4730300000000036,2.473030000000004,4.440892098500626e-16,0.03147696419571726,0.01573848209785863,0.09000665161697322,0.08064937484250805,0.007568058024465114,0.01573848209785863,0.005017443480349679,9.847029286303279e-05,9.847029286303279e-05,0.0,0.9989997334079954,9.847305288901381e-05,2.7600259810246037e-09,0.9999076849138225,False
10.829,1,296,297,2.4824350000000037,2.4824350000000037,0.0,0.016914107097858372,0.016914107097858372,0.09005437484250778,0.08501651770527517,0.0050378571372326,0.016914107097858372,0.005017443480349679,9.87701971750721e-05,9.87701971750721e-05,0.0,0.9991340618356757,9.87715362004385e-05,1.339025366389919e-09,0.9999203405512708,False
10.851750000000001,1,297,298,2.4874400000000034,2.4874400000000034,0.0,0.017539732097858245,0.017539732097858245,0.09002151770527511,0.08435803556804247,0.005350669637232615,0.017539732097858245,0.005017443480349679,9.891212435844751e-05,9.891212435844751e-05,0.0,0.998663718179504,9.891400577213807e-05,1.8814136905581733e-09,0.9998776288479504,False
10.8775,1,298,299,2.4931050000000035,2.4931050000000035,0.0,0.018247857097858103,0.018247857097858103,0.0900230355680424,0.08396424093080976,0.005313716512232614,0.018247857097858103,0.005017443480349679,9.91225136486302e-05,9.91225136486302e-05,0.0,0.9987508368544014,9.91246953851572e-05,2.1817365269955055e-09,0.9998855398891143,False
10.905,1,299,300,2.499155000000003,2.499155000000003,0.0,0.019004107097857936,0.019004107097857936,0.09001424093080956,0.08319919629357689,0.0056918415122326265,0.019004107097857936,0.005017443480349679,9.937052311710175e-05,9.937052311710175e-05,0.0,0.9987531279867213,9.937283494850675e-05,2.311831404994613e-09,0.9998857304965735,False
10.936,1,300,301,2.505975000000003,2.505975000000003,0.0,0.01985660709785772,0.01985660709785772,0.09001919629357646,0.08309672978134382,0.005843091512232622,0.01985660709785772,0.005017443480349679,9.939889104273267e-05,9.939889104273267e-05,0.0,0.9988434325963994,9.943274486016624e-05,3.3853817433575286e-08,0.9998939142433361,False
10.9675,1,301,302,2.512905000000003,2.512905000000003,0.0,0.020722857097857567,0.020722857097857567,0.0900267297813439,0.08223801326911119,0.006276216512232654,0.020722857097857567,0.005017443480349679,0.00010015323033811863,0.00010015323033811863,0.0,0.9988718434710234,0.00010015431817520982,1.0878370911861744e-09,0.9998964392303358,False
11.003,1,302,303,2.5207150000000023,2.5207150000000023,0.0,0.02169910709785733,0.02169910709785733,0.09004801326911077,0.08166117175687806,0.0072524665122326625,0.02169910709785733,0.005017443480349679,0.00010038391919033656,0.00010038391919033656,0.0,0.9989562461961021,0.00010038573416013486,1.8149697982998729e-09,0.9999036307171553,False
11.041,1,303,304,2.529075000000003,2.529075000000003,0.0,0.02274410709785711,0.02274410709785711,0.09002117175687817,0.08058933024464543,0.005947276774464355,0.02274410709785711,0.005017443480349679,0.00010062183093554189,0.00010062183093554189,0.0,0.9990875707742277,0.0001006232867995995,1.4558640576184563e-09,0.9999160049020875,False
11.084,1,304,305,2.538535000000003,2.5385350000000027,-4.440892098500626e-16,0.023926607097856885,0.023926607097856885,0.0900493302446457,0.0801362387324129,0.006538526774464391,0.023926607097856885,0.005017443480349679,0.00010091514167794975,0.00010091514167794975,0.0,0.9989382887551113,0.00010091710939424314,1.9677162933990147e-09,0.9999022693399683,False
11.129,1,305,306,2.5484350000000027,2.5484350000000027,0.0,0.025164107097856617,0.025164107097856617,0.09003623873241294,0.0844609429762965,0.005575295756116428,0.025164107097856617,0.005017443480349679,0.00010129125194964878,0.00010129125194964878,0.0,0.9990264248294143,0.00010129338092627168,2.1289766228974657e-09,0.9999105468693933,False
11.154250000000001,1,306,307,2.5539900000000024,2.5539900000000024,0.0,0.02585848209785646,0.02585848209785646,0.09001594297629649,0.08374627222018005,0.005705920756116422,0.02585848209785646,0.005017443480349679,9.35850296277053e-05,9.35850296277053e-05,0.0,0.9987928126080141,9.682003930580859e-05,3.235009678103295e-06,0.99988934886499,False
11.18275,1,307,308,2.5602600000000026,2.5602600000000026,0.0,0.026642232097856273,0.026642232097856273,0.09001627222017994,0.0835266014640635,0.006097795756116427,0.026642232097856273,0.005017443480349679,0.00010200009721310462,0.00010200009721310462,0.0,0.9988336929633232,0.00010200225156230117,2.154349196554898e-09,0.9998930428185916,False
11.212250000000001,1,308,309,2.5667500000000025,2.5667500000000025,0.0,0.027453482097856113,0.027453482097856113,0.09001660146406365,0.08271568070794717,0.005328325887232273,0.027453482097856113,0.005017443480349679,0.00010212671575164941,0.00010212671575164941,0.0,0.9989044167380933,0.00010212776383567561,1.0480840261970457e-09,0.9998994576882899,False
11.2455,1,309,310,2.5740650000000027,2.5740650000000027,0.0,0.028367857097855935,0.028367857097855935,0.09003068070794736,0.08220725995183083,0.005785513387232299,0.028367857097855935,0.005017443480349679,0.00010236176121246298,0.00010236176121246298,0.0,0.9987875741589611,0.0001023636243721893,1.8631597263136157e-09,0.9998887976543175,False
11.281,1,310,311,2.581875000000003,2.581875000000003,0.0,0.029344107097855697,0.029344107097855697,0.09001725995183064,0.08121758919571412,0.005978013387232285,0.029344107097855697,0.005017443480349679,0.00010260356630863966,0.00010260356630863966,0.0,0.9988805595193923,0.00010260523339529458,1.6670866549196861e-09,0.9998971927969822,False
11.321,1,311,312,2.5906750000000027,2.5906750000000027,0.0,0.030444107097855486,0.030444107097855486,0.09001758919571437,0.08169863830848197,0.006528013387232318,0.030444107097855486,0.005017443480349679,0.00010289307387611381,0.00010289307387611381,0.0,0.9989305227503263,0.00010289532733071543,2.2534546016168963e-09,0.9999016127902,False
11.35875,1,312,313,2.5989800000000027,2.5989800000000027,0.0,0.03148223209785524,0.01574111604892762,0.09000363830848182,0.0806465624212494,0.007566138387232331,0.01574111604892762,0.005017443480349679,0.00010319349316908089,0.00010319349316908089,0.0,0.9989994375479487,0.00010319549487657748,2.001707496588831e-09,0.999907479942163,False
11.4015,1,313,314,2.6083850000000024,2.6083850000000024,0.0,0.01691674104892736,0.01691674104892736,0.09005156242124912,0.08501380572763291,0.005037756693616213,0.01691674104892736,0.005017443480349679,0.00010378429545522334,0.00010378429545522334,0.0,0.9991338326445854,0.00010378615553499745,1.8600797741132177e-09,0.9999202826422112,False
11.42425,1,314,315,2.6133900000000025,2.6133900000000025,0.0,0.017542366048927234,0.017542366048927234,0.09001880572763285,0.08435542403401661,0.005350569193616228,0.017542366048927234,0.005017443480349679,0.00010387784203497921,0.00010387784203497921,0.0,0.9986636607131123,0.00010387886585500775,1.0238200285391658e-09,0.9998775882139589,False
11.450000000000001,1,315,316,2.619055000000002,2.619055000000002,0.0,0.018250491048927092,0.018250491048927092,0.09002042403401653,0.08396172984040026,0.005312756693616236,0.018250491048927092,0.005017443480349679,0.00010401670045488804,0.00010401670045488804,0.0,0.9987507815235804,0.00010401856412668237,1.8636717943356067e-09,0.9998854941770837,False
11.477500000000001,1,316,317,2.6251050000000022,2.6251050000000022,0.0,0.019006741048926926,0.019006741048926926,0.09001172984040008,0.08319678564678379,0.005690881693616248,0.019006741048926926,0.005017443480349679,0.00010422908598107389,0.00010422908598107389,0.0,0.9987528948944084,0.0001042309278485394,1.8418674655124381e-09,0.9998856577277421,False
11.5085,1,317,318,2.631925000000002,2.631925000000002,0.0,0.019859241048926758,0.019859241048926758,0.09001678564678374,0.08309527895316743,0.005842131693616255,0.019859241048926758,0.005017443480349679,0.00010444519590221201,0.00010444519590221201,0.0,0.9988432255547596,0.00010444699196620363,1.7960639916243717e-09,0.9998938303178291,False
11.540000000000001,1,318,319,2.6388550000000017,2.6388550000000017,0.0,0.020725491048926556,0.020725491048926556,0.09002527895316713,0.0822375222595508,0.006275256693616263,0.020725491048926556,0.005017443480349679,0.0001046716378198451,0.0001046716378198451,0.0,0.9988716427474164,0.00010467351168815675,1.8738683116450256e-09,0.9998963335185771,False
11.5755,1,319,320,2.646665000000002,2.646665000000002,0.0,0.021701741048926367,0.021701741048926367,0.09004752225955077,0.0816616405659344,0.00725150669361632,0.021701741048926367,0.005017443480349679,0.00010527908498459027,0.00010527908498459027,0.0,0.9989560674623038,0.00010528106519303607,1.980208445798875e-09,0.9999034072088111,False
11.6135,1,320,321,2.6550250000000015,2.6550250000000015,0.0,0.0227467410489261,0.0227467410489261,0.09002164056593412,0.08059075887231776,0.00594793526223159,0.0227467410489261,0.005017443480349679,0.0001054218907567264,0.0001054218907567264,0.0,0.9990874275378322,0.00010542276729683233,8.765401059336337e-10,0.9999159020721148,False
11.6565,1,321,322,2.6644850000000018,2.6644850000000018,0.0,0.023929241048925874,0.023929241048925874,0.09005075887231803,0.08013862717870164,0.0065391852622316265,0.023929241048925874,0.005017443480349679,0.00010569952967253136,0.00010569952967253136,0.0,0.998938347560626,0.00010570133833085168,1.8086583203211692e-09,0.9999021628977149,False
11.701500000000001,1,322,323,2.674385000000002,2.674385000000002,0.0,0.025166741048925606,0.025166741048925606,0.09003862717870167,0.08446381133189344,0.005574815846808221,0.025166741048925606,0.005017443480349679,0.00010599907009247575,0.00010599907009247575,0.0,0.9990264680903502,0.00010600072708292832,1.6569904525624672e-09,0.9999105061491992,False
11.726750000000001,1,323,324,2.679940000000002,2.679940000000002,0.0,0.02586111604892545,0.02586111604892545,0.09001881133189343,0.08374962048508519,0.005705440846808227,0.02586111604892545,0.005017443480349679,0.00010617345785039785,0.00010617345785039785,0.0,0.9987926879052469,0.00010617525389803001,1.7960476321520012e-09,0.9998892900105107,False
11.75525,1,324,325,2.6862100000000018,2.6862100000000018,0.0,0.026644866048925263,0.026644866048925263,0.09001962048508508,0.08353042963827684,0.006097315846808232,0.026644866048925263,0.005017443480349679,0.0001063839907054956,0.0001063839907054956,0.0,0.9988335743443998,0.00010638596367602634,1.9729705307382824e-09,0.9998929715427403,False
11.78475,1,325,326,2.692700000000002,2.692700000000002,0.0,0.027456116048925103,0.027456116048925103,0.09002042963827699,0.0827199887914687,0.0053286551311158906,0.027456116048925103,0.005017443480349679,0.0001066082232454082,0.0001066082232454082,0.0,0.9989043071730671,0.00010661013405791139,1.9108125031932393e-09,0.9998993877819996,False
11.818,1,326,327,2.7000150000000023,2.7000150000000023,0.0,0.028370491048924924,0.028370491048924924,0.0900349887914689,0.08221204794466055,0.005785842631115917,0.028370491048924924,0.005017443480349679,0.00010686345845638594,0.00010686345845638594,0.0,0.9987876031323238,0.00010686538428325805,1.9258268721053518e-09,0.9998887234834486,False
11.8535,1,327,328,2.7078250000000015,2.7078250000000015,0.0,0.029346741048924686,0.029346741048924686,0.0900220479446604,0.08122285709785206,0.005978342631115903,0.029346741048924686,0.005017443480349679,0.00010713758728077322,0.00010713758728077322,0.0,0.9988805776668095,0.00010713963768331996,2.050402546737557e-09,0.9998971044819379,False
11.8935,1,328,329,2.7166250000000023,2.7166250000000023,0.0,0.030446741048924475,0.030446741048924475,0.0900228570978523,0.08170357696673627,0.006528342631115936,0.030446741048924475,0.005017443480349679,0.00010762265015017794,0.00010762265015017794,0.0,0.998930535543277,0.00010764199432936943,1.9344179191495758e-08,0.9999015092565733,False
11.93125,1,329,330,2.724930000000002,2.724930000000002,0.0,0.031484866048924226,0.015742433024462113,0.09000857696673613,0.0806511718356201,0.007566467631115949,0.015742433024462113,0.005017443480349679,0.00010819807525484601,0.00010819807525484601,0.0,0.9989994444729537,0.00010819874502236994,6.697675239262678e-10,0.9999073432717055,False
11.97375,1,330,331,2.734280000000002,2.734280000000002,0.0,0.016911183024461873,0.016911183024461873,0.09000117183561994,0.08496668802006191,0.005034483815558029,0.016911183024461873,0.005017443480349679,0.00010825900139987729,0.00010825900139987729,0.0,0.999133154904566,0.00010825993229567773,9.308958004395837e-10,0.9999201814748068,False
11.99675,1,331,332,2.7393400000000017,2.739340000000001,-4.440892098500626e-16,0.01754368302446173,0.01754368302446173,0.09002668802006171,0.08435970420450367,0.005350733815558037,0.01754368302446173,0.005017443480349679,0.0001084086807427346,0.0001084086807427346,0.0,0.9986644855776518,0.00010841051621497692,1.8354722423213638e-09,0.9998776180228437,False
