time,inserted_nodes,node_count_before,node_count_after,rest_length_before,rest_length_after,rest_length_error,tail_rest_length_before,tail_rest_length_after,payout_buffer_rest_length_before,payout_buffer_rest_length_after,payout_buffer_min_rest_length_after,payout_buffer_max_rest_length_after,minimum_physical_rest_length_after,peak_tension_before,peak_tension_after,peak_tension_jump,minimum_geometric_ratio_after,peak_tension_post_step,peak_tension_post_step_jump,minimum_standard_ratio_post_step,remeshed_in_same_step
0.51825,1,53,54,0.5300093670966438,0.5300093670966437,-1.1102230246251565e-16,0.01125117088708047,0.005625585443540235,0.09000936709664376,0.07875819620956329,0.005625585443540235,0.01125117088708047,0.005625585443540235,0.0,0.0,0.0,0.9998291637009066,0.0,0.0,0.9999818791104231,False
0.67675,1,54,55,0.5412662195302412,0.5412662195302413,1.1102230246251565e-16,0.007032691997739922,0.007032691997739922,0.09001504864316073,0.07735677120188059,0.006329138720640074,0.012658277441280149,0.006329138720640074,0.0,0.0,0.0,0.9995835904768988,0.0,0.0,0.9999734042641335,False
0.801,1,55,56,0.5539373850381049,0.5539373850381049,0.0,0.008616587686222874,0.008616587686222874,0.09002793670974416,0.07578576357998107,0.007121086564881548,0.014242173129763096,0.007121086564881548,0.0,0.0,0.0,0.9995114255889838,0.0,0.0,0.9999707229510256,False
0.9107500000000001,1,56,57,0.5681689290518532,0.5681689290518535,2.220446049250313e-16,0.01039553068794145,0.005197765343970725,0.09001730759372963,0.07399619146224798,0.005197765343970725,0.016021116131481654,0.005197765343970725,0.0,0.0,0.0,0.9994677099045182,0.0,0.0,0.9999697875052114,False
1.01375,1,57,58,0.584209253563265,0.584209253563265,0.0,0.007202805907897176,0.007202805907897176,0.0900365159736596,0.07201035927825152,0.006200285625933954,0.011697017974768048,0.006200285625933954,0.0,0.0,0.0,0.9992320198930569,0.0,0.0,0.9999627478908124,False
1.1135,1,58,59,0.6022415053243293,0.6022415053243292,-1.1102230246251565e-16,0.009456837378030212,0.009456837378030212,0.09004261103931573,0.07688350943865613,0.006975524722450536,0.013951049444901073,0.006975524722450536,0.0,0.0,0.0,0.9992508533038873,0.0,0.0,0.999964186749487,False
1.179,1,59,60,0.6154061137914675,0.6154061137914675,0.0,0.011102413436422499,0.011102413436422499,0.0900481179057944,0.07524344024674251,0.005049946577229631,0.01559662550329336,0.005049946577229631,0.0,0.0,0.0,0.9992057379153193,0.0,0.0,0.9999627956254682,False
1.24725,1,60,61,0.6302155685640667,0.6302155685640666,-1.1102230246251565e-16,0.012953595282997395,0.012953595282997395,0.0900528950193416,0.0726050876694734,0.005975537500517079,0.012953595282997395,0.005975537500517079,0.0,0.0,0.0,0.9989344156017904,0.0,0.0,0.9999531291519996,False
1.32175,1,61,62,0.6476141680027665,0.6476141680027663,-2.220446049250313e-16,0.01512842021283489,0.01512842021283489,0.09000368710817329,0.07735657955091808,0.0063235537786276025,0.01512842021283489,0.0063235537786276025,0.0,0.0,0.0,0.9990299422038393,0.0,0.0,0.9999574235183035,False
1.373,1,62,63,0.6603012432693216,0.6603012432693216,0.0,0.016714304621154277,0.016714304621154277,0.09004365481747324,0.08213421663052625,0.005330918880980701,0.016714304621154277,0.005330918880980701,0.0,0.0,0.0,0.9989544936304885,0.0,0.0,0.9999543171872531,False
1.40375,1,63,64,0.6681835405433867,0.6681835405433867,0.0,0.01769959178041241,0.01769959178041241,0.09001651390459134,0.0811217885583862,0.005360766998966043,0.01769959178041241,0.005360766998966043,0.0,0.0,0.0,0.9986596248582241,0.0,0.0,0.9999436202315659,False
1.43775,1,64,65,0.6771266094971882,0.6771266094971883,1.1102230246251565e-16,0.018817475399637608,0.018817475399637608,0.09006485751218776,0.07729984897174304,0.005919708808578632,0.018817475399637608,0.005919708808578632,0.0,0.0,0.0,0.9986587668948528,0.0,0.0,0.999943946412408,False
1.48475,1,65,66,0.689867895494188,0.6898678954941881,1.1102230246251565e-16,0.020410136149262587,0.020410136149262587,0.09004113496874286,0.08101438455965385,0.007512369558203611,0.020410136149262587,0.007512369558203611,0.0,0.0,0.0,0.9988035888244312,0.0,0.0,0.9999496442144034,False
1.5170000000000001,1,66,67,0.6988538878619179,0.6988538878619179,0.0,0.021533385195228835,0.021533385195228835,0.09000037692738369,0.08492537719985607,0.005074999727527621,0.021533385195228835,0.005074999727527621,0.0,0.0,0.0,0.9989364608952344,0.0,0.0,0.9999553927046121,False
1.5350000000000001,1,67,68,0.7039518456394109,0.703951845639411,1.1102230246251565e-16,0.022170629917415464,0.022170629917415464,0.09002333497734913,0.08431109052763487,0.0059827809213920755,0.022170629917415464,0.005074999727527621,0.0,0.0,0.0,0.998375646989157,0.0,0.0,0.9999336580691995,False
1.555,1,68,69,0.7096832757188956,0.7096832757188956,0.0,0.02288705867735103,0.02288705867735103,0.09004252060711943,0.07949428671121478,0.005274116947952324,0.02288705867735103,0.005074999727527621,0.0,0.0,0.0,0.9985980177003484,0.0,0.0,0.999942752354377,False
1.59125,1,69,70,0.7202444720724961,0.7202444720724962,1.1102230246251565e-16,0.0242072082215511,0.0242072082215511,0.09005548306481537,0.08346121657266295,0.005654720815246055,0.0242072082215511,0.005074999727527621,0.0,0.0,0.0,0.9985461838604166,0.0,0.0,0.9999408543574645,False
1.6135,1,70,71,0.7268324439303595,0.7268324439303595,0.0,0.02503070470378404,0.02503070470378404,0.09004918843052648,0.08263142545614113,0.0060664690563625254,0.02503070470378404,0.005074999727527621,0.0,0.0,0.0,0.9985029367031859,0.0,0.0,0.9999395123179536,False
1.63825,1,71,72,0.7342502037058283,0.7342502037058283,0.0,0.025957924675717614,0.025957924675717614,0.09004918523160983,0.08264374796219726,0.006993689028296114,0.025957924675717614,0.005074999727527621,0.0,0.0,0.0,0.9985960544301594,0.0,0.0,0.9999431964993266,False
1.66275,1,72,73,0.7416814822074638,0.7416814822074642,4.440892098500626e-16,0.026886834488422093,0.026886834488422093,0.09007502646383303,0.08174067938171597,0.0053494927461993635,0.026886834488422093,0.005074999727527621,0.0,0.0,0.0,0.9987460667432059,0.0,0.0,0.9999492208784473,False
1.68975,1,73,74,0.7499672809560801,0.7499672809560802,1.1102230246251565e-16,0.02792255933199908,0.02792255933199908,0.09002647813033197,0.08106815444575438,0.005867355167987864,0.02792255933199908,0.005074999727527621,0.0,0.0,0.0,0.9984265490036703,0.0,0.0,0.9999371108445978,False
1.71875,1,74,75,0.7589719195060458,0.7589719195060457,-1.1102230246251565e-16,0.029048139150744803,0.029048139150744803,0.09007279299571999,0.08503084124405835,0.005041951751661643,0.029048139150744803,0.005041951751661643,0.0,0.0,0.0,0.9985464093682818,0.0,0.0,0.9999418788418785,False
1.73475,1,75,76,0.7639835805345201,0.7639835805345201,0.0,0.029674596779304094,0.029674596779304094,0.09004250227253276,0.08437409289231182,0.0057965502020648155,0.029674596779304094,0.005041951751661643,0.0,0.0,0.0,0.998196460269466,0.0,0.0,0.9999282856703747,False
1.75275,1,76,77,0.7696564423455033,0.7696564423455032,-1.1102230246251565e-16,0.030383704505676967,0.030383704505676967,0.09004695470329496,0.0812005919398407,0.006151104065251265,0.030383704505676967,0.005041951751661643,0.0,0.0,0.0,0.9984184864271676,0.0,0.0,0.9999368803527122,False
1.7805,1,77,78,0.7784693462752332,0.7784693462752332,0.0,0.03148531749689322,0.01574265874844661,0.09001349586957068,0.08006552011490016,0.007252717056467509,0.01574265874844661,0.005041951751661643,0.0,0.0,0.0,0.9985684028745467,0.0,0.0,0.9999417535713938,False
1.81175,1,78,79,0.7884824205047567,0.7884824205047568,1.1102230246251565e-16,0.016994293027137036,0.016994293027137036,0.0900785943444236,0.08473772053863737,0.005340873805786224,0.016994293027137036,0.005041951751661643,0.0,0.0,0.0,0.9987678819928423,0.0,0.0,0.9999503239388445,False
1.82825,1,79,80,0.7938033040857879,0.7938033040857879,0.0,0.01765940347476596,0.01765940347476596,0.09005860411966868,0.08405261986625354,0.005673429029600678,0.01765940347476596,0.005041951751661643,0.0,0.0,0.0,0.9982492516096251,0.0,0.0,0.9999305155593223,False
1.8467500000000001,1,80,81,0.7997941778064408,0.7997941778064408,0.0,0.018408262689847573,0.018408262689847573,0.09004349358690636,0.08362120534222409,0.005136437430527443,0.018408262689847573,0.005041951751661643,0.0,0.0,0.0,0.9983557473891995,0.0,0.0,0.9999346746604347,False
1.8665,1,81,82,0.8062161867201908,0.8062161867201909,1.1102230246251565e-16,0.019211013804066302,0.019211013804066302,0.09004321425597409,0.08281817489707305,0.005537812987636822,0.019211013804066302,0.005041951751661643,0.0,0.0,0.0,0.998215117630996,0.0,0.0,0.9999293014480959,False
1.88875,1,82,83,0.8134796984021349,0.8134796984021349,0.0,0.020118952764309302,0.020118952764309302,0.09008168657901709,0.08323455907402788,0.005814505536165105,0.020118952764309302,0.005041951751661643,0.0,0.0,0.0,0.9983489193852413,0.0,0.0,0.9999344918226022,False
1.9095,1,83,84,0.820276776665249,0.820276776665249,0.0,0.020968587547198568,0.020968587547198568,0.09003163733714209,0.0823348750492636,0.006239322927609739,0.020968587547198568,0.005041951751661643,0.0,0.0,0.0,0.9983981745832496,0.0,0.0,0.999936318786715,False
1.933,1,84,85,0.8279966266943022,0.8279966266943022,0.0,0.02193356880083022,0.02193356880083022,0.09005472507831669,0.08179435709391596,0.007204304181241373,0.02193356880083022,0.005041951751661643,0.0,0.0,0.0,0.9985141035379772,0.0,0.0,0.9999397368133995,False
1.958,1,85,86,0.8362284410439496,0.8362284410439496,0.0,0.022962545594536123,0.022962545594536123,0.09002617144356317,0.08073682666545653,0.005997880597060506,0.022962545594536123,0.005041951751661643,0.0,0.0,0.0,0.9986969811797718,0.0,0.0,0.9999477277508297,False
1.98625,1,86,87,0.8455452022785921,0.845545202278592,-1.1102230246251565e-16,0.024127140748866467,0.024127140748866467,0.09005358790009929,0.08023089437937703,0.006580178174225679,0.024127140748866467,0.005041951751661643,0.0,0.0,0.0,0.9985006940994436,0.0,0.0,0.9999399933534792,False
2.016,1,87,88,0.8553625000000004,0.8553625000000002,-1.1102230246251565e-16,0.02535430296404249,0.02535430296404249,0.09004819210078518,0.08452326423283604,0.005524927867949139,0.02535430296404249,0.005041951751661643,0.0,0.0,0.0,0.9986240392109776,0.0,0.0,0.999944906600012,False
2.03275,1,88,89,0.8608900000000004,0.8608900000000004,0.0,0.0260452404640425,0.0260452404640425,0.09005076423283614,0.08383489886488696,0.00565798792222682,0.0260452404640425,0.005041951751661643,0.0,0.0,0.0,0.9982727366781846,0.0,0.0,0.9999317801337866,False
2.0515,1,89,90,0.8670775000000005,0.8670775000000005,0.0,0.02681867796404252,0.02681867796404252,0.09002239886488717,0.0835909734426603,0.006044706672226829,0.02681867796404252,0.005041951751661643,0.0,0.0,0.0,0.9983306046701652,0.0,0.0,0.9999340214290066,False
2.071,1,90,91,0.8735125000000006,0.8735125000000007,1.1102230246251565e-16,0.02762305296404252,0.02762305296404252,0.09002597344266039,0.08279017302043351,0.005329193983283448,0.02762305296404252,0.005041951751661643,0.0,0.0,0.0,0.9984322924258785,0.0,0.0,0.9999379191826706,False
2.093,1,91,92,0.8807725000000007,0.8807725000000008,1.1102230246251565e-16,0.028530552964042524,0.028530552964042524,0.09005017302043361,0.08229359134820674,0.005782943983283449,0.028530552964042524,0.005041951751661643,0.0,0.0,0.0,0.9982785271347525,0.0,0.0,0.9999319508800097,False
2.1165,1,92,93,0.8885275000000009,0.8885275000000009,0.0,0.029499927964042546,0.029499927964042546,0.09004859134820703,0.08132263467598011,0.005976482694700883,0.029499927964042546,0.005041951751661643,0.0,0.0,0.0,0.998409804077159,0.0,0.0,0.9999368957762554,False
2.1430000000000002,1,93,94,0.8972725000000012,0.8972725000000014,1.1102230246251565e-16,0.030593052964042557,0.030593052964042557,0.09006763467598033,0.08176844069269679,0.006523045194700888,0.030593052964042557,0.005041951751661643,0.0,0.0,0.0,0.9984810240119896,0.0,0.0,0.9999394435956946,False
2.168,1,94,95,0.9055225000000013,0.9055225000000012,-1.1102230246251565e-16,0.03162430296404248,0.01581215148202124,0.09001844069269686,0.08068799670941332,0.007554295194700923,0.01581215148202124,0.005041951751661643,0.0,0.0,0.0,0.9985782298599097,0.0,0.0,0.9999414771127977,False
2.19625,1,95,96,0.9148450000000015,0.9148450000000015,0.0,0.016977463982021247,0.016977463982021247,0.09001049670941338,0.08498949346777161,0.005021003241641776,0.016977463982021247,0.005021003241641776,0.0,0.0,0.0,0.9987678568840177,0.0,0.0,0.9999505226938114,False
2.2115,1,96,97,0.9198775000000015,0.9198775000000015,0.0,0.017606526482021254,0.017606526482021254,0.09002199346777168,0.08437192772612989,0.005335534491641779,0.017606526482021254,0.005021003241641776,0.0,0.0,0.0,0.9981001061434545,0.0,0.0,0.999925269133129,False
2.2287500000000002,1,97,98,0.9255700000000016,0.9255700000000017,1.1102230246251565e-16,0.01831808898202127,0.01831808898202127,0.09006442772613005,0.08401733073448824,0.00530339759735049,0.01831808898202127,0.005021003241641776,0.0,0.0,0.0,0.9982247699227768,0.0,0.0,0.9999300881324595,False
2.247,1,98,99,0.9315925000000018,0.9315925000000018,0.0,0.019070901482021282,0.019070901482021282,0.0900398307344884,0.08323992124284654,0.005679803847350496,0.019070901482021282,0.005021003241641776,0.0,0.0,0.0,0.9982274471280028,0.0,0.0,0.9999301624557593,False
2.2675,1,99,100,0.9383575000000018,0.9383575000000018,0.0,0.01991652648202128,0.01991652648202128,0.09000492124284662,0.08310308614549608,0.005829335097350486,0.01991652648202128,0.005021003241641776,0.0,0.0,0.0,0.9983547516580538,0.0,0.0,0.9999349762586122,False
2.2885,1,100,101,0.9452875000000021,0.9452875000000022,1.1102230246251565e-16,0.020782776482021287,0.020782776482021287,0.09003308614549624,0.08226500104814567,0.006262460097350489,0.020782776482021287,0.005021003241641776,0.0,0.0,0.0,0.9983964684602904,0.0,0.0,0.99993643081319,False
2.312,1,101,102,0.9530425000000025,0.9530425000000025,0.0,0.02175215148202131,0.02175215148202131,0.09002000104814598,0.08165894720079539,0.007231835097350537,0.02175215148202131,0.005021003241641776,0.0,0.0,0.0,0.9985151354093098,0.0,0.0,0.9999395134986145,False
2.3375,1,102,103,0.9614575000000025,0.9614575000000024,-1.1102230246251565e-16,0.022804026482021324,0.022804026482021324,0.09007394720079555,0.08066101835344495,0.005963975370505335,0.022804026482021324,0.005021003241641776,0.0,0.0,0.0,0.9987034887467944,0.0,0.0,0.9999481476676734,False
2.366,1,103,104,0.9708625000000023,0.9708625000000024,1.1102230246251565e-16,0.023979651482021327,0.023979651482021327,0.09006601835344505,0.08017355825609446,0.006551787870505336,0.023979651482021327,0.005021003241641776,0.0,0.0,0.0,0.9984959601287366,0.0,0.0,0.9999399602299,False
2.396,1,104,105,0.9807625000000029,0.9807625000000029,0.0,0.02521715148202135,0.02521715148202135,0.09007355825609474,0.08450857820741944,0.005564980048675303,0.02521715148202135,0.005021003241641776,0.0,0.0,0.0,0.9986211293275877,0.0,0.0,0.9999450227651563,False
2.41275,1,105,106,0.9862900000000029,0.986290000000003,1.1102230246251565e-16,0.02590808898202136,0.02590808898202136,0.09003607820741953,0.0837801606587442,0.005693886298675301,0.02590808898202136,0.005021003241641776,0.0,0.0,0.0,0.9982841848653333,0.0,0.0,0.9999325547514238,False
2.43175,1,106,107,0.992560000000003,0.9925600000000029,-1.1102230246251565e-16,0.026691838982021356,0.026691838982021356,0.09005016065874422,0.0835725243600689,0.006085761298675299,0.026691838982021356,0.005021003241641776,0.0,0.0,0.0,0.9983428389716186,0.0,0.0,0.9999347404462878,False
2.45125,1,107,108,0.9989950000000032,0.9989950000000032,0.0,0.027496213982021376,0.027496213982021376,0.09000752436006912,0.08272551306139377,0.005328081435252718,0.027496213982021376,0.005021003241641776,0.0,0.0,0.0,0.9984419254891267,0.0,0.0,0.9999385263906946,False
2.4735,1,108,109,1.0063375000000034,1.0063375000000034,0.0,0.028414026482021373,0.028414026482021373,0.09006801306139384,0.08226006426271848,0.005786987685252716,0.028414026482021373,0.005021003241641776,0.0,0.0,0.0,0.9982813117003132,0.0,0.0,0.9999322251692055,False
2.497,1,109,110,1.0140925000000034,1.0140925000000034,0.0,0.029383401482021395,0.029383401482021395,0.09001506426271876,0.08123774046404336,0.005977768935252719,0.029383401482021395,0.005021003241641776,0.0,0.0,0.0,0.9984110030384216,0.0,0.0,0.9999371013976798,False
2.52375,1,110,111,1.0229200000000038,1.0229200000000038,0.0,0.0304868389820214,0.0304868389820214,0.09006524046404356,0.08174653402879074,0.006529487685252721,0.0304868389820214,0.005021003241641776,0.0,0.0,0.0,0.9984837409348417,0.0,0.0,0.9999396849617577,False
2.549,1,111,112,1.0312525000000037,1.0312525000000037,0.0,0.03152840148202136,0.01576420074101068,0.09007903402879094,0.08071876509353812,0.007571050185252769,0.01576420074101068,0.005021003241641776,0.0,0.0,0.0,0.9985816465229089,0.0,0.0,0.9999413497209854,False
2.5772500000000003,1,112,113,1.0405750000000042,1.040575000000004,-2.220446049250313e-16,0.016929513241010687,0.016929513241010687,0.09004126509353819,0.08500792750091177,0.005033337592626413,0.016929513241010687,0.005021003241641776,0.0,0.0,0.0,0.9987704917846482,0.0,0.0,0.9999508648184405,False
2.5925000000000002,1,113,114,1.045607500000004,1.0456075000000042,2.220446049250313e-16,0.017558575741010694,0.017558575741010694,0.09004042750091185,0.0843780274082854,0.005347868842626416,0.017558575741010694,0.005021003241641776,0.0,0.0,0.0,0.9981045308430995,0.0,0.0,0.9999256795241868,False
2.60975,1,114,115,1.0513000000000041,1.051300000000004,-2.220446049250313e-16,0.018270138241010692,0.018270138241010692,0.09007052740828544,0.084011096065659,0.005314353217626402,0.018270138241010692,0.005021003241641776,0.0,0.0,0.0,0.9982286319229542,0.0,0.0,0.9999304306047749,False
2.628,1,115,116,1.0573225000000042,1.0573225000000042,0.0,0.019022950741010704,0.019022950741010704,0.09003359606565917,0.0832213522230327,0.005690759467626408,0.019022950741010704,0.005021003241641776,0.0,0.0,0.0,0.9982308706923456,0.0,0.0,0.9999304518423118,False
2.64875,1,116,117,1.0641700000000045,1.0641700000000045,0.0,0.019878888241010716,0.019878888241010716,0.09006885222303287,0.0831457490054064,0.0058428688426264055,0.019878888241010716,0.005021003241641776,0.0,0.0,0.0,0.9983603159103135,0.0,0.0,0.9999353438053521,False
2.66975,1,117,118,1.0711000000000046,1.0711000000000046,0.0,0.02074513824101072,0.02074513824101072,0.09007574900540657,0.08228639578778006,0.006275993842626408,0.02074513824101072,0.005021003241641776,0.0,0.0,0.0,0.9983999281545738,0.0,0.0,0.9999367121615275,False
2.69325,1,118,119,1.078855000000005,1.078855000000005,0.0,0.021714513241010744,0.021714513241010744,0.09004139578778037,0.08165907382015386,0.007245368842626457,0.021714513241010744,0.005021003241641776,0.0,0.0,0.0,0.9985181734400417,0.0,0.0,0.9999396737429186,False
2.71875,1,119,120,1.0872700000000048,1.0872700000000048,0.0,0.02276638824101074,0.02276638824101074,0.09007407382015388,0.08063987685252738,0.005954565810252685,0.02276638824101074,0.005021003241641776,0.0,0.0,0.0,0.998705848298742,0.0,0.0,0.9999484308013251,False
2.74725,1,120,121,1.0966750000000054,1.0966750000000052,-2.220446049250313e-16,0.02394201324101076,0.02394201324101076,0.0900448768525276,0.0801388830099011,0.006542378310252695,0.02394201324101076,0.005021003241641776,0.0,0.0,0.0,0.9984942330783475,0.0,0.0,0.9999401036306146,False
2.77725,1,121,122,1.1065750000000052,1.1065750000000052,0.0,0.025179513241010767,0.025179513241010767,0.09003888300990125,0.084467136088588,0.005571746921313255,0.025179513241010767,0.005021003241641776,0.0,0.0,0.0,0.9986197923304451,0.0,0.0,0.9999452488935967,False
2.79425,1,122,123,1.1121850000000055,1.1121850000000053,-2.220446049250313e-16,0.02588076324101079,0.02588076324101079,0.09007713608858818,0.08380413916727489,0.005705809421313258,0.02588076324101079,0.005021003241641776,0.0,0.0,0.0,0.9982890342827231,0.0,0.0,0.9999328692559285,False
2.81325,1,123,124,1.1184550000000055,1.1184550000000053,-2.220446049250313e-16,0.026664513241010785,0.026664513241010785,0.09007413916727491,0.08358457974596163,0.006097684421313256,0.026664513241010785,0.005021003241641776,0.0,0.0,0.0,0.9983460694004204,0.0,0.0,0.9999349867436668,False
2.83275,1,124,125,1.1248900000000057,1.1248900000000057,0.0,0.027468888241010805,0.027468888241010805,0.09001957974596185,0.08272564532464854,0.005328532905126399,0.027468888241010805,0.005021003241641776,0.0,0.0,0.0,0.9984448060857828,0.0,0.0,0.9999387861275164,False
2.855,1,125,126,1.1322325000000053,1.1322325000000055,2.220446049250313e-16,0.028386700741010802,0.028386700741010802,0.0900681453246486,0.08224827340333528,0.005787439155126397,0.028386700741010802,0.005021003241641776,0.0,0.0,0.0,0.9982816539942471,0.0,0.0,0.9999324092268438,False
2.8785000000000003,1,126,127,1.139987500000006,1.139987500000006,0.0,0.029356075741010824,0.029356075741010824,0.09000327340333557,0.08121402648202222,0.005978220405126395,0.029356075741010824,0.005021003241641776,0.0,0.0,0.0,0.9984113343682367,0.0,0.0,0.9999372987524008,False
2.90525,1,127,128,1.1488150000000064,1.1488150000000061,-2.220446049250313e-16,0.03045951324101083,0.03045951324101083,0.09004152648202242,0.08172236857689592,0.006529939155126398,0.03045951324101083,0.005021003241641776,0.0,0.0,0.0,0.9984841180133825,0.0,0.0,0.999939941720582,False
2.9305,1,128,129,1.1571475000000064,1.1571475000000064,0.0,0.03150107574101079,0.015750537870505395,0.09005486857689612,0.0806941481717696,0.007571501655126446,0.015750537870505395,0.005021003241641776,0.0,0.0,0.0,0.9985820514748995,0.0,0.0,0.9999415914200884,False
2.95875,1,129,130,1.1664700000000066,1.1664700000000066,0.0,0.016915850370505404,0.016915850370505404,0.09001664817176969,0.08498308484420644,0.005033563327563253,0.016915850370505404,0.005021003241641776,0.0,0.0,0.0,0.9987708828364895,0.0,0.0,0.9999511649595478,False
2.974,1,130,131,1.1715025000000066,1.1715025000000066,0.0,0.01754491287050541,0.01754491287050541,0.0900155848442065,0.08435295901664322,0.005348094577563256,0.01754491287050541,0.005021003241641776,0.0,0.0,0.0,0.9981047840300079,0.0,0.0,0.9999258272436375,False
2.99125,1,131,132,1.1771950000000069,1.1771950000000069,0.0,0.018256475370505426,0.018256475370505426,0.0900454590166434,0.0839858019390801,0.005314578952563249,0.018256475370505426,0.005021003241641776,0.0,0.0,0.0,0.9982288765576948,0.0,0.0,0.9999305816706778,False
3.0095,1,132,133,1.1832175000000067,1.1832175000000067,0.0,0.01900928787050542,0.01900928787050542,0.09000830193908012,0.08319583236151681,0.0056909852025632465,0.01900928787050542,0.005021003241641776,0.0,0.0,0.0,0.9982311137360115,0.0,0.0,0.9999305991568714,False
3.03025,1,133,134,1.1900650000000068,1.1900650000000068,0.0,0.019865225370505432,0.019865225370505432,0.09004333236151699,0.0831200034089537,0.005843094577563244,0.019865225370505432,0.005021003241641776,0.0,0.0,0.0,0.9983605687205471,0.0,0.0,0.9999355186600477,False
3.05125,1,134,135,1.196995000000007,1.196995000000007,0.0,0.020731475370505438,0.020731475370505438,0.09005000340895386,0.08226042445639054,0.006276219577563247,0.020731475370505438,0.005021003241641776,0.0,0.0,0.0,0.9984002088974339,0.0,0.0,0.9999369275546707,False
3.07475,1,135,136,1.2047500000000073,1.2047500000000073,0.0,0.02170085037050546,0.02170085037050546,0.09001542445639084,0.0816328767538275,0.007245594577563295,0.02170085037050546,0.005021003241641776,0.0,0.0,0.0,0.998518486761639,0.0,0.0,0.9999400046631475,False
3.10025,1,136,137,1.2131650000000076,1.2131650000000076,0.0,0.022752725370505475,0.022752725370505475,0.09004787675382765,0.0806134540512643,0.005951150092626372,0.022752725370505475,0.005021003241641776,0.0,0.0,0.0,0.9987061503309863,0.0,0.0,0.9999487020583501,False
3.12875,1,137,138,1.2225700000000075,1.2225700000000077,2.220446049250313e-16,0.023928350370505478,0.023928350370505478,0.09001845405126438,0.08011223447370103,0.006538962592626374,0.023928350370505478,0.005021003241641776,0.0,0.0,0.0,0.99849382919186,0.0,0.0,0.9999404192861543,False
3.15875,1,138,139,1.2324700000000077,1.2324700000000077,0.0,0.0251658503705055,0.0251658503705055,0.09001223447370132,0.08444037468491963,0.0055718597887816825,0.0251658503705055,0.005021003241641776,0.0,0.0,0.0,0.9986195552347886,0.0,0.0,0.9999455716404447,False
3.17575,1,139,140,1.238080000000008,1.238080000000008,0.0,0.025867100370505505,0.025867100370505505,0.09005037468491969,0.08377726489613799,0.005705922288781677,0.025867100370505505,0.005021003241641776,0.0,0.0,0.0,0.9982892244844552,0.0,0.0,0.9999329990624196,False
3.19475,1,140,141,1.244350000000008,1.2443500000000083,2.220446049250313e-16,0.02665085037050552,0.02665085037050552,0.09004726489613812,0.08355759260735643,0.006097797288781684,0.02665085037050552,0.005021003241641776,0.0,0.0,0.0,0.9983462526499295,0.0,0.0,0.9999351163312488,False
3.2145,1,141,142,1.250867500000008,1.250867500000008,0.0,0.027465537870505517,0.027465537870505517,0.09007509260735647,0.08277073281857474,0.005331981296313231,0.027465537870505517,0.005021003241641776,0.0,0.0,0.0,0.9984473229228381,0.0,0.0,0.9999390387673511,False
3.2365,1,142,143,1.2581275000000085,1.2581275000000083,-2.220446049250313e-16,0.028373037870505536,0.028373037870505536,0.09003073281857499,0.08221074802979325,0.005785731296313241,0.028373037870505536,0.005021003241641776,0.0,0.0,0.0,0.9982799771722068,0.0,0.0,0.9999325416037785,False
3.26025,1,143,144,1.2659650000000084,1.2659650000000084,0.0,0.029352725370505536,0.029352725370505536,0.09004824802979335,0.0812485757410116,0.005981668796313232,0.029352725370505536,0.005021003241641776,0.0,0.0,0.0,0.998413594815486,0.0,0.0,0.9999376256871227,False
3.287,1,144,145,1.2747925000000087,1.2747925000000089,2.220446049250313e-16,0.03045616287050556,0.03045616287050556,0.09007607574101192,0.08175346944469858,0.006533387546313244,0.03045616287050556,0.005021003241641776,0.0,0.0,0.0,0.9984851416109753,0.0,0.0,0.9999402871078564,False
3.3120000000000003,1,145,146,1.283042500000009,1.283042500000009,0.0,0.031487412870505514,0.015743706435252757,0.0900034694446987,0.08064961314838534,0.007564637546313278,0.015743706435252757,0.005021003241641776,0.0,0.0,0.0,0.9985811003641153,0.0,0.0,0.9999421144724294,False
3.3405,1,146,147,1.292447500000009,1.2924475000000089,-2.220446049250313e-16,0.01691933143525276,0.01691933143525276,0.09005461314838538,0.08501674750022872,0.005037865648156664,0.01691933143525276,0.005021003241641776,0.0,0.0,0.0,0.9987717376472561,0.0,0.0,0.9999515419831795,False
3.35575,1,147,148,1.297480000000009,1.297480000000009,0.0,0.017548393935252767,0.017548393935252767,0.09004924750022877,0.0843823193520721,0.005352396898156667,0.017548393935252767,0.005021003241641776,0.0,0.0,0.0,0.9981063793852623,0.0,0.0,0.9999260249426507,False
3.373,1,148,149,1.3031725000000094,1.3031725000000094,0.0,0.018259956435252783,0.018259956435252783,0.09007481935207226,0.08401085995391555,0.005316303148156668,0.018259956435252783,0.005021003241641776,0.0,0.0,0.0,0.9982303086936442,0.0,0.0,0.999930799934719,False
3.39125,1,149,150,1.3091950000000094,1.3091950000000094,0.0,0.019012768935252795,0.019012768935252795,0.09003335995391572,0.08321658805575899,0.005692709398156674,0.019012768935252795,0.005021003241641776,0.0,0.0,0.0,0.9982318158749653,0.0,0.0,0.9999308157578822,False
3.412,1,150,151,1.3160425000000098,1.3160425000000098,0.0,0.019868706435252806,0.019868706435252806,0.09006408805575916,0.08313903490760244,0.005844818773156667,0.019868706435252806,0.005021003241641776,0.0,0.0,0.0,0.9983612159236901,0.0,0.0,0.9999357601749964,False
3.4330000000000003,1,151,152,1.3229725000000099,1.3229725000000099,0.0,0.020734956435252812,0.020734956435252812,0.0900690349076026,0.08227773175944583,0.00627794377315667,0.020734956435252812,0.005021003241641776,0.0,0.0,0.0,0.9984008613233453,0.0,0.0,0.9999372135280069,False
3.4565,1,152,153,1.3307275000000098,1.3307275000000098,0.0,0.021704331435252817,0.021704331435252817,0.09003273175944598,0.08164845986128924,0.0072473187731567,0.021704331435252817,0.005021003241641776,0.0,0.0,0.0,0.9985191463528366,0.0,0.0,0.9999405611345439,False
3.482,1,153,154,1.3391425000000101,1.3391425000000101,0.0,0.02275620643525283,0.02275620643525283,0.09006345986128939,0.08062731296313262,0.0059520203588132115,0.02275620643525283,0.005021003241641776,0.0,0.0,0.0,0.9987066970678306,0.0,0.0,0.9999490308594445,False
3.5105,1,154,155,1.3485475000000102,1.3485475000000102,0.0,0.023931831435252852,0.023931831435252852,0.09003231296313285,0.08012436918997608,0.006539832858813222,0.023931831435252852,0.005021003241641776,0.0,0.0,0.0,0.9984943363554238,0.0,0.0,0.9999408204275226,False
3.5405,1,155,156,1.3584475000000105,1.3584475000000105,0.0,0.025169331435252858,0.025169331435252858,0.09002436918997622,0.08445164730339785,0.005572721886578385,0.025169331435252858,0.005021003241641776,0.0,0.0,0.0,0.9986200680842406,0.0,0.0,0.9999459259723474,False
3.5575,1,156,157,1.3640575000000106,1.3640575000000106,0.0,0.02587058143525286,0.02587058143525286,0.0900616473033979,0.08378767541681949,0.00570678438657838,0.02587058143525286,0.005021003241641776,0.0,0.0,0.0,0.9982896129830144,0.0,0.0,0.9999331618747941,False
3.5765000000000002,1,157,158,1.3703275000000108,1.3703275000000108,0.0,0.026654331435252875,0.026654331435252875,0.09005767541681964,0.08356714103024122,0.006098659386578387,0.026654331435252875,0.005021003241641776,0.0,0.0,0.0,0.9983466618052682,0.0,0.0,0.9999353189957669,False
3.596,1,158,159,1.3767625000000105,1.3767625000000105,0.0,0.02745870643525288,0.02745870643525288,0.09000214103024132,0.08270723164366287,0.005327260179406653,0.02745870643525288,0.005021003241641776,0.0,0.0,0.0,0.9984454117112967,0.0,0.0,0.9999391769055413,False
3.61825,1,159,160,1.3841050000000108,1.3841050000000108,0.0,0.028376518935252892,0.028376518935252892,0.09004973164366309,0.08222888475708463,0.00578616642940666,0.028376518935252892,0.005021003241641776,0.0,0.0,0.0,0.9982817457150786,0.0,0.0,0.9999328588232133,False
3.642,1,160,161,1.3919425000000112,1.3919425000000112,0.0,0.02935620643525291,0.02935620643525291,0.09006638475708487,0.0812658503705064,0.005982103929406656,0.02935620643525291,0.005021003241641776,0.0,0.0,0.0,0.9984139693719118,0.0,0.0,0.9999379454172754,False
3.6685,1,161,162,1.4006875000000114,1.4006875000000114,0.0,0.03044933143525292,0.03044933143525292,0.09001085037050663,0.08169296519109986,0.006528666429406661,0.03044933143525292,0.005021003241641776,0.0,0.0,0.0,0.9984833071829947,0.0,0.0,0.9999405617357765,False
3.69375,1,162,163,1.4090200000000115,1.4090200000000115,0.0,0.03149089393525287,0.015745446967626434,0.09002546519109993,0.08066601751169317,0.0075702289294066905,0.015745446967626434,0.005021003241641776,0.0,0.0,0.0,0.9985824764977561,0.0,0.0,0.9999429050092986,False
3.7222500000000003,1,163,164,1.4184250000000116,1.4184250000000116,0.0,0.016921071967626454,0.016921071967626454,0.09007101751169334,0.08503293429698996,0.005038083214703382,0.016921071967626454,0.005021003241641776,0.0,0.0,0.0,0.9987728595057158,0.0,0.0,0.9999519055383419,False
3.7375000000000003,1,164,165,1.4234575000000116,1.4234575000000116,0.0,0.01755013446762646,0.01755013446762646,0.09006543429699003,0.08439828858228662,0.0053526144647033855,0.01755013446762646,0.005021003241641776,0.0,0.0,0.0,0.998106642755925,0.0,0.0,0.9999262228764054,False
3.7545,1,165,166,1.4290675000000115,1.4290675000000115,0.0,0.018251384467626464,0.018251384467626464,0.09000828858228668,0.08395442411758329,0.005311364464703374,0.018251384467626464,0.005021003241641776,0.0,0.0,0.0,0.9982275485173574,0.0,0.0,0.9999308862724874,False
3.773,1,166,167,1.435172500000012,1.4351725000000122,2.220446049250313e-16,0.01901450946762647,0.01901450946762647,0.0900594241175834,0.08324243465287996,0.005692926964703377,0.01901450946762647,0.005021003241641776,0.0,0.0,0.0,0.9982336074705341,0.0,0.0,0.9999311275765322,False
3.7935,1,167,168,1.4419375000000119,1.441937500000012,2.220446049250313e-16,0.019860134467626488,0.019860134467626488,0.09000743465288019,0.08308732018817674,0.005842458214703376,0.019860134467626488,0.005021003241641776,0.0,0.0,0.0,0.9983589350919446,0.0,0.0,0.9999359401204685,False
3.8145000000000002,1,168,169,1.4488675000000124,1.4488675000000122,-2.220446049250313e-16,0.020726384467626494,0.020726384467626494,0.09001732018817692,0.08223095572347344,0.006275583214703379,0.020726384467626494,0.005021003241641776,0.0,0.0,0.0,0.9984005650516369,0.0,0.0,0.9999375104070168,False
3.83825,1,169,170,1.4567050000000124,1.4567050000000124,0.0,0.02170607196762651,0.02170607196762651,0.0900684557234737,0.08168396625877022,0.007255270714703422,0.02170607196762651,0.005021003241641776,0.0,0.0,0.0,0.9985210568082548,0.0,0.0,0.999941246037111,False
3.8635,1,170,171,1.4650375000000126,1.4650375000000126,0.0,0.022747634467626513,0.022747634467626513,0.09001646625877029,0.08059041429406681,0.005947299241906629,0.022747634467626513,0.005021003241641776,0.0,0.0,0.0,0.998706613580628,0.0,0.0,0.9999493535257844,False
3.89225,1,171,172,1.4745250000000127,1.4745250000000127,0.0,0.023933571967626528,0.023933571967626528,0.090077914294067,0.08016201857936353,0.0065402679919066365,0.023933571967626528,0.005021003241641776,0.0,0.0,0.0,0.9984958226362267,0.0,0.0,0.9999412532684823,False
3.92225,1,172,173,1.484425000000013,1.484425000000013,0.0,0.025171071967626534,0.025171071967626534,0.09006201857936368,0.0789086228646602,0.00536013535735173,0.025171071967626534,0.005021003241641776,0.0,0.0,0.0,0.9986204914629924,0.0,0.0,0.9999462563936625,False
3.956,1,173,174,1.4955625000000132,1.4955625000000132,0.0,0.026563259467626565,0.026563259467626565,0.09004612286466053,0.08398989375730878,0.006056229107351745,0.026563259467626565,0.005021003241641776,0.0,0.0,0.0,0.998410952807401,0.0,0.0,0.9999380536656005,False
3.97425,1,174,175,1.5015850000000133,1.5015850000000133,0.0,0.02731607196762656,0.02731607196762656,0.0900123937573088,0.08320335214995704,0.005257868370953362,0.02731607196762656,0.005021003241641776,0.0,0.0,0.0,0.9984241579420856,0.0,0.0,0.9999385879409634,False
3.995,1,175,176,1.5084325000000134,1.5084325000000134,0.0,0.02817200946762657,0.02817200946762657,0.09005085214995719,0.08168977929260535,0.005685837120953368,0.02817200946762657,0.005021003241641776,0.0,0.0,0.0,0.9982451235536032,0.0,0.0,0.9999317273347511,False
4.02025,1,176,177,1.5167650000000135,1.5167650000000132,-2.220446049250313e-16,0.02921357196762659,0.02921357196762659,0.09002227929260538,0.08061964393525359,0.005910133995953342,0.02921357196762659,0.005021003241641776,0.0,0.0,0.0,0.9984051671271359,0.0,0.0,0.9999379072850322,False
4.04875,1,177,178,1.5261700000000133,1.5261700000000133,0.0,0.03038919696762661,0.03038919696762661,0.09002464393525358,0.08169365056430018,0.0064979464959533184,0.03038919696762661,0.005021003241641776,0.0,0.0,0.0,0.9984858364087563,0.0,0.0,0.9999409957863,False
4.074,1,178,179,1.5345025000000132,1.5345025000000132,0.0,0.031430759467626614,0.015715379733813307,0.09002615056429998,0.08065359469334663,0.0075395089959533175,0.015715379733813307,0.005021003241641776,0.0,0.0,0.0,0.9985770265357639,0.0,0.0,0.9999434661234177,False
4.1025,1,179,180,1.5439075000000129,1.5439075000000129,0.0,0.016891004733813327,0.016891004733813327,0.09005859469334641,0.08499848863286977,0.00506010606047665,0.016891004733813327,0.005021003241641776,0.0,0.0,0.0,0.9987688368250139,0.0,0.0,0.9999520563356487,False
4.11775,1,180,181,1.5489400000000129,1.5489400000000129,0.0,0.017520067233813334,0.017520067233813334,0.09003098863286962,0.08434182007239296,0.005374637310476635,0.017520067233813334,0.005021003241641776,0.0,0.0,0.0,0.9981141787074477,0.0,0.0,0.9999267330071947,False
4.135,1,181,182,1.5546325000000127,1.5546325000000127,0.0,0.018231629733813332,0.018231629733813332,0.09003432007239279,0.08394812026191616,0.005321785747976611,0.018231629733813332,0.005021003241641776,0.0,0.0,0.0,0.9982371660852495,0.0,0.0,0.9999314746079696,False
4.1535,1,182,183,1.5607375000000128,1.5607375000000128,0.0,0.018994754733813356,0.018994754733813356,0.09005312026191623,0.08320379545143958,0.0057033482479766015,0.018994754733813356,0.005021003241641776,0.0,0.0,0.0,0.9982368197603405,0.0,0.0,0.9999314687361303,False
4.17425,1,183,184,1.5675850000000122,1.5675850000000124,2.220446049250313e-16,0.01985069223381335,0.01985069223381335,0.09005129545143942,0.08311044720346278,0.005837410747976568,0.01985069223381335,0.005021003241641776,0.0,0.0,0.0,0.9983643775953603,0.0,0.0,0.9999364373963233,False
4.19525,1,184,185,1.5745150000000123,1.5745150000000123,0.0,0.020716942233813356,0.020716942233813356,0.09004044720346277,0.08223334895548615,0.006270535747976546,0.020716942233813356,0.005021003241641776,0.0,0.0,0.0,0.998399641451114,0.0,0.0,0.9999377940905235,False
4.219,1,185,186,1.5823525000000123,1.5823525000000123,0.0,0.021696629733813356,0.021696629733813356,0.09007084895548606,0.08166562570750949,0.007250223247976542,0.021696629733813356,0.005021003241641776,0.0,0.0,0.0,0.9985202669375894,0.0,0.0,0.9999417688131841,False
4.2445,1,186,187,1.590767500000012,1.590767500000012,0.0,0.02274850473381337,0.02274850473381337,0.09008062570750926,0.08062352745953275,0.005950094933453316,0.02274850473381337,0.005021003241641776,0.0,0.0,0.0,0.9987077106999163,0.0,0.0,0.9999497159710097,False
4.273,1,187,188,1.6001725000000118,1.6001725000000118,0.0,0.02392412973381339,0.02392412973381339,0.09002852745953256,0.08011767921155609,0.006537907433453292,0.02392412973381339,0.005021003241641776,0.0,0.0,0.0,0.9984945052992158,0.0,0.0,0.9999415279198703,False
4.303,1,188,189,1.6100725000000118,1.6100725000000118,0.0,0.025161629733813414,0.025161629733813414,0.09001767921155598,0.07886933096357955,0.005357611623988216,0.025161629733813414,0.005021003241641776,0.0,0.0,0.0,0.9986203524324607,0.0,0.0,0.9999465539008715,False
4.33675,1,189,190,1.6212100000000114,1.6212100000000114,0.0,0.02655381723381341,0.02655381723381341,0.0900068309635791,0.08395312558959092,0.006053705373988173,0.02655381723381341,0.005021003241641776,0.0,0.0,0.0,0.9984105899161988,0.0,0.0,0.9999382920578919,False
4.35525,1,190,191,1.6273150000000114,1.6273150000000114,0.0,0.027316942233813434,0.027316942233813434,0.09005812558959095,0.08324129521560275,0.005259266216726609,0.027316942233813434,0.005021003241641776,0.0,0.0,0.0,0.9984261535770066,0.0,0.0,0.9999388754707871,False
4.37575,1,191,192,1.6340800000000113,1.634080000000011,-2.220446049250313e-16,0.02816256723381345,0.02816256723381345,0.09000629521560267,0.08164774609161446,0.005682078716726593,0.02816256723381345,0.005021003241641776,0.0,0.0,0.0,0.9982428033190482,0.0,0.0,0.9999319211179574,False
4.40125,1,192,193,1.6424950000000114,1.6424950000000114,0.0,0.029214442233813465,0.029214442233813465,0.09006274609161438,0.08065232196762621,0.005914109966726566,0.029214442233813465,0.005021003241641776,0.0,0.0,0.0,0.9984069457060701,0.0,0.0,0.9999382442282537,False
4.42975,1,193,194,1.651900000000011,1.651900000000011,0.0,0.03039006723381345,0.03039006723381345,0.09005732196762593,0.08172493075089934,0.006501922466726524,0.03039006723381345,0.005021003241641776,0.0,0.0,0.0,0.9984869520697722,0.0,0.0,0.9999413505116282,False
4.455,1,194,195,1.660232500000011,1.6602325000000113,2.220446049250313e-16,0.03143162973381349,0.015715814866906746,0.09005743075089943,0.08068347703417286,0.00754348496672656,0.015715814866906746,0.005021003241641776,0.0,0.0,0.0,0.9985780125815152,0.0,0.0,0.9999441324949566,False
4.48325,1,195,196,1.6695550000000108,1.6695550000000108,0.0,0.016881127366906754,0.016881127366906754,0.09000597703417254,0.07988952331744606,0.00505822685836325,0.016881127366906754,0.005021003241641776,0.0,0.0,0.0,0.9987682168674604,0.0,0.0,0.9999522959297132,False
4.514,1,196,197,1.6797025000000105,1.6797025000000105,0.0,0.018149564866906744,0.018149564866906744,0.09003702331744567,0.08371035895908244,0.00528252373336321,0.018149564866906744,0.005021003241641776,0.0,0.0,0.0,0.9983043527998202,0.0,0.0,0.9999342873187953,False
4.53325,1,197,198,1.6860550000000107,1.6860550000000107,0.0,0.01894362736690677,0.01894362736690677,0.09006285895908249,0.08294213210071924,0.005679554983363201,0.01894362736690677,0.005021003241641776,0.0,0.0,0.0,0.9982346023573054,0.0,0.0,0.9999316024532439,False
4.55475,1,198,199,1.6931500000000104,1.6931500000000104,0.0,0.019830502366906765,0.019830502366906765,0.09003713210071909,0.08307367086735586,0.0058290862333631776,0.019830502366906765,0.005021003241641776,0.0,0.0,0.0,0.99836638590238,3.944130811917024e-05,3.944130811917024e-05,0.9999367796621393,False
4.57575,1,199,200,1.700080000000011,1.7000800000000107,-2.220446049250313e-16,0.020696752366906806,0.020696752366906806,0.09000367086735613,0.08217395963399286,0.006262211233363174,0.020696752366906806,0.005021003241641776,0.0,0.0,0.0,0.9983978824228523,0.0,0.0,0.9999380183961892,False
4.5995,1,200,201,1.7079175000000106,1.7079175000000106,0.0,0.021676439866906805,0.021676439866906805,0.09001145963399276,0.08159909215062958,0.00724189873336317,0.021676439866906805,0.005021003241641776,0.0,0.0,0.0,0.9985188340611212,0.0,0.0,0.9999422101262812,False
4.625,1,201,202,1.7163325000000103,1.7163325000000103,0.0,0.02272831486690682,0.02272831486690682,0.09001409215062935,0.0805498496672662,0.005945047466726678,0.02272831486690682,0.005021003241641776,0.0,0.0,0.0,0.9987066093327359,0.0,0.0,0.9999499119062834,False
4.6537500000000005,1,202,203,1.72582000000001,1.72582000000001,0.0,0.023914252366906818,0.023914252366906818,0.09003734966726581,0.08012451343390271,0.0065380162167266425,0.023914252366906818,0.005021003241641776,0.0,0.0,0.0,0.9984958958672143,0.0,0.0,0.9999419037146007,False
4.68375,1,203,204,1.73572000000001,1.73572000000001,0.0,0.02515175236690684,0.02515175236690684,0.09002451343390264,0.07887417720053957,0.005358605616681518,0.02515175236690684,0.005021003241641776,0.0,0.0,0.0,0.9986206316812931,0.00013368967535450083,0.00013368967535450083,0.9999468351111338,False
4.7175,1,204,205,1.7468575000000093,1.7468575000000093,0.0,0.026543939866906837,0.026543939866906837,0.09001167720053913,0.08395697783385765,0.006054699366681475,0.026543939866906837,0.005021003241641776,0.0,0.0,0.0,0.9984110488139273,0.00021838957492850003,0.00021838957492850003,0.9999385611786168,False
4.736,1,205,206,1.7529625000000095,1.7529625000000095,0.0,0.02730706486690686,0.02730706486690686,0.09006197783385766,0.08324415346717616,0.005261898733363279,0.02730706486690686,0.005021003241641776,0.0,0.0,0.0,0.998426606121172,0.00024839766302757124,0.00024839766302757124,0.9999391250345457,False
4.7565,1,206,207,1.7597275000000092,1.7597275000000092,0.0,0.028152689866906878,0.028152689866906878,0.09000915346717608,0.08164961035049456,0.005684711233363263,0.028152689866906878,0.005021003241641776,0.0,0.0,0.0,0.9982437110682487,0.0001377309184869141,0.0001377309184869141,0.9999321371623582,False
4.782,1,207,208,1.768142500000009,1.768142500000009,0.0,0.029204564866906892,0.029204564866906892,0.0900646103504945,0.08065319223381302,0.005914164358363241,0.029204564866906892,0.005021003241641776,0.0,0.0,0.0,0.9984077729932465,0.000139472989478754,0.000139472989478754,0.9999385019402032,False
4.8105,1,208,209,1.7775475000000092,1.7775475000000092,0.0,0.030380189866906913,0.030380189866906913,0.09005819223381303,0.08172316850044974,0.006501976858363218,0.030380189866906913,0.005021003241641776,0.0,0.0,0.0,0.9984872165822749,0.00019446148779628247,0.00019446148779628247,0.9999416584736461,False
4.83575,1,209,210,1.785880000000009,1.785880000000009,0.0,0.03142175236690691,0.015710876183453456,0.09005566850044952,0.08067908226708628,0.007543539358363217,0.015710876183453456,0.005021003241641776,0.0,0.0,0.0,0.9985782313928084,0.0,0.0,0.9999446087527843,False
4.864,1,210,211,1.7952025000000087,1.7952025000000087,0.0,0.016876188683453464,0.016876188683453464,0.09000158226708597,0.0798824960337228,0.005059543116681585,0.016876188683453464,0.005021003241641776,2.6232128105827483e-06,2.6232128105827483e-06,0.0,0.998768497900618,0.0004815819572592944,0.0004789587444487117,0.9999525961776434,False
4.89475,1,211,212,1.8053500000000087,1.8053500000000087,0.0,0.01814462618345349,0.01814462618345349,0.0900299960337227,0.0837020154170411,0.005282550929181566,0.01814462618345349,0.005021003241641776,1.361974480766437e-06,1.361974480766437e-06,0.0,0.998304918879055,0.0005166443535278981,0.0005152823790471316,0.9999345345190754,False
4.914,1,212,213,1.8117025000000084,1.8117025000000084,0.0,0.01893868868345348,0.01893868868345348,0.09005451541704088,0.08293247230035929,0.005679582179181538,0.01893868868345348,0.005021003241641776,2.5629401176432544e-07,2.5629401176432544e-07,0.0,0.9982348422368094,0.00044204286298016315,0.0004417865689683988,0.9999318444930033,False
4.9355,1,213,214,1.8187975000000085,1.8187975000000087,2.220446049250313e-16,0.01982556368345351,0.01982556368345351,0.09002747230035943,0.08306398387117783,0.005829113429181524,0.01982556368345351,0.005021003241641776,0.0,0.0,0.0,0.9983665418810824,0.0004625840957317162,0.0004625840957317162,0.9999369678655226,False
4.95675,1,214,215,1.8258100000000081,1.8258100000000081,0.0,0.020702126183453493,0.020702126183453493,0.09007648387117762,0.08223643294199606,0.00626739467918149,0.020702126183453493,0.005021003241641776,0.0,0.0,0.0,0.9984005011575646,0.00038341379373227347,0.00038341379373227347,0.9999383039516269,False
4.9805,1,215,216,1.8336475000000088,1.8336475000000088,0.0,0.021681813683453528,0.021681813683453528,0.09007393294199627,0.08165122576281472,0.007247082179181523,0.021681813683453528,0.005021003241641776,1.2126163651849502e-05,1.2126163651849502e-05,0.0,0.9985201884567432,1.0260933106395689e-05,-1.8652305454538128e-06,0.999942723569197,False
5.006,1,216,217,1.8420625000000082,1.8420625000000084,2.220446049250313e-16,0.022733688683453542,0.022733688683453542,0.09006622576281448,0.08059164358363298,0.005946390920863359,0.022733688683453542,0.005021003241641776,2.089189549785736e-06,2.089189549785736e-06,0.0,0.9987076229989218,0.0003812405356292542,0.00037915134607946846,0.9999501618287329,False
5.03475,1,217,218,1.8515500000000078,1.8515500000000078,0.0,0.02391962618345354,0.02391962618345354,0.09007914358363261,0.08015596765445118,0.006539359670863323,0.02391962618345354,0.005021003241641776,9.285587612154584e-06,9.285587612154584e-06,0.0,0.9984963871404613,0.0004875958911934805,0.00047831030358132595,0.9999421743203913,False
5.06475,1,218,219,1.8614500000000078,1.8614500000000078,0.0,0.025157126183453563,0.025157126183453563,0.09005596765445109,0.07889529172526971,0.005361197339590694,0.025157126183453563,0.005021003241641776,1.2860037744458946e-05,1.2860037744458946e-05,0.0,0.9986211262314072,0.0007013315111681212,0.0006884714734236622,0.9999471258931342,False
5.0985000000000005,1,219,220,1.8725875000000074,1.8725875000000074,0.0,0.02654931368345356,0.02654931368345356,0.09003279172526926,0.0839755006356786,0.006057291089590651,0.02654931368345356,0.005021003241641776,9.412865538939199e-06,9.412865538939199e-06,0.0,0.9984118433970295,0.0006530163679437789,0.0006436035024048397,0.9999387960922034,False
5.117,1,220,221,1.8786925000000072,1.8786925000000074,2.220446049250313e-16,0.027312438683453583,0.027312438683453583,0.09008050063567863,0.08326008454608795,0.0052625704604316184,0.027312438683453583,0.005021003241641776,1.333771254361834e-05,1.333771254361834e-05,0.0,0.9984274159085618,0.0007421634929304644,0.000728825780386846,0.9999393781631549,False
5.1375,1,221,222,1.8854575000000073,1.8854575000000073,0.0,0.0281580636834536,0.0281580636834536,0.09002508454608787,0.08166294970649718,0.005685382960431602,0.0281580636834536,0.005021003241641776,5.893537512480583e-06,5.893537512480583e-06,0.0,0.9982440818396653,0.0005189738065926389,0.0005130802690801583,0.9999323261365417,False
5.163,1,222,223,1.893872500000007,1.8938725000000067,-2.220446049250313e-16,0.02920993868345358,0.02920993868345358,0.09007794970649681,0.0806639398669062,0.0059148360854315634,0.02920993868345358,0.005021003241641776,1.6021487177721638e-05,1.6021487177721638e-05,0.0,0.9984081894949373,0.0007046113358504663,0.0006885898486727447,0.9999387808872016,False
5.1915000000000004,1,223,224,1.9032775000000068,1.9032775000000068,0.0,0.0303855636834536,0.0303855636834536,0.09006893986690621,0.08173324440647461,0.00650264858543154,0.0303855636834536,0.005021003241641776,1.2285405008650674e-05,1.2285405008650674e-05,0.0,0.9984875092902193,0.000595314514354673,0.0005830291093460224,0.9999418542343186,False
5.21675,1,224,225,1.9116100000000071,1.9116100000000071,0.0,0.031427126183453634,0.015713563091726817,0.09006574440647469,0.08068848644604312,0.007544211085431576,0.015713563091726817,0.005021003241641776,2.080818101957727e-05,2.080818101957727e-05,0.0,0.9985786546157168,0.00028238308256722106,0.00026157490154764376,0.9999450861776208,False
5.245,1,225,226,1.9209325000000068,1.920932500000007,2.220446049250313e-16,0.016878875591726825,0.016878875591726825,0.0900109864460428,0.0798912284856113,0.005059878980215754,0.016878875591726825,0.005021003241641776,1.2849998308126468e-05,1.2849998308126468e-05,0.0,0.9987687225368603,0.0007872553008384381,0.0007744053025303116,0.9999527544825735,False
5.27575,1,226,227,1.9310800000000063,1.9310800000000063,0.0,0.018147313091726815,0.018147313091726815,0.09003872848561092,0.08371041200539517,0.005282886792715728,0.018147313091726815,0.005021003241641776,1.8802598409583252e-05,1.8802598409583252e-05,0.0,0.9983051948790382,0.0009366139080754579,0.0009178113096658747,0.9999347427951919,False
5.295,1,227,228,1.9374325000000066,1.9374325000000066,0.0,0.01894137559172684,0.01894137559172684,0.09006291200539525,0.08294053302517948,0.005679918042715718,0.01894137559172684,0.005021003241641776,2.522027084150544e-05,2.522027084150544e-05,0.0,0.9982352080674434,0.001030696849590132,0.0010054765787486264,0.9999321367992096,False
5.3165000000000004,1,228,229,1.9445275000000066,1.9445275000000064,-2.220446049250313e-16,0.019828250591726836,0.019828250591726836,0.09003553302517933,0.08307170873246358,0.0058294492927156855,0.019828250591726836,0.005021003241641776,1.3245883023946467e-05,1.3245883023946467e-05,0.0,0.9983667666355924,0.0007585023389253195,0.0007452564559013731,0.9999371185367036,False
5.3375,1,229,230,1.9514575000000063,1.9514575000000065,2.220446049250313e-16,0.020694500591726842,0.020694500591726842,0.09000170873246356,0.08217163443974781,0.006262574292715663,0.020694500591726842,0.005021003241641776,1.4269051454427599e-05,1.4269051454427599e-05,0.0,0.9983982717335101,0.0006902839136191732,0.0006760148621647457,0.999938365266292,False
5.36125,1,230,231,1.9592950000000067,1.9592950000000067,0.0,0.021674188091726877,0.021674188091726877,0.090009134439748,0.08159640389703231,0.007242261792715697,0.021674188091726877,0.005021003241641776,2.6701966410418874e-05,2.6701966410418874e-05,0.0,0.9985193608426184,0.0002845268231653486,0.0002578248567549297,0.99994297534727,False
5.38675,1,231,232,1.9677100000000065,1.9677100000000065,0.0,0.02272606309172689,0.02272606309172689,0.09001140389703208,0.0805467983543164,0.005944484522931696,0.02272606309172689,0.005021003241641776,3.0091772042480307e-05,3.0091772042480307e-05,0.0,0.9987071759772576,0.0010144234544963368,0.0009843316824538564,0.9999504468907299,False
5.4155,1,232,233,1.977197500000006,1.977197500000006,0.0,0.02391200059172689,0.02391200059172689,0.09003429835431603,0.08012109906160042,0.00653745327293166,0.02391200059172689,0.005021003241641776,2.014259549999401e-05,2.014259549999401e-05,0.0,0.9984960983714676,0.0007664615141369652,0.0007463189186369711,0.9999422968298929,False
5.4455,1,233,234,1.987097500000006,1.987097500000006,0.0,0.025149500591726912,0.025149500591726912,0.09002109906160032,0.07887039976888476,0.005358787146357781,0.025149500591726912,0.005021003241641776,2.5621299761889065e-05,2.5621299761889065e-05,0.0,0.9986209242605406,0.0010256701061103768,0.0010000488063484877,0.9999472783194843,False
5.47925,1,234,235,1.9982350000000055,1.9982350000000055,0.0,0.026541688091726908,0.026541688091726908,0.09000789976888432,0.08395301887252657,0.006054880896357738,0.026541688091726908,0.005021003241641776,2.8626364560331213e-05,2.8626364560331213e-05,0.0,0.9984114755567541,0.0010645908969237894,0.0010359645323634581,0.9999389870211074,False
5.49775,1,235,236,2.0043400000000053,2.0043400000000053,0.0,0.027304813091726932,0.027304813091726932,0.0900580188725266,0.08324001297616883,0.005261617261465787,0.027304813091726932,0.005021003241641776,3.0680885977367464e-05,3.0680885977367464e-05,0.0,0.9984270451843927,0.0011384675731148097,0.0011077866871374424,0.9999395565056067,False
5.51825,1,236,237,2.011105000000005,2.0111050000000055,4.440892098500626e-16,0.02815043809172695,0.02815043809172695,0.09000501297616875,0.08164528832981097,0.005684429761465771,0.02815043809172695,0.005021003241641776,3.043111372535701e-05,3.043111372535701e-05,0.0,0.9982440774554833,0.0010419629198889085,0.0010115318061635515,0.999932579674846,False
5.54375,1,237,238,2.0195200000000053,2.0195200000000053,0.0,0.029202313091726963,0.029202313091726963,0.09006028832981089,0.08064868868345317,0.00591388288646575,0.029202313091726963,0.005021003241641776,3.7648958746187126e-05,3.7648958746187126e-05,0.0,0.9984081983855102,0.0012226625952456369,0.0011850136364994497,0.9999390315378335,False
5.57225,1,238,239,2.0289250000000054,2.0289250000000054,0.0,0.03037793809172695,0.03037793809172695,0.09005368868345287,0.08171894642198711,0.0065016953864657084,0.03037793809172695,0.005021003241641776,2.638906007836956e-05,2.638906007836956e-05,0.0,0.9984874462236782,0.0008846953218971838,0.0008583062618188143,0.9999419928688221,False
5.5975,1,239,240,2.0372575000000053,2.0372575000000053,0.0,0.03141950059172699,0.015709750295863495,0.0900514464219872,0.08067514166052145,0.007543257886465745,0.015709750295863495,0.005021003241641776,4.6732124350107426e-05,4.6732124350107426e-05,0.0,0.9985787095304366,0.0009410112468624249,0.0008942791225123175,0.9999454233075485,False
5.626,1,240,241,2.046662500000005,2.0466625000000045,-4.440892098500626e-16,0.01688537529586348,0.01688537529586348,0.09008014166052095,0.08501558302978812,0.0050645586307328265,0.01688537529586348,0.005021003241641776,2.604549448035582e-05,2.604549448035582e-05,0.0,0.998770168709669,0.0010099413947723887,0.0009838959002920328,0.9999529261227442,False
5.64125,1,241,242,2.051695000000004,2.0516950000000045,4.440892098500626e-16,0.017514437795863487,0.017514437795863487,0.09004808302978799,0.08435446189905516,0.005379089880732811,0.017514437795863487,0.005021003241641776,3.1177900101418065e-05,3.1177900101418065e-05,0.0,0.9981163840095599,0.0011603240775132431,0.001129146177411825,0.9999275947823111,False
5.6585,1,242,243,2.0573875000000044,2.0573875000000044,0.0,0.01822600029586352,0.01822600029586352,0.09004696189905527,0.08395630951832242,0.005323660193232814,0.01822600029586352,0.005021003241641776,3.223185121432584e-05,3.223185121432584e-05,0.0,0.9982392045110493,0.0012409754649918905,0.0012087436137775648,0.9999323598182532,False
5.6770000000000005,1,243,244,2.063492500000004,2.063492500000004,0.0,0.01898912529586351,0.01898912529586351,0.0900613095183222,0.08320753213758936,0.0057052226932327865,0.01898912529586351,0.005021003241641776,4.360940326397478e-05,4.360940326397478e-05,0.0,0.9982382228692775,0.0014277495985194621,0.0013841401952554874,0.9999324501120938,False
5.69775,1,244,245,2.0703400000000043,2.0703400000000043,0.0,0.01984506279586354,0.01984506279586354,0.0900550321375895,0.08311230944435666,0.005839285193232782,0.01984506279586354,0.005021003241641776,4.332292978578132e-05,4.332292978578132e-05,0.0,0.9983656714022492,0.0013240857313687668,0.0012807628015829855,0.9999373541975699,False
5.71875,1,245,246,2.0772700000000044,2.0772700000000044,0.0,0.020711312795863544,0.020711312795863544,0.09004230944435665,0.08223333675112382,0.00627241019323276,0.020711312795863544,0.005021003241641776,3.76929600913781e-05,3.76929600913781e-05,0.0,0.9984008855126558,0.0011751474066430956,0.0011374544465517175,0.9999387029634982,False
5.7425,1,246,247,2.0851075000000043,2.085107500000004,-4.440892098500626e-16,0.021691000295863544,0.021691000295863544,0.09007083675112372,0.08166373905789094,0.007252097693232756,0.021691000295863544,0.005021003241641776,3.21506214842256e-05,3.21506214842256e-05,0.0,0.9985214046967475,0.0005043317897652222,0.00047218116828099657,0.9999431577633827,False
5.768,1,247,248,2.093522500000004,2.093522500000004,0.0,0.02274287529586356,0.02274287529586356,0.09007873905789071,0.08061976636465798,0.005948687573965863,0.02274287529586356,0.005021003241641776,5.8198454946025955e-05,5.8198454946025955e-05,0.0,0.9987089082707555,0.0014801053502123407,0.0014219068952663148,0.9999507436194327,False
5.7965,1,248,249,2.102927500000004,2.1029275000000043,4.440892098500626e-16,0.02391850029586358,0.02391850029586358,0.09002476636465781,0.0801120436714251,0.006536500073965839,0.02391850029586358,0.005021003241641776,3.773897634621236e-05,3.773897634621236e-05,0.0,0.998494987841049,0.0010831403782801188,0.0010454014019339066,0.9999424117996148,False
5.8265,1,249,250,2.112827500000004,2.1128275000000034,-4.440892098500626e-16,0.025156000295863602,0.025156000295863602,0.09001204367142501,0.08443693232480869,0.005575111346616324,0.025156000295863602,0.005021003241641776,3.604105916719209e-05,3.604105916719209e-05,0.0,0.9986208374178733,0.0011910240386782261,0.001154982979511034,0.9999473617086871,False
5.8435,1,250,251,2.1184375000000033,2.1184375000000033,0.0,0.02585725029586359,0.02585725029586359,0.09004693232480832,0.08377057097819202,0.005709173846616296,0.02585725029586359,0.005021003241641776,4.4659304227584904e-05,4.4659304227584904e-05,0.0,0.9982913964953887,0.0013476712439102999,0.001303011939682715,0.9999344455395659,False
5.8625,1,251,252,2.124707500000003,2.124707500000003,0.0,0.026641000295863602,0.026641000295863602,0.09004057097819189,0.08354764713157559,0.00610104884661628,0.026641000295863602,0.005021003241641776,5.4286034553637114e-05,5.4286034553637114e-05,0.0,0.9983484660879551,0.0014847456388486398,0.0014304596042950027,0.9999367065701953,False
5.88225,1,252,253,2.1312250000000033,2.1312250000000033,0.0,0.027455687795863618,0.027455687795863618,0.09006514713157551,0.0827575357849592,0.005330750036982876,0.027455687795863618,0.005021003241641776,7.356810608481793e-05,7.356810608481793e-05,0.0,0.9984495917086008,0.001668761870840349,0.001595193764755531,0.9999407298229716,False
5.90425,1,253,254,2.138485000000003,2.138485000000003,0.0,0.028363187795863637,0.028363187795863637,0.09001753578495919,0.08219429943834287,0.00578450003698286,0.028363187795863637,0.005021003241641776,4.1819433890788865e-05,4.1819433890788865e-05,0.0,0.998281058322662,0.0012450048585429668,0.001203185424652178,0.999934101997896,False
5.928,1,254,255,2.146322500000003,2.146322500000003,0.0,0.029342875295863637,0.029342875295863637,0.09003179943834269,0.08122887559172644,0.005980437536982826,0.029342875295863637,0.005021003241641776,3.697923271086438e-05,3.697923271086438e-05,0.0,0.9984147013345978,0.0011380095496395931,0.0011010303169287287,0.9999392502835462,False
5.95475,1,255,256,2.1551500000000026,2.1551500000000026,0.0,0.030446312795863642,0.030446312795863642,0.09005637559172633,0.08173500055474346,0.006532156286982797,0.030446312795863642,0.005021003241641776,7.284861372271336e-05,7.284861372271336e-05,0.0,0.9984865749790663,0.0015526827442616312,0.0014798341305389178,0.9999422840583271,False
5.98,1,256,257,2.1634825000000024,2.1634825000000024,0.0,0.031487875295863645,0.015743937647931822,0.09006750055474327,0.08070456301776045,0.007573718786982796,0.015743937647931822,0.005021003241641776,5.799912804180803e-05,5.799912804180803e-05,0.0,0.9985844914716837,0.0012313501612111408,0.0011733510331693327,0.9999457992311683,False
6.00825,1,257,258,2.172805000000002,2.172805000000002,0.0,0.01690925014793183,0.01690925014793183,0.09002706301776013,0.08498981299926876,0.005037250018491369,0.01690925014793183,0.005021003241641776,5.4396397343553946e-05,5.4396397343553946e-05,0.0,0.9987732687277104,0.001475385569136782,0.0014209891717932282,0.9999532804269805,False
6.0235,1,258,259,2.177837500000002,2.177837500000002,0.0,0.017538312647931837,0.017538312647931837,0.09002231299926863,0.08435600048077727,0.005351781268491354,0.017538312647931837,0.005021003241641776,5.372193229626333e-05,5.372193229626333e-05,0.0,0.9981074755403327,0.0014574481301183675,0.0014037261978221043,0.9999274122623083,False
6.04075,1,259,260,2.183530000000002,2.183530000000002,0.0,0.01824987514793187,0.01824987514793187,0.09004850048077737,0.08398515671228599,0.005315687518491357,0.01824987514793187,0.005021003241641776,4.467998895327489e-05,4.467998895327489e-05,0.0,0.9982313700551688,0.0014099583119594056,0.0013652783230061307,0.9999321573032506,False
6.059,1,260,261,2.1895525000000022,2.1895525000000022,0.0,0.019002687647931883,0.019002687647931883,0.09000765671228594,0.08319150044379454,0.005692093768491341,0.019002687647931883,0.005021003241641776,5.08599663892783e-05,5.08599663892783e-05,0.0,0.9982329627410456,0.0015336326792304497,0.0014827727128411713,0.9999323165385344,False
6.07975,1,261,262,2.1964000000000024,2.1964000000000024,0.0,0.019858625147931876,0.019858625147931876,0.09003900044379438,0.08311456292530303,0.005844203143491313,0.019858625147931876,0.005021003241641776,9.21696511515046e-05,9.21696511515046e-05,0.0,0.9983626501441876,0.0018457708515138421,0.0017536012003623374,0.9999375005724715,False
6.100750000000001,1,262,263,2.203330000000002,2.203330000000002,0.0,0.020724875147931882,0.020724875147931882,0.09004456292530301,0.08225387540681164,0.0062773281434912905,0.020724875147931882,0.005021003241641776,0.0001001332572676554,0.0001001332572676554,0.0,0.9984023939868026,0.0018325830342063865,0.001732449776938731,0.9999390879127962,False
6.12425,1,263,264,2.211085000000002,2.211085000000002,0.0,0.021694250147931905,0.021694250147931905,0.09000887540681175,0.08162521913832044,0.007246703143491311,0.021694250147931905,0.005021003241641776,3.997417137721326e-05,3.997417137721326e-05,0.0,0.9985203478362618,0.0005529307514629475,0.0005129565800857343,0.9999431501777423,False
6.14975,1,264,265,2.219500000000002,2.219500000000002,0.0,0.02274612514793192,0.02274612514793192,0.0900402191383202,0.08060468786982891,0.005949500036982953,0.02274612514793192,0.005021003241641776,6.157768422901283e-05,6.157768422901283e-05,0.0,0.9987080919043835,0.0015658998499692156,0.0015043221657402028,0.9999507679304319,False
6.17825,1,265,266,2.2289050000000015,2.228905000000002,4.440892098500626e-16,0.02392175014793194,0.02392175014793194,0.09000968786982874,0.08010235972633749,0.0065373125369829295,0.02392175014793194,0.005021003241641776,8.457743526921938e-05,8.457743526921938e-05,0.0,0.9984954420898013,0.0016250087406409972,0.0015404313053717779,0.9999426990527592,False
6.2082500000000005,1,266,267,2.238805000000001,2.238805000000001,0.0,0.025159250147931928,0.025159250147931928,0.0900023597263371,0.08442994565459151,0.005572414071745583,0.025159250147931928,0.005021003241641776,5.721994017479335e-05,5.721994017479335e-05,0.0,0.9986211531764158,0.001470877785814756,0.0014136578456399626,0.9999475169393371,False
6.22525,1,267,268,2.244415000000001,2.244415000000001,0.0,0.02586050014793195,0.02586050014793195,0.09003994565459145,0.08376628158284585,0.005706476571745573,0.02586050014793195,0.005021003241641776,6.43084653847627e-05,6.43084653847627e-05,0.0,0.9982907769845978,0.001548922052405144,0.0014846135870203812,0.999934537152748,False
6.24425,1,268,269,2.2506850000000007,2.2506850000000007,0.0,0.026644250147931963,0.026644250147931963,0.09003628158284573,0.08354605501110014,0.006098351571745557,0.026644250147931963,0.005021003241641776,7.476161770145493e-05,7.476161770145493e-05,0.0,0.9983478908330912,0.001703684550896374,0.0016289229331949192,0.9999368071679987,False
6.264,1,269,270,2.257202500000001,2.257202500000001,0.0,0.027458937647931978,0.027458937647931978,0.09006355501110005,0.08275864093935446,0.005331156268491421,0.027458937647931978,0.005021003241641776,9.285253316418707e-05,9.285253316418707e-05,0.0,0.9984490912256977,0.0019062966225041923,0.0018134440893400052,0.9999408411160015,False
6.2860000000000005,1,270,271,2.2644625000000005,2.2644625000000005,0.0,0.028366437647931963,0.028366437647931963,0.09001864093935417,0.08219810186760862,0.0057849062684913865,0.028366437647931963,0.005021003241641776,9.854069049681881e-05,9.854069049681881e-05,0.0,0.9982814729482803,0.0018168520884443776,0.0017183113979475587,0.9999344051301934,False
6.30975,1,271,272,2.272300000000001,2.272300000000001,0.0,0.029346125147931997,0.029346125147931997,0.09003560186760873,0.0812353752958632,0.005980843768491372,0.029346125147931997,0.005021003241641776,5.030037511640405e-05,5.030037511640405e-05,0.0,0.9984149194950053,0.0012996772982215993,0.0012493769231051953,0.9999393497457622,False
6.3365,1,272,273,2.2811275000000006,2.281127500000001,4.440892098500626e-16,0.030449562647932003,0.030449562647932003,0.0900628752958631,0.08174109402737167,0.006532562518491342,0.030449562647932003,0.005021003241641776,8.88670310005184e-05,8.88670310005184e-05,0.0,0.9984867434335676,0.0017613433224540655,0.001672476291453547,0.9999424026519282,False
6.36175,1,273,274,2.289460000000001,2.289460000000001,0.0,0.03149112514793201,0.015745562573966004,0.09007359402737147,0.08071025025888012,0.007574125018491341,0.015745562573966004,0.005021003241641776,5.257818882515233e-05,5.257818882515233e-05,0.0,0.9985844893955981,0.0011023961395871598,0.0010498179507620075,0.9999457490038458,False
6.390000000000001,1,274,275,2.2987825000000006,2.2987825000000006,0.0,0.016910875073966013,0.016910875073966013,0.09003275025887982,0.08499529712463416,0.005037453134245651,0.016910875073966013,0.005021003241641776,0.00010381543507291625,0.00010381543507291625,0.0,0.9987735763153796,0.0019824753935705278,0.0018786599584976115,0.9999535501850468,False
6.4052500000000006,1,275,276,2.303815,2.303815,0.0,0.01753993757396602,0.01753993757396602,0.09002779712463403,0.08436128149038838,0.005351984384245636,0.01753993757396602,0.005021003241641776,9.198661144911344e-05,9.198661144911344e-05,0.0,0.9981077471484634,0.0018285022205526413,0.001736515609103528,0.9999276226007412,False
6.4225,1,276,277,2.3095075,2.3095075,0.0,0.018251500073966018,0.018251500073966018,0.0900537814903882,0.08399023460614256,0.005315890634245612,0.018251500073966018,0.005021003241641776,6.13706861454559e-05,6.13706861454559e-05,0.0,0.9982315434549546,0.0015734068036043908,0.001512036117458935,0.9999322643967534,False
6.44075,1,277,278,2.31553,2.31553,0.0,0.01900431257396603,0.01900431257396603,0.09001273460614254,0.08319637522189688,0.005692296884245596,0.01900431257396603,0.005021003241641776,6.1013156446750527e-05,6.1013156446750527e-05,0.0,0.9982330793953729,0.00160156836249669,0.0015405552060499396,0.999932375977936,False
6.4615,1,278,279,2.3223775,2.3223775,0.0,0.01986025007396606,0.01986025007396606,0.09004387522189701,0.08311923458765136,0.005844406259245586,0.01986025007396606,0.005021003241641776,0.00012260011534912286,0.00012260011534912286,0.0,0.9983628568697289,0.002181839218477477,0.0020592391031283544,0.9999376889406901,False
6.4825,1,279,280,2.3293075,2.3293075,0.0,0.020726500073966064,0.020726500073966064,0.09004923458765135,0.0822583439534057,0.006277531259245564,0.020726500073966064,0.005021003241641776,0.0001471676726167358,0.0001471676726167358,0.0,0.9984026801712503,0.002364482146746491,0.002217314474129755,0.9999393708895989,False
6.506,1,280,281,2.3370625000000005,2.3370625,-4.440892098500626e-16,0.021695875073966087,0.021695875073966087,0.0900133439534058,0.08162948456916017,0.007246906259245584,0.021695875073966087,0.005021003241641776,7.461861326094933e-05,7.461861326094933e-05,0.0,0.9985206422814602,0.0009206322816407778,0.0008460136683798284,0.9999433532850815,False
6.5315,1,281,282,2.3454775,2.3454775,0.0,0.022747750073966067,0.022747750073966067,0.09004448456915966,0.08060875018491412,0.00594990626849148,0.022747750073966067,0.005021003241641776,5.765156577891512e-05,5.765156577891512e-05,0.0,0.9987080760828315,0.0014280088342980488,0.0013703572685191336,0.9999507195244276,False
6.5600000000000005,1,282,283,2.3548824999999995,2.3548824999999995,0.0,0.023923375073966087,0.023923375073966087,0.09001375018491395,0.08010621892566847,0.006537718768491457,0.023923375073966087,0.005021003241641776,0.00012251291067106107,0.00012251291067106107,0.0,0.9984957149182282,0.002023432570719172,0.0019009196600481108,0.9999429143906575,False
6.59,1,283,284,2.3647824999999996,2.3647824999999996,0.0,0.02516087507396611,0.02516087507396611,0.09000621892566836,0.08443370329604563,0.0055725156296227195,0.02516087507396611,0.005021003241641776,0.00011695174838427859,0.00011695174838427859,0.0,0.9986215212993756,0.0020247439109260593,0.0019077921625417808,0.9999478068642471,False
6.607,1,284,285,2.3703924999999995,2.3703924999999995,0.0,0.02586212507396613,0.02586212507396613,0.09004370329604558,0.08376993766642282,0.00570657812962271,0.02586212507396613,0.005021003241641776,9.197735893020887e-05,9.197735893020887e-05,0.0,0.9982909515751467,0.0017812172734194033,0.0016892399144891944,0.999934676369445,False
6.626,1,285,286,2.376662499999999,2.376662499999999,0.0,0.02664587507396611,0.02664587507396611,0.09003993766642243,0.08354960953679974,0.006098453129622676,0.02664587507396611,0.005021003241641776,9.024356376947896e-05,9.024356376947896e-05,0.0,0.9983479978727045,0.0018368586362035207,0.0017466150724340418,0.999936896951626,False
6.6457500000000005,1,286,287,2.383179999999999,2.383179999999999,0.0,0.027460562573966125,0.027460562573966125,0.09006710953679967,0.08276209390717697,0.0053313593842456855,0.027460562573966125,0.005021003241641776,0.00010105090046675572,0.00010105090046675572,0.0,0.9984491575637194,0.0019759292578182437,0.001874878357351488,0.9999408978271472,False
6.66775,1,287,288,2.390439999999999,2.390439999999999,0.0,0.028368062573966145,0.028368062573966145,0.09002209390717696,0.08220145327755424,0.005785109384245669,0.028368062573966145,0.005021003241641776,0.00014714663051880765,0.00014714663051880765,0.0,0.9982817734327977,0.002319728773478351,0.0021725821429595432,0.999934674546019,False
6.6915000000000004,1,288,289,2.398277499999999,2.3982774999999985,-4.440892098500626e-16,0.029347750073966145,0.029347750073966145,0.09003895327755407,0.08123862514793141,0.005981046884245635,0.029347750073966145,0.005021003241641776,0.00010310517280697001,0.00010310517280697001,0.0,0.9984152546999193,0.0017778861381850322,0.0016747809653780623,0.9999396072806122,False
6.71825,1,289,290,2.4071049999999987,2.4071049999999987,0.0,0.030451187573966185,0.030451187573966185,0.09006612514793161,0.0817441407636859,0.006532765634245624,0.030451187573966185,0.005021003241641776,8.258197963849454e-05,8.258197963849454e-05,0.0,0.9984867500510033,0.001676158301792005,0.0015935763221535107,0.9999423777584326,False
6.7435,1,290,291,2.4154374999999986,2.4154374999999986,0.0,0.03149275007396619,0.015746375036983094,0.09007664076368568,0.08071309387944003,0.007574328134245623,0.015746375036983094,0.005021003241641776,6.317068573208072e-05,6.317068573208072e-05,0.0,0.9985846001118475,0.0011246951583386393,0.0010615244726065586,0.9999457694527901,False
6.77175,1,291,292,2.4247599999999983,2.4247599999999983,0.0,0.016911687536983102,0.016911687536983102,0.09003559387943971,0.08499803918731692,0.005037554692122792,0.016911687536983102,0.005021003241641776,0.00012692726596147361,0.00012692726596147361,0.0,0.9987737123313655,0.0022352528020073564,0.002108325536045883,0.9999536936721202,False
6.787,1,292,293,2.429792499999998,2.429792499999998,0.0,0.01754075003698311,0.01754075003698311,0.0900305391873168,0.08436392199519399,0.005352085942122777,0.01754075003698311,0.005021003241641776,0.00011994774059208537,0.00011994774059208537,0.0,0.998107925539486,0.0020899752860221166,0.001970027545430031,0.9999277801428487,False
6.804250000000001,1,293,294,2.4354849999999977,2.435484999999998,4.440892098500626e-16,0.018252312536983107,0.018252312536983107,0.09005642199519381,0.08399277355307104,0.0053159921921227616,0.018252312536983107,0.005021003241641776,9.340748323588452e-05,9.340748323588452e-05,0.0,0.9982317359110001,0.0018192375332930777,0.0017258300500571932,0.9999324141263991,False
6.8225,1,294,295,2.441507499999998,2.441507499999998,0.0,0.01900512503698312,0.01900512503698312,0.09001527355307101,0.08319881261094822,0.005692398442122746,0.01900512503698312,0.005021003241641776,7.587634373505717e-05,7.587634373505717e-05,0.0,0.9982331853755869,0.0016740109971543349,0.0015981346534192776,0.9999324390828223,False
6.84325,1,295,296,2.4483549999999976,2.448354999999998,4.440892098500626e-16,0.019861062536983148,0.019861062536983148,0.09004631261094835,0.08312157041882555,0.005844507817122727,0.019861062536983148,0.005021003241641776,0.00013687143494483682,0.00013687143494483682,0.0,0.9983629515984288,0.002323138810590368,0.002186267375645531,0.9999377837297755,False
6.86425,1,296,297,2.4552849999999977,2.455284999999998,4.440892098500626e-16,0.020727312536983154,0.020727312536983154,0.09005157041882553,0.08226057822670273,0.006277632817122705,0.020727312536983154,0.005021003241641776,0.00015275804279161456,0.00015275804279161456,0.0,0.9984027261031605,0.0024635745046551125,0.002310816461863498,0.9999394417983922,False
6.8877500000000005,1,297,298,2.4630399999999977,2.4630399999999977,0.0,0.02169668753698314,0.02169668753698314,0.09001557822670254,0.08163161728457981,0.007247007817122688,0.02169668753698314,0.005021003241641776,0.00015150014706424142,0.00015150014706424142,0.0,0.9985210455133772,0.0015604744975086862,0.0014089743504444449,0.99994369457135,False
6.913250000000001,1,298,299,2.4714549999999975,2.4714549999999975,0.0,0.022748562536983156,0.022748562536983156,0.09004661728457958,0.0806107813424569,0.005950109384245762,0.022748562536983156,0.005021003241641776,6.852718197968654e-05,6.852718197968654e-05,0.0,0.9987081443988467,0.0014059021292423118,0.0013373749472626252,0.9999507310392184,False
6.94175,1,299,300,2.480859999999997,2.480859999999997,0.0,0.023924187536983176,0.023924187536983176,0.09001578134245672,0.08010814852533409,0.006537921884245739,0.023924187536983176,0.005021003241641776,0.000131869430416747,0.000131869430416747,0.0,0.9984957934338328,0.002110051101330064,0.001978181670913317,0.9999429754505251,False
6.97175,1,300,301,2.490759999999997,2.490759999999997,0.0,0.0251616875369832,0.0251616875369832,0.09000814852533401,0.08443558211677271,0.00557256640856129,0.0251616875369832,0.005021003241641776,0.00016460163084578068,0.00016460163084578068,0.0,0.9986217835568963,0.0025174767535300485,0.002352875122684268,0.9999480639976966,False
6.9887500000000005,1,301,302,2.496369999999997,2.496369999999997,0.0,0.025862937536983186,0.025862937536983186,0.09004558211677235,0.08377176570821107,0.005706628908561262,0.025862937536983186,0.005021003241641776,0.00013199987919092657,0.00013199987919092657,0.0,0.9982911679496005,0.0021304742830680345,0.001998474403877108,0.999934874498315,False
7.007750000000001,1,302,303,2.502639999999997,2.502639999999997,0.0,0.0266466875369832,0.0266466875369832,0.09004176570821096,0.08355138679964969,0.006098503908561246,0.0266466875369832,0.005021003241641776,0.000105915248625209,0.000105915248625209,0.0,0.9983480899779175,0.0019336977110186275,0.0018277824623934185,0.9999369708069394,False
7.0275,1,303,304,2.5091574999999966,2.5091574999999966,0.0,0.027461375036983215,0.027461375036983215,0.09006888679964961,0.08276382039108832,0.005331460942122826,0.027461375036983215,0.005021003241641776,0.00011038916920161992,0.00011038916920161992,0.0,0.9984492147917112,0.002020744485985087,0.001910355316783467,0.9999409446594417,False
7.0495,1,304,305,2.5164174999999966,2.516417499999997,4.440892098500626e-16,0.028368875036983234,0.028368875036983234,0.0900238203910883,0.08220312898252703,0.005785210942122809,0.028368875036983234,0.005021003241641776,0.00017275282851558852,0.00017275282851558852,0.0,0.9982819251739186,0.0025841014668839916,0.002411348638368403,0.9999348270057793,False
7.07325,1,305,306,2.5242549999999966,2.5242549999999966,0.0,0.029348562536983234,0.029348562536983234,0.09004062898252685,0.08124025007396563,0.005981148442122776,0.029348562536983234,0.005021003241641776,0.00017342231623496877,0.00017342231623496877,0.0,0.9984156271537866,0.002432219168272607,0.0022587968520376383,0.9999399510456547,False
7.1000000000000005,1,306,307,2.533082499999997,2.533082499999997,0.0,0.03045200003698324,0.03045200003698324,0.09006775007396553,0.08174566413184271,0.006532867192122747,0.03045200003698324,0.005021003241641776,8.422427686350737e-05,8.422427686350737e-05,0.0,0.9984867729842121,0.0015810270929933201,0.0014968028161298128,0.9999423496027685,False
7.12525,1,307,308,2.5414149999999966,2.5414149999999966,0.0,0.03149356253698324,0.01574678126849162,0.0900781641318425,0.08071451568971974,0.007574429692122746,0.01574678126849162,0.005021003241641776,0.00011067911324919696,0.00011067911324919696,0.0,0.9985848726114336,0.0014764316658981425,0.0013657525526489455,0.9999459507192392,False
7.1535,1,308,309,2.5507374999999968,2.5507374999999963,-4.440892098500626e-16,0.016912093768491662,0.016912093768491662,0.09003701568971972,0.08499941021865835,0.0050376054710613615,0.016912093768491662,0.005021003241641776,0.0001222539460976107,0.0001222539460976107,0.0,0.9987736886152215,0.0021744188849030927,0.002052164938805482,0.9999536812543104,False
7.16875,1,309,310,2.5557699999999963,2.5557699999999963,0.0,0.01754115626849167,0.01754115626849167,0.09003191021865822,0.08436524224759687,0.0053521367210613464,0.01754115626849167,0.005021003241641776,0.0001379035873319954,0.0001379035873319954,0.0,0.9981080325276119,0.002221046767211965,0.0020831431798799694,0.9999278747684127,False
7.186,1,310,311,2.561462499999996,2.561462499999996,0.0,0.018252718768491667,0.018252718768491667,0.09005774224759668,0.08399404302653533,0.005316042971061332,0.018252718768491667,0.005021003241641776,0.00013252062502691332,0.00013252062502691332,0.0,0.9982319459039725,0.0021409298174011188,0.0020084091923742056,0.9999326011658197,False
7.20425,1,311,312,2.567484999999996,2.567484999999996,0.0,0.01900553126849168,0.01900553126849168,0.0900165430265353,0.08320003130547395,0.005692449221061316,0.01900553126849168,0.005021003241641776,0.00010381140135463003,0.00010381140135463003,0.0,0.9982333390173351,0.0018542560763514723,0.0017504446749968424,0.9999325559092418,False
7.2250000000000005,1,312,313,2.574332499999996,2.5743324999999957,-4.440892098500626e-16,0.019861468768491673,0.019861468768491673,0.09004753130547377,0.08312273833441244,0.0058445585960612886,0.019861468768491673,0.005021003241641776,0.00014160216348023494,0.00014160216348023494,0.0,0.998362982942699,0.0023367056750672327,0.002195103511586998,0.9999378159013655,False
7.246,1,313,314,2.581262499999996,2.581262499999996,0.0,0.02072771876849168,0.02072771876849168,0.09005273833441244,0.0822616953633511,0.006277683596061266,0.02072771876849168,0.005021003241641776,0.00014075979043615917,0.00014075979043615917,0.0,0.9984026697540717,0.0023051888337901755,0.0021644290433540164,0.9999393867709344,False
7.2695,1,314,315,2.589017499999996,2.589017499999996,0.0,0.0216970937684917,0.0216970937684917,0.0900166953633512,0.0816326836422899,0.007247058596061287,0.0216970937684917,0.005021003241641776,0.0002110702609110627,0.0002110702609110627,0.0,0.9985213453804016,0.0021030995014527792,0.0018920292405417165,0.9999439797945331,False
7.295,1,315,316,2.5974324999999956,2.5974324999999956,0.0,0.022748968768491716,0.022748968768491716,0.09004768364228967,0.08061179692122841,0.005950210942122902,0.022748968768491716,0.005021003241641776,0.00011725095212290117,0.00011725095212290117,0.0,0.9987084178197084,0.0017974003184171652,0.0016801493662942642,0.9999509475086716,False
7.3235,1,316,317,2.6068374999999957,2.6068374999999957,0.0,0.023924593768491736,0.023924593768491736,0.09001679692122823,0.080109113325167,0.006538023442122879,0.023924593768491736,0.005021003241641776,0.00012739291525699602,0.00012739291525699602,0.0,0.9984957782527851,0.0020052799622999815,0.0018778870470429854,0.9999429414601748,False
7.3535,1,317,318,2.6167374999999953,2.6167374999999953,0.0,0.025162093768491725,0.025162093768491725,0.09000911332516662,0.08443652152713604,0.005572591798030571,0.025162093768491725,0.005021003241641776,0.0001756664287885296,0.0001756664287885296,0.0,0.9986218375588505,0.002639478356871717,0.0024638119280831873,0.9999481350658593,False
7.3705,1,318,319,2.622347499999995,2.622347499999995,0.0,0.025863343768491746,0.025863343768491746,0.09004652152713599,0.08377267972910539,0.0057066542980305605,0.025863343768491746,0.005021003241641776,0.00016586929167202577,0.00016586929167202577,0.0,0.9982913423016007,0.002431798743110461,0.002265929451438435,0.9999350487894073,False
7.3895,1,319,320,2.628617499999995,2.628617499999995,0.0,0.02664709376849176,0.02664709376849176,0.09004267972910526,0.0835522754310747,0.006098529298030545,0.02664709376849176,0.005021003241641776,0.0001299512103155951,0.0001299512103155951,0.0,0.9983482153154503,0.0020951304640638886,0.0019651792537482937,0.9999370761598031,False
7.40925,1,320,321,2.6351349999999947,2.6351349999999947,0.0,0.027461781268491775,0.027461781268491775,0.09006977543107463,0.08276468363304404,0.005331511721061396,0.027461781268491775,0.005021003241641776,0.00012494092003260485,0.00012494092003260485,0.0,0.9984492899432239,0.0020908531251234777,0.001965912205090873,0.9999410032135545,False
7.43125,1,321,322,2.6423949999999947,2.6423949999999943,-4.440892098500626e-16,0.02836928126849176,0.02836928126849176,0.09002468363304374,0.0822039668350132,0.0057852617210613615,0.02836928126849176,0.005021003241641776,0.00018776128335327286,0.00018776128335327286,0.0,0.9982820070981463,0.002717885417884685,0.002530124134531412,0.9999349147054718,False
7.455,1,322,323,2.6502324999999947,2.6502324999999947,0.0,0.029348968768491794,0.029348968768491794,0.0900414668350133,0.0812410625369828,0.005981199221061346,0.029348968768491794,0.005021003241641776,0.0002219632057034318,0.0002219632057034318,0.0,0.998415873529497,0.002916650269670102,0.0026946870639666704,0.9999402094757762,False
7.48175,1,323,324,2.6590599999999944,2.659059999999995,4.440892098500626e-16,0.0304524062684918,0.0304524062684918,0.09006856253698269,0.0817464258159213,0.0065329179710613165,0.0304524062684918,0.005021003241641776,0.00012065083377935283,0.00012065083377935283,0.0,0.99848695793929,0.0018050409871281682,0.0016843901533488154,0.9999424792272543,False
7.507000000000001,1,324,325,2.6673924999999943,2.6673924999999943,0.0,0.0314939687684918,0.0157469843842459,0.09007892581592108,0.08071522659485977,0.007574480471061316,0.0157469843842459,0.005021003241641776,0.0001788439885391329,0.0001788439885391329,0.0,0.9985852119025577,0.001992107240385125,0.001813263251845992,0.9999462106330931,False
7.5352500000000004,1,325,326,2.676714999999994,2.676714999999994,0.0,0.01691229688424591,0.01691229688424591,0.09003772659485945,0.08500009573432882,0.0050376308605306385,0.01691229688424591,0.005021003241641776,0.00011380410001221721,0.00011380410001221721,0.0,0.998773638103642,0.0020104999266910284,0.0018966958266788112,0.9999536167043691,False
7.5505,1,326,327,2.681747499999994,2.681747499999994,0.0,0.017541359384245916,0.017541359384245916,0.09003259573432867,0.08436590237379804,0.0053521621105306234,0.017541359384245916,0.005021003241641776,0.00016301953119507377,0.00016301953119507377,0.0,0.9981081642563535,0.002395580673747115,0.002232561142552041,0.999927989261286,False
7.56775,1,327,328,2.6874399999999943,2.6874399999999943,0.0,0.01825292188424595,0.01825292188424595,0.09005840237379814,0.0839946777632675,0.005316068360530617,0.01825292188424595,0.005021003241641776,0.0001716719964347741,0.0001716719964347741,0.0,0.9982321466638132,0.002469149162631794,0.0022974771661970197,0.9999327904148921,False
7.586,1,328,329,2.6934624999999937,2.6934624999999937,0.0,0.019005734384245927,0.019005734384245927,0.09001717776326716,0.08320064065273652,0.005692474610530583,0.019005734384245927,0.005021003241641776,0.00014373839929137413,0.00014373839929137413,0.0,0.9982335428745731,0.0021544693746231858,0.0020107309753318115,0.9999327294151416,False
7.60675,1,329,330,2.7003099999999938,2.7003099999999938,0.0,0.019861671884245955,0.019861671884245955,0.09004814065273666,0.08312332229220604,0.0058445839855305725,0.019861671884245955,0.005021003241641776,0.0001443108836230201,0.0001443108836230201,0.0,0.9983629962254021,0.0022975589811728425,0.0021532480975498224,0.9999378206688522,False
7.62775,1,330,331,2.707239999999994,2.707239999999994,0.0,0.02072792188424596,0.02072792188424596,0.09005332229220603,0.0822622539316754,0.00627770898553055,0.02072792188424596,0.005021003241641776,0.00014141916337041864,0.00014141916337041864,0.0,0.9984026700217031,0.0022279556496901456,0.002086536486319727,0.999939370599683,False
7.65125,1,331,332,2.714994999999994,2.714994999999994,0.0,0.021697296884245983,0.021697296884245983,0.0900172539316755,0.0816332168211449,0.007247083985530571,0.021697296884245983,0.005021003241641776,0.0002423167448985036,0.0002423167448985036,0.0,0.9985214936339559,0.0023759154730742596,0.002133598728175756,0.9999441243750535,False
7.67675,1,332,333,2.7234099999999937,2.7234099999999937,0.0,0.022749171884245998,0.022749171884245998,0.09004821682114467,0.08061230471061412,0.005950261721061473,0.022749171884245998,0.005021003241641776,0.00019248731209472298,0.00019248731209472298,0.0,0.9987087908745668,0.002449839473385604,0.0022573521612908806,0.9999512912223337,False
7.70525,1,333,334,2.7328149999999933,2.7328149999999933,0.0,0.023924796884245984,0.023924796884245984,0.09001730471061364,0.08010959572508317,0.006538074221061431,0.023924796884245984,0.005021003241641776,0.00012982866819303133,0.00012982866819303133,0.0,0.9984957881826031,0.0019149723524292256,0.0017851436842361943,0.9999429134452023,False
7.73525,1,334,335,2.742714999999993,2.742714999999993,0.0,0.025162296884246007,0.025162296884246007,0.09000959572508307,0.08443699123231785,0.005572604492765213,0.025162296884246007,0.005021003241641776,0.0001745601441473434,0.0001745601441473434,0.0,0.9986218211087513,0.0025928540814238975,0.0024182939372765543,0.9999481211993083,False
7.75225,1,335,336,2.7483249999999932,2.7483249999999932,0.0,0.025863546884246028,0.025863546884246028,0.0900469912323178,0.08377313673955256,0.0057066669927652025,0.025863546884246028,0.005021003241641776,0.0001903192474119874,0.0001903192474119874,0.0,0.9982914637793752,0.002632896149909348,0.0024425769024973604,0.9999351715989655,False
7.77125,1,336,337,2.754594999999993,2.754594999999993,0.0,0.026647296884246042,0.026647296884246042,0.09004313673955244,0.08355271974678723,0.006098541992765187,0.026647296884246042,0.005021003241641776,0.00016395344937435627,0.00016395344937435627,0.0,0.9983483857050037,0.0023598209652070656,0.0021958675158327092,0.9999372298931523,False
7.791,1,337,338,2.7611124999999928,2.7611124999999928,0.0,0.027461984384246022,0.027461984384246022,0.09007021974678686,0.08276511525402167,0.005331537110530663,0.027461984384246022,0.005021003241641776,0.0001456119872451152,0.0001456119872451152,0.0,0.9984493917474124,0.0022132255820649996,0.0020676135948198846,0.999941085406987,False
7.813,1,338,339,2.768372499999993,2.768372499999993,0.0,0.02836948438424604,0.02836948438424604,0.09002511525402165,0.08220438576125648,0.005785287110530646,0.02836948438424604,0.005021003241641776,0.0001984737955688507,0.0001984737955688507,0.0,0.9982820596754752,0.002784485952889819,0.0025860121573209683,0.9999349670911576,False
7.83675,1,339,340,2.7762099999999927,2.7762099999999927,0.0,0.02934917188424604,0.02934917188424604,0.0900418857612563,0.08124146876849117,0.005981224610530623,0.02934917188424604,0.005021003241641776,0.00024922825570960263,0.00024922825570960263,0.0,0.998416004922964,0.003184365962476867,0.0029351377067672645,0.9999403585754104,False
7.8635,1,340,341,2.7850374999999925,2.7850374999999925,0.0,0.03045260938424608,0.03045260938424608,0.09006896876849137,0.08174680665796068,0.006532943360530612,0.03045260938424608,0.005021003241641776,0.00018069333981100982,0.00018069333981100982,0.0,0.9984872539744107,0.0022952407690109075,0.002114547429199898,0.9999427386052726,False
7.88875,1,341,342,2.7933699999999924,2.7933699999999924,0.0,0.03149417188424609,0.015747085942123044,0.09007930665796046,0.08071558204742985,0.007574505860530611,0.015747085942123044,0.005021003241641776,0.0002512304668907509,0.0002512304668907509,0.0,0.9985855658849268,0.002599095100754449,0.0023478646338636984,0.9999465137791093,False
7.917,1,342,343,2.802692499999992,2.802692499999992,0.0,0.016912398442123052,0.016912398442123052,0.09003808204742952,0.08500043849216424,0.0050376435552652804,0.016912398442123052,0.005021003241641776,0.0001219828996760465,0.0001219828996760465,0.0,0.9987736693320102,0.001983714636600714,0.0018617317369246677,0.9999536180615369,False
7.93225,1,343,344,2.807724999999992,2.807724999999992,0.0,0.01754146094212306,0.01754146094212306,0.09003293849216412,0.08436623243689884,0.005352174805265265,0.01754146094212306,0.005021003241641776,0.00019999382722412642,0.00019999382722412642,0.0,0.9981083491036002,0.002692792548420496,0.0024927987211963696,0.9999281602040656,False
7.9495000000000005,1,344,345,2.813417499999992,2.813417499999992,0.0,0.018253023442123057,0.018253023442123057,0.09005873243689864,0.08399499513163339,0.005316081055265256,0.018253023442123057,0.005021003241641776,0.0002112321820362421,0.0002112321820362421,0.0,0.9982323444763308,0.0028125575129917743,0.0026013253309555323,0.999932984011271,False
7.9677500000000006,1,345,346,2.8194399999999917,2.8194399999999917,0.0,0.01900583594212307,0.01900583594212307,0.09001749513163335,0.08320094532636807,0.005692487305265241,0.01900583594212307,0.005021003241641776,0.00019000838986364687,0.00019000838986364687,0.0,0.9982337732092442,0.002539908604019314,0.0023499002141556674,0.9999329419106096,False
7.9885,1,346,347,2.826287499999992,2.826287499999992,0.0,0.019861773442123098,0.019861773442123098,0.09004844532636821,0.0831236142711029,0.0058445966802652205,0.019861773442123098,0.005021003241641776,0.00015100635277367634,0.00015100635277367634,0.0,0.9983630262364814,0.0022773361598980996,0.0021263298071244234,0.9999378309517264,False
8.009500000000001,1,347,348,2.833217499999992,2.833217499999992,0.0,0.02072802344212315,0.02072802344212315,0.09005361427110292,0.08226253321583764,0.006277721680265198,0.02072802344212315,0.005021003241641776,0.00015327894315639274,0.00015327894315639274,0.0,0.9984027235869347,0.0022528805312617764,0.002099601588105384,0.9999394012280294,False
8.033,1,348,349,2.840972499999992,2.840972499999992,0.0,0.02169739844212328,0.02169739844212328,0.09001753321583783,0.0816334834105726,0.007247096680265192,0.02169739844212328,0.005021003241641776,0.0002591914516346895,0.0002591914516346895,0.0,0.9985215668483963,0.002490316725138157,0.0022311252735034677,0.9999441888604069,False
8.0585,1,349,350,2.8493874999999917,2.8493874999999917,0.0,0.022749273442123373,0.022749273442123373,0.09004848341057214,0.08061255860530699,0.005950287110530778,0.022749273442123373,0.005021003241641776,0.00026061131933939206,0.00026061131933939206,0.0,0.998709123915663,0.003091091758526572,0.00283048043918718,0.9999516250296209,False
8.087,1,350,351,2.858792499999992,2.858792499999992,0.0,0.02392489844212356,0.02392489844212356,0.09001755860530716,0.08010983692504205,0.006538099610530773,0.02392489844212356,0.005021003241641776,0.00015575667817494066,0.00015575667817494066,0.0,0.998495912102648,0.002047101689661185,0.0018913450114862443,0.9999429932949054,False
8.117,1,351,352,2.8686924999999914,2.8686924999999914,0.0,0.025162398442123684,0.025162398442123684,0.09000983692504169,0.08443722608490917,0.005572610840132516,0.025162398442123684,0.005021003241641776,0.00017728069604685954,0.00017728069604685954,0.0,0.9986218220425338,0.0025568726106771217,0.002379591914630262,0.999948111159864,False
8.134,1,352,353,2.874302499999991,2.874302499999991,0.0,0.025863648442123747,0.025863648442123747,0.09004722608490887,0.0837733652447764,0.005706673340132487,0.025863648442123747,0.005021003241641776,0.00021290420582150937,0.00021290420582150937,0.0,0.9982915732548576,0.0028049227398346047,0.002592018534013095,0.9999352763011974,False
8.153,1,353,354,2.8805724999999907,2.8805724999999907,0.0,0.026647398442123847,0.026647398442123847,0.09004336524477632,0.08355294190464385,0.006098548340132471,0.026647398442123847,0.005021003241641776,0.0001989745416660849,0.0001989745416660849,0.0,0.9983485586473906,0.0026484511076513804,0.0024494765659852954,0.9999373914767512,False
8.17275,1,354,355,2.887089999999991,2.887089999999991,0.0,0.027462085942123952,0.027462085942123952,0.09007044190464379,0.08276533106451132,0.005331549805265308,0.027462085942123952,0.005021003241641776,0.00017400194379743123,0.00017400194379743123,0.0,0.9984495302417237,0.0024156628579278944,0.002241660914130463,0.9999412031328395,False
8.19475,1,355,356,2.8943499999999904,2.8943499999999904,0.0,0.028369585942124072,0.028369585942124072,0.09002533106451131,0.08220459522437887,0.005785299805265292,0.028369585942124072,0.005021003241641776,0.0002069467444428561,0.0002069467444428561,0.0,0.9982820972582045,0.002823324587429288,0.0026163778429864316,0.9999350019888259,False
8.2185,1,356,357,2.9021874999999904,2.9021874999999904,0.0,0.02934927344212418,0.02934927344212418,0.09004209522437867,0.08124167188424627,0.005981237305265258,0.02934927344212418,0.005021003241641776,0.000264941027375547,0.000264941027375547,0.0,0.9984160758764433,0.003324329342082318,0.003059388314706771,0.9999404413578625,False
8.24525,1,357,358,2.91101499999999,2.91101499999999,0.0,0.030452710942124307,0.030452710942124307,0.09006917188424614,0.08174699707898091,0.0065329560552652285,0.030452710942124307,0.005021003241641776,0.00023867969929776645,0.00023867969929776645,0.0,0.9984875369673424,0.0028085339152693865,0.0025698542159716203,0.999943005871907,False
8.2705,1,358,359,2.91934749999999,2.91934749999999,0.0,0.031494273442124396,0.015747136721062198,0.09007949707898069,0.08071575977371552,0.007574518555265199,0.015747136721062198,0.005021003241641776,0.0003078761410666748,0.0003078761410666748,0.0,0.998585837737474,0.0031072067117080514,0.0027993305706413766,0.9999467656646808,False
8.29875,1,359,360,2.9286699999999906,2.9286699999999906,0.0,0.016912449221062335,0.016912449221062335,0.09003825977371546,0.0850006098710829,0.005037649902632557,0.016912449221062335,0.005021003241641776,0.00015060170758063286,0.00015060170758063286,0.0,0.9987738030559514,0.0021697717052163237,0.002019169997635691,0.9999537219922333,False
8.314,1,360,361,2.93370249999999,2.93370249999999,0.0,0.01754151172106241,0.01754151172106241,0.09003310987108289,0.08436639746845034,0.005352181152632542,0.01754151172106241,0.005021003241641776,0.00023944167799255,0.00023944167799255,0.0,0.9981085428855146,0.003041129943739826,0.002801688265747276,0.9999283510950429,False
8.33125,1,361,362,2.9393949999999904,2.9393949999999904,0.0,0.018253074221062524,0.018253074221062524,0.09005889746845057,0.08399515381581801,0.005316087402632548,0.018253074221062524,0.005021003241641776,0.00024807517801603073,0.00024807517801603073,0.0,0.9982325263472847,0.0031424208817045288,0.002894345703688498,0.9999331657888285,False
8.3495,1,362,363,2.9454174999999907,2.9454174999999907,0.0,0.01900588672106262,0.01900588672106262,0.09001765381581808,0.08320109766318554,0.005692493652632532,0.01900588672106262,0.005021003241641776,0.00023628074564612086,0.00023628074564612086,0.0,0.998234000797291,0.0029514393780738155,0.0027151586324276945,0.9999331625972231,False
8.37025,1,363,364,2.9522649999999904,2.9522649999999904,0.0,0.019861824221062706,0.019861824221062706,0.09004859766318547,0.08312376026055296,0.005844603027632511,0.019861824221062706,0.005021003241641776,0.0001687099251202314,0.0001687099251202314,0.0,0.9983631107573087,0.002362563107017185,0.0021938531818969536,0.999937888848327,False
8.39125,1,364,365,2.9591949999999905,2.9591949999999905,0.0,0.020728074221062844,0.020728074221062844,0.09005376026055331,0.08226267285792078,0.006277728027632507,0.020728074221062844,0.005021003241641776,0.00016897553960211606,0.00016897553960211606,0.0,0.9984027959368965,0.002320561536404947,0.002151585996802831,0.9999394487316428,False
8.41475,1,365,366,2.966949999999991,2.966949999999991,0.0,0.021697449221062974,0.021697449221062974,0.09001767285792098,0.08163361670528849,0.007247103027632501,0.021697449221062974,0.005021003241641776,0.0002677332366784083,0.0002677332366784083,0.0,0.9985215981483878,0.0025174204259435437,0.0022496871892651355,0.999944208268466,False
8.44025,1,366,367,2.9753649999999903,2.9753649999999903,0.0,0.02274932422106307,0.02274932422106307,0.09004861670528803,0.08061268555265563,0.005950299805265702,0.02274932422106307,0.005021003241641776,0.0003084878726205599,0.0003084878726205599,0.0,0.9987093539302123,0.0035602212525892712,0.0032517333799687116,0.9999518691965111,False
8.46875,1,367,368,2.9847699999999904,2.9847699999999904,0.0,0.023924949221063183,0.023924949221063183,0.09001768555265521,0.08010995752502287,0.00653811230526566,0.023924949221063183,0.005021003241641776,0.0002011687858977129,0.0002011687858977129,0.0,0.998496132413189,0.002397677116767298,0.002196508330869585,0.9999431783580249,False
8.49875,1,368,369,2.9946699999999904,2.9946699999999904,0.0,0.02516244922106338,0.02516244922106338,0.09000995752502308,0.08443734351120691,0.005572614013816174,0.02516244922106338,0.005021003241641776,0.00018740557667848223,0.00018740557667848223,0.0,0.998621862067655,0.0025812283605258952,0.002393822783847413,0.999948129344457,False
8.51575,1,369,370,3.0002799999999903,3.0002799999999903,0.0,0.025863699221063442,0.025863699221063442,0.0900473435112066,0.08377347949739047,0.0057066765138161415,0.025863699221063442,0.005021003241641776,0.00023886264760229588,0.00023886264760229588,0.0,0.9982916986364573,0.003009244810320697,0.0027703821627184013,0.9999353921949501,False
8.53475,1,370,371,3.00654999999999,3.00654999999999,0.0,0.026647449221063543,0.026647449221063543,0.09004347949739039,0.08355305298357427,0.006098551513816126,0.026647449221063543,0.005021003241641776,0.00023272691192919976,0.00023272691192919976,0.0,0.9983487242782405,0.0029390772615250083,0.0027063503495958086,0.9999375493127665,False
8.5545,1,371,372,3.0130674999999902,3.0130674999999902,0.0,0.027462136721063648,0.027462136721063648,0.09007055298357422,0.0827654389697581,0.0053315561526327705,0.027462136721063648,0.005021003241641776,0.0002082006397065685,0.0002082006397065685,0.0,0.998449697180702,0.002691648955555851,0.0024834483158492826,0.9999413525795977,False
8.5765,1,372,373,3.02032749999999,3.02032749999999,0.0,0.028369636721063768,0.028369636721063768,0.09002543896975809,0.08220469995594198,0.005785306152632754,0.028369636721063768,0.005021003241641776,0.00021287979075969792,0.00021287979075969792,0.0,0.9982821216906324,0.002831729778954118,0.0026188499881944203,0.9999350180296318,False
8.60025,1,373,374,3.02816499999999,3.02816499999999,0.0,0.029349324221063875,0.029349324221063875,0.09004219995594179,0.08124177344212574,0.0059812436526327385,0.029349324221063875,0.005021003241641776,0.0002751865949380314,0.0002751865949380314,0.0,0.9984161190391051,0.0034085058867189023,0.003133319291780871,0.9999404928493413,False
8.627,1,374,375,3.0369924999999895,3.0369924999999895,0.0,0.030452761721064002,0.030452761721064002,0.0900692734421256,0.08174709228949292,0.006532962402632709,0.030452761721064002,0.005021003241641776,0.00028768849781456586,0.00028768849781456586,0.0,0.9984877739187017,0.003267960693674646,0.00298027219586008,0.9999432427713377,False
8.65225,1,375,376,3.0453249999999894,3.0453249999999894,0.0,0.031494324221064095,0.015747162110532047,0.09007959228949271,0.08071584863686007,0.0075745249026326796,0.015747162110532047,0.005021003241641776,0.00034099764952801937,0.00034099764952801937,0.0,0.998585991777458,0.003415930051182299,0.0030749324016542796,0.9999469169716811,False
8.6805,1,376,377,3.054647499999989,3.054647499999989,0.0,0.016912474610532184,0.016912474610532184,0.09003834863686,0.08500069556054371,0.005037653076316288,0.016912474610532184,0.005021003241641776,0.0001912060090102636,0.0001912060090102636,0.0,0.9987739979582713,0.0024973790115724592,0.0023061730025621956,0.9999538928795808,False
8.69575,1,377,378,3.0596799999999895,3.0596799999999895,0.0,0.01754153711053226,0.01754153711053226,0.0900331955605437,0.08436647998422742,0.005352184326316273,0.01754153711053226,0.005021003241641776,0.00027279696543345443,0.00027279696543345443,0.0,0.9981087047894852,0.003355191014481562,0.0030823940490481076,0.9999285193897706,False
8.713000000000001,1,378,379,3.06537249999999,3.0653724999999894,-4.440892098500626e-16,0.018253099610532373,0.018253099610532373,0.09005897998422766,0.08399523315791135,0.005316090576316288,0.018253099610532373,0.005021003241641776,0.0002779262299665138,0.0002779262299665138,0.0,0.9982326724629033,0.003418866796083657,0.0031409405661171432,0.9999333157094625,False
8.731250000000001,1,379,380,3.071394999999989,3.071394999999989,0.0,0.01900591211053247,0.01900591211053247,0.09001773315791142,0.08320117383159516,0.005692496826316272,0.01900591211053247,0.005021003241641776,0.00027769151958172643,0.00027769151958172643,0.0,0.9982342033332708,0.003334943294514954,0.0030572517749332274,0.9999333647184895,False
8.752,1,380,381,3.0782424999999893,3.0782424999999893,0.0,0.019861849610532556,0.019861849610532556,0.09004867383159508,0.08312383325527885,0.0058446062013162514,0.019861849610532556,0.005021003241641776,0.0001964873035396123,0.0001964873035396123,0.0,0.9983632458997888,0.0025576380769620974,0.002361150773422485,0.9999379961438911,False
8.773,1,381,382,3.08517249999999,3.08517249999999,0.0,0.020728099610532694,0.020728099610532694,0.09005383325527919,0.08226274267896293,0.0062777312013162475,0.020728099610532694,0.005021003241641776,0.00018998370395730083,0.00018998370395730083,0.0,0.9984028960687729,0.0024486237999272187,0.002258640095969918,0.9999395218403139,False
8.7965,1,382,383,3.0929274999999894,3.0929274999999894,0.0,0.02169747461053275,0.02169747461053275,0.09001774267896254,0.08163368335264637,0.007247106201316167,0.02169747461053275,0.005021003241641776,0.0002688920345196331,0.0002688920345196331,0.0,0.998521594038688,0.002478966232683087,0.002210074198163454,0.9999441932387353,False
8.822000000000001,1,383,384,3.1013424999999897,3.1013424999999897,0.0,0.022749349610532918,0.022749349610532918,0.09004868335264651,0.08061274902633037,0.005950306152633183,0.022749349610532918,0.005021003241641776,0.00034026053583772803,0.00034026053583772803,0.0,0.9987095041886188,0.0038854740648453998,0.0035452135290076716,0.9999520380086623,False
8.8505,1,384,385,3.1107474999999893,3.1107474999999893,0.0,0.023924974610533032,0.023924974610533032,0.09001774902632996,0.08011001782501387,0.006538118652633141,0.023924974610533032,0.005021003241641776,0.00025350613436333114,0.00025350613436333114,0.0,0.9984963881333245,0.0028548367034219035,0.0026013305690585726,0.999943412868083,False
8.8805,1,385,386,3.12064749999999,3.12064749999999,0.0,0.02516247461053323,0.02516247461053323,0.09001001782501408,0.08443740222435603,0.005572615600658044,0.02516247461053323,0.005021003241641776,0.0002083309727315596,0.0002083309727315596,0.0,0.9986219594307977,0.002711397444458495,0.0025030664717269357,0.9999481985476617,False
8.8975,1,386,387,3.1262574999999893,3.1262574999999893,0.0,0.02586372461053329,0.02586372461053329,0.09004740222435574,0.08377353662369774,0.005706678100658012,0.02586372461053329,0.005021003241641776,0.000270301940035808,0.000270301940035808,0.0,0.9982918514118053,0.0032759675945289723,0.0030056656544931643,0.9999355339695184,False
8.916500000000001,1,387,388,3.1325274999999895,3.1325274999999895,0.0,0.026647474610533392,0.026647474610533392,0.09004353662369766,0.08355310852303965,0.006098553100657996,0.026647474610533392,0.005021003241641776,0.00026497040609002896,0.00026497040609002896,0.0,0.9983488823201145,0.003225657425860857,0.002960687019770828,0.9999377007496487,False
8.93625,1,388,389,3.139044999999989,3.139044999999989,0.0,0.027462162110533497,0.027462162110533497,0.09007060852303961,0.08276549292238161,0.005331559326316511,0.027462162110533497,0.005021003241641776,0.00024451224136004095,0.00024451224136004095,0.0,0.9984498749419741,0.0030080448442410326,0.0027635326028809916,0.9999415178566498,False
8.95825,1,389,390,3.1463049999999892,3.1463049999999892,0.0,0.028369662110533617,0.028369662110533617,0.0900254929223816,0.08220475232172361,0.005785309326316494,0.028369662110533617,0.005021003241641776,0.00021957006497148776,0.00021957006497148776,0.0,0.9982821509531267,0.002840360056993105,0.002620789992021617,0.9999350301582312,False
8.982,1,390,391,3.1541424999999887,3.154142499999989,4.440892098500626e-16,0.029349349610533725,0.029349349610533725,0.09004225232172344,0.08124182422106552,0.005981246826316479,0.029349349610533725,0.005021003241641776,0.0002794467767841978,0.0002794467767841978,0.0,0.9984161334156687,0.003433044784006904,0.0031535980072227065,0.9999405114316996,False
9.008750000000001,1,391,392,3.162969999999989,3.162969999999989,0.0,0.03045278711053385,0.03045278711053385,0.09006932422106538,0.08174713989474895,0.006532965576316449,0.03045278711053385,0.005021003241641776,0.0003265286068801618,0.0003265286068801618,0.0,0.9984879609328113,0.003650189010767798,0.003323660403887636,0.9999434379261603,False
9.034,1,392,393,3.171302499999989,3.171302499999989,0.0,0.03149434961053394,0.01574717480526697,0.09007963989474874,0.08071589306843235,0.00757452807631642,0.01574717480526697,0.005021003241641776,0.0003508151578105229,0.0003508151578105229,0.0,0.9985860305085016,0.0035203967433283835,0.0031695815855178606,0.9999469659807774,False
9.06225,1,393,394,3.1806249999999885,3.1806249999999885,0.0,0.016912487305267107,0.016912487305267107,0.0900383930684323,0.08500073840527414,0.0050376546631581585,0.016912487305267107,0.005021003241641776,0.00023717633330820354,0.00023717633330820354,0.0,0.9987742216069914,0.0029102023987200715,0.002673026065411868,0.9999541030466577,False
9.0775,1,394,395,3.1856574999999885,3.1856574999999885,0.0,0.017541549805267183,0.017541549805267183,0.09003323840527412,0.08436652124211598,0.0053521859131581435,0.017541549805267183,0.005021003241641776,0.0002936752823127306,0.0002936752823127306,0.0,0.9981088042672155,0.0035626150674554144,0.0032689397851426837,0.9999286300485623,False
9.09475,1,395,396,3.191349999999989,3.191349999999989,0.0,0.018253112305267296,0.018253112305267296,0.0900590212421162,0.08399527282895805,0.0053160921631581586,0.018253112305267296,0.005021003241641776,0.0002996977306751139,0.0002996977306751139,0.0,0.9982327782808796,0.003627327912439436,0.003327630181764322,0.999933426564742,False
9.113,1,396,397,3.1973724999999886,3.1973724999999886,0.0,0.01900592480526739,0.01900592480526739,0.0900177728289581,0.08320121191579996,0.005692498413158143,0.01900592480526739,0.005021003241641776,0.00031522692152843905,0.00031522692152843905,0.0,0.9982343870644795,0.0036881698394030174,0.0033729429178745783,0.9999335473276828,False
9.133750000000001,1,397,398,3.2042199999999887,3.2042199999999887,0.0,0.01986186230526748,0.01986186230526748,0.09004871191579988,0.08312386975264177,0.005844607788158122,0.01986186230526748,0.005021003241641776,0.00023159889227246188,0.00023159889227246188,0.0,0.9983634186246413,0.0028468369364833684,0.0026152380442109064,0.9999381456629649,False
9.15475,1,398,399,3.2111499999999884,3.2111499999999884,0.0,0.020728112305267544,0.020728112305267544,0.09005386975264154,0.08226277758948349,0.006277732788158082,0.020728112305267544,0.005021003241641776,0.0002154583761922969,0.0002154583761922969,0.0,0.9984030204641358,0.0026322039335774164,0.0024167455573851195,0.9999396184362519,False
9.17825,1,399,400,3.218904999999989,3.218904999999989,0.0,0.021697487305267674,0.021697487305267674,0.09001777758948368,0.08163371667632564,0.007247107788158075,0.021697487305267674,0.005021003241641776,0.00026053735808838975,0.00026053735808838975,0.0,0.998521544693957,0.0023487517957860513,0.0020882144376976617,0.9999441311321072,False
9.20375,1,400,401,3.227319999999989,3.2273199999999886,-4.440892098500626e-16,0.02274936230526784,0.02274936230526784,0.09004871667632577,0.08061278076316776,0.005950309326316914,0.02274936230526784,0.005021003241641776,0.00035886777166583916,0.00035886777166583916,0.0,0.998709590135814,0.004098588236805638,0.003739720465139799,0.9999521473675718,False
9.23225,1,401,402,3.2367249999999883,3.2367249999999883,0.0,0.023924987305267955,0.023924987305267955,0.09001778076316735,0.08011004797500938,0.006538121826316872,0.023924987305267955,0.005021003241641776,0.00030461003853375667,0.00030461003853375667,0.0,0.9984966383757475,0.0033377534320883154,0.0030331433935545586,0.9999436570324086,False
9.26225,1,402,403,3.2466249999999883,3.2466249999999888,4.440892098500626e-16,0.025162487305268152,0.025162487305268152,0.09001004797500961,0.08443743158093064,0.0055726163940789785,0.025162487305268152,0.005021003241641776,0.0002439048657736261,0.0002439048657736261,0.0,0.9986221334937639,0.002998899935150838,0.002754995069377212,0.9999483446565807,False
9.27925,1,403,404,3.252234999999988,3.252234999999988,0.0,0.025863737305268215,0.025863737305268215,0.09004743158093033,0.08377356518685139,0.005706678894078966,0.025863737305268215,0.005021003241641776,0.00030526751418167946,0.00030526751418167946,0.0,0.998292022225219,0.003599607683760192,0.0032943401695785125,0.999935699521367,False
9.29825,1,404,405,3.258504999999988,3.2585049999999884,4.440892098500626e-16,0.026647487305268315,0.026647487305268315,0.0900435651868513,0.08355313629277236,0.00609855389407895,0.026647487305268315,0.005021003241641776,0.0002964411067465894,0.0002964411067465894,0.0,0.9983490369437631,0.003517768282750338,0.0032213271760037484,0.9999378511644359,False
9.318,1,405,406,3.265022499999988,3.265022499999988,0.0,0.02746217480526842,0.02746217480526842,0.09007063629277232,0.08276551989869337,0.005331560913158376,0.02746217480526842,0.005021003241641776,0.00028160383797141313,0.00028160383797141313,0.0,0.998450056927129,0.0033491078230801635,0.0030675039851087503,0.9999416921017467,False
9.34,1,406,407,3.272282499999988,3.272282499999988,0.0,0.02836967480526854,0.02836967480526854,0.09002551989869335,0.08220477850461441,0.00578531091315836,0.02836967480526854,0.005021003241641776,0.00022984453118304724,0.00022984453118304724,0.0,0.9982822001579535,0.002880349793899166,0.002650505262716119,0.9999350542569513,False
9.36375,1,407,408,3.280119999999988,3.280119999999988,0.0,0.029349362305268648,0.029349362305268648,0.09004227850461423,0.08124184961053535,0.005981248413158343,0.029349362305268648,0.005021003241641776,0.0002755217851577738,0.0002755217851577738,0.0,0.9984161087265578,0.0033759009608943097,0.003100379175736536,0.999940486632479,False
9.3905,1,408,409,3.2889474999999884,3.288947499999988,-4.440892098500626e-16,0.030452799805268774,0.030452799805268774,0.09006934961053521,0.08174716369737692,0.006532967163158314,0.030452799805268774,0.005021003241641776,0.0003519163322491495,0.0003519163322491495,0.0,0.9984880822067839,0.003922334443995118,0.0035704181117459685,0.9999435754694767,False
9.415750000000001,1,409,410,3.2972799999999878,3.2972799999999878,0.0,0.031494362305268864,0.015747181152634432,0.09007966369737672,0.08071591528421848,0.007574529663158284,0.015747181152634432,0.005021003241641776,0.00033482873460950036,0.00033482873460950036,0.0,0.9985859415528282,0.0033784394076060743,0.003043610672996574,0.9999468925056847,False
9.444,1,410,411,3.306602499999988,3.306602499999988,0.0,0.01691249365263457,0.01691249365263457,0.0900384152842184,0.0850007598276393,0.005037655456579091,0.01691249365263457,0.005021003241641776,0.0002825413201658494,0.0002825413201658494,0.0,0.9987744440581187,0.003345423967508747,0.0030628826473428974,0.9999543217501915,False
9.45925,1,411,412,3.3116349999999874,3.3116349999999874,0.0,0.017541556152634644,0.017541556152634644,0.0900332598276393,0.08436654187106021,0.005352186706579076,0.017541556152634644,0.005021003241641776,0.0002994168899204067,0.0002994168899204067,0.0,0.9981088289816779,0.003624477205695996,0.003325060315775589,0.9999286646740478,False
9.4765,1,412,413,3.3173274999999878,3.3173274999999878,0.0,0.018253118652634757,0.018253118652634757,0.09005904187106045,0.08399529266448136,0.005316092956579091,0.018253118652634757,0.005021003241641776,0.0003125721061622624,0.0003125721061622624,0.0,0.9982328402592031,0.003754577309163426,0.0034420052030011638,0.999933492963302,False
9.49475,1,413,414,3.323349999999988,3.323349999999988,0.0,0.019005931152634853,0.019005931152634853,0.09001779266448141,0.08320123095790234,0.005692499206579075,0.019005931152634853,0.005021003241641776,0.00034180698215082795,0.00034180698215082795,0.0,0.998234516681355,0.003959024249550275,0.003617217267399447,0.9999336843887704,False
9.5155,1,414,415,3.3301974999999877,3.3301974999999877,0.0,0.01986186865263494,0.01986186865263494,0.09004873095790228,0.08312388800132323,0.005844608581579053,0.01986186865263494,0.005021003241641776,0.0002723536595757127,0.0002723536595757127,0.0,0.9983636198922509,0.003219427793946718,0.0029470741343710053,0.9999383333461555,False
9.5365,1,415,416,3.337127499999988,3.337127499999988,0.0,0.020728118652635005,0.020728118652635005,0.090053888001323,0.082262795044744,0.006277733581579013,0.020728118652635005,0.005021003241641776,0.0002485392728594088,0.0002485392728594088,0.0,0.9984031839922636,0.002908375358646541,0.0026598360857871322,0.9999397580226775,False
9.56,1,416,417,3.3448824999999878,3.3448824999999873,-4.440892098500626e-16,0.021697493652635135,0.021697493652635135,0.09001779504474419,0.08163373333816523,0.007247108581579007,0.021697493652635135,0.005021003241641776,0.0002404527535724242,0.0002404527535724242,0.0,0.9985214397921565,0.002091190355823301,0.0018507376022508769,0.9999440046435175,False
9.5855,1,417,418,3.3532974999999876,3.3532974999999876,0.0,0.022749368652635302,0.022749368652635302,0.09004873333816538,0.08061279663158641,0.005950310913158779,0.022749368652635302,0.005021003241641776,0.0003568688498273017,0.0003568688498273017,0.0,0.9987095744066111,0.004122015934668585,0.0037651470848412837,0.9999521596021326,False
9.614,1,418,419,3.3627024999999873,3.3627024999999873,0.0,0.023924993652635416,0.023924993652635416,0.090017796631586,0.0801100630500071,0.006538123413158737,0.023924993652635416,0.005021003241641776,0.00034566563803341244,0.00034566563803341244,0.0,0.9984968396138385,0.0037592471917985842,0.003413581553765172,0.9999438679844426,False
9.644,1,419,420,3.372602499999987,3.372602499999987,0.0,0.02516249365263554,0.02516249365263554,0.09001006305000675,0.08443744625921734,0.005572616790789408,0.02516249365263554,0.005021003241641776,0.00029313364240419353,0.00029313364240419353,0.0,0.9986223777291036,0.0034490590556685956,0.0031559254132644023,0.9999485704099224,False
9.661,1,420,421,3.378212499999987,3.378212499999987,0.0,0.025863743652635676,0.025863743652635676,0.09004744625921762,0.08377357946842817,0.005706679290789432,0.025863743652635676,0.005021003241641776,0.00033437448717381796,0.00033437448717381796,0.0,0.9982921641605071,0.0038974718500538255,0.0035630973628800076,0.9999358485148365,False
9.68,1,421,422,3.384482499999987,3.384482499999987,0.0,0.026647493652635777,0.026647493652635777,0.0900435794684281,0.08355315017763867,0.006098554290789416,0.026647493652635777,0.005021003241641776,0.00032287189486025373,0.00032287189486025373,0.0,0.998349166864612,0.003778569432714124,0.00345569753785387,0.9999379823878073,False
9.69975,1,422,423,3.3909999999999867,3.390999999999987,4.440892098500626e-16,0.027462181152635882,0.027462181152635882,0.09007065017763863,0.08276553338684922,0.005331561706579308,0.027462181152635882,0.005021003241641776,0.000317723808210804,0.000317723808210804,0.0,0.9984502350069814,0.003696111231614292,0.003378387423403488,0.9999418664929253,False
9.72175,1,423,424,3.3982599999999863,3.3982599999999863,0.0,0.02836968115263593,0.02836968115263593,0.09002553338684863,0.0822047915960593,0.005785311706579256,0.02836968115263593,0.005021003241641776,0.00024928835472566504,0.00024928835472566504,0.0,0.9982822970285116,0.0030154242008552344,0.0027661358461295695,0.9999351224010459,False
9.7455,1,424,425,3.4060974999999867,3.4060974999999867,0.0,0.02934936865263611,0.02934936865263611,0.0900422915960597,0.08124186230527035,0.005981249206579276,0.02934936865263611,0.005021003241641776,0.0002606326190690596,0.0002606326190690596,0.0,0.9984160318052079,0.0031967075057660783,0.0029360748866970186,0.9999403990503222,False
9.77225,1,425,426,3.414924999999987,3.414924999999987,0.0,0.030452806152636236,0.030452806152636236,0.09006936230527021,0.08174717559869099,0.006532967956579247,0.030452806152636236,0.005021003241641776,0.00035881555908851633,0.00035881555908851633,0.0,0.9984881125943607,0.004028614540612766,0.00366979898152425,0.9999436280988148,False
9.7975,1,426,427,3.4232574999999867,3.4232574999999867,0.0,0.03149436865263632,0.01574718432631816,0.09007967559869076,0.0807159263921116,0.0075745304565792175,0.01574718432631816,0.005021003241641776,0.0002941180755765962,0.0002941180755765962,0.0,0.9985857315697336,0.0029708039499952293,0.0026766858744186332,0.9999466877958966,False
9.82575,1,427,428,3.4325799999999864,3.4325799999999864,0.0,0.016912496826318298,0.016912496826318298,0.09003842639211153,0.08500077053882196,0.0050376558532895755,0.016912496826318298,0.005021003241641776,0.00032020074990550643,0.00032020074990550643,0.0,0.9987746296400623,0.003731402889694556,0.0034112021397890496,0.9999545138290781,False
9.841000000000001,1,428,429,3.4376124999999864,3.4376124999999864,0.0,0.017541559326318373,0.017541559326318373,0.09003327053882193,0.08436655218553238,0.0053521871032895605,0.017541559326318373,0.005021003241641776,0.0002906872810977468,0.0002906872810977468,0.0,0.9981087828824988,0.0035325978589982668,0.00324191057790052,0.999928620001205,False
9.85825,1,429,430,3.4433049999999863,3.4433049999999863,0.0,0.018253121826318414,0.018253121826318414,0.09005905218553202,0.08399530258224253,0.005316093353289521,0.018253121826318414,0.005021003241641776,0.0003185593499456227,0.0003185593499456227,0.0,0.9982328686197931,0.0038170021276967836,0.003498442777751161,0.9999335239611937,False
9.8765,1,430,431,3.449327499999986,3.449327499999986,0.0,0.01900593432631851,0.01900593432631851,0.0900178025822426,0.08320124047895311,0.005692499603289505,0.01900593432631851,0.005021003241641776,0.0003574853836884217,0.0003574853836884217,0.0,0.9982345927259832,0.0041382274278547945,0.003780742044166373,0.999933772439526,False
9.89725,1,431,432,3.4561749999999867,3.4561749999999867,0.0,0.01986187182631867,0.01986187182631867,0.09004874047895361,0.08312389712566406,0.00584460897828952,0.01986187182631867,0.005021003241641776,0.0003121046018030862,0.0003121046018030862,0.0,0.9983638167453068,0.0036071093233313034,0.003295004721528217,0.9999385264035654,False
9.91825,1,432,433,3.4631049999999863,3.4631049999999863,0.0,0.020728121826318734,0.020728121826318734,0.09005389712566383,0.08226280377237433,0.0062777339782894796,0.020728121826318734,0.005021003241641776,0.00029214640547072895,0.00029214640547072895,0.0,0.9984034005610776,0.003310512727891013,0.003018366322420284,0.9999399585390925,False
9.94175,1,433,434,3.4708599999999867,3.4708599999999867,0.0,0.021697496826318864,0.021697496826318864,0.09001780377237452,0.08163374166908506,0.007247108978289473,0.021697496826318864,0.005021003241641776,0.0002200010747517043,0.0002200010747517043,0.0,0.9985213386389035,0.001799023916855061,0.0015790228421033567,0.9999438602957564,False
9.96725,1,434,435,3.479274999999986,3.479274999999986,0.0,0.02274937182631896,0.02274937182631896,0.09004874166908461,0.08061280456579523,0.005950311706579675,0.02274937182631896,0.005021003241641776,0.0003275840246697803,0.0003275840246697803,0.0,0.9987094230193261,0.003876449536354125,0.0035488655116843446,0.9999520361936853,False
9.995750000000001,1,435,436,3.4886799999999862,3.4886799999999862,0.0,0.023924996826319146,0.023924996826319146,0.0900178045657954,0.08011007058750604,0.006538124206579669,0.023924996826319146,0.005021003241641776,0.0003642962227805701,0.0003642962227805701,0.0,0.9984969298701046,0.003990178209626879,0.0036258819868463087,0.9999439816059387,False
10.02575,1,436,437,3.498579999999986,3.498579999999986,0.0,0.02516249682631927,0.02516249682631927,0.09001007058750568,0.08443745359836102,0.005572616989144641,0.02516249682631927,0.005021003241641776,0.00034495244444008016,0.00034495244444008016,0.0,0.9986226363107606,0.003971948808757279,0.003626996364317199,0.9999488307241795,False
10.04275,1,437,438,3.504189999999986,3.504189999999986,0.0,0.025863746826319405,0.025863746826319405,0.09004745359836133,0.08377358660921665,0.005706679489144665,0.025863746826319405,0.005021003241641776,0.0003362626003891824,0.0003362626003891824,0.0,0.9982921706955736,0.003952458989430134,0.0036161963890409517,0.9999358743377441,False
10.06175,1,438,439,3.5104599999999855,3.510459999999986,4.440892098500626e-16,0.026647496826319433,0.026647496826319433,0.09004358660921598,0.0835531571200714,0.006098554489144613,0.026647496826319433,0.005021003241641776,0.00033155595337652517,0.00033155595337652517,0.0,0.9983492086729392,0.0038820961514929274,0.0035505401981164022,0.9999380326509876,False
10.0815,1,439,440,3.5169774999999857,3.5169774999999857,0.0,0.027462184326319538,0.027462184326319538,0.09007065712007134,0.08276554013092677,0.005331562103289757,0.027462184326319538,0.005021003241641776,0.0003472539217996917,0.0003472539217996917,0.0,0.9984503810081249,0.003995039169343434,0.003647785247543742,0.9999420145023121,False
10.1035,1,440,441,3.5242374999999857,3.5242374999999857,0.0,0.028369684326319658,0.028369684326319658,0.09002554013092677,0.08220479814178218,0.00578531210328974,0.028369684326319658,0.005021003241641776,0.0002817183203661107,0.0002817183203661107,0.0,0.998282459233437,0.0033000864868225656,0.003018368166456455,0.9999352629449934,False
10.12725,1,441,442,3.5320749999999856,3.5320749999999856,0.0,0.029349371826319765,0.029349371826319765,0.09004229814178198,0.08124186865263744,0.005981249603289706,0.029349371826319765,0.005021003241641776,0.00024119331579483224,0.00024119331579483224,0.0,0.9984159355312466,0.0029401521476666546,0.0026989588318718223,0.9999402711534473,False
10.154,1,442,443,3.5409024999999854,3.5409024999999854,0.0,0.030452809326319892,0.030452809326319892,0.09006936865263732,0.08174718154934764,0.006532968353289676,0.030452809326319892,0.005021003241641776,0.00033840184315624296,0.00033840184315624296,0.0,0.9984880076618772,0.003871557597303857,0.0035331557541476138,0.999943547938189,False
10.17925,1,443,444,3.5492349999999857,3.5492349999999857,0.0,0.031494371826320054,0.015747185913160027,0.090079681549348,0.0807159319460583,0.0075745308532897205,0.015747185913160027,0.005021003241641776,0.00024412799009771203,0.00024412799009771203,0.0,0.9985854807897291,0.002416370282973923,0.002172242292876211,0.9999464117787313,False
10.2075,1,444,445,3.5585574999999854,3.5585574999999854,0.0,0.016912498413160164,0.016912498413160164,0.09003843194605823,0.08500077589441342,0.005037656051644818,0.016912498413160164,0.005021003241641776,0.0003450058481452742,0.0003450058481452742,0.0,0.9987747522300356,0.004018056811376965,0.0036730509632316903,0.9999546544041577,False
10.22275,1,445,446,3.563589999999986,3.563589999999986,0.0,0.01754156091316024,0.01754156091316024,0.09003327589441341,0.0843665573427686,0.005352187301644803,0.01754156091316024,0.005021003241641776,0.0002748002854031783,0.0002748002854031783,0.0,0.9981087028729739,0.003345942808597749,0.0030711425231945704,0.999928525738787,False
10.24,1,446,447,3.5692824999999853,3.5692824999999853,0.0,0.01825312341316028,0.01825312341316028,0.09005905734276826,0.0839953075411235,0.0053160935516447716,0.01825312341316028,0.005021003241641776,0.0003188274248631108,0.0003188274248631108,0.0,0.9982328690087705,0.0038309448673688323,0.0035121174425057217,0.9999335284728859,False
10.25825,1,447,448,3.575304999999985,3.575304999999985,0.0,0.019005935913160375,0.019005935913160375,0.09001780754112357,0.08320124523947883,0.005692499801644756,0.019005935913160375,0.005021003241641776,0.000353063631549302,0.000353063631549302,0.0,0.9982345688462063,0.004138519254467891,0.0037854556229185896,0.9999337690142225,False
10.279,1,448,449,3.582152499999985,3.582152499999985,0.0,0.019861873413160463,0.019861873413160463,0.09004874523947877,0.08312390168783404,0.005844609176644735,0.019861873413160463,0.005021003241641776,0.00034081912454710106,0.00034081912454710106,0.0,0.9983639587733678,0.003914360523652939,0.003573541399105838,0.9999386773818143,False
10.3,1,449,450,3.5890824999999857,3.5890824999999857,0.0,0.0207281234131606,0.0207281234131606,0.09005390168783439,0.08226280813618964,0.006277734176644731,0.0207281234131606,0.005021003241641776,0.000341807666209717,0.000341807666209717,0.0,0.9984036478421038,0.0038050187450392042,0.003463211078829487,0.9999402035286222,False
10.323500000000001,1,450,451,3.596837499999986,3.596837499999986,0.0,0.02169749841316073,0.02169749841316073,0.09001780813618984,0.08163374583454511,0.007247109176644725,0.02169749841316073,0.005021003241641776,0.00023078950363479247,0.00023078950363479247,0.0,0.9985213978516861,0.0018014122287151185,0.0015706227250803261,0.9999438615457342,False
10.349,1,451,452,3.6052524999999855,3.6052524999999855,0.0,0.022749373413160825,0.022749373413160825,0.09004874583454467,0.08061280853290004,0.005950312103290141,0.022749373413160825,0.005021003241641776,0.00025414352733012024,0.00025414352733012024,0.0,0.9987090530862974,0.0031554749137941707,0.0029013313864640505,0.9999516756109248,False
10.3775,1,452,453,3.6146574999999856,3.6146574999999856,0.0,0.023924998413161012,0.023924998413161012,0.09001780853290023,0.08011007435625556,0.006538124603290136,0.023924998413161012,0.005021003241641776,0.0003435963697954824,0.0003435963697954824,0.0,0.9984968246632838,0.003843537625041537,0.0034999412552460547,0.9999439052571343,False
10.4075,1,453,454,3.624557499999985,3.624557499999985,0.0,0.025162498413161136,0.025162498413161136,0.0900100743562552,0.08443745726793292,0.0055726170883222854,0.025162498413161136,0.005021003241641776,0.0003664833664983497,0.0003664833664983497,0.0,0.9986227426757565,0.004254077848904737,0.003887594482406387,0.9999489687811184,False
10.4245,1,454,455,3.630167499999985,3.630167499999985,0.0,0.0258637484131612,0.0258637484131612,0.09004745726793262,0.08377359017961036,0.005706679588322254,0.0258637484131612,0.005021003241641776,0.0002993073645735012,0.0002993073645735012,0.0,0.9982919849344576,0.003598176713834375,0.003298869349260874,0.9999356953961028,False
10.4435,1,455,456,3.636437499999985,3.636437499999985,0.0,0.0266474984131613,0.0266474984131613,0.09004359017961029,0.08355316059128805,0.006098554588322238,0.0266474984131613,0.005021003241641776,0.00031909375660777605,0.00031909375660777605,0.0,0.9983491458476416,0.0037700998607640875,0.0034510061041563116,0.9999379734320387,False
10.46325,1,456,457,3.6429549999999846,3.6429549999999846,0.0,0.027462185913161404,0.027462185913161404,0.09007066059128799,0.08276554350296575,0.00533156230164499,0.027462185913161404,0.005021003241641776,0.0003473726175025904,0.0003473726175025904,0.0,0.9984503804604542,0.004038083678839701,0.003690711061337111,0.9999420320585148,False
10.48525,1,457,458,3.6502149999999847,3.6502149999999847,0.0,0.028369685913161524,0.028369685913161524,0.09002554350296574,0.08220480141464352,0.005785312301644974,0.028369685913161524,0.005021003241641776,0.00031859899300595347,0.00031859899300595347,0.0,0.9982826432502835,0.0036749103338272367,0.0033563113408212834,0.9999354468768145,False
10.509,1,458,459,3.6580524999999846,3.658052499999985,4.440892098500626e-16,0.02934937341316163,0.02934937341316163,0.09004230141464334,0.08124187182632117,0.005981249801644939,0.02934937341316163,0.005021003241641776,0.000248331259971082,0.000248331259971082,0.0,0.9984159751417533,0.0029307780603949896,0.0026824468004239075,0.9999402643954957,False
10.53575,1,459,460,3.666879999999985,3.6668799999999844,-4.440892098500626e-16,0.03045281091316176,0.03045281091316176,0.09006937182632105,0.08174718452467614,0.0065329685516449095,0.03045281091316176,0.005021003241641776,0.00027299727079286196,0.00027299727079286196,0.0,0.9984876790036374,0.0032491150557392434,0.0029761177849463817,0.999943235168035,False
10.561,1,460,461,3.6752124999999842,3.6752124999999842,0.0,0.03149437341316185,0.015747186706580926,0.09007968452467591,0.08071593472303107,0.00757453105164488,0.015747186706580926,0.005021003241641776,0.00021752317731153314,0.00021752317731153314,0.0,0.9985853532612143,0.002057150214732118,0.001839627037420585,0.9999462336705259,False
10.58925,1,461,462,3.684534999999985,3.684534999999985,0.0,0.016912499206581135,0.016912499206581135,0.09003843472303158,0.08500077857220914,0.005037656150822434,0.016912499206581135,0.005021003241641776,0.00033225992960114184,0.00033225992960114184,0.0,0.9987746869707039,0.003975725601893236,0.003643465672292094,0.9999546285634124,False
10.6045,1,462,463,3.689567499999985,3.689567499999985,0.0,0.01754156170658121,0.01754156170658121,0.09003327857220914,0.08436655992138671,0.005352187400822419,0.01754156170658121,0.005021003241641776,0.0002724988662307639,0.0002724988662307639,0.0,0.9981086922087068,0.0032782413202535957,0.003005742454022832,0.99992848785675,False
10.62175,1,463,464,3.6952599999999842,3.6952599999999842,0.0,0.01825312420658125,0.01825312420658125,0.09005905992138635,0.083995310020564,0.005316093650822388,0.01825312420658125,0.005021003241641776,0.0002951212434583733,0.0002951212434583733,0.0,0.9982327497118892,0.0036297735088728494,0.003334652265414476,0.9999334240638487,False
10.64,1,464,465,3.7012824999999845,3.7012824999999845,0.0,0.019005936706581347,0.019005936706581347,0.09001781002056407,0.08320124761974171,0.005692499900822373,0.019005936706581347,0.005021003241641776,0.0003114807007211125,0.0003114807007211125,0.0,0.9982343599656692,0.0037711770558374394,0.003459696355116327,0.9999335812067358,False
10.66075,1,465,466,3.7081299999999846,3.7081299999999846,0.0,0.019861874206581434,0.019861874206581434,0.09004874761974165,0.0831239039689193,0.005844609275822352,0.019861874206581434,0.005021003241641776,0.00033562471944701674,0.00033562471944701674,0.0,0.9983639318998151,0.00390806119339298,0.003572436473945963,0.9999386697274834,False
10.681750000000001,1,466,467,3.715059999999985,3.715059999999985,0.0,0.020728124206581572,0.020728124206581572,0.09005390396891966,0.08226281031809729,0.006277734275822348,0.020728124206581572,0.005021003241641776,0.00036229622702896183,0.00036229622702896183,0.0,0.9984037490205182,0.004069673734080639,0.0037073775070516775,0.9999403310399829,False
10.70525,1,467,468,3.722814999999985,3.722814999999985,0.0,0.0216974992065817,0.0216974992065817,0.09001781031809747,0.08163374791727514,0.007247109275822341,0.0216974992065817,0.005021003241641776,0.00028973038595475473,0.00028973038595475473,0.0,0.998521696234021,0.002351769951934736,0.002062039565979981,0.9999441342221604,False
10.73075,1,468,469,3.731229999999985,3.731229999999985,0.0,0.022749374206581796,0.022749374206581796,0.09004874791727469,0.08061281051645244,0.005950312301645384,0.022749374206581796,0.005021003241641776,0.00017150981851732724,0.00017150981851732724,0.0,0.9987086458093175,0.002206137342307922,0.002034627523790595,0.9999512010186405,False
10.75925,1,469,470,3.740634999999985,3.740634999999985,0.0,0.023924999206581983,0.023924999206581983,0.09001781051645262,0.08011007624063035,0.006538124801645379,0.023924999206581983,0.005021003241641776,0.0002846106246646658,0.0002846106246646658,0.0,0.9984965298350499,0.0033005040297098658,0.0030158934050452,0.9999436302157119,False
10.789250000000001,1,470,471,3.7505349999999846,3.7505349999999846,0.0,0.025162499206582107,0.025162499206582107,0.09001007624062998,0.08443745910271888,0.005572617137911094,0.025162499206582107,0.005021003241641776,0.00031166579600593156,0.00031166579600593156,0.0,0.9986224682023426,0.0037950393350758456,0.0034833735390699143,0.9999487353959495,False
10.80625,1,471,472,3.7561449999999845,3.7561449999999845,0.0,0.02586374920658217,0.02586374920658217,0.0900474591027186,0.08377359196480755,0.005706679637911062,0.02586374920658217,0.005021003241641776,0.0002705081300745051,0.0002705081300745051,0.0,0.9982918421991177,0.003272406292393549,0.003001898162319044,0.9999355290053195,False
10.82525,1,472,473,3.7624149999999843,3.762414999999984,-4.440892098500626e-16,0.02664749920658227,0.02664749920658227,0.09004359196480746,0.08355316232689641,0.006098554637911046,0.02664749920658227,0.005021003241641776,0.0002986238949402021,0.0002986238949402021,0.0,0.9983490433347094,0.0035939652160353226,0.0032953413210951204,0.9999378797916162,False
10.845,1,473,474,3.768932499999984,3.768932499999984,0.0,0.027462186706582375,0.027462186706582375,0.09007066232689635,0.08276554518898531,0.005331562400822611,0.027462186706582375,0.005021003241641776,0.00031072152765335197,0.00031072152765335197,0.0,0.9984501968367104,0.003727826135460393,0.003417104607807041,0.9999418712232179,False
10.867,1,474,475,3.776192499999984,3.776192499999984,0.0,0.028369686706582496,0.028369686706582496,0.09002554518898531,0.08220480305107428,0.005785312400822595,0.028369686706582496,0.005021003241641776,0.00031825547178056696,0.00031825547178056696,0.0,0.9982826401794834,0.0037308486422858375,0.0034125931705052707,0.9999354702821943,False
10.89075,1,475,476,3.784029999999984,3.784029999999984,0.0,0.029349374206582603,0.029349374206582603,0.0900423030510741,0.08124187341316311,0.005981249900822561,0.029349374206582603,0.005021003241641776,0.0002941815781760454,0.0002941815781760454,0.0,0.9984162067212979,0.003382011842203804,0.0030878302640277586,0.9999404846570029,False
10.9175,1,476,477,3.792857499999984,3.792857499999984,0.0,0.03045281170658273,0.03045281170658273,0.09006937341316298,0.08174718601234046,0.006532968650822531,0.03045281170658273,0.005021003241641776,0.0001911475638450029,0.0001911475638450029,0.0,0.9984872748234476,0.0023403161304735784,0.0021491685666285756,0.9999427803259496,False
10.94275,1,477,478,3.8011899999999836,3.8011899999999836,0.0,0.03149437420658282,0.01574718710329141,0.09007968601234023,0.08071593611151776,0.007574531150822502,0.01574718710329141,0.005021003241641776,0.0002169068129455511,0.0002169068129455511,0.0,0.9985853576149887,0.001987360795055855,0.0017704539821103038,0.9999461992399135,False
10.971,1,478,479,3.8105124999999838,3.8105124999999838,0.0,0.016912499603291546,0.016912499603291546,0.0900384361115177,0.0850007799111065,0.005037656200411208,0.016912499603291546,0.005021003241641776,0.00022665509809794983,0.00022665509809794983,0.0,0.9987741576226237,0.003009495566660643,0.002782840468562693,0.999954140177078,False
10.98625,1,479,480,3.8155449999999833,3.8155449999999833,0.0,0.017541562103291622,0.017541562103291622,0.09003327991110648,0.08436656121069527,0.005352187450411193,0.017541562103291622,0.005021003241641776,0.00028083104758766124,0.00028083104758766124,0.0,0.9981087336260257,0.0033883500415192586,0.0031075189939315973,0.9999285350415298,False
11.0035,1,480,481,3.8212374999999836,3.8212374999999836,0.0,0.018253124603291735,0.018253124603291735,0.09005906121069551,0.08399531126028431,0.0053160937004111996,0.018253124603291735,0.005021003241641776,0.00022452097954492743,0.00022452097954492743,0.0,0.9982323979832638,0.002916973465313673,0.0026924524857687452,0.9999330638485731,False
11.02175,1,481,482,3.8272599999999835,3.8272599999999835,0.0,0.01900593710329183,0.01900593710329183,0.09001781126028437,0.08320124880987317,0.005692499950411184,0.01900593710329183,0.005021003241641776,0.00024763551866914405,0.00024763551866914405,0.0,0.9982340414571527,0.0031444314729145925,0.0028967959542454485,0.9999332636086894,False
11.0425,1,482,483,3.834107499999983,3.834107499999983,0.0,0.019861874603291918,0.019861874603291918,0.0900487488098731,0.08312390510946194,0.005844609325411163,0.019861874603291918,0.005021003241641776,0.0002849699953401111,0.0002849699953401111,0.0,0.9983636793326242,0.003451195559248131,0.00316622556390802,0.9999384346477342,False
11.0635,1,483,484,3.8410374999999837,3.8410374999999837,0.0,0.020728124603292056,0.020728124603292056,0.09005390510946229,0.08226281140905112,0.006277734325411159,0.020728124603292056,0.005021003241641776,0.00030117580496326417,0.00030117580496326417,0.0,0.9984034441147193,0.0035438963265883444,0.00324272052162508,0.9999400611097801,False
11.087,1,484,485,3.848792499999984,3.848792499999984,0.0,0.021697499603292186,0.021697499603292186,0.09001781140905132,0.08163374895864017,0.007247109325411153,0.021697499603292186,0.005021003241641776,0.00031056648434215305,0.00031056648434215305,0.0,0.9985217986389203,0.002665385690509392,0.002354819206167239,0.9999442863907906,False
11.1125,1,485,486,3.8572074999999835,3.8572074999999835,0.0,0.02274937460329228,0.02274937460329228,0.09004874895863972,0.08061281150822866,0.005950312400823005,0.02274937460329228,0.005021003241641776,0.00020965962631675695,0.00020965962631675695,0.0,0.9987088446901123,0.002471581539411488,0.0022619219130947314,0.9999513292357682,False
11.141,1,486,487,3.8666124999999827,3.8666124999999827,0.0,0.023924999603292394,0.023924999603292394,0.09001781150822824,0.08011007718281724,0.006538124900822963,0.023924999603292394,0.005021003241641776,0.00016571965388170862,0.00016571965388170862,0.0,0.9984959390218687,0.0020899678676797873,0.0019242482137980786,0.9999430224914647,False
11.171,1,487,488,3.8765124999999836,3.8765124999999836,0.0,0.02516249960329259,0.02516249960329259,0.09001007718281746,0.08443746002011196,0.0055726171627054994,0.02516249960329259,0.005021003241641776,0.00019843416845247288,0.00019843416845247288,0.0,0.9986219054728801,0.0026788380301294573,0.0024804038616769845,0.9999481745464788,False
11.188,1,488,489,3.882122499999983,3.882122499999983,0.0,0.025863749603292654,0.025863749603292654,0.09004746002011166,0.08377359285740621,0.005706679662705468,0.025863749603292654,0.005021003241641776,0.00024984716213781775,0.00024984716213781775,0.0,0.9982917393697173,0.003083568052900946,0.0028337208907631283,0.9999354279768281,False
11.207,1,489,490,3.888392499999983,3.888392499999983,0.0,0.026647499603292754,0.026647499603292754,0.09004359285740612,0.08355316319470066,0.006098554662705452,0.026647499603292754,0.005021003241641776,0.00021737551114476105,0.00021737551114476105,0.0,0.9983486376736265,0.002817171882110666,0.002599796370965905,0.999937485864529,False
11.226750000000001,1,490,491,3.8949099999999826,3.8949099999999826,0.0,0.02746218710329286,0.02746218710329286,0.09007066319470063,0.08276554603199518,0.0053315624504114215,0.02746218710329286,0.005021003241641776,0.00022884861894451638,0.00022884861894451638,0.0,0.9984497882929968,0.002948079143668663,0.0027192305247241465,0.9999414751296014,False
11.24875,1,491,492,3.902169999999983,3.902169999999983,0.0,0.02836968710329298,0.02836968710329298,0.09002554603199517,0.08220480386928973,0.005785312450411405,0.02836968710329298,0.005021003241641776,0.0002465102870336031,0.0002465102870336031,0.0,0.9982822824138978,0.003059743989159272,0.002813233702125669,0.9999351291795724,False
11.2725,1,492,493,3.9100074999999825,3.9100074999999825,0.0,0.029349374603293087,0.029349374603293087,0.09004230386928953,0.08124187420658416,0.0059812499504113895,0.029349374603293087,0.005021003241641776,0.00026644713594098005,0.00026644713594098005,0.0,0.9984160657776978,0.0032128509912793153,0.002946403855338335,0.9999403937460525,False
11.29925,1,493,494,3.9188349999999827,3.9188349999999827,0.0,0.030452812103293214,0.030452812103293214,0.09006937420658404,0.08174718675617268,0.00653296870041136,0.030452812103293214,0.005021003241641776,0.00022113336722101132,0.00022113336722101132,0.0,0.998487431255613,0.0025705619275117574,0.002349428560290746,0.9999428910423881,False
11.3245,1,494,495,3.9271674999999826,3.9271674999999826,0.0,0.0314943746032933,0.01574718730164665,0.09007968675617246,0.08071593680576118,0.0075745312004113306,0.01574718730164665,0.005021003241641776,0.0002647581739136721,0.0002647581739136721,0.0,0.9985856026854567,0.002481680677770711,0.002216922503857039,0.999946444046491,False
11.35275,1,495,496,3.9364899999999823,3.9364899999999823,0.0,0.016912499801646788,0.016912499801646788,0.09003843680576112,0.08500078058055549,0.0050376562252056134,0.016912499801646788,0.005021003241641776,8.678706959766091e-05,8.678706959766091e-05,0.0,0.9987734661700088,0.0015166690078926848,0.001429881938295024,0.9999533914484576,False
11.368,1,496,497,3.941522499999982,3.941522499999982,0.0,0.017541562301646864,0.017541562301646864,0.09003328058055549,0.08436656185534988,0.005352187475205598,0.017541562301646864,0.005021003241641776,0.0001618367937307478,0.0001618367937307478,0.0,0.9981081390887994,0.0022676006310073937,0.002105763837276646,0.999927966435948,False
11.385250000000001,1,497,498,3.947214999999982,3.947214999999982,0.0,0.018253124801646977,0.018253124801646977,0.09005906185535012,0.0839953118801445,0.0053160937252056135,0.018253124801646977,0.005021003241641776,0.0001814453768254918,0.0001814453768254918,0.0,0.9982321844584744,0.002469428750282082,0.0022879833734565902,0.9999328321673614,False
11.403500000000001,1,498,499,3.9532374999999824,3.9532374999999824,0.0,0.019005937301647072,0.019005937301647072,0.09001781188014457,0.08320124940493898,0.005692499975205598,0.019005937301647072,0.005021003241641776,0.00015229273697300565,0.00015229273697300565,0.0,0.9982335673230208,0.0021681117162095295,0.002015818979236524,0.9999327703150896,False
11.42425,1,499,500,3.960084999999982,3.960084999999982,0.0,0.01986187480164716,0.01986187480164716,0.0900487494049389,0.08312390567973332,0.005844609350205577,0.01986187480164716,0.005021003241641776,0.00018868551469094895,0.00018868551469094895,0.0,0.9983631995542849,0.0025432967227981204,0.0023546112081071716,0.999937972046661,False
11.44525,1,500,501,3.9670149999999826,3.9670149999999826,0.0,0.020728124801647298,0.020728124801647298,0.09005390567973368,0.08226281195452809,0.006277734350205573,0.020728124801647298,0.005021003241641776,0.00017751792935864142,0.00017751792935864142,0.0,0.9984028281267395,0.0023762992932892177,0.002198781363930576,0.9999394688507105,False
11.46875,1,501,502,3.974769999999982,3.974769999999982,0.0,0.021697499801647355,0.021697499801647355,0.09001781195452768,0.0816337494793222,0.007247109350205493,0.021697499801647355,0.005021003241641776,0.0002068595751064399,0.0002068595751064399,0.0,0.9985212802674003,0.001715289268715385,0.0015084296936089452,0.9999438088040881,False
11.494250000000001,1,502,503,3.9831849999999824,3.9831849999999824,0.0,0.022749374801647522,0.022749374801647522,0.09004874947932234,0.08061281200411687,0.005950312450411834,0.022749374801647522,0.005021003241641776,0.0,0.0,0.0,0.9987059244166899,0.0,0.0,0.9999482816552573,False
11.52275,1,503,504,3.992589999999982,3.992589999999982,0.0,0.023924999801647636,0.023924999801647636,0.09001781200411646,0.08011007765391104,0.006538124950411792,0.023924999801647636,0.005021003241641776,0.0,0.0,0.0,0.9984948762843492,0.0,0.0,0.9999418549311743,False
11.55275,1,504,505,4.002489999999982,4.002489999999982,0.0,0.025162499801647833,0.025162499801647833,0.09001007765391127,0.08443746047880857,0.005572617175102706,0.025162499801647833,0.005021003241641776,0.0,0.0,0.0,0.9986200843311702,0.0,0.0,0.9999463239848396,False
11.56975,1,505,506,4.008099999999982,4.008099999999982,0.0,0.025863749801647896,0.025863749801647896,0.09004746047880827,0.0837735933037056,0.005706679675102674,0.025863749801647896,0.005021003241641776,0.0,0.0,0.0,0.998289560811538,0.0,0.0,0.9999332393975422,False
11.588750000000001,1,506,507,4.014369999999982,4.014369999999982,0.0,0.026647499801647996,0.026647499801647996,0.09004359330370551,0.08355316362860285,0.006098554675102659,0.026647499801647996,0.005021003241641776,0.0,0.0,0.0,0.9983463200985964,0.0,0.0,0.9999351556682716,False
11.6085,1,507,508,4.020887499999982,4.020887499999982,0.0,0.0274621873016481,0.0274621873016481,0.0900706636286028,0.08276554645350015,0.005331562475205836,0.0274621873016481,0.005021003241641776,0.0,0.0,0.0,0.9984476751456336,0.0,0.0,0.9999393532798185,False
11.6305,1,508,509,4.028147499999982,4.028147499999982,0.0,0.02836968730164822,0.02836968730164822,0.09002554645350014,0.08220480427839749,0.00578531247520582,0.02836968730164822,0.005021003241641776,0.0,0.0,0.0,0.9982801879518953,0.0,0.0,0.9999330425948435,False
11.654250000000001,1,509,510,4.0359849999999815,4.0359849999999815,0.0,0.02934937480164833,0.02934937480164833,0.09004230427839731,0.08124187460329473,0.005981249975205804,0.02934937480164833,0.005021003241641776,0.0,0.0,0.0,0.9984140201381493,0.0,0.0,0.9999383503402377,False
11.681000000000001,1,510,511,4.044812499999981,4.044812499999981,0.0,0.030452812301648455,0.030452812301648455,0.09006937460329459,0.08174718712808883,0.006532968725205775,0.030452812301648455,0.005021003241641776,0.0,0.0,0.0,0.9984855681539402,0.0,0.0,0.9999411106793681,False
11.70625,1,511,512,4.053144999999981,4.053144999999981,0.0,0.031494374801648545,0.015747187400824272,0.09007968712808861,0.08071593715288292,0.007574531225205745,0.015747187400824272,0.005021003241641776,0.0,0.0,0.0,0.998583413606991,0.0,0.0,0.9999444355285023,False
11.7345,1,512,513,4.062467499999981,4.062467499999981,0.0,0.01691249990082441,0.01691249990082441,0.09003843715288284,0.08500078091528003,0.005037656237602821,0.01691249990082441,0.005021003241641776,0.0,0.0,0.0,0.9987720026638811,0.0,0.0,0.9999519016266125,False
11.74975,1,513,514,4.067499999999981,4.067499999999981,0.0,0.017541562400824485,0.017541562400824485,0.09003328091528001,0.08436656217767721,0.005352187487602806,0.017541562400824485,0.005021003241641776,0.0,0.0,0.0,0.9981056323209161,0.0,0.0,0.9999254803779335,False
11.767,1,514,515,4.073192499999982,4.073192499999982,0.0,0.018253124900824598,0.018253124900824598,0.09005906217767742,0.08399531219007461,0.005316093737602821,0.018253124900824598,0.005021003241641776,0.0,0.0,0.0,0.9982293236054051,0.0,0.0,0.9999299977989452,False
11.78525,1,515,516,4.079214999999982,4.079214999999982,0.0,0.019005937400824693,0.019005937400824693,0.09001781219007468,0.08320124970247186,0.005692499987602805,0.019005937400824693,0.005021003241641776,0.0,0.0,0.0,0.9982306424365426,0.0,0.0,0.999929828226353,False
11.806000000000001,1,516,517,4.086062499999981,4.086062499999981,0.0,0.01986187490082478,0.01986187490082478,0.09004874970247179,0.08312390596486902,0.005844609362602784,0.01986187490082478,0.005021003241641776,0.0,0.0,0.0,0.9983593813278598,0.0,0.0,0.999934131663211,False
11.827,1,517,518,4.092992499999982,4.092992499999982,0.0,0.020728124900824846,0.020728124900824846,0.09005390596486879,0.08226281222726606,0.006277734362602744,0.020728124900824846,0.005021003241641776,0.0,0.0,0.0,0.9983993500179271,0.0,0.0,0.9999359939885253,False
11.8505,1,518,519,4.100747499999981,4.100747499999981,0.0,0.021697499900824976,0.021697499900824976,0.09001781222726626,0.08163374973966356,0.007247109362602738,0.021697499900824976,0.005021003241641776,0.0,0.0,0.0,0.9985181154544778,0.0,0.0,0.9999407581779429,False
11.876,1,519,520,4.109162499999981,4.109162499999981,0.0,0.022749374900825143,0.022749374900825143,0.0900487497396637,0.08061281225206102,0.005950312475206239,0.022749374900825143,0.005021003241641776,0.0,0.0,0.0,0.998704925476471,0.0,0.0,0.999947457829221,False
11.9045,1,520,521,4.1185674999999815,4.1185674999999815,0.0,0.023924999900825257,0.023924999900825257,0.0900178122520606,0.08011007788945798,0.006538124975206197,0.023924999900825257,0.005021003241641776,0.0,0.0,0.0,0.9984920509231691,0.0,0.0,0.9999391387164073,False
11.9345,1,521,522,4.1284674999999815,4.1284674999999815,0.0,0.025162499900825454,0.025162499900825454,0.0900100778894582,0.08443746070815689,0.00557261718130131,0.025162499900825454,0.005021003241641776,0.0,0.0,0.0,0.9986173138446043,0.0,0.0,0.9999435610291002,False
11.951500000000001,1,522,523,4.1340774999999805,4.1340774999999805,0.0,0.025863749900825517,0.025863749900825517,0.09004746070815658,0.08377359352685532,0.005706679681301297,0.025863749900825517,0.005021003241641776,0.0,0.0,0.0,0.9982866863285094,0.0,0.0,0.9999303753967448,False
11.9705,1,523,524,4.140347499999981,4.140347499999981,0.0,0.026647499900825617,0.026647499900825617,0.09004359352685523,0.08355316384555396,0.006098554681301281,0.026647499900825617,0.005021003241641776,0.0,0.0,0.0,0.9983435859215671,0.0,0.0,0.9999324226395401,False
11.99025,1,524,525,4.1468649999999805,4.1468649999999805,0.0,0.027462187400825722,0.027462187400825722,0.0900706638455539,0.08276554666425262,0.0053315624876030384,0.027462187400825722,0.005021003241641776,0.0,0.0,0.0,0.9984446578674858,0.0,0.0,0.9999363245945944,False
