time,inserted_nodes,node_count_before,node_count_after,rest_length_before,rest_length_after,rest_length_error,tail_rest_length_before,tail_rest_length_after,payout_buffer_rest_length_before,payout_buffer_rest_length_after,payout_buffer_min_rest_length_after,payout_buffer_max_rest_length_after,minimum_physical_rest_length_after,peak_tension_before,peak_tension_after,peak_tension_jump,minimum_geometric_ratio_after,peak_tension_post_step,peak_tension_post_step_jump,minimum_standard_ratio_post_step,remeshed_in_same_step
0.5357500000000001,1,53,54,0.5300016926474127,0.5300016926474127,0.0,0.011250211580926591,0.011250211580926591,0.09000169264741273,0.08437658685694943,0.0056251057904632955,0.011250211580926591,0.0056251057904632955,4.430588367742476e-05,4.430588367742476e-05,0.0,0.9998466767001799,9.431855547208448e-06,-3.4874028130216315e-05,0.9999938712651895,False
0.6275000000000001,1,54,55,0.5356416003598576,0.5356416003598575,-1.1102230246251565e-16,0.011955200044982206,0.011955200044982206,0.09001649456939434,0.08368640031487545,0.005977600022491103,0.011955200044982206,0.0056251057904632955,0.0,0.0,0.0,0.9996379066489517,0.0,0.0,0.9999835987087934,False
0.7085,1,55,56,0.5419705712630365,0.5419705712630365,0.0,0.012746321407879556,0.012746321407879556,0.09001537121805425,0.0832466498326658,0.006373160703939778,0.012746321407879556,0.0056251057904632955,0.0,0.0,0.0,0.999582151532249,0.0,0.0,0.9999802313212522,False
0.7805,1,56,57,0.5487271106176217,0.5487271106176217,0.0,0.013590888827202696,0.006795444413601348,0.09000318918725095,0.08238990038253932,0.006795444413601348,0.013590888827202696,0.0056251057904632955,0.0,0.0,0.0,0.999539399561215,0.0,0.0,0.9999784984682777,False
0.8505,1,57,58,0.5563591964455268,0.5563591964455268,0.0,0.007749455142089505,0.007749455142089505,0.09002198621044458,0.08185024735869349,0.007272449777845426,0.014544899555690853,0.0056251057904632955,0.0,0.0,0.0,0.999508039352987,0.0,0.0,0.9999780503081375,False
0.9165,1,58,59,0.5645412870863131,0.5645412870863131,0.0,0.008772216472187781,0.008772216472187781,0.09003233799947971,0.08083783781763035,0.007783830442894567,0.015567660885789134,0.0056251057904632955,0.0,0.0,0.0,0.999482822363211,0.0,0.0,0.9999771601370423,False
0.98275,1,59,60,0.5737325103482135,0.5737325103482135,0.0,0.009921119379925332,0.009921119379925332,0.09002906107953071,0.07331249728600404,0.008358281896763336,0.009921119379925332,0.0056251057904632955,0.0,0.0,0.0,0.9994655541267654,0.0,0.0,0.9999765833660526,False
1.0885,1,60,61,0.5904474494454878,0.5904474494454879,1.1102230246251565e-16,0.012010486767084634,0.006005243383542317,0.09002743638327847,0.07957978709935583,0.006005243383542317,0.012010486767084634,0.0056251057904632955,0.0,0.0,0.0,0.9994692399973409,0.0,0.0,0.999977387018935,False
1.14775,1,61,62,0.6009052034540975,0.6009052034540975,0.0,0.007312462634618506,0.007312462634618506,0.09003754110796547,0.07828267257296662,0.0066588530090804215,0.012840700653916752,0.0056251057904632955,0.0,0.0,0.0,0.9991857155391439,0.0,0.0,0.9999678830848971,False
1.2095,1,62,63,0.6126256521175093,0.6126256521175093,0.0,0.008777518717544999,0.008777518717544999,0.09000312123637855,0.07620874516458442,0.007152878368421621,0.014305756736843242,0.0056251057904632955,0.0,0.0,0.0,0.9992134544649048,0.0,0.0,0.999969214894331,False
1.27725,1,63,64,0.6264270157865766,0.6264270157865766,0.0,0.01050268917617839,0.01050268917617839,0.09001010883365156,0.07449056230322405,0.00801546359773832,0.01050268917617839,0.0056251057904632955,0.0,0.0,0.0,0.9992280152708867,0.0002591863881468079,0.0002591863881468079,0.9999700257731661,False
1.3485,1,64,65,0.6419681186283495,0.6419681186283492,-2.220446049250313e-16,0.012445327031399977,0.012445327031399977,0.09003166514499675,0.08007356369203684,0.0054103433411383,0.012445327031399977,0.0054103433411383,0.0,0.0,0.0,0.9992647382481871,0.0011004956673215383,0.0011004956673215383,0.9999716398994425,False
1.3920000000000001,1,65,66,0.651952889307356,0.6519528893073561,1.1102230246251565e-16,0.01369342336627582,0.01369342336627582,0.09005833437104357,0.07885213658320783,0.006034391508576221,0.01369342336627582,0.0056251057904632955,2.8569749935199095e-05,2.8569749935199095e-05,0.0,0.9988596864888819,0.0015376129260623941,0.0015090431761271951,0.9999565282268049,False
1.439,1,66,67,0.6631453241710302,0.6631453241710302,0.0,0.015092477724235094,0.015092477724235094,0.09004457144688202,0.08261112558034653,0.007219434049348505,0.015092477724235094,0.0056251057904632955,8.658066993877187e-05,8.658066993877187e-05,0.0,0.9989404557040392,0.0019266182991319256,0.0018400376291931536,0.9999596969784407,False
1.46925,1,67,68,0.6705623496348141,0.6705623496348141,0.0,0.016019605907208072,0.016019605907208072,0.09002815104413038,0.0816675769946219,0.007682998140834996,0.016019605907208072,0.0056251057904632955,0.0001237373125823178,0.0001237373125823178,0.0,0.9990120687523906,0.0019954515105938472,0.0018717141980115295,0.9999627540762922,False
1.5025,1,68,69,0.6788998556171457,0.6788998556171456,-1.1102230246251565e-16,0.017061794154999504,0.017061794154999504,0.09000508297695342,0.08499167774458449,0.00501340523236892,0.017061794154999504,0.00501340523236892,0.00016185995084387836,0.00016185995084387836,0.0,0.9990566053857575,0.002457617281194334,0.0022957573303504556,0.9999647738393945,False
1.52225,1,69,70,0.6839407199639203,0.6839407199639203,0.0,0.01769190219834634,0.01769190219834634,0.09003254209135919,0.08438902881564345,0.00532845925404234,0.01769190219834634,0.00501340523236892,0.0001824812290674662,0.0001824812290674662,0.0,0.9985218048605161,0.002592829951128063,0.0024103487220605967,0.9999440271566774,False
1.544,1,70,71,0.689565796313435,0.6895657963134348,-1.1102230246251565e-16,0.01839503674203568,0.01839503674203568,0.09001410516515815,0.08398251136742646,0.005260996533574553,0.01839503674203568,0.00501340523236892,0.0002066607726998143,0.0002066607726998143,0.0,0.998598223222608,0.0027717525349979025,0.002565091762298088,0.9999470759842246,False
1.567,1,71,72,0.6955955832217677,0.6955955832217677,0.0,0.019148760105577263,0.019148760105577263,0.09001229827575917,0.0832269811144859,0.005637858215345348,0.019148760105577263,0.00501340523236892,0.00022319626316276092,0.00022319626316276092,0.0,0.9985750858533091,0.0028644164454089613,0.0026412201822462004,0.9999463007559493,False
1.5925,1,72,73,0.7023750012166468,0.7023750012166465,-2.220446049250313e-16,0.01999618735493713,0.01999618735493713,0.09000639910936484,0.08314425196288883,0.005829789794282031,0.01999618735493713,0.00501340523236892,0.00024872955003656886,0.00024872955003656886,0.0,0.9986596463597717,0.0030419475433794904,0.0027932179933429216,0.9999497082430583,False
1.618,1,73,74,0.7092493045305004,0.7092493045305004,0.0,0.020855475269168852,0.020855475269168852,0.0900185552767426,0.08229712021603486,0.0062594337513978875,0.020855475269168852,0.00501340523236892,0.00027096881628207276,0.00027096881628207276,0.0,0.9986830144470134,0.0031204181661077662,0.0028494493498256936,0.9999507191265322,False
1.64625,1,74,75,0.716970269488493,0.716970269488493,0.0,0.021820595888917913,0.021820595888917913,0.09001808517402746,0.08170839117534144,0.007224554371146966,0.021820595888917913,0.00501340523236892,0.00028727490271884977,0.00028727490271884977,0.0,0.9987636907917263,0.002245134379807095,0.001957859477088245,0.9999534441540111,False
1.67625,1,75,76,0.7252837731460301,0.7252837731460301,0.0,0.022859783846110048,0.022859783846110048,0.09002189483287852,0.08067301287700036,0.005974742950825547,0.022859783846110048,0.00501340523236892,0.00031065244068685346,0.00031065244068685346,0.0,0.9989045067346878,0.0033467719626212103,0.0030361195219343567,0.9999593966255161,False
1.7095,1,76,77,0.7346258363406051,0.7346258363406051,0.0,0.02402754174543192,0.02402754174543192,0.0900150760715754,0.08015393188679855,0.006558621900486487,0.02402754174543192,0.00501340523236892,0.0003325381161470146,0.0003325381161470146,0.0,0.9987147101510124,0.0034138264244944413,0.0030812883083474268,0.999952146349504,False
1.74425,1,77,78,0.7445210291974604,0.7445210291974604,0.0,0.025264440852538837,0.025264440852538837,0.09004912474365395,0.08450010309771208,0.0055490216459418845,0.025264440852538837,0.00501340523236892,0.000355804258532076,0.000355804258532076,0.0,0.9988072686784096,0.0038131603908717893,0.0034573561323397134,0.999955957323169,False
1.7635,1,78,79,0.7500555449962815,0.7500555449962816,1.1102230246251565e-16,0.025956255327391452,0.025956255327391452,0.09003461889653297,0.08379378277573846,0.00568010690481026,0.025956255327391452,0.00501340523236892,0.0003729125079624911,0.0003729125079624911,0.0,0.9984998524821457,0.003918689490452487,0.003545776982489996,0.999944045493626,False
1.7850000000000001,1,79,80,0.756277902711923,0.7562779027119229,-1.1102230246251565e-16,0.026734050041846643,0.026734050041846643,0.09001614049137999,0.08355823887211453,0.006069004262037854,0.026734050041846643,0.00501340523236892,0.00038045360183651584,0.00038045360183651584,0.0,0.9985406380703051,0.003968576890752223,0.0035881232889157077,0.9999456428283686,False
1.80725,1,80,81,0.7627592525493012,0.7627592525493011,-1.1102230246251565e-16,0.027544218771518917,0.027544218771518917,0.09003958870949276,0.08277151836055503,0.005329588938117215,0.027544218771518917,0.00501340523236892,0.0003926968629247044,0.0003926968629247044,0.0,0.9986215551694774,0.004077584688673114,0.0036848878257484093,0.9999488431593121,False
1.832,1,81,82,0.7700141895477817,0.7700141895477818,1.1102230246251565e-16,0.02845108589632899,0.02845108589632899,0.09002645535903567,0.08224041524251546,0.005783022500522252,0.02845108589632899,0.00501340523236892,0.0004094693539907332,0.0004094693539907332,0.0,0.9984698859909513,0.004150828529945527,0.003741359175954794,0.9999430800904514,False
1.8585,1,82,83,0.7778288979955319,0.777828897995532,1.1102230246251565e-16,0.02942792445229777,0.02942792445229777,0.09005512369026562,0.08129224501777663,0.005979502303676172,0.02942792445229777,0.00501340523236892,0.00041911740049624564,0.00041911740049624564,0.0,0.998580408088334,0.004208143837768331,0.0037890264372720858,0.9999473606876252,False
1.8880000000000001,1,83,84,0.7865767413557201,0.78657674135572,-1.1102230246251565e-16,0.030521404872321287,0.030521404872321287,0.09004008837796479,0.0817333133390452,0.006526242513687932,0.030521404872321287,0.00501340523236892,0.0004355349773631288,0.0004355349773631288,0.0,0.9986362112039433,0.004220326272014359,0.00378479129465123,0.999949520726181,False
1.91575,1,84,85,0.7948435191968974,0.7948435191968973,-1.1102230246251565e-16,0.03155475210246846,0.01577737605123423,0.09000009118022259,0.08065996891115584,0.007559589743835111,0.01577737605123423,0.00501340523236892,0.0004475120995535032,0.0004475120995535032,0.0,0.9987191934207759,0.0030953034612859337,0.0026477913617324305,0.9999518416528873,False
1.947,1,85,86,0.8041858632779413,0.8041858632779413,0.0,0.01694516906136473,0.01694516906136473,0.09000231299219982,0.08497507213380373,0.005027240858396105,0.01694516906136473,0.00501340523236892,0.00043626288280713456,0.00043626288280713456,0.0,0.9988873139121738,0.004368748762908034,0.0039324858801009,0.999959296479562,False
1.964,1,86,87,0.8092783961368626,0.8092783961368628,2.220446049250313e-16,0.017581735668729902,0.017581735668729902,0.09006760499272493,0.08440379752696367,0.005345524162078676,0.017581735668729902,0.00501340523236892,0.0004624088932194247,0.0004624088932194247,0.0,0.998282438659585,0.004593624968688773,0.004131216075469348,0.9999360834249541,False
1.98275,1,87,88,0.8149003668892293,0.8149003668892293,0.0,0.018284482012775723,0.018284482012775723,0.09002576827933031,0.0839774977732058,0.0053067179576941695,0.018284482012775723,0.00501340523236892,0.0004755463620455972,0.0004755463620455972,0.0,0.9983906604215386,0.004738129786820894,0.004262583424775297,0.9999403141119491,False
2.003,1,88,89,0.8209750000000007,0.8209750000000006,-1.1102230246251565e-16,0.019043811151622153,0.019043811151622153,0.09005213088397712,0.08324453123900621,0.005686382527117376,0.019043811151622153,0.00501340523236892,0.0004825593648428797,0.0004825593648428797,0.0,0.9983950812216101,0.0047541402742378655,0.004271580909394986,0.9999405079532673,False
2.02575,1,89,90,0.8278000000000009,0.8278000000000009,0.0,0.019896936151622246,0.019896936151622246,0.09006953123900643,0.08315035914246588,0.005839574922111521,0.019896936151622246,0.00501340523236892,0.0004941997000349091,0.0004941997000349091,0.0,0.9985115278070085,0.00486214011869969,0.004367940418664781,0.9999450380485372,False
2.04875,1,90,91,0.8347000000000009,0.8347000000000009,0.0,0.020759436151622318,0.020759436151622318,0.09005035914246587,0.08226868704592535,0.0062708249221115325,0.020759436151622318,0.00501340523236892,0.0005032203424035943,0.0005032203424035943,0.0,0.9985477509006231,0.004846356301787251,0.004343135959383656,0.999946425691438,False
2.07475,1,91,92,0.842500000000001,0.8425000000000011,1.1102230246251565e-16,0.021734436151622422,0.021734436151622422,0.09006868704592554,0.08169167951880818,0.007245824922111518,0.021734436151622422,0.00501340523236892,0.0005074876974191658,0.0005074876974191658,0.0,0.9986569511589309,0.0032084815817561563,0.0027009938843369904,0.9999497095118426,False
2.1025,1,92,93,0.8508250000000014,0.8508250000000014,0.0,0.022775061151622512,0.022775061151622512,0.0900166795188084,0.08059904699169101,0.005953921537905621,0.022775061151622512,0.00501340523236892,0.0005140317772125698,0.0005140317772125698,0.0,0.9988259548839148,0.004855479484381302,0.004341447707168732,0.9999571574513016,False
2.134,1,93,94,0.8602750000000017,0.8602750000000018,1.1102230246251565e-16,0.02395631115162264,0.02395631115162264,0.09004904699169139,0.08015009706957985,0.00654454653790565,0.02395631115162264,0.00501340523236892,0.0005253910636605541,0.0005253910636605541,0.0,0.9986361564911506,0.004785070286049367,0.004259679222388813,0.9999498032324615,False
2.1670000000000003,1,94,95,0.8701750000000018,0.8701750000000017,-1.1102230246251565e-16,0.025193811151622756,0.025193811151622756,0.09005009706958003,0.08448187210852423,0.005568224961055799,0.025193811151622756,0.00501340523236892,0.0005356730955039394,0.0005356730955039394,0.0,0.9987497562898118,0.005291553169789326,0.0047558800742853865,0.9999544242473611,False
2.1855,1,95,96,0.875725000000002,0.875725000000002,0.0,0.025887561151622822,0.025887561151622822,0.09003187210852442,0.08376989714746864,0.005699474961055821,0.025887561151622822,0.00501340523236892,0.0005490581988732069,0.0005490581988732069,0.0,0.9984456608758572,0.005342113068586715,0.004793054869713508,0.9999427404897393,False
2.2065,1,96,97,0.8820250000000024,0.8820250000000022,-2.220446049250313e-16,0.026675061151622895,0.026675061151622895,0.09006989714746882,0.08358292218641301,0.006093224961055835,0.026675061151622895,0.00501340523236892,0.0005486401883348634,0.0005486401883348634,0.0,0.998499687110479,0.00534264730408128,0.004794007115746416,0.9999448153255832,False
2.228,1,97,98,0.8884750000000023,0.8884750000000023,0.0,0.027481311151622976,0.027481311151622976,0.09003292218641318,0.0827396972253574,0.005330085768952847,0.027481311151622976,0.00501340523236892,0.0005560097281742616,0.0005560097281742616,0.0,0.9985895977286642,0.0054613043380240395,0.004905294609849778,0.9999483370289788,False
2.25225,1,98,99,0.8957500000000025,0.8957500000000026,1.1102230246251565e-16,0.02839068615162306,0.02839068615162306,0.09001469722535747,0.08220584726430169,0.005784773268952863,0.02839068615162306,0.00501340523236892,0.0005635922821992454,0.0005635922821992454,0.0,0.9984401689560559,0.005480179456994139,0.004916587174794893,0.9999425968462584,False
2.27825,1,99,100,0.9035500000000026,0.9035500000000026,0.0,0.029365686151623164,0.029365686151623164,0.09000584726430187,0.08122199730324603,0.005976960768952891,0.029365686151623164,0.00501340523236892,0.0005692365816096032,0.0005692365816096032,0.0,0.9985604867194606,0.00548373719168236,0.004914500610072757,0.999947225103833,False
2.30775,1,100,101,0.9124000000000027,0.9124000000000025,-1.1102230246251565e-16,0.030471936151623257,0.030471936151623257,0.090071997303246,0.0817512865342932,0.006530085768952906,0.030471936151623257,0.00501340523236892,0.0005781255962916802,0.0005781255962916802,0.0,0.9986264019591728,0.005396201453182807,0.004818075856891127,0.9999497195896192,False
2.3352500000000003,1,101,102,0.9206500000000027,0.9206500000000027,0.0,0.03150318615162331,0.015751593075811653,0.09000128653429337,0.08064932576534053,0.0075613357689528924,0.015751593075811653,0.00501340523236892,0.0005856630020004129,0.0005856630020004129,0.0,0.9987134662790755,0.003823414527432966,0.003237751525432553,0.9999519298160501,False
2.3665000000000003,1,102,103,0.9300250000000034,0.9300250000000033,-1.1102230246251565e-16,0.016923468075811767,0.016923468075811767,0.090024325765341,0.08498975163086456,0.005034574134476454,0.016923468075811767,0.00501340523236892,0.0005598560688208733,0.0005598560688208733,0.0,0.9988863228115769,0.0054947797677370736,0.0049349236989162,0.9999597895729486,False
2.38325,1,103,104,0.9350500000000034,0.9350500000000034,0.0,0.01755159307581183,0.01755159307581183,0.09001475163086478,0.08435205249638836,0.005348636634476467,0.01755159307581183,0.00501340523236892,0.0005880761131060798,0.0005880761131060798,0.0,0.9982810720912932,0.00572621840413369,0.00513814229102761,0.9999366017369563,False
2.40225,1,104,105,0.9407500000000036,0.9407500000000035,-1.1102230246251565e-16,0.018264093075811887,0.018264093075811887,0.09005205249638848,0.08399091586191204,0.005313480384476473,0.018264093075811887,0.00501340523236892,0.0005995337800836656,0.0005995337800836656,0.0,0.9983943430914443,0.005876806476007107,0.005277272695923442,0.9999410263975076,False
2.4225,1,105,106,0.9468250000000038,0.9468250000000039,1.1102230246251565e-16,0.019023468075811973,0.019023468075811973,0.09006591586191232,0.08324540422743587,0.005693167884476494,0.019023468075811973,0.00501340523236892,0.0006057083291308088,0.0006057083291308088,0.0,0.9983974864452879,0.00590471202593873,0.005299003696807921,0.9999411596345349,False
2.44525,1,106,107,0.953650000000004,0.9536500000000039,-1.1102230246251565e-16,0.01987659307581205,0.01987659307581205,0.09007040422743598,0.08314442384295953,0.005843167884476517,0.01987659307581205,0.00501340523236892,0.0006161229641738021,0.0006161229641738021,0.0,0.9985136678827172,0.005995769219790531,0.005379646255616729,0.9999456689535969,False
2.46825,1,107,108,0.9605500000000041,0.9605500000000041,0.0,0.020739093075812138,0.020739093075812138,0.09004442384295967,0.08225594345848325,0.006274417884476536,0.020739093075812138,0.00501340523236892,0.0006231941644749776,0.0006231941644749776,0.0,0.9985491132306779,0.0059558316173417,0.005332637452866723,0.9999470126476984,False
2.49425,1,108,109,0.968350000000004,0.968350000000004,0.0,0.021714093075812225,0.021714093075812225,0.0900559434584833,0.08167215057400685,0.007249417884476505,0.021714093075812225,0.00501340523236892,0.0006260371393130632,0.0006260371393130632,0.0,0.998658193695754,0.00419067850165511,0.0035646413623420465,0.9999501995523907,False
2.52225,1,109,110,0.9767500000000046,0.9767500000000044,-1.1102230246251565e-16,0.022764093075812328,0.022764093075812328,0.09007215057400716,0.08063835768953066,0.005953523268953077,0.022764093075812328,0.00501340523236892,0.0006297973008527038,0.0006297973008527038,0.0,0.9988283585379626,0.0059502395948774,0.005320442294024697,0.9999577748961126,False
2.5535,1,110,111,0.9861250000000049,0.9861250000000048,-1.1102230246251565e-16,0.02393596807581244,0.02393596807581244,0.09001335768953095,0.0801108148050544,0.0065394607689531,0.02393596807581244,0.00501340523236892,0.0006397633297145974,0.0006397633297145974,0.0,0.9986348412828705,0.005879314218377313,0.005239550888662715,0.9999502718405563,False
2.5865,1,111,112,0.996025000000005,0.996025000000005,0.0,0.02517346807581256,0.02517346807581256,0.09001081480505459,0.08444079336281629,0.005570021442238298,0.02517346807581256,0.00501340523236892,0.0006491219205513976,0.0006491219205513976,0.0,0.9987494948316806,0.0063881593056027,0.005739037385051302,0.999954943022917,False
2.60525,1,112,113,1.0016500000000053,1.0016500000000053,0.0,0.025876593075812637,0.025876593075812637,0.09006579336281659,0.08379264692057829,0.00570595894223832,0.025876593075812637,0.00501340523236892,0.0006632305829466679,0.0006632305829466679,0.0,0.99844899781285,0.006443678447205392,0.005780447864258724,0.999943400368246,False
2.626,1,113,114,1.0078750000000056,1.0078750000000054,-2.220446049250313e-16,0.026654718075812715,0.026654718075812715,0.09001764692057851,0.08353356297834019,0.006095021442238336,0.026654718075812715,0.00501340523236892,0.0006602642348499937,0.0006602642348499937,0.0,0.9984995721402328,0.006419388309904614,0.0057591240750546205,0.9999453296328237,False
2.6477500000000003,1,114,115,1.0144000000000057,1.0144000000000055,-2.220446049250313e-16,0.02747034307581279,0.02747034307581279,0.09005856297834033,0.08275885403610206,0.005329886634476575,0.02747034307581279,0.00501340523236892,0.0006667574115370269,0.0006667574115370269,0.0,0.998592431688421,0.006545498926124729,0.005878741514587702,0.9999489675392287,False
2.672,1,115,116,1.0216750000000059,1.0216750000000059,0.0,0.028379718075812875,0.028379718075812875,0.09003385403610212,0.08221383259386383,0.005784574134476591,0.028379718075812875,0.00501340523236892,0.0006765279002760012,0.0006765279002760012,0.0,0.998440679932468,0.006588111826232243,0.005911583925956242,0.9999431480845286,False
2.698,1,116,117,1.0294750000000057,1.029475000000006,2.220446049250313e-16,0.02935471807581298,0.02935471807581298,0.09001383259386402,0.08121881115162569,0.005979105384476622,0.02935471807581298,0.00501340523236892,0.000679330991963982,0.000679330991963982,0.0,0.9985609915571465,0.006560248354705894,0.005880917362741912,0.9999477604369952,False
2.7275,1,117,118,1.038325000000006,1.0383250000000057,-2.220446049250313e-16,0.030460968075813073,0.030460968075813073,0.09006881115162564,0.08174829951714911,0.006532230384476637,0.030460968075813073,0.00501340523236892,0.0006889978552084703,0.0006889978552084703,0.0,0.9986273709899849,0.006489968210853812,0.005800970355645342,0.999950280877814,False
2.75525,1,118,119,1.046650000000006,1.0466500000000059,-2.220446049250313e-16,0.031501593075813114,0.015750796537906557,0.09007329951714926,0.08071216288267269,0.007572855384476618,0.015750796537906557,0.00501340523236892,0.0006918841558262004,0.0006918841558262004,0.0,0.9987159584946796,0.00482917098427529,0.00413728682844909,0.999952501941663,False
2.78625,1,119,120,1.0559500000000064,1.0559500000000064,0.0,0.016913296537906675,0.016913296537906675,0.0900121628826732,0.08497768831543488,0.0050344745672383185,0.016913296537906675,0.00501340523236892,0.0006596464427087433,0.0006596464427087433,0.0,0.9988870948867569,0.006482506435314617,0.005822859992605873,0.9999602951621093,False
2.803,1,120,121,1.060975000000007,1.0609750000000069,-2.220446049250313e-16,0.017541421537906738,0.017541421537906738,0.09000268831543512,0.08434008874819682,0.005348537067238332,0.017541421537906738,0.00501340523236892,0.0006902800468537848,0.0006902800468537848,0.0,0.998281550213865,0.00673692705421905,0.006046647007365265,0.9999371048690717,False
2.822,1,121,122,1.0666750000000067,1.066675000000007,2.220446049250313e-16,0.018253921537906795,0.018253921537906795,0.09004008874819694,0.08397905168095865,0.005314552692238338,0.018253921537906795,0.00501340523236892,0.000706564015699309,0.000706564015699309,0.0,0.9983948508907198,0.006949066741962537,0.006242502726263228,0.9999415599913524,False
2.84225,1,122,123,1.0727500000000072,1.072750000000007,-2.220446049250313e-16,0.01901329653790688,0.01901329653790688,0.09005405168095891,0.08323363961372061,0.005694240192238359,0.01901329653790688,0.00501340523236892,0.0007150436866093179,0.0007150436866093179,0.0,0.9983983159521822,0.006984968853785807,0.006269925167176489,0.9999417097970069,False
2.865,1,123,124,1.0795750000000073,1.0795750000000073,0.0,0.019866421537906957,0.019866421537906957,0.09005863961372071,0.08313158692148241,0.005844240192238383,0.019866421537906957,0.00501340523236892,0.0007197564838377753,0.0007197564838377753,0.0,0.9985144292955507,0.007033825808766193,0.006314069324928418,0.9999461963525749,False
2.888,1,124,125,1.0864750000000072,1.0864750000000072,0.0,0.020728921537907046,0.020728921537907046,0.09003158692148255,0.08224203422924427,0.006275490192238402,0.020728921537907046,0.00501340523236892,0.0007254612173490379,0.0007254612173490379,0.0,0.9985498566651932,0.006983287099822995,0.006257825882473957,0.9999475343150863,False
2.914,1,125,126,1.0942750000000074,1.0942750000000077,2.220446049250313e-16,0.021703921537907133,0.021703921537907133,0.09004203422924432,0.081657169037006,0.007250490192238371,0.021703921537907133,0.00501340523236892,0.0007338866120594723,0.0007338866120594723,0.0,0.9986589333126634,0.005242898523973388,0.004509011911913916,0.999950735469169,False
2.942,1,126,127,1.1026750000000078,1.1026750000000078,0.0,0.022753921537907236,0.022753921537907236,0.09005716903700631,0.08062230384476796,0.005950980384476804,0.022753921537907236,0.00501340523236892,0.0007311370630432993,0.0007311370630432993,0.0,0.9988290174565501,0.006969080852465399,0.0062379437894221,0.9999582898355518,False
2.9735,1,127,128,1.112125000000008,1.1121250000000082,2.220446049250313e-16,0.023935171537907345,0.023935171537907345,0.09007230384476819,0.08015931365252979,0.006541605384476825,0.023935171537907345,0.00501340523236892,0.0007444756890382575,0.0007444756890382575,0.0,0.9986366775405615,0.006922709966113674,0.006178234277075417,0.9999508451358707,False
3.0065,1,128,129,1.1220250000000085,1.1220250000000083,-2.220446049250313e-16,0.02517267153790748,0.02517267153790748,0.09005931365253012,0.08448406855641089,0.005575245096119236,0.02517267153790748,0.00501340523236892,0.0007521406127217703,0.0007521406127217703,0.0,0.9987503565056459,0.007421316393084396,0.0066691757803626255,0.9999554725067927,False
3.025,1,129,130,1.1275750000000087,1.1275750000000087,0.0,0.025866421537907545,0.025866421537907545,0.09003406855641108,0.08376507346029186,0.005706495096119254,0.025866421537907545,0.00501340523236892,0.0007662695072804237,0.0007662695072804237,0.0,0.9984484826667671,0.007483842503921423,0.0067175729966409995,0.9999438795169399,False
3.0460000000000003,1,130,131,1.1338750000000086,1.1338750000000086,0.0,0.02665392153790762,0.02665392153790762,0.09006507346029202,0.0835710783641728,0.006100245096119268,0.02665392153790762,0.00501340523236892,0.0007664559419719336,0.0007664559419719336,0.0,0.9985023983389287,0.007475204616170766,0.006708748674198833,0.99994594496513,False
3.0675,1,131,132,1.140325000000009,1.140325000000009,0.0,0.0274601715379077,0.0274601715379077,0.09002107836417296,0.08272083326805374,0.005328615192238439,0.0274601715379077,0.00501340523236892,0.000770240403322194,0.000770240403322194,0.0,0.9985921018672868,0.007565701333533875,0.006795460930211681,0.9999494449413153,False
3.092,1,132,133,1.1476750000000089,1.1476750000000089,0.0,0.02837892153790778,0.02837892153790778,0.09007083326805378,0.08224558817193456,0.005787990192238452,0.02837892153790778,0.00501340523236892,0.0007807595301209528,0.0007807595301209528,0.0,0.9984432285651921,0.007643064044841982,0.006862304514721029,0.9999437528985441,False
3.118,1,133,134,1.1554750000000091,1.155475000000009,-2.220446049250313e-16,0.029353921537907883,0.029353921537907883,0.09004558817193475,0.08124534307581549,0.005980177692238484,0.029353921537907883,0.00501340523236892,0.000786796357633744,0.000786796357633744,0.0,0.9985622589642402,0.007632746878557098,0.006845950520923354,0.999948324716638,False
3.14725,1,134,135,1.164250000000009,1.1642500000000089,-2.220446049250313e-16,0.03045079653790798,0.03045079653790798,0.09002034307581548,0.08170110288357708,0.006528615192238502,0.03045079653790798,0.00501340523236892,0.0007904494811941967,0.0007904494811941967,0.0,0.9986262639179326,0.007512767444602539,0.006722317963408342,0.9999507308885202,False
3.1750000000000003,1,135,136,1.1725750000000092,1.1725750000000092,0.0,0.03149142153790803,0.015745710768954015,0.09002610288357724,0.0806662376913388,0.007569240192238483,0.015745710768954015,0.00501340523236892,0.0007937157596554652,0.0007937157596554652,0.0,0.9987158521915387,0.005829939959623796,0.005036224199968331,0.999952981401935,False
3.2062500000000003,1,136,137,1.1819500000000098,1.1819500000000098,0.0,0.01691758576895413,0.01691758576895413,0.09004123769133927,0.08500505509522002,0.00503618259611925,0.01691758576895413,0.00501340523236892,0.0007569028044011571,0.0007569028044011571,0.0,0.9988883166809516,0.007455086425351656,0.006698183620950499,0.9999608086900016,False
3.223,1,137,138,1.18697500000001,1.18697500000001,0.0,0.01754571076895419,0.01754571076895419,0.09003005509522026,0.08436574749910103,0.005350245096119263,0.01754571076895419,0.00501340523236892,0.0007899203982929705,0.0007899203982929705,0.0,0.9982825684634149,0.007727145703479321,0.006937225305186351,0.9999376201871162,False
3.242,1,138,139,1.1926750000000101,1.1926750000000101,0.0,0.018258210768954248,0.018258210768954248,0.09006574749910115,0.08400300240298192,0.005315088846119269,0.018258210768954248,0.00501340523236892,0.0008043383999657234,0.0008043383999657234,0.0,0.9983957928444246,0.007942208474748788,0.0071378700747830644,0.9999420741053646,False
3.262,1,139,140,1.1986750000000104,1.1986750000000104,0.0,0.01900821076895432,0.01900821076895432,0.0900030024029821,0.08319025730686289,0.005690088846119284,0.01900821076895432,0.00501340523236892,0.0008204617450168736,0.0008204617450168736,0.0,0.9983965035456894,0.00805577666817947,0.007235314923162597,0.9999421548075881,False
3.2847500000000003,1,140,141,1.2055000000000105,1.2055000000000105,0.0,0.019861335768954415,0.019861335768954415,0.09001525730686312,0.08309704346074388,0.005842432596119315,0.019861335768954415,0.00501340523236892,0.0008195121569315463,0.0008195121569315463,0.0,0.9985139835692238,0.008023205147538577,0.007203692990607031,0.9999466554476373,False
3.3080000000000003,1,141,142,1.2124750000000106,1.2124750000000106,0.0,0.0207332107689545,0.0207332107689545,0.09007204346074398,0.08228195461462476,0.006278370096119332,0.0207332107689545,0.00501340523236892,0.000824453355969531,0.000824453355969531,0.0,0.998551990358201,0.007964543801458668,0.007140090445489137,0.9999480892241662,False
3.33375,1,142,143,1.2202000000000106,1.2202000000000104,-2.220446049250313e-16,0.02169883576895459,0.02169883576895459,0.09000695461462485,0.0816262407685056,0.0072439950961193066,0.02169883576895459,0.00501340523236892,0.0008382466343169891,0.0008382466343169891,0.0,0.9986582486594098,0.006289229598197957,0.005450982963880968,0.9999512115125713,False
3.3617500000000002,1,143,144,1.2286000000000108,1.2286000000000108,0.0,0.022748835768954694,0.022748835768954694,0.0900262407685059,0.0805955269223866,0.005949708942238669,0.022748835768954694,0.00501340523236892,0.0008318116359421634,0.0008318116359421634,0.0,0.9988286009644023,0.007958134522896634,0.007126322886954471,0.9999587506782349,False
3.39325,1,144,145,1.238050000000011,1.2380500000000112,2.220446049250313e-16,0.023930085768954803,0.023930085768954803,0.09004552692238685,0.08013434432626751,0.00654033394223869,0.023930085768954803,0.00501340523236892,0.0008468060263145431,0.0008468060263145431,0.0,0.9986369429535338,0.007947092973894537,0.007100286947579994,0.99995134540706,False
3.42625,1,145,146,1.2479500000000114,1.2479500000000114,0.0,0.02516758576895492,0.02516758576895492,0.0900343443262677,0.084460003028208,0.005574341298059695,0.02516758576895492,0.00501340523236892,0.0008541111091698964,0.0008541111091698964,0.0,0.9987506564385453,0.008437043190657328,0.007582932081487432,0.9999559683877416,False
3.44475,1,146,147,1.2535000000000118,1.2535000000000118,0.0,0.025861335768955003,0.025861335768955003,0.09001000302820833,0.08374191173014864,0.005703247548059721,0.025861335768955003,0.00501340523236892,0.0008637369893224886,0.0008637369893224886,0.0,0.9984487460353972,0.008457350557546858,0.007593613568224369,0.9999443602154182,False
3.46575,1,147,148,1.2598000000000118,1.2598000000000118,0.0,0.026648835768955076,0.026648835768955076,0.0900419117301488,0.0835511641820891,0.006096997548059735,0.026648835768955076,0.00501340523236892,0.0008720108537361585,0.0008720108537361585,0.0,0.9985021746313865,0.008537020114562997,0.007665009260826839,0.9999464470395227,False
3.48725,1,148,149,1.2662500000000123,1.2662500000000123,0.0,0.027455085768955157,0.027455085768955157,0.09000116418208928,0.0827041666340296,0.005327979471119371,0.027455085768955157,0.00501340523236892,0.0008789253609585983,0.0008789253609585983,0.0,0.9985919812626812,0.008648409077985496,0.007769483717026898,0.9999499611585531,False
3.51175,1,149,150,1.2736000000000123,1.273600000000012,-2.220446049250313e-16,0.028373835768955236,0.028373835768955236,0.09005416663402963,0.08223216908596995,0.005787354471119385,0.028373835768955236,0.00501340523236892,0.0008763208605517062,0.0008763208605517062,0.0,0.9984435464052243,0.008604283865059015,0.007727963004507309,0.9999442286036628,False
3.53775,1,150,151,1.2814000000000125,1.2814000000000123,-2.220446049250313e-16,0.02934883576895534,0.02934883576895534,0.09003216908597013,0.08123517153791039,0.005979541971119416,0.02934883576895534,0.00501340523236892,0.0008884746103083368,0.0008884746103083368,0.0,0.9985626303199369,0.00865945407650149,0.0077709794661931526,0.9999488343257817,False
3.567,1,151,152,1.2901750000000125,1.2901750000000123,-2.220446049250313e-16,0.03044571076895544,0.03044571076895544,0.09001017153791038,0.08169156706679107,0.006527979471119434,0.03044571076895544,0.00501340523236892,0.0008890785531604933,0.0008890785531604933,0.0,0.9986266313055692,0.008479113213080765,0.007590034659920272,0.9999512115677199,False
3.59475,1,152,153,1.2985000000000124,1.2985000000000124,0.0,0.03148633576895549,0.015743167884477743,0.09001656706679122,0.08065733759567184,0.007568604471119415,0.015743167884477743,0.00501340523236892,0.0009014573135453086,0.0009014573135453086,0.0,0.9987162784744055,0.006876852050705401,0.005975394737160093,0.9999535031373536,False
3.626,1,153,154,1.307875000000013,1.307875000000013,0.0,0.016915042884477857,0.016915042884477857,0.09003233759567232,0.08499647286011261,0.005035864735559716,0.016915042884477857,0.00501340523236892,0.000850235544926977,0.000850235544926977,0.0,0.9988886963324173,0.008393228143881243,0.007542992598954266,0.9999612713096575,False
3.64275,1,154,155,1.3129000000000133,1.3129000000000133,0.0,0.01754316788447792,0.01754316788447792,0.09002147286011285,0.08435748312455316,0.005349927235559729,0.01754316788447792,0.00501340523236892,0.0008897136083391403,0.0008897136083391403,0.0,0.9982829710441032,0.00871865944406898,0.00782894583572984,0.9999381150505485,False
3.66175,1,155,156,1.3186000000000133,1.3186000000000133,0.0,0.018255667884477977,0.018255667884477977,0.09005748312455328,0.08399505588899357,0.005314770985559735,0.018255667884477977,0.00501340523236892,0.0008973144667134197,0.0008973144667134197,0.0,0.9983961731569876,0.008864694207103355,0.007967379740389935,0.9999425352869445,False
3.682,1,156,157,1.3246750000000138,1.3246750000000138,0.0,0.019015042884478063,0.019015042884478063,0.09007005588899385,0.08324825365343416,0.005694458485559756,0.019015042884478063,0.00501340523236892,0.0009157462531045508,0.0009157462531045508,0.0,0.9983993761478283,0.009021241596191998,0.008105495343087446,0.9999427304995246,False
3.70475,1,157,158,1.3315000000000137,1.3315000000000137,0.0,0.01986816788447814,0.01986816788447814,0.09007325365343424,0.08314598266787454,0.005846802235559778,0.01986816788447814,0.00501340523236892,0.0009158239001531353,0.0009158239001531353,0.0,0.9985154581469385,0.008984553297199924,0.008068729397046788,0.9999471759123989,False
3.72775,1,158,159,1.3384000000000138,1.3384000000000138,0.0,0.020730667884478228,0.020730667884478228,0.09004598266787468,0.082256211682315,0.0062780522355597975,0.020730667884478228,0.00501340523236892,0.0009250328179822831,0.0009250328179822831,0.0,0.998551409069953,0.008942958510439483,0.0080179256924572,0.9999485390861127,False
3.75375,1,159,160,1.3462000000000138,1.3462000000000138,0.0,0.021705667884478315,0.021705667884478315,0.09005621168231506,0.08167112819675534,0.007253052235559766,0.021705667884478315,0.00501340523236892,0.0009287639017778722,0.0009287639017778722,0.0,0.9986603787151049,0.0071839374213582136,0.006255173519580342,0.9999517176351103,False
3.78175,1,160,161,1.3546000000000145,1.3546000000000142,-2.220446049250313e-16,0.022755667884478418,0.022755667884478418,0.09007112819675567,0.0806360447111959,0.0059514169711196,0.022755667884478418,0.00501340523236892,0.0009313028184520375,0.0009313028184520375,0.0,0.998830379106498,0.008939826296686958,0.00800852347823492,0.9999592927774691,False
3.813,1,161,162,1.3639750000000144,1.3639750000000144,0.0,0.02392754288447853,0.02392754288447853,0.09001104471119618,0.08010486747563636,0.006537354471119623,0.02392754288447853,0.00501340523236892,0.0009342190669111176,0.0009342190669111176,0.0,0.9986359023464232,0.008819389891979543,0.007885170825068425,0.9999517198439423,False
3.846,1,162,163,1.3738750000000146,1.3738750000000146,0.0,0.02516504288447865,0.02516504288447865,0.09000486747563657,0.08443302885785664,0.005571838617779929,0.02516504288447865,0.00501340523236892,0.0009390993485928402,0.0009390993485928402,0.0,0.9987505922903696,0.009286428667518165,0.008347329318925324,0.99995636922664,False
3.86475,1,163,164,1.3795000000000148,1.3795000000000148,0.0,0.025868167884478727,0.025868167884478727,0.09005802885785692,0.083783065240077,0.005707776117779951,0.025868167884478727,0.00501340523236892,0.0009432922073617318,0.0009432922073617318,0.0,0.9984508481288633,0.009240450678905929,0.008297158471544197,0.99994482065024,False
3.8855,1,164,165,1.3857250000000152,1.3857250000000154,2.220446049250313e-16,0.026646292884478805,0.026646292884478805,0.0900080652400772,0.08352216412229727,0.006096838617779967,0.026646292884478805,0.00501340523236892,0.000944753423669052,0.000944753423669052,0.0,0.998501415027211,0.009280561133989923,0.00833580771032087,0.9999467764969917,False
3.90725,1,165,166,1.392250000000015,1.3922500000000153,2.220446049250313e-16,0.02746191788447888,0.02746191788447888,0.09004716412229741,0.0827456380045175,0.005328833485559836,0.02746191788447888,0.00501340523236892,0.0009495666586118982,0.0009495666586118982,0.0,0.9985942164468812,0.00936785080094879,0.008418284142336892,0.9999503941028812,False
3.9315,1,166,167,1.3995250000000152,1.3995250000000152,0.0,0.028371292884478965,0.028371292884478965,0.09002063800451757,0.08219879938673766,0.005783520985559852,0.028371292884478965,0.00501340523236892,0.000940027970411954,0.000940027970411954,0.0,0.9984417320709437,0.009215231953492636,0.008275203983080683,0.9999444540721514,False
3.95775,1,167,168,1.4074000000000155,1.4074000000000155,0.0,0.029355667884479065,0.029355667884479065,0.09007379938673779,0.08126758576895783,0.00598273973555988,0.029355667884479065,0.00501340523236892,0.0009434904087214288,0.0009434904087214288,0.0,0.9985640836166337,0.009207136149284832,0.008263645740563404,0.9999491554869104,False
3.987,1,168,169,1.4161750000000155,1.4161750000000155,0.0,0.030452542884479163,0.030452542884479163,0.09004258576895782,0.08172312728339803,0.006531177235559898,0.030452542884479163,0.00501340523236892,0.0009496390224739397,0.0009496390224739397,0.0,0.9986275543767323,0.009062494016051359,0.00811285499357742,0.9999515288995259,False
4.01475,1,169,170,1.4245000000000154,1.4245000000000154,0.0,0.03149316788447925,0.015746583942239625,0.09004812728339796,0.08068804379783819,0.007571802235559862,0.015746583942239625,0.00501340523236892,0.000950747527815819,0.000950747527815819,0.0,0.9987170626159071,0.0073557980567868705,0.006405050528971052,0.9999537633034719,False
4.046,1,170,171,1.4338750000000156,1.4338750000000156,0.0,0.01691845894223974,0.01691845894223974,0.09006304379783825,0.08502440830505836,0.005038635492779883,0.01691845894223974,0.00501340523236892,0.0008814267071340697,0.0008814267071340697,0.0,0.9988892541802163,0.008703711493601315,0.007822284786467246,0.9999614394386457,False
4.06275,1,171,172,1.4389000000000154,1.4389000000000156,2.220446049250313e-16,0.0175465839422398,0.0175465839422398,0.09004940830505839,0.08438264781227853,0.0053526979927798765,0.0175465839422398,0.00501340523236892,0.0009275675996967328,0.0009275675996967328,0.0,0.9982840019981611,0.009099710792676283,0.00817214319297955,0.9999383405909329,False
4.0815,1,172,173,1.4445250000000158,1.4445250000000156,-2.220446049250313e-16,0.018249708942239897,0.018249708942239897,0.09000764781227878,0.0839518248194989,0.005311682367779889,0.018249708942239897,0.00501340523236892,0.0009335431364158953,0.0009335431364158953,0.0,0.9983946008660162,0.009204490459103438,0.008270947322687544,0.999942639018879,False
4.10175,1,173,174,1.4506000000000157,1.4506000000000159,2.220446049250313e-16,0.019009083942239966,0.019009083942239966,0.09002682481949889,0.08321162682671904,0.005691369867779877,0.019009083942239966,0.00501340523236892,0.0009406860212438878,0.0009406860212438878,0.0,0.998398683556219,0.009264330283794066,0.008323644262550178,0.999942821967993,False
4.1245,1,174,175,1.4574250000000155,1.4574250000000157,2.220446049250313e-16,0.019862208942240025,0.019862208942240025,0.0900366268267189,0.08311244445893906,0.0058437136177798815,0.019862208942240025,0.00501340523236892,0.0009574374910685616,0.0009574374910685616,0.0,0.9985149633199036,0.00939131693843924,0.008433879447370679,0.9999473529456936,False
4.1475,1,175,176,1.4643250000000159,1.4643250000000159,0.0,0.02072470894224013,0.02072470894224013,0.09001244445893929,0.08222576209115945,0.006274963617779882,0.02072470894224013,0.00501340523236892,0.0009617404627256068,0.0009617404627256068,0.0,0.9985509215634889,0.0093117071282168,0.008349966665491194,0.9999486987699749,False
4.1735,1,176,177,1.472125000000016,1.472125000000016,0.0,0.021699708942240218,0.021699708942240218,0.09002576209115945,0.08164376722337964,0.007249963617779851,0.021699708942240218,0.00501340523236892,0.0009500200789852985,0.0009500200789852985,0.0,0.9986599098722193,0.007370147791859863,0.006420127712874564,0.9999517844547442,False
4.2015,1,177,178,1.4805250000000156,1.4805250000000156,0.0,0.022749708942240304,0.022749708942240304,0.09004376722337945,0.08061177235559969,0.005949927235560034,0.022749708942240304,0.00501340523236892,0.0009491479629066766,0.0009491479629066766,0.0,0.9988300277737489,0.00912869411400425,0.008179546151097573,0.999959371055218,False
4.233,1,178,179,1.4899750000000158,1.4899750000000158,0.0,0.02393095894224043,0.02393095894224043,0.09006177235559969,0.08014930873781989,0.006540552235560025,0.02393095894224043,0.00501340523236892,0.0009527077194993222,0.0009527077194993222,0.0,0.9986375053698123,0.008992553210332377,0.008039845490833055,0.9999518618877452,False
4.266,1,179,180,1.4998750000000156,1.4998750000000158,2.220446049250313e-16,0.025168458942240565,0.025168458942240565,0.09004930873781991,0.08447432692893002,0.005574981808889888,0.025168458942240565,0.00501340523236892,0.0009568033338551698,0.0009568033338551698,0.0,0.9987511917157923,0.009462356262865165,0.008505552929009995,0.9999564746416061,False
4.2845,1,180,181,1.5054250000000153,1.5054250000000153,0.0,0.025862208942240613,0.025862208942240613,0.09002432692892984,0.08375559512003998,0.005706231808889871,0.025862208942240613,0.00501340523236892,0.0009696805522936711,0.0009696805522936711,0.0,0.9984494346457674,0.009487792738771053,0.008518112186477382,0.9999448865288899,False
4.3055,1,181,182,1.5117250000000153,1.5117250000000155,2.220446049250313e-16,0.026649708942240686,0.026649708942240686,0.0900555951200399,0.08356186331115005,0.00609998180888986,0.026649708942240686,0.00501340523236892,0.000963016437379566,0.000963016437379566,0.0,0.9985033186930022,0.009461783111798308,0.008498766674418743,0.9999469376057984,False
4.327,1,182,183,1.5181750000000154,1.5181750000000154,0.0,0.027455958942240784,0.027455958942240784,0.09001186331115014,0.0827118815022603,0.005328088617779971,0.027455958942240784,0.00501340523236892,0.0009674295085144049,0.0009674295085144049,0.0,0.9985930315624355,0.009561540881851426,0.00859411137333702,0.9999504427208208,False
4.3515,1,183,184,1.5255250000000151,1.5255250000000151,0.0,0.028374708942240864,0.028374708942240864,0.09006188150226015,0.08223689969337034,0.005787463617779955,0.028374708942240864,0.00501340523236892,0.0009712766649792005,0.0009712766649792005,0.0,0.9984440468817316,0.009515352678452257,0.008544076013473057,0.9999446878719155,False
4.3775,1,184,185,1.5333250000000151,1.5333250000000151,0.0,0.02934970894224095,0.02934970894224095,0.0900368996933702,0.0812369178844804,0.0059796511177799445,0.02934970894224095,0.00501340523236892,0.0009644871353049826,0.0009644871353049826,0.0,0.9985630299707334,0.009392857272890846,0.008428370137585864,0.9999492053388717,False
4.40675,1,185,186,1.5421000000000151,1.5421000000000151,0.0,0.030446583942241066,0.030446583942241066,0.09001191788448037,0.08169320426670049,0.006528088617779935,0.030446583942241066,0.00501340523236892,0.0009757003060534442,0.0009757003060534442,0.0,0.9986270810140921,0.009326627988361313,0.00835092768230787,0.9999516383613088,False
4.4345,1,186,187,1.5504250000000153,1.5504250000000153,0.0,0.03148720894224117,0.015743604471120585,0.09001820426670046,0.08065886564892058,0.007568713617779916,0.015743604471120585,0.00501340523236892,0.000964750182399705,0.000964750182399705,0.0,0.9987166023939054,0.007476375880079357,0.006511625697679652,0.9999538034182911,False
4.46575,1,187,188,1.5598000000000152,1.5598000000000152,0.0,0.0169154794711207,0.0169154794711207,0.09003386564892064,0.08499794634003072,0.005035919308889929,0.0169154794711207,0.00501340523236892,0.0008991483218488165,0.0008991483218488165,0.0,0.9988889452762292,0.008863763334890432,0.007964615013041614,0.9999615031741476,False
4.4825,1,188,189,1.5648250000000155,1.5648250000000155,0.0,0.01754360447112076,0.01754360447112076,0.09002294634003076,0.08435890203114084,0.005349981808889922,0.01754360447112076,0.00501340523236892,0.0009478450136984877,0.0009478450136984877,0.0,0.9982832773874015,0.00930849456942301,0.008360649555724521,0.9999384145491176,False
4.5015,1,189,190,1.5705250000000155,1.5705250000000155,0.0,0.018256104471120835,0.018256104471120835,0.09005890203114092,0.08399642022225101,0.005314825558889926,0.018256104471120835,0.00501340523236892,0.0009618694627260376,0.0009618694627260376,0.0,0.998396510404749,0.00948078446227401,0.008518914999547973,0.9999428455727741,False
4.52175,1,190,191,1.5766000000000155,1.5766000000000155,0.0,0.019015479471120905,0.019015479471120905,0.09007142022225101,0.08324956341336112,0.005694513058889915,0.019015479471120905,0.00501340523236892,0.0009654228368467508,0.0009654228368467508,0.0,0.9983996380699699,0.009491811113178011,0.008526388276331261,0.9999429685417487,False
4.5445,1,191,192,1.5834250000000156,1.5834250000000156,0.0,0.019868604471120998,0.019868604471120998,0.09007456341336123,0.08314723785447135,0.005846856808889914,0.019868604471120998,0.00501340523236892,0.0009812388911244962,0.0009812388911244962,0.0,0.9985157959334809,0.009640790831509004,0.008659551940384508,0.9999475056469608,False
4.5675,1,192,193,1.5903250000000153,1.5903250000000155,2.220446049250313e-16,0.02073110447112107,0.02073110447112107,0.0900472378544713,0.08225741229558145,0.006278106808889898,0.02073110447112107,0.00501340523236892,0.0009856250248460833,0.0009856250248460833,0.0,0.9985517199063186,0.009564491851698248,0.008578866826852164,0.9999488519380189,False
4.5935,1,193,194,1.5981250000000153,1.5981250000000153,0.0,0.021706104471121156,0.021706104471121156,0.09005741229558142,0.08167227423669159,0.007253106808889867,0.021706104471121156,0.00501340523236892,0.0009808944328188014,0.0009808944328188014,0.0,0.9986606459389109,0.007649353916434148,0.006668459483615347,0.9999519439607372,False
4.6215,1,194,195,1.6065250000000155,1.6065250000000155,0.0,0.022756104471121277,0.022756104471121277,0.09007227423669166,0.08063713617780183,0.005951526117780285,0.022756104471121277,0.00501340523236892,0.0009684356692121546,0.0009684356692121546,0.0,0.998830566198677,0.009318865324216614,0.00835042965500446,0.9999594840062433,False
4.65275,1,195,196,1.6159000000000154,1.6159000000000154,0.0,0.02392797947112139,0.02392797947112139,0.09001213617780174,0.08010590436891192,0.006537463617780271,0.02392797947112139,0.00501340523236892,0.0009833218569102208,0.0009833218569102208,0.0,0.9986361631191185,0.009290187964973051,0.00830686610806283,0.9999519514250484,False
4.6857500000000005,1,196,197,1.625800000000015,1.625800000000015,0.0,0.02516547947112149,0.02516547947112149,0.09000590436891168,0.08443403846446679,0.005571865904444882,0.02516547947112149,0.00501340523236892,0.0009826053545385007,0.0009826053545385007,0.0,0.9987508188017643,0.009708453785913479,0.008725848431374979,0.9999565767690263,False
4.7045,1,197,198,1.6314250000000152,1.6314250000000152,0.0,0.02586860447112155,0.02586860447112155,0.09005903846446668,0.08378404756002182,0.005707803404444879,0.02586860447112155,0.00501340523236892,0.000998974314505875,0.000998974314505875,0.0,0.9984511324281856,0.009778361795123522,0.008779387480617646,0.9999450924354875,False
4.72525,1,198,199,1.6376500000000151,1.6376500000000151,0.0,0.026646729471121646,0.026646729471121646,0.09000904756002193,0.08352311915557703,0.006096865904444878,0.026646729471121646,0.00501340523236892,0.0009866475382610744,0.0009866475382610744,0.0,0.9985016301662321,0.009680674105570553,0.008694026567309478,0.9999469786314282,False
4.747,1,199,200,1.6441750000000153,1.6441750000000153,0.0,0.027462354471121723,0.027462354471121723,0.09004811915557695,0.0827465657511321,0.005328888058890081,0.027462354471121723,0.00501340523236892,0.0009896783002667363,0.0009896783002667363,0.0,0.9985944204028271,0.009777673497998643,0.008787995197731907,0.9999506007111731,False
4.77125,1,200,201,1.6514500000000152,1.651450000000015,-2.220446049250313e-16,0.028371729471121824,0.028371729471121824,0.09002156575113213,0.08219969984668729,0.005783575558890076,0.028371729471121824,0.00501340523236892,0.0010052590571634238,0.0010052590571634238,0.0,0.9984420697241103,0.00986338749828189,0.008858128441118465,0.9999447797295337,False
4.7975,1,201,202,1.6593250000000148,1.6593250000000148,0.0,0.02935610447112189,0.02935610447112189,0.09007469984668698,0.08126845894224219,0.0059827943088900555,0.02935610447112189,0.00501340523236892,0.0009980829676403788,0.0009980829676403788,0.0,0.9985643661205406,0.00971143692793957,0.008713353960299191,0.9999494104569175,False
4.8267500000000005,1,202,203,1.6681000000000148,1.6681000000000148,0.0,0.030452979471122004,0.030452979471122004,0.09004345894224217,0.08172394588335218,0.006531231808890046,0.030452979471122004,0.00501340523236892,0.0009998069000783098,0.0009998069000783098,0.0,0.9986278109998521,0.009569341993216157,0.008569535093137848,0.9999517837995947,False
4.8545,1,203,204,1.6764250000000147,1.6764250000000147,0.0,0.03149360447112211,0.015746802235561054,0.09004894588335215,0.08068880782446217,0.007571856808890027,0.015746802235561054,0.00501340523236892,0.0009910417896802927,0.0009910417896802927,0.0,0.9987172662811659,0.007696433537736386,0.0067053917480560925,0.999953934462318,False
4.88575,1,204,205,1.6858000000000148,1.6858000000000148,0.0,0.016918677235561168,0.016918677235561168,0.09006380782446223,0.08502514504501725,0.005038662779444978,0.016918677235561168,0.00501340523236892,0.000929231657711468,0.000929231657711468,0.0,0.9988894942750632,0.00915100555898482,0.008221773901273353,0.9999616611583367,False
4.9025,1,205,206,1.690825000000015,1.690825000000015,0.0,0.01754680223556123,0.01754680223556123,0.0900501450450173,0.08438335726557233,0.0053527252794449715,0.01754680223556123,0.00501340523236892,0.0009702322700059361,0.0009702322700059361,0.0,0.9982842220999955,0.009536602613168355,0.008566370343162419,0.9999385617749856,False
4.92125,1,206,207,1.696450000000015,1.6964500000000151,2.220446049250313e-16,0.018249927235561292,0.018249927235561292,0.0900083572655723,0.08395250698612736,0.005311709654444976,0.018249927235561292,0.00501340523236892,0.0009954067114600884,0.0009954067114600884,0.0,0.9983949163773256,0.009819871527097214,0.008824464815637126,0.9999429476960754,False
4.9415000000000004,1,207,208,1.7025250000000147,1.702525000000015,2.220446049250313e-16,0.01900930223556136,0.01900930223556136,0.09002750698612735,0.08321228170668243,0.005691397154444965,0.01900930223556136,0.00501340523236892,0.0009990919427708281,0.0009990919427708281,0.0,0.9983989821442947,0.009811414969924666,0.008812323027153839,0.999943097345154,False
4.96425,1,208,209,1.7093500000000148,1.709350000000015,2.220446049250313e-16,0.019862427235561454,0.019862427235561454,0.09003728170668256,0.08311307205223761,0.005843740904444964,0.019862427235561454,0.00501340523236892,0.0010034745864101857,0.0010034745864101857,0.0,0.9985151968605755,0.009864052890593833,0.008860578304183648,0.9999475907914048,False
4.98725,1,209,210,1.716250000000015,1.716250000000015,0.0,0.020724927235561526,0.020724927235561526,0.09001307205223756,0.08222636239779266,0.006274990904444948,0.020724927235561526,0.00501340523236892,0.0010058107818083088,0.0010058107818083088,0.0,0.9985511437816746,0.009768354006543002,0.008762543224734694,0.9999489288374385,False
5.01325,1,210,211,1.7240500000000152,1.7240500000000152,0.0,0.021699927235561647,0.021699927235561647,0.09002636239779291,0.08164434024334799,0.00724999090444495,0.021699927235561647,0.00501340523236892,0.0010156042494317242,0.0010156042494317242,0.0,0.9986602402471484,0.0079841329973704,0.006968528747938675,0.999952087082256,False
5.04125,1,211,212,1.7324500000000151,1.7324500000000151,0.0,0.022749927235561733,0.022749927235561733,0.09004434024334779,0.0806123180889029,0.005949981808890391,0.022749927235561733,0.00501340523236892,0.0009916089365713493,0.0009916089365713493,0.0,0.9988302397513159,0.009527093564053561,0.008535484627482211,0.9999595722459347,False
5.07275,1,212,213,1.7419000000000149,1.7419000000000149,0.0,0.02393117723556186,0.02393117723556186,0.0900623180889029,0.08014982718445803,0.006540606808890383,0.02393117723556186,0.00501340523236892,0.0010112076821165075,0.0010112076821165075,0.0,0.9986378032756761,0.00957080623802925,0.008559598555912743,0.9999521476138968,False
5.1057500000000005,1,213,214,1.7518000000000147,1.7518000000000147,0.0,0.02516867723556196,0.02516867723556196,0.09004982718445778,0.08447483173223538,0.005574995452222412,0.02516867723556196,0.00501340523236892,0.001012597486601145,0.001012597486601145,0.0,0.9987514729319776,0.01000144951647626,0.008988852029875115,0.9999567413457893,False
5.12425,1,214,215,1.7573500000000148,1.7573500000000148,0.0,0.025862427235562042,0.025862427235562042,0.09002483173223544,0.08375608628001303,0.0057062454522224205,0.025862427235562042,0.00501340523236892,0.0010292688149634143,0.0010292688149634143,0.0,0.9984497345068842,0.010085882131767115,0.009056613316803701,0.9999451874326903,False
5.14525,1,215,216,1.7636500000000148,1.7636500000000148,0.0,0.026649927235562115,0.026649927235562115,0.09005608628001295,0.08356234082779056,0.006099995452222409,0.026649927235562115,0.00501340523236892,0.0010158412019492947,0.0010158412019492947,0.0,0.9985035855789259,0.009961189331310238,0.008945348129360944,0.9999471889073436,False
5.16675,1,216,217,1.7701000000000144,1.7701000000000144,0.0,0.02745617723556218,0.02745617723556218,0.09001234082779039,0.08271234537556801,0.005328115904445134,0.02745617723556218,0.00501340523236892,0.0010140548254140846,0.0010140548254140846,0.0,0.9985932666424701,0.009998437041418402,0.008984382216004318,0.9999506630171789,False
5.19125,1,217,218,1.7774500000000146,1.7774500000000146,0.0,0.028374927235562293,0.028374927235562293,0.09006234537556815,0.08223734992334576,0.005787490904445134,0.028374927235562293,0.00501340523236892,0.0010309783096428065,0.0010309783096428065,0.0,0.9984443495920978,0.010129341421753452,0.009098363112110645,0.9999449957773903,False
5.21725,1,218,219,1.7852500000000147,1.7852500000000147,0.0,0.02934992723556238,0.02934992723556238,0.09003734992334564,0.08123735447112329,0.005979678404445123,0.02934992723556238,0.00501340523236892,0.001034343843104253,0.001034343843104253,0.0,0.998563383289996,0.010072311106767325,0.009037967263663071,0.9999495466775278,False
5.2465,1,219,220,1.7940250000000146,1.7940250000000146,0.0,0.030446802235562495,0.030446802235562495,0.09001235447112327,0.08169361356667819,0.0065281159044451136,0.030446802235562495,0.00501340523236892,0.001022300597476636,0.001022300597476636,0.0,0.9986273155200069,0.009781409821691393,0.008759109224214757,0.999951867360179,False
5.27425,1,220,221,1.8023500000000143,1.8023500000000143,0.0,0.03148742723556257,0.015743713617781284,0.0900186135666779,0.08065924766223287,0.007568740904445061,0.015743713617781284,0.00501340523236892,0.0010258600183916835,0.0010258600183916835,0.0,0.9987169087879887,0.008009428198188548,0.006983568179796864,0.9999540711477269,False
5.3055,1,221,222,1.8117250000000142,1.8117250000000142,0.0,0.016915588617781398,0.016915588617781398,0.09003424766223292,0.08499831471001042,0.005035932952222502,0.016915588617781398,0.00501340523236892,0.0009579910252226586,0.0009579910252226586,0.0,0.9988892377691094,0.009441788550513891,0.008483797525291232,0.9999617898005723,False
5.32225,1,222,223,1.8167500000000145,1.8167500000000145,0.0,0.01754371361778146,0.01754371361778146,0.09002331471001046,0.08435925675778796,0.005349995452222495,0.01754371361778146,0.00501340523236892,0.0009897489112061586,0.0009897489112061586,0.0,0.9982834901001336,0.009729887393196107,0.00874013848198995,0.9999386276438194,False
5.3412500000000005,1,223,224,1.8224500000000141,1.8224500000000141,0.0,0.018256213617781535,0.018256213617781535,0.09005925675778803,0.08399676130556556,0.005314839202222498,0.018256213617781535,0.00501340523236892,0.0010218400833989349,0.0010218400833989349,0.0,0.9983968127680639,0.010090771275403518,0.009068931192004583,0.999943151127492,False
5.3615,1,224,225,1.8285250000000142,1.8285250000000144,2.220446049250313e-16,0.019015588617781604,0.019015588617781604,0.09007176130556556,0.0832498908533431,0.005694526702222487,0.019015588617781604,0.00501340523236892,0.0010330555494813102,0.0010330555494813102,0.0,0.9983999791475145,0.01014753482481242,0.009114479275331109,0.9999432974207497,False
5.38425,1,225,226,1.8353500000000145,1.8353500000000145,0.0,0.019868713617781697,0.019868713617781697,0.09007489085334322,0.08314755165112075,0.0058468704522224866,0.019868713617781697,0.00501340523236892,0.0010273810476774884,0.0010273810476774884,0.0,0.9985160281533915,0.010092217085787593,0.009064836038110105,0.9999477329062766,False
5.40725,1,226,227,1.8422500000000146,1.8422500000000144,-2.220446049250313e-16,0.02073121361778177,0.02073121361778177,0.0900475516511207,0.08225771244889826,0.00627812045222247,0.02073121361778177,0.00501340523236892,0.0010293345372733474,0.0010293345372733474,0.0,0.998551938986711,0.009990867215349745,0.008961532678076398,0.9999490670436064,False
5.43325,1,227,228,1.8500500000000146,1.8500500000000146,0.0,0.02170621361778189,0.02170621361778189,0.09005771244889853,0.08167256074667609,0.007253120452222472,0.02170621361778189,0.00501340523236892,0.0010480234095454834,0.0010480234095454834,0.0,0.9986609811095449,0.008311512200416427,0.007263488790870944,0.9999522706453992,False
5.46125,1,228,229,1.8584500000000146,1.8584500000000146,0.0,0.022756213617781976,0.022756213617781976,0.09007256074667588,0.08063740904445348,0.005951553404445452,0.022756213617781976,0.00501340523236892,0.0010267810078705816,0.0010267810078705816,0.0,0.9988308580397591,0.009854712204415507,0.008827931196544925,0.9999597539742137,False
5.4925,1,229,230,1.8678250000000145,1.8678250000000145,0.0,0.02392808861778209,0.02392808861778209,0.0900124090444534,0.08010616359223101,0.006537490904445438,0.02392808861778209,0.00501340523236892,0.0010378637013244857,0.0010378637013244857,0.0,0.998636436091106,0.0098432034950314,0.008805339793706913,0.9999522242643093,False
5.5255,1,230,231,1.8777250000000145,1.8777250000000143,-2.220446049250313e-16,0.025165588617782224,0.025165588617782224,0.09000616359223103,0.08443429086611984,0.005571872726111185,0.025165588617782224,0.00501340523236892,0.0010447999767265357,0.0010447999767265357,0.0,0.9987511282922105,0.010326027193146806,0.00928122721642027,0.9999568825917521,False
5.54425,1,231,232,1.8833500000000143,1.8833500000000143,0.0,0.025868713617782285,0.025868713617782285,0.09005929086611975,0.08378429314000858,0.005707810226111182,0.025868713617782285,0.00501340523236892,0.0010591446986619533,0.0010591446986619533,0.0,0.9984514336820753,0.010390303152203725,0.009331158453541773,0.9999453998862728,False
5.565,1,232,233,1.889575000000014,1.889575000000014,0.0,0.026646838617782345,0.026646838617782345,0.09000929314000841,0.08352335791389726,0.006096872726111165,0.026646838617782345,0.00501340523236892,0.001053424469446549,0.001053424469446549,0.0,0.9985019652451734,0.01032656191722417,0.009273137447777621,0.9999473024900456,False
5.58675,1,233,234,1.896100000000014,1.896100000000014,0.0,0.027462463617782422,0.027462463617782422,0.09004835791389718,0.08274679768778605,0.005328901702222664,0.027462463617782422,0.00501340523236892,0.0010478300072719652,0.0010478300072719652,0.0,0.9985947123570474,0.010323435189845583,0.009275605182573617,0.9999508750668287,False
5.611,1,234,235,1.903375000000014,1.903375000000014,0.0,0.028371838617782523,0.028371838617782523,0.09002179768778608,0.08219992496167494,0.005783589202222659,0.028371838617782523,0.00501340523236892,0.0010532839534865774,0.0010532839534865774,0.0,0.9984423109297837,0.010361230115418403,0.009307946161931827,0.9999450295866711,False
5.63725,1,235,236,1.911250000000014,1.911250000000014,0.0,0.029356213617782623,0.029356213617782623,0.09007492496167491,0.08126867723556379,0.005982807952222656,0.029356213617782623,0.00501340523236892,0.0010658992232982845,0.0010658992232982845,0.0,0.9985647059352443,0.01039643058175229,0.009330531358454006,0.9999497539493061,False
5.6665,1,236,237,1.920025000000014,1.920025000000014,0.0,0.030453088617782738,0.030453088617782738,0.09004367723556378,0.08172415053334117,0.006531245452222647,0.030453088617782738,0.00501340523236892,0.001054344604262232,0.001054344604262232,0.0,0.9986280843583126,0.010081435310009032,0.0090270907057468,0.9999520416819953,False
5.69425,1,237,238,1.928350000000014,1.928350000000014,0.0,0.031493713617782845,0.015746856808891423,0.09004915053334114,0.08068899883111855,0.007571870452222628,0.015746856808891423,0.00501340523236892,0.0010660836269477622,0.0010660836269477622,0.0,0.9987176407190663,0.008398221439664122,0.00733213781271636,0.999954285993505,False
5.7255,1,238,239,1.9377250000000141,1.9377250000000141,0.0,0.016918731808891536,0.016918731808891536,0.0900639988311186,0.08502532923000732,0.005038669601111287,0.016918731808891536,0.00501340523236892,0.000983928506043254,0.000983928506043254,0.0,0.9988897636145733,0.009716765568230132,0.008732837062186877,0.9999619407926356,False
5.74225,1,239,240,1.9427500000000137,1.9427500000000137,0.0,0.017546856808891564,0.017546856808891564,0.0900503292300071,0.08438353462889586,0.005352732101111263,0.017546856808891564,0.00501340523236892,0.001013979144841945,0.001013979144841945,0.0,0.9982844425895282,0.009965324839427983,0.008951345694586037,0.999938778226954,False
5.761,1,240,241,1.9483750000000142,1.9483750000000142,0.0,0.01824998180889166,0.01824998180889166,0.0900085346288961,0.08395267752778482,0.0053117164761112765,0.01824998180889166,0.00501340523236892,0.0010473644766841545,0.0010473644766841545,0.0,0.9983951769433922,0.010359986401313089,0.009312621924628934,0.9999432181647472,False
5.78125,1,241,242,1.954450000000014,1.954450000000014,0.0,0.01900935680889173,0.01900935680889173,0.09002767752778483,0.08321244542667358,0.005691403976111265,0.01900935680889173,0.00501340523236892,0.0010668024486232932,0.0010668024486232932,0.0,0.9983993214578322,0.010491541728680519,0.009424739280057225,0.999943437890536,False
5.804,1,242,243,1.961275000000014,1.961275000000014,0.0,0.019862481808891788,0.019862481808891788,0.09003744542667343,0.08311322895056222,0.005843747726111248,0.019862481808891788,0.00501340523236892,0.001058645408699008,0.001058645408699008,0.0,0.99851547376042,0.010388234519993308,0.009329589111294301,0.9999478543359052,False
5.827,1,243,244,1.9681750000000142,1.9681750000000142,0.0,0.020724981808891894,0.020724981808891894,0.09001322895056244,0.08222651247445123,0.006274997726111248,0.020724981808891894,0.00501340523236892,0.001060172638835332,0.001060172638835332,0.0,0.9985514162262854,0.010277587224973031,0.0092174145861377,0.9999491853957982,False
5.853,1,244,245,1.9759750000000142,1.975975000000014,-2.220446049250313e-16,0.02169998180889198,0.02169998180889198,0.09002651247445122,0.08164448349834003,0.007249997726111217,0.02169998180889198,0.00501340523236892,0.0010755797303047022,0.0010755797303047022,0.0,0.998660537986855,0.008593949400659329,0.007518369670354626,0.9999523872248138,False
5.881,1,245,246,1.9843750000000142,1.9843750000000142,0.0,0.0227499818088921,0.0227499818088921,0.09004448349834009,0.0806124545222289,0.005949995452222991,0.0227499818088921,0.00501340523236892,0.0010659768301340537,0.0010659768301340537,0.0,0.9988306111637455,0.010237399208464587,0.009171422378330534,0.9999599289774375,False
5.9125000000000005,1,246,247,1.993825000000014,1.993825000000014,0.0,0.023931231808892194,0.023931231808892194,0.09006245452222865,0.08014995679611749,0.006540620452222966,0.023931231808892194,0.00501340523236892,0.001065942363206162,0.001065942363206162,0.0,0.9986380752535863,0.010120258434161047,0.009054316070954886,0.99995241889864,False
5.9455,1,247,248,2.003725000000014,2.003725000000014,0.0,0.025168731808892328,0.025168731808892328,0.0900499567961175,0.08447495793306194,0.005574998863055572,0.025168731808892328,0.00501340523236892,0.0010741174116594612,0.0010741174116594612,0.0,0.9987517765474035,0.010625230055125348,0.009551112643465887,0.9999570497915189,False
5.964,1,248,249,2.009275000000014,2.009275000000014,0.0,0.025862481808892376,0.025862481808892376,0.09002495793306174,0.08375620907000621,0.005706248863055554,0.025862481808892376,0.00501340523236892,0.0010868356450533729,0.0010868356450533729,0.0,0.9984500221749607,0.010674216893861499,0.009587381248808126,0.9999454830995478,False
5.985,1,249,250,2.015575000000014,2.0155750000000134,-4.440892098500626e-16,0.02664998180889245,0.02664998180889245,0.09005620907000611,0.08356246020695059,0.0060999988630555425,0.02664998180889245,0.00501340523236892,0.001088135525504795,0.001088135525504795,0.0,0.998503947277263,0.010675535255703042,0.009587399730198247,0.9999475466439575,False
6.0065,1,250,251,2.022025000000014,2.022025000000014,0.0,0.027456231808892548,0.027456231808892548,0.09001246020695068,0.08271246134389515,0.005328122726111433,0.027456231808892548,0.00501340523236892,0.0010890719628221998,0.0010890719628221998,0.0,0.9985936421792503,0.010723526395779712,0.009634454432957512,0.9999510264943282,False
6.031,1,251,252,2.0293750000000137,2.0293750000000137,0.0,0.028374981808892627,0.028374981808892627,0.090062461343895,0.08223746248083949,0.0057874977261114175,0.028374981808892627,0.00501340523236892,0.001081031006522364,0.001081031006522364,0.0,0.9984445999822582,0.010633235109775811,0.009552204103253447,0.9999452488256082,False
6.057,1,252,253,2.0371750000000137,2.0371750000000137,0.0,0.029349981808892714,0.029349981808892714,0.09003746248083935,0.08123746361778388,0.0059796852261114145,0.029349981808892714,0.00501340523236892,0.0010919394420310143,0.0010919394420310143,0.0,0.9985636700271736,0.010671545736797877,0.009579606294766863,0.9999498472351482,False
6.08625,1,253,254,2.0459500000000137,2.0459500000000137,0.0,0.03044685680889283,0.03044685680889283,0.09001246361778387,0.08169371589167251,0.006528122726111405,0.03044685680889283,0.00501340523236892,0.0010926599508579529,0.0010926599508579529,0.0,0.9986276673491596,0.010452030619961632,0.00935937066910368,0.9999522043854254,False
6.114,1,254,255,2.054275000000014,2.054275000000014,0.0,0.031487481808892936,0.015743740904446468,0.09001871589167248,0.08065934316556116,0.007568747726111386,0.015743740904446468,0.00501340523236892,0.0011018269689231396,0.0011018269689231396,0.0,0.9987172852384116,0.008759574772005905,0.007657747803082765,0.9999544462941865,False
6.14525,1,255,256,2.0636500000000133,2.0636500000000133,0.0,0.016915615904446582,0.016915615904446582,0.09003434316556122,0.08499840680250556,0.00503593636305566,0.016915615904446582,0.00501340523236892,0.0010049083833846215,0.0010049083833846215,0.0,0.9988894666867745,0.00993992665761513,0.00893501827423051,0.9999620349280972,False
6.162,1,256,257,2.0686750000000136,2.0686750000000136,0.0,0.017543740904446645,0.017543740904446645,0.09002340680250559,0.08435934543944995,0.005349998863055653,0.017543740904446645,0.00501340523236892,0.0010420736734615724,0.0010420736734615724,0.0,0.9982837527767087,0.010238111388878618,0.009196037715417046,0.9999388836286804,False
6.181,1,257,258,2.0743750000000136,2.074375000000014,4.440892098500626e-16,0.01825624090444672,0.01825624090444672,0.09005934543945003,0.08399684657639439,0.005314842613055661,0.01825624090444672,0.00501340523236892,0.0010747387895005853,0.0010747387895005853,0.0,0.9983970773783013,0.010637210960486344,0.00956247217098576,0.9999434247835817,False
6.20125,1,258,259,2.0804500000000137,2.0804500000000137,0.0,0.019015615904446788,0.019015615904446788,0.09007184657639439,0.08324997271333878,0.00569453011305565,0.019015615904446788,0.00501340523236892,0.0010981723548006265,0.0010981723548006265,0.0,0.9984003043296542,0.01081712547357163,0.009718953118771004,0.9999436325503651,False
6.224,1,259,260,2.0872750000000138,2.0872750000000138,0.0,0.01986874090444688,0.01986874090444688,0.09007497271333889,0.08314763010028325,0.005846873863055649,0.01986874090444688,0.00501340523236892,0.0010953460983583723,0.0010953460983583723,0.0,0.998516368538973,0.010743637177730449,0.009648291079372076,0.9999480598562598,False
6.247,1,260,261,2.094175000000014,2.094175000000014,0.0,0.020731240904446953,0.020731240904446953,0.09004763010028322,0.08225778748722762,0.006278123863055633,0.020731240904446953,0.00501340523236892,0.00109836853747567,0.00109836853747567,0.0,0.9985522846261293,0.010641914011598128,0.009543545474122457,0.9999493943583426,False
6.273,1,261,262,2.1019750000000137,2.1019750000000137,0.0,0.02170624090444704,0.02170624090444704,0.0900577874872276,0.08167263237417204,0.007253123863055602,0.02170624090444704,0.00501340523236892,0.0011003806101129922,0.0011003806101129922,0.0,0.9986612403857699,0.008840492969000191,0.007740112358887199,0.9999525302726915,False
6.301,1,262,263,2.1103750000000137,2.1103750000000137,0.0,0.02275624090444716,0.02275624090444716,0.0900726323741721,0.08063747726111653,0.005951560226111756,0.02275624090444716,0.00501340523236892,0.0011041472390679115,0.0011041472390679115,0.0,0.998831242916223,0.01062418395712808,0.00952003671806017,0.9999601397725302,False
6.33225,1,263,264,2.119750000000014,2.119750000000014,0.0,0.023928115904447274,0.023928115904447274,0.09001247726111644,0.08010622839806089,0.006537497726111742,0.023928115904447274,0.00501340523236892,0.001096836978290365,0.001096836978290365,0.0,0.9986367289378171,0.01041745940474266,0.009320622426452294,0.9999525084900861,False
6.3652500000000005,1,264,265,2.129650000000013,2.1296500000000136,4.440892098500626e-16,0.025165615904447373,0.025165615904447373,0.09000622839806063,0.0844343539665329,0.005571874431527749,0.025165615904447373,0.00501340523236892,0.001102460249847157,0.001102460249847157,0.0,0.9987514115192493,0.010907957547240534,0.009805497297393377,0.9999571698940871,False
6.384,1,265,266,2.1352750000000134,2.1352750000000134,0.0,0.025868740904447435,0.025868740904447435,0.09005935396653279,0.08378435453500507,0.005707811931527747,0.025868740904447435,0.00501340523236892,0.0011168029833385116,0.0011168029833385116,0.0,0.9984517217179072,0.010975094546231925,0.009858291562893414,0.9999456938455759,False
6.40475,1,266,267,2.1415000000000135,2.1415000000000135,0.0,0.02664686590444753,0.02664686590444753,0.09000935453500515,0.08352341760347741,0.006096874431527746,0.02664686590444753,0.00501340523236892,0.0011237518869207995,0.0011237518869207995,0.0,0.9985023163576664,0.011040916650580927,0.009917164763660127,0.9999476599847376,False
6.4265,1,267,268,2.1480250000000134,2.1480250000000134,0.0,0.027462490904447606,0.027462490904447606,0.09004841760347733,0.08274685567194962,0.005328905113055816,0.027462490904447606,0.00501340523236892,0.0011258433950308842,0.0011258433950308842,0.0,0.998595102200152,0.011093827347771791,0.009967983952740907,0.999951260931743,False
6.45075,1,268,269,2.1553000000000138,2.1553000000000138,0.0,0.028371865904447707,0.028371865904447707,0.09002185567194965,0.08219998124042192,0.005783592613055811,0.028371865904447707,0.00501340523236892,0.0011106127994862979,0.0011106127994862979,0.0,0.9984425979314734,0.010909949851493003,0.009799337052006706,0.9999453053737666,False
6.477,1,269,270,2.163175000000013,2.163175000000013,0.0,0.029356240904447772,0.029356240904447772,0.09007498124042163,0.08126873180889396,0.005982811363055791,0.029356240904447772,0.00501340523236892,0.001119645866983083,0.001119645866983083,0.0,0.9985649731297277,0.010947033245572245,0.009827387378589162,0.9999500304588079,False
6.5062500000000005,1,270,271,2.171950000000013,2.171950000000013,0.0,0.030453115904447887,0.030453115904447887,0.09004373180889394,0.08172420169583822,0.006531248863055782,0.030453115904447887,0.00501340523236892,0.0011304747606679239,0.0011304747606679239,0.0,0.9986284637978057,0.010830154087698704,0.00969967932703078,0.9999524173396922,False
6.534,1,271,272,2.1802750000000133,2.1802750000000133,0.0,0.031493740904447995,0.015746870452223997,0.09004920169583819,0.08068904658278248,0.007571873863055763,0.015746870452223997,0.00501340523236892,0.0011292047809596001,0.0011292047809596001,0.0,0.9987179510755466,0.009037715412907217,0.007908510631947616,0.9999546057292708,False
6.56525,1,272,273,2.189650000000013,2.1896500000000128,-4.440892098500626e-16,0.01691874545222411,0.01691874545222411,0.09006404658278253,0.08502537527625467,0.005038671306527846,0.01691874545222411,0.00501340523236892,0.00102346047360369,0.00102346047360369,0.0,0.9988899557342108,0.010125810689405768,0.009102350215802078,0.9999621414992826,False
6.582,1,273,274,2.194675000000013,2.194675000000013,0.0,0.017546870452224174,0.017546870452224174,0.09005037527625473,0.0843835789697269,0.0053527338065278394,0.017546870452224174,0.00501340523236892,0.0010713039919385524,0.0010713039919385524,0.0,0.998284729794791,0.010524304789615233,0.00945300079767668,0.9999390594481383,False
6.600750000000001,1,274,275,2.200300000000013,2.200300000000013,0.0,0.018249995452224235,0.018249995452224235,0.09000857896972687,0.08395272016319906,0.005311718181527844,0.018249995452224235,0.00501340523236892,0.0010978912376387545,0.0010978912376387545,0.0,0.9983954296522544,0.01087153799885443,0.009773646761215676,0.9999434745716782,False
6.621,1,275,276,2.206375000000013,2.206375000000013,0.0,0.019009370452224304,0.019009370452224304,0.09002772016319906,0.08321248635667128,0.0056914056815278325,0.019009370452224304,0.00501340523236892,0.001126106923212088,0.001126106923212088,0.0,0.9983996171695969,0.011105410362013332,0.009979303438801244,0.9999437452556744,False
6.64375,1,276,277,2.213200000000013,2.213200000000013,0.0,0.019862495452224398,0.019862495452224398,0.09003748635667139,0.08311326817514358,0.005843749431527832,0.019862495452224398,0.00501340523236892,0.0011339044353742994,0.0011339044353742994,0.0,0.9985158498703237,0.01112543864790571,0.00999153421253141,0.9999482239138467,False
6.66675,1,277,278,2.220100000000013,2.220100000000013,0.0,0.02072499545222447,0.02072499545222447,0.09001326817514352,0.08222654999361576,0.006274999431527816,0.02072499545222447,0.00501340523236892,0.0011389132108072981,0.0011389132108072981,0.0,0.998551809576253,0.011040796364830165,0.009901883154022866,0.9999495684625569,False
6.69275,1,278,279,2.2279000000000133,2.2279000000000133,0.0,0.02169999545222459,0.02169999545222459,0.090026549993616,0.08164451931208822,0.007249999431527818,0.02169999545222459,0.00501340523236892,0.0011275520748573627,0.0011275520748573627,0.0,0.9986607959164979,0.00909839343179114,0.007970841356933779,0.9999526351973365,False
6.72075,1,279,280,2.2363000000000133,2.2363000000000133,0.0,0.022749995452224676,0.022749995452224676,0.09004451931208801,0.08061248863056027,0.005949998863056127,0.022749995452224676,0.00501340523236892,0.0011365220436938637,0.0011365220436938637,0.0,0.9988309606404787,0.010959032525062827,0.009822510481368963,0.9999602906102707,False
6.75225,1,280,281,2.245750000000013,2.245750000000013,0.0,0.023931245452224803,0.023931245452224803,0.09006248863056027,0.08014998919903253,0.0065406238630561185,0.023931245452224803,0.00501340523236892,0.0011317395299668238,0.0011317395299668238,0.0,0.9986384018277157,0.010758556573994452,0.009626817044027628,0.9999527353148654,False
6.7852500000000004,1,281,282,2.255650000000013,2.255650000000013,0.0,0.025168745452224903,0.025168745452224903,0.09004998919903229,0.08447498948326843,0.005574999715763847,0.025168745452224903,0.00501340523236892,0.0011333075003655834,0.0011333075003655834,0.0,0.9987520673395662,0.011210283207904785,0.010076975707539201,0.9999573384714083,False
6.80375,1,282,283,2.261200000000013,2.261200000000013,0.0,0.025862495452224986,0.025862495452224986,0.09002498948326851,0.08375623976750465,0.0057062497157638545,0.025862495452224986,0.00501340523236892,0.0011451280732939812,0.0011451280732939812,0.0,0.9984503135235218,0.011255553811071628,0.010110425737777647,0.999945775483059,False
6.82475,1,283,284,2.267500000000013,2.267500000000013,0.0,0.02664999545222506,0.02664999545222506,0.09005623976750457,0.08356249005174074,0.006099999715763843,0.02664999545222506,0.00501340523236892,0.001156534979901956,0.001156534979901956,0.0,0.9985042885298033,0.011374184049728737,0.010217649069826782,0.9999478963300951,False
6.84625,1,284,285,2.2739500000000126,2.2739500000000126,0.0,0.027456245452225123,0.027456245452225123,0.09001249005174057,0.08271249033597677,0.005328124431528002,0.027456245452225123,0.00501340523236892,0.0011636562614812797,0.0011636562614812797,0.0,0.998594014000959,0.01148464973243106,0.01032099347094978,0.9999514074665075,False
6.87075,1,285,286,2.281300000000013,2.281300000000013,0.0,0.028374995452225237,0.028374995452225237,0.09006249033597691,0.08223749062021309,0.005787499431528002,0.028374995452225237,0.00501340523236892,0.0011478162610605623,0.0011478162610605623,0.0,0.998444934103171,0.011269266939875087,0.010121450678814526,0.9999455682941716,False
6.89675,1,286,287,2.289100000000013,2.289100000000013,0.0,0.029349995452225323,0.029349995452225323,0.09003749062021296,0.08123749090444918,0.005979686931527991,0.029349995452225323,0.00501340523236892,0.0011462773634158074,0.0011462773634158074,0.0,0.9985639407970422,0.011200258602206546,0.010053981238790739,0.9999501133170282,False
6.926,1,287,288,2.2978750000000128,2.2978750000000128,0.0,0.03044687045222544,0.03044687045222544,0.09001249090444916,0.08169374147292122,0.0065281244315279815,0.03044687045222544,0.00501340523236892,0.0011648872459380747,0.0011648872459380747,0.0,0.9986280260463034,0.011180640068546861,0.010015752822608786,0.9999525697216646,False
6.95375,1,288,289,2.3062000000000125,2.306200000000013,4.440892098500626e-16,0.03148749545222551,0.015743747726112756,0.09001874147292092,0.08065936704139301,0.007568749431527929,0.015743747726112756,0.00501340523236892,0.0011541205292168297,0.0011541205292168297,0.0,0.9987175410157259,0.00928138952046818,0.00812726899125135,0.9999547076684013,False
6.985,1,289,290,2.3155750000000124,2.3155750000000124,0.0,0.01691562272611287,0.01691562272611287,0.09003436704139306,0.08499842982562913,0.005035937215763936,0.01691562272611287,0.00501340523236892,0.0010478676487264715,0.0010478676487264715,0.0,0.9988896770808358,0.010354154574811647,0.009306286926085176,0.9999622389633169,False
7.00175,1,290,291,2.320600000000012,2.320600000000012,0.0,0.017543747726112932,0.017543747726112932,0.09002342982562918,0.08435936760986526,0.005349999715763929,0.017543747726112932,0.00501340523236892,0.0011028111711271227,0.0011028111711271227,0.0,0.9982840567197192,0.010833869544967845,0.009731058373840721,0.9999391832088118,False
7.0207500000000005,1,291,292,2.3263000000000127,2.3263000000000127,0.0,0.018256247726113006,0.018256247726113006,0.09005936760986533,0.0839968678941014,0.005314843465763933,0.018256247726113006,0.00501340523236892,0.0011279607720881574,0.0011279607720881574,0.0,0.9983973434998299,0.01116957827268196,0.010041617500593802,0.9999436916674789,False
7.041,1,292,293,2.3323750000000127,2.3323750000000127,0.0,0.019015622726113075,0.019015622726113075,0.0900718678941014,0.08324999317833752,0.005694530965763922,0.019015622726113075,0.00501340523236892,0.001154084514668421,0.001154084514668421,0.0,0.9984005830766405,0.011391422746686905,0.010237338232018485,0.999943920305608,False
7.06375,1,293,294,2.3392000000000124,2.3392000000000124,0.0,0.01986874772611317,0.01986874772611317,0.09007499317833764,0.08314764971257374,0.0058468747157639205,0.01986874772611317,0.00501340523236892,0.0011722738670420908,0.0011722738670420908,0.0,0.9985167521808591,0.01151464027019232,0.010342366403150229,0.9999484461536216,False
7.08675,1,294,295,2.3461000000000127,2.346100000000013,4.440892098500626e-16,0.02073124772611324,0.02073124772611324,0.09004764971257369,0.08225780624680981,0.006278124715763904,0.02073124772611324,0.00501340523236892,0.0011801979690435947,0.0011801979690435947,0.0,0.9985526922502568,0.011459564835664869,0.010279366866621275,0.9999498043602058,False
7.11275,1,295,296,2.3539000000000128,2.3539000000000128,0.0,0.021706247726113362,0.021706247726113362,0.09005780624681008,0.0816726502810462,0.007253124715763906,0.021706247726113362,0.00501340523236892,0.0011616545145004317,0.0011616545145004317,0.0,0.9986615455642522,0.009415383513724562,0.00825372899922413,0.999952814277476,False
7.14075,1,296,297,2.3623000000000127,2.3623000000000127,0.0,0.022756247726113447,0.022756247726113447,0.090072650281046,0.08063749431528217,0.00595156193152832,0.022756247726113447,0.00501340523236892,0.0011658433448551448,0.0011658433448551448,0.0,0.9988315476604661,0.011262998058713572,0.010097154713858428,0.9999604585701026,False
7.172,1,297,298,2.371675000000013,2.371675000000013,0.0,0.02392812272611356,0.02392812272611356,0.09001249431528208,0.08010624459951825,0.006537499431528306,0.02392812272611356,0.00501340523236892,0.0011711293167383256,0.0011711293167383256,0.0,0.9986370971361426,0.011149964691891875,0.009978835375153549,0.9999528716879605,False
7.205,1,298,299,2.381575000000013,2.381575000000013,0.0,0.025165622726113696,0.025165622726113696,0.09000624459951827,0.08443436974163636,0.005571874857881902,0.025165622726113696,0.00501340523236892,0.0011693761829180004,0.0011693761829180004,0.0,0.9987517409137207,0.01156211199868501,0.01039273581576701,0.9999574928308672,False
7.22375,1,299,300,2.3872000000000124,2.3872000000000124,0.0,0.025868747726113757,0.025868747726113757,0.09005936974163627,0.08378436988375439,0.005707812357881898,0.025868747726113757,0.00501340523236892,0.001178295568203701,0.001178295568203701,0.0,0.9984520290421128,0.011585161890396989,0.010406866322193288,0.9999460006656973,False
7.2445,1,300,301,2.393425000000012,2.393425000000012,0.0,0.026646872726113817,0.026646872726113817,0.09000936988375421,0.08352343252587234,0.006096874857881881,0.026646872726113817,0.00501340523236892,0.001188148619667305,0.001188148619667305,0.0,0.9985026375337388,0.011700507179205663,0.010512358559538358,0.9999479902654164,False
7.26625,1,301,302,2.3999500000000125,2.399950000000012,-4.440892098500626e-16,0.027462497726113894,0.027462497726113894,0.09004843252587227,0.08274687016799043,0.005328905965764098,0.027462497726113894,0.00501340523236892,0.0011973612014538786,0.0011973612014538786,0.0,0.9985954583998919,0.011830736554128113,0.010633375352674234,0.9999516298433659,False
7.2905,1,302,303,2.4072250000000124,2.4072250000000124,0.0,0.028371872726113995,0.028371872726113995,0.09002187016799046,0.0821999953101086,0.005783593465764093,0.028371872726113995,0.00501340523236892,0.001190997573973318,0.001190997573973318,0.0,0.9984429994336855,0.011691600852995185,0.010500603279021867,0.9999456974237474,False
7.31675,1,303,304,2.4151000000000122,2.4151000000000122,0.0,0.029356247726114094,0.029356247726114094,0.09007499531010857,0.08126874545222675,0.00598281221576409,0.029356247726114094,0.00501340523236892,0.0011817157898420844,0.0011817157898420844,0.0,0.9985652828231179,0.011539214357263496,0.010357498567421412,0.9999503285018327,False
7.346,1,304,305,2.423875000000012,2.423875000000012,0.0,0.03045312272611421,0.03045312272611421,0.09004374545222674,0.08172421448646268,0.006531249715764081,0.03045312272611421,0.00501340523236892,0.0011953897895510724,0.0011953897895510724,0.0,0.9986287852761673,0.011491825026194245,0.010296435236643173,0.9999527492436592,False
7.37375,1,305,306,2.4322000000000124,2.4322000000000124,0.0,0.03149374772611432,0.01574687386305716,0.09004921448646265,0.08068905852069862,0.007571874715764062,0.01574687386305716,0.00501340523236892,0.0011817943755332526,0.0011817943755332526,0.0,0.998718209055149,0.009534101247009028,0.008352306871475776,0.9999548551877084,False
7.405,1,306,307,2.4415750000000127,2.4415750000000127,0.0,0.016918748863057272,0.016918748863057272,0.09006405852069868,0.08502538678781668,0.005038671732882004,0.016918748863057272,0.00501340523236892,0.001080629285550574,0.001080629285550574,0.0,0.9988902381446536,0.010658590276094365,0.009577960990543791,0.9999624055230462,False
7.42175,1,307,308,2.4466000000000125,2.4466000000000125,0.0,0.017546873863057335,0.017546873863057335,0.09005038678781671,0.08438359005493473,0.005352734232881997,0.017546873863057335,0.00501340523236892,0.0011362938595607572,0.0011362938595607572,0.0,0.9982850548080495,0.011163281421176716,0.010026987561615958,0.999939380684005,False
7.4405,1,308,309,2.4522250000000128,2.4522250000000128,0.0,0.018249998863057396,0.018249998863057396,0.0900085900549347,0.08395273082205273,0.005311718607881994,0.018249998863057396,0.00501340523236892,0.001157390828126718,0.001157390828126718,0.0,0.9983957272892747,0.01145493376647886,0.010297542938352142,0.9999437671286362,False
7.46075,1,309,310,2.4583000000000124,2.4583000000000124,0.0,0.019009373863057465,0.019009373863057465,0.09002773082205273,0.08321249658917079,0.005691406107881982,0.019009373863057465,0.00501340523236892,0.0011828295477741564,0.0011828295477741564,0.0,0.9983999001387913,0.011678529923428625,0.01049570037565447,0.9999440325946576,False
7.4835,1,310,311,2.465125000000013,2.4651250000000124,-4.440892098500626e-16,0.01986249886305756,0.01986249886305756,0.0900374965891709,0.08311327798128895,0.005843749857881981,0.01986249886305756,0.00501340523236892,0.0012077694053914275,0.0012077694053914275,0.0,0.9985162176067297,0.011878223027766859,0.01067045362237543,0.9999486010903851,False
7.5065,1,311,312,2.472025000000013,2.472025000000013,0.0,0.02072499886305763,0.02072499886305763,0.09001327798128889,0.08222655937340698,0.006274999857881965,0.02072499886305763,0.00501340523236892,0.0012163080267939192,0.0012163080267939192,0.0,0.9985521941278863,0.011830797172067295,0.010614489145273376,0.9999499646079818,False
7.5325,1,312,313,2.4798250000000124,2.4798250000000124,0.0,0.021699998863057717,0.021699998863057717,0.09002655937340695,0.08164452826552504,0.007249999857881934,0.021699998863057717,0.00501340523236892,0.001203529579798,0.001203529579798,0.0,0.9986611747551574,0.00981092383137945,0.008607394251581451,0.9999529883336326,False
7.5605,1,313,314,2.4882250000000123,2.4882250000000123,0.0,0.022749998863057837,0.022749998863057837,0.09004452826552511,0.08061249715764321,0.005949999715764425,0.022749998863057837,0.00501340523236892,0.0011949043697394364,0.0011949043697394364,0.0,0.9988312490890522,0.011556615633385059,0.010361711263645622,0.9999605870761835,False
7.5920000000000005,1,314,315,2.4976750000000125,2.4976750000000125,0.0,0.02393124886305793,0.02393124886305793,0.09006249715764295,0.08014999729976109,0.0065406247157644,0.02393124886305793,0.00501340523236892,0.0012084477023069817,0.0012084477023069817,0.0,0.998638781132716,0.011526384279575919,0.010317936577268937,0.999953115558071,False
7.625,1,315,316,2.5075750000000125,2.5075750000000125,0.0,0.025168748863058064,0.025168748863058064,0.09004999729976111,0.08447499737082019,0.005574999928940921,0.025168748863058064,0.00501340523236892,0.0012092245477114164,0.0012092245477114164,0.0,0.9987524412327576,0.01195577225374133,0.010746547706029914,0.9999577068736829,False
7.6435,1,316,317,2.5131250000000125,2.5131250000000125,0.0,0.025862498863058112,0.025862498863058112,0.09002499737082,0.08375624744187911,0.005706249928940912,0.025862498863058112,0.00501340523236892,0.0012118387793899803,0.0012118387793899803,0.0,0.9984506470709894,0.011909196439320369,0.01069735765993039,0.9999461042275841,False
7.6645,1,317,318,2.519425000000012,2.519425000000012,0.0,0.026649998863058185,0.026649998863058185,0.09005624744187903,0.08356249751293814,0.006099999928940901,0.026649998863058185,0.00501340523236892,0.0012214268279614798,0.0012214268279614798,0.0,0.9985046122250978,0.012035425706365163,0.010813998878403683,0.9999482275327616,False
7.686,1,318,319,2.5258750000000125,2.525875000000012,-4.440892098500626e-16,0.027456248863058284,0.027456248863058284,0.09001249751293823,0.08271249758399735,0.005328124857882151,0.027456248863058284,0.00501340523236892,0.0012265830311380564,0.0012265830311380564,0.0,0.998594327243983,0.012136424261780278,0.01090984123064222,0.9999517339508747,False
7.710500000000001,1,319,320,2.5332250000000123,2.5332250000000123,0.0,0.028374998863058363,0.028374998863058363,0.0900624975839972,0.08223749765505634,0.005787499857882135,0.028374998863058363,0.00501340523236892,0.001232075054655715,0.001232075054655715,0.0,0.9984453543051426,0.012103516595952594,0.01087144154129688,0.9999459864816868,False
7.7365,1,320,321,2.541025000000012,2.541025000000012,0.0,0.02934999886305845,0.02934999886305845,0.0900374976550562,0.08123749772611535,0.005979687357882131,0.02934999886305845,0.00501340523236892,0.0012242835533807653,0.0012242835533807653,0.0,0.9985643301529212,0.011946640980282197,0.010722357426901433,0.9999504884544607,False
7.765750000000001,1,321,322,2.549800000000012,2.549800000000012,0.0,0.030446873863058565,0.030446873863058565,0.09001249772611533,0.08169374786823327,0.006528124857882122,0.030446873863058565,0.00501340523236892,0.0012242569387340642,0.0012242569387340642,0.0,0.998628319791613,0.011776816266016739,0.010552559327282674,0.9999528691786891,False
7.7935,1,322,323,2.558125000000012,2.558125000000012,0.0,0.03148749886305867,0.015743749431529334,0.09001874786823325,0.0806593730103512,0.007568749857882103,0.015743749431529334,0.00501340523236892,0.0012157215392077784,0.0012157215392077784,0.0,0.9987178450524716,0.009839689189346931,0.008623967650139152,0.9999549887109757,False
7.82475,1,323,324,2.567500000000012,2.5675000000000123,4.440892098500626e-16,0.016915624431529448,0.016915624431529448,0.09003437301035125,0.08499843558141024,0.005035937428941019,0.016915624431529448,0.00501340523236892,0.0011206377717362798,0.0011206377717362798,0.0,0.998890037668394,0.011036741201344638,0.009916103429608358,0.9999625781599845,False
7.8415,1,324,325,2.572525000000012,2.572525000000012,0.0,0.01754374943152951,0.01754374943152951,0.09002343558141027,0.08435937315246927,0.005349999928941012,0.01754374943152951,0.00501340523236892,0.0011713554243401733,0.0011713554243401733,0.0,0.9982843993677177,0.011508732303305166,0.010337376878964993,0.9999395224489883,False
7.8605,1,325,326,2.578225000000012,2.578225000000012,0.0,0.018256249431529585,0.018256249431529585,0.09005937315246934,0.08399687322352835,0.005314843678941019,0.018256249431529585,0.00501340523236892,0.0011912451872816922,0.0011912451872816922,0.0,0.9983976600801225,0.011786222084382202,0.01059497689710051,0.9999440009152437,False
7.88075,1,326,327,2.5843000000000123,2.5843000000000123,0.0,0.019015624431529654,0.019015624431529654,0.09007187322352835,0.08324999829458737,0.005694531178941008,0.019015624431529654,0.00501340523236892,0.0012123595504898508,0.0012123595504898508,0.0,0.9984008740990417,0.011967408651668829,0.010755049101178978,0.999944209275151,False
7.9035,1,327,328,2.5911250000000123,2.5911250000000123,0.0,0.019868749431529747,0.019868749431529747,0.0900749982945875,0.08314765461564651,0.005846874928941008,0.019868749431529747,0.00501340523236892,0.0012394232263754346,0.0012394232263754346,0.0,0.9985170861270013,0.012205377911741887,0.010965954685366453,0.9999487923673092,False
7.9265,1,328,329,2.5980250000000122,2.5980250000000122,0.0,0.02073124943152982,0.02073124943152982,0.09004765461564646,0.0822578109367055,0.006278124928940991,0.02073124943152982,0.00501340523236892,0.001247183802664887,0.001247183802664887,0.0,0.9985530243802438,0.012153392916289384,0.010906209113624497,0.9999501524991233,False
7.952500000000001,1,329,330,2.605825000000012,2.6058250000000123,4.440892098500626e-16,0.021706249431529906,0.021706249431529906,0.09005781093670548,0.08167265475776456,0.00725312492894096,0.021706249431529906,0.00501340523236892,0.0012470002847789832,0.0012470002847789832,0.0,0.9986619704311557,0.010233284012816868,0.008986283728037885,0.9999532196414671,False
7.9805,1,330,331,2.6142250000000122,2.6142250000000122,0.0,0.022756249431530026,0.022756249431530026,0.09007265475776462,0.0806374985788237,0.0059515623578824724,0.022756249431530026,0.00501340523236892,0.0012256048009587476,0.0012256048009587476,0.0,0.998831843655614,0.011857432961978276,0.010631828161019529,0.9999607535779559,False
8.011750000000001,1,331,332,2.623600000000012,2.623600000000012,0.0,0.023928124431530085,0.023928124431530085,0.09001249857882358,0.08010624864988267,0.006537499857882458,0.023928124431530085,0.00501340523236892,0.0012418062653898972,0.0012418062653898972,0.0,0.9986374455305631,0.011867795512902748,0.010625989247512851,0.9999532263268415,False
8.04475,1,332,333,2.6335000000000117,2.6335000000000117,0.0,0.025165624431530035,0.025165624431530035,0.09000624864988238,0.08443437368541196,0.005571874964470429,0.025165624431530035,0.00501340523236892,0.0012488169236956413,0.0012488169236956413,0.0,0.9987521315553328,0.01235419121153792,0.011105374287842279,0.9999578840575459,False
8.0635,1,333,334,2.639125000000012,2.639125000000012,0.0,0.025868749431530044,0.025868749431530044,0.09005937368541206,0.08378437372094161,0.005707812464470442,0.025868749431530044,0.00501340523236892,0.0012488065729125716,0.0012488065729125716,0.0,0.9984523815769609,0.012274256430358413,0.011025449857445841,0.9999463471769586,False
8.08425,1,334,335,2.6453500000000116,2.6453500000000116,0.0,0.02664687443153001,0.02664687443153001,0.09000937372094137,0.08352343625647095,0.006096874964470425,0.02664687443153001,0.00501340523236892,0.0012514694452852772,0.0012514694452852772,0.0,0.9985029536309927,0.012336200674816167,0.01108473122953089,0.9999483088697725,False
8.106,1,335,336,2.6518750000000115,2.6518750000000115,0.0,0.027462499431529955,0.027462499431529955,0.09004843625647058,0.08274687379200017,0.005328906178941175,0.027462499431529955,0.00501340523236892,0.0012580247347038322,0.0012580247347038322,0.0,0.9985957605598522,0.012452134210046442,0.01119410947534261,0.9999519412844149,False
8.13025,1,336,337,2.6591500000000114,2.659150000000011,-4.440892098500626e-16,0.028371874431529946,0.028371874431529946,0.09002187379200022,0.0821999988275298,0.00578359367894117,0.028371874431529946,0.00501340523236892,0.0012728420050165648,0.0012728420050165648,0.0,0.9984434066872914,0.01252414230888732,0.011251300303870755,0.999946114522404,False
8.1565,1,337,338,2.6670250000000113,2.6670250000000113,0.0,0.02935624943152996,0.02935624943152996,0.09007499882753002,0.0812687488630596,0.005982812428941185,0.02935624943152996,0.00501340523236892,0.0012692141633221803,0.0012692141633221803,0.0,0.9985657191615117,0.012388524342021444,0.011119310178699264,0.9999507549590128,False
8.18575,1,338,339,2.6758000000000113,2.6758000000000113,0.0,0.030453124431529907,0.030453124431529907,0.09004374886305935,0.08172421768411815,0.0065312499289411595,0.030453124431529907,0.00501340523236892,0.00125679220951611,0.00125679220951611,0.0,0.9986290895454728,0.012086968349063282,0.010830176139547171,0.9999530486398436,False
8.2135,1,339,340,2.6841250000000114,2.6841250000000114,0.0,0.03149374943152995,0.015746874715764976,0.09004921768411839,0.08068906150517718,0.007571874928941205,0.015746874715764976,0.00501340523236892,0.0012587227746720226,0.0012587227746720226,0.0,0.9987185899450057,0.010238284985845583,0.00897956221117356,0.9999552092208723,False
8.24475,1,340,341,2.693500000000011,2.693500000000011,0.0,0.016918749715764948,0.016918749715764948,0.09006406150517696,0.08502538966570639,0.005038671839470589,0.016918749715764948,0.00501340523236892,0.0011682882538834656,0.0011682882538834656,0.0,0.9988906724100166,0.011500555300507573,0.010332267046624106,0.9999628241317138,False
8.2615,1,341,342,2.698525000000011,2.6985250000000107,-4.440892098500626e-16,0.017546874715764934,0.017546874715764934,0.09005038966570628,0.0843835928262357,0.005352734339470582,0.017546874715764934,0.00501340523236892,0.0012098474187863225,0.0012098474187863225,0.0,0.9982854222739006,0.011892107785113279,0.010682260366326957,0.9999397466523903,False
8.28025,1,342,343,2.704150000000011,2.704150000000011,0.0,0.018249999715764877,0.018249999715764877,0.09000859282623527,0.08395273348676474,0.005311718714470552,0.018249999715764877,0.00501340523236892,0.0012307064341348427,0.0012307064341348427,0.0,0.9983960940198975,0.01216615181282369,0.010935445378688848,0.9999441236401566,False
8.3005,1,343,344,2.710225000000011,2.710225000000011,0.0,0.019009374715764887,0.019009374715764887,0.09002773348676489,0.08321249914729431,0.005691406214470557,0.019009374715764887,0.00501340523236892,0.0012468740217052667,0.0012468740217052667,0.0,0.9984002203694721,0.012297216034115384,0.011050342012410118,0.9999443431129414,False
8.32325,1,344,345,2.717050000000011,2.717050000000011,0.0,0.019862499715764877,0.019862499715764877,0.09003749914729434,0.08311328043282373,0.005843749964470556,0.019862499715764877,0.00501340523236892,0.0012690548941157646,0.0012690548941157646,0.0,0.9985165223814142,0.012507626352465946,0.011238571458350182,0.9999489167332107,False
8.34625,1,345,346,2.723950000000011,2.723950000000011,0.0,0.020724999715764844,0.020724999715764844,0.09001328043282358,0.082226561718353,0.00627499996447054,0.020724999715764844,0.00501340523236892,0.00127461324408663,0.00127461324408663,0.0,0.9985524830577561,0.012434719760043136,0.011160106515956506,0.999950267946168,False
8.37225,1,346,347,2.7317500000000106,2.7317500000000106,0.0,0.021699999715764813,0.021699999715764813,0.0900265617183529,0.08164453050388235,0.007249999964470538,0.021699999715764813,0.00501340523236892,0.0012930307425681618,0.0012930307425681618,0.0,0.9986616188315063,0.010691475345640203,0.00939844460307204,0.9999534240701001,False
8.40025,1,347,348,2.7401500000000105,2.7401500000000105,0.0,0.022749999715764805,0.022749999715764805,0.09004453050388231,0.08061249928941178,0.005949999928941199,0.022749999715764805,0.00501340523236892,0.0012622332142869434,0.0012622332142869434,0.0,0.9988315834723739,0.012211938136364564,0.01094970492207762,0.9999609129804148,False
8.431750000000001,1,348,349,2.7496000000000107,2.7496000000000103,-4.440892098500626e-16,0.023931249715764755,0.023931249715764755,0.09006249928941146,0.08014999932494096,0.006540624928941174,0.023931249715764755,0.00501340523236892,0.001275207653934344,0.001275207653934344,0.0,0.998639109816532,0.012204631347923448,0.010929423693989103,0.9999534502208474,False
8.46475,1,349,350,2.75950000000001,2.75950000000001,0.0,0.025168749715764705,0.025168749715764705,0.09004999932494068,0.08447499934270546,0.005574999982235222,0.025168749715764705,0.00501340523236892,0.0012869534650629653,0.0012869534650629653,0.0,0.9987528223693214,0.012744078002525507,0.01145712453746254,0.9999580955844907,False
8.48325,1,350,351,2.7650500000000098,2.7650500000000098,0.0,0.02586249971576467,0.02586249971576467,0.09002499934270519,0.08375624936046999,0.005706249982235206,0.02586249971576467,0.00501340523236892,0.001291555854585816,0.001291555854585816,0.0,0.9984510455565696,0.01268904566211971,0.011397489807533894,0.9999464957705009,False
8.50425,1,351,352,2.7713500000000098,2.7713500000000098,0.0,0.02664999971576468,0.02664999971576468,0.09005624936047013,0.08356249937823489,0.006099999982235212,0.02664999971576468,0.00501340523236892,0.0012871165248266128,0.0012871165248266128,0.0,0.998504940356637,0.012686421603508483,0.01139930507868187,0.99994855393484,False
8.52575,1,352,353,2.77780000000001,2.77780000000001,0.0,0.027456249715764647,0.027456249715764647,0.09001249937823469,0.08271249939599945,0.005328124964470549,0.027456249715764647,0.00501340523236892,0.0012877422133325861,0.0012877422133325861,0.0,0.9985946325313005,0.012739831197810483,0.011452088984477898,0.9999520367818239,False
8.55025,1,353,354,2.7851500000000096,2.7851500000000096,0.0,0.028374999715764616,0.028374999715764616,0.09006249939599931,0.08223749941376411,0.005787499964470533,0.028374999715764616,0.00501340523236892,0.001309261674609071,0.001309261674609071,0.0,0.9984457379679452,0.012898821192801557,0.011589559518192486,0.9999463849165354,False
8.57625,1,354,355,2.792950000000009,2.7929500000000096,4.440892098500626e-16,0.029349999715764585,0.029349999715764585,0.09003749941376399,0.08123749943152882,0.005979687464470521,0.029349999715764585,0.00501340523236892,0.0013186061721221845,0.0013186061721221845,0.0,0.998564799439903,0.012890927558373962,0.011572321386251777,0.9999509620406305,False
8.605500000000001,1,355,356,2.80172500000001,2.80172500000001,0.0,0.0304468747157646,0.0304468747157646,0.0900124994315291,0.08169374946705853,0.006528124964470528,0.0304468747157646,0.00501340523236892,0.001297239846811153,0.001297239846811153,0.0,0.998628682472397,0.012465527465718163,0.01116828761890701,0.9999532158010467,False
8.63325,1,356,357,2.8100500000000093,2.8100500000000093,0.0,0.031487499715764575,0.015743749857882287,0.09001874946705825,0.08065937450258773,0.007568749964470507,0.015743749857882287,0.00501340523236892,0.0013125780404764662,0.0013125780404764662,0.0,0.9987183250612209,0.010747384308356036,0.00943480626787957,0.999955444294638,False
8.6645,1,357,358,2.819425000000009,2.819425000000009,0.0,0.01691562485788226,0.01691562485788226,0.09003437450258751,0.08499843702035226,0.005035937482235249,0.01691562485788226,0.00501340523236892,0.0012215568473318023,0.0012215568473318023,0.0,0.9988905347365017,0.012065004420687545,0.010843447573355742,0.9999630881295537,False
8.68125,1,358,359,2.8244500000000095,2.824450000000009,-4.440892098500626e-16,0.017543749857882245,0.017543749857882245,0.09002343702035218,0.08435937453811693,0.005349999982235242,0.017543749857882245,0.00501340523236892,0.0012485611599695626,0.0012485611599695626,0.0,0.9982847843732742,0.012298190315676832,0.01104962915570727,0.9999399177540059,False
8.70025,1,359,360,2.830150000000009,2.830150000000009,0.0,0.018256249857882233,0.018256249857882233,0.09005937453811685,0.08399687455588162,0.005314843732235243,0.018256249857882233,0.00501340523236892,0.0012795391264455137,0.0012795391264455137,0.0,0.9983981015225752,0.01264620747750226,0.011366668351056746,0.9999444317478063,False
8.7205,1,360,361,2.8362250000000095,2.8362250000000095,0.0,0.019015624857882243,0.019015624857882243,0.09007187455588175,0.08324999957364648,0.005694531232235248,0.019015624857882243,0.00501340523236892,0.0012927728517644597,0.0012927728517644597,0.0,0.9984012764480459,0.012731548472397103,0.011438775620632642,0.9999445928001351,False
8.74325,1,361,362,2.8430500000000096,2.8430500000000096,0.0,0.019868749857882232,0.019868749857882232,0.0900749995736465,0.0831476558414112,0.00584687498223523,0.019868749857882232,0.00501340523236892,0.0012982858032049196,0.0012982858032049196,0.0,0.9985173795566537,0.012792337349554955,0.011494051546350036,0.9999490870225732,False
8.76625,1,362,363,2.8499500000000095,2.8499500000000095,0.0,0.0207312498578822,0.0207312498578822,0.09004765584141107,0.08225781210917579,0.006278124982235214,0.0207312498578822,0.00501340523236892,0.0013016675041225324,0.0013016675041225324,0.0,0.9985532954745571,0.012691751372494342,0.011390083868371809,0.9999504234903015,False
8.792250000000001,1,363,364,2.857750000000009,2.857750000000009,0.0,0.02170624985788217,0.02170624985788217,0.09005781210917568,0.08167265587694045,0.007253124982235212,0.02170624985788217,0.00501340523236892,0.0013305910223633496,0.0013305910223633496,0.0,0.9986623829071626,0.01108492598102119,0.00975433495865784,0.9999536391181448,False
8.82025,1,364,365,2.866150000000009,2.866150000000009,0.0,0.02275624985788216,0.02275624985788216,0.09007265587694041,0.0806374996447052,0.005951562464470538,0.02275624985788216,0.00501340523236892,0.0013059856142614162,0.0013059856142614162,0.0,0.9988322435667115,0.012634458277327398,0.011328472663065981,0.9999611406267903,False
8.8515,1,365,366,2.8755250000000085,2.8755250000000085,0.0,0.023928124857882132,0.023928124857882132,0.09001249964470504,0.08010624966246985,0.006537499964470524,0.023928124857882132,0.00501340523236892,0.0013070641468676996,0.0013070641468676996,0.0,0.998637767806315,0.012504133728107034,0.011197069581239335,0.9999535406875608,False
8.884500000000001,1,366,367,2.8854250000000086,2.8854250000000086,0.0,0.025165624857882082,0.025165624857882082,0.09000624966246956,0.08443437467135198,0.005571874991117569,0.025165624857882082,0.00501340523236892,0.0013168237872520567,0.0013168237872520567,0.0,0.9987524635373126,0.013050956822242832,0.011734133034990775,0.9999582264098129,False
8.90325,1,367,368,2.891050000000008,2.891050000000008,0.0,0.025868749857882026,0.025868749857882026,0.09005937467135157,0.08378437468023403,0.005707812491117543,0.025868749857882026,0.00501340523236892,0.0013391414616964353,0.0013391414616964353,0.0,0.998452832805823,0.01316968449821651,0.011830543036520076,0.9999467957491277,False
8.924,1,368,369,2.8972750000000085,2.8972750000000085,0.0,0.026646874857882058,0.026646874857882058,0.09000937468023434,0.08352343718911674,0.006096874991117559,0.026646874857882058,0.00501340523236892,0.001332494335217526,0.001332494335217526,0.0,0.9985033590463543,0.013111494527191299,0.011779000191973773,0.9999486977574442,False
8.94575,1,369,370,2.9038000000000084,2.9038000000000084,0.0,0.027462499857882003,0.027462499857882003,0.09004843718911637,0.0827468746979988,0.0053289062322352185,0.027462499857882003,0.00501340523236892,0.0013288611121032906,0.0013288611121032906,0.0,0.9985961149524335,0.013123868083531318,0.011795006971428027,0.9999522787384469,False
8.97,1,370,371,2.9110750000000083,2.9110750000000083,0.0,0.028371874857881993,0.028371874857881993,0.09002187469799883,0.08219999970688129,0.0057835937322352135,0.028371874857881993,0.00501340523236892,0.0013338736488328375,0.0013338736488328375,0.0,0.9984437099280535,0.013156720612069746,0.011822846963236908,0.999946431685578,False
8.99625,1,371,372,2.9189500000000086,2.9189500000000086,0.0,0.029356249857882006,0.029356249857882006,0.09007499970688151,0.08126874971576395,0.0059828124822352185,0.029356249857882006,0.00501340523236892,0.001354486464028946,0.001354486464028946,0.0,0.9985661423523021,0.013267053923741223,0.011912567459712278,0.9999511954735634,False
9.025500000000001,1,372,373,2.927725000000008,2.927725000000008,0.0,0.030453124857881955,0.030453124857881955,0.0900437497157637,0.08172421848352845,0.006531249982235193,0.030453124857881955,0.00501340523236892,0.0013570561834100852,0.0013570561834100852,0.0,0.9986295878725313,0.013052537375078749,0.011695481191668664,0.9999535335993222,False
9.05325,1,373,374,2.936050000000008,2.936050000000008,0.0,0.031493749857881934,0.015746874928940967,0.09004921848352818,0.08068906225129299,0.007571874982235172,0.015746874928940967,0.00501340523236892,0.0013640745591348674,0.0013640745591348674,0.0,0.9987191098209152,0.011267469289106762,0.009903394729971895,0.9999557246403873,False
9.0845,1,374,375,2.9454250000000073,2.9454250000000073,0.0,0.01691874992894094,0.01691874992894094,0.09006406225129278,0.0850253903851752,0.0050386718661175785,0.01691874992894094,0.00501340523236892,0.001158655183660088,0.001158655183660088,0.0,0.9988907054218953,0.010472389148577232,0.009313733964917144,0.9999623537911533,False
9.10125,1,375,376,2.950450000000007,2.950450000000007,0.0,0.017546874928940925,0.017546874928940925,0.09005039038517511,0.08438359351905753,0.005352734366117572,0.017546874928940925,0.00501340523236892,0.0008383952298125738,0.0008383952298125738,0.0,0.9982835729598736,0.008274385286804138,0.007435990056991564,0.9999379344236147,False
9.120000000000001,1,376,377,2.9560750000000073,2.9560750000000073,0.0,0.018249999928940934,0.018249999928940934,0.09000859351905764,0.08395273415294004,0.005311718741117568,0.018249999928940934,0.00501340523236892,0.0011476530698043125,0.0011476530698043125,0.0,0.9983956835717834,0.011292794752284688,0.010145141682480376,0.9999436878171137,False
9.14025,1,377,378,2.9621500000000074,2.9621500000000074,0.0,0.019009374928940878,0.019009374928940878,0.09002773415293966,0.08321249978682209,0.00569140624111754,0.019009374928940878,0.00501340523236892,0.0011922711951027143,0.0011922711951027143,0.0,0.9983999480187348,0.011760739376316907,0.010568468181214194,0.99994407504975,False
9.163,1,378,379,2.9689750000000075,2.9689750000000075,0.0,0.019862499928940867,0.019862499928940867,0.09003749978682211,0.08311328104570456,0.00584374999111754,0.019862499928940867,0.00501340523236892,0.001251124425373851,0.001251124425373851,0.0,0.9985164334491393,0.012304871990590903,0.011053747565217051,0.9999488153338435,False
9.186,1,379,380,2.9758750000000074,2.9758750000000074,0.0,0.020724999928940835,0.020724999928940835,0.09001328104570443,0.08222656230458689,0.006274999991117524,0.020724999928940835,0.00501340523236892,0.0012592947864652822,0.0012592947864652822,0.0,0.9985524082371776,0.012233958993531129,0.010974664207065846,0.9999501677447814,False
9.212,1,380,381,2.983675000000008,2.983675000000008,0.0,0.02169999992894087,0.02169999992894087,0.0900265623045873,0.08164453106346972,0.007249999991117589,0.02169999992894087,0.00501340523236892,0.0012490044051773465,0.0012490044051773465,0.0,0.9986613985024033,0.010265093564778768,0.009016089159601422,0.9999532108169119,False
9.24,1,381,382,2.992075000000007,2.992075000000007,0.0,0.022749999928940796,0.022749999928940796,0.09004453106346916,0.08061249982235164,0.00594999998223518,0.022749999928940796,0.00501340523236892,0.0012888124906585356,0.0012888124906585356,0.0,0.9988317156265999,0.012471323201875814,0.01118251071121728,0.9999610432260001,False
9.2715,1,382,383,3.001525000000007,3.001525000000007,0.0,0.02393124992894081,0.02393124992894081,0.09006249982235184,0.0801499998312343,0.006540624982235188,0.02393124992894081,0.00501340523236892,0.001293074443848313,0.001293074443848313,0.0,0.9986392010265873,0.012335252349282677,0.011042177905434363,0.9999535175305833,False
9.3045,1,383,384,3.011425000000007,3.011425000000007,0.0,0.025168749928940762,0.025168749928940762,0.09004999983123402,0.08447499983567527,0.005574999995558747,0.025168749928940762,0.00501340523236892,0.0012851099150583238,0.0012851099150583238,0.0,0.9987528141627888,0.012695705263697253,0.01141059534863893,0.9999580724237027,False
9.323,1,384,385,3.0169750000000066,3.0169750000000066,0.0,0.025862499928940727,0.025862499928940727,0.090024999835675,0.08375624984011627,0.005706249995558732,0.025862499928940727,0.00501340523236892,0.0012992426087987017,0.0012992426087987017,0.0,0.9984510830072747,0.012774980559332336,0.011475737950533634,0.9999465386468668,False
9.344,1,385,386,3.023275000000007,3.023275000000007,0.0,0.026649999928940737,0.026649999928940737,0.0900562498401164,0.08356249984455763,0.006099999995558737,0.026649999928940737,0.00501340523236892,0.001299520943204574,0.001299520943204574,0.0,0.9985050021388145,0.012798673037239208,0.011499152094034635,0.9999486105222434,False
9.3655,1,386,387,3.0297250000000067,3.0297250000000067,0.0,0.027456249928940704,0.027456249928940704,0.09001249984455745,0.08271249984899869,0.005328124991117573,0.027456249928940704,0.00501340523236892,0.0013081558754528158,0.0013081558754528158,0.0,0.9985947343988201,0.01292571648744928,0.011617560611996463,0.9999521301721749,False
9.39,1,387,388,3.037075000000007,3.0370750000000064,-4.440892098500626e-16,0.028374999928940672,0.028374999928940672,0.09006249984899854,0.08223749985343981,0.005787499991117557,0.028374999928940672,0.00501340523236892,0.001304059514486887,0.001304059514486887,0.0,0.9984457135676037,0.012805673129810548,0.011501613615323661,0.9999463387966391,False
9.416,1,388,389,3.0448750000000064,3.0448750000000064,0.0,0.02934999992894064,0.02934999992894064,0.09003749985343969,0.081237499857881,0.005979687491117528,0.02934999992894064,0.00501340523236892,0.0012833953669304202,0.0012833953669304202,0.0,0.9985646238798209,0.012535798074230102,0.011252402707299682,0.999950784790502,False
9.44525,1,389,390,3.0536500000000064,3.0536500000000064,0.0,0.030446874928940656,0.030446874928940656,0.09001249985788128,0.08169374986676368,0.006528124991117535,0.030446874928940656,0.00501340523236892,0.0013320509903016135,0.0013320509903016135,0.0,0.9986288538288473,0.012851773281413896,0.011519722291112283,0.9999534082086308,False
9.473,1,390,391,3.0619750000000066,3.0619750000000066,0.0,0.031487499928940635,0.015743749964470317,0.0900187498667634,0.08065937487564585,0.007568749991117514,0.015743749964470317,0.00501340523236892,0.0013081982391250776,0.0013081982391250776,0.0,0.9987182989301739,0.010771790097436841,0.009463591858311764,0.9999554549596578,False
9.50425,1,391,392,3.071350000000006,3.071350000000006,0.0,0.01691562496447029,0.01691562496447029,0.09003437487564564,0.08499843738008687,0.005035937495558761,0.01691562496447029,0.00501340523236892,0.0011841508430187977,0.0011841508430187977,0.0,0.9988903450633771,0.01172716797309585,0.010543017130077053,0.9999629169072187,False
9.521,1,392,393,3.076375000000006,3.0763750000000063,4.440892098500626e-16,0.017543749964470275,0.017543749964470275,0.0900234373800868,0.08435937488452802,0.005349999995558754,0.017543749964470275,0.00501340523236892,0.0012651431668094734,0.0012651431668094734,0.0,0.9982848667558047,0.012473278686635877,0.011208135519826403,0.9999400051266931,False
9.540000000000001,1,393,394,3.082075000000006,3.082075000000006,0.0,0.018256249964470263,0.018256249964470263,0.09005937488452796,0.0839968748889692,0.0053148437455587455,0.018256249964470263,0.00501340523236892,0.0013099656999178894,0.0013099656999178894,0.0,0.9983982524705277,0.012975712129499266,0.011665746429581377,0.9999445964234671,False
9.56025,1,394,395,3.088150000000006,3.088150000000006,0.0,0.019015624964470207,0.019015624964470207,0.09007187488896883,0.08324999989341009,0.0056945312455587175,0.019015624964470207,0.00501340523236892,0.0013452959268700812,0.0013452959268700812,0.0,0.9984015372001871,0.01328369312173875,0.01193839719486867,0.9999448689771276,False
9.583,1,395,396,3.094975000000006,3.094975000000006,0.0,0.019868749964470196,0.019868749964470196,0.09007499989341011,0.08314765614785138,0.0058468749955587,0.019868749964470196,0.00501340523236892,0.001366652050335571,0.001366652050335571,0.0,0.998517722481595,0.013417302090036227,0.012050650039700656,0.9999494006079707,False
9.606,1,396,397,3.101875000000006,3.101875000000006,0.0,0.02073124996447023,0.02073124996447023,0.09004765614785179,0.082257812402293,0.006278124995558717,0.02073124996447023,0.00501340523236892,0.0013620059056582044,0.0013620059056582044,0.0,0.9985535976184277,0.013232031464909116,0.011870025559250912,0.9999506954922264,False
9.632,1,397,398,3.1096750000000064,3.1096750000000064,0.0,0.0217062499644702,0.0217062499644702,0.0900578124022929,0.08167265615673412,0.007253124995558715,0.0217062499644702,0.00501340523236892,0.0013713044134910242,0.0013713044134910242,0.0,0.998662584991539,0.011499873783630266,0.010128569370139241,0.9999538449312424,False
9.66,1,398,399,3.1180750000000055,3.1180750000000055,0.0,0.022756249964470125,0.022756249964470125,0.09007265615673357,0.08063749991117486,0.005951562491117513,0.022756249964470125,0.00501340523236892,0.001371034970218555,0.001371034970218555,0.0,0.9988325672961215,0.01328150732199114,0.011910472351772585,0.9999614633944816,False
9.69125,1,399,400,3.1274500000000054,3.1274500000000054,0.0,0.023928124964470096,0.023928124964470096,0.09001249991117471,0.08010624991561605,0.006537499991117498,0.023928124964470096,0.00501340523236892,0.0013765917247628924,0.0013765917247628924,0.0,0.9986381136717754,0.013177745077713257,0.011801153352950365,0.9999538761469206,False
9.72425,1,400,401,3.137350000000006,3.1373500000000054,-4.440892098500626e-16,0.025165624964470112,0.025165624964470112,0.0900062499156163,0.08443437491783697,0.0055718749977793375,0.025165624964470112,0.00501340523236892,0.0013739395849079173,0.0013739395849079173,0.0,0.9987527455846961,0.013612397671853751,0.012238458086945835,0.999958504247456,False
9.743,1,401,402,3.142975000000005,3.142975000000005,0.0,0.025868749964470056,0.025868749964470056,0.09005937491783653,0.08378437492005722,0.005707812497779295,0.025868749964470056,0.00501340523236892,0.001398727360938492,0.001398727360938492,0.0,0.9984531305033872,0.013754939901170181,0.01235621254023169,0.9999470887751671,False
9.76375,1,402,403,3.149200000000005,3.149200000000005,0.0,0.026646874964470022,0.026646874964470022,0.090009374920057,0.08352343742227772,0.006096874997779278,0.026646874964470022,0.00501340523236892,0.0013945932479325705,0.0013945932479325705,0.0,0.9985036689584786,0.01373090794832936,0.01233631470039679,0.9999490079940897,False
9.7855,1,403,404,3.155725000000005,3.155725000000005,0.0,0.027462499964470033,0.027462499964470033,0.09004843742227789,0.08274687492449856,0.005328906245558739,0.027462499964470033,0.00501340523236892,0.001390129357960561,0.001390129357960561,0.0,0.9985964209597952,0.013723572413273682,0.012333443055313122,0.9999525792512242,False
9.809750000000001,1,404,405,3.163000000000005,3.163000000000005,0.0,0.028371874964470023,0.028371874964470023,0.09002187492449859,0.08219999992671925,0.005783593745558734,0.028371874964470023,0.00501340523236892,0.0013765662648777912,0.0013765662648777912,0.0,0.9984439233642516,0.013569377752735909,0.012192811487858118,0.999946638824871,False
9.836,1,405,406,3.170875000000005,3.1708750000000046,-4.440892098500626e-16,0.02935624996446997,0.02935624996446997,0.09007499992671897,0.08126874992893968,0.005982812495558706,0.02935624996446997,0.00501340523236892,0.0013899048907237421,0.0013899048907237421,0.0,0.9985663180102101,0.01363070866937674,0.012240803778652998,0.9999513782028894,False
9.86525,1,406,407,3.179650000000005,3.179650000000005,0.0,0.030453124964469985,0.030453124964469985,0.09004374992893996,0.0817242186833812,0.006531249995558713,0.030453124964469985,0.00501340523236892,0.0014087751640467117,0.0014087751640467117,0.0,0.9986298440306813,0.013572730961947568,0.012163955797900857,0.9999537943856539,False
9.893,1,407,408,3.1879750000000047,3.1879750000000047,0.0,0.031493749964469964,0.015746874982234982,0.09004921868338092,0.0806890624378222,0.007571874995558692,0.015746874982234982,0.00501340523236892,0.001392828091950127,0.001392828091950127,0.0,0.9987192500025031,0.011563215450990776,0.010170387359040649,0.9999558722793349,False
9.92425,1,408,409,3.1973500000000046,3.1973500000000046,0.0,0.016918749982234953,0.016918749982234953,0.09006406243782199,0.08502539056504266,0.005038671872779338,0.016918749982234953,0.00501340523236892,0.0012517298868402241,0.0012517298868402241,0.0,0.9988910768164219,0.012407673732577645,0.01115594384573742,0.9999632693459892,False
9.941,1,409,410,3.2023750000000044,3.2023750000000044,0.0,0.01754687498223494,0.01754687498223494,0.09005039056504256,0.08438359369226321,0.005352734372779331,0.01754687498223494,0.00501340523236892,0.0012873922958431439,0.0012873922958431439,0.0,0.9982858092548738,0.01269558258773739,0.011408190291894247,0.9999401485751297,False
9.95975,1,410,411,3.2080000000000046,3.2080000000000046,0.0,0.01824999998223495,0.01824999998223495,0.09000859369226333,0.08395273431948397,0.005311718747779345,0.01824999998223495,0.00501340523236892,0.0013348429563559859,0.0013348429563559859,0.0,0.9983966139429242,0.013214238749085415,0.011879395792729428,0.9999446487190814,False
9.98,1,411,412,3.2140750000000042,3.2140750000000042,0.0,0.019009374982234893,0.019009374982234893,0.09002773431948359,0.08321249994670427,0.0056914062477793174,0.019009374982234893,0.00501340523236892,0.0013478206703941887,0.0013478206703941887,0.0,0.9984007237550825,0.013305247631825168,0.011957426961430978,0.9999448488375251,False
10.00275,1,412,413,3.2209000000000043,3.2209000000000043,0.0,0.019862499982234882,0.019862499982234882,0.09003749994670428,0.08311328119892496,0.0058437499977793,0.019862499982234882,0.00501340523236892,0.0013848833796550736,0.0013848833796550736,0.0,0.9985171019043381,0.013626944700758835,0.012242061321103762,0.9999494776679009,False
10.02575,1,413,414,3.227800000000004,3.227800000000004,0.0,0.02072499998223485,0.02072499998223485,0.09001328119892482,0.08222656245114551,0.0062749999977792835,0.02072499998223485,0.00501340523236892,0.0013936941449295421,0.0013936941449295421,0.0,0.9985530789975017,0.013575961111247696,0.012182266966318155,0.9999508403855226,False
10.05175,1,414,415,3.2356000000000043,3.2356000000000043,0.0,0.02169999998223482,0.02169999998223482,0.0900265624511454,0.0816445312033661,0.007249999997779282,0.02169999998223482,0.00501340523236892,0.0013390326019059283,0.0013390326019059283,0.0,0.9986618457225556,0.011117144218322161,0.009778111616416233,0.9999536305613175,False
10.07975,1,415,416,3.244000000000004,3.244000000000004,0.0,0.02274999998223481,0.02274999998223481,0.09004453120336607,0.08061249995558677,0.005949999995558701,0.02274999998223481,0.00501340523236892,0.00134604770713995,0.00134604770713995,0.0,0.9988319980106555,0.013052272133819029,0.011706224426679079,0.9999613299269549,False
10.11125,1,416,417,3.2534500000000035,3.2534500000000035,0.0,0.02393124998223476,0.02393124998223476,0.09006249995558643,0.0801499999578072,0.0065406249955586755,0.02393124998223476,0.00501340523236892,0.0013456628703828824,0.0013456628703828824,0.0,0.998639457264673,0.01288312554286429,0.011537462672481407,0.9999537850761675,False
10.14425,1,417,418,3.263350000000004,3.263350000000004,0.0,0.025168749982234777,0.025168749982234777,0.09004999995780745,0.08447499995891783,0.005574999998889627,0.025168749982234777,0.00501340523236892,0.0013507804096583463,0.0013507804096583463,0.0,0.998753132768517,0.013377375751114438,0.012026595341456092,0.999958406194097,False
10.16275,1,418,419,3.268900000000004,3.268900000000004,0.0,0.025862499982234742,0.025862499982234742,0.09002499995891756,0.08375624996002795,0.005706249998889612,0.025862499982234742,0.00501340523236892,0.0013604629535698216,0.0013604629535698216,0.0,0.9984513889747547,0.013405650462002296,0.012045187508432474,0.9999468541110458,False
10.18375,1,419,420,3.275200000000004,3.275200000000004,0.0,0.026649999982234752,0.026649999982234752,0.09005624996002809,0.08356249996113843,0.006099999998889617,0.026649999982234752,0.00501340523236892,0.001360063449093636,0.001360063449093636,0.0,0.9985053047127616,0.013402504872097029,0.012042441423003394,0.999948913383086,False
10.20525,1,420,421,3.2816500000000035,3.2816500000000035,0.0,0.02745624998223472,0.02745624998223472,0.09001249996113825,0.08271249996224861,0.005328124997779333,0.02745624998223472,0.00501340523236892,0.0013621227061592414,0.0013621227061592414,0.0,0.9985950029715981,0.013482144401218525,0.012120021695059284,0.9999524096571613,False
10.229750000000001,1,421,422,3.2890000000000033,3.2890000000000033,0.0,0.028374999982234687,0.028374999982234687,0.09006249996224847,0.08223749996335887,0.005787499997779317,0.028374999982234687,0.00501340523236892,0.001382736171350929,0.001382736171350929,0.0,0.9984461062407146,0.013564527661217234,0.012181791489866305,0.9999467200664665,False
10.25575,1,422,423,3.2968000000000037,3.2968000000000037,0.0,0.029349999982234656,0.029349999982234656,0.09003749996335873,0.08123749996446916,0.005979687497779305,0.029349999982234656,0.00501340523236892,0.0013479773525805069,0.0013479773525805069,0.0,0.9985649459596928,0.013157256556835466,0.011809279204254959,0.9999510971428817,False
10.285,1,423,424,3.3055750000000033,3.3055750000000033,0.0,0.030446874982234605,0.030446874982234605,0.09001249996446892,0.08169374996668963,0.006528124997779279,0.030446874982234605,0.00501340523236892,0.0013680783036366182,0.0013680783036366182,0.0,0.998629031278462,0.013203630062340634,0.011835551758704016,0.9999535854483195,False
10.31275,1,424,425,3.3139000000000034,3.3139000000000034,0.0,0.03148749998223465,0.015743749991117325,0.09001874996668988,0.08065937496891057,0.007568749997779325,0.015743749991117325,0.00501340523236892,0.0013451932617669464,0.0013451932617669464,0.0,0.9987184804619027,0.011096079723519323,0.009750886461752376,0.9999556177833242,False
10.344,1,425,426,3.3232750000000033,3.3232750000000033,0.0,0.016915624991117297,0.016915624991117297,0.09003437496891036,0.08499843747002071,0.00503593749888964,0.016915624991117297,0.00501340523236892,0.0012278668161555552,0.0012278668161555552,0.0,0.9988905626818149,0.012112869521606742,0.010885002705451187,0.9999631087849556,False
10.36075,1,426,427,3.328300000000003,3.328300000000003,0.0,0.017543749991117283,0.017543749991117283,0.09002343747002062,0.08435937497113098,0.005349999998889634,0.017543749991117283,0.00501340523236892,0.001285036534987561,0.001285036534987561,0.0,0.9982849664557724,0.012670423271588419,0.011385386736600858,0.9999401042554364,False
10.37975,1,427,428,3.334000000000003,3.334000000000003,0.0,0.01825624999111727,0.01825624999111727,0.09005937497113092,0.08399687497224129,0.005314843748889634,0.01825624999111727,0.00501340523236892,0.0013196853171026975,0.0013196853171026975,0.0,0.9983983011369433,0.01308098882608063,0.011761303508977932,0.9999446493398431,False
10.4,1,428,429,3.340075000000003,3.340075000000003,0.0,0.019015624991117214,0.019015624991117214,0.0900718749722409,0.0832499999733513,0.005694531248889606,0.019015624991117214,0.00501340523236892,0.0013453587354631004,0.0013453587354631004,0.0,0.9984015385392796,0.013260798905724146,0.011915440170261046,0.9999448581356848,False
10.42275,1,429,430,3.3469000000000024,3.3469000000000024,0.0,0.019868749991117204,0.019868749991117204,0.0900749999733513,0.08314765622446169,0.005846874998889606,0.019868749991117204,0.00501340523236892,0.0013887719287277043,0.0013887719287277043,0.0,0.998517829282344,0.013713872904153102,0.012325100975425397,0.9999495481601175,False
10.44575,1,430,431,3.3538000000000023,3.3538000000000023,0.0,0.02073124999111717,0.02073124999111717,0.09004765622446156,0.08225781247557196,0.0062781249988895895,0.02073124999111717,0.00501340523236892,0.0014084369989186896,0.0014084369989186896,0.0,0.9985538303210436,0.013725417327138605,0.012316980328219915,0.9999509404627438,False
10.47175,1,431,432,3.361600000000003,3.361600000000003,0.0,0.02170624999111714,0.02170624999111714,0.09005781247557185,0.08167265622668225,0.007253124998889588,0.02170624999111714,0.00501340523236892,0.001352665744733459,0.001352665744733459,0.0,0.9986624928839641,0.011237549449485726,0.009884883704752268,0.9999537130276049,False
10.49975,1,432,433,3.3700000000000028,3.3700000000000023,-4.440892098500626e-16,0.022756249991117132,0.022756249991117132,0.09007265622668223,0.08063749997779263,0.005951562497779281,0.022756249991117132,0.00501340523236892,0.0013451123772262956,0.0013451123772262956,0.0,0.998832434923646,0.013045422317475797,0.0117003099402495,0.9999613430818625,False
10.531,1,433,434,3.3793750000000022,3.3793750000000022,0.0,0.023928124991117104,0.023928124991117104,0.09001249997779248,0.08010624997890292,0.006537499997779267,0.023928124991117104,0.00501340523236892,0.0013431257812806146,0.0013431257812806146,0.0,0.998637943462934,0.012884608928382182,0.011541483147101569,0.9999537271042154,False
10.564,1,434,435,3.3892750000000023,3.389275000000002,-4.440892098500626e-16,0.025165624991117054,0.025165624991117054,0.09000624997890264,0.08443437497945788,0.005571874999444758,0.025165624991117054,0.00501340523236892,0.0013522098069112237,0.0013522098069112237,0.0,0.9987526361896738,0.01338594855021568,0.012033738743304457,0.9999583911728553,False
10.58275,1,435,436,3.394900000000002,3.394900000000002,0.0,0.025868749991117063,0.025868749991117063,0.09005937497945798,0.08378437498001318,0.005707812499444765,0.025868749991117063,0.00501340523236892,0.001344295246639559,0.001344295246639559,0.0,0.9984528578007414,0.013250411092209306,0.011906115845569748,0.9999468359490197,False
10.6035,1,436,437,3.4011250000000017,3.4011250000000017,0.0,0.02664687499111703,0.02664687499111703,0.09000937498001296,0.08352343748056822,0.006096874999444748,0.02664687499111703,0.00501340523236892,0.0013520885849976903,0.0013520885849976903,0.0,0.9985034564173306,0.013321240796107879,0.011969152211110189,0.9999488030525868,False
10.62525,1,437,438,3.407650000000002,3.407650000000002,0.0,0.02746249999111704,0.02746249999111704,0.09004843748056837,0.08274687498112358,0.005328906248889623,0.02746249999111704,0.00501340523236892,0.0013444132042792223,0.0013444132042792223,0.0,0.9985961917459153,0.013286180157245198,0.011941766952965975,0.9999523606268463,False
10.6495,1,438,439,3.414925000000002,3.414925000000002,0.0,0.02837187499111703,0.02837187499111703,0.0900218749811236,0.08219999998167882,0.005783593748889618,0.02837187499111703,0.00501340523236892,0.001360151735164415,0.001360151735164415,0.0,0.9984438395858277,0.013420684713877376,0.01206053297871296,0.9999465645164427,False
10.67575,1,439,440,3.422800000000002,3.4228000000000014,-4.440892098500626e-16,0.029356249991116978,0.029356249991116978,0.0900749999816785,0.08126874998223375,0.00598281249888959,0.029356249991116978,0.00501340523236892,0.0013745387659676435,0.0013745387659676435,0.0,0.9985662421731186,0.013447206861019731,0.012072668095052088,0.9999512862398693,False
10.705,1,440,441,3.4315750000000014,3.4315750000000014,0.0,0.030453124991116926,0.030453124991116926,0.09004374998223351,0.08172421873334393,0.006531249998889564,0.030453124991116926,0.00501340523236892,0.0013266592512150204,0.0013266592512150204,0.0,0.998629436661955,0.012717031520104574,0.011390372268889554,0.9999533667166036,False
10.73275,1,441,442,3.4399000000000015,3.4399000000000015,0.0,0.03149374999111697,0.015746874995558484,0.09004921873334418,0.08068906248445458,0.00757187499888961,0.015746874995558484,0.00501340523236892,0.0013579167984314319,0.0013579167984314319,0.0,0.9987190803389325,0.011141042474589103,0.009783125676157672,0.9999556619640864,False
10.764,1,442,443,3.4492750000000014,3.4492750000000014,0.0,0.016918749995558455,0.016918749995558455,0.09006406248445437,0.08502539061000958,0.00503867187444478,0.016918749995558455,0.00501340523236892,0.0012462278561698244,0.0012462278561698244,0.0,0.998891054083757,0.012279952090495205,0.01103372423432538,0.9999632088167125,False
10.78075,1,443,444,3.4543000000000013,3.4543000000000013,0.0,0.017546874995558442,0.017546874995558442,0.0900503906100095,0.08438359373556471,0.005352734374444773,0.017546874995558442,0.00501340523236892,0.0012727284442824623,0.0012727284442824623,0.0,0.9982857354807536,0.012537819779897479,0.011265091335615016,0.9999400699105414,False
10.7995,1,444,445,3.459925000000001,3.459925000000001,0.0,0.018249999995558385,0.018249999995558385,0.0900085937355643,0.08395273436111955,0.0053117187494447545,0.018249999995558385,0.00501340523236892,0.0013020694516029158,0.0013020694516029158,0.0,0.9983964497500052,0.012902113885189616,0.0116000444335867,0.9999444922069788,False
10.81975,1,445,446,3.466000000000001,3.466000000000001,0.0,0.019009374995558395,0.019009374995558395,0.09002773436111972,0.08321249998667493,0.0056914062494447595,0.019009374995558395,0.00501340523236892,0.0013163661283057888,0.0013163661283057888,0.0,0.9984005668427526,0.012994647349954612,0.011678281221648823,0.9999446927062929,False
10.8425,1,446,447,3.472825000000001,3.472825000000001,0.0,0.019862499995558384,0.019862499995558384,0.09003749998667496,0.08311328123723016,0.005843749999444758,0.019862499995558384,0.00501340523236892,0.0013273243188365372,0.0013273243188365372,0.0,0.9985168121817496,0.013071325104884048,0.011744000786047511,0.9999492006507348,False
10.8655,1,447,448,3.479725000000001,3.479725000000001,0.0,0.020724999995558352,0.020724999995558352,0.09001328123723003,0.08222656248778523,0.006274999999444742,0.020724999995558352,0.00501340523236892,0.0013253893192144036,0.0013253893192144036,0.0,0.9985527348173409,0.012907413076287837,0.011582023757073434,0.9999505070585049,False
10.8915,1,448,449,3.4875250000000007,3.4875250000000007,0.0,0.02169999999555832,0.02169999999555832,0.09002656248778512,0.08164453123834037,0.0072499999994447405,0.02169999999555832,0.00501340523236892,0.0013845647660532345,0.0013845647660532345,0.0,0.9986620695495757,0.011627361745738835,0.0102427969796856,0.9999538848408972,False
10.919500000000001,1,449,450,3.4959250000000006,3.4959250000000006,0.0,0.022749999995558313,0.022749999995558313,0.09004453123834036,0.08061249998889561,0.005949999998889576,0.022749999995558313,0.00501340523236892,0.0013298994840883112,0.0013298994840883112,0.0,0.9988319193510313,0.012853093902266341,0.01152319441817803,0.9999612317657813,False
10.951,1,450,451,3.505375000000001,3.505375000000001,0.0,0.023931249995558262,0.023931249995558262,0.09006249998889528,0.08014999998945058,0.006540624998889551,0.023931249995558262,0.00501340523236892,0.001315773668768799,0.001315773668768799,0.0,0.9986393080343836,0.01260325111309138,0.011287477444322581,0.9999536450689247,False
10.984,1,451,452,3.515275,3.515275,0.0,0.025168749995558213,0.025168749995558213,0.09004999998945029,0.08447499998972798,0.005574999999722323,0.025168749995558213,0.00501340523236892,0.0013305968197890449,0.0013305968197890449,0.0,0.9987530338798951,0.013183444154211417,0.011852847334422371,0.9999583101109688,False
11.0025,1,452,453,3.5208250000000003,3.5208250000000003,0.0,0.025862499995558244,0.025862499995558244,0.09002499998972825,0.08375624999000587,0.0057062499997223405,0.025862499995558244,0.00501340523236892,0.0013450672442795032,0.0013450672442795032,0.0,0.9984513120130744,0.013248374853512969,0.011903307609233466,0.9999467755989542,False
11.0235,1,453,454,3.527125,3.527125,0.0,0.02664999999555819,0.02664999999555819,0.09005624999000547,0.08356249999028317,0.006099999999722313,0.02664999999555819,0.00501340523236892,0.001345072711489414,0.001345072711489414,0.0,0.9985052299357904,0.013249173532013853,0.011904100820524439,0.9999488362873356,False
11.045,1,454,455,3.533575,3.533575,0.0,0.027456249995558155,0.027456249995558155,0.09001249999028299,0.08271249999056068,0.005328124999444737,0.027456249995558155,0.00501340523236892,0.0013369877751389172,0.0013369877751389172,0.0,0.9985948787277574,0.013203912522818918,0.01186692474768,0.9999522699655605,False
11.0695,1,455,456,3.5409250000000005,3.540925,-4.440892098500626e-16,0.02837499999555819,0.02837499999555819,0.09006249999056107,0.0822374999908387,0.005787499999444754,0.02837499999555819,0.00501340523236892,0.0013409206489141839,0.0013409206489141839,0.0,0.9984458942838159,0.013218261268943203,0.01187734062002902,0.9999465460338605,False
11.0955,1,456,457,3.548725,3.548725,0.0,0.02934999999555816,0.02934999999555816,0.09003749999083857,0.08123749999111624,0.0059796874994447425,0.02934999999555816,0.00501340523236892,0.00137925984959125,0.00137925984959125,0.0,0.9985650965764609,0.013554554865047787,0.012175295015456536,0.999951294672923,False
11.12475,1,457,458,3.5575,3.5575,0.0,0.030446874995558107,0.030446874995558107,0.09001249999111599,0.08169374999167123,0.006528124999444717,0.030446874995558107,0.00501340523236892,0.0013491164452974441,0.0013491164452974441,0.0,0.9986289401014256,0.012936676563733797,0.011587560118436353,0.9999534533020219,False
11.1525,1,458,459,3.5658250000000002,3.5658250000000002,0.0,0.03148749999555815,0.015743749997779076,0.09001874999167148,0.0806593749922267,0.007568749999444763,0.015743749997779076,0.00501340523236892,0.0013787388136696516,0.0013787388136696516,0.0,0.9987186529819204,0.011326273820500238,0.009947535006830587,0.9999557352025775,False
11.18375,1,459,460,3.5751999999999997,3.5752,4.440892098500626e-16,0.016915624997779048,0.016915624997779048,0.09003437499222648,0.08499843749250412,0.005035937499722359,0.016915624997779048,0.00501340523236892,0.0012486031012887246,0.0012486031012887246,0.0,0.9988906657793778,0.012325248536013689,0.011076645434724964,0.999963215155502,False
11.2005,1,460,461,3.580225,3.580225,0.0,0.017543749997779034,0.017543749997779034,0.09002343749250402,0.08435937499278166,0.005349999999722352,0.017543749997779034,0.00501340523236892,0.0012921201010068417,0.0012921201010068417,0.0,0.9982850015962896,0.01272901762349056,0.011436897522483717,0.9999401335804813,False
11.2195,1,461,462,3.5859249999999996,3.5859249999999996,0.0,0.018256249997778955,0.018256249997778955,0.09005937499278108,0.08399687499305879,0.00531484374972232,0.018256249997778955,0.00501340523236892,0.001313432110995523,0.001313432110995523,0.0,0.9983982700009457,0.013011188531825625,0.011697756420830102,0.9999446145030744,False
11.23975,1,462,463,3.5919999999999996,3.5919999999999996,0.0,0.019015624997778965,0.019015624997778965,0.09007187499305894,0.0832499999933366,0.005694531249722325,0.019015624997778965,0.00501340523236892,0.001337035942866356,0.001337035942866356,0.0,0.9984014965371591,0.01319695477773819,0.011859918834871834,0.9999448255712472,False
11.262500000000001,1,463,464,3.5988249999999997,3.5988249999999997,0.0,0.019868749997778955,0.019868749997778955,0.09007499999333662,0.08314765624361425,0.005846874999722324,0.019868749997778955,0.00501340523236892,0.0013451100815847152,0.0013451100815847152,0.0,0.9985176133163631,0.013225882213634042,0.011880772132049328,0.9999493053492837,False
11.2855,1,464,465,3.6057249999999996,3.605724999999999,-4.440892098500626e-16,0.020731249997778922,0.020731249997778922,0.09004765624361413,0.08225781249389176,0.006278124999722308,0.020731249997778922,0.00501340523236892,0.0013439130346054346,0.0013439130346054346,0.0,0.9985535058364778,0.013069161578491403,0.011725248543885968,0.999950614147656,False
11.3115,1,465,466,3.613524999999999,3.613524999999999,0.0,0.02170624999777889,0.02170624999777889,0.09005781249389165,0.08167265624416933,0.007253124999722306,0.02170624999777889,0.00501340523236892,0.0013726180659687048,0.0013726180659687048,0.0,0.9986625848823331,0.011551557009829419,0.010178938943860714,0.9999538643647361,False
11.339500000000001,1,466,467,3.621924999999999,3.621924999999999,0.0,0.022756249997778883,0.022756249997778883,0.09007265624416932,0.08063749999444703,0.005951562499444719,0.022756249997778883,0.00501340523236892,0.0013465007170415948,0.0013465007170415948,0.0,0.9988324452409952,0.01300430225353065,0.011657801536489055,0.9999613248639436,False
11.370750000000001,1,467,468,3.631299999999999,3.631299999999999,0.0,0.023928124997778855,0.023928124997778855,0.09001249999444685,0.08010624999472457,0.0065374999994447045,0.023928124997778855,0.00501340523236892,0.0013276273966099585,0.0013276273966099585,0.0,0.9986378684767889,0.012689622282831603,0.011361994886221645,0.9999536312402783,False
11.40375,1,468,469,3.6411999999999987,3.6411999999999987,0.0,0.025165624997778805,0.025165624997778805,0.0900062499947243,0.08443437499486318,0.005571874999861117,0.025165624997778805,0.00501340523236892,0.0013259495921415878,0.0013259495921415878,0.0,0.9987525053752179,0.013143388510066453,0.011817438917924866,0.9999582697613336,False
11.4225,1,469,470,3.646824999999999,3.646824999999999,0.0,0.025868749997778814,0.025868749997778814,0.09005937499486327,0.08378437499500213,0.0057078124998611235,0.025868749997778814,0.00501340523236892,0.0013378403246197526,0.0013378403246197526,0.0,0.9984528256673701,0.013179142941340719,0.011841302616720966,0.9999468004605777,False
11.44325,1,470,471,3.6530499999999986,3.6530499999999986,0.0,0.02664687499777878,0.02664687499777878,0.0900093749950019,0.0835234374951408,0.006096874999861107,0.02664687499777878,0.00501340523236892,0.0013504322765374634,0.0013504322765374634,0.0,0.9985034482900994,0.013302970754908966,0.011952538478371503,0.9999487936618907,False
11.465,1,471,472,3.659574999999999,3.659574999999999,0.0,0.02746249999777879,0.02746249999777879,0.09004843749514095,0.0827468749952798,0.005328906249722341,0.02746249999777879,0.00501340523236892,0.0013400246717468276,0.0013400246717468276,0.0,0.9985961704869444,0.013236138073316563,0.011896113401569736,0.9999523351222642,False
11.48925,1,472,473,3.6668499999999984,3.6668499999999984,0.0,0.028371874997778716,0.028371874997778716,0.0900218749952793,0.08219999999541822,0.005783593749722303,0.028371874997778716,0.00501340523236892,0.001326107520833022,0.001326107520833022,0.0,0.9984436708897452,0.013060461454206307,0.011734353933373284,0.9999463844714546,False
11.5155,1,473,474,3.6747249999999987,3.6747249999999987,0.0,0.02935624999777873,0.02935624999777873,0.09007499999541843,0.08126874999555733,0.005982812499722308,0.02935624999777873,0.00501340523236892,0.0013504642648624957,0.0013504642648624957,0.0,0.9985661198501319,0.013240026126634642,0.011889561861772147,0.9999511826067013,False
11.54475,1,474,475,3.683499999999998,3.683499999999998,0.0,0.030453124997778677,0.030453124997778677,0.09004374999555709,0.08172421874583477,0.006531249999722283,0.030453124997778677,0.00501340523236892,0.0013770217053499982,0.0013770217053499982,0.0,0.9986296860254886,0.013248683146781647,0.011871661441431649,0.9999536317899765,False
11.5725,1,475,476,3.691824999999999,3.691824999999999,0.0,0.03149374999777872,0.01574687499888936,0.09004921874583502,0.08068906249611271,0.0075718749997223285,0.01574687499888936,0.00501340523236892,0.00138493548074065,0.00138493548074065,0.0,0.9987192085007034,0.011515096964394567,0.010130161483653916,0.9999558462366018,False
11.60375,1,476,477,3.7011999999999983,3.7011999999999983,0.0,0.016918749998889333,0.016918749998889333,0.09006406249611251,0.08502539062125133,0.005038671874861156,0.016918749998889333,0.00501340523236892,0.0012841803493695283,0.0012841803493695283,0.0,0.9988912446833141,0.012638235561590092,0.011354055212220562,0.9999633881953843,False
11.6205,1,477,478,3.706224999999998,3.706224999999998,0.0,0.01754687499888932,0.01754687499888932,0.09005039062125125,0.0843835937463901,0.0053527343748611496,0.01754687499888932,0.00501340523236892,0.0012883756571993722,0.0012883756571993722,0.0,0.9982858139997631,0.012673436463737427,0.011385060806538054,0.9999401380381325,False
11.63925,1,478,479,3.7118499999999974,3.711849999999998,4.440892098500626e-16,0.018249999998889262,0.018249999998889262,0.09000859374638968,0.08395273437152857,0.005311718749861114,0.018249999998889262,0.00501340523236892,0.0013100133657838972,0.0013100133657838972,0.0,0.9983964898530339,0.01296633951557187,0.011656326149787974,0.9999445243999052,False
11.6595,1,479,480,3.7179249999999984,3.717924999999998,-4.440892098500626e-16,0.019009374998889272,0.019009374998889272,0.09002773437152872,0.08321249999666758,0.005691406249861119,0.019009374998889272,0.00501340523236892,0.0013283040941489794,0.0013283040941489794,0.0,0.998400626544122,0.013114793981022152,0.011786489886873173,0.9999447527680948,False
11.68225,1,480,481,3.7247499999999976,3.724749999999998,4.440892098500626e-16,0.01986249999888926,0.01986249999888926,0.09003749999666757,0.08311328124680642,0.005843749999861118,0.01986249999888926,0.00501340523236892,0.0013303787529672742,0.0013303787529672742,0.0,0.9985168286037226,0.01308756925797211,0.011757190505004836,0.9999492085854175,False
11.70525,1,481,482,3.731649999999998,3.731649999999998,0.0,0.02072499999888923,0.02072499999888923,0.0900132812468063,0.08222656249694514,0.006274999999861102,0.02072499999888923,0.00501340523236892,0.0013351609854385274,0.0013351609854385274,0.0,0.9985527852875372,0.012984999287861239,0.011649838302422711,0.9999505457045632,False
11.731250000000001,1,482,483,3.739449999999998,3.739449999999998,0.0,0.021699999998889198,0.021699999998889198,0.09002656249694505,0.08164453124708393,0.0072499999998611,0.021699999998889198,0.00501340523236892,0.0013331513781799562,0.0013331513781799562,0.0,0.9986618125771082,0.011109013301175363,0.009775861922995408,0.9999536237528551,False
11.75925,1,483,484,3.747849999999998,3.747849999999998,0.0,0.02274999999888919,0.02274999999888919,0.09004453124708389,0.0806124999972228,0.0059499999997222955,0.02274999999888919,0.00501340523236892,0.0013603411015337048,0.0013603411015337048,0.0,0.9988320709369095,0.013159199015781706,0.011798857914248001,0.9999613847199423,False
11.790750000000001,1,484,485,3.757299999999997,3.7572999999999976,4.440892098500626e-16,0.02393124999888914,0.02393124999888914,0.09006249999722246,0.08014999999736142,0.00654062499972227,0.02393124999888914,0.00501340523236892,0.0013372117880014736,0.0013372117880014736,0.0,0.9986394166332369,0.012774890423206758,0.011437678635205284,0.9999537321804165,False
11.82375,1,485,486,3.767199999999997,3.767199999999997,0.0,0.02516874999888909,0.02516874999888909,0.09004999999736113,0.08447499999743063,0.005574999999930503,0.02516874999888909,0.00501340523236892,0.0013210691470234206,0.0013210691470234206,0.0,0.9987529860026231,0.01307967679319811,0.01175860764617469,0.9999582578578838,False
11.84225,1,486,487,3.7727499999999967,3.7727499999999967,0.0,0.025862499998889055,0.025862499998889055,0.09002499999743038,0.0837562499974999,0.005706249999930487,0.025862499998889055,0.00501340523236892,0.0013442188293169867,0.0013442188293169867,0.0,0.9984513080452255,0.013234103535020601,0.011889884705703615,0.999946768577188,False
11.86325,1,487,488,3.779049999999997,3.779049999999997,0.0,0.026649999998889066,0.026649999998889066,0.09005624999750002,0.0835624999975695,0.006099999999930493,0.026649999998889066,0.00501340523236892,0.0013508566750082486,0.0013508566750082486,0.0,0.9985052590515823,0.013305684304804957,0.011954827629796709,0.9999488643822094,False
11.88475,1,488,489,3.7854999999999968,3.7854999999999968,0.0,0.027456249998889033,0.027456249998889033,0.0900124999975693,0.08271249999763879,0.005328124999861097,0.027456249998889033,0.00501340523236892,0.0013502320120303125,0.0013502320120303125,0.0,0.9985949447344237,0.013341933881961247,0.011991701869930935,0.999952338908484,False
11.90925,1,489,490,3.7928499999999965,3.792849999999997,4.440892098500626e-16,0.028374999998889,0.028374999998889,0.09006249999763864,0.08223749999770816,0.005787499999861081,0.028374999998889,0.00501340523236892,0.0013307516654302888,0.0013307516654302888,0.0,0.9984458448741356,0.013094602951569216,0.011763851286138927,0.9999464841786904,False
11.93525,1,490,491,3.8006499999999974,3.8006499999999974,0.0,0.029349999998889036,0.029349999998889036,0.09003749999770858,0.08123749999777805,0.005979687499861102,0.029349999998889036,0.00501340523236892,0.0013364161531804553,0.0013364161531804553,0.0,0.998564885470622,0.013082604525757845,0.01174618837257739,0.9999510593624337,False
11.964500000000001,1,491,492,3.809424999999997,3.8094249999999965,-4.440892098500626e-16,0.030446874998888984,0.030446874998888984,0.0900124999977778,0.08169374999791668,0.0065281249998610765,0.030446874998888984,0.00501340523236892,0.0013898480548623759,0.0013898480548623759,0.0,0.9986291391384544,0.013418707554411477,0.012028859499549101,0.9999536925822047,False
11.99225,1,492,493,3.8177499999999966,3.8177499999999966,0.0,0.03148749999888896,0.01574374999944448,0.0900187499979164,0.08065937499805532,0.0075687499998610555,0.01574374999944448,0.00501340523236892,0.0013480761370655984,0.0013480761370655984,0.0,0.9987184931035011,0.011144927318484016,0.009796851181418417,0.9999556411340372,False
