time,inserted_nodes,node_count_before,node_count_after,rest_length_before,rest_length_after,rest_length_error,tail_rest_length_before,tail_rest_length_after,payout_buffer_rest_length_before,payout_buffer_rest_length_after,payout_buffer_min_rest_length_after,payout_buffer_max_rest_length_after,minimum_physical_rest_length_after,peak_tension_before,peak_tension_after,peak_tension_jump,minimum_geometric_ratio_after,peak_tension_post_step,peak_tension_post_step_jump,minimum_standard_ratio_post_step,remeshed_in_same_step
0.52675,1,103,104,1.0300075364215415,1.0300075364215415,0.0,0.011250942052692697,0.011250942052692697,0.09000753642154158,0.08438206539519523,0.005625471026346349,0.011250942052692697,0.005625471026346349,0.0,0.0,0.0,0.9998419608093972,0.0,0.0,0.9999850894124317,False
0.6165,1,104,105,1.0356261547712753,1.035626154771275,-2.220446049250313e-16,0.011953269346409405,0.011953269346409405,0.0900006837449289,0.08367288542486584,0.005976634673204703,0.011953269346409405,0.005625471026346349,0.0,0.0,0.0,0.9996288179737883,0.0,0.0,0.9999809770913666,False
0.69625,1,105,106,1.0419749670989973,1.0419749670989973,0.0,0.012746870887374669,0.0063734354436873345,0.09002169775258796,0.08325146153841799,0.0063734354436873345,0.012746870887374669,0.005625471026346349,0.0,0.0,0.0,0.9995717926675631,0.0,0.0,0.9999778029080151,False
0.767,1,106,107,1.0487457321161402,1.04874573211614,-2.220446049250313e-16,0.00721978107083021,0.00721978107083021,0.09002222655556105,0.08240564471424819,0.006796608257258778,0.013593216514517555,0.005625471026346349,0.0,0.0,0.0,0.9995292232873074,0.0,0.0,0.9999767104105312,False
0.8355,1,107,108,1.056365579159506,1.056365579159506,0.0,0.00817226195125089,0.00817226195125089,0.09002549175761362,0.0754797943626754,0.007272848697469117,0.014545697394938235,0.005625471026346349,0.0,0.0,0.0,0.999495769449697,0.0,0.0,0.9999755392490789,False
0.94575,1,108,109,1.0709017844826445,1.0709017844826445,0.0,0.00998928761664324,0.00998928761664324,0.09001599968581417,0.07365327662548359,0.00818136153016529,0.00998928761664324,0.005625471026346349,0.0,0.0,0.0,0.9994778745395512,0.0,0.0,0.9999752389434187,False
1.05,1,109,110,1.0872750218678005,1.0872750218678002,-2.220446049250313e-16,0.012035942289787719,0.012035942289787719,0.09002651401063942,0.07979849780732966,0.0060179711448938595,0.012035942289787719,0.005625471026346349,0.0,0.0,0.0,0.9994577018391965,0.0,0.0,0.9999750598902744,False
1.108,1,110,111,1.0974933671753209,1.0974933671753206,-2.220446049250313e-16,0.013313235453227814,0.013313235453227814,0.09001684311485045,0.07851153374810058,0.006445031319828189,0.013313235453227814,0.005625471026346349,0.0,0.0,0.0,0.9991819718549961,0.0,0.0,0.9999656198285983,False
1.1685,1,111,112,1.1089884534661776,1.1089884534661776,0.0,0.014750121239584853,0.014750121239584853,0.09000662003895693,0.07615591205315386,0.007163474213006708,0.014750121239584853,0.005625471026346349,0.0,0.0,0.0,0.9991850617364251,0.0,0.0,0.9999659463401487,False
1.23625,1,112,113,1.1228566557488096,1.12285665574881,4.440892098500626e-16,0.016483646524913888,0.016483646524913888,0.09002411433578623,0.07443988106465411,0.005232837690010031,0.016483646524913888,0.005232837690010031,0.0,0.0,0.0,0.9992218731611776,0.0,0.0,0.9999675577807936,False
1.307,1,113,114,1.1384302252132157,1.1384302252132157,0.0,0.01843034270796462,0.01843034270796462,0.09001345052905999,0.07916975484767348,0.005781069287282509,0.01843034270796462,0.005625471026346349,0.0,0.0,0.0,0.9989669932005889,0.0,0.0,0.9999584145658874,False
1.35375,1,114,115,1.149311277495949,1.1493112774959489,-2.220446049250313e-16,0.019790474243306256,0.019790474243306256,0.09005080713040677,0.08394889352204268,0.006101913608364081,0.019790474243306256,0.005625471026346349,0.0,0.0,0.0,0.998916711738934,0.0,0.0,0.9999564983015846,False
1.379,1,115,116,1.1553770798139824,1.1553770798139824,0.0,0.02054869953306045,0.02054869953306045,0.09001469584007625,0.08315455694195797,0.006840247699830439,0.02054869953306045,0.005625471026346349,0.0,0.0,0.0,0.9988479894841557,0.0,0.0,0.9999538955881792,False
1.407,1,116,117,1.162254162942512,1.162254162942512,0.0,0.021408334924126634,0.021408334924126634,0.09003164007048754,0.08127257856704298,0.0050787630446114135,0.021408334924126634,0.0050787630446114135,0.0,0.0,0.0,0.998950136380982,0.0,0.0,0.9999581231733122,False
1.44175,1,117,118,1.171003457371445,1.1710034573714454,4.440892098500626e-16,0.022501996727743244,0.022501996727743244,0.09002187299597578,0.08016914968891461,0.0056255939464197125,0.022501996727743244,0.005625471026346349,0.0,0.0,0.0,0.99865551553205,0.0,0.0,0.9999470010122838,False
1.48,1,118,119,1.1808989585278848,1.1808989585278848,0.0,0.023738934372298244,0.023738934372298244,0.09006465084535453,0.08504940957582041,0.005015241269534111,0.023738934372298244,0.005015241269534111,0.0,0.0,0.0,0.9987571101248461,0.0,0.0,0.9999511482952822,False
1.499,1,119,120,1.1859139947012023,1.1859139947012023,0.0,0.024365813893962907,0.024365813893962907,0.09006444574913786,0.08442232495793905,0.005328681030366456,0.024365813893962907,0.005015241269534111,0.0,0.0,0.0,0.9984687522218112,0.0,0.0,0.9999399630863884,False
1.52,1,120,121,1.1915313498171451,1.191531349817145,-2.220446049250313e-16,0.02506798328345573,0.02506798328345573,0.09003968007388158,0.08400882965402232,0.006030850419859264,0.02506798328345573,0.005015241269534111,0.0,0.0,0.0,0.998547691369488,0.0,0.0,0.999942923947526,False
1.5422500000000001,1,121,122,1.197565919524048,1.1975659195240478,-2.220446049250313e-16,0.025822304496818632,0.025822304496818632,0.09004339936092548,0.08325822772770333,0.005139663641321932,0.025822304496818632,0.005015241269534111,0.0,0.0,0.0,0.9986909888599279,0.0,0.0,0.9999486213169568,False
1.567,1,122,123,1.2043753623828553,1.204375362382855,-2.220446049250313e-16,0.026673484854169528,0.026673484854169528,0.0900676705865105,0.08489571409918334,0.005171956487327147,0.026673484854169528,0.005015241269534111,0.0,0.0,0.0,0.9984959885617903,0.0,0.0,0.9999415198378137,False
1.5855000000000001,1,123,124,1.209529567033572,1.209529567033572,0.0,0.02731776043550911,0.02731776043550911,0.09004991874990004,0.08423368668123332,0.005494094277996941,0.02731776043550911,0.005015241269534111,0.0,0.0,0.0,0.9984344730806816,0.0,0.0,0.9999390722168058,False
1.606,1,124,125,1.2153029411702025,1.2153029411702028,2.220446049250313e-16,0.02803943220258797,0.02803943220258797,0.09000706081786419,0.08379129477278839,0.005581514710632218,0.02803943220258797,0.005015241269534111,0.0,0.0,0.0,0.9985188424494627,0.0,0.0,0.9999424212222473,False
1.6280000000000001,1,125,126,1.2215685353497538,1.221568535349754,2.220446049250313e-16,0.028822631475031855,0.028822631475031855,0.09005688895233939,0.08305792363481972,0.005973114346854155,0.028822631475031855,0.005015241269534111,0.0,0.0,0.0,0.9985371816485704,0.0,0.0,0.9999432336999567,False
1.65225,1,126,127,1.2285549853598035,1.2285549853598032,-2.220446049250313e-16,0.02969593772628807,0.02969593772628807,0.09004437364486939,0.0828063534105371,0.006846420598110362,0.02969593772628807,0.005015241269534111,0.0,0.0,0.0,0.9986241899556481,0.0,0.0,0.9999466527550637,False
1.677,1,127,128,1.2357677043084998,1.2357677043084998,0.0,0.030597527594875162,0.015298763797437581,0.09001907235923381,0.08187946225631443,0.007748010466697456,0.015298763797437581,0.005015241269534111,0.0,0.0,0.0,0.998770674675882,0.0,0.0,0.9999520522165634,False
1.70475,1,128,129,1.2439475988813726,1.2439475988813724,-2.220446049250313e-16,0.016321250619046632,0.016321250619046632,0.09005935682918685,0.08128885954088035,0.005468686780493748,0.016321250619046632,0.005015241269534111,0.0,0.0,0.0,0.9989012862234453,0.0,0.0,0.999957521169235,False
1.734,1,129,130,1.2526685422177897,1.2526685422177897,0.0,0.017411368536098787,0.017411368536098787,0.09000980287729748,0.08014918767193883,0.0060137457390198185,0.017411368536098787,0.005015241269534111,1.9953893090539748e-05,1.9953893090539748e-05,0.0,0.9985146501944417,0.00021957100904651528,0.00019961711595597553,0.9999429239996465,False
1.76675,1,130,131,1.2625431101548816,1.2625431101548816,0.0,0.018645689528235247,0.018645689528235247,0.09002375560903049,0.08223062991934815,0.005662497927720689,0.018645689528235247,0.005015241269534111,7.044825351765595e-05,7.044825351765595e-05,0.0,0.998641024882927,0.0007076477672550568,0.0006371995137374009,0.9999480238460728,False
1.7925,1,131,132,1.2703809539452524,1.2703809539452524,0.0,0.01962542000203164,0.01962542000203164,0.09006847370971924,0.08129561754624051,0.00615236316461888,0.01962542000203164,0.005015241269534111,0.00011386852357984102,0.00011386852357984102,0.0,0.9985055934308742,0.0010120178137601396,0.0008981492901802986,0.9999429678787006,False
1.821,1,132,133,1.2791234189512743,1.2791234189512746,2.220446049250313e-16,0.02071822812778438,0.02071822812778438,0.09003808255226249,0.08071747722155707,0.007245171290371629,0.02071822812778438,0.005015241269534111,0.00014706317974440497,0.00014706317974440497,0.0,0.9986196338435817,7.396912281081025e-05,-7.309405693359472e-05,0.9999467740950638,False
1.85125,1,133,134,1.2884708130466258,1.2884708130466258,0.0,0.021886652389703286,0.021886652389703286,0.09006487131690828,0.08482035652059612,0.005244514796312155,0.021886652389703286,0.005015241269534111,0.00020158460800047694,0.00020158460800047694,0.0,0.9988033911181624,0.0019943415171582712,0.0017927569091577944,0.9999549334651835,False
1.868,1,134,135,1.293672913281701,1.2936729132817013,2.220446049250313e-16,0.022536914919087717,0.022536914919087717,0.09002245675567151,0.08412767942997494,0.006088900427597755,0.022536914919087717,0.005015241269534111,0.0002358626839119971,0.0002358626839119971,0.0,0.9982860583128584,0.002027873990770264,0.001792011306858267,0.9999350145285757,False
1.887,1,135,136,1.2995934438240413,1.2995934438240413,0.0,0.023276981236880216,0.023276981236880216,0.09004820997231502,0.0849013151541322,0.005146894818182827,0.023276981236880216,0.005015241269534111,0.000279099224703956,0.000279099224703956,0.0,0.998516031810463,0.0026950965000303445,0.0024159972753263884,0.9999442100451793,False
1.9035,1,136,137,1.3047497789485591,1.3047497789485591,0.0,0.023921523127444954,0.023921523127444954,0.09005765027865009,0.08426621356990252,0.0054691657634651945,0.023921523127444954,0.005015241269534111,0.00030273033323319134,0.00030273033323319134,0.0,0.9982456600809237,0.0028991294378526433,0.002596399104619452,0.9999338788918143,False
1.922,1,137,138,1.3105450432562946,1.3105450432562948,2.220446049250313e-16,0.024645931165911912,0.024645931165911912,0.09006147787763812,0.08386790407570596,0.005586437164249577,0.024645931165911912,0.005015241269534111,0.0003364842613923673,0.0003364842613923673,0.0,0.9983560293025203,0.003240217818779173,0.002903733557386806,0.9999382877351833,False
1.94175,1,138,139,1.3167451422071874,1.3167451422071874,0.0,0.02542094353477348,0.02542094353477348,0.0900680030265986,0.08309941685580488,0.005973943348680369,0.02542094353477348,0.005015241269534111,0.0003742553540699881,0.0003742553540699881,0.0,0.9983965225443081,0.0035614782778058338,0.0031872229237358456,0.9999400019240561,False
1.96375,1,139,140,1.3236636410490603,1.3236636410490603,0.0,0.02628575589000762,0.02628575589000762,0.09001791569767789,0.08279165380933262,0.006838755703914493,0.02628575589000762,0.005015241269534111,0.00041674872249991053,0.00041674872249991053,0.0,0.9985065169253926,0.003333119409971788,0.0029163706874718778,0.9999441418091839,False
1.98675,1,140,141,1.3309051724355632,1.3309051724355632,0.0,0.027190947313320467,0.027190947313320467,0.09003318519583539,0.08190173188417726,0.005371466410915254,0.027190947313320467,0.005015241269534111,0.0004724185986665844,0.0004724185986665844,0.0,0.9986804876790618,0.004580369185020361,0.004107950586353776,0.9999514239728894,False
2.0125,1,141,142,1.33901625,1.3390162500000002,2.220446049250313e-16,0.02820483200887509,0.02820483200887509,0.0900128094486142,0.08125497762583223,0.005878408758692566,0.02820483200887509,0.005015241269534111,0.0005249282281825565,0.0005249282281825565,0.0,0.9983993125105973,0.00499431670510779,0.004469388476925234,0.9999408112036352,False
2.0405,1,142,143,1.3478362500000003,1.3478362500000003,0.0,0.02930733200887515,0.02930733200887515,0.09007497762583244,0.08021464580305042,0.005492448515962619,0.02930733200887515,0.005015241269534111,0.0005868230977343601,0.0005868230977343601,0.0,0.9985364032042475,0.005612524718244846,0.005025701620510486,0.999946384664696,False
2.07175,1,143,144,1.3576800000000007,1.3576800000000007,0.0,0.030537800758875213,0.030537800758875213,0.09005839580305064,0.08134007594658076,0.006107682890962651,0.030537800758875213,0.005015241269534111,0.000658814387820178,0.000658814387820178,0.0,0.9984804768676332,0.006154406486979111,0.005495592099158933,0.9999444810392534,False
2.09925,1,144,145,1.3663425000000005,1.3663425000000005,0.0,0.031620613258875226,0.015810306629437613,0.09000257594658086,0.08020144359011092,0.007190495390962635,0.015810306629437613,0.005015241269534111,0.0007189148263488189,0.0007189148263488189,0.0,0.9985797623872029,0.0048264264311379534,0.004107511604789135,0.9999472703285156,False
2.1305,1,145,146,1.376186250000001,1.376186250000001,0.0,0.017040775379437677,0.017040775379437677,0.09004519359011136,0.08478286421076502,0.005262329379346343,0.017040775379437677,0.005015241269534111,0.0007688443286114337,0.0007688443286114337,0.0,0.9987880091764921,0.007514613483565302,0.006745769154953869,0.9999569461606872,False
2.14725,1,146,147,1.3814625000000014,1.3814625000000014,0.0,0.017700306629437713,0.017700306629437713,0.09005911421076526,0.08413725358141894,0.005592095004346361,0.017700306629437713,0.005015241269534111,0.0008292227351632444,0.0008292227351632444,0.0,0.99827528981916,0.008056351354471303,0.007227128619308058,0.9999375165913654,False
2.166,1,147,148,1.3873687500000016,1.3873687500000016,0.0,0.01843858787943776,0.01843858787943776,0.09004350358141923,0.08371312732707287,0.005217005507981371,0.01843858787943776,0.005015241269534111,0.0008718082330953911,0.0008718082330953911,0.0,0.9983870950656295,0.008555449100981466,0.007683640867886075,0.999942050981365,False
2.186,1,148,149,1.3936687500000018,1.3936687500000016,-2.220446049250313e-16,0.019226087879437803,0.019226087879437803,0.09001312732707306,0.08289525107272669,0.005610755507981392,0.019226087879437803,0.005015241269534111,0.0009214036345653791,0.0009214036345653791,0.0,0.9982995777497564,0.00900056901061249,0.008079165376047111,0.9999388994457279,False
2.20875,1,149,150,1.4008350000000016,1.4008350000000016,0.0,0.020121869129437843,0.020121869129437843,0.09006150107272679,0.08316121431474544,0.005751028945481414,0.020121869129437843,0.005015241269534111,0.0009794277512074872,0.0009794277512074872,0.0,0.9984314303628471,0.009536412106048331,0.008556984354840844,0.9999442286887406,False
2.2305,1,150,151,1.4076862500000018,1.4076862500000018,0.0,0.020978275379437885,0.020978275379437885,0.09001246431474552,0.08225577130676417,0.006179232070481435,0.020978275379437885,0.005015241269534111,0.001019144211621345,0.001019144211621345,0.0,0.9984556588569538,0.009717893055610695,0.00869874884398935,0.9999452482477224,False
2.25525,1,151,152,1.415482500000002,1.415482500000002,0.0,0.021952806629437938,0.021952806629437938,0.0900520213067643,0.08171454704878292,0.007153763320481428,0.021952806629437938,0.005015241269534111,0.0010349172995383655,0.0010349172995383655,0.0,0.9985740507575613,0.007977911066901378,0.006942993767363012,0.999948711258055,False
2.28175,1,152,153,1.4238300000000024,1.4238300000000024,0.0,0.02299624412943799,0.02299624412943799,0.09006204704878323,0.08068113529080179,0.006009920407359511,0.02299624412943799,0.005015241269534111,0.0010596594544222732,0.0010596594544222732,0.0,0.998756327819811,0.010128985711010063,0.00906932625658779,0.999956998600717,False
2.3115,1,153,154,1.4332012500000029,1.4332012500000029,0.0,0.02416765037943805,0.02416765037943805,0.09005238529080212,0.08025557509532062,0.00659562353235954,0.02416765037943805,0.005015241269534111,0.0010757558235969346,0.0010757558235969346,0.0,0.9985797154290847,0.010124644154795637,0.009048888331198702,0.9999501329159222,False
2.3425000000000002,1,154,155,1.4429662500000031,1.4429662500000031,0.0,0.025388275379438118,0.025388275379438118,0.09002057509532094,0.08451185749758017,0.005508717597740782,0.025388275379438118,0.005015241269534111,0.001099399931866444,0.001099399931866444,0.0,0.9986955699948669,0.010806981416482217,0.009707581484615773,0.9999549357353984,False
2.36,1,155,156,1.4484787500000034,1.4484787500000034,0.0,0.026077337879438157,0.026077337879438157,0.09002435749758043,0.08382657739983965,0.005639147285240804,0.026077337879438157,0.005015241269534111,0.0011160675553928958,0.0011160675553928958,0.0,0.9983536813968554,0.010885935828248643,0.009769868272855746,0.9999418918199496,False
2.37975,1,156,157,1.4547000000000034,1.4547000000000034,0.0,0.026854994129438186,0.026854994129438186,0.0900478273998398,0.083631023864599,0.006027975410240818,0.026854994129438186,0.005015241269534111,0.0011215777381632227,0.0011215777381632227,0.0,0.9984101212772656,0.010972173319558395,0.009850595581395172,0.9999440958758733,False
2.4,1,157,158,1.4610787500000038,1.4610787500000035,-2.220446049250313e-16,0.02765233787943824,0.02765233787943824,0.0900097738645993,0.0827956265793585,0.0053330070786798255,0.02765233787943824,0.005015241269534111,0.0011399049266130508,0.0011399049266130508,0.0,0.9985057071195567,0.011178684268817032,0.010038779342203982,0.9999478792219759,False
2.423,1,158,159,1.4683237500000037,1.4683237500000037,0.0,0.028557962879438275,0.028557962879438275,0.09004062657935856,0.08230968241911776,0.005785819578679843,0.028557962879438275,0.005015241269534111,0.00115333685750624,0.00115333685750624,0.0,0.998364728745112,0.011210759247832061,0.01005742239032582,0.9999424714874963,False
2.4475000000000002,1,159,160,1.4760412500000042,1.476041250000004,-2.220446049250313e-16,0.029522650379438332,0.029522650379438332,0.09002718241911799,0.08133155075887713,0.005975311766179875,0.029522650379438332,0.005015241269534111,0.0011702185974378715,0.0011702185974378715,0.0,0.9984892453570824,0.011297851224598726,0.010127632627160855,0.9999473008387547,False
2.47525,1,160,161,1.4847825000000043,1.4847825000000041,-2.220446049250313e-16,0.030615306629438396,0.030615306629438396,0.09007280075887729,0.08177682493019747,0.006521639891179907,0.030615306629438396,0.005015241269534111,0.0011959105670065273,0.0011959105670065273,0.0,0.9985574797760325,0.011380387303471018,0.010184476736464491,0.9999499357860158,False
2.5015,1,161,162,1.4930512500000042,1.4930512500000042,0.0,0.03164890037943839,0.015824450189719196,0.09004557493019752,0.08071600535151766,0.007555233641179884,0.015824450189719196,0.005015241269534111,0.0012174135781297007,0.0012174135781297007,0.0,0.9986509607437393,0.00955494629190383,0.008337532713774128,0.9999522261124898,False
2.531,1,162,163,1.5023437500000045,1.5023437500000045,0.0,0.01698601268971926,0.01698601268971926,0.09000850535151814,0.08498934556217816,0.005019159789339972,0.01698601268971926,0.005015241269534111,0.0012032098866604887,0.0012032098866604887,0.0,0.9988314076372102,0.011835810279460915,0.010632600392800427,0.9999606708074185,False
2.547,1,163,164,1.507383750000005,1.5073837500000047,-2.220446049250313e-16,0.017616012689719292,0.017616012689719292,0.09002934556217838,0.08438018577283843,0.005334159789339989,0.017616012689719292,0.005015241269534111,0.001241974774073587,0.001241974774073587,0.0,0.9981938910509223,0.012164662337995666,0.01092268756392208,0.9999363643679571,False
2.565,1,164,165,1.5130537500000052,1.5130537500000052,0.0,0.01832476268971934,0.01832476268971934,0.09005018577283871,0.08400727598349872,0.0053009371330900055,0.01832476268971934,0.005015241269534111,0.0012563299432619055,0.0012563299432619055,0.0,0.9983120820144306,0.012361313999896588,0.011104984056634683,0.9999409983635751,False
2.58425,1,165,166,1.5191175000000054,1.5191175000000054,0.0,0.019082731439719378,0.019082731439719378,0.09007102598349889,0.08327014744415889,0.005679921508090025,0.019082731439719378,0.005015241269534111,0.001278161770235597,0.001278161770235597,0.0,0.9983166630108411,0.01253520701490534,0.011257045244669743,0.9999412573119232,False
2.60575,1,166,167,1.5258900000000053,1.5258900000000053,0.0,0.019929293939719407,0.019929293939719407,0.09004264744415894,0.08313717906106896,0.00583003869559004,0.019929293939719407,0.005015241269534111,0.001311180326649169,0.001311180326649169,0.0,0.9984378914022274,0.012808941970197253,0.011497761643548085,0.9999460519837746,False
2.6277500000000003,1,167,168,1.5328200000000054,1.5328200000000056,2.220446049250313e-16,0.02079554393971946,0.02079554393971946,0.09006717906106912,0.08229546067797916,0.006263163695590067,0.02079554393971946,0.005015241269534111,0.0013285667793870256,0.0013285667793870256,0.0,0.9984777550949071,0.01281441431703794,0.011485847537650916,0.9999475872531639,False
2.65225,1,168,169,1.5405375000000054,1.5405375000000054,0.0,0.021760231439719502,0.021760231439719502,0.09001296067797918,0.08165553916988917,0.007227851195590048,0.021760231439719502,0.005015241269534111,0.0013440771074249363,0.0013440771074249363,0.0,0.9985902545535039,0.011006663814324621,0.009662586706899685,0.9999507749790009,False
2.67875,1,169,170,1.548885000000006,1.548885000000006,0.0,0.022803668939719572,0.022803668939719572,0.09000303916988964,0.08060218016179954,0.005961776609929911,0.022803668939719572,0.005015241269534111,0.0013702772083996385,0.0013702772083996385,0.0,0.9987690592197053,0.013216207390993676,0.011845930182594036,0.9999589663911321,False
2.70875,1,170,171,1.5583350000000062,1.5583350000000062,0.0,0.023984918939719626,0.023984918939719626,0.09005218016179983,0.08016651646620969,0.0065524016099299375,0.023984918939719626,0.005015241269534111,0.0014000302835793564,0.0014000302835793564,0.0,0.9985736820637588,0.013359649937892792,0.011959619654313436,0.9999514473358185,False
2.74,1,171,172,1.5681787500000066,1.5681787500000066,0.0,0.02521538768971969,0.02521538768971969,0.09001026646620999,0.08445220024341489,0.005558066222795101,0.02521538768971969,0.005015241269534111,0.0014284819787619707,0.0014284819787619707,0.0,0.9986915833037862,0.014088144415905862,0.012659662437143891,0.9999563501869128,False
2.75775,1,172,173,1.5737700000000068,1.5737700000000068,0.0,0.025914293939719724,0.025914293939719724,0.09004345024341509,0.08378647777062001,0.005690956847795118,0.025914293939719724,0.005015241269534111,0.0014530288485728835,0.0014530288485728835,0.0,0.9983709886105651,0.014239688734318988,0.012786659885746104,0.9999441692015832,False
2.7775,1,173,174,1.5799912500000073,1.5799912500000073,0.0,0.02669195018971977,0.02669195018971977,0.09000772777062029,0.08353911467282517,0.006079784972795141,0.02669195018971977,0.005015241269534111,0.0014642242484842094,0.0014642242484842094,0.0,0.9984246100976741,0.014390716398163361,0.012926492149679152,0.9999462964860298,False
2.79825,1,174,175,1.5865275000000074,1.5865275000000074,0.0,0.027508981439719814,0.027508981439719814,0.09007536467282537,0.08278972032503026,0.00533354455496502,0.027508981439719814,0.005015241269534111,0.0014914055985398914,0.0014914055985398914,0.0,0.9985230118546459,0.014688771899256728,0.013197366300716837,0.9999502324181222,False
2.82125,1,175,176,1.5937725000000071,1.5937725000000071,0.0,0.02841460643971985,0.02841460643971985,0.09003472032503032,0.0822322791022352,0.0057863570549650375,0.02841460643971985,0.005015241269534111,0.0015100660104891111,0.0015100660104891111,0.0,0.9983666511405218,0.014783347498899785,0.013273281488410674,0.9999442636611505,False
2.846,1,176,177,1.6015687500000078,1.6015687500000073,-4.440892098500626e-16,0.029389137689719902,0.029389137689719902,0.09002852910223538,0.08125155662944022,0.005978310179965069,0.029389137689719902,0.005015241269534111,0.0015347584051174697,0.0015347584051174697,0.0,0.998493393641436,0.014941953186709683,0.013407194781592214,0.9999492137379603,False
2.874,1,177,178,1.6103887500000076,1.6103887500000076,0.0,0.03049163768971996,0.03049163768971996,0.09007155662944036,0.08175535582447535,0.006529560179965098,0.03049163768971996,0.005015241269534111,0.0015660807986301055,0.0015660807986301055,0.0,0.9985619545690422,0.01506010611501922,0.013494025316389114,0.9999518739160801,False
2.90025,1,178,179,1.6186575000000079,1.6186575000000079,0.0,0.03152523143971999,0.015762615719859995,0.09002410582447556,0.0806743112695105,0.007563153929965093,0.015762615719859995,0.005015241269534111,0.001585675146369004,0.001585675146369004,0.0,0.9986542136926048,0.013219702222023982,0.011634027075654979,0.9999541103289209,False
2.93,1,179,180,1.6280287500000084,1.6280287500000084,0.0,0.016934021969860054,0.016934021969860054,0.09004556126951092,0.08501136711702836,0.005034194152482571,0.016934021969860054,0.005015241269534111,0.0015658087002307867,0.0015658087002307867,0.0,0.9988356023066874,0.015470079964413477,0.01390427126418269,0.9999625733965799,False
2.946,1,180,181,1.6330687500000085,1.6330687500000085,0.0,0.017564021969860087,0.017564021969860087,0.09005136711702859,0.08438717296454601,0.005349194152482588,0.017564021969860087,0.005015241269534111,0.001609965776029498,0.001609965776029498,0.0,0.9982005400196015,0.01584406731733936,0.014234101541309862,0.9999383884818003,False
2.964,1,181,182,1.6387387500000088,1.6387387500000088,0.0,0.018272771969860133,0.018272771969860133,0.0900571729645463,0.0839992288120637,0.0053122800899826055,0.018272771969860133,0.005015241269534111,0.001624483712312581,0.001624483712312581,0.0,0.9983181263811172,0.016047457549323352,0.01442297383701077,0.999943002476278,False
2.98325,1,182,183,1.644802500000009,1.644802500000009,0.0,0.019030740719860172,0.019030740719860172,0.09006297881206388,0.08324706590958131,0.005691264464982625,0.019030740719860172,0.005015241269534111,0.0016496877224197574,0.0016496877224197574,0.0,0.9983216772034801,0.01626120278972419,0.014611515067304433,0.9999432413618324,False
3.00475,1,183,184,1.6515750000000091,1.6515750000000091,0.0,0.019877303219860202,0.019877303219860202,0.09001956590958132,0.08310275456959876,0.005838920714982643,0.019877303219860202,0.005015241269534111,0.0016848685322022456,0.0016848685322022456,0.0,0.9984424814181285,0.01654248229454018,0.014857613762337936,0.9999480241554638,False
3.0267500000000003,1,184,185,1.6585050000000092,1.6585050000000092,0.0,0.020743553219860256,0.020743553219860256,0.09003275456959893,0.08224969322961635,0.00627204571498267,0.020743553219860256,0.005015241269534111,0.0016999031957563313,0.0016999031957563313,0.0,0.998481636364686,0.016505487787960918,0.014805584592204588,0.999949513236778,False
3.0515,1,185,186,1.6663012500000094,1.6663012500000094,0.0,0.02171808446986031,0.02171808446986031,0.09004594322961648,0.08166733501463386,0.0072465769649826635,0.02171808446986031,0.005015241269534111,0.0017164480892355046,0.0017164480892355046,0.0,0.9985957737536374,0.014716683014982454,0.013000234925746949,0.999952766250419,False
3.078,1,186,187,1.6746487500000096,1.6746487500000096,0.0,0.022761521969860362,0.022761521969860362,0.0900148350146342,0.08059278929965151,0.005951239867465104,0.022761521969860362,0.005015241269534111,0.0017383839029014106,0.0017383839029014106,0.0,0.998773694672184,0.01689482126475289,0.01515643736185148,0.9999609115506192,False
3.108,1,187,188,1.68409875000001,1.68409875000001,0.0,0.023942771969860416,0.023942771969860416,0.09004278929965179,0.08013839983466906,0.006541864867465131,0.023942771969860416,0.005015241269534111,0.0017595746059474063,0.0017595746059474063,0.0,0.9985733574159059,0.016956303122332497,0.01519672851638509,0.9999531581631937,False
3.1395,1,188,189,1.6940212500000102,1.6940212500000102,0.0,0.025183084469860492,0.025183084469860492,0.09006089983466944,0.08448854885217803,0.005572350982491407,0.025183084469860492,0.005015241269534111,0.0017883527807244987,0.0017883527807244987,0.0,0.9986932541500154,0.017691753231425834,0.015903400450701335,0.9999581347272621,False
3.157,1,189,190,1.6995337500000103,1.6995337500000103,0.0,0.025872146969860513,0.025872146969860513,0.09000104885217816,0.08373963536968676,0.005700319732491417,0.025872146969860513,0.005015241269534111,0.0018117444165983007,0.0018117444165983007,0.0,0.9983739428461026,0.017830229094988777,0.016018484678390475,0.9999460088854187,False
3.177,1,190,191,1.7058337500000107,1.7058337500000107,0.0,0.026659646969860555,0.026659646969860555,0.09003963536968701,0.08355181563719559,0.006094069732491438,0.026659646969860555,0.005015241269534111,0.0018230764052435872,0.0018230764052435872,0.0,0.9984310897372164,0.01799021838880499,0.016167141983561402,0.9999482755974213,False
3.1975000000000002,1,191,192,1.712291250000011,1.7122912500000111,2.220446049250313e-16,0.027466834469860604,0.027466834469860604,0.09000931563719583,0.08271430840470442,0.005328276183732617,0.027466834469860604,0.005015241269534111,0.0018449711051135775,0.0018449711051135775,0.0,0.9985257353150089,0.018239544024552495,0.016394572919438917,0.9999520447790412,False
3.2207500000000002,1,192,193,1.719615000000011,1.719615000000011,0.0,0.02838230321986065,0.02838230321986065,0.09003805840470458,0.08222133242221316,0.00578601055873264,0.02838230321986065,0.005015241269534111,0.0018539740011575883,0.0018539740011575883,0.0,0.9983695737301331,0.01822578780599838,0.01637181380484079,0.999946032397427,False
3.2455000000000003,1,193,194,1.7274112500000112,1.7274112500000112,0.0,0.029356834469860704,0.029356834469860704,0.09001758242221333,0.08122632518972187,0.0059779636837326705,0.029356834469860704,0.005015241269534111,0.001865869201911714,0.001865869201911714,0.0,0.9984949713385727,0.01824959984950312,0.016383730647591403,0.9999508669451733,False
3.2735,1,194,195,1.7362312500000112,1.7362312500000112,0.0,0.030459334469860763,0.030459334469860763,0.090046325189722,0.08172554900598936,0.0065292136837327,0.030459334469860763,0.005015241269534111,0.0018904956934016448,0.0018904956934016448,0.0,0.9985635031934961,0.018311943218950105,0.01642144752554846,0.9999534933738543,False
3.3000000000000003,1,195,196,1.7445787500000116,1.7445787500000116,0.0,0.03150277196986079,0.015751385984930394,0.09007304900598954,0.08070883532225687,0.007572651183732689,0.015751385984930394,0.005015241269534111,0.001905659409394436,0.001905659409394436,0.0,0.9986575039838709,0.01642150685048356,0.014515847441089125,0.9999557715980106,False
3.3295,1,196,197,1.753871250000012,1.753871250000012,0.0,0.016912948484930457,0.016912948484930457,0.09000133532225735,0.08496731441789097,0.005034020904366373,0.016912948484930457,0.005015241269534111,0.0018645472193858435,0.0018645472193858435,0.0,0.9988370414078893,0.018457986780862794,0.01659343956147695,0.9999640569907022,False
3.3455,1,197,198,1.7589112500000121,1.7589112500000121,0.0,0.01754294848493049,0.01754294848493049,0.0900073144178912,0.08434329351352485,0.005349020904366389,0.01754294848493049,0.005015241269534111,0.0019105583018405516,0.0019105583018405516,0.0,0.9982019892727372,0.018865752035141195,0.016955193733300643,0.9999398968564396,False
3.3635,1,198,199,1.7645812500000122,1.7645812500000122,0.0,0.01825169848493052,0.01825169848493052,0.09001329351352498,0.0839555226091586,0.005312106841866398,0.01825169848493052,0.005015241269534111,0.0019255574211492817,0.0019255574211492817,0.0,0.9983195841393814,0.019060701755585628,0.017135144334436345,0.999944506900382,False
3.38275,1,199,200,1.7706450000000125,1.7706450000000125,0.0,0.01900966723493056,0.01900966723493056,0.09001927260915878,0.08320353295479241,0.005691091216866418,0.01900966723493056,0.005015241269534111,0.0019422002480489326,0.0019422002480489326,0.0,0.9983230928661262,0.01918496301579841,0.017242762767749477,0.9999447018743367,False
3.4045,1,200,201,1.7774962500000127,1.7774962500000124,-2.220446049250313e-16,0.0198660734849306,0.0198660734849306,0.09005478295479255,0.08312830111292616,0.005843669341866441,0.0198660734849306,0.005015241269534111,0.001972980603283257,0.001972980603283257,0.0,0.9984462356072645,0.019437007199434884,0.01746402659615163,0.9999495613684974,False
3.4265,1,201,202,1.7844262500000128,1.784426250000013,2.220446049250313e-16,0.020732323484930655,0.020732323484930655,0.09005830111292634,0.08226556927105995,0.006276794341866468,0.020732323484930655,0.005015241269534111,0.0019852143825280773,0.0019852143825280773,0.0,0.9984841433318105,0.019380307304963956,0.01739509292243588,0.9999509937547599,False
3.45125,1,202,203,1.7922225000000132,1.7922225000000132,0.0,0.021706854734930708,0.021706854734930708,0.09006181927106008,0.08167354055419365,0.0072513255918664615,0.021706854734930708,0.005015241269534111,0.0019878608342257034,0.0019878608342257034,0.0,0.9985980544662045,0.01740286692307176,0.015415006088846057,0.9999541403776881,False
3.47775,1,203,204,1.8005700000000133,1.8005700000000133,0.0,0.02275029223493076,0.02275029223493076,0.09002104055419399,0.08058932433732749,0.005948432433732703,0.02275029223493076,0.005015241269534111,0.001997176609183686,0.001997176609183686,0.0,0.9987756939964727,0.019501369467857896,0.01750419285867421,0.999962238943106,False
3.50775,1,204,205,1.8100200000000135,1.8100200000000135,0.0,0.023931542234930814,0.023931542234930814,0.09003932433732778,0.08013018624546125,0.00653905743373273,0.023931542234930814,0.005015241269534111,0.0020126143329078842,0.0020126143329078842,0.0,0.9985740534875986,0.019481523210878274,0.01746890887797039,0.9999543931827911,False
3.53925,1,205,206,1.819942500000014,1.819942500000014,0.0,0.025171854734930874,0.025171854734930874,0.09005268624546148,0.0844779609495282,0.005574725295933297,0.025171854734930874,0.005015241269534111,0.0020275574387125512,0.0020275574387125512,0.0,0.9986939654034088,0.020091886701229453,0.0180643292625169,0.9999593046707705,False
3.557,1,206,207,1.8255337500000142,1.8255337500000142,0.0,0.025870760984930925,0.025870760984930925,0.09006921094952855,0.08379557940359525,0.005707615920933322,0.025870760984930925,0.005015241269534111,0.0020509372529391246,0.0020509372529391246,0.0,0.9983783260489314,0.0202314928934752,0.018180555640536077,0.9999473315965809,False
3.57675,1,207,208,1.8317550000000142,1.8317550000000142,0.0,0.026648417234930954,0.026648417234930954,0.09001682940359539,0.08353155723266208,0.0060964440459333365,0.026648417234930954,0.005015241269534111,0.002044614394412692,0.002044614394412692,0.0,0.9984315788528288,0.020203834598233966,0.018159220203821276,0.9999493589237117,False
3.5975,1,208,209,1.8382912500000144,1.8382912500000146,2.220446049250313e-16,0.027465448484930998,0.027465448484930998,0.09006780723266229,0.082765503811729,0.005331794341866414,0.027465448484930998,0.005015241269534111,0.0020584593493534076,0.0020584593493534076,0.0,0.9985294257332081,0.020386550516237188,0.018328091166883782,0.999953219525412,False
3.6205000000000003,1,209,210,1.8455362500000148,1.8455362500000148,0.0,0.02837107348493105,0.02837107348493105,0.09001050381172919,0.08219140351579586,0.00578460684186644,0.02837107348493105,0.005015241269534111,0.0020792965414192176,0.0020792965414192176,0.0,0.9983690385022229,0.020488227439829226,0.01840893089841001,0.9999471004998379,False
3.6455,1,210,211,1.8534112500000148,1.8534112500000148,0.0,0.029355448484931098,0.029355448484931098,0.090066403515796,0.08126292821986263,0.005981481841866468,0.029355448484931098,0.005015241269534111,0.0020751094686397927,0.0020751094686397927,0.0,0.998497906689186,0.020325811567045583,0.01825070209840579,0.9999519795766105,False
3.67325,1,211,212,1.8621525000000152,1.8621525000000152,0.0,0.03044810473493116,0.03044810473493116,0.0900041782198628,0.08168972762799637,0.0065278099668665,0.03044810473493116,0.005015241269534111,0.0020863240732284924,0.0020863240732284924,0.0,0.9985631872351725,0.020288211469777773,0.01820188739654928,0.9999544284792911,False
3.69975,1,212,213,1.8705000000000152,1.870500000000015,-2.220446049250313e-16,0.03149154223493118,0.01574577111746559,0.09003722762799654,0.08067933953613007,0.00757124746686649,0.01574577111746559,0.005015241269534111,0.002084768006201438,0.002084768006201438,0.0,0.998658143342031,0.018206137594443228,0.01612136958824179,0.9999566500297812,False
3.7295000000000003,1,213,214,1.8798712500000159,1.8798712500000159,0.0,0.01691717736746565,0.01691717736746565,0.0900505895361305,0.08501234861519723,0.005038240920933269,0.01691717736746565,0.005015241269534111,0.0020314423064894858,0.0020314423064894858,0.0,0.9988390046456231,0.02012100462481487,0.018089562318325387,0.9999649276877272,False
3.7455000000000003,1,214,215,1.884911250000016,1.884911250000016,0.0,0.017547177367465683,0.017547177367465683,0.09005234861519745,0.08438410769426419,0.005353240920933286,0.017547177367465683,0.005015241269534111,0.002068699473540917,0.002068699473540917,0.0,0.9982041277549415,0.020472947682102977,0.018404248208562058,0.9999407518217427,False
3.7635,1,215,216,1.890581250000016,1.890581250000016,0.0,0.018255927367465712,0.018255927367465712,0.09005410769426433,0.08399211677333107,0.005313865920933297,0.018255927367465712,0.005015241269534111,0.0020951894262546725,0.0020951894262546725,0.0,0.9983216099091429,0.020764972587321302,0.01866978316106663,0.9999454037446103,False
3.78275,1,216,217,1.8966450000000161,1.8966450000000161,0.0,0.01901389611746575,0.01901389611746575,0.09005586677333124,0.08323590710239798,0.005692850295933316,0.01901389611746575,0.005015241269534111,0.002105274231517145,0.002105274231517145,0.0,0.9983243989721581,0.020799188711290766,0.01869391447977362,0.9999455281203384,False
3.80425,1,217,218,1.9034175000000164,1.9034175000000164,0.0,0.019860458617465798,0.019860458617465798,0.09000840710239816,0.08309000993146487,0.00584296748343334,0.019860458617465798,0.005015241269534111,0.0021167199677267962,0.0021167199677267962,0.0,0.9984450217196403,0.02089195774836556,0.018775237780638762,0.999950215262593,False
3.82625,1,218,219,1.9103475000000165,1.9103475000000165,0.0,0.020726708617465853,0.020726708617465853,0.09002000993146504,0.08223536276053175,0.006276092483433368,0.020726708617465853,0.005015241269534111,0.0021291416524236535,0.0021291416524236535,0.0,0.9984847026901496,0.020837557768112885,0.01870841611568923,0.9999517173135248,False
3.851,1,219,220,1.9181437500000167,1.9181437500000167,0.0,0.021701239867465905,0.021701239867465905,0.09003161276053188,0.08165141871459855,0.007250623733433361,0.021701239867465905,0.005015241269534111,0.0021380608894177354,0.0021380608894177354,0.0,0.9985986685713361,0.01888530476696905,0.016747243877551315,0.9999548744734741,False
3.8777500000000003,1,220,221,1.926570000000017,1.926570000000017,0.0,0.022754521117465953,0.022754521117465953,0.09007766871459885,0.08064419341866547,0.0059519505918665,0.022754521117465953,0.005015241269534111,0.0021232901024712133,0.0021232901024712133,0.0,0.998777683451624,0.02076343639793518,0.01864014629546397,0.9999629206057281,False
3.9075,1,221,222,1.9359412500000173,1.9359412500000173,0.0,0.023925927367466012,0.023925927367466012,0.09001544341866578,0.08010700718523234,0.00653765371686653,0.023925927367466012,0.005015241269534111,0.002141091240562663,0.002141091240562663,0.0,0.9985734188904409,0.02077053475257272,0.018629443512010055,0.9999549854492715,False
3.939,1,222,223,1.9458637500000178,1.9458637500000178,0.0,0.02516623986746607,0.02516623986746607,0.09002950718523259,0.08445513281851584,0.005574374366716747,0.02516623986746607,0.005015241269534111,0.002146636718901268,0.002146636718901268,0.0,0.9986943189987258,0.021280248285718152,0.019133611566816883,0.9999598838351136,False
3.95675,1,223,224,1.951455000000018,1.951455000000018,0.0,0.025865146117466122,0.025865146117466122,0.0900463828185162,0.08377310220179944,0.005707264991716771,0.025865146117466122,0.005015241269534111,0.0021693468138081675,0.0021693468138081675,0.0,0.9983788281338566,0.021434203801958887,0.019264856988150718,0.999947928974279,False
3.97675,1,224,225,1.9577550000000181,1.957755000000018,-2.220446049250313e-16,0.026652646117466147,0.026652646117466147,0.09007310220179954,0.08357833721008279,0.0061010149917167834,0.026652646117466147,0.005015241269534111,0.0021566720616946387,0.0021566720616946387,0.0,0.9984344478552675,0.021311626756932614,0.019154954695237977,0.9999500015029504,False
3.99725,1,225,226,1.9642125000000183,1.9642125000000183,0.0,0.027459833617466196,0.027459833617466196,0.09003583721008304,0.08273388471836629,0.0053286315459333145,0.027459833617466196,0.005015241269534111,0.0021580265729934495,0.0021580265729934495,0.0,0.9985287951846451,0.02135980459872818,0.019201778025734733,0.9999536634817603,False
4.0205,1,226,227,1.9715362500000186,1.9715362500000186,0.0,0.02837530236746626,0.02837530236746626,0.09005763471836668,0.08223396347664987,0.005786365920933347,0.02837530236746626,0.005015241269534111,0.002176358538028127,0.002176358538028127,0.0,0.9983712804999444,0.02148226792283322,0.019305909384805094,0.9999476650667234,False
4.04525,1,227,228,1.9793325000000188,1.9793325000000188,0.0,0.02934983361746628,0.02934983361746628,0.0900302134766499,0.08123201098493307,0.005980779983433359,0.02934983361746628,0.005015241269534111,0.0021816910819345745,0.0021816910819345745,0.0,0.99849663197252,0.021390885604063818,0.019209194522129245,0.9999524432232488,False
4.07325,1,228,229,1.988152500000019,1.988152500000019,0.0,0.030452333617466354,0.030452333617466354,0.0900520109849335,0.0817308794390001,0.006532029983433397,0.030452333617466354,0.005015241269534111,0.002170611609183725,0.002170611609183725,0.0,0.9985654765529817,0.02113064364529578,0.018960032036112056,0.9999549202414001,False
4.09975,1,229,230,1.9965000000000193,1.9965000000000193,0.0,0.031495771117466306,0.015747885558733153,0.09007837943900018,0.08071381039306677,0.007575467483433401,0.015747885558733153,0.005015241269534111,0.0021735546532852396,0.0021735546532852396,0.0,0.9986593406388756,0.019067193181973474,0.016893638528688235,0.9999571090943281,False
4.12925,1,230,231,2.00579250000002,2.00579250000002,0.0,0.016909448058733234,0.016909448058733234,0.09000631039306739,0.08497211180760064,0.005034198585466747,0.016909448058733234,0.005015241269534111,0.002104414257877082,0.002104414257877082,0.0,0.9988386127968929,0.020864837424467333,0.01876042316659025,0.999965267653673,False
4.14525,1,231,232,2.0108325000000202,2.0108325000000202,0.0,0.017539448058733267,0.017539448058733267,0.0900121118076009,0.08434791322213414,0.005349198585466764,0.017539448058733267,0.005015241269534111,0.00212977879549875,0.00212977879549875,0.0,0.9982031457302579,0.021090631501277234,0.018960852705778485,0.9999410111797071,False
4.16325,1,232,233,2.0165025000000205,2.01650250000002,-4.440892098500626e-16,0.018248198058733296,0.018248198058733296,0.09001791322213432,0.08395996463666755,0.005313514991716779,0.018248198058733296,0.005015241269534111,0.0021677487950089755,0.0021677487950089755,0.0,0.9983208461325643,0.02151353905418986,0.019345790259180883,0.9999457341974921,False
4.1825,1,233,234,2.022566250000021,2.022566250000021,0.0,0.019006166808733353,0.019006166808733353,0.09002371463666793,0.08320779730120113,0.005692499366716807,0.019006166808733353,0.005015241269534111,0.0021860488288901803,0.0021860488288901803,0.0,0.9983247063643764,0.021609398311335543,0.01942334948244536,0.9999459292515895,False
4.20425,1,234,235,2.029417500000021,2.029417500000021,0.0,0.019862573058733395,0.019862573058733395,0.09005904730120136,0.08313115730948453,0.005845077491716817,0.019862573058733395,0.005015241269534111,0.002182112239349904,0.002182112239349904,0.0,0.9984476193965912,0.021538124348681922,0.019356012109332018,0.9999506260092257,False
4.22625,1,235,236,2.036347500000021,2.036347500000021,0.0,0.020728823058733414,0.020728823058733414,0.09006115730948455,0.08226701731776773,0.006278202491716827,0.020728823058733414,0.005015241269534111,0.0021893558963206753,0.0021893558963206753,0.0,0.9984854851714613,0.02142630555485478,0.019236949658534105,0.9999520308778065,False
4.251,1,236,237,2.0441437500000212,2.0441437500000212,0.0,0.021703354308733467,0.021703354308733467,0.09006326731776801,0.08167358045105116,0.00725273374171685,0.021703354308733467,0.005015241269534111,0.002203548270475422,0.002203548270475422,0.0,0.9985994068507023,0.01955436562885947,0.017350817358384046,0.9999552238096953,False
4.2775,1,237,238,2.0524912500000214,2.052491250000022,4.440892098500626e-16,0.022746791808733537,0.022746791808733537,0.09002108045105167,0.08058795608433475,0.005947557327183402,0.022746791808733537,0.005015241269534111,0.0021857534254266084,0.0021857534254266084,0.0,0.9987768478934433,0.02136100524684873,0.019175251821422122,0.9999631757383799,False
4.3075,1,238,239,2.0619412500000225,2.0619412500000225,0.0,0.02392804180873361,0.02392804180873361,0.09003795608433525,0.08012740984261828,0.0065381823271834375,0.02392804180873361,0.005015241269534111,0.002195443033638011,0.002195443033638011,0.0,0.9985747891343716,0.021323708513623127,0.019128265479985116,0.9999553030393437,False
4.339,1,239,240,2.0718637500000225,2.0718637500000225,0.0,0.02516835430873365,0.02516835430873365,0.09004990984261849,0.08447448047175998,0.005575429370858506,0.02516835430873365,0.005015241269534111,0.002204405386334289,0.002204405386334289,0.0,0.9986946961757032,0.02186603007349714,0.01966162468716285,0.9999601779430947,False
4.35675,1,240,241,2.0774550000000227,2.077455000000023,4.440892098500626e-16,0.0258672605587337,0.0258672605587337,0.09006573047176036,0.08379139485090184,0.0057083199958585336,0.0258672605587337,0.005015241269534111,0.002220699958821219,0.002220699958821219,0.0,0.9983793599601367,0.02197139920191893,0.01975069924309771,0.9999482076303686,False
4.3765,1,241,242,2.0836762500000234,2.0836762500000234,0.0,0.026644916808733748,0.026644916808733748,0.09001264485090216,0.0835266686050436,0.006097148120858557,0.026644916808733748,0.005015241269534111,0.002220772698708202,0.002220772698708202,0.0,0.9984326331178518,0.021948231593946536,0.019727458895238335,0.9999502374161632,False
4.39725,1,242,243,2.090212500000024,2.090212500000024,0.0,0.027461948058733775,0.027461948058733775,0.09006291860504376,0.08275991110918518,0.0053313567885917915,0.027461948058733775,0.005015241269534111,0.0022164383641492817,0.0022164383641492817,0.0,0.9985303696409239,0.021929602036133276,0.019713163671983995,0.9999539976035088,False
4.42025,1,243,244,2.097457500000024,2.097457500000024,0.0,0.02836757305873381,0.02836757305873381,0.09000491110918535,0.0821851067383268,0.005784169288591809,0.02836757305873381,0.005015241269534111,0.0022106219772230285,0.0022106219772230285,0.0,0.9983695808593228,0.02183308558201763,0.019622463604794603,0.9999477686855861,False
4.44525,1,244,245,2.1053325000000243,2.1053325000000243,0.0,0.029351948058733875,0.029351948058733875,0.09006010673832719,0.08125592736746856,0.005981044288591832,0.029351948058733875,0.005015241269534111,0.002226409994457185,0.002226409994457185,0.0,0.998498566522148,0.02186123331699833,0.019634823322541146,0.9999527440360683,False
4.47325,1,245,246,2.1141525000000247,2.1141525000000247,0.0,0.03045444805873395,0.03045444805873395,0.090075927367469,0.08175207057887711,0.00653229428859187,0.03045444805873395,0.005015241269534111,0.002217799099167146,0.002217799099167146,0.0,0.9985657678641778,0.02158643116566708,0.019368632066499934,0.9999551507491193,False
4.4995,1,246,247,2.1224212500000244,2.1224212500000244,0.0,0.03148804180873389,0.015744020904366943,0.0900208205788771,0.08066337004028519,0.007565888038591861,0.015744020904366943,0.005015241269534111,0.00223191353082914,0.00223191353082914,0.0,0.9986579214432336,0.019655125684536076,0.017423212153706936,0.9999573391069537,False
4.52925,1,247,248,2.1317925000000253,2.1317925000000253,0.0,0.016915427154367037,0.016915427154367037,0.09003462004028592,0.08499659789598991,0.005038022144296003,0.016915427154367037,0.005015241269534111,0.0021325184672264003,0.0021325184672264003,0.0,0.9988387883078352,0.021166285962497602,0.019033767495271203,0.9999654186550563,False
4.54525,1,248,249,2.1368325000000254,2.1368325000000254,0.0,0.017545427154367035,0.017545427154367035,0.09003659789598989,0.0843685757516939,0.005353022144296002,0.017545427154367035,0.005015241269534111,0.002162664263973321,0.002162664263973321,0.0,0.9982045309336309,0.021411430304614086,0.019248766040640766,0.9999412185371238,False
4.56325,1,249,250,2.1425025000000257,2.1425025000000257,0.0,0.0182541771543671,0.0182541771543671,0.09003857575169437,0.08397680360739833,0.005313647144296016,0.0182541771543671,0.005015241269534111,0.0022012865609724484,0.0022012865609724484,0.0,0.9983220800369107,0.021869183616469903,0.019667897055497454,0.9999459526149229,False
4.5825000000000005,1,250,251,2.1485662500000258,2.1485662500000258,0.0,0.01901214590436712,0.01901214590436712,0.09004055360739843,0.08322081271310239,0.005692631519296026,0.01901214590436712,0.005015241269534111,0.0022294523688418805,0.0022294523688418805,0.0,0.9983249602401535,0.022065177981035793,0.019835725612193912,0.9999461580372565,False
4.60425,1,251,252,2.155417500000026,2.155417500000026,0.0,0.019868552154367163,0.019868552154367163,0.09007206271310261,0.08314404056880659,0.005845209644296036,0.019868552154367163,0.005015241269534111,0.002222512957868655,0.002222512957868655,0.0,0.9984478542943838,0.021926377373018162,0.019703864415149507,0.9999508215057277,False
4.62625,1,252,253,2.1623475000000263,2.1623475000000263,0.0,0.020734802154367217,0.020734802154367217,0.09007404056880688,0.08227976842451083,0.0062783346442960635,0.020734802154367217,0.005015241269534111,0.0022248890014330844,0.0022248890014330844,0.0,0.9984856941071927,0.021767918476163453,0.01954302947473037,0.9999522033221939,False
4.651,1,253,254,2.1701437500000265,2.1701437500000265,0.0,0.02170933340436727,0.02170933340436727,0.0900760184245111,0.081686199405215,0.007252865894296087,0.02170933340436727,0.005015241269534111,0.0022347206751336416,0.0022347206751336416,0.0,0.9985995882958654,0.01988264511644844,0.017647924441314796,0.999955388337691,False
4.6775,1,254,255,2.178491250000027,2.178491250000027,0.0,0.02275277090436734,0.02275277090436734,0.09003369940521552,0.08060044288591933,0.005949052101091853,0.02275277090436734,0.005015241269534111,0.0022338387742526157,0.0022338387742526157,0.0,0.9987771089749193,0.021839629874985937,0.019605791100733322,0.9999634164433227,False
4.7075000000000005,1,255,256,2.1879412500000273,2.1879412500000273,0.0,0.023934020904367376,0.023934020904367376,0.09005044288591955,0.08013976449162337,0.006539677101091871,0.023934020904367376,0.005015241269534111,0.0022279945287357705,0.0022279945287357705,0.0,0.9985752533379663,0.02164772232197515,0.019419727793239378,0.9999554763570403,False
4.739,1,256,257,2.1978637500000278,2.1978637500000278,0.0,0.025174333404367453,0.025174333404367453,0.09006226449162386,0.08448676904447572,0.005575495447148133,0.025174333404367453,0.005015241269534111,0.0022376806807845456,0.0022376806807845456,0.0,0.998695114596958,0.022210127613509878,0.019972446932725332,0.9999603582161923,False
4.75675,1,257,258,2.203455000000028,2.203455000000028,0.0,0.02587323965436747,0.02587323965436747,0.09007801904447585,0.08380361734732772,0.005708386072148135,0.02587323965436747,0.005015241269534111,0.002249433308154527,0.002249433308154527,0.0,0.9983795213563115,0.0222709830038212,0.020021549695666673,0.9999483578679544,False
4.7765,1,258,259,2.209676250000028,2.209676250000028,0.0,0.026650895904367516,0.026650895904367516,0.09002486734732804,0.08353882502517987,0.006097214197148158,0.026650895904367516,0.005015241269534111,0.0022605544547151927,0.0022605544547151927,0.0,0.9984328480693301,0.022362935996488496,0.020102381541773302,0.9999504448549609,False
4.79725,1,259,260,2.2162125000000286,2.2162125000000286,0.0,0.027467927154367577,0.027467927154367577,0.0900750750251803,0.0827720014530321,0.005332104175546017,0.027467927154367577,0.005015241269534111,0.0022585373802065612,0.0022585373802065612,0.0,0.9985305948710052,0.022350684691778068,0.020092147311571506,0.9999542083984612,False
4.82025,1,260,261,2.2234575000000287,2.2234575000000287,0.0,0.028373552154367612,0.028373552154367612,0.09001700145303226,0.08219713100588408,0.005784916675546034,0.028373552154367612,0.005015241269534111,0.002240272895385908,0.002240272895385908,0.0,0.9983699270233614,0.022112026134544195,0.019871753239158286,0.999947916121267,False
4.84525,1,261,262,2.231332500000029,2.231332500000029,0.0,0.029357927154367677,0.029357927154367677,0.09007213100588446,0.08126788555873621,0.005981791675546066,0.029357927154367677,0.005015241269534111,0.0022513344735269566,0.0022513344735269566,0.0,0.9984988581544242,0.022126014558574485,0.019874680085047527,0.9999528828323081,False
4.873,1,262,263,2.24007375000003,2.24007375000003,0.0,0.03045058340436774,0.03045058340436774,0.09000913555873655,0.08169437513319044,0.006528119800546098,0.03045058340436774,0.005015241269534111,0.0022608106428413147,0.0022608106428413147,0.0,0.9985641249035885,0.022014956047520226,0.019754145404678913,0.9999552939417178,False
4.8995,1,263,264,2.2484212500000296,2.2484212500000296,0.0,0.03149402090436769,0.015747010452183845,0.09004187513319054,0.08068367720764438,0.0075715573005461015,0.015747010452183845,0.005015241269534111,0.0022654794502340557,0.0022654794502340557,0.0,0.9986591015166378,0.020014890168829777,0.01774941071859572,0.9999575574807853,False
4.92925,1,264,265,2.25779250000003,2.25779250000003,0.0,0.016918416702183903,0.016918416702183903,0.09005492720764484,0.08501653136987174,0.005038395837773098,0.016918416702183903,0.005015241269534111,0.0021442358180175005,0.0021442358180175005,0.0,0.9988396060016195,0.021287141393315404,0.0191429055752979,0.9999655072697249,False
4.94525,1,265,266,2.2628325000000302,2.2628325000000302,0.0,0.017548416702183937,0.017548416702183937,0.09005653136987199,0.08438813553209887,0.005353395837773114,0.017548416702183937,0.005015241269534111,0.0021885819540780637,0.0021885819540780637,0.0,0.9982047806596883,0.02166130830130649,0.019472726347228426,0.9999413481529543,False
4.96325,1,266,267,2.2685025000000305,2.2685025000000305,0.0,0.018257166702183966,0.018257166702183966,0.09005813553209907,0.08399598969432595,0.005314020837773115,0.018257166702183966,0.005015241269534111,0.0022210763596433427,0.0022210763596433427,0.0,0.9983222835267997,0.022074553095805187,0.019853476736161845,0.9999460591997192,False
4.9825,1,267,268,2.274566250000031,2.274566250000031,0.0,0.019015135452184022,0.019015135452184022,0.09005973969432632,0.08323962510655317,0.005693005212773143,0.019015135452184022,0.005015241269534111,0.0022514594214793626,0.0022514594214793626,0.0,0.9983251742285564,0.0222999789167233,0.020048519495243937,0.9999462792202676,False
5.0040000000000004,1,268,269,2.281338750000031,2.281338750000031,0.0,0.01986169795218405,0.01986169795218405,0.0900121251065533,0.08309357301878015,0.005843122400273151,0.01986169795218405,0.005015241269534111,0.0022620319814679987,0.0022620319814679987,0.0,0.9984457885742791,0.022317206300760818,0.02005517431929282,0.9999509299023831,False
5.026,1,269,270,2.2882687500000314,2.2882687500000314,0.0,0.020727947952184106,0.020727947952184106,0.09002357301878046,0.08223877093100727,0.006276247400273178,0.020727947952184106,0.005015241269534111,0.0022642970523380312,0.0022642970523380312,0.0,0.9984854172195564,0.02215226854216166,0.019887971489823627,0.9999523775734334,False
5.05075,1,270,271,2.2960650000000316,2.2960650000000316,0.0,0.02170247920218416,0.02170247920218416,0.09003502093100754,0.08165467196823434,0.007250778650273201,0.02170247920218416,0.005015241269534111,0.002257205459967099,0.002257205459967099,0.0,0.9985992943302797,0.020107095015117482,0.017849889555150385,0.9999554849733309,False
5.07725,1,271,272,2.3044125000000317,2.3044125000000317,0.0,0.022745916702184194,0.022745916702184194,0.09000217196823458,0.08057838550546133,0.0059473385505460575,0.022745916702184194,0.005015241269534111,0.002267626243086247,0.002267626243086247,0.0,0.9987769665820883,0.022198698244746753,0.019931072001660506,0.9999635834036366,False
5.1072500000000005,1,272,273,2.3138625000000324,2.3138625000000324,0.0,0.023927166702184265,0.023927166702184265,0.09002838550546183,0.08011979435518853,0.006537963550546093,0.023927166702184265,0.005015241269534111,0.0022577543826594925,0.0022577543826594925,0.0,0.9985750572062753,0.02193598620073759,0.0196782318180781,0.9999556071400298,False
5.13875,1,273,274,2.323785000000033,2.323785000000033,0.0,0.02516747920218434,0.02516747920218434,0.09004229435518901,0.08446784253005232,0.00557445182513669,0.02516747920218434,0.005015241269534111,0.00226170395294842,0.00226170395294842,0.0,0.9986949439150321,0.022450526062466454,0.020188822109518036,0.999960465889704,False
5.1565,1,274,275,2.329376250000033,2.329376250000033,0.0,0.025866385452184358,0.025866385452184358,0.09005909253005243,0.08378573445491574,0.005707342450136692,0.025866385452184358,0.005015241269534111,0.00227117747593347,0.00227117747593347,0.0,0.9983793591909443,0.02248815157220512,0.020216974096271653,0.9999484560650552,False
5.1762500000000005,1,275,276,2.3355975000000333,2.3355975000000333,0.0,0.026644041702184405,0.026644041702184405,0.09000698445491606,0.08352198575477936,0.006096170575136715,0.026644041702184405,0.005015241269534111,0.0022863277579158064,0.0022863277579158064,0.0,0.9984327226848994,0.02263945211175175,0.020353124353835943,0.9999505730730431,False
5.197,1,276,277,2.342133750000034,2.342133750000034,0.0,0.027461072952184466,0.027461072952184466,0.09005823575477978,0.08275620580464303,0.005331247400273137,0.027461072952184466,0.005015241269534111,0.0022924312765189173,0.0022924312765189173,0.0,0.998530540545499,0.022706631577001972,0.020414200300483056,0.9999543775029438,False
5.22,1,277,278,2.349378750000034,2.3493787500000343,4.440892098500626e-16,0.0283666979521845,0.0283666979521845,0.0900012058046432,0.08218237897950643,0.005784059900273154,0.0283666979521845,0.005015241269534111,0.0022750950536954114,0.0022750950536954114,0.0,0.9983698764394423,0.022443316579574213,0.020168221525878802,0.9999480734741826,False
5.245,1,278,279,2.3572537500000346,2.3572537500000346,0.0,0.029351072952184566,0.029351072952184566,0.09005737897950684,0.08125417715437001,0.0059809349002731774,0.029351072952184566,0.005015241269534111,0.0022715285084404673,0.0022715285084404673,0.0,0.9984987679881562,0.02232290905588223,0.020051380547441763,0.9999529743149679,False
5.273,1,279,280,2.3660737500000346,2.3660737500000346,0.0,0.030453572952184607,0.030453572952184607,0.09007417715437017,0.08175042975409696,0.006532184900273198,0.030453572952184607,0.005015241269534111,0.002290719205355609,0.002290719205355609,0.0,0.9985661103489635,0.022326379415924857,0.02003566021056925,0.9999555197840785,False
5.29925,1,280,281,2.3743425000000347,2.3743425000000347,0.0,0.03148716670218458,0.01574358335109229,0.09001917975409723,0.08066183860382398,0.007565778650273225,0.01574358335109229,0.005015241269534111,0.0022806150258127744,0.0022806150258127744,0.0,0.9986581427433493,0.020191459331985975,0.0179108443061732,0.9999576050979301,False
5.329,1,281,282,2.383713750000035,2.383713750000035,0.0,0.016914989601092348,0.016914989601092348,0.09003308860382443,0.08499512115368778,0.005037967450136657,0.016914989601092348,0.005015241269534111,0.002157774250168035,0.002157774250168035,0.0,0.998838899275045,0.02140245465388662,0.019244680403718586,0.9999655348546924,False
5.345,1,282,283,2.3887537500000358,2.3887537500000358,0.0,0.01754498960109238,0.01754498960109238,0.09003512115368803,0.08436715370355136,0.005352967450136674,0.01754498960109238,0.005015241269534111,0.0022114406582692523,0.0022114406582692523,0.0,0.9982047590964317,0.021882625582846753,0.0196711849245775,0.9999414536804214,False
5.363,1,283,284,2.394423750000036,2.394423750000036,0.0,0.01825373960109241,0.01825373960109241,0.09003715370355153,0.08397543625341486,0.005313592450136671,0.01825373960109241,0.005015241269534111,0.0022375785439491687,0.0022375785439491687,0.0,0.9983222472032741,0.022234692417396555,0.019997113873447388,0.9999461348485161,False
5.38225,1,284,285,2.400487500000036,2.400487500000036,0.0,0.019011708351092466,0.019011708351092466,0.09003918625341524,0.08321950005327852,0.005692576825136699,0.019011708351092466,0.005015241269534111,0.0022705748446893124,0.0022705748446893124,0.0,0.9983251507482732,0.022506434681606166,0.020235859836916854,0.9999463777926219,False
5.404,1,285,286,2.4073387500000365,2.4073387500000365,0.0,0.01986811460109251,0.01986811460109251,0.09007075005327876,0.08314278260314203,0.0058451549501367175,0.01986811460109251,0.005015241269534111,0.002294529503748893,0.002294529503748893,0.0,0.9984482018440513,0.022651124003567752,0.02035659449981886,0.9999511832902522,False
5.426,1,286,287,2.414268750000037,2.414268750000037,0.0,0.020734364601092563,0.020734364601092563,0.09007278260314233,0.08227856515300559,0.006278279950136745,0.020734364601092563,0.005015241269534111,0.002299463079714895,0.002299463079714895,0.0,0.9984860552076155,0.02251139548073896,0.020211932401024063,0.999952574921286,False
5.45075,1,287,288,2.422065000000037,2.422065000000037,0.0,0.021708895851092615,0.021708895851092615,0.09007481515300587,0.08168505082786909,0.007252811200136768,0.021708895851092615,0.005015241269534111,0.002281546435805685,0.002281546435805685,0.0,0.9985998125527661,0.020334392621000244,0.01805284618519456,0.9999556137392154,False
5.47725,1,288,289,2.4304125000000374,2.430412500000037,-4.440892098500626e-16,0.02275233335109265,0.02275233335109265,0.09003255082786932,0.08059934900273251,0.005948942712773172,0.02275233335109265,0.005015241269534111,0.0022870270851877194,0.0022870270851877194,0.0,0.99877736509286,0.02241776010891463,0.02013073302372691,0.9999637035113452,False
5.50725,1,289,290,2.4398625000000376,2.4398625000000376,0.0,0.023933583351092722,0.023933583351092722,0.09004934900273301,0.08013872530259614,0.006539567712773207,0.023933583351092722,0.005015241269534111,0.0022870009927742794,0.0022870009927742794,0.0,0.9985755265234352,0.022224986531216004,0.019937985538441724,0.9999557637266822,False
5.53875,1,290,291,2.4497850000000376,2.4497850000000376,0.0,0.025173895851092764,0.025173895851092764,0.09006122530259635,0.08448575720252789,0.005575468100068456,0.025173895851092764,0.005015241269534111,0.0022862544266495626,0.0022862544266495626,0.0,0.9986953376417932,0.022688684954292666,0.020402430527643102,0.9999605945145503,False
5.5565,1,291,292,2.455376250000038,2.455376250000038,0.0,0.025872802101092815,0.025872802101092815,0.09007700720252827,0.08380263285245979,0.005708358725068475,0.025872802101092815,0.005015241269534111,0.00229228434048708,0.00229228434048708,0.0,0.998379729719204,0.02269174936834103,0.020399465027853947,0.9999485681621553,False
5.57625,1,292,293,2.461597500000038,2.461597500000038,0.0,0.02665045835109286,0.02665045835109286,0.09002388285246012,0.08353786787739162,0.006097186850068498,0.02665045835109286,0.005015241269534111,0.002305079369434237,0.002305079369434237,0.0,0.9984330637533071,0.022839450852371726,0.020534371482937488,0.9999506824516516,False
5.597,1,293,294,2.468133750000039,2.4681337500000384,-4.440892098500626e-16,0.02746748960109289,0.02746748960109289,0.09007411787739175,0.08277107165232325,0.005332049481386676,0.02746748960109289,0.005015241269534111,0.0023167065849300198,0.0023167065849300198,0.0,0.9985308792373878,0.022970574532501745,0.020653867947571725,0.9999545176027061,False
5.62,1,294,295,2.475378750000039,2.475378750000039,0.0,0.028373114601092958,0.028373114601092958,0.0900160716523237,0.08219622855225517,0.005784861981386711,0.028373114601092958,0.005015241269534111,0.0023123456165729302,0.0023123456165729302,0.0,0.9983702739273671,0.02281346887373313,0.0205011232571602,0.9999482667765353,False
5.6450000000000005,1,295,296,2.4832537500000393,2.4832537500000393,0.0,0.02935748960109299,0.02935748960109299,0.09007122855225529,0.0812670104521867,0.005981736981386717,0.02935748960109299,0.005015241269534111,0.0022969219981393754,0.0022969219981393754,0.0,0.9984990750078052,0.022555715116948025,0.020258793118808648,0.9999530982283522,False
5.67275,1,296,297,2.4919950000000393,2.4919950000000393,0.0,0.03045014585109305,0.03045014585109305,0.09000826045218706,0.0816935547208003,0.006528065106386749,0.03045014585109305,0.005015241269534111,0.0023108226977211527,0.0023108226977211527,0.0,0.998564362308144,0.022546174438164993,0.02023535174044384,0.9999555575222678,False
5.69925,1,297,298,2.5003425000000394,2.5003425000000394,0.0,0.031493583351093035,0.015746791675546518,0.09004105472080066,0.08068291148941384,0.007571502606386788,0.015746791675546518,0.005015241269534111,0.002297133775105808,0.002297133775105808,0.0,0.9986592477024956,0.020352338509696907,0.018055204734591098,0.9999577238138155,False
5.729,1,298,299,2.5097137500000404,2.5097137500000404,0.0,0.016918197925546576,0.016918197925546576,0.09005416148941428,0.08501579299872085,0.005038368490693436,0.016918197925546576,0.005015241269534111,0.0021810736256941635,0.0021810736256941635,0.0,0.9988397833554165,0.021608169108278473,0.01942709548258431,0.9999656675688772,False
5.745,1,299,300,2.5147537500000405,2.5147537500000405,0.0,0.01754819792554661,0.01754819792554661,0.0900557929987211,0.08438742450802765,0.005353368490693453,0.01754819792554661,0.005015241269534111,0.0022340965690107965,0.0022340965690107965,0.0,0.9982050006800748,0.0221043810326758,0.019870284463665004,0.9999415695618169,False
5.763,1,300,301,2.520423750000041,2.520423750000041,0.0,0.01825694792554664,0.01825694792554664,0.09005742450802784,0.08399530601733438,0.0053139934906934585,0.01825694792554664,0.005015241269534111,0.0022560883270575432,0.0022560883270575432,0.0,0.9983224521119871,0.02240868397207158,0.020152595645014038,0.9999462263274674,False
5.78225,1,301,302,2.526487500000041,2.526487500000041,0.0,0.01901491667554666,0.01901491667554666,0.09005905601733448,0.08323896877664103,0.005692977865693469,0.01901491667554666,0.005015241269534111,0.0022860440406725856,0.0022860440406725856,0.0,0.9983253398427269,0.0226604654423469,0.020374421401674316,0.999946459216882,False
5.80375,1,302,303,2.533260000000041,2.533260000000041,0.0,0.019861479175546724,0.019861479175546724,0.09001146877664143,0.08309294403594794,0.005843095053193493,0.019861479175546724,0.005015241269534111,0.0023172515423458243,0.0023172515423458243,0.0,0.998446057503201,0.02289650986665103,0.020579258324305207,0.9999512192172751,False
5.82575,1,303,304,2.5401900000000417,2.5401900000000417,0.0,0.02072772917554678,0.02072772917554678,0.09002294403594824,0.08223816929525471,0.006276220053193521,0.02072772917554678,0.005015241269534111,0.0023271976830109235,0.0023271976830109235,0.0,0.9984857244314073,0.0228045667443625,0.02047736906135158,0.9999527035237126,False
5.8505,1,304,305,2.547986250000042,2.547986250000042,0.0,0.02170226042554683,0.02170226042554683,0.09003441929525499,0.08165409767956142,0.007250751303193544,0.02170226042554683,0.005015241269534111,0.0023131038895143727,0.0023131038895143727,0.0,0.9985995693622178,0.02063316477881727,0.018320060889302898,0.9999557479156856,False
5.877,1,305,306,2.556333750000042,2.556333750000042,0.0,0.022745697925546867,0.022745697925546867,0.09000159767956165,0.08057783856386805,0.005947283856386726,0.022745697925546867,0.005015241269534111,0.0023022463014290818,0.0023022463014290818,0.0,0.9987771337716123,0.022581600429066505,0.020279354127637424,0.9999637726707779,False
5.907,1,306,307,2.5657837500000427,2.5657837500000427,0.0,0.023926947925546938,0.023926947925546938,0.09002783856386853,0.08011927476067489,0.006537908856386761,0.023926947925546938,0.005015241269534111,0.002313623292972458,0.002313623292972458,0.0,0.9985753243283753,0.022496290437171974,0.020182667144199515,0.9999558854482503,False
5.9385,1,307,308,2.575706250000043,2.575706250000043,0.0,0.02516726042554698,0.02516726042554698,0.0900417747606751,0.08446733660907826,0.005574438151596845,0.02516726042554698,0.005015241269534111,0.002312948585009062,0.002312948585009062,0.0,0.9986951892134723,0.022950157597796637,0.020637209012787577,0.9999607131319647,False
5.95625,1,308,309,2.5812975000000433,2.5812975000000433,0.0,0.02586616667554703,0.02586616667554703,0.09005858660907864,0.08378524220748178,0.0057073287765968626,0.02586616667554703,0.005015241269534111,0.002315366957156508,0.002315366957156508,0.0,0.9983795777603433,0.022911220356045474,0.020595853398888968,0.9999486678268605,False
5.976,1,309,310,2.5875187500000436,2.5875187500000436,0.0,0.026643822925547078,0.026643822925547078,0.09000649220748211,0.08352150718088522,0.006096156901596886,0.026643822925547078,0.005015241269534111,0.0023220553873666157,0.0023220553873666157,0.0,0.9984328979804427,0.023012899472707432,0.020690844085340818,0.9999507596527308,False
5.9967500000000005,1,310,311,2.594055000000044,2.594055000000044,0.0,0.027460854175547104,0.027460854175547104,0.09005775718088535,0.08275574090428847,0.005331220053193453,0.027460854175547104,0.005015241269534111,0.0023338826858182093,0.0023338826858182093,0.0,0.9985307442353722,0.02315488353688968,0.02082100085107147,0.9999546013059677,False
6.01975,1,311,312,2.601300000000044,2.601300000000044,0.0,0.028366479175547174,0.028366479175547174,0.09000074090428892,0.082181927752692,0.005784032553193488,0.028366479175547174,0.005015241269534111,0.0023417804703683488,0.0023417804703683488,0.0,0.9983702023317134,0.023117099646715163,0.020775319176346813,0.9999484101991611,False
6.0447500000000005,1,312,313,2.6091750000000444,2.6091750000000444,0.0,0.029350854175547204,0.029350854175547204,0.09005692775269211,0.08125373960109515,0.005980907553193494,0.029350854175547204,0.005015241269534111,0.0023279872480253473,0.0023279872480253473,0.0,0.9984990451467561,0.022854545457291875,0.020526558209266528,0.9999532409614732,False
6.07275,1,313,314,2.617995000000045,2.617995000000045,0.0,0.03045335417554728,0.03045335417554728,0.09007373960109559,0.08175001954790204,0.006532157553193532,0.03045335417554728,0.005015241269534111,0.0023309953482189955,0.0023309953482189955,0.0,0.9985663045283276,0.022751036789814383,0.02042004144159539,0.9999557300650874,False
6.099,1,314,315,2.626263750000045,2.626263750000045,0.0,0.03148694792554725,0.015743473962773626,0.0900187695479023,0.0806614557447087,0.007565751303193559,0.015743473962773626,0.005015241269534111,0.0023175354566762015,0.0023175354566762015,0.0,0.9986583215634399,0.020535040223414514,0.01821750476673831,0.9999577755602338,False
6.12875,1,315,316,2.6356350000000455,2.6356350000000455,0.0,0.016914880212773684,0.016914880212773684,0.09003270574470915,0.08499475196811232,0.005037953776596825,0.016914880212773684,0.005015241269534111,0.002214602889918875,0.002214602889918875,0.0,0.9988391794193334,0.021927191026886707,0.019712588136967833,0.9999657970426218,False
6.14475,1,316,317,2.6406750000000456,2.6406750000000456,0.0,0.017544880212773718,0.017544880212773718,0.09003475196811256,0.08436679819151573,0.005352953776596841,0.017544880212773718,0.005015241269534111,0.0022595624656026143,0.0022595624656026143,0.0,0.9982049959593358,0.02235790240354814,0.020098339937945523,0.9999416913444081,False
6.16275,1,317,318,2.646345000000046,2.646345000000046,0.0,0.018253630212773746,0.018253630212773746,0.09003679819151592,0.08397509441491907,0.005313578776596846,0.018253630212773746,0.005015241269534111,0.002277811435371024,0.002277811435371024,0.0,0.998322445582694,0.022614281543226027,0.020336470107855,0.9999463249220876,False
6.182,1,318,319,2.652408750000046,2.652408750000046,0.0,0.019011598962773768,0.019011598962773768,0.09003884441491916,0.08321917188832231,0.005692563151596857,0.019011598962773768,0.005015241269534111,0.002303429733563573,0.002303429733563573,0.0,0.9983253119734609,0.022825406606358553,0.02052197687279498,0.9999465375902434,False
6.20375,1,319,320,2.6592600000000464,2.6592600000000464,0.0,0.01986800521277381,0.01986800521277381,0.09007042188832255,0.0831424681117257,0.005845141276596868,0.01986800521277381,0.005015241269534111,0.002336623193647942,0.002336623193647942,0.0,0.9984484082536059,0.023098199737309158,0.020761576543661217,0.9999514068325684,False
6.225750000000001,1,320,321,2.6661900000000465,2.6661900000000465,0.0,0.020734255212773865,0.020734255212773865,0.090072468111726,0.08227826433512911,0.006278266276596895,0.020734255212773865,0.005015241269534111,0.002346223598634506,0.002346223598634506,0.0,0.9984862841766454,0.023009909212485455,0.02066368561385095,0.9999528240982992,False
6.2505,1,321,322,2.6739862500000466,2.6739862500000466,0.0,0.021708786462773917,0.021708786462773917,0.09007451433512939,0.08168476368353246,0.007252797526596918,0.021708786462773917,0.005015241269534111,0.002344318540139519,0.002344318540139519,0.0,0.998600123719922,0.020936322365809223,0.018592003825669706,0.9999559140557205,False
6.277,1,322,323,2.6823337500000473,2.6823337500000473,0.0,0.022752223962773988,0.022752223962773988,0.09003226368353298,0.08059907553193596,0.0059489153656935145,0.022752223962773988,0.005015241269534111,0.0023148333631342823,0.0023148333631342823,0.0,0.9987775013012974,0.022701988423155343,0.02038715506002106,0.9999638442920485,False
6.307,1,323,324,2.691783750000047,2.691783750000047,0.0,0.023933473962774024,0.023933473962774024,0.09004907553193618,0.08013846550533915,0.006539540365693533,0.023933473962774024,0.005015241269534111,0.0023370682596175443,0.0023370682596175443,0.0,0.9985757690851618,0.022738930646959463,0.02040186238734192,0.9999560181420524,False
6.3385,1,324,325,2.701706250000048,2.701706250000048,0.0,0.0251737864627741,0.0251737864627741,0.09006096550533965,0.0844855042420411,0.005575461263298549,0.0251737864627741,0.005015241269534111,0.0023415852481998563,0.0023415852481998563,0.0,0.9986956068933192,0.0232385866253373,0.020897001377137445,0.9999608664938257,False
6.35625,1,325,326,2.707297500000048,2.707297500000048,0.0,0.02587269271277415,0.02587269271277415,0.09007675424204148,0.0838023867287429,0.005708351888298568,0.02587269271277415,0.005015241269534111,0.0023432249091622235,0.0023432249091622235,0.0,0.9983799835561623,0.023179364452111856,0.020836139542949633,0.9999488123038367,False
6.376,1,326,327,2.7135187500000484,2.7135187500000484,0.0,0.026650348962774163,0.026650348962774163,0.09002363672874295,0.0835376285904444,0.006097180013298574,0.026650348962774163,0.005015241269534111,0.0023413383929135295,0.0023413383929135295,0.0,0.9984332436217512,0.02320220759663017,0.02086086920371664,0.9999508640552617,False
6.39675,1,327,328,2.7200550000000483,2.7200550000000483,0.0,0.027467380212774225,0.027467380212774225,0.09007387859044483,0.08277083920214623,0.005332035807846847,0.027467380212774225,0.005015241269534111,0.0023511462484618923,0.0023511462484618923,0.0,0.9985310496835953,0.023331439622716076,0.020980293374254184,0.9999546981327175,False
6.4197500000000005,1,328,329,2.7273000000000494,2.727300000000049,-4.440892098500626e-16,0.02837300521277426,0.02837300521277426,0.0900158392021464,0.08219600293884777,0.005784848307846865,0.02837300521277426,0.005015241269534111,0.002366945673852152,0.002366945673852152,0.0,0.9983705422504713,0.023382423598369,0.021015477924516846,0.9999485510599461,False
6.44475,1,329,330,2.7351750000000496,2.7351750000000496,0.0,0.029357380212774325,0.029357380212774325,0.09007100293884818,0.0812667916755495,0.005981723307846898,0.029357380212774325,0.005015241269534111,0.0023605851243344417,0.0023605851243344417,0.0,0.9984993903066203,0.023172455131690806,0.020811870007356365,0.9999534072746961,False
6.4725,1,330,331,2.7439162500000496,2.7439162500000496,0.0,0.030450036462774388,0.030450036462774388,0.09000804167554984,0.08169334961770292,0.006528051432846929,0.030450036462774388,0.005015241269534111,0.002347047669008127,0.002347047669008127,0.0,0.9985645398165957,0.02290349916328102,0.020556451494272893,0.9999557348348966,False
6.4990000000000006,1,331,332,2.7522637500000497,2.7522637500000497,0.0,0.03149347396277434,0.01574673698138717,0.090040849617703,0.08068272005985602,0.007571488932846933,0.01574673698138717,0.005015241269534111,0.0023436975547813546,0.0023436975547813546,0.0,0.9986594773167241,0.02078031118819751,0.018436613633416154,0.9999579365660871,False
6.5287500000000005,1,332,333,2.76163500000005,2.7616350000000502,4.440892098500626e-16,0.01691814323138723,0.01691814323138723,0.09005397005985648,0.08501560840593296,0.005038361653923513,0.01691814323138723,0.005015241269534111,0.002247475562206556,0.002247475562206556,0.0,0.9988401109757308,0.02226025266847287,0.02001277710626631,0.9999659919984866,False
6.5447500000000005,1,333,334,2.766675000000051,2.766675000000051,0.0,0.017548143231387262,0.017548143231387262,0.09005560840593321,0.08438724675200968,0.00535336165392353,0.017548143231387262,0.005015241269534111,0.0022824521514261367,0.0022824521514261367,0.0,0.9982052403463493,0.022592169365457666,0.02030971721403153,0.9999418134814346,False
6.56275,1,334,335,2.7723450000000502,2.7723450000000502,0.0,0.01825689323138729,0.01825689323138729,0.09005724675200988,0.08399513509808634,0.0053139866539235305,0.01825689323138729,0.005015241269534111,0.002304267151948065,0.002304267151948065,0.0,0.9983226918305388,0.022869053081790068,0.020564785929842004,0.999946456848159,False
6.582,1,335,336,2.778408750000051,2.778408750000051,0.0,0.019014861981387347,0.019014861981387347,0.09005888509808671,0.08323880469416314,0.005692971028923559,0.019014861981387347,0.005015241269534111,0.0023264379587250254,0.0023264379587250254,0.0,0.9983255407627993,0.02304340518343067,0.020716967224705646,0.9999466512166044,False
6.6035,1,336,337,2.7851812500000515,2.7851812500000515,0.0,0.019861424481387377,0.019861424481387377,0.09001130469416328,0.08309278679023971,0.005843088216423566,0.019861424481387377,0.005015241269534111,0.0023528486479052805,0.0023528486479052805,0.0,0.9984462333296913,0.023267999251747648,0.02091515060384237,0.9999514052428923,False
6.6255,1,337,338,2.792111250000052,2.792111250000052,0.0,0.02072767448138743,0.02072767448138743,0.09002278679024002,0.08223801888631642,0.0062762132164235936,0.02072767448138743,0.005015241269534111,0.0023634949564545022,0.0023634949564545022,0.0,0.9984859028669099,0.023189288884697574,0.02082579392824307,0.9999528960904511,False
6.65025,1,338,339,2.799907500000052,2.799907500000052,0.0,0.021702205731387484,0.021702205731387484,0.09003426888631669,0.08165395410739307,0.007250744466423617,0.021702205731387484,0.005015241269534111,0.0023745973062404063,0.0023745973062404063,0.0,0.9985998741343973,0.02123987690607415,0.018865279599833744,0.9999560494942102,False
6.67675,1,339,340,2.8082550000000523,2.8082550000000523,0.0,0.022745643231387554,0.022745643231387554,0.0900014541073936,0.08057770182846989,0.005947270182846906,0.022745643231387554,0.005015241269534111,0.0023340070213337554,0.0023340070213337554,0.0,0.9987772918328852,0.022876272243525855,0.0205422652221921,0.9999639196587001,False
6.70675,1,340,341,2.817705000000053,2.817705000000053,0.0,0.02392689323138759,0.02392689323138759,0.09002770182847011,0.08011914486204638,0.006537895182846924,0.02392689323138759,0.005015241269534111,0.0023569774091410475,0.0023569774091410475,0.0,0.9985755358025028,0.022943232116318484,0.020586254707177436,0.9999561061038924,False
6.73825,1,341,342,2.8276275000000535,2.8276275000000535,0.0,0.025167205731387667,0.025167205731387667,0.09004164486204688,0.08446721012883499,0.005574434733211899,0.025167205731387667,0.005015241269534111,0.002366826217530744,0.002366826217530744,0.0,0.9986954524249637,0.023498058115766857,0.02113123189823611,0.999960983350398,False
6.756,1,342,343,2.8332187500000536,2.8332187500000536,0.0,0.02586611198138772,0.02586611198138772,0.09005846012883538,0.08378511914562345,0.005707325358211917,0.02586611198138772,0.005015241269534111,0.0023708348266199535,0.0023708348266199535,0.0,0.9983798546991572,0.023449618476165286,0.02107878364954533,0.9999489373248462,False
6.77575,1,343,344,2.8394400000000535,2.8394400000000535,0.0,0.02664376823138773,0.02664376823138773,0.09000636914562349,0.08352138753741158,0.006096153483211923,0.02664376823138773,0.005015241269534111,0.0023617117327377124,0.0023617117327377124,0.0,0.9984330958751448,0.02339588565942792,0.021034173926690207,0.9999509515994712,False
6.7965,1,344,345,2.8459762500000543,2.8459762500000543,0.0,0.027460799481387792,0.027460799481387792,0.090057637537412,0.08275562467920006,0.005331213216423544,0.027460799481387792,0.005015241269534111,0.0023685531419488123,0.0023685531419488123,0.0,0.9985309169170479,0.023501355275331016,0.021132802133382204,0.9999547749590245,False
6.819500000000001,1,345,346,2.853221250000054,2.853221250000054,0.0,0.028366424481387827,0.028366424481387827,0.09000062467920024,0.08218181494598827,0.005784025716423561,0.028366424481387827,0.005015241269534111,0.002386914003227942,0.002386914003227942,0.0,0.9983704250205876,0.023593020412879563,0.02120610640965162,0.9999486480794609,False
6.8445,1,346,347,2.8610962500000547,2.8610962500000547,0.0,0.02935079948138789,0.02935079948138789,0.09005681494598866,0.08125363021277662,0.005980900716423593,0.02935079948138789,0.005015241269534111,0.0023916460316451456,0.0023916460316451456,0.0,0.9984993608086783,0.023490167319569745,0.0210985212879246,0.9999535592274408,False
6.8725000000000005,1,347,348,2.869916250000055,2.869916250000055,0.0,0.030453299481387933,0.030453299481387933,0.09007363021277678,0.08174991699635317,0.006532150716423614,0.030453299481387933,0.005015241269534111,0.002372726818930121,0.002372726818930121,0.0,0.9985665112681015,0.023149510933935802,0.02077678411500568,0.9999559283603153,False
6.89875,1,348,349,2.8781850000000553,2.8781850000000553,0.0,0.031486893231387904,0.015743446615693952,0.09001866699635344,0.08066136002992978,0.00756574446642364,0.015743446615693952,0.005015241269534111,0.002378454441843985,0.002378454441843985,0.0,0.9986586236146604,0.021109538794647303,0.01873108435280332,0.9999580612338049,False
6.9285000000000005,1,349,350,2.887556250000056,2.8875562500000553,-4.440892098500626e-16,0.01691485286569401,0.01691485286569401,0.09003261002993024,0.08499465967171838,0.005037950358211861,0.01691485286569401,0.005015241269534111,0.002275287967936686,0.002275287967936686,0.0,0.9988394769403804,0.022560645575826897,0.02028535760789021,0.9999661101492774,False
6.944500000000001,1,350,351,2.892596250000056,2.8925962500000555,-4.440892098500626e-16,0.017544852865694044,0.017544852865694044,0.09003465967171861,0.08436670931350675,0.005352950358211877,0.017544852865694044,0.005015241269534111,0.0023029620548245555,0.0023029620548245555,0.0,0.9982052115540141,0.0228068672337376,0.020503905178913043,0.9999419157722803,False
6.9625,1,351,352,2.8982662500000558,2.8982662500000558,0.0,0.018253602865694073,0.018253602865694073,0.09003670931350694,0.08397500895529506,0.005313575358211879,0.018253602865694073,0.005015241269534111,0.0023299224982805066,0.0023299224982805066,0.0,0.9983227055117034,0.023122664412333502,0.020792741914052996,0.999946579450955,False
6.98175,1,352,353,2.9043300000000563,2.904330000000056,-4.440892098500626e-16,0.01901157161569413,0.01901157161569413,0.09003875895529542,0.08321908984708351,0.005692559733211907,0.01901157161569413,0.005015241269534111,0.0023512143563518832,0.0023512143563518832,0.0,0.9983255507187981,0.023278936136148558,0.020927721779796675,0.9999467649149867,False
7.0035,1,353,354,2.9111812500000562,2.9111812500000562,0.0,0.01986797786569417,0.01986797786569417,0.09007033984708375,0.08314238948887183,0.005845137858211926,0.01986797786569417,0.005015241269534111,0.0023722425779559605,0.0023722425779559605,0.0,0.9984485851806961,0.023461366829478227,0.021089124251522266,0.9999515888787837,False
7.0255,1,354,355,2.9181112500000568,2.9181112500000568,0.0,0.020734227865694226,0.020734227865694226,0.09007238948887213,0.08227818913066016,0.0062782628582119535,0.020734227865694226,0.005015241269534111,0.002380064437296033,0.002380064437296033,0.0,0.9984864516065052,0.02335643088860055,0.020976366451304518,0.99995299745625,False
7.05025,1,355,356,2.925907500000057,2.925907500000057,0.0,0.021708759115694278,0.021708759115694278,0.09007443913066045,0.08168469189744845,0.007252794108211977,0.021708759115694278,0.005015241269534111,0.002401632533641585,0.002401632533641585,0.0,0.9986004072093578,0.02151597048089003,0.01911433794724845,0.9999562010846587,False
7.0767500000000005,1,356,357,2.934255000000057,2.934255000000057,0.0,0.022752196615694314,0.022752196615694314,0.0900321918974487,0.08059900716423668,0.005948908528923587,0.022752196615694314,0.005015241269534111,0.0023606798023882865,0.0023606798023882865,0.0,0.9987777306457077,0.023122636580357916,0.02076195677796963,0.9999640548228815,False
7.10675,1,357,358,2.9437050000000577,2.9437050000000577,0.0,0.023933446615694385,0.023933446615694385,0.09004900716423717,0.08013840055602509,0.006539533528923623,0.023933446615694385,0.005015241269534111,0.0023756895023319467,0.0023756895023319467,0.0,0.9985759584825871,0.02313007183861074,0.02075438233627879,0.9999562110373041,False
7.13825,1,358,359,2.9536275000000582,2.9536275000000582,0.0,0.02517375911569446,0.02517375911569446,0.09006090055602559,0.08448544100191951,0.005575459554106078,0.02517375911569446,0.005015241269534111,0.0023882147042943217,0.0023882147042943217,0.0,0.9986958345425617,0.02371933993919434,0.02133112523490002,0.9999611026629689,False
7.156000000000001,1,359,360,2.9592187500000584,2.9592187500000584,0.0,0.025872665365694478,0.025872665365694478,0.0900766910019196,0.08380232519781353,0.005708350179106079,0.025872665365694478,0.005015241269534111,0.0024014010677770813,0.0024014010677770813,0.0,0.9983802741020282,0.02375371859991761,0.02135231753214053,0.9999490997275193,False
7.17575,1,360,361,2.9654400000000587,2.9654400000000587,0.0,0.026650321615694524,0.026650321615694524,0.09002357519781386,0.08353756876870776,0.006097178304106102,0.026650321615694524,0.005015241269534111,0.0023879234401898296,0.0023879234401898296,0.0,0.998433476649575,0.023646385744543807,0.02125846230435398,0.9999510866693142,False
7.1965,1,361,362,2.9719762500000586,2.9719762500000586,0.0,0.02746735286569455,0.02746735286569455,0.0900738187687079,0.08277078108960179,0.005332032389461884,0.02746735286569455,0.005015241269534111,0.002390940995947894,0.002390940995947894,0.0,0.9985312486010511,0.023715789150846656,0.02132484815489876,0.9999548909422106,False
7.2195,1,362,363,2.979221250000059,2.979221250000059,0.0,0.02837297786569462,0.02837297786569462,0.09001578108960223,0.0821959465354961,0.005784844889461919,0.02837297786569462,0.005015241269534111,0.002406366574393614,0.002406366574393614,0.0,0.9983707375284894,0.023794153213636482,0.02138778663924287,0.999948757017479,False
7.2445,1,363,364,2.987096250000059,2.987096250000059,0.0,0.02935735286569465,0.02935735286569465,0.09007094653549622,0.08126673698139003,0.005981719889461925,0.02935735286569465,0.005015241269534111,0.002418225545586475,0.002418225545586475,0.0,0.9984996757550708,0.023765625387637122,0.021347399842050648,0.9999537041079459,False
7.2722500000000005,1,364,365,2.9958375000000594,2.9958375000000594,0.0,0.030450009115694714,0.030450009115694714,0.09000798698139038,0.08169329834192841,0.006528048014461957,0.030450009115694714,0.005015241269534111,0.0024020017436426826,0.0024020017436426826,0.0,0.9985648133640624,0.023426261837843312,0.02102426009420063,0.9999559955342009,False
7.29875,1,365,366,3.00418500000006,3.00418500000006,0.0,0.0314934466156947,0.01574672330784735,0.09004079834192878,0.08068267220246675,0.007571485514461996,0.01574672330784735,0.005015241269534111,0.0024082067084323774,0.0024082067084323774,0.0,0.9986597970102529,0.021402107468904974,0.018993900760472596,0.9999582450606229,False
7.3285,1,366,367,3.0135562500000606,3.0135562500000606,0.0,0.016918129557847408,0.016918129557847408,0.09005392220246719,0.08501556225773615,0.00503835994473104,0.016918129557847408,0.005015241269534111,0.002293680614795423,0.002293680614795423,0.0,0.9988403349748743,0.022776054044617917,0.020482373429822495,0.9999662446938882,False
7.3445,1,367,368,3.0185962500000607,3.0185962500000607,0.0,0.01754812955784744,0.01754812955784744,0.09005556225773641,0.08438720231300535,0.005353359944731057,0.01754812955784744,0.005015241269534111,0.0023204229400540653,0.0023204229400540653,0.0,0.9982054291835432,0.02299254527984549,0.020672122339791425,0.9999420135422221,False
7.3625,1,368,369,3.024266250000061,3.0242662500000606,-4.440892098500626e-16,0.01825687955784747,0.01825687955784747,0.09005720231300554,0.08399509236827447,0.005313984944731062,0.01825687955784747,0.005015241269534111,0.002355228216439894,0.002355228216439894,0.0,0.9983229460429128,0.02337846199441678,0.021023233777976887,0.9999467118893813,False
7.38175,1,369,370,3.030330000000061,3.030330000000061,0.0,0.019014848307847526,0.019014848307847526,0.09005884236827486,0.08323876367354376,0.0056929693197310905,0.019014848307847526,0.005015241269534111,0.002378969846690462,0.002378969846690462,0.0,0.9983258034105774,0.02354932399379442,0.021170354147103956,0.9999469046664712,False
7.40325,1,370,371,3.0371025000000613,3.0371025000000613,0.0,0.019861410807847556,0.019861410807847556,0.0900112636735439,0.08309274747881279,0.005843086507231097,0.019861410807847556,0.005015241269534111,0.0023894921255166123,0.0023894921255166123,0.0,0.9984464162290587,0.023625111612745484,0.021235619487228873,0.9999515845279217,False
7.42525,1,371,372,3.0440325000000614,3.0440325000000614,0.0,0.02072766080784761,0.02072766080784761,0.09002274747881309,0.08223798128408197,0.006276211507231125,0.02072766080784761,0.005015241269534111,0.0023991429198593752,0.0023991429198593752,0.0,0.9984860801424508,0.0235413443737163,0.021142201453856924,0.9999530716908627,False
7.45,1,372,373,3.0518287500000616,3.051828750000062,4.440892098500626e-16,0.021702192057847663,0.021702192057847663,0.09003423128408225,0.08165391821435108,0.007250742757231148,0.021702192057847663,0.005015241269534111,0.0024244936310449977,0.0024244936310449977,0.0,0.998600120401491,0.021753611608278545,0.019329117977233547,0.9999563029703942,False
7.476500000000001,1,373,374,3.060176250000062,3.0601762500000618,-4.440892098500626e-16,0.0227456295578477,0.0227456295578477,0.09000141821435131,0.08057766764462013,0.0059472667644619335,0.0227456295578477,0.005015241269534111,0.0023914025807445934,0.0023914025807445934,0.0,0.9987775787346778,0.023413466195492033,0.02102206361474744,0.9999641883680304,False
7.5065,1,374,375,3.069626250000063,3.069626250000063,0.0,0.02392687955784777,0.02392687955784777,0.09002766764462061,0.08011911238738936,0.006537891764461969,0.02392687955784777,0.005015241269534111,0.002397753497801941,0.002397753497801941,0.0,0.998575737001378,0.02334559422630593,0.02094784072850399,0.9999563049322838,False
7.538,1,375,376,3.079548750000063,3.079548750000063,0.0,0.025167192057847846,0.025167192057847846,0.09004161238738986,0.0844671785087742,0.005574433878615664,0.025167192057847846,0.005015241269534111,0.0024098872253220014,0.0024098872253220014,0.0,0.9986956628273463,0.02393985388852425,0.02152996666320225,0.9999612000046644,False
7.55575,1,376,377,3.085140000000063,3.085140000000063,0.0,0.025866098307847862,0.025866098307847862,0.0900584285087743,0.08378508838015865,0.0057073245036156645,0.025866098307847862,0.005015241269534111,0.0024304521810144587,0.0024304521810144587,0.0,0.9983801523816561,0.024045222947270545,0.021614770766256085,0.9999492353519784,False
7.5755,1,377,378,3.0913612500000633,3.0913612500000633,0.0,0.02664375455784791,0.02664375455784791,0.09000633838015898,0.08352135762654328,0.006096152628615688,0.02664375455784791,0.005015241269534111,0.0024162288732318695,0.0024162288732318695,0.0,0.9984333686184473,0.02391930634708627,0.021503077473854403,0.999951213790139,False
7.59625,1,378,379,3.0978975000000637,3.0978975000000637,0.0,0.027460785807847936,0.027460785807847936,0.09005760762654343,0.08275559562292774,0.005331211507231057,0.027460785807847936,0.005015241269534111,0.0024153843619108485,0.0024153843619108485,0.0,0.9985311513518099,0.023947554155278425,0.021532169793367577,0.9999549987791383,False
7.61925,1,379,380,3.1051425000000643,3.1051425000000643,0.0,0.028366410807848005,0.028366410807848005,0.09000059562292818,0.08218178674431245,0.005784024007231092,0.028366410807848005,0.005015241269534111,0.0024246871424086023,0.0024246871424086023,0.0,0.9983706128087921,0.0239785164215177,0.0215538292791091,0.9999488411081743,False
7.64425,1,380,381,3.113017500000064,3.113017500000064,0.0,0.029350785807848036,0.029350785807848036,0.09005678674431258,0.08125360286569681,0.005980899007231098,0.029350785807848036,0.005015241269534111,0.0024407477833239305,0.0024407477833239305,0.0,0.9984996038615164,0.02399977723714812,0.02155902945382419,0.9999538143156763,False
7.67225,1,381,382,3.1218375000000647,3.1218375000000647,0.0,0.03045328580784811,0.03045328580784811,0.09007360286569725,0.0817498913584661,0.006532149007231136,0.03045328580784811,0.005015241269534111,0.002431697320575748,0.002431697320575748,0.0,0.9985668047441515,0.02371894817623167,0.021287250855655925,0.9999562120828802,False
7.6985,1,382,383,3.130106250000065,3.130106250000065,0.0,0.03148687955784808,0.01574343977892404,0.09001864135846635,0.08066133610123516,0.007565742757231163,0.01574343977892404,0.005015241269534111,0.0024410865030058512,0.0024410865030058512,0.0,0.998658932829721,0.02173505572126136,0.01929396921825551,0.9999583702461685,False
7.72825,1,383,384,3.1394775000000656,3.1394775000000656,0.0,0.0169148460289241,0.0169148460289241,0.0900325861012356,0.08499463659761997,0.0050379495036156265,0.0169148460289241,0.005015241269534111,0.0023036619573757,0.0023036619573757,0.0,0.9988396118351734,0.022904904426279606,0.020601242468903908,0.9999662765308309,False
7.74425,1,384,385,3.144517500000066,3.144517500000066,0.0,0.017544846028924133,0.017544846028924133,0.09003463659762022,0.08436668709400458,0.005352949503615643,0.017544846028924133,0.005015241269534111,0.002336289918897903,0.002336289918897903,0.0,0.9982053775093304,0.023159511881593625,0.02082322196269572,0.9999420919648515,False
7.76225,1,385,386,3.150187500000066,3.150187500000066,0.0,0.018253596028924162,0.018253596028924162,0.09003668709400477,0.08397498759038911,0.005313574503615648,0.018253596028924162,0.005015241269534111,0.0023790443200023955,0.0023790443200023955,0.0,0.9983229505229869,0.02362083998188945,0.021241795661887053,0.9999468289352383,False
7.7815,1,386,387,3.156251250000066,3.156251250000066,0.0,0.019011564778924184,0.019011564778924184,0.09003873759038922,0.08321906933677356,0.005692558878615659,0.019011564778924184,0.005015241269534111,0.002407559215510279,0.002407559215510279,0.0,0.9983258321482584,0.023833371648843422,0.021425812433333143,0.9999470425704606,False
7.80325,1,387,388,3.1631025000000665,3.1631025000000665,0.0,0.01986797102892426,0.01986797102892426,0.09007031933677409,0.08314236983315838,0.005845137003615687,0.01986797102892426,0.005015241269534111,0.002412689723628269,0.002412689723628269,0.0,0.9984487874411149,0.02384986147153023,0.021437171747901964,0.9999517839563815,False
7.8252500000000005,1,388,389,3.1700325000000666,3.1700325000000666,0.0,0.02073422102892428,0.02073422102892428,0.09007236983315842,0.08227817032954272,0.006278262003615697,0.02073422102892428,0.005015241269534111,0.0024210772662755908,0.0024210772662755908,0.0,0.9984866562500809,0.023749828631672854,0.02132875136539726,0.9999531938427582,False
7.8500000000000005,1,389,390,3.177828750000067,3.177828750000067,0.0,0.021708752278924333,0.021708752278924333,0.09007442032954299,0.08168467395092725,0.00725279325361572,0.021708752278924333,0.005015241269534111,0.002445391904230594,0.002445391904230594,0.0,0.9986006234842285,0.021960903647071803,0.019515511742841208,0.9999564203392887,False
7.8765,1,390,391,3.1861762500000674,3.1861762500000674,0.0,0.022752189778924403,0.022752189778924403,0.09003217395092777,0.08059899007231197,0.005948906819731118,0.022752189778924403,0.005015241269534111,0.0024255504511177745,0.0024255504511177745,0.0,0.998778054161817,0.02374513389799069,0.021319583446872917,0.9999643656149302,False
7.9065,1,391,392,3.1956262500000676,3.1956262500000676,0.0,0.02393343977892444,0.02393343977892444,0.09004899007231218,0.08013838431869638,0.006539531819731137,0.02393343977892444,0.005015241269534111,0.002422010598846356,0.002422010598846356,0.0,0.9985761879654506,0.023579543165656865,0.021157532566810508,0.9999564336791864,False
7.938,1,392,393,3.205548750000068,3.2055487500000677,-4.440892098500626e-16,0.025173752278924516,0.025173752278924516,0.09006088431869687,0.08448542519188892,0.005575459126807941,0.025173752278924516,0.005015241269534111,0.002431265837470616,0.002431265837470616,0.0,0.9986960454297061,0.02415345310738344,0.021722187269912825,0.9999613156596578,False
7.95575,1,393,394,3.2111400000000687,3.2111400000000687,0.0,0.025872658528924567,0.025872658528924567,0.09007667519188932,0.08380230981508134,0.005708349751807969,0.025872658528924567,0.005015241269534111,0.0024584923925933077,0.0024584923925933077,0.0,0.9983805591419804,0.024327601680862468,0.02186910928826916,0.9999493868787198,False
7.9755,1,394,395,3.217361250000069,3.217361250000069,0.0,0.026650314778924614,0.026650314778924614,0.09002355981508167,0.08353755381327369,0.006097177876807992,0.026650314778924614,0.005015241269534111,0.0024463905825319494,0.0024463905825319494,0.0,0.9984337689726798,0.024215505091853627,0.021769114509321678,0.9999513716616728,False
7.99625,1,395,396,3.223897500000069,3.223897500000069,0.0,0.02746734602892464,0.02746734602892464,0.09007380381327382,0.08277076656146583,0.005332031534865649,0.02746734602892464,0.005015241269534111,0.0024435249417317268,0.0024435249417317268,0.0,0.9985315118969598,0.02421763508445305,0.021774110142721324,0.9999551425363392,False
8.01925,1,396,397,3.231142500000069,3.231142500000069,0.0,0.02837297102892471,0.02837297102892471,0.09001576656146618,0.08219593243465817,0.005784844034865684,0.02837297102892471,0.005015241269534111,0.0024446428593711197,0.0024446428593711197,0.0,0.9983709283234167,0.024174330203412864,0.021729687344041744,0.9999489475849402,False
8.04425,1,397,398,3.2390175000000685,3.2390175000000685,0.0,0.029357346028924706,0.029357346028924706,0.0900709324346579,0.0812667233078499,0.005981719034865682,0.029357346028924706,0.005015241269534111,0.002461638023101342,0.002461638023101342,0.0,0.9984998908528036,0.024216927028866506,0.021755289005765163,0.9999539293642843,False
8.072000000000001,1,398,399,3.2477587500000693,3.2477587500000697,4.440892098500626e-16,0.030450002278924804,0.030450002278924804,0.09000797330785035,0.08169328552298469,0.006528047159865731,0.030450002278924804,0.005015241269534111,0.0024649459573475737,0.0024649459573475737,0.0,0.9985651258369794,0.02405322452302179,0.021588278565674218,0.9999563072687709,False
8.0985,1,399,400,3.2561062500000704,3.2561062500000704,0.0,0.03149343977892479,0.015746719889462395,0.09004078552298495,0.08068266023811921,0.00757148465986574,0.015746719889462395,0.005015241269534111,0.0024676192418149954,0.0024676192418149954,0.0,0.9986600897383441,0.022003211207439685,0.01953559196562469,0.9999585412336282,False
8.12825,1,400,401,3.2654775000000704,3.2654775000000704,0.0,0.016918126139462454,0.016918126139462454,0.09005391023811965,0.08501555072068676,0.0050383595174328935,0.016918126139462454,0.005015241269534111,0.002308005276550361,0.002308005276550361,0.0,0.9988404007516637,0.022967678550225995,0.020659673273675634,0.9999663352565943,False
8.14425,1,401,402,3.2705175000000706,3.2705175000000706,0.0,0.017548126139462487,0.017548126139462487,0.09005555072068698,0.0843871912032541,0.00535335951743291,0.017548126139462487,0.005015241269534111,0.002352195564165296,0.002352195564165296,0.0,0.9982055876674276,0.02332354592090022,0.020971350356734923,0.9999421790009062,False
8.16225,1,402,403,3.2761875000000704,3.27618750000007,-4.440892098500626e-16,0.01825687613946248,0.01825687613946248,0.09005719120325396,0.08399508168582111,0.005313984517432914,0.01825687613946248,0.005015241269534111,0.002401520982022392,0.002401520982022392,0.0,0.9983231769999099,0.02384989088941971,0.02144836990739732,0.9999469480300808,False
8.1815,1,403,404,3.282251250000071,3.282251250000071,0.0,0.019014844889462573,0.019014844889462573,0.0900588316858217,0.0832387534183888,0.00569296889243296,0.019014844889462573,0.005015241269534111,0.0024350817420399646,0.0024350817420399646,0.0,0.9983260833256917,0.02411159672647617,0.021676514984436207,0.999947186280151,False
8.203,1,404,405,3.2890237500000707,3.2890237500000707,0.0,0.019861407389462602,0.019861407389462602,0.09001125341838882,0.08309273765095589,0.0058430860799329664,0.019861407389462602,0.005015241269534111,0.002438341185486018,0.002438341185486018,0.0,0.9984466608607849,0.02408860975003941,0.02165026856455339,0.9999518171416876,False
8.225,1,405,406,3.2959537500000713,3.2959537500000713,0.0,0.020727657389462657,0.020727657389462657,0.09002273765095606,0.08223797188352312,0.006276211079932994,0.020727657389462657,0.005015241269534111,0.0024461609717895036,0.0024461609717895036,0.0,0.9984863152017899,0.023986687623058223,0.02154052665126872,0.9999532943105335,False
8.24975,1,406,407,3.303750000000071,3.303750000000071,0.0,0.021702188639462675,0.021702188639462675,0.09003422188352299,0.08165390924109005,0.0072507423299329535,0.021702188639462675,0.005015241269534111,0.002466179695670781,0.002466179695670781,0.0,0.9986003266237442,0.022172750002058525,0.019706570306387745,0.9999565094783459,False
8.276250000000001,1,407,408,3.312097500000071,3.312097500000071,0.0,0.022745626139462745,0.022745626139462745,0.09000140924109054,0.08057765909865752,0.005947265909865704,0.022745626139462745,0.005015241269534111,0.0024606766445037544,0.0024606766445037544,0.0,0.998777923503651,0.02409251992944622,0.021631843284942467,0.9999645268054255,False
8.30625,1,408,409,3.3215475000000714,3.3215475000000714,0.0,0.02392687613946278,0.02392687613946278,0.09002765909865768,0.08011910426872465,0.006537890909865722,0.02392687613946278,0.005015241269534111,0.0024490939822035826,0.0024490939822035826,0.0,0.9985759917453007,0.023840948950105502,0.02139185496790192,0.9999565506218504,False
8.33775,1,409,410,3.3314700000000723,3.3314700000000723,0.0,0.025167188639462892,0.025167188639462892,0.09004160426872532,0.08446717060375875,0.00557443366496657,0.025167188639462892,0.005015241269534111,0.0024536475657433976,0.0024536475657433976,0.0,0.9986958776952986,0.024373198740229356,0.02191955117448596,0.9999614128634189,False
8.355500000000001,1,410,411,3.3370612500000725,3.3370612500000725,0.0,0.02586609488946291,0.02586609488946291,0.09005842060375882,0.08378508068879228,0.005707324289966577,0.02586609488946291,0.005015241269534111,0.0024858397516726483,0.0024858397516726483,0.0,0.9983804289534532,0.024603208274049986,0.022117368522377338,0.9999495145205343,False
8.37525,1,411,412,3.3432825000000728,3.3432825000000728,0.0,0.026643751139462955,0.026643751139462955,0.09000633068879255,0.08352135014882597,0.006096152414966601,0.026643751139462955,0.005015241269534111,0.0024769830538816646,0.0024769830538816646,0.0,0.9984336721170549,0.024519817761327972,0.022042834707446307,0.9999515145034451,False
8.396,1,412,413,3.3498187500000727,3.3498187500000727,0.0,0.027460782389462982,0.027460782389462982,0.09005760014882605,0.08275558835885949,0.005331211079932915,0.027460782389462982,0.005015241269534111,0.00247455817237437,0.00247455817237437,0.0,0.9985314473716148,0.024520399640961754,0.022045841468587384,0.9999552857692353,False
8.419,1,413,414,3.357063750000073,3.357063750000073,0.0,0.028366407389463017,0.028366407389463017,0.09000058835885956,0.08218177969389301,0.0057840235799329325,0.028366407389463017,0.005015241269534111,0.0024678124036629683,0.0024678124036629683,0.0,0.9983708282100708,0.02439647962944748,0.02192866722578451,0.9999490507715465,False
8.444,1,414,415,3.364938750000073,3.364938750000073,0.0,0.029350782389463082,0.029350782389463082,0.09005677969389328,0.08125359602892666,0.005980898579932974,0.029350782389463082,0.005015241269534111,0.0024827047000398257,0.0024827047000398257,0.0,0.9984998121231717,0.024432408258780375,0.021949703558740548,0.9999540295052946,False
8.472,1,415,416,3.373758750000073,3.373758750000073,0.0,0.030453282389463158,0.030453282389463158,0.09007359602892695,0.08174988494899399,0.006532148579933012,0.030453282389463158,0.005015241269534111,0.0024938347679572224,0.0024938347679572224,0.0,0.9985671127256665,0.024346833900263376,0.021852999132306154,0.9999565238069358,False
8.49825,1,416,417,3.3820275000000732,3.3820275000000732,0.0,0.0314868761394631,0.01574343806973155,0.0900186349489939,0.08066133011906093,0.007565742329932974,0.01574343806973155,0.005015241269534111,0.0024920328258508256,0.0024920328258508256,0.0,0.9986591832082561,0.022257949621037665,0.019765916795186838,0.9999586269347589,False
8.528,1,417,418,3.3913987500000737,3.3913987500000737,0.0,0.016914844319731608,0.016914844319731608,0.09003258011906137,0.08499463082909485,0.005037949289966518,0.016914844319731608,0.005015241269534111,0.0023114181200083518,0.0023114181200083518,0.0,0.9988396465351602,0.023006873425721823,0.02069545530571347,0.9999663234975306,False
8.544,1,418,419,3.396438750000074,3.396438750000074,0.0,0.01754484431973164,0.01754484431973164,0.09003463082909507,0.08436668153912857,0.005352949289966534,0.01754484431973164,0.005015241269534111,0.0023703186833967855,0.0023703186833967855,0.0,0.9982055474881607,0.02350610812476126,0.021135789441364475,0.9999422653676597,False
8.562,1,419,420,3.4021087500000746,3.4021087500000746,0.0,0.018253594319731704,0.018253594319731704,0.090036681539129,0.08397498224916244,0.00531357428996656,0.018253594319731704,0.005015241269534111,0.0024238803688558263,0.0024238803688558263,0.0,0.99832317431047,0.024076868993069468,0.02165298862421364,0.9999470573170599,False
8.58125,1,420,421,3.4081725000000747,3.4081725000000747,0.0,0.019011563069731726,0.019011563069731726,0.09003873224916248,0.08321906420919595,0.005692558664966571,0.019011563069731726,0.005015241269534111,0.002461325845238528,0.002461325845238528,0.0,0.9983261001523077,0.024377801099765457,0.02191647525452693,0.9999473153589646,False
8.603,1,421,422,3.415023750000075,3.415023750000075,0.0,0.019867969319731803,0.019867969319731803,0.09007031420919635,0.08314236491922979,0.005845136789966606,0.019867969319731803,0.005015241269534111,0.0024655638616147262,0.0024655638616147262,0.0,0.9984490521753813,0.024354661762027205,0.021889097900412477,0.9999520371674113,False
8.625,1,422,423,3.4219537500000743,3.4219537500000743,0.0,0.020734219319731788,0.020734219319731788,0.0900723649192294,0.0822781656292629,0.0062782617899665985,0.020734219319731788,0.005015241269534111,0.002474845390160666,0.002474845390160666,0.0,0.998486925211857,0.02426079396327077,0.021785948573110104,0.9999534494224054,False
8.649750000000001,1,423,424,3.429750000000075,3.429750000000075,0.0,0.021708750569731875,0.021708750569731875,0.09007441562926333,0.08168466946429674,0.0072527930399666285,0.021708750569731875,0.005015241269534111,0.0024849015990985736,0.0024849015990985736,0.0,0.9986008188040284,0.022357256613028023,0.01987235501392945,0.9999566154165923,False
8.67625,1,424,425,3.438097500000075,3.438097500000075,0.0,0.022752188069731945,0.022752188069731945,0.09003216946429723,0.08059898579933056,0.005948906392433004,0.022752188069731945,0.005015241269534111,0.0024938053657886884,0.0024938053657886884,0.0,0.998778393321627,0.024425664049077873,0.021931858683289184,0.9999647043099675,False
8.70625,1,425,426,3.4475475000000757,3.4475475000000753,-4.440892098500626e-16,0.023933438069731982,0.023933438069731982,0.09004898579933071,0.08013838025936404,0.006539531392433022,0.023933438069731982,0.005015241269534111,0.0024780060426608523,0.0024780060426608523,0.0,0.9985764657470166,0.024124827937835935,0.021646821895175083,0.9999567041681011,False
8.73775,1,426,427,3.4574700000000758,3.4574700000000758,0.0,0.025173750569732024,0.025173750569732024,0.09006088025936415,0.0844854212393808,0.005575459019983355,0.025173750569732024,0.005015241269534111,0.0024788544368336144,0.0024788544368336144,0.0,0.9986962797031567,0.0246191573168493,0.022140302880015686,0.9999615449108077,False
8.7555,1,427,428,3.4630612500000764,3.4630612500000764,0.0,0.02587265681973211,0.02587265681973211,0.09007667123938143,0.08380230596939803,0.0057083496449834145,0.02587265681973211,0.005015241269534111,0.0025131222154993467,0.0025131222154993467,0.0,0.9983808319019646,0.024879901804148008,0.02236677958864866,0.9999496631212386,False
8.77525,1,428,429,3.4692825000000767,3.4692825000000767,0.0,0.026650313069732156,0.026650313069732156,0.0900235559693983,0.08353755007441489,0.006097177769983438,0.026650313069732156,0.005015241269534111,0.0025066249162891403,0.0025066249162891403,0.0,0.9984340696753041,0.02481702173718995,0.02231039682090081,0.999951672965845,False
8.796,1,429,430,3.4758187500000766,3.4758187500000766,0.0,0.027467344319732183,0.027467344319732183,0.09007380007441496,0.08277076292943157,0.005332031321216566,0.027467344319732183,0.005015241269534111,0.002505560469150122,0.002505560469150122,0.0,0.9985318218166711,0.02482787076873657,0.022322310299586447,0.9999554481865339,False
8.819,1,430,431,3.4830637500000767,3.4830637500000767,0.0,0.028372969319732218,0.028372969319732218,0.09001576292943164,0.08219592890944824,0.005784843821216583,0.028372969319732218,0.005015241269534111,0.0024924131463934253,0.0024924131463934253,0.0,0.9983711672960827,0.024629631315156025,0.0221372181687626,0.9999491760458871,False
8.844,1,431,432,3.490938750000077,3.490938750000077,0.0,0.029357344319732283,0.029357344319732283,0.09007092890944854,0.08126671988946506,0.005981718821216624,0.029357344319732283,0.005015241269534111,0.0025025447726692257,0.0025025447726692257,0.0,0.9985000941530566,0.024632129999550723,0.022129585226881496,0.9999541360169428,False
8.87175,1,432,433,3.499680000000077,3.499680000000077,0.0,0.03045000056973231,0.03045000056973231,0.09000796988946497,0.08169328231824842,0.006528046946216638,0.03045000056973231,0.005015241269534111,0.002521419008098745,0.002521419008098745,0.0,0.9985654052277505,0.024633117759878226,0.02211169875177948,0.9999565945913702,False
8.89825,1,433,434,3.508027500000077,3.508027500000077,0.0,0.031493438069732295,0.015746719034866147,0.09004078231824869,0.08068265724703207,0.007571484446216647,0.015746719034866147,0.005015241269534111,0.0025160877486833017,0.0025160877486833017,0.0,0.9986603280291103,0.02249974997825919,0.019983662229575885,0.9999587849043283,False
8.928,1,434,435,3.5173987500000776,3.5173987500000776,0.0,0.016918125284866206,0.016918125284866206,0.09005390724703251,0.08501554783642418,0.0050383594106083425,0.016918125284866206,0.005015241269534111,0.0023185205598480817,0.0023185205598480817,0.0,0.998840451091632,0.023068794371566607,0.020750273811718525,0.9999663833182336,False
8.944,1,435,436,3.522438750000078,3.522438750000078,0.0,0.01754812528486624,0.01754812528486624,0.0900555478364244,0.08438718842581605,0.005353359410608359,0.01754812528486624,0.005015241269534111,0.0023926163420638284,0.0023926163420638284,0.0,0.9982057896514119,0.023728780147385276,0.021336163805321447,0.9999423818729201,False
8.962,1,436,437,3.528108750000078,3.528108750000078,0.0,0.018256875284866303,0.018256875284866303,0.09005718842581648,0.0839950790152081,0.005313984410608385,0.018256875284866303,0.005015241269534111,0.0024478923123089857,0.0024478923123089857,0.0,0.9983234084644187,0.024322130175132475,0.02187423786282349,0.9999471843793752,False
8.981250000000001,1,437,438,3.534172500000078,3.534172500000078,0.0,0.019014844034866325,0.019014844034866325,0.09005882901520815,0.08323875085459978,0.005692968785608396,0.019014844034866325,0.005015241269534111,0.0024882146200004853,0.0024882146200004853,0.0,0.9983263481651918,0.024650686841849852,0.022162472221849368,0.9999474564497566,False
9.00275,1,438,439,3.540945000000078,3.5409450000000784,4.440892098500626e-16,0.019861406534866354,0.019861406534866354,0.09001125085459982,0.08309273519399148,0.00584308597310842,0.019861406534866354,0.005015241269534111,0.002499632913957882,0.002499632913957882,0.0,0.9984469671455158,0.024687671974875813,0.02218803906091793,0.999952117349649,False
9.024750000000001,1,439,440,3.5478750000000785,3.5478750000000785,0.0,0.02072765653486641,0.02072765653486641,0.09002273519399166,0.08223796953338332,0.006276210973108447,0.02072765653486641,0.005015241269534111,0.002507027657114128,0.002507027657114128,0.0,0.998486619367701,0.02457410211891993,0.0220670744618058,0.9999535880077912,False
9.0495,1,440,441,3.555671250000078,3.555671250000078,0.0,0.021702187784866427,0.021702187784866427,0.09003421953338317,0.0816539069977748,0.007250742223108407,0.021702187784866427,0.005015241269534111,0.002505493216425739,0.002505493216425739,0.0,0.9986005214622593,0.0225554844521276,0.02004999123570186,0.999956698009941,False
9.076,1,441,442,3.564018750000079,3.564018750000079,0.0,0.022745625284866497,0.022745625284866497,0.09000140699777529,0.08057765696216684,0.005947265696216642,0.022745625284866497,0.005015241269534111,0.0025260166512925267,0.0025260166512925267,0.0,0.9987782476856527,0.02475490299593943,0.022228886344646905,0.9999648560478677,False
9.106,1,442,443,3.5734687500000795,3.5734687500000795,0.0,0.023926875284866603,0.023926875284866603,0.09002765696216755,0.080119102239059,0.006537890696216695,0.023926875284866603,0.005015241269534111,0.002507545800454661,0.002507545800454661,0.0,0.9985762812325906,0.024418897455966503,0.021911351655511842,0.9999568369742631,False
9.137500000000001,1,443,444,3.5833912500000795,3.5833912500000795,0.0,0.025167187784866644,0.025167187784866644,0.0900416022390591,0.08446716862750481,0.005574433611554297,0.025167187784866644,0.005015241269534111,0.0025058448031819724,0.0025058448031819724,0.0,0.9986961350028589,0.024883265035625962,0.02237742023244399,0.9999616643293884,False
9.15525,1,444,445,3.5889825000000797,3.5889825000000797,0.0,0.02586609403486666,0.02586609403486666,0.0900584186275049,0.08378507876595062,0.005707324236554304,0.02586609403486666,0.005015241269534111,0.0025392310209844658,0.0025392310209844658,0.0,0.9983806954394115,0.025147260350418366,0.0226080293294339,0.9999497865342001,False
9.175,1,445,446,3.59520375000008,3.59520375000008,0.0,0.026643750284866707,0.026643750284866707,0.09000632876595091,0.0835213482793966,0.006096152361554327,0.026643750284866707,0.005015241269534111,0.002535035067784402,0.002535035067784402,0.0,0.9984339618494085,0.025102102546906938,0.022567067479122536,0.999951806264058,False
9.19575,1,446,447,3.6017400000000803,3.6017400000000803,0.0,0.027460781534866734,0.027460781534866734,0.09005759827939666,0.08275558654284237,0.005331210973108384,0.027460781534866734,0.005015241269534111,0.00253570796184955,0.00253570796184955,0.0,0.9985317524778903,0.02512961529423785,0.0225939073323883,0.999955590982859,False
9.21875,1,447,448,3.60898500000008,3.60898500000008,0.0,0.02836640653486677,0.02836640653486677,0.09000058654284245,0.08218177793128816,0.0057840234731084015,0.02836640653486677,0.005015241269534111,0.0025207956923626864,0.0025207956923626864,0.0,0.9983710934053129,0.024900609691057875,0.022379813998695187,0.9999493036444407,False
9.24375,1,448,449,3.6168600000000803,3.616860000000081,4.440892098500626e-16,0.029350781534866834,0.029350781534866834,0.09005677793128844,0.0812535943197341,0.005980898473108425,0.029350781534866834,0.005015241269534111,0.00252286403398325,0.00252286403398325,0.0,0.9985000119329853,0.02483152770510834,0.02230866367112509,0.9999542282892644,False
9.27175,1,449,450,3.625680000000081,3.625680000000081,0.0,0.03045328153486691,0.03045328153486691,0.09007359431973437,0.08174988334662596,0.006532148473108463,0.03045328153486691,0.005015241269534111,0.00254532430199857,0.00254532430199857,0.0,0.9985673674302948,0.02487609061665136,0.02233076631465279,0.9999567858889014,False
9.298,1,450,451,3.633948750000081,3.633948750000081,0.0,0.03148687528486685,0.015743437642433425,0.09001863334662585,0.08066132862351741,0.007565742223108424,0.015743437642433425,0.005015241269534111,0.0025325436274077503,0.0025325436274077503,0.0,0.9986593822343982,0.02266961470319514,0.02013707107578739,0.9999588285464287,False
9.32775,1,451,452,3.643320000000081,3.643320000000081,0.0,0.016914843892433484,0.016914843892433484,0.09003257862351785,0.08499462938696362,0.005037949236554252,0.016914843892433484,0.005015241269534111,0.0023283220089535127,0.0023283220089535127,0.0,0.9988397304090362,0.023144370817064046,0.020816048808110534,0.9999663911731551,False
9.34375,1,452,453,3.648360000000081,3.648360000000081,0.0,0.017544843892433517,0.017544843892433517,0.09003462938696383,0.08436668015040959,0.0053529492365542684,0.017544843892433517,0.005015241269534111,0.0024142516863368654,0.0024142516863368654,0.0,0.9982057670081806,0.02394406944901549,0.021529817762678625,0.9999424847130263,False
9.36175,1,453,454,3.6540300000000814,3.6540300000000814,0.0,0.01825359389243358,0.01825359389243358,0.09003668015041003,0.08397498091385572,0.0053135742365542854,0.01825359389243358,0.005015241269534111,0.0024692143074060155,0.0024692143074060155,0.0,0.9983234005146542,0.02454256380605574,0.022073349498649725,0.9999472902503421,False
9.381,1,454,455,3.6600937500000823,3.6600937500000823,0.0,0.019011562642433602,0.019011562642433602,0.09003873091385577,0.0832190629273015,0.005692558611554296,0.019011562642433602,0.005015241269534111,0.002513049341849077,0.002513049341849077,0.0,0.9983263580776011,0.024902189664389097,0.02238914032254002,0.9999475781057972,False
9.402750000000001,1,455,456,3.6669450000000823,3.666945000000082,-4.440892098500626e-16,0.01986796889243368,0.01986796889243368,0.09007031292730192,0.08314236369074762,0.005845136736554332,0.01986796889243368,0.005015241269534111,0.0025295885876487735,0.0025295885876487735,0.0,0.9984493717416112,0.024988008534494476,0.022458419946845703,0.9999523544947689,False
9.42475,1,456,457,3.6738750000000824,3.6738750000000824,0.0,0.020734218892433733,0.020734218892433733,0.09007236369074781,0.0822781644541935,0.006278261736554359,0.020734218892433733,0.005015241269534111,0.00254086863804945,0.00254086863804945,0.0,0.9984872544175012,0.02491094605677857,0.022370077418729123,0.9999537740925214,False
9.4495,1,457,458,3.6816712500000826,3.6816712500000826,0.0,0.02170875014243375,0.02170875014243375,0.09007441445419337,0.08168466834263904,0.007252792986554319,0.02170875014243375,0.005015241269534111,0.002529580535991233,0.002529580535991233,0.0,0.9986010408822539,0.02278270027620477,0.020253119740213536,0.9999568256190949,False
9.476,1,458,459,3.6900187500000827,3.6900187500000827,0.0,0.02275218764243382,0.02275218764243382,0.09003216834263952,0.08059898473108514,0.005948906285608473,0.02275218764243382,0.005015241269534111,0.002558206975703649,0.002558206975703649,0.0,0.9987787123092213,0.02508985748890296,0.02253165051319931,0.9999650340534233,False
9.506,1,459,460,3.699468750000083,3.699468750000083,0.0,0.023933437642433858,0.023933437642433858,0.09004898473108529,0.08013837924453089,0.006539531285608491,0.023933437642433858,0.005015241269534111,0.0025399977095662708,0.0025399977095662708,0.0,0.9985767722810152,0.024745691559452866,0.022205693849886597,0.9999570114424375,False
9.5375,1,460,461,3.7093912500000834,3.7093912500000834,0.0,0.02517375014243397,0.02517375014243397,0.09006087924453157,0.08448542025125431,0.005575458993277253,0.02517375014243397,0.005015241269534111,0.002538130636119629,0.002538130636119629,0.0,0.9986965719088227,0.025203555019492674,0.022665424383373045,0.9999618332151701,False
9.555250000000001,1,461,462,3.7149825000000836,3.7149825000000836,0.0,0.025872656392433985,0.025872656392433985,0.0900766702512544,0.08380230500797717,0.005708349618277261,0.025872656392433985,0.005015241269534111,0.0025676470215980135,0.0025676470215980135,0.0,0.9983811039163119,0.025440679226610828,0.022873032205012814,0.9999499434162582,False
9.575000000000001,1,462,463,3.7212037500000843,3.7212037500000843,0.0,0.026650312642434032,0.026650312642434032,0.09002355500797746,0.08353754913970018,0.006097177743277284,0.026650312642434032,0.005015241269534111,0.0025660277542475527,0.0025660277542475527,0.0,0.9984343661533598,0.025413617720532126,0.022847589966284575,0.9999519718583457,False
9.59575,1,463,464,3.727740000000084,3.727740000000084,0.0,0.02746734389243406,0.02746734389243406,0.09007379913970026,0.08277076202142303,0.0053320312678043,0.02746734389243406,0.005015241269534111,0.002567849305118363,0.002567849305118363,0.0,0.9985321323769073,0.025452617774742288,0.022884768469623926,0.9999557612961172,False
9.61875,1,464,465,3.7349850000000844,3.7349850000000835,-8.881784197001252e-16,0.028372968892434094,0.028372968892434094,0.09001576202142308,0.08219592802814585,0.005784843767804317,0.028372968892434094,0.005015241269534111,0.0025534222400100583,0.0025534222400100583,0.0,0.9983714724334932,0.025217732702383505,0.022664310462373445,0.9999494708114095,False
9.64375,1,465,466,3.742860000000084,3.742860000000084,0.0,0.02935734389243416,0.02935734389243416,0.09007092802814613,0.08126671903486882,0.005981718767804359,0.02935734389243416,0.005015241269534111,0.0025461684288816647,0.0025461684288816647,0.0,0.9985003116048907,0.025055632646751355,0.02250946421786969,0.9999543472115155,False
9.6715,1,466,467,3.751601250000084,3.7516012500000837,-4.440892098500626e-16,0.030450000142434187,0.030450000142434187,0.09000796903486871,0.08169328151706444,0.006528046892804373,0.030450000142434187,0.005015241269534111,0.002566694857132112,0.002566694857132112,0.0,0.9985656293207472,0.025098110552082414,0.0225314156949503,0.9999568248054119,False
9.698,1,467,468,3.7599487500000843,3.759948750000084,-4.440892098500626e-16,0.031493437642434174,0.015746718821217087,0.09004078151706471,0.08068265649926036,0.007571484392804382,0.015746718821217087,0.005015241269534111,0.002553561562889043,0.002553561562889043,0.0,0.9986605120438955,0.022874753336484942,0.020321191773595898,0.9999589682273313,False
9.72775,1,468,469,3.769320000000085,3.769320000000085,0.0,0.016918125071217146,0.016918125071217146,0.0900539064992608,0.0850155471153586,0.00503835938390221,0.016918125071217146,0.005015241269534111,0.002346046741971423,0.002346046741971423,0.0,0.99884058922803,0.023287991787131902,0.02094194504516048,0.9999664929400895,False
9.74375,1,469,470,3.774360000000085,3.774360000000085,0.0,0.01754812507121718,0.01754812507121718,0.09005554711535882,0.08438718773145662,0.005353359383902226,0.01754812507121718,0.005015241269534111,0.0024359084323796513,0.0024359084323796513,0.0,0.998206005946022,0.024160754277702166,0.021724845845322516,0.9999425982644772,False
9.761750000000001,1,470,471,3.7800300000000853,3.7800300000000853,0.0,0.018256875071217243,0.018256875071217243,0.09005718773145704,0.08399507834755479,0.005313984383902253,0.018256875071217243,0.005015241269534111,0.0024878107824670174,0.0024878107824670174,0.0,0.9983236075532017,0.024738186161756076,0.022250375379289058,0.9999473924312038,False
9.781,1,471,472,3.7860937500000853,3.7860937500000853,0.0,0.019014843821217264,0.019014843821217264,0.09005882834755483,0.08323875021365261,0.005692968758902264,0.019014843821217264,0.005015241269534111,0.0025351462310849743,0.0025351462310849743,0.0,0.9983265822934368,0.025128084841202207,0.022592938610117234,0.9999476955332417,False
9.8025,1,472,473,3.7928662500000856,3.7928662500000856,0.0,0.019861406321217294,0.019861406321217294,0.09001125021365264,0.08309273457975043,0.005843085946402287,0.019861406321217294,0.005015241269534111,0.002559742599973243,0.002559742599973243,0.0,0.9984472664830449,0.025293061326672445,0.022733318726699203,0.9999524207685145,False
9.8245,1,473,474,3.7997962500000857,3.7997962500000857,0.0,0.02072765632121735,0.02072765632121735,0.0900227345797506,0.0822379689458484,0.006276210946402314,0.02072765632121735,0.005015241269534111,0.0025720157438710216,0.0025720157438710216,0.0,0.9984869426002148,0.025224225062233388,0.022652209318362367,0.9999539121542682,False
9.84925,1,474,475,3.8075925000000863,3.8075925000000863,0.0,0.021702187571217436,0.021702187571217436,0.09003421894584882,0.08165390643694652,0.007250742196402344,0.021702187571217436,0.005015241269534111,0.0025539163653892135,0.0025539163653892135,0.0,0.9986007628305976,0.023008380051789068,0.020454463686399853,0.9999569224444232,False
9.87575,1,475,476,3.8159400000000865,3.8159400000000865,0.0,0.022745625071217437,0.022745625071217437,0.09000140643694643,0.08057765642804413,0.005947265642804359,0.022745625071217437,0.005015241269534111,0.002583176788629712,0.002583176788629712,0.0,0.9987785300902938,0.025353887049798504,0.02277071026116879,0.9999651528127278,False
9.90575,1,476,477,3.8253900000000867,3.8253900000000867,0.0,0.023926875071217543,0.023926875071217543,0.09002765642804483,0.08011910173164241,0.006537890642804412,0.023926875071217543,0.005015241269534111,0.002566570581390536,0.002566570581390536,0.0,0.9985765726540031,0.025015839087538135,0.022449268506147597,0.9999571319862396,False
9.93725,1,477,478,3.8353125000000867,3.8353125000000867,0.0,0.025167187571217584,0.025167187571217584,0.09004160173164252,0.0844671681334413,0.00557443359820123,0.025167187571217584,0.005015241269534111,0.002567166579744815,0.002567166579744815,0.0,0.9986964369159591,0.025494502361693372,0.022927335781948558,0.9999619657140435,False
9.955,1,478,479,3.840903750000087,3.840903750000087,0.0,0.0258660938212176,0.0258660938212176,0.09005841813344137,0.08378507828524016,0.005707324223201238,0.0258660938212176,0.005015241269534111,0.0025914390714259746,0.0025914390714259746,0.0,0.9983809557734162,0.025688759112113192,0.02309732004068722,0.999950057169765,False
9.97475,1,479,480,3.847125000000087,3.847125000000087,0.0,0.026643750071217647,0.026643750071217647,0.09000632828524044,0.08352134781203921,0.006096152348201261,0.026643750071217647,0.005015241269534111,0.0025944475256501885,0.0025944475256501885,0.0,0.9984342583600012,0.025700259504177494,0.023105811978527305,0.999952105789922,False
9.9955,1,480,481,3.853661250000088,3.8536612500000884,4.440892098500626e-16,0.027460781321217743,0.027460781321217743,0.09005759781203984,0.08275558608883854,0.005331210946402278,0.027460781321217743,0.005015241269534111,0.0025983287969652646,0.0025983287969652646,0.0,0.9985320646543256,0.025758240571666383,0.023159911774701118,0.999955906095331,False
10.0185,1,481,482,3.8609062500000886,3.8609062500000886,0.0,0.02836640632121778,0.02836640632121778,0.09000058608883861,0.08218177749063732,0.0057840234464022955,0.02836640632121778,0.005015241269534111,0.0025877208736131444,0.0025877208736131444,0.0,0.9983714276328051,0.025556694832509344,0.0229689739588962,0.999949632267654,False
10.0435,1,482,483,3.868781250000089,3.868781250000089,0.0,0.029350781321217843,0.029350781321217843,0.09005677749063762,0.08125359389243626,0.005980898446402319,0.029350781321217843,0.005015241269534111,0.00257388630774621,0.00257388630774621,0.0,0.9985002667478046,0.025320205829135023,0.02274631952138881,0.9999544723639806,False
10.0715,1,483,484,3.8776012500000885,3.8776012500000885,0.0,0.03045328132121785,0.03045328132121785,0.09007359389243598,0.08174988294603373,0.006532148446402322,0.03045328132121785,0.005015241269534111,0.002592522317495014,0.002592522317495014,0.0,0.9985676012645007,0.02535859794112734,0.022766075623632327,0.9999570249923254,False
10.09775,1,484,485,3.885870000000089,3.885870000000089,0.0,0.031486875071217856,0.015743437535608928,0.09001863294603418,0.08066132824963185,0.007565742196402354,0.015743437535608928,0.005015241269534111,0.002574049839390877,0.002574049839390877,0.0,0.9986595866603889,0.023070102153279225,0.020496052313888347,0.9999590248442087,False
10.1275,1,485,486,3.8952412500000895,3.8952412500000895,0.0,0.016914843785608986,0.016914843785608986,0.09003257824963229,0.0849946290264311,0.005037949223201199,0.016914843785608986,0.005015241269534111,0.002377413286966138,0.002377413286966138,0.0,0.9988399768725217,0.023561450207913927,0.02118403692094779,0.9999666004142614,False
10.1435,1,486,487,3.9002812500000896,3.9002812500000896,0.0,0.01754484378560902,0.01754484378560902,0.09003462902643133,0.08436667980323014,0.005352949223201215,0.01754484378560902,0.005015241269534111,0.0024602042420402495,0.0024602042420402495,0.0,0.9982059964804498,0.024405173966308126,0.021944969724267877,0.9999427156198597,False
10.1615,1,487,488,3.9059512500000895,3.9059512500000895,0.0,0.018253593785609014,0.018253593785609014,0.09003667980323,0.08397498058002884,0.005313574223201198,0.018253593785609014,0.005015241269534111,0.00250831987897988,0.00250831987897988,0.0,0.9983235955053303,0.02495252432600556,0.02244420444702568,0.9999474952984063,False
10.18075,1,488,489,3.91201500000009,3.91201500000009,0.0,0.019011562535609105,0.019011562535609105,0.09003873058002942,0.08321906260682821,0.005692558598201243,0.019011562535609105,0.005015241269534111,0.0025599300767420274,0.0025599300767420274,0.0,0.99832659196706,0.02538242231435677,0.022822492237614744,0.9999478184317973,False
10.2025,1,489,490,3.91886625000009,3.91886625000009,0.0,0.019867968785609112,0.019867968785609112,0.09007031260682807,0.08314236338362688,0.005845136723201262,0.019867968785609112,0.005015241269534111,0.0025894693140567225,0.0025894693140567225,0.0,0.9984496698079321,0.025592947820387263,0.02300347850633054,0.9999526577251968,False
10.2245,1,490,491,3.92579625000009,3.92579625000009,0.0,0.020734218785609167,0.020734218785609167,0.09007236338362705,0.08227816416042585,0.006278261723201289,0.020734218785609167,0.005015241269534111,0.002605751711044841,0.002605751711044841,0.0,0.998487576501817,0.02556636315428497,0.022960611443240127,0.999954100420549,False
10.24925,1,491,492,3.93359250000009,3.93359250000009,0.0,0.021708750035609185,0.021708750035609185,0.09007441416042572,0.08168466806222452,0.007252792973201249,0.021708750035609185,0.005015241269534111,0.0025856237135407603,0.0025856237135407603,0.0,0.9986013206708341,0.023306152372357905,0.020720528658817145,0.9999570856603853,False
10.27575,1,492,493,3.9419400000000904,3.9419400000000904,0.0,0.022752187535609255,0.022752187535609255,0.090032168062225,0.08059898446402373,0.005948906258902331,0.022752187535609255,0.005015241269534111,0.002609156632096561,0.002609156632096561,0.0,0.9987789636186779,0.02562593089988171,0.02301677426778515,0.999965299158694,False
10.30575,1,493,494,3.951390000000091,3.951390000000091,0.0,0.02393343753560936,0.02393343753560936,0.09004898446402444,0.08013837899082304,0.006539531258902384,0.02393343753560936,0.005015241269534111,0.00259444004383134,0.00259444004383134,0.0,0.9985770408146736,0.025299424662832422,0.02270498461900108,0.9999572847268151,False
10.337250000000001,1,494,495,3.9613125000000915,3.9613125000000915,0.0,0.025173750035609403,0.025173750035609403,0.09006087899082316,0.08448542000422243,0.005575458986600718,0.025173750035609403,0.005015241269534111,0.0025975081017308244,0.0025975081017308244,0.0,0.998696863595648,0.025801215644083872,0.02320370754235305,0.9999621273656659,False
10.355,1,495,496,3.966903750000091,3.966903750000091,0.0,0.02587265628560942,0.02587265628560942,0.09007667000422251,0.08380230476762182,0.0057083496116007255,0.02587265628560942,0.005015241269534111,0.0026147157188432294,0.0026147157188432294,0.0,0.998381338631368,0.025931023642640764,0.023316307923797536,0.999950188536647,False
10.37475,1,496,497,3.973125000000092,3.973125000000091,-8.881784197001252e-16,0.026650312535609465,0.026650312535609465,0.0900235547676221,0.08353754890602137,0.006097177736600749,0.026650312535609465,0.005015241269534111,0.002622405322550677,0.002622405322550677,0.0,0.9984346474888292,0.02598468312481779,0.02336227780226711,0.9999522576460487,False
10.3955,1,497,498,3.9796612500000914,3.9796612500000914,0.0,0.027467343785609492,0.027467343785609492,0.09007379890602145,0.08277076179442074,0.005332031254451229,0.027467343785609492,0.005015241269534111,0.0026277450449405442,0.0026277450449405442,0.0,0.9985324310610106,0.026053367956810985,0.02342562291187044,0.9999560624256185,False
10.4185,1,498,499,3.986906250000092,3.986906250000092,0.0,0.028372968785609597,0.028372968785609597,0.09001576179442136,0.08219592780782059,0.005784843754451281,0.028372968785609597,0.005015241269534111,0.002620761056233362,0.002620761056233362,0.0,0.9983718081371807,0.025888120782491655,0.023267359726258294,0.9999498064813966,False
10.4435,1,499,500,3.9947812500000914,3.9947812500000914,0.0,0.029357343785609592,0.029357343785609592,0.09007092780782032,0.08126671882121954,0.00598171875445127,0.029357343785609592,0.005015241269534111,0.0026028894974300613,0.0026028894974300613,0.0,0.9985005951608628,0.025597399491130823,0.022994509993700764,0.9999546180535931,False
10.47125,1,500,501,4.003522500000092,4.003522500000092,0.0,0.03045000003560969,0.03045000003560969,0.09000796882122,0.08169328131676873,0.006528046879451319,0.03045000003560969,0.005015241269534111,0.0026110302168889884,0.0026110302168889884,0.0,0.9985658490003317,0.025547617103110043,0.022936586886221053,0.9999570475360358,False
10.49775,1,501,502,4.011870000000092,4.0118700000000915,-8.881784197001252e-16,0.031493437535609604,0.015746718767804802,0.09004078131676843,0.08068265631231716,0.007571484379451258,0.015746718767804802,0.005015241269534111,0.0025984031750409006,0.0025984031750409006,0.0,0.9986607334478118,0.023300128533313723,0.020701725358272822,0.999959177220115,False
10.5275,1,502,503,4.021241250000093,4.021241250000093,0.0,0.01691812501780493,0.01691812501780493,0.09005390631231815,0.08501554693509245,0.005038359377225692,0.01691812501780493,0.005015241269534111,0.002415730770200351,0.002415730770200351,0.0,0.9988409385700934,0.023904473791718117,0.021488743021517764,0.99996680214214,False
10.5435,1,503,504,4.026281250000093,4.026281250000093,0.0,0.017548125017804964,0.017548125017804964,0.09005554693509268,0.08438718755786699,0.005353359377225708,0.017548125017804964,0.005015241269534111,0.0024806113667143383,0.0024806113667143383,0.0,0.9982062291490552,0.02461039485509066,0.02212978348837632,0.9999428233560153,False
10.5615,1,504,505,4.031951250000093,4.031951250000093,0.0,0.018256875017804958,0.018256875017804958,0.09005718755786686,0.0839950781806412,0.005313984377225708,0.018256875017804958,0.005015241269534111,0.0025246471312271694,0.0025246471312271694,0.0,0.9983237912936275,0.025122814156540822,0.022598167025313653,0.9999475849471512,False
10.58075,1,505,506,4.038015000000093,4.038015000000093,0.0,0.01901484376780498,0.01901484376780498,0.09005882818064123,0.0832387500534156,0.005692968752225719,0.01901484376780498,0.005015241269534111,0.0025801105701297876,0.0025801105701297876,0.0,0.998326806534472,0.025593365413320864,0.023013254843191076,0.9999479282636766,False
10.60225,1,506,507,4.044787500000093,4.044787500000093,0.0,0.01986140626780508,0.01986140626780508,0.0900112500534162,0.08309273442619047,0.0058430859397257595,0.01986140626780508,0.005015241269534111,0.0026162626152747303,0.0026162626152747303,0.0,0.9984475478174667,0.02586316379694207,0.023246901181667338,0.9999527064582482,False
10.62425,1,507,508,4.051717500000093,4.051717500000093,0.0,0.020727656267805063,0.020727656267805063,0.09002273442619008,0.08223796879896442,0.006276210939725752,0.020727656267805063,0.005015241269534111,0.0026344876771318263,0.0026344876771318263,0.0,0.998487252415718,0.02585689817426115,0.023222410497129323,0.9999542268923199,False
10.649000000000001,1,508,509,4.059513750000093,4.059513750000093,0.0,0.02170218751780515,0.02170218751780515,0.09003421879896484,0.08165390629673908,0.007250742189725782,0.02170218751780515,0.005015241269534111,0.0026164556788958082,0.0026164556788958082,0.0,0.9986010749920734,0.023599025769076368,0.02098257009018056,0.9999572161619301,False
10.6755,1,509,510,4.067861250000094,4.067861250000094,0.0,0.02274562501780522,0.02274562501780522,0.09000140629673956,0.08057765629451373,0.005947265629451323,0.02274562501780522,0.005015241269534111,0.0026298512270095968,0.0026298512270095968,0.0,0.998778760522182,0.025839282134953102,0.023209430907943505,0.9999653928105852,False
10.7055,1,510,511,4.077311250000093,4.077311250000093,0.0,0.023926875017805257,0.023926875017805257,0.09002765629451387,0.08011910160478805,0.006537890629451341,0.023926875017805257,0.005015241269534111,0.0026184218497855316,0.0026184218497855316,0.0,0.9985768284755401,0.025544541763577844,0.02292611991379231,0.99995739288883,False
10.737,1,511,512,4.087233750000094,4.087233750000094,0.0,0.0251671875178053,0.0251671875178053,0.09004160160478816,0.08446716800992522,0.005574433594862932,0.0251671875178053,0.005015241269534111,0.002625832302506145,0.002625832302506145,0.0,0.9986967247898911,0.02608849317724035,0.023462660874734205,0.9999622577537435,False
10.75475,1,512,513,4.0928250000000945,4.092825000000095,8.881784197001252e-16,0.025866093767805385,0.025866093767805385,0.09005841800992587,0.08378507816506289,0.005707324219862991,0.025866093767805385,0.005015241269534111,0.0026368180544985354,0.0026368180544985354,0.0,0.9983811821864352,0.026157877378287363,0.023521059323788826,0.9999502917934281,False
10.7745,1,513,514,4.099046250000095,4.099046250000095,0.0,0.02664375001780543,0.02664375001780543,0.09000632816506317,0.08352134769520017,0.0060961523448630145,0.02664375001780543,0.005015241269534111,0.0026498366208672903,0.0026498366208672903,0.0,0.998434534678907,0.026265904766144023,0.023616068145276732,0.9999523886987048,False
10.79525,1,514,515,4.105582500000095,4.105582500000095,0.0,0.02746078126780546,0.02746078126780546,0.09005759769520025,0.08275558597533728,0.005331210939725725,0.02746078126780546,0.005015241269534111,0.002657802802443933,0.002657802802443933,0.0,0.9985323613420892,0.026355766664627953,0.02369796386218402,0.9999562054550098,False
10.81825,1,515,516,4.112827500000096,4.112827500000096,0.0,0.028366406267805493,0.028366406267805493,0.09000058597533733,0.08218177738047436,0.005784023439725742,0.028366406267805493,0.005015241269534111,0.0026545276802683285,0.0026545276802683285,0.0,0.9983717601932453,0.026228808666393648,0.02357428098612532,0.9999499687845919,False
10.84325,1,516,517,4.120702500000096,4.120702500000096,0.0,0.02935078126780556,0.02935078126780556,0.09005677738047466,0.08125359378561162,0.005980898439725783,0.02935078126780556,0.005015241269534111,0.002636916420032714,0.002636916420032714,0.0,0.998500581725922,0.025927863825510516,0.023290947405477803,0.9999547761504753,False
10.87125,1,517,518,4.129522500000096,4.129522500000096,0.0,0.030453281267805634,0.030453281267805634,0.09007359378561189,0.08174988284588613,0.006532148439725821,0.030453281267805634,0.005015241269534111,0.002636522114626089,0.002636522114626089,0.0,0.9985678193260558,0.025801085179384634,0.023164563064758545,0.999957244225702,False
10.8975,1,518,519,4.137791250000095,4.137791250000096,8.881784197001252e-16,0.031486875017805574,0.015743437508902787,0.09001863284588604,0.08066132815616026,0.007565742189725782,0.015743437508902787,0.005015241269534111,0.0026281132044608615,0.0026281132044608615,0.0,0.9986598549813802,0.023572805834122135,0.020944692629661272,0.9999592732296427,False
10.92725,1,519,520,4.147162500000096,4.147162500000096,0.0,0.016914843758902846,0.016914843758902846,0.0900325781561607,0.08499462893629778,0.005037949219862922,0.016914843758902846,0.005015241269534111,0.002465647318372283,0.002465647318372283,0.0,0.9988404180218018,0.024370437056107537,0.021904789737735256,0.9999670054287788,False
10.94325,1,520,521,4.152202500000096,4.152202500000096,0.0,0.01754484375890288,0.01754484375890288,0.090034628936298,0.08436667971643508,0.005352949219862939,0.01754484375890288,0.005015241269534111,0.002501778451618296,0.002501778451618296,0.0,0.9982062041358033,0.024822940393417856,0.02232116194179956,0.9999429246789505,False
10.96125,1,521,522,4.157872500000097,4.157872500000097,0.0,0.018253593758902942,0.018253593758902942,0.0900366797164355,0.08397498049657255,0.005313574219862964,0.018253593758902942,0.005015241269534111,0.0025436086760530553,0.0025436086760530553,0.0,0.9983237717339373,0.025314292047177896,0.02277068337112484,0.9999476765749681,False
10.980500000000001,1,522,523,4.163936250000097,4.163936250000097,0.0,0.019011562508902964,0.019011562508902964,0.09003873049657259,0.08321906252670964,0.005692558594862975,0.019011562508902964,0.005015241269534111,0.002601803958449426,0.002601803958449426,0.0,0.9983268006941142,0.02581959037603815,0.02321778641758872,0.9999480370990181,False
11.00225,1,523,524,4.170787500000097,4.170787500000097,0.0,0.01986796875890297,0.01986796875890297,0.0900703125267095,0.0831423633068466,0.0058451367198629756,0.01986796875890297,0.005015241269534111,0.002644206443735344,0.002644206443735344,0.0,0.9984499423875135,0.026143495382451594,0.02349928893871625,0.9999529335396412,False
11.02425,1,524,525,4.177717500000097,4.177717500000097,0.0,0.020734218758903026,0.020734218758903026,0.09007236330684679,0.08227816408698388,0.006278261719863003,0.020734218758903026,0.005015241269534111,0.0026654765761492316,0.0026654765761492316,0.0,0.998487872779452,0.02616926030712033,0.023503783730971096,0.9999544003179416,False
11.049,1,525,526,4.185513750000098,4.185513750000097,-8.881784197001252e-16,0.021708750008903113,0.021708750008903113,0.0900744140869843,0.0816846679921213,0.007252792969863033,0.021708750008903113,0.005015241269534111,0.0026523862929951343,0.0026523862929951343,0.0,0.9986016533461065,0.023947663814557665,0.02129527752156253,0.9999574044733263,False
11.0755,1,526,527,4.193861250000098,4.193861250000098,0.0,0.022752187508903184,0.022752187508903184,0.0900321679921218,0.08059898439725871,0.0059489062522258135,0.022752187508903184,0.005015241269534111,0.002653485723267404,0.002653485723267404,0.0,0.9987791832289826,0.026076471169444178,0.023422985446176773,0.9999655223478119,False
11.105500000000001,1,527,528,4.203311250000098,4.203311250000098,0.0,0.02393343750890322,0.02393343750890322,0.09004898439725886,0.08013837892739575,0.006539531252225832,0.02393343750890322,0.005015241269534111,0.0026432783304340115,0.0026432783304340115,0.0,0.9985772818267703,0.0257984011992654,0.02315512286883139,0.9999575309448301,False
11.137,1,528,529,4.213233750000098,4.213233750000098,0.0,0.025173750008903262,0.025173750008903262,0.09006087892739587,0.0844854199424643,0.005575458984931575,0.025173750008903262,0.005015241269534111,0.0026546592975260786,0.0026546592975260786,0.0,0.9986971440033187,0.026381539225936737,0.02372687992841066,0.9999624125789958,False
11.15475,1,529,530,4.218825000000098,4.218825000000098,0.0,0.025872656258903278,0.025872656258903278,0.09007666994246438,0.08380230470753283,0.005708349609931582,0.025872656258903278,0.005015241269534111,0.00266037328923135,0.00266037328923135,0.0,0.9983815666611688,0.026395066552357183,0.02373469326312583,0.9999504207644477,False
11.1745,1,530,531,4.225046250000099,4.225046250000099,0.0,0.026650312508903325,0.026650312508903325,0.09002355470753311,0.08353754884760152,0.006097177734931606,0.026650312508903325,0.005015241269534111,0.0026772771103169236,0.0026772771103169236,0.0,0.9984349211350834,0.026549360068999633,0.02387208295868271,0.9999525399832541,False
11.19525,1,531,532,4.2315825000000995,4.2315825000000995,0.0,0.02746734375890342,0.02746734375890342,0.09007379884760217,0.08277076173767052,0.00533203125111297,0.02746734375890342,0.005015241269534111,0.0026878480361968537,0.0026878480361968537,0.0,0.9985327309035437,0.02666108920249953,0.023973241166302676,0.9999563666638858,False
11.21825,1,532,533,4.238827500000099,4.238827500000099,0.0,0.028372968758903456,0.028372968758903456,0.09001576173767059,0.08219592775273896,0.005784843751112987,0.028372968758903456,0.005015241269534111,0.002687654376563875,0.002687654376563875,0.0,0.9983721408962763,0.026563460970485668,0.023875806593921793,0.9999501446655593,False
11.24325,1,533,534,4.246702500000099,4.246702500000099,0.0,0.02935734375890352,0.02935734375890352,0.09007092775273924,0.08126671876780754,0.005981718751113028,0.02935734375890352,0.005015241269534111,0.002673375185963616,0.002673375185963616,0.0,0.9985009468627482,0.026288065356297685,0.02361469017033407,0.9999549630765051,False
11.271,1,534,535,4.255443750000099,4.255443750000099,0.0,0.03045000000890355,0.03045000000890355,0.09000796876780745,0.08169328126669448,0.006528046876113042,0.03045000000890355,0.005015241269534111,0.0026598345790982167,0.0026598345790982167,0.0,0.9985660915231848,0.026024513886698394,0.023364679307600177,0.9999572842832534,False
11.2975,1,535,536,4.2637912500001,4.2637912500001,0.0,0.031493437508903536,0.015746718754451768,0.09004078126669476,0.08068265626558174,0.007571484376113051,0.015746718754451768,0.005015241269534111,0.0026610154211339416,0.0026610154211339416,0.0,0.9986610445791745,0.023887218387702698,0.021226202966568755,0.9999594679822176,False
11.32725,1,536,537,4.2731625000001,4.2731625000001,0.0,0.016918125004451827,0.016918125004451827,0.09005390626558218,0.08501554689002563,0.005038359375556545,0.016918125004451827,0.005015241269534111,0.002521629069289771,0.002521629069289771,0.0,0.9988414661775221,0.024909203646041912,0.02238757457675214,0.9999673037839171,False
11.34325,1,537,538,4.2782025000001,4.2782025000001,0.0,0.01754812500445186,0.01754812500445186,0.09005554689002586,0.08438718751446932,0.005353359375556562,0.01754812500445186,0.005015241269534111,0.002522001025323597,0.002522001025323597,0.0,0.9982064359952941,0.025024901762010256,0.02250290073668666,0.9999430306926027,False
11.36125,1,538,539,4.283872500000101,4.283872500000101,0.0,0.018256875004451854,0.018256875004451854,0.09005718751446919,0.08399507813891267,0.005313984375556552,0.018256875004451854,0.005015241269534111,0.002563566434970675,0.002563566434970675,0.0,0.9983239859262604,0.025510709731449553,0.02294714329647888,0.9999477794798639,False
11.3805,1,539,540,4.2899362500001015,4.2899362500001015,0.0,0.019014843754451945,0.019014843754451945,0.09005882813891328,0.0832387500133567,0.005692968750556597,0.019014843754451945,0.005015241269534111,0.0026219017437598357,0.0026219017437598357,0.0,0.9983270148282825,0.026029457087220917,0.023407555343461083,0.9999481465010707,False
11.402000000000001,1,540,541,4.296708750000101,4.296708750000101,0.0,0.019861406254451975,0.019861406254451975,0.09001125001335675,0.08309273438780017,0.0058430859380566216,0.019861406254451975,0.005015241269534111,0.0026716187984247783,0.0026716187984247783,0.0,0.9984478237921047,0.02641930557028481,0.02374768677186003,0.9999529850003724,False
11.424,1,541,542,4.3036387500001005,4.3036387500001005,0.0,0.02072765625445203,0.02072765625445203,0.09002273438780034,0.08223796876224376,0.006276210938056649,0.02072765625445203,0.005015241269534111,0.002695158666982899,0.002695158666982899,0.0,0.998487553737925,0.026467606249599124,0.023772447582616225,0.9999545308405065,False
11.44875,1,542,543,4.311435000000101,4.311435000000101,0.0,0.021702187504452047,0.021702187504452047,0.09003421876224363,0.08165390626168706,0.007250742188056609,0.021702187504452047,0.005015241269534111,0.0026873673824134884,0.0026873673824134884,0.0,0.9986014274170603,0.024292559299218017,0.021605191916804527,0.9999575601972772,False
11.47525,1,543,544,4.319782500000102,4.319782500000102,0.0,0.022745625004452118,0.022745625004452118,0.09000140626168754,0.08057765626113089,0.005947265626113047,0.022745625004452118,0.005015241269534111,0.002676819878417111,0.002676819878417111,0.0,0.9987789941580268,0.026307321095461904,0.023630501217044794,0.9999656254145927,False
11.50525,1,544,545,4.329232500000101,4.329232500000101,0.0,0.023926875004452154,0.023926875004452154,0.09002765626113104,0.08011910157307435,0.006537890626113065,0.023926875004452154,0.005015241269534111,0.002665159258218631,0.002665159258218631,0.0,0.9985770590937227,0.0260213077112681,0.02335614845304947,0.9999576280314046,False
11.53675,1,545,546,4.339155000000103,4.339155000000103,0.0,0.025167187504452265,0.025167187504452265,0.09004160157307502,0.08446716797904663,0.005574433594028397,0.025167187504452265,0.005015241269534111,0.002680442852013087,0.002680442852013087,0.0,0.9986969926302927,0.026644756880293545,0.02396431402828046,0.9999625309602388,False
11.5545,1,546,547,4.344746250000102,4.344746250000102,0.0,0.02586609375445228,0.02586609375445228,0.0900584179790467,0.08378507813501834,0.0057073242190284045,0.02586609375445228,0.005015241269534111,0.0026828543147670654,0.0026828543147670654,0.0,0.9983814124052756,0.026616448431994122,0.023933594117227057,0.9999505214218903,False
11.574250000000001,1,547,548,4.3509675000001025,4.3509675000001025,0.0,0.026643750004452328,0.026643750004452328,0.09000632813501862,0.0835213476659902,0.006096152344028428,0.026643750004452328,0.005015241269534111,0.002701326032282662,0.002701326032282662,0.0,0.9984347914185073,0.02679897631673634,0.024097650284453678,0.9999526552589825,False
11.595,1,548,549,4.357503750000102,4.357503750000102,0.0,0.027460781254452355,0.027460781254452355,0.09005759766599028,0.08275558594696189,0.005331210938056587,0.027460781254452355,0.005015241269534111,0.002714737971432997,0.002714737971432997,0.0,0.9985326453065205,0.026937584829729223,0.024222846858296225,0.99995649655463,False
11.618,1,549,550,4.364748750000103,4.364748750000103,0.0,0.02836640625445239,0.02836640625445239,0.09000058594696196,0.08218177735293358,0.005784023438056604,0.02836640625445239,0.005015241269534111,0.002717587126576096,0.002717587126576096,0.0,0.9983720737297348,0.026863971821699195,0.024146384695123098,0.9999502869454828,False
11.643,1,550,551,4.372623750000104,4.372623750000104,0.0,0.029350781254452455,0.029350781254452455,0.09005677735293387,0.08125359375890541,0.005980898438056646,0.029350781254452455,0.005015241269534111,0.0027077165790491127,0.0027077165790491127,0.0,0.9985009342383228,0.026631903009460417,0.023924186430411304,0.9999551273979401,False
11.671,1,551,552,4.381443750000104,4.381443750000104,0.0,0.03045328125445253,0.03045328125445253,0.0900735937589057,0.08174988282084908,0.006532148438056684,0.03045328125445253,0.005015241269534111,0.0026855549429221815,0.0026855549429221815,0.0,0.9985680633662427,0.02627357660895553,0.02358802166603335,0.999957479042898,False
11.69725,1,552,553,4.389712500000103,4.389712500000103,0.0,0.03148687500445247,0.015743437502226235,0.09001863282084897,0.08066132813279232,0.007565742188056645,0.015743437502226235,0.005015241269534111,0.0026977917729210403,0.0026977917729210403,0.0,0.9986602012254748,0.024238744260980147,0.021540952488059106,0.9999596034706272,False
11.727,1,553,554,4.399083750000104,4.399083750000104,0.0,0.016914843752226294,0.016914843752226294,0.09003257813279276,0.08499462891376441,0.0050379492190283535,0.016914843752226294,0.005015241269534111,0.0025775114481164704,0.0025775114481164704,0.0,0.998840973264798,0.025461195448248153,0.02288368400013168,0.9999675484140105,False
11.743,1,554,555,4.404123750000104,4.404123750000104,0.0,0.017544843752226327,0.017544843752226327,0.09003462891376465,0.0843666796947363,0.00535294921902837,0.017544843752226327,0.005015241269534111,0.00254054533423049,0.00254054533423049,0.0,0.9982063980614035,0.025207505489451575,0.022666960155221086,0.9999431170045993,False
11.761000000000001,1,555,556,4.409793750000104,4.409793750000104,0.0,0.01825359375222639,0.01825359375222639,0.09003667969473672,0.08397498047570832,0.005313574219028396,0.01825359375222639,0.005015241269534111,0.0025843384416055146,0.0025843384416055146,0.0,0.9983239756584092,0.025710301980613907,0.023125963539008393,0.999947875292899,False
11.78025,1,556,557,4.415857500000104,4.415857500000104,0.0,0.019011562502226412,0.019011562502226412,0.09003873047570836,0.08321906250668,0.005692558594028407,0.019011562502226412,0.005015241269534111,0.0026403893024253555,0.0026403893024253555,0.0,0.9983269930486299,0.026219871359833814,0.02357948205740846,0.9999482375867641,False
11.802,1,557,558,4.422708750000105,4.422708750000105,0.0,0.01986796875222649,0.01986796875222649,0.0900703125066804,0.08314236328765201,0.005845136719028442,0.01986796875222649,0.005015241269534111,0.00269840965186381,0.00269840965186381,0.0,0.9984502126705253,0.02668879113669831,0.023990381484834497,0.9999532066026319,False
11.824,1,558,559,4.429638750000105,4.429638750000105,0.0,0.020734218752226544,0.020734218752226544,0.0900723632876522,0.08227816406862379,0.006278261719028469,0.020734218752226544,0.005015241269534111,0.002724720338164815,0.002724720338164815,0.0,0.9984881672857062,0.026767022368754903,0.024042302030590088,0.9999546979840441,False
11.84875,1,559,560,4.4374350000001055,4.4374350000001055,0.0,0.02170875000222656,0.02170875000222656,0.09007441406862365,0.08168466797459523,0.007252792969028429,0.02170875000222656,0.005015241269534111,0.002722218497234489,0.002722218497234489,0.0,0.9986019995062904,0.024638792268896176,0.021916573771661688,0.9999577465699722,False
11.87525,1,560,561,4.445782500000106,4.445782500000105,-8.881784197001252e-16,0.022752187502226632,0.022752187502226632,0.0900321679745957,0.0805989843805672,0.005948906250556676,0.022752187502226632,0.005015241269534111,0.0027022708274313163,0.0027022708274313163,0.0,0.9987794264114661,0.02656041435513646,0.023858143527705142,0.9999657633856235,False
11.90525,1,561,562,4.455232500000105,4.455232500000106,8.881784197001252e-16,0.02393343750222667,0.02393343750222667,0.09004898438056735,0.08013837891153885,0.006539531250556694,0.02393343750222667,0.005015241269534111,0.002687512568501719,0.002687512568501719,0.0,0.998577500193405,0.026245292108619804,0.023557779540118083,0.9999577513250397,False
11.93675,1,562,563,4.465155000000105,4.465155000000105,0.0,0.02517375000222671,0.02517375000222671,0.09006087891153895,0.08448541992702469,0.005575458984514273,0.02517375000222671,0.005015241269534111,0.0027061372011700476,0.0027061372011700476,0.0,0.9986973963442252,0.026908400467105388,0.02420226326593534,0.9999626712022075,False
11.9545,1,563,564,4.470746250000106,4.470746250000106,0.0,0.025872656252226796,0.025872656252226796,0.09007666992702532,0.08380230469251101,0.005708349609514315,0.025872656252226796,0.005015241269534111,0.0027087609812021874,0.0027087609812021874,0.0,0.9983818088463995,0.026868860060766206,0.02416009907956402,0.9999506580858343,False
11.97425,1,564,565,4.476967500000106,4.476967500000106,0.0,0.026650312502226842,0.026650312502226842,0.09002355469251128,0.08353754883299697,0.006097177734514338,0.026650312502226842,0.005015241269534111,0.0027260933078223364,0.0027260933078223364,0.0,0.9984351645484962,0.027055163464993627,0.02432907015717129,0.9999527930060695,False
11.995000000000001,1,565,566,4.483503750000106,4.483503750000106,0.0,0.02746734375222687,0.02746734375222687,0.09007379883299704,0.08277076172348274,0.005332031250278401,0.02746734375222687,0.005015241269534111,0.0027416221463700775,0.0027416221463700775,0.0,0.9985329989353091,0.02721775099005174,0.024476128843681663,0.9999566450531047,False
