time,inserted_nodes,node_count_before,node_count_after,rest_length_before,rest_length_after,rest_length_error,tail_rest_length_before,tail_rest_length_after,payout_buffer_rest_length_before,payout_buffer_rest_length_after,payout_buffer_min_rest_length_after,payout_buffer_max_rest_length_after,minimum_physical_rest_length_after,peak_tension_before,peak_tension_after,peak_tension_jump,minimum_geometric_ratio_after,peak_tension_post_step,peak_tension_post_step_jump,minimum_standard_ratio_post_step,remeshed_in_same_step
0.5525,1,53,54,0.5300062586927308,0.5300062586927307,-1.1102230246251565e-16,0.011250782336591344,0.005625391168295672,0.09000625869273075,0.07875547635613941,0.005625391168295672,0.011250782336591344,0.005625391168295672,0.0,0.0,0.0,0.9998400386609997,0.0,0.0,0.9999826784413256,False
0.7225,1,54,55,0.5412660374435337,0.5412660374435337,0.0,0.007032863512146055,0.007032863512146055,0.09001525510694247,0.07735700042650073,0.006329127340220863,0.012658254680441726,0.006329127340220863,0.0,0.0,0.0,0.99961185725534,0.0,0.0,0.999974755775843,False
0.856,1,55,56,0.5539205167970066,0.5539205167970067,1.1102230246251565e-16,0.00861467343133017,0.00861467343133017,0.09001147977997362,0.07577141518034777,0.0071200322998129185,0.014240064599625837,0.0071200322998129185,0.0,0.0,0.0,0.9995460701456794,0.0,0.0,0.9999722907052631,False
0.9745,1,56,57,0.5681563661095685,0.5681563661095687,1.1102230246251565e-16,0.010394154595400405,0.005197077297700203,0.09000726449290969,0.07398771872921361,0.005197077297700203,0.01601954576369608,0.005197077297700203,0.0,0.0,0.0,0.9995071408262308,0.0,0.0,0.9999715593188837,False
1.086,1,57,58,0.5841880766369494,0.5841880766369494,0.0,0.007201041113622803,0.007201041113622803,0.0900194292565944,0.07199591967697572,0.006199059205661501,0.011694382239397798,0.006199059205661501,0.0,0.0,0.0,0.9992918098773377,0.0,0.0,0.9999653667138985,False
1.1945000000000001,1,58,59,0.6022271801473729,0.602227180147373,1.1102230246251565e-16,0.00945592905242573,0.00945592905242573,0.09003502318739916,0.07687665796879048,0.006974635089100365,0.01394927017820073,0.006974635089100365,0.0,0.0,0.0,0.9993121357907898,0.0,0.0,0.9999668334697579,False
1.266,1,59,60,0.6153959374290856,0.6153959374290856,0.0,0.011102023712639833,0.011102023712639833,0.0900454152505033,0.07524095537168052,0.005050020902339268,0.015595364838414833,0.005050020902339268,0.0,0.0,0.0,0.9992729228583803,0.0,0.0,0.9999656146762942,False
1.3405,1,60,61,0.6301578102049976,0.6301578102049975,-1.1102230246251565e-16,0.012947257809628814,0.012947257809628814,0.09000282814759238,0.07256222921218855,0.005972637950833758,0.012947257809628814,0.005972637950833758,0.0,0.0,0.0,0.9990278356247475,0.0,0.0,0.9999570516125038,False
1.42275,1,61,62,0.6476267847817281,0.6476267847817282,1.1102230246251565e-16,0.015130879631720138,0.015130879631720138,0.09003120378891913,0.07738161812052435,0.007565439815860069,0.015130879631720138,0.007565439815860069,0.0,0.0,0.0,0.999119800851971,0.0,0.0,0.999960826072463,False
1.47925,1,62,63,0.6602956870317572,0.6602956870317572,0.0,0.016714492412973757,0.016714492412973757,0.09005052037055333,0.07581732192090493,0.005331244801336596,0.016714492412973757,0.005331244801336596,0.0,0.0,0.0,0.9991825917924797,0.0,0.0,0.9999640639569048,False
1.54,1,63,64,0.6744818037724363,0.6744818037724363,0.0,0.0184877570055586,0.0184877570055586,0.09000343866158408,0.07849030151482048,0.005461158594849297,0.0184877570055586,0.005461158594849297,0.0,0.0,0.0,0.9989067846941442,0.0,0.0,0.9999539265155304,False
1.58775,1,64,65,0.686012774572193,0.6860127745721932,2.220446049250313e-16,0.019929128355528247,0.019929128355528247,0.0900212723145774,0.07706676381784419,0.006902529944818918,0.019929128355528247,0.006902529944818918,0.0,0.0,0.0,0.9988438837780758,0.0,0.0,0.9999520247429123,False
1.6400000000000001,1,65,66,0.6989817888876877,0.6989817888876877,0.0,0.02155025514496503,0.02155025514496503,0.09003577813333861,0.08147608857128796,0.0050835037666639524,0.02155025514496503,0.0050835037666639524,0.0,0.0,0.0,0.9990380137719764,0.0,0.0,0.9999595719707002,False
1.67375,1,66,67,0.7075377848226116,0.7075377848226116,0.0,0.02261975463683052,0.02261975463683052,0.09003208450621195,0.08040289545229579,0.005618253512596701,0.02261975463683052,0.005618253512596701,0.0,0.0,0.0,0.9986477955583224,0.0,0.0,0.9999451257714772,False
1.71125,1,67,68,0.7171942911405106,0.7171942911405105,-1.1102230246251565e-16,0.02382681792656789,0.02382681792656789,0.0900594017701947,0.08323408496786064,0.005400109757929292,0.02382681792656789,0.005400109757929292,0.0,0.0,0.0,0.9987613871666104,0.0,0.0,0.9999493732155769,False
1.73725,1,68,69,0.7239744347602158,0.7239744347602158,0.0,0.024674335879031055,0.024674335879031055,0.090014228587566,0.08234139383276877,0.00582386873416088,0.024674335879031055,0.00582386873416088,0.0,0.0,0.0,0.9986344511829366,0.0,0.0,0.9999450290122032,False
1.7665,1,69,70,0.7316778195761559,0.731677819576156,1.1102230246251565e-16,0.025637258981023564,0.025637258981023564,0.09004477864870877,0.08087427104598628,0.00678679183615338,0.025637258981023564,0.00678679183615338,0.0,0.0,0.0,0.9987303740735276,0.0,0.0,0.9999488002796014,False
1.801,1,70,71,0.7408566827080645,0.7408566827080644,-1.1102230246251565e-16,0.026784616872512147,0.026784616872512147,0.09005313417789487,0.07973526868368382,0.005091633737035173,0.026784616872512147,0.005091633737035173,0.0,0.0,0.0,0.9989024154992406,0.0,0.0,0.9999555329071477,False
1.83925,1,71,72,0.7511353426386417,0.7511353426386416,-1.1102230246251565e-16,0.028069449363834303,0.028069449363834303,0.09001392861426114,0.08037118741906545,0.005734049982696257,0.028069449363834303,0.005734049982696257,0.0,0.0,0.0,0.9986218237485539,0.0,0.0,0.9999448306168388,False
1.875,1,72,73,0.7608230604660617,0.7608230604660615,-2.220446049250313e-16,0.029280414092261762,0.029280414092261762,0.09005890524648516,0.07920519932286199,0.00521497347369579,0.029280414092261762,0.00521497347369579,0.0,0.0,0.0,0.9987253573761896,0.0,0.0,0.9999488767453004,False
1.91475,1,73,74,0.77166632380808,0.7716663238080801,1.1102230246251565e-16,0.03063582201001408,0.03063582201001408,0.09004846266488042,0.08415578523230849,0.005892677432571943,0.03063582201001408,0.005892677432571943,0.0,0.0,0.0,0.9986445148088988,0.0,0.0,0.9999455193765672,False
1.93625,1,74,75,0.7775548237731083,0.7775548237731083,0.0,0.03137188450564259,0.015685942252821296,0.09004428519733672,0.08341554526913625,0.007306443887076619,0.015685942252821296,0.005892677432571943,0.0,0.0,0.0,0.9986531537394996,0.0,0.0,0.999945581212423,False
1.96025,1,75,76,0.7841416951714054,0.7841416951714053,-1.1102230246251565e-16,0.016509301177608446,0.016509301177608446,0.0900024166674335,0.08187261385556971,0.005251130147476402,0.016509301177608446,0.005251130147476402,0.0,0.0,0.0,0.9988993159702158,0.0,0.0,0.9999551559060139,False
1.99,1,76,77,0.7923188135558381,0.7923188135558382,1.1102230246251565e-16,0.017531440975662553,0.017531440975662553,0.09004973224000251,0.08089778963008463,0.005440991923672908,0.017531440975662553,0.005440991923672908,0.0,0.0,0.0,0.9985731923539595,0.0,0.0,0.9999429774829535,False
2.02325,1,77,78,0.8014625000000001,0.8014625000000001,0.0,0.01867440178118271,0.01867440178118271,0.09004147607424648,0.08370779562498289,0.006333680449263587,0.01867440178118271,0.005892677432571943,0.0,0.0,0.0,0.9986404018645981,0.0,0.0,0.9999456293512284,False
2.04625,1,78,79,0.8077875000000002,0.8077875000000003,1.1102230246251565e-16,0.019465026781182646,0.019465026781182646,0.09003279562498294,0.08290849017571933,0.0064077848264330675,0.019465026781182646,0.005892677432571943,0.0,0.0,0.0,0.9987431257495453,0.0,0.0,0.9999493524962083,False
2.07225,1,79,80,0.8149375000000003,0.8149375000000003,0.0,0.02035877678118258,0.02035877678118258,0.09005849017571944,0.08095788442466861,0.007301534826433095,0.02035877678118258,0.005892677432571943,0.0,0.0,0.0,0.9987738817263848,0.0,0.0,0.9999504580240633,False
2.10525,1,80,81,0.8240125000000006,0.8240125000000005,-1.1102230246251565e-16,0.02149315178118248,0.02149315178118248,0.09003288442466889,0.08491539404914344,0.005117490375525445,0.02149315178118248,0.005117490375525445,0.0,0.0,0.0,0.9989384956407024,0.0,0.0,0.9999571921097175,False
2.1237500000000002,1,81,82,0.8291000000000006,0.8291000000000006,0.0,0.022129089281182422,0.022129089281182422,0.09000289404914358,0.08424946617361813,0.005019320114596653,0.022129089281182422,0.005019320114596653,0.0,0.0,0.0,0.9984443087482674,0.0,0.0,0.9999379764044944,False
2.14475,1,82,83,0.8348750000000009,0.8348750000000008,-1.1102230246251565e-16,0.022850964281182357,0.022850964281182357,0.09002446617361826,0.08464420855902158,0.005380257614596671,0.022850964281182357,0.005117490375525445,0.0,0.0,0.0,0.998441160108899,0.0,0.0,0.999938003323568,False
2.16425,1,83,84,0.8402375000000009,0.840237500000001,1.1102230246251565e-16,0.023521276781182293,0.023521276781182293,0.09000670855902168,0.083956138444425,0.005232017413216617,0.023521276781182293,0.005117490375525445,0.0,0.0,0.0,0.9985206610571526,0.0,0.0,0.9999409745523935,False
2.1862500000000002,1,84,85,0.8462875000000012,0.8462875000000011,-1.1102230246251565e-16,0.024277526781182238,0.024277526781182238,0.09000613844442518,0.08283838082982849,0.005610142413216641,0.024277526781182238,0.005117490375525445,0.0,0.0,0.0,0.9985054676358801,0.0,0.0,0.9999405494974751,False
2.2125,1,85,86,0.8535062500000014,0.8535062500000014,0.0,0.025179870531182164,0.025179870531182164,0.09005713082982864,0.08198702946523191,0.006512486163216664,0.025179870531182164,0.005117490375525445,0.0,0.0,0.0,0.9986256653951926,0.0,0.0,0.9999451565577461,False
2.24175,1,86,87,0.8615500000000014,0.8615500000000013,-1.1102230246251565e-16,0.02618533928118207,0.02618533928118207,0.09003077946523193,0.08213469955201524,0.007517954913216678,0.02618533928118207,0.005117490375525445,0.0,0.0,0.0,0.9988092223920523,0.0,0.0,0.9999521316448624,False
2.2705,1,87,88,0.8694562500000016,0.8694562500000015,-1.1102230246251565e-16,0.027173620531181986,0.013586810265590993,0.09004094955201553,0.0811565883887988,0.008506236163216722,0.013586810265590993,0.005117490375525445,0.0,0.0,0.0,0.9989473215634833,0.0,0.0,0.9999572991940494,False
2.30275,1,88,89,0.878325000000002,0.8783250000000019,-1.1102230246251565e-16,0.014695404015591048,0.014695404015591048,0.09002533838879923,0.08041050847558245,0.005301292410147958,0.014695404015591048,0.005117490375525445,0.0,0.0,0.0,0.9990683980954609,0.0,0.0,0.99996218792671,False
2.33775,1,89,90,0.8879500000000023,0.8879500000000025,1.1102230246251565e-16,0.01589852901559108,0.01589852901559108,0.09003550847558285,0.08462653101897444,0.005408977456608423,0.01589852901559108,0.005117490375525445,0.0,0.0,0.0,0.9986240447551491,0.0,0.0,0.9999452560868024,False
2.3575,1,90,91,0.8933812500000025,0.8933812500000026,1.1102230246251565e-16,0.016577435265591026,0.016577435265591026,0.09005778101897452,0.08396989731236607,0.006242308035148013,0.016577435265591026,0.005117490375525445,0.0,0.0,0.0,0.9985299796144127,0.0,0.0,0.9999415736727778,False
2.3795,1,91,92,0.8994312500000025,0.8994312500000025,0.0,0.017333685265590953,0.017333685265590953,0.09001989731236604,0.08208032365221801,0.00636906584764801,0.017333685265590953,0.005117490375525445,0.0,0.0,0.0,0.9987211241527658,0.0,0.0,0.9999489983697626,False
2.4085,1,92,93,0.9074062500000024,0.9074062500000025,1.1102230246251565e-16,0.018330560265590864,0.018330560265590864,0.09005532365221802,0.08111887499206996,0.006867503347648035,0.018330560265590864,0.005117490375525445,0.0,0.0,0.0,0.9987848307156656,0.0,0.0,0.9999513696944389,False
2.441,1,93,94,0.9163437500000026,0.9163437500000026,0.0,0.019447747765590776,0.019447747765590776,0.09005637499207007,0.08094375445692197,0.00798469084764807,0.019447747765590776,0.005117490375525445,0.0,0.0,0.0,0.9988788285447887,0.0,0.0,0.9999544305583711,False
2.474,1,94,95,0.9254187500000028,0.9254187500000027,-1.1102230246251565e-16,0.020582122765590675,0.020582122765590675,0.09001875445692227,0.08489525668934819,0.005123497767574085,0.020582122765590675,0.005117490375525445,0.0,0.0,0.0,0.9990180815900319,0.0,0.0,0.9999604734912813,False
2.49275,1,95,96,0.9305750000000031,0.930575000000003,-1.1102230246251565e-16,0.021226654015590613,0.021226654015590613,0.09005150668934829,0.08428347767177419,0.0051310172988240825,0.021226654015590613,0.005117490375525445,0.0,0.0,0.0,0.9984487408938931,0.0,0.0,0.999938628321494,False
2.51375,1,96,97,0.936350000000003,0.9363500000000032,2.220446049250313e-16,0.021948529015590565,0.021948529015590565,0.09005847767177447,0.08420558537295035,0.005491954798824108,0.021948529015590565,0.005117490375525445,0.0,0.0,0.0,0.9984712224653998,0.0,0.0,0.9999395016941711,False
2.535,1,97,98,0.9421937500000033,0.9421937500000033,0.0,0.022678997765590493,0.022678997765590493,0.09004933537295043,0.08346597432412631,0.0056079704238241185,0.022678997765590493,0.005117490375525445,0.0,0.0,0.0,0.9985619615026274,0.0,0.0,0.999943029863,False
2.559,1,98,99,0.9487937500000034,0.9487937500000034,0.0,0.023503997765590423,0.023503997765590423,0.09006597432412644,0.08301855077530232,0.006020470423824141,0.023503997765590423,0.005117490375525445,0.0,0.0,0.0,0.9986089966089532,0.0,0.0,0.9999448237696436,False
2.5845000000000002,1,99,100,0.9558062500000036,0.9558062500000035,-1.1102230246251565e-16,0.02438056026559035,0.02438056026559035,0.09003105077530245,0.08210706472647827,0.006897032923824162,0.02438056026559035,0.005117490375525445,0.0,0.0,0.0,0.9987024715628149,0.0,0.0,0.9999482718926878,False
2.61325,1,100,101,0.9637125000000036,0.9637125000000036,0.0,0.025368841515590268,0.025368841515590268,0.09001331472647847,0.08171550055265427,0.00782248381639785,0.025368841515590268,0.005117490375525445,0.0,0.0,0.0,0.9988649035040549,0.0,0.0,0.9999544046855257,False
2.6435,1,101,102,0.9720312500000041,0.9720312500000042,1.1102230246251565e-16,0.026408685265590183,0.013204342632795091,0.0900342505526546,0.08069659262883033,0.00886232756639791,0.013204342632795091,0.005117490375525445,0.0,0.0,0.0,0.9989896480488922,0.0,0.0,0.9999585603111218,False
2.6775,1,102,103,0.9813812500000048,0.9813812500000046,-1.1102230246251565e-16,0.014373092632795147,0.014373092632795147,0.09004659262883077,0.08499963866691862,0.0050469539619121505,0.014373092632795147,0.0050469539619121505,0.0,0.0,0.0,0.9991071162918145,0.0,0.0,0.9999638259813578,False
2.69575,1,103,104,0.9864000000000048,0.9864000000000048,0.0,0.015000436382795183,0.015000436382795183,0.0900183886669189,0.08434409095500672,0.005360625836912169,0.015000436382795183,0.0050469539619121505,0.0,0.0,0.0,0.9984233357287371,0.0,0.0,0.9999378276090375,False
2.7165,1,104,105,0.9921062500000051,0.9921062500000051,0.0,0.01571371763279521,0.01571371763279521,0.09005034095500698,0.0839764338680948,0.005932921595699026,0.01571371763279521,0.0050469539619121505,0.0,0.0,0.0,0.9985269857622069,0.0,0.0,0.9999418190364358,False
2.7385,1,105,106,0.998156250000005,0.9981562500000051,1.1102230246251565e-16,0.016469967632795138,0.016469967632795138,0.09002643386809478,0.08319627678118258,0.006311046595699043,0.016469967632795138,0.0050469539619121505,0.0,0.0,0.0,0.9986623546400993,0.0,0.0,0.9999470095062425,False
2.76325,1,106,107,1.0049625000000049,1.004962500000005,2.220446049250313e-16,0.017320748882795067,0.017320748882795067,0.0900025267811826,0.08246257393548356,0.00648936690819906,0.017320748882795067,0.0050469539619121505,0.0,0.0,0.0,0.9987505140254062,0.0,0.0,0.9999503193708831,False
2.79075,1,107,108,1.012525000000005,1.012525000000005,0.0,0.01826606138279498,0.01826606138279498,0.09002507393548355,0.08153980858978446,0.006962023158199083,0.01826606138279498,0.0050469539619121505,0.0,0.0,0.0,0.9987962723044664,0.0,0.0,0.999951911963832,False
2.82175,1,108,109,1.0210500000000051,1.0210500000000051,0.0,0.019331686382794894,0.019331686382794894,0.09006480858978458,0.08089204324408542,0.008027648158199117,0.019331686382794894,0.0050469539619121505,0.0,0.0,0.0,0.9988849793683928,0.0,0.0,0.9999545465060915,False
2.855,1,109,110,1.0301937500000056,1.0301937500000056,0.0,0.020474655132794787,0.020474655132794787,0.09003579324408567,0.08487792619623608,0.005157867047849601,0.020474655132794787,0.0050469539619121505,0.0,0.0,0.0,0.9990237527931731,0.0,0.0,0.9999608304872685,False
2.8737500000000002,1,110,111,1.0353500000000055,1.0353500000000055,0.0,0.021119186382794742,0.021119186382794742,0.09003417619623633,0.0842317778983867,0.00514390220409961,0.021119186382794742,0.0050469539619121505,0.0,0.0,0.0,0.9984582646341562,0.0,0.0,0.9999393135420609,False
2.89475,1,111,112,1.0411250000000059,1.0411250000000059,0.0,0.021841061382794676,0.021841061382794676,0.09000677789838682,0.0841410006942872,0.005504839704099628,0.021841061382794676,0.0050469539619121505,0.0,0.0,0.0,0.9984749252199348,0.0,0.0,0.9999399534962626,False
2.9162500000000002,1,112,113,1.0470375000000056,1.0470375000000058,2.220446049250313e-16,0.022580123882794616,0.022580123882794616,0.09005350069428737,0.08344866099018773,0.005638042829099645,0.022580123882794616,0.0050469539619121505,0.0,0.0,0.0,0.9985671850824926,0.0,0.0,0.9999434637655308,False
2.9402500000000003,1,113,114,1.053637500000006,1.0536375000000062,2.220446049250313e-16,0.023405123882794546,0.023405123882794546,0.09004866099018786,0.08297975878608821,0.006050542829099667,0.023405123882794546,0.0050469539619121505,0.0,0.0,0.0,0.9986157002226599,0.0,0.0,0.999945255563841,False
2.966,1,114,115,1.0607187500000064,1.0607187500000061,-2.220446049250313e-16,0.024290280132794467,0.024290280132794467,0.0900610087860883,0.08210695033198862,0.006935699079099684,0.024290280132794467,0.0050469539619121505,0.0,0.0,0.0,0.9987098898652229,0.0,0.0,0.9999486315193992,False
2.9947500000000002,1,115,116,1.0686250000000064,1.0686250000000064,0.0,0.025278561382794384,0.025278561382794384,0.09001320033198879,0.08167672000288906,0.007806359095698882,0.025278561382794384,0.0050469539619121505,0.0,0.0,0.0,0.9988706443702886,0.0,0.0,0.9999547049184672,False
3.02525,1,116,117,1.0770125000000066,1.0770125000000066,0.0,0.026326998882794293,0.013163499441397147,0.09006422000288936,0.08067930217378959,0.008854796595698936,0.013163499441397147,0.0050469539619121505,0.0,0.0,0.0,0.9989889358238625,0.0,0.0,0.9999583662586438,False
3.05925,1,117,118,1.086362500000007,1.086362500000007,0.0,0.014332249441397202,0.014332249441397202,0.09002930217379003,0.08495871825924012,0.00507058391454991,0.014332249441397202,0.0050469539619121505,0.0,0.0,0.0,0.9991066028828812,0.0,0.0,0.9999639423292804,False
3.07775,1,118,119,1.0914500000000078,1.0914500000000078,0.0,0.014968186941397234,0.014968186941397234,0.09004621825924036,0.08433969684469043,0.005388552664549926,0.014968186941397234,0.0050469539619121505,0.0,0.0,0.0,0.9984325047503225,0.0,0.0,0.999938421294134,False
3.0985,1,119,120,1.0971562500000074,1.0971562500000076,2.220446049250313e-16,0.015681468191397263,0.015681468191397263,0.0900459468446907,0.08394411293014074,0.005933452985349537,0.015681468191397263,0.0050469539619121505,0.0,0.0,0.0,0.9985339834027355,0.0,0.0,0.9999423003715557,False
3.12075,1,120,121,1.1032750000000073,1.1032750000000078,4.440892098500626e-16,0.0164463119413972,0.0164463119413972,0.09006286293014082,0.08319618526559086,0.006315874860349559,0.0164463119413972,0.0050469539619121505,0.0,0.0,0.0,0.9986643905247992,0.0,0.0,0.9999472371975415,False
3.1455,1,121,122,1.1100812500000077,1.1100812500000077,0.0,0.01729709319139713,0.01729709319139713,0.09000243526559087,0.08245335728024131,0.006494195172849577,0.01729709319139713,0.0050469539619121505,0.0,0.0,0.0,0.9987515484959723,0.0,0.0,0.9999504747930552,False
3.173,1,122,123,1.1176437500000078,1.1176437500000076,-2.220446049250313e-16,0.018242405691397044,0.018242405691397044,0.09001585728024128,0.08152146679489167,0.0069668514228495996,0.018242405691397044,0.0050469539619121505,0.0,0.0,0.0,0.9987972215380702,0.0,0.0,0.9999520176455333,False
3.204,1,123,124,1.1261687500000077,1.126168750000008,2.220446049250313e-16,0.019308030691396957,0.019308030691396957,0.0900464667948918,0.08086887318454214,0.008032476422849634,0.019308030691396957,0.0050469539619121505,0.0,0.0,0.0,0.9988858122342656,0.0,0.0,0.9999545308422623,False
3.23725,1,124,125,1.1353125000000082,1.135312500000008,-2.220446049250313e-16,0.020450999441396868,0.020450999441396868,0.09001262318454252,0.08485234200436766,0.005160281180174866,0.020450999441396868,0.0050469539619121505,0.0,0.0,0.0,0.9990244388481649,0.0,0.0,0.9999610099983686,False
3.2560000000000002,1,125,126,1.1404687500000084,1.1404687500000086,2.220446049250313e-16,0.021095530691396806,0.021095530691396806,0.09000859200436775,0.0842037795741929,0.005146316336424869,0.021095530691396806,0.0050469539619121505,0.0,0.0,0.0,0.998459146597296,0.0,0.0,0.9999395566922615,False
3.27725,1,126,127,1.1463125000000087,1.1463125000000085,-2.220446049250313e-16,0.021825999441396734,0.021825999441396734,0.09004752957419299,0.08417074448776811,0.005511550711424884,0.021825999441396734,0.0050469539619121505,0.0,0.0,0.0,0.9984779953255737,0.0,0.0,0.9999402459339864,False
3.2985,1,127,128,1.1521562500000089,1.152156250000009,2.220446049250313e-16,0.02255646819139668,0.02255646819139668,0.09001449448776831,0.08340724065134342,0.0056404569614249035,0.02255646819139668,0.0050469539619121505,0.0,0.0,0.0,0.9985669474623061,0.0,0.0,0.9999436023096921,False
3.3225000000000002,1,128,129,1.158756250000009,1.158756250000009,0.0,0.02338146819139661,0.02338146819139661,0.09000724065134354,0.08294022118991862,0.006052956961424926,0.02338146819139661,0.0050469539619121505,0.0,0.0,0.0,0.9986163957860097,0.0,0.0,0.9999454023440834,False
3.34825,1,129,130,1.165837500000009,1.1658375000000087,-2.220446049250313e-16,0.02426662444139653,0.02426662444139653,0.09002147118991871,0.08206929547849377,0.006938113211424943,0.02426662444139653,0.0050469539619121505,0.0,0.0,0.0,0.9987104996693055,0.0,0.0,0.999948718139825,False
3.37725,1,130,131,1.1738125000000088,1.173812500000009,2.220446049250313e-16,0.025263499441396442,0.025263499441396442,0.09004429547849392,0.08169680726706895,0.007804742047849395,0.025263499441396442,0.0050469539619121505,0.0,0.0,0.0,0.9988723782560057,0.0,0.0,0.9999548484409001,False
3.4075,1,131,132,1.1821312500000092,1.1821312500000092,0.0,0.026303343191396357,0.013151671595698178,0.09001555726706927,0.08062822530564423,0.008844585797849453,0.013151671595698178,0.0050469539619121505,0.0,0.0,0.0,0.9989879505853556,0.0,0.0,0.9999582865192,False
3.44175,1,132,133,1.1915500000000099,1.1915500000000097,-2.220446049250313e-16,0.014329015345698245,0.014329015345698245,0.09004697530564476,0.08497088744993223,0.005076087855712545,0.014329015345698245,0.0050469539619121505,0.0,0.0,0.0,0.9991066353031448,0.0,0.0,0.9999640934598256,False
3.4602500000000003,1,133,134,1.19663750000001,1.19663750000001,0.0,0.014964952845698277,0.014964952845698277,0.09005838744993247,0.0843463620942199,0.005394056605712561,0.014964952845698277,0.0050469539619121505,0.0,0.0,0.0,0.9984342099430585,0.0,0.0,0.9999386467942549,False
3.481,1,134,135,1.2023437500000103,1.2023437500000103,0.0,0.01567823409569831,0.01567823409569831,0.09005261209422016,0.08394527423850758,0.0059347928989248,0.01567823409569831,0.0050469539619121505,0.0,0.0,0.0,0.9985354850940914,0.0,0.0,0.9999424913698028,False
3.50325,1,135,136,1.2084625000000102,1.2084625000000102,0.0,0.016443077845698248,0.016443077845698248,0.09006402423850765,0.08319184263279505,0.0063172147739248225,0.016443077845698248,0.0050469539619121505,0.0,0.0,0.0,0.9986648258680927,0.0,0.0,0.9999473643522422,False
3.52825,1,136,137,1.2153375000000104,1.2153375000000102,-2.220446049250313e-16,0.01730245284569817,0.01730245284569817,0.09006684263279505,0.08250783098387021,0.006497683523924839,0.01730245284569817,0.0050469539619121505,0.0,0.0,0.0,0.9987534396554029,0.0,0.0,0.9999506491895587,False
3.5555,1,137,138,1.2228312500000103,1.2228312500000103,0.0,0.01823917159569809,0.01823917159569809,0.09000158098387023,0.08150585058494536,0.006966042898924864,0.01823917159569809,0.0050469539619121505,0.0,0.0,0.0,0.9987965606344679,0.0,0.0,0.9999520876211188,False
3.5865,1,138,139,1.2313562500000104,1.2313562500000104,0.0,0.019304796595697987,0.019304796595697987,0.09003085058494535,0.08085191706102043,0.008031667898924883,0.019304796595697987,0.0050469539619121505,0.0,0.0,0.0,0.9988858806228881,0.0,0.0,0.999954590516768,False
3.62,1,139,140,1.2405687500000107,1.2405687500000107,0.0,0.02045635909569789,0.02045635909569789,0.0900644170610208,0.08489916904905831,0.005165248011962488,0.02045635909569789,0.0050469539619121505,0.0,0.0,0.0,0.9990254431160601,0.0,0.0,0.9999611982770866,False
3.63875,1,140,141,1.245725000000011,1.245725000000011,0.0,0.021100890345697846,0.021100890345697846,0.09005541904905855,0.08424563978709604,0.0051480605119625005,0.021100890345697846,0.0050469539619121505,0.0,0.0,0.0,0.9984606414551623,0.0,0.0,0.999939761431735,False
3.6597500000000003,1,141,142,1.2515000000000112,1.2515000000000112,0.0,0.02182276534569778,0.02182276534569778,0.09002063978709617,0.08415070427513366,0.005508998011962518,0.02182276534569778,0.0050469539619121505,0.0,0.0,0.0,0.9984763872752508,0.0,0.0,0.9999403138589923,False
3.68125,1,142,143,1.2574125000000111,1.2574125000000111,0.0,0.02256182784569772,0.02256182784569772,0.09006320427513381,0.0834542062631713,0.005644349574462534,0.02256182784569772,0.0050469539619121505,0.0,0.0,0.0,0.9985684961381691,0.0,0.0,0.9999437861178752,False
3.70525,1,143,144,1.2640125000000113,1.2640125000000113,0.0,0.02338682784569765,0.02338682784569765,0.09005420626317143,0.08298114575120887,0.006056849574462556,0.02338682784569765,0.0050469539619121505,0.0,0.0,0.0,0.9986173904149155,0.0,0.0,0.9999455575854573,False
3.731,1,144,145,1.2710937500000115,1.2710937500000115,0.0,0.02427198409569757,0.02427198409569757,0.09006239575120896,0.08210417898924638,0.006942005824462573,0.02427198409569757,0.0050469539619121505,0.0,0.0,0.0,0.9987113924404906,0.0,0.0,0.9999488559616782,False
3.75975,1,145,146,1.279000000000012,1.279000000000012,0.0,0.02526026534569749,0.02526026534569749,0.09001042898924658,0.08166764191478396,0.0078039335239246605,0.02526026534569749,0.0050469539619121505,0.0,0.0,0.0,0.9988718759768406,0.0,0.0,0.9999549444178835,False
3.79025,1,146,147,1.287387500000012,1.287387500000012,0.0,0.026308702845697397,0.013154351422848699,0.09005514191478425,0.08066391734032158,0.008852371023924714,0.013154351422848699,0.0050469539619121505,0.0,0.0,0.0,0.9989890636074734,0.0,0.0,0.9999584317304081,False
3.82425,1,147,148,1.2967375000000125,1.2967375000000125,0.0,0.014323101422848754,0.014323101422848754,0.09001391734032202,0.08494018005309067,0.005073737287231355,0.014323101422848754,0.0050469539619121505,0.0,0.0,0.0,0.9991067808956425,0.0,0.0,0.9999642958795796,False
3.84275,1,148,149,1.3018250000000127,1.3018250000000127,0.0,0.014959038922848786,0.014959038922848786,0.09002768005309092,0.08431800526585954,0.005391706037231371,0.014959038922848786,0.0050469539619121505,0.0,0.0,0.0,0.9984337232219292,0.0,0.0,0.9999387530240964,False
3.8635,1,149,150,1.3075312500000131,1.3075312500000131,0.0,0.01567232017284882,0.01567232017284882,0.0900242552658598,0.08391926797862842,0.005932240199462427,0.01567232017284882,0.0050469539619121505,0.0,0.0,0.0,0.9985350684950074,0.0,0.0,0.999942582292,False
3.8857500000000003,1,150,151,1.3136500000000129,1.3136500000000129,0.0,0.016437163922848757,0.016437163922848757,0.09003801797862848,0.08316818694139708,0.006314662074462449,0.016437163922848757,0.0050469539619121505,0.0,0.0,0.0,0.9986644738281623,0.0,0.0,0.9999474627981741,False
3.91075,1,151,152,1.320525000000013,1.3205250000000128,-2.220446049250313e-16,0.01729653892284868,0.01729653892284868,0.09004318694139707,0.08248672799193461,0.006497279261962464,0.01729653892284868,0.0050469539619121505,0.0,0.0,0.0,0.9987531500201366,0.0,0.0,0.9999507492279514,False
3.93825,1,152,153,1.3280875000000132,1.328087500000013,-2.220446049250313e-16,0.018241851422848593,0.018241851422848593,0.0900492279919346,0.0815474565424721,0.006969935511962486,0.018241851422848593,0.0050469539619121505,0.0,0.0,0.0,0.9987980573030032,0.0,0.0,0.9999522793684152,False
3.969,1,153,154,1.336543750000013,1.336543750000013,0.0,0.019298882672848513,0.019298882672848513,0.09000370654247225,0.0808273257180097,0.008026966761962524,0.019298882672848513,0.0050469539619121505,0.0,0.0,0.0,0.9988854215433496,0.0,0.0,0.9999547304762677,False
4.0025,1,154,155,1.3457562500000133,1.3457562500000133,0.0,0.020450445172848414,0.020450445172848414,0.09003982571800993,0.08487585405577863,0.005163971662231302,0.020450445172848414,0.0050469539619121505,0.0,0.0,0.0,0.9990251365047396,0.0,0.0,0.9999613522405931,False
4.02125,1,155,156,1.350912500000014,1.3509125000000137,-2.220446049250313e-16,0.021094976422848473,0.021094976422848473,0.09003210405577906,0.08422360114354774,0.00514785838098132,0.021094976422848473,0.0050469539619121505,0.0,0.0,0.0,0.9984604394281962,0.0,0.0,0.9999398639344604,False
4.0425,1,156,157,1.3567562500000139,1.3567562500000139,0.0,0.021825445172848488,0.021825445172848488,0.09006735114354777,0.08418902401256648,0.005513092755981328,0.021825445172848488,0.0050469539619121505,0.0,0.0,0.0,0.9984786920007785,0.0,0.0,0.9999405096548352,False
4.06375,1,157,158,1.362600000000014,1.3626000000000138,-2.220446049250313e-16,0.022555913922848534,0.022555913922848534,0.09003277401256671,0.08342397813158542,0.0056419990059813465,0.022555913922848534,0.0050469539619121505,0.0,0.0,0.0,0.9985676007975878,0.0,0.0,0.9999438589106804,False
4.08775,1,158,159,1.3692000000000142,1.369200000000014,-2.220446049250313e-16,0.02338091392284858,0.02338091392284858,0.09002397813158555,0.08295541662560424,0.006054499005981369,0.02338091392284858,0.0050469539619121505,0.0,0.0,0.0,0.9986170277943193,0.0,0.0,0.9999456553256436,False
4.1135,1,159,160,1.3762812500000146,1.3762812500000143,-2.220446049250313e-16,0.02426607017284864,0.02426607017284864,0.09003666662560444,0.08208294886962311,0.00693965525598137,0.02426607017284864,0.0050469539619121505,0.0,0.0,0.0,0.9987111236757478,0.0,0.0,0.9999489820252236,False
4.1425,1,160,161,1.3842562500000146,1.3842562500000146,0.0,0.02526294517284869,0.02526294517284869,0.09005794886962327,0.0817089186136419,0.00780675191821229,0.02526294517284869,0.0050469539619121505,0.0,0.0,0.0,0.9988729100461405,0.0,0.0,0.999955122264868,False
4.17275,1,161,162,1.392575000000015,1.392575000000015,0.0,0.026302788922848732,0.013151394461424366,0.09002766861364225,0.08063879460766085,0.008846595668212333,0.013151394461424366,0.0050469539619121505,0.0,0.0,0.0,0.9989886353288212,0.0,0.0,0.999958626557174,False
4.207,1,162,163,1.4019937500000155,1.4019937500000155,0.0,0.014328738211424432,0.014328738211424432,0.09005754460766138,0.08498068572967066,0.005076858877990736,0.014328738211424432,0.0050469539619121505,0.0,0.0,0.0,0.9991072751916233,0.0,0.0,0.999964529819181,False
4.2255,1,163,164,1.4070812500000156,1.4070812500000156,0.0,0.014964675711424449,0.014964675711424449,0.09006818572967075,0.08435538935168004,0.005394827627990744,0.014964675711424449,0.0050469539619121505,0.0,0.0,0.0,0.9984347001981873,0.0,0.0,0.9999388866934275,False
4.24625,1,164,165,1.4127875000000159,1.4127875000000159,0.0,0.015677956961424502,0.015677956961424502,0.09006163935168038,0.08395353047368963,0.005935797834106232,0.015677956961424502,0.0050469539619121505,0.0,0.0,0.0,0.9985359306524549,0.0,0.0,0.9999427022582282,False
4.26825,1,165,166,1.418837500000016,1.418837500000016,0.0,0.01643420696142455,0.01643420696142455,0.09000353047368986,0.08313917159569911,0.006313922834106256,0.01643420696142455,0.0050469539619121505,0.0,0.0,0.0,0.9986635895192252,0.0,0.0,0.9999475219492985,False
4.2932500000000005,1,166,167,1.4257125000000161,1.4257125000000161,0.0,0.017293581961424578,0.017293581961424578,0.0900141715956991,0.0824627487615929,0.006494391584106273,0.017293581961424578,0.0050469539619121505,0.0,0.0,0.0,0.9987531731948367,0.0,0.0,0.9999508821153352,False
4.32075,1,167,168,1.433275000000016,1.433275000000016,0.0,0.018238894461424623,0.018238894461424623,0.09002524876159304,0.0815285134274868,0.006967047834106296,0.018238894461424623,0.0050469539619121505,0.0,0.0,0.0,0.9987977548696167,0.0,0.0,0.9999524234364132,False
4.35175,1,168,169,1.4418000000000168,1.4418000000000166,-2.220446049250313e-16,0.0193045194614247,0.0193045194614247,0.09005351342748727,0.08086927809338096,0.008032672834106316,0.0193045194614247,0.0050469539619121505,0.0,0.0,0.0,0.998886414355203,0.0,0.0,0.9999550092912852,False
4.385,1,169,170,1.4509437500000173,1.4509437500000173,0.0,0.020447488211424752,0.020447488211424752,0.09001302809338138,0.0848494260513282,0.005163602042053179,0.020447488211424752,0.0050469539619121505,0.0,0.0,0.0,0.9990250290185602,0.0,0.0,0.9999615262712152,False
4.4037500000000005,1,170,171,1.4561000000000175,1.4561000000000175,0.0,0.02109201946142478,0.02109201946142478,0.09000567605132836,0.08419754275927521,0.005146414542053194,0.02109201946142478,0.0050469539619121505,0.0,0.0,0.0,0.9984604400061505,0.0,0.0,0.9999399443253735,False
4.425,1,171,172,1.4619437500000176,1.4619437500000176,0.0,0.021822488211424827,0.021822488211424827,0.09004129275927548,0.0841644094672223,0.005511648917053217,0.021822488211424827,0.0050469539619121505,0.0,0.0,0.0,0.9984784279141605,0.0,0.0,0.9999405859239634,False
4.44625,1,172,173,1.4677875000000178,1.4677875000000178,0.0,0.022552956961424873,0.022552956961424873,0.09000815946722251,0.08340080742516932,0.005640555167053245,0.022552956961424873,0.0050469539619121505,0.0,0.0,0.0,0.9985673962377223,0.0,0.0,0.9999439624134202,False
4.47025,1,173,174,1.4743875000000182,1.4743875000000182,0.0,0.023377956961424917,0.023377956961424917,0.09000080742516946,0.08293368975811626,0.006053055167053267,0.023377956961424917,0.0050469539619121505,0.0,0.0,0.0,0.9986168627749544,0.0,0.0,0.9999457806649595,False
4.496,1,174,175,1.4814687500000179,1.4814687500000179,0.0,0.024263113211424946,0.024263113211424946,0.09001493975811621,0.08206266584106303,0.006938211417053238,0.024263113211424946,0.0050469539619121505,0.0,0.0,0.0,0.998711014664302,0.0,0.0,0.9999491376027483,False
4.525,1,175,176,1.4894437500000182,1.489443750000018,-2.220446049250313e-16,0.025259988211424996,0.025259988211424996,0.09003766584106318,0.08169007942400995,0.007803864240356323,0.025259988211424996,0.0050469539619121505,0.0,0.0,0.0,0.9988728639586191,0.0,0.0,0.9999553027558806,False
4.55525,1,176,177,1.4977625000000188,1.4977625000000185,-2.220446049250313e-16,0.02629983196142507,0.013149915980712535,0.09000882942401055,0.08062139925695724,0.008843707990356397,0.013149915980712535,0.0050469539619121505,0.0,0.0,0.0,0.9989885627932419,0.0,0.0,0.9999589428923504,False
4.5895,1,177,178,1.507181250000019,1.507181250000019,0.0,0.014327259730712602,0.014327259730712602,0.09004014925695777,0.08496401229843109,0.005076136958526685,0.014327259730712602,0.0050469539619121505,0.0,0.0,0.0,0.9991072641999824,0.0,0.0,0.9999647570716071,False
4.6080000000000005,1,178,179,1.5122687500000191,1.5122687500000191,0.0,0.014963197230712618,0.014963197230712618,0.09005151229843118,0.08433943783990452,0.005394105708526694,0.014963197230712618,0.0050469539619121505,0.0,0.0,0.0,0.998434611558545,0.0,0.0,0.9999389776056319,False
4.62875,1,179,180,1.5179750000000194,1.5179750000000194,0.0,0.01567647848071267,0.01567647848071267,0.09004568783990487,0.08393830088137817,0.005934353995178263,0.01567647848071267,0.0050469539619121505,0.0,0.0,0.0,0.9985358751623029,0.0,0.0,0.999942799549595,False
4.651,1,180,181,1.5240937500000196,1.5240937500000196,0.0,0.0164413222307127,0.0164413222307127,0.09005705088137825,0.08318482017285156,0.006316775870178278,0.0164413222307127,0.0050469539619121505,0.0,0.0,0.0,0.9986651459952998,0.0,0.0,0.9999477022197115,False
4.676,1,181,182,1.53096875000002,1.53096875000002,0.0,0.017300697230712758,0.017300697230712758,0.0900598201728518,0.08250124742767356,0.006497244620178311,0.017300697230712758,0.0050469539619121505,0.0,0.0,0.0,0.998753811176526,0.0,0.0,0.9999510481821371,False
4.7035,1,182,183,1.5385312500000201,1.5385312500000201,0.0,0.018246009730712803,0.018246009730712803,0.0900637474276737,0.08155986218249542,0.006969900870178333,0.018246009730712803,0.0050469539619121505,0.0,0.0,0.0,0.9987983994065929,0.0,0.0,0.9999526457827264,False
4.73425,1,183,184,1.5469875000000202,1.5469875000000202,0.0,0.019303040980712838,0.019303040980712838,0.09001611218249554,0.08083761756231722,0.008026932120178312,0.019303040980712838,0.0050469539619121505,0.0,0.0,0.0,0.9988858353875444,0.0,0.0,0.9999552973853313,False
4.76775,1,184,185,1.5562000000000207,1.5562000000000205,-2.220446049250313e-16,0.020454603480712902,0.020454603480712902,0.09005011756231773,0.08488508900222855,0.00516502856008919,0.020454603480712902,0.0050469539619121505,0.0,0.0,0.0,0.9990255359524516,0.0,0.0,0.9999617290285528,False
4.7865,1,185,186,1.561356250000021,1.561356250000021,0.0,0.02109913473071296,0.02109913473071296,0.09004133900222898,0.08423177919213977,0.005147841060089213,0.02109913473071296,0.0050469539619121505,0.0,0.0,0.0,0.9984609334219674,0.0,0.0,0.9999400678209113,False
4.8075,1,186,187,1.5671312500000212,1.5671312500000214,2.220446049250313e-16,0.021821009730712996,0.021821009730712996,0.09000677919213995,0.08413706313205076,0.005508778560089231,0.021821009730712996,0.0050469539619121505,0.0,0.0,0.0,0.998476696612832,0.0,0.0,0.9999406367094924,False
4.829,1,187,188,1.5730437500000214,1.5730437500000214,0.0,0.022560072230713022,0.022560072230713022,0.09004956313205081,0.08344078457196163,0.005641981685089248,0.022560072230713022,0.0050469539619121505,0.0,0.0,0.0,0.9985688441246307,0.0,0.0,0.9999441498308549,False
4.853,1,188,189,1.5796437500000216,1.5796437500000213,-2.220446049250313e-16,0.023385072230713067,0.023385072230713067,0.09004078457196177,0.08296794351187257,0.0060544816850892705,0.023385072230713067,0.0050469539619121505,0.0,0.0,0.0,0.9986173234809468,0.0,0.0,0.9999459548032301,False
4.87875,1,189,190,1.5867250000000217,1.5867250000000217,0.0,0.024270228480713127,0.024270228480713127,0.09004919351187277,0.08209119620178357,0.006939637935089272,0.024270228480713127,0.0050469539619121505,0.0,0.0,0.0,0.998711463067668,0.0,0.0,0.9999493622241182,False
4.90775,1,190,191,1.594700000000022,1.594700000000022,0.0,0.025267103480713177,0.025267103480713177,0.09006619620178372,0.08171718326669446,0.007807791495178379,0.025267103480713177,0.0050469539619121505,0.0,0.0,0.0,0.9988732385639163,0.0,0.0,0.9999555335151243,False
4.938,1,191,192,1.6030187500000221,1.6030187500000221,0.0,0.02630694723071322,0.01315347361535661,0.0900359332666948,0.0806470765816055,0.008847635245178422,0.01315347361535661,0.0050469539619121505,0.0,0.0,0.0,0.9989892409106207,0.0,0.0,0.9999593338952019,False
4.97225,1,192,193,1.6124375000000228,1.6124375000000226,-2.220446049250313e-16,0.014330817365356676,0.014330817365356676,0.09006582658160603,0.08498897636406134,0.005076850217544687,0.014330817365356676,0.0050469539619121505,0.0,0.0,0.0,0.9991078514745215,0.0,0.0,0.9999649988724467,False
4.9905,1,193,194,1.617456250000023,1.617456250000023,0.0,0.014958161115356713,0.014958161115356713,0.0900077263640616,0.08430353239651692,0.005390522092544705,0.014958161115356713,0.0050469539619121505,0.0,0.0,0.0,0.9984325741022136,0.0,0.0,0.9999390161143921,False
5.01125,1,194,195,1.6231625000000232,1.6231625000000232,0.0,0.015671442365356735,0.015671442365356735,0.09000978239651702,0.08390597905397233,0.0059320207475892705,0.015671442365356735,0.0050469539619121505,0.0,0.0,0.0,0.9985351482518254,0.0,0.0,0.9999429033596702,False
5.0335,1,195,196,1.6292812500000233,1.629281250000023,-2.220446049250313e-16,0.016436286115356795,0.016436286115356795,0.09002472905397266,0.08315608196142796,0.0063144426225893,0.016436286115356795,0.0050469539619121505,0.0,0.0,0.0,0.9986648314249341,0.0,0.0,0.9999478445499262,False
5.0585,1,196,197,1.6361562500000235,1.6361562500000235,0.0,0.01729566111535682,0.01729566111535682,0.09003108196142795,0.08247484246383871,0.006494911372589318,0.01729566111535682,0.0050469539619121505,0.0,0.0,0.0,0.9987535764872864,0.0,0.0,0.9999512222200275,False
5.086,1,197,198,1.6437187500000232,1.6437187500000232,0.0,0.018240973615356867,0.018240973615356867,0.09003734246383885,0.08153579046624956,0.00696756762258934,0.018240973615356867,0.0050469539619121505,0.0,0.0,0.0,0.9987982067677096,0.0,0.0,0.9999528651219933,False
5.117,1,198,199,1.6522437500000242,1.652243750000024,-2.220446049250313e-16,0.019306598615356944,0.019306598615356944,0.09006079046625001,0.08087603534366067,0.00803319262258936,0.019306598615356944,0.0050469539619121505,0.0,0.0,0.0,0.9988869085425196,0.0,0.0,0.9999556909517354,False
5.15025,1,199,200,1.6613875000000242,1.6613875000000242,0.0,0.020449567365356996,0.020449567365356996,0.09001978534366109,0.08485592340736639,0.005163861936294702,0.020449567365356996,0.0050469539619121505,0.0,0.0,0.0,0.9990254847203591,0.0,0.0,0.9999619144528479,False
5.1690000000000005,1,200,201,1.6665437500000246,1.6665437500000246,0.0,0.021094098615357024,0.021094098615357024,0.09001217340736656,0.08420378022107187,0.005146674436294716,0.021094098615357024,0.0050469539619121505,0.0,0.0,0.0,0.9984607458051215,0.0,0.0,0.9999401781126552,False
5.19025,1,201,202,1.6723875000000248,1.6723875000000248,0.0,0.02182456736535707,0.02182456736535707,0.09004753022107215,0.08417038703477744,0.005511908811294739,0.02182456736535707,0.0050469539619121505,0.0,0.0,0.0,0.9984787511553194,0.0,0.0,0.9999408454070605,False
5.2115,1,202,203,1.678231250000025,1.678231250000025,0.0,0.022555036115357117,0.022555036115357117,0.09001413703477766,0.08340652509848295,0.0056408150612947665,0.022555036115357117,0.0050469539619121505,0.0,0.0,0.0,0.998567736073352,0.0,0.0,0.9999442556382692,False
5.2355,1,203,204,1.684831250000025,1.684831250000025,0.0,0.02338003611535716,0.02338003611535716,0.09000652509848309,0.08293914753718835,0.006053315061294789,0.02338003611535716,0.0050469539619121505,0.0,0.0,0.0,0.9986172396288628,0.0,0.0,0.9999461347183267,False
5.26125,1,204,205,1.6919125000000252,1.691912500000025,-2.220446049250313e-16,0.02426519236535719,0.02426519236535719,0.09002039753718831,0.0820678637258936,0.00693847131129476,0.02426519236535719,0.0050469539619121505,0.0,0.0,0.0,0.9987114205578276,0.0,0.0,0.9999495907979957,False
5.29025,1,205,206,1.699887500000025,1.6998875000000253,2.220446049250313e-16,0.02526206736535724,0.02526206736535724,0.09004286372589375,0.081695017414599,0.007804384028839384,0.02526206736535724,0.0050469539619121505,0.0,0.0,0.0,0.9988732438040541,0.0,0.0,0.9999557826276377,False
5.3205,1,206,207,1.7082062500000257,1.7082062500000257,0.0,0.026301911115357315,0.013150955557678657,0.0900137674145996,0.08062607735330478,0.008844227778839458,0.013150955557678657,0.0050469539619121505,0.0,0.0,0.0,0.9989890870391357,0.0,0.0,0.9999597382331246,False
5.35475,1,207,208,1.7176250000000266,1.7176250000000266,0.0,0.014328299307678724,0.014328299307678724,0.09004482735330531,0.08496856044765787,0.005076266905647446,0.014328299307678724,0.0050469539619121505,0.0,0.0,0.0,0.9991077841997207,0.0,0.0,0.9999652250340623,False
5.3732500000000005,1,208,209,1.7227125000000267,1.7227125000000265,-2.220446049250313e-16,0.01496423680767874,0.01496423680767874,0.09005606044765796,0.08434385604201053,0.0053942356556474546,0.01496423680767874,0.0050469539619121505,0.0,0.0,0.0,0.9984349053150691,0.0,0.0,0.9999392396585396,False
5.394,1,209,210,1.7284187500000268,1.7284187500000268,0.0,0.015677518057678794,0.015677518057678794,0.09005010604201089,0.08394258913636342,0.005934613889419794,0.015677518057678794,0.0050469539619121505,0.0,0.0,0.0,0.9985361851979856,0.0,0.0,0.9999430943648885,False
5.41625,1,210,211,1.734537500000027,1.7345375000000267,-2.220446049250313e-16,0.016442361807678822,0.016442361807678822,0.0900613391363635,0.08318897848071605,0.006317035764419808,0.016442361807678822,0.0050469539619121505,1.3052568822633985e-06,1.3052568822633985e-06,0.0,0.9986655042520599,0.0,-1.3052568822633985e-06,0.99994804680288,False
5.44125,1,211,212,1.7414125000000271,1.7414125000000271,0.0,0.01730173680767888,0.01730173680767888,0.09006397848071629,0.08250514584129652,0.006497504514419841,0.01730173680767888,0.0050469539619121505,1.6659782778428112e-06,1.6659782778428112e-06,0.0,0.9987541929397233,0.0,-1.6659782778428112e-06,0.9999514447910129,False
5.46875,1,212,213,1.7489750000000273,1.7489750000000273,0.0,0.018247049307678925,0.018247049307678925,0.09006764584129665,0.08156350070187685,0.006970160764419864,0.018247049307678925,0.0050469539619121505,4.150378067752037e-06,4.150378067752037e-06,0.0,0.998798815929692,0.0,-4.150378067752037e-06,0.9999531284157921,False
5.4995,1,213,214,1.7574312500000273,1.7574312500000273,0.0,0.01930408055767896,0.01930408055767896,0.09001975070187697,0.08084099618745712,0.008027192014419843,0.01930408055767896,0.0050469539619121505,5.566876113336188e-06,5.566876113336188e-06,0.0,0.9988862889097102,0.0,-5.566876113336188e-06,0.999956046871157,False
5.533,1,214,215,1.7666437500000278,1.7666437500000278,0.0,0.020455643057679024,0.020455643057679024,0.09005349618745763,0.08488833768024767,0.005165158507209955,0.020455643057679024,0.0050469539619121505,7.956675638442879e-06,7.956675638442879e-06,0.0,0.9990259675371788,4.416896946249686e-06,-3.5397786921931927e-06,0.9999621375112535,False
5.55175,1,215,216,1.7718000000000282,1.7718000000000282,0.0,0.021100174307679083,0.021100174307679083,0.0900445876802481,0.08423489792303814,0.005147971007209979,0.021100174307679083,0.0050469539619121505,9.629168909199867e-06,9.629168909199867e-06,0.0,0.9984612303474905,6.350948372885192e-06,-3.2782205363146746e-06,0.9999403385121549,False
5.57275,1,216,217,1.7775750000000285,1.7775750000000285,0.0,0.021822049307679118,0.021822049307679118,0.09000989792303832,0.08414005191582835,0.005508908507209996,0.021822049307679118,0.0050469539619121505,9.499835421244261e-06,9.499835421244261e-06,0.0,0.9984770075228582,5.762557176721563e-06,-3.737278244522698e-06,0.999940931522175,False
5.59425,1,217,218,1.7834875000000285,1.7834875000000285,0.0,0.022561111807679144,0.022561111807679144,0.09005255191582842,0.08344364340861847,0.0056421116322100135,0.022561111807679144,0.0050469539619121505,1.1163816015661726e-05,1.1163816015661726e-05,0.0,0.9985691763423074,7.474552986367208e-06,-3.6892630292945176e-06,0.9999444819235157,False
5.61825,1,218,219,1.7900875000000287,1.7900875000000287,0.0,0.02338611180767919,0.02338611180767919,0.09004364340861862,0.08297067240140865,0.006054611632210036,0.02338611180767919,0.0050469539619121505,1.3362215830562485e-05,1.3362215830562485e-05,0.0,0.9986176859132884,8.618093175480468e-06,-4.744122655082016e-06,0.9999463387640993,False
5.644,1,219,220,1.7971687500000288,1.7971687500000288,0.0,0.02427126805767925,0.02427126805767925,0.09005192240140886,0.08209379514419887,0.006939767882210037,0.02427126805767925,0.0050469539619121505,1.42443307823845e-05,1.42443307823845e-05,0.0,0.9987118500786512,6.800818728685194e-06,-7.443512053699306e-06,0.9999498467318025,False
5.67275,1,220,221,1.8050750000000289,1.805075000000029,2.220446049250313e-16,0.025259549307679287,0.025259549307679287,0.09000004514419893,0.08165949601198892,0.007803754514419904,0.025259549307679287,0.0050469539619121505,1.6662030222313134e-05,1.6662030222313134e-05,0.0,0.9988723846327452,9.310039716911542e-06,-7.3519905054015926e-06,0.999956009140848,False
5.70325,1,221,222,1.8134625000000293,1.8134625000000295,2.220446049250313e-16,0.026307986807679342,0.013153993403839671,0.09004699601198936,0.0806580093797793,0.008852192014419957,0.013153993403839671,0.0050469539619121505,1.770118806161667e-05,1.770118806161667e-05,0.0,0.9989902326961938,4.685896569112537e-06,-1.3015291492504132e-05,0.9999601916766916,False
5.73725,1,222,223,1.8228125000000301,1.8228125000000301,0.0,0.014322743403839726,0.014322743403839726,0.09000800937977974,0.08493539106367466,0.005072618316105064,0.014322743403839726,0.0050469539619121505,1.779013599886494e-05,1.779013599886494e-05,0.0,0.9991079585783941,3.797201949184981e-05,2.0181883492984865e-05,0.9999654580033445,False
5.75575,1,223,224,1.8279000000000303,1.8279000000000303,0.0,0.014958680903839774,0.014958680903839774,0.090022891063675,0.08431433524756993,0.005390587066105088,0.014958680903839774,0.0050469539619121505,2.1178858573929135e-05,2.1178858573929135e-05,0.0,0.9984340520178258,8.10564343086892e-05,5.987757573476006e-05,0.9999393574938086,False
5.7765,1,224,225,1.8336062500000303,1.83360625000003,-2.220446049250313e-16,0.015671962153839796,0.015671962153839796,0.09002058524757003,0.08391671693146496,0.005932150694710036,0.015671962153839796,0.0050469539619121505,2.1500362607887443e-05,2.1500362607887443e-05,0.0,0.9985354646534788,2.051362223624148e-05,-9.867403716459628e-07,0.9999432346641728,False
5.79875,1,225,226,1.8397250000000307,1.8397250000000307,0.0,0.016436805903839856,0.016436805903839856,0.09003546693146529,0.08316675486536021,0.006314572569710066,0.016436805903839856,0.0050469539619121505,2.2629183482045082e-05,2.2629183482045082e-05,0.0,0.9986651768444249,1.8058439740047e-05,-4.570743741998081e-06,0.9999482174484415,False
5.82375,1,226,227,1.8466000000000307,1.8466000000000307,0.0,0.017296180903839883,0.017296180903839883,0.0900417548653602,0.08248538542065019,0.006497189757210085,0.017296180903839883,0.0050469539619121505,2.4019588422923432e-05,2.4019588422923432e-05,0.0,0.9987539466571449,1.924398200923782e-05,-4.775606413685611e-06,0.9999516451320672,False
5.85125,1,227,228,1.8541625000000308,1.8541625000000308,0.0,0.018241493403839928,0.018241493403839928,0.09004788542065031,0.08154620347594027,0.0069698460072101075,0.018241493403839928,0.0050469539619121505,2.6046674729029885e-05,2.6046674729029885e-05,0.0,0.9987989634891324,2.066580557125747e-05,-5.3808691577724155e-06,0.9999533787065958,False
5.882000000000001,1,228,229,1.862618750000031,1.862618750000031,0.0,0.019298524653839993,0.019298524653839993,0.09000245347594064,0.08082616215623054,0.008026877257210116,0.019298524653839993,0.0050469539619121505,2.7283371408296336e-05,2.7283371408296336e-05,0.0,0.9988864641798042,1.6827028054616217e-05,-1.045634335368012e-05,0.9999564285751829,False
5.9155,1,229,230,1.8718312500000316,1.8718312500000316,0.0,0.020450087153840057,0.020450087153840057,0.09003866215623105,0.08487473524637597,0.005163926909855084,0.020450087153840057,0.0050469539619121505,2.9498345721925684e-05,2.9498345721925684e-05,0.0,0.99902614533028,0.000301072141369714,0.0002715737956477883,0.9999623570675155,False
5.9342500000000005,1,230,231,1.8769875000000318,1.8769875000000318,0.0,0.021094618403840085,0.021094618403840085,0.09003098524637615,0.08422252708652107,0.0051478136286051,0.021094618403840085,0.0050469539619121505,3.088790273514897e-05,3.088790273514897e-05,0.0,0.9984610598383932,0.00034065212448405185,0.0003097642217489029,0.9999404927381803,False
5.9555,1,231,232,1.882831250000032,1.882831250000032,0.0,0.02182508715384013,0.02182508715384013,0.09006627708652135,0.08418799470791626,0.005513048003605123,0.02182508715384013,0.0050469539619121505,3.0546823725474565e-05,3.0546823725474565e-05,0.0,0.9984793488554495,0.0003085428963707608,0.00027799607264528624,0.9999411860814607,False
5.97675,1,232,233,1.888675000000032,1.888675000000032,0.0,0.022555555903840178,0.022555555903840178,0.09003174470791647,0.08342299357931138,0.00564195425360515,0.022555555903840178,0.0050469539619121505,3.130719956105684e-05,3.130719956105684e-05,0.0,0.99856831907984,0.0002856536520548375,0.00025434645249378064,0.9999446251524177,False
6.00075,1,233,234,1.8952750000000322,1.8952750000000322,0.0,0.023380555903840222,0.023380555903840222,0.09002299357931151,0.0829544768257064,0.006054454253605172,0.023380555903840222,0.0050469539619121505,3.463634025508035e-05,3.463634025508035e-05,0.0,0.9986178379298788,0.0002458976809218104,0.00021126134066673004,0.9999465528551653,False
6.0265,1,234,235,1.9023562500000324,1.9023562500000324,0.0,0.02426571215384025,0.02426571215384025,0.09003572682570635,0.08208205382210126,0.006939610503605143,0.02426571215384025,0.0050469539619121505,3.462544628038748e-05,3.462544628038748e-05,0.0,0.9987120171275651,2.9531165889536536e-05,-5.094280390850941e-06,0.9999501002155163,False
6.0555,1,235,236,1.9103312500000325,1.9103312500000325,0.0,0.0252625871538403,0.0252625871538403,0.09005705382210141,0.0817080683184963,0.007806662413460152,0.0252625871538403,0.0050469539619121505,3.705484413739296e-05,3.705484413739296e-05,0.0,0.9988737725705845,3.190249978190356e-05,-5.152344355489403e-06,0.9999563142930101,False
6.08575,1,236,237,1.918650000000033,1.9186500000000333,2.220446049250313e-16,0.026302430903840376,0.013151215451920188,0.09002681831849689,0.0806379890648917,0.008846506163460227,0.013151215451920188,0.0050469539619121505,3.809851403145964e-05,3.809851403145964e-05,0.0,0.9989898171301876,2.9291695288294842e-05,-8.806818743164795e-06,0.9999605721293624,False
6.12,1,237,238,1.9280687500000335,1.9280687500000335,0.0,0.014328559201920254,0.014328559201920254,0.09005673906489223,0.08497990256308957,0.005076836501802638,0.014328559201920254,0.0050469539619121505,3.956871164696217e-05,3.956871164696217e-05,0.0,0.999108455376609,0.0006188769011169701,0.0005793081894700079,0.9999657176586085,False
6.1385000000000005,1,238,239,1.9331562500000337,1.9331562500000337,0.0,0.014964496701920271,0.014964496701920271,0.09006740256308968,0.08435462856128706,0.005394805251802646,0.014964496701920271,0.0050469539619121505,4.184342394478073e-05,4.184342394478073e-05,0.0,0.9984353747631203,0.000649066895349111,0.0006072234714043303,0.9999395810918646,False
6.15925,1,239,240,1.938862500000034,1.9388625000000341,2.220446049250313e-16,0.015677777951920324,0.015677777951920324,0.09006087856128739,0.08395279205948475,0.005935753081730178,0.015677777951920324,0.0050469539619121505,4.200804729667692e-05,4.200804729667692e-05,0.0,0.9985366421840323,0.0005987739211471277,0.0005567658738504507,0.9999434603319051,False
6.18125,1,240,241,1.944912500000034,1.9449125000000342,2.220446049250313e-16,0.01643402795192034,0.01643402795192034,0.09000279205948473,0.08313845555768211,0.006313878081730187,0.01643402795192034,0.0050469539619121505,4.236298633378917e-05,4.236298633378917e-05,0.0,0.9986643535146604,0.0005412544606173963,0.0004988914742836072,0.9999483824956549,False
6.20625,1,241,242,1.9517875000000344,1.9517875000000344,0.0,0.0172934029519204,0.0172934029519204,0.09001345555768234,0.0824620774759522,0.00649434683173022,0.0172934029519204,0.0050469539619121505,4.4453879058385704e-05,4.4453879058385704e-05,0.0,0.9987540202419776,0.0005077839273736617,0.000463330048315276,0.9999518734744871,False
6.233750000000001,1,242,243,1.9593500000000346,1.9593500000000348,2.220446049250313e-16,0.018238715451920445,0.018238715451920445,0.09002457747595233,0.08152788689422216,0.006967003081730243,0.018238715451920445,0.0050469539619121505,4.434788597183165e-05,4.434788597183165e-05,0.0,0.9987987043336806,0.0003869019842003621,0.00034255409822853047,0.9999536148569337,False
6.26475,1,243,244,1.967875000000035,1.967875000000035,0.0,0.01930434045192052,0.01930434045192052,0.09005288689422261,0.08086869631249236,0.008032628081730263,0.01930434045192052,0.0050469539619121505,4.708157464795878e-05,4.708157464795878e-05,0.0,0.998887480797533,4.041019178739963e-05,-6.671382860559151e-06,0.9999568221522405,False
6.298,1,244,245,1.9770187500000356,1.9770187500000356,0.0,0.020447309201920574,0.020447309201920574,0.09001244631249278,0.08484886664662761,0.00516357966586516,0.020447309201920574,0.0050469539619121505,4.85478742512095e-05,4.85478742512095e-05,0.0,0.9990260549447909,0.0008355456175967585,0.000786997743345549,0.9999625703941836,False
6.31675,1,245,246,1.9821750000000358,1.9821750000000358,0.0,0.021091840451920602,0.021091840451920602,0.09000511664662779,0.08419700573076265,0.005146392165865168,0.021091840451920602,0.0050469539619121505,5.048955593902226e-05,5.048955593902226e-05,0.0,0.9984611389479207,0.000876998788881346,0.0008265092329423238,0.9999406729142432,False
6.338,1,246,247,1.988018750000036,1.9880187500000361,2.220446049250313e-16,0.02182230920192065,0.02182230920192065,0.09004075573076292,0.08416389481489775,0.005511626540865191,0.02182230920192065,0.0050469539619121505,4.9756848332928755e-05,4.9756848332928755e-05,0.0,0.9984791470265242,0.0008399679570265384,0.0007902111086936096,0.9999413543625525,False
6.35925,1,247,248,1.9938625000000356,1.9938625000000356,0.0,0.022552777951920663,0.022552777951920663,0.09000764481489773,0.0834003151490326,0.0056405327908652025,0.022552777951920663,0.0050469539619121505,5.0816756438139634e-05,5.0816756438139634e-05,0.0,0.9985681746970747,0.0008339664937782772,0.0007831497373401375,0.9999448143813594,False
6.38325,1,248,249,2.000462500000036,2.000462500000036,0.0,0.023377777951920708,0.023377777951920708,0.09000031514903273,0.08293321985816758,0.006053032790865225,0.023377777951920708,0.0050469539619121505,5.323639790188717e-05,5.323639790188717e-05,0.0,0.9986177227482124,0.0008096298160849072,0.0007563934181830201,0.9999467591907892,False
6.409,1,249,250,2.0075437500000364,2.0075437500000364,0.0,0.024262934201920768,0.024262934201920768,0.09001446985816777,0.08206221831730262,0.006938189040865226,0.024262934201920768,0.0050469539619121505,5.353099032598472e-05,5.353099032598472e-05,0.0,0.9987119555895844,0.0005531437200237757,0.000499612729697791,0.9999503413766522,False
6.438,1,250,251,2.0155187500000364,2.0155187500000364,0.0,0.025259809201920818,0.025259809201920818,0.09003721831730277,0.08168965427643757,0.007803819487980279,0.025259809201920818,0.0050469539619121505,5.6014443680144954e-05,5.6014443680144954e-05,0.0,0.998873767670535,0.00046622188502978834,0.0004102074413496434,0.9999565563320961,False
6.46825,1,251,252,2.023837500000037,2.023837500000037,0.0,0.02629965295192086,0.01314982647596043,0.09000840427643791,0.08062099648557265,0.008843663237980321,0.01314982647596043,0.0050469539619121505,5.728756803291514e-05,5.728756803291514e-05,0.0,0.9989897228702395,0.0003805576326095725,0.00032327006457665735,0.9999609325077111,False
6.5025,1,252,253,2.0332562500000373,2.0332562500000373,0.0,0.014327170225960497,0.014327170225960497,0.09003974648557318,0.07988749494470786,0.005010503493990194,0.014327170225960497,0.005010503493990194,5.8613698148210205e-05,5.8613698148210205e-05,0.0,0.9991084304551116,0.00108337955726142,0.0010247658591132098,0.9999659382321224,False
6.5395,1,253,254,2.0434312500000376,2.0434312500000376,0.0,0.015599045225960562,0.015599045225960562,0.09006249494470821,0.0786383684038428,0.005895659743990222,0.015599045225960562,0.0050469539619121505,6.078722702351615e-05,6.078722702351615e-05,0.0,0.9985776413931831,0.001083114148184211,0.0010223269211606949,0.9999454394047693,False
6.581,1,254,255,2.054843750000038,2.054843750000038,0.0,0.01702560772596064,0.01702560772596064,0.09005086840384306,0.0834419274098528,0.006608940993990261,0.01702560772596064,0.0050469539619121505,6.224078918731408e-05,6.224078918731408e-05,0.0,0.9987795421093064,0.0011092295446349584,0.0010469887554476443,0.9999530380741054,False
6.605,1,255,256,2.061443750000038,2.0614437500000378,-4.440892098500626e-16,0.017850607725960685,0.017850607725960685,0.09004192740985303,0.08260798641586277,0.006772222243990288,0.017850607725960685,0.0050469539619121505,6.344742331561004e-05,6.344742331561004e-05,0.0,0.9987978184044667,0.001006195053662881,0.0009427476303472711,0.9999537064075028,False
6.632000000000001,1,256,257,2.0688687500000382,2.0688687500000382,0.0,0.01877873272596074,0.01877873272596074,0.09003298641586308,0.0809576391718728,0.00770034724399028,0.01877873272596074,0.0050469539619121505,6.317043407652498e-05,6.317043407652498e-05,0.0,0.9988396777700314,0.0004453381321080363,0.0003821676980315113,0.9999553187747993,False
6.665,1,257,258,2.077943750000039,2.077943750000039,0.0,0.01991310772596081,0.01991310772596081,0.09003263917187337,0.07982291692788303,0.005261870681490221,0.01991310772596081,0.0050469539619121505,6.560980413989813e-05,6.560980413989813e-05,0.0,0.9989886842780737,0.0012325870904121919,0.0011669772862722937,0.9999613361117775,False
6.70225,1,258,259,2.088187500000039,2.088187500000039,0.0,0.021193576475960887,0.021193576475960887,0.09006666692788347,0.07818975718389307,0.00505759549699521,0.021193576475960887,0.0050469539619121505,6.783842643497411e-05,6.783842643497411e-05,0.0,0.998634331421427,0.0013031700126159042,0.00123533158618093,0.9999478216839135,False
6.74525,1,259,260,2.1000125000000396,2.100012500000039,-4.440892098500626e-16,0.02267170147596094,0.02267170147596094,0.09001475718389312,0.07665972243990267,0.005796657996995237,0.02267170147596094,0.0050469539619121505,6.999737896423184e-05,6.999737896423184e-05,0.0,0.9986328213583099,0.0013212519969570402,0.0012512546179928084,0.9999476134203871,False
6.7940000000000005,1,260,261,2.1134187500000396,2.1134187500000396,0.0,0.02434748272596103,0.02434748272596103,0.09006597243990301,0.0825935331929078,0.007472439246995217,0.02434748272596103,0.0050469539619121505,7.19555895674385e-05,7.19555895674385e-05,0.0,0.9988041040633993,0.001104370216481989,0.0010324146269145504,0.9999540341548445,False
6.821,1,261,262,2.12084375000004,2.12084375000004,0.0,0.025275607725961085,0.025275607725961085,0.09001853319290817,0.08161796894591292,0.005312185340745163,0.025275607725961085,0.0050469539619121505,7.166580691180128e-05,7.166580691180128e-05,0.0,0.9989362505333035,0.0013813384897640862,0.001309672682852285,0.9999591891092523,False
6.8515,1,262,263,2.12923125000004,2.12923125000004,0.0,0.02632404522596114,0.02632404522596114,0.09000546894591321,0.07981740469891793,0.00583640409074519,0.02632404522596114,0.0050469539619121505,7.40637075547146e-05,7.40637075547146e-05,0.0,0.9985952891729513,0.0014041537569558053,0.0013300900494010908,0.9999462808182337,False
6.88875,1,263,264,2.139475000000041,2.139475000000041,0.0,0.027604513975961215,0.027604513975961215,0.0900611546989182,0.07859262170192284,0.005368044715745247,0.027604513975961215,0.0050469539619121505,7.635519556906432e-05,7.635519556906432e-05,0.0,0.9987444669012033,0.0014649464156347713,0.001388591220065707,0.9999519232908014,False
6.93025,1,264,265,2.150887500000041,2.1508875000000414,4.440892098500626e-16,0.029031076475961294,0.029031076475961294,0.09000512170192317,0.08146168636117795,0.006081325965745286,0.029031076475961294,0.0050469539619121505,7.787004518492196e-05,7.787004518492196e-05,0.0,0.9986851122469135,0.0014370094323061626,0.0013591393871212405,0.999949809727389,False
6.9615,1,265,266,2.1594812500000415,2.1594812500000415,0.0,0.03010529522596135,0.03010529522596135,0.09005543636117813,0.08043778227043286,0.0050709364203726315,0.03010529522596135,0.0050469539619121505,7.878822103783882e-05,7.878822103783882e-05,0.0,0.9987515620257708,0.0015578336964056222,0.0014790454753677833,0.9999524960692139,False
6.9965,1,266,267,2.1691062500000413,2.1691062500000413,0.0,0.031308420225961406,0.031308420225961406,0.09006278227043316,0.08439028335006049,0.005672498920372666,0.031308420225961406,0.0050469539619121505,8.082643150639877e-05,8.082643150639877e-05,0.0,0.9985758185622999,0.0015825764446756804,0.0015017500131692817,0.9999454629033921,False
7.017,1,267,268,2.174743750000041,2.174743750000041,0.0,0.032013107725961235,0.016006553862980617,0.09002778335006027,0.08365059692968764,0.006978748920372587,0.016006553862980617,0.0050469539619121505,8.192132142977875e-05,8.192132142977875e-05,0.0,0.9985987879964752,0.0007847902398141933,0.0007028689183844146,0.9999459667613317,False
7.04025,1,268,269,2.1811375000000415,2.181137500000042,4.440892098500626e-16,0.01680577261298066,0.01680577261298066,0.09004434692968787,0.08226637925931529,0.005287928607872672,0.01680577261298066,0.0050469539619121505,8.090113883274034e-05,8.090113883274034e-05,0.0,0.9988511779221196,0.00172590706313977,0.0016450059243070295,0.9999560058659048,False
7.0685,1,269,270,2.1889062500000422,2.188906250000042,-4.440892098500626e-16,0.017776866362980738,0.017776866362980738,0.09003512925931578,0.08128606783894313,0.005773475482872712,0.017776866362980738,0.0050469539619121505,8.330884174847932e-05,8.330884174847932e-05,0.0,0.9985724065848992,0.00174863337177876,0.0016653245300302807,0.9999453458346207,False
7.10025,1,270,271,2.1976375000000417,2.1976375000000417,0.0,0.018868272612980786,0.018868272612980786,0.09001731783894323,0.08266688923107057,0.005962537982872739,0.018868272612980786,0.0050469539619121505,8.522101254477788e-05,8.522101254477788e-05,0.0,0.9986984971015215,0.0017644837075040665,0.0016792626949592886,0.9999502560619985,False
7.127,1,271,272,2.2049937500000425,2.2049937500000425,0.0,0.01978780386298083,0.01978780386298083,0.09002313923107064,0.08175317937319795,0.006422303607872761,0.01978780386298083,0.0050469539619121505,8.606414903068065e-05,8.606414903068065e-05,0.0,0.9987018310901141,0.001721841183387758,0.0016357770343570774,0.9999504468134799,False
7.157,1,272,273,2.213243750000043,2.213243750000042,-8.881784197001252e-16,0.020819053862980892,0.020819053862980892,0.0900031793731982,0.08118751639032547,0.0074535536078727555,0.020819053862980892,0.0050469539619121505,8.810106070843054e-05,8.810106070843054e-05,0.0,0.9988015102018681,0.0011167602588684142,0.0010286591981599836,0.9999541250177565,False
7.18925,1,273,274,2.2221125000000423,2.2221125000000423,0.0,0.02192764761298093,0.02192764761298093,0.09005626639032574,0.08013200965745297,0.005759060340745243,0.02192764761298093,0.0050469539619121505,8.81351093522807e-05,8.81351093522807e-05,0.0,0.9989567241936915,0.0018194665462053401,0.0017313314368530594,0.9999603481379143,False
7.22525,1,274,275,2.2320125000000433,2.2320125000000433,0.0,0.023165147612981014,0.023165147612981014,0.09003200965745346,0.07977259667458061,0.005129706491436422,0.023165147612981014,0.0050469539619121505,9.086393759071046e-05,9.086393759071046e-05,0.0,0.9987232725979276,0.0019296491142585664,0.001838785176667856,0.9999515063132745,False
7.2625,1,275,276,2.242256250000043,2.242256250000043,0.0,0.02444561636298109,0.02444561636298109,0.09001634667458094,0.08360617143314453,0.005540058053936465,0.02444561636298109,0.0050469539619121505,9.222127256827203e-05,9.222127256827203e-05,0.0,0.9986061192086071,0.001951964775200151,0.0018597435026318791,0.9999466969416152,False
7.2860000000000005,1,276,277,2.2487187500000436,2.2487187500000436,0.0,0.02525342886298111,0.02525342886298111,0.09006867143314456,0.08285068369170817,0.005943964303936476,0.02525342886298111,0.0050469539619121505,9.280963937531575e-05,9.280963937531575e-05,0.0,0.9985924934691272,0.0019435062650548403,0.0018506966256795244,0.9999462230571589,False
7.312,1,277,278,2.255868750000044,2.255868750000044,0.0,0.026147178862981183,0.026147178862981183,0.0900006836917085,0.08275906313777205,0.006837714303936488,0.026147178862981183,0.0050469539619121505,9.439883779559584e-05,9.439883779559584e-05,0.0,0.998693433098198,0.0017488394812348387,0.001654440643439243,0.9999501230550902,False
7.3385,1,278,279,2.2631562500000437,2.2631562500000437,0.0,0.027058116362981215,0.027058116362981215,0.09004656313777215,0.08189400508383571,0.005444764545372694,0.027058116362981215,0.0050469539619121505,9.474137481346162e-05,9.474137481346162e-05,0.0,0.9988470523128145,0.0019814486967949588,0.001886707321981497,0.9999560576477926,False
7.368,1,279,280,2.271268750000044,2.2712687500000444,4.440892098500626e-16,0.028072178862981256,0.028072178862981256,0.0900065050838359,0.08124379077989939,0.005951795795372715,0.028072178862981256,0.0050469539619121505,9.679132650505249e-05,9.679132650505249e-05,0.0,0.9986168039870353,0.001995178715499573,0.0018983873889945205,0.9999472816222952,False
7.4,1,280,281,2.2800687500000443,2.2800687500000443,0.0,0.029172178862981315,0.029172178862981315,0.09004379077989957,0.08018107647596302,0.00544691298287275,0.029172178862981315,0.0050469539619121505,9.765454539851901e-05,9.765454539851901e-05,0.0,0.9987332357112574,0.002034219643358544,0.0019365650979600248,0.9999518478498419,False
7.4357500000000005,1,281,282,2.2899000000000447,2.2899000000000447,0.0,0.030401085112981386,0.030401085112981386,0.0900123264759633,0.0812245931805906,0.006061366107872786,0.030401085112981386,0.0050469539619121505,9.94731151335404e-05,9.94731151335404e-05,0.0,0.9986619559359385,0.0020321897003931916,0.0019327165852596512,0.9999491896433667,False
7.4677500000000006,1,282,283,2.2987000000000446,2.2987000000000446,0.0,0.03150108511298138,0.01575054255649069,0.09002459318059072,0.08013685988521793,0.007161366107872772,0.01575054255649069,0.0050469539619121505,0.00010032632999132242,0.00010032632999132242,0.0,0.998752824123274,0.0016104492448055611,0.0015101229148142387,0.9999524208830897,False
7.50375,1,283,284,2.308600000000045,2.308600000000045,0.0,0.016988042556490772,0.016988042556490772,0.0900368598852185,0.07941865783984564,0.005309101022686432,0.016988042556490772,0.0050469539619121505,0.00010203102996387758,0.00010203102996387758,0.0,0.9989366847469922,0.002258859296809468,0.0021568282668455903,0.9999598446714949,False
7.54225,1,284,285,2.3191875000000457,2.3191875000000457,0.0,0.01831148005649084,0.01831148005649084,0.09000615783984603,0.08337361931715961,0.005168378366436438,0.01831148005649084,0.0050469539619121505,0.00010464692503939964,0.00010464692503939964,0.0,0.9986529959791193,0.0023211394913797423,0.0022164925663403427,0.9999486491835607,False
7.5665000000000004,1,285,286,2.3258562500000455,2.3258562500000455,0.0,0.019145073806490866,0.019145073806490866,0.09004236931715964,0.08257623704447326,0.00558517524143645,0.019145073806490866,0.0050469539619121505,0.00010997496500097484,0.00010997496500097484,0.0,0.9985114930306684,0.002336442547605136,0.0022264675826041613,0.9999432678143241,False
7.593500000000001,1,286,287,2.333281250000046,2.333281250000046,0.0,0.02007319880649092,0.02007319880649092,0.09000123704447344,0.08307113992803704,0.005742011178936479,0.02007319880649092,0.0050469539619121505,0.00011029685587328742,0.00011029685587328742,0.0,0.9986284533050697,0.002320331897733424,0.002210035041860137,0.9999478164562611,False
7.61875,1,287,288,2.3402250000000455,2.340225000000046,4.440892098500626e-16,0.020941167556490958,0.020941167556490958,0.09001488992803706,0.08221682406160068,0.006175995553936498,0.020941167556490958,0.0050469539619121505,0.00011635947335948091,0.00011635947335948091,0.0,0.9986486259066073,0.0023482902115159535,0.0022319307381564726,0.9999486838764098,False
7.6472500000000005,1,288,289,2.348062500000046,2.348062500000046,0.0,0.021920855056491016,0.021920855056491016,0.09005432406160083,0.08169336757016438,0.007155683053936492,0.021920855056491016,0.0050469539619121505,0.00011256154530141152,0.00011256154530141152,0.0,0.9987518065943368,0.0017787408979865506,0.001666179352685139,0.9999525025693999,False
7.6775,1,289,290,2.3563812500000463,2.3563812500000463,0.0,0.02296069880649109,0.02296069880649109,0.09001211757016486,0.08061131732872834,0.006000135639122791,0.02296069880649109,0.0050469539619121505,0.00011755137682816493,0.00011755137682816493,0.0,0.9989102657870238,0.002359241789866226,0.002241690413038061,0.9999588066835975,False
7.71175,1,290,291,2.3658000000000468,2.3658000000000468,0.0,0.024138042556491126,0.024138042556491126,0.09003006732872845,0.08022321239979191,0.006588807514122809,0.024138042556491126,0.0050469539619121505,0.00011892237282247608,0.00011892237282247608,0.0,0.9987556937787481,0.002343599094966828,0.0022246767221443518,0.9999529567557948,False
7.7475000000000005,1,291,292,2.3756312500000467,2.3756312500000467,0.0,0.025366948806491197,0.025366948806491197,0.09005446239979223,0.07901870122085561,0.005300888401968315,0.025366948806491197,0.0050469539619121505,0.00012259008617784018,0.00012259008617784018,0.0,0.9988577875185934,0.0024429598454482754,0.0023203697592704352,0.9999570199978317,False
7.7875000000000005,1,292,293,2.3866312500000473,2.3866312500000473,0.0,0.02674194880649127,0.02674194880649127,0.09001870122085602,0.08403031281888766,0.005988388401968352,0.02674194880649127,0.0050469539619121505,0.00012493721841021148,0.00012493721841021148,0.0,0.9986619496073089,0.0024545652352700245,0.002329628016859813,0.9999491761767649,False
7.8092500000000005,1,293,294,2.3926125000000478,2.3926125000000473,-4.440892098500626e-16,0.02748960505649131,0.02748960505649131,0.09001156281888782,0.08327551816691947,0.005264520944561445,0.02748960505649131,0.0050469539619121505,0.00013293179837615463,0.00013293179837615463,0.0,0.9986738238238947,0.0024981533932805743,0.00236522159490442,0.9999495768701426,False
7.83375,1,294,295,2.3993500000000476,2.399350000000048,4.440892098500626e-16,0.028331792556491375,0.028331792556491375,0.09001301816691984,0.08174728601495151,0.005685614694561478,0.028331792556491375,0.0050469539619121505,0.0001308607334865219,0.0001308607334865219,0.0,0.998537224636809,0.0025089109331906147,0.0023780501997040927,0.9999444556097228,False
7.864,1,295,296,2.407668750000048,2.407668750000048,0.0,0.02937163630649142,0.02937163630649142,0.0900660360149516,0.08076046011298323,0.00591120063206151,0.02937163630649142,0.0050469539619121505,0.00013384088348563584,0.00013384088348563584,0.0,0.9986719547046712,0.002517888773760822,0.0023840478902751863,0.9999497084833792,False
7.89775,1,296,297,2.4169500000000483,2.416950000000048,-4.440892098500626e-16,0.030531792556491494,0.030531792556491494,0.09004171011298344,0.08173500166842199,0.006491278757061548,0.030531792556491494,0.0050469539619121505,0.0001339537548130871,0.0001339537548130871,0.0,0.9987370416084126,0.0024883830953121647,0.0023544293404990776,0.9999522827355892,False
7.928,1,297,298,2.4252687500000483,2.4252687500000483,0.0,0.03157163630649145,0.015785818153245725,0.090053751668422,0.0807071994738605,0.0075311225070615224,0.015785818153245725,0.0050469539619121505,0.00013835377785718274,0.00013835377785718274,0.0,0.9988143185290804,0.0023113983128215214,0.0021730445349643387,0.9999551424100508,False
7.962,1,298,299,2.4346187500000487,2.4346187500000487,0.0,0.01695456815324578,0.01695456815324578,0.0900571994738609,0.07996299102929935,0.005047104222280777,0.01695456815324578,0.0050469539619121505,0.00013753178532477156,0.00013753178532477156,0.0,0.998973707726584,0.002708220958093338,0.0025706891727685665,0.9999614855111587,False
7.9985,1,299,300,2.444656250000049,2.444656250000049,0.0,0.018209255653245854,0.018209255653245854,0.09000049102929977,0.083698699307019,0.005267319066030816,0.018209255653245854,0.0050469539619121505,0.00014294668192993165,0.00014294668192993165,0.0,0.9985824825884425,0.002772654119771581,0.0026297074378416494,0.999946152422185,False
8.0215,1,300,301,2.450981250000049,2.450981250000049,0.0,0.018999880653245916,0.018999880653245916,0.09002369930701919,0.08293128258473842,0.005662631566030822,0.018999880653245916,0.0050469539619121505,0.00014338572017657468,0.00014338572017657468,0.0,0.998525437071217,0.0027313438191834405,0.0025879580990068657,0.9999439929707099,False
8.04725,1,301,302,2.458062500000049,2.458062500000049,0.0,0.019885036903245914,0.019885036903245914,0.09001253258473806,0.08306943226870729,0.005815170628530792,0.019885036903245914,0.0050469539619121505,0.00015200259666044304,0.00015200259666044304,0.0,0.9986359111315303,0.0028210695155910653,0.0026690669189306225,0.9999483442227349,False
8.0725,1,302,303,2.465006250000049,2.4650062500000494,4.440892098500626e-16,0.020753005653246014,0.020753005653246014,0.09001318226870773,0.08220211320267692,0.006249155003530813,0.020753005653246014,0.0050469539619121505,0.00015215065288484074,0.00015215065288484074,0.0,0.9986636292262802,0.002801304564419276,0.0026491539115344356,0.9999494800651326,False
8.101,1,303,304,2.472843750000049,2.472843750000049,0.0,0.02173269315324604,0.02173269315324604,0.09003961320267675,0.081644169136646,0.007228842503530776,0.02173269315324604,0.0050469539619121505,0.00015013885571857965,0.00015013885571857965,0.0,0.9987646595454713,0.002415926205500671,0.0022657873497820913,0.9999532926702851,False
8.1315,1,304,305,2.4812312500000493,2.4812312500000493,0.0,0.022781130653246096,0.022781130653246096,0.09003166913664595,0.08058778757061519,0.005957392038311503,0.022781130653246096,0.0050469539619121505,0.0001541539181324199,0.0001541539181324199,0.0,0.9989212431351909,0.002812645853965925,0.002658491935833505,0.9999594487685309,False
8.165750000000001,1,305,306,2.490650000000049,2.490650000000049,0.0,0.023958474403246163,0.023958474403246163,0.09000653757061518,0.0801179294420844,0.006546063913311497,0.023958474403246163,0.0050469539619121505,0.00015565345487174298,0.00015565345487174298,0.0,0.998748440440535,0.002794051378674226,0.002638397923802483,0.9999528959746418,False
8.20175,1,306,307,2.5005500000000485,2.5005500000000485,0.0,0.025195974403246214,0.025195974403246214,0.09001792944208425,0.0788918213135535,0.005346061876765359,0.025195974403246214,0.0050469539619121505,0.00015950507850892936,0.00015950507850892936,0.0,0.9988529768603417,0.0028716358909946955,0.0027121308124857663,0.9999570451109777,False
8.24225,1,307,308,2.5116875000000487,2.5116875000000487,0.0,0.02658816190324628,0.02658816190324628,0.09002932131355339,0.08398716568678805,0.006042155626765346,0.02658816190324628,0.0050469539619121505,0.00016204527347495325,0.00016204527347495325,0.0,0.9986745450130227,0.0028879843002706344,0.0027259390267956813,0.9999498762867904,False
8.26425,1,308,309,2.517737500000049,2.517737500000049,0.0,0.027344411903246327,0.027344411903246327,0.09003716568678807,0.08323876006002273,0.005260336644155717,0.027344411903246327,0.0050469539619121505,0.00017054401466227084,0.00017054401466227084,0.0,0.9986862072605085,0.0029388087686923886,0.0027682647540301177,0.9999502673805338,False
8.289,1,309,310,2.524543750000049,2.524543750000049,0.0,0.028195193153246405,0.028195193153246405,0.09004501006002295,0.0816997294332576,0.005685727269155727,0.028195193153246405,0.0050469539619121505,0.00016439658623117044,0.00016439658623117044,0.0,0.9985384661332378,0.0029042074464299267,0.002739810860198756,0.9999446974248155,False
8.31925,1,310,311,2.5328625000000486,2.5328625000000486,0.0,0.029235036903246418,0.029235036903246418,0.09001847943325722,0.08063335505649194,0.005911313206655702,0.029235036903246418,0.0050469539619121505,0.00016829889100874115,0.00016829889100874115,0.0,0.9986721669098849,0.002926497582524109,0.002758198691515368,0.9999499161592814,False
8.3535,1,311,312,2.5422812500000482,2.5422812500000482,0.0,0.030412380653246484,0.030412380653246484,0.09005210505649192,0.08172379966233626,0.006499985081655696,0.030412380653246484,0.0050469539619121505,0.00017172948269933137,0.00017172948269933137,0.0,0.9987403327721041,0.002930855777248314,0.0027591262945489826,0.9999526227989783,False
8.383750000000001,1,312,313,2.550600000000049,2.5506000000000486,-4.440892098500626e-16,0.03145222440324656,0.01572611220162328,0.09004254966233635,0.08067440051818069,0.007539828831655701,0.01572611220162328,0.0050469539619121505,0.0001719444659832641,0.0001719444659832641,0.0,0.998815872061614,0.0028408589078241925,0.0026689144418409285,0.9999554739776197,False
8.41775,1,313,314,2.5599500000000486,2.5599500000000486,0.0,0.016894862201623367,0.016894862201623367,0.09002440051818092,0.07991289199902524,0.005055754259577837,0.016894862201623367,0.0050469539619121505,0.00017698624121734348,0.00017698624121734348,0.0,0.9989749482461756,0.003136166994820909,0.0029591807536035655,0.9999617439490338,False
8.4545,1,314,315,2.570056250000049,2.570056250000049,0.0,0.01815814345162342,0.01815814345162342,0.09001914199902517,0.08370010648944737,0.005280265978327837,0.01815814345162342,0.0050469539619121505,0.00018018836569781368,0.00018018836569781368,0.0,0.9985865536203355,0.003186923098284368,0.0030067347325865544,0.9999465133762111,False
8.477500000000001,1,315,316,2.5763812500000487,2.5763812500000487,0.0,0.01894876845162345,0.01894876845162345,0.09002510648944728,0.0829154459798695,0.005675578478327827,0.01894876845162345,0.0050469539619121505,0.0001847253372804081,0.0001847253372804081,0.0,0.9985288048624048,0.003175567003825111,0.002990841666544703,0.9999443407663767,False
8.5035,1,316,317,2.583531250000049,2.583531250000049,0.0,0.019842518451623492,0.019842518451623492,0.09006544597986949,0.08310080500154168,0.00582811754082782,0.019842518451623492,0.0050469539619121505,0.0001868995119851646,0.0001868995119851646,0.0,0.9986405751162242,0.0032254630101851006,0.003038563498199936,0.9999487226028451,False
8.52875,1,317,318,2.5904750000000485,2.5904750000000485,0.0,0.02071048720162353,0.02071048720162353,0.09004455500154164,0.08221194527321385,0.00626210191582781,0.02071048720162353,0.0050469539619121505,0.00018291317070506953,0.00018291317070506953,0.0,0.9986663820218117,0.003161356687585961,0.0029784435168808913,0.9999497631796792,False
8.55725,1,318,319,2.5983125000000493,2.5983125000000493,0.0,0.02169017470162362,0.02169017470162362,0.09004944527321418,0.08163246054488636,0.007241789415827834,0.02169017470162362,0.0050469539619121505,0.00019257138873197136,0.00019257138873197136,0.0,0.998767096343291,0.002987191295927824,0.0027946199071958527,0.9999536569266829,False
8.58775,1,319,320,2.606700000000049,2.606700000000049,0.0,0.022738612201623674,0.022738612201623674,0.09001996054488631,0.08055453831655852,0.0059467624254058975,0.022738612201623674,0.0050469539619121505,0.00018723917476355951,0.00018723917476355951,0.0,0.9989231072262748,0.00317980999986453,0.0029925708251009706,0.9999597006821141,False
8.62225,1,320,321,2.6161875000000485,2.6161875000000485,0.0,0.02392454970162372,0.02392454970162372,0.09004203831655835,0.08013188952573057,0.006539731175405882,0.02392454970162372,0.0050469539619121505,0.00019462383704402767,0.00019462383704402767,0.0,0.9987482899551064,0.0032257628100888537,0.003031138973044826,0.9999530995219309,False
8.65825,1,321,322,2.6260875000000485,2.6260875000000485,0.0,0.025162049701623772,0.025162049701623772,0.09003188952573041,0.07888424073490266,0.0053568322079138786,0.025162049701623772,0.0050469539619121505,0.00019508244147397032,0.00019508244147397032,0.0,0.9988522297390955,0.0032562992350339028,0.0030612167935599325,0.9999572045374772,False
8.69875,1,322,323,2.6372250000000483,2.6372250000000483,0.0,0.026554237201623837,0.026554237201623837,0.09002174073490254,0.08396881477698867,0.006052925957913865,0.026554237201623837,0.0050469539619121505,0.00019947491834767204,0.00019947491834767204,0.0,0.9986768602720651,0.003297078808033222,0.00309760388968555,0.9999501697792879,False
8.72075,1,323,324,2.6432750000000484,2.6432750000000484,0.0,0.027310487201623886,0.027310487201623886,0.09001881477698871,0.08320963881907484,0.0052593187127029034,0.027310487201623886,0.0050469539619121505,0.00020869141511734368,0.00020869141511734368,0.0,0.9986884930260729,0.003359577320194835,0.0031508859050774912,0.9999505624258519,False
8.7455,1,324,325,2.650081250000049,2.6500812500000483,-4.440892098500626e-16,0.028161268451623964,0.028161268451623964,0.09001588881907507,0.0816598378611612,0.005684709337702914,0.028161268451623964,0.0050469539619121505,0.0001981427500718503,0.0001981427500718503,0.0,0.9985384012669666,0.003254819302968809,0.0030566765528969586,0.9999448687291,False
8.776,1,325,326,2.658468750000049,2.658468750000049,0.0,0.029209705951624018,0.029209705951624018,0.09004733786116115,0.08064284940324729,0.005912443712702915,0.029209705951624018,0.0050469539619121505,0.00020412781774579983,0.00020412781774579983,0.0,0.9986738512547113,0.003310429457161739,0.003106301639415939,0.9999501690397492,False
8.81025,1,326,327,2.667887500000048,2.667887500000048,0.0,0.030387049701624022,0.030387049701624022,0.09006159940324679,0.08172571819054396,0.006501115587702879,0.030387049701624022,0.0050469539619121505,0.00021208657038541016,0.00021208657038541016,0.0,0.9987407453906264,0.0033711490874614655,0.0031590625170760554,0.9999528521824042,False
8.8405,1,327,328,2.6762062500000483,2.6762062500000483,0.0,0.0314268934516241,0.01571344672581205,0.09004446819054407,0.08066874322784122,0.007540959337702884,0.01571344672581205,0.0050469539619121505,0.0002092555335164039,0.0002092555335164039,0.0,0.9988162447260137,0.00330646157179898,0.003097206038282576,0.9999557227211991,False
8.8745,1,328,329,2.6855562500000483,2.6855562500000483,0.0,0.016882196725812135,0.016882196725812135,0.09001874322784145,0.07989965889013861,0.00505954216885142,0.016882196725812135,0.0050469539619121505,0.0002180865156029431,0.0002180865156029431,0.0,0.998975295431701,0.0035729701201875075,0.003354883604584564,0.9999619715653855,False
8.91125,1,329,330,2.6956625000000485,2.6956625000000485,0.0,0.018145477975812188,0.018145477975812188,0.09000590889013854,0.08368308547128714,0.005280831231351413,0.018145477975812188,0.0050469539619121505,0.00021683682626170173,0.00021683682626170173,0.0,0.9985875931968201,0.003572350056373505,0.0033555132301118034,0.999946745533237,False
8.93425,1,330,331,2.7019875000000484,2.7019875000000484,0.0,0.01893610297581222,0.01893610297581222,0.09000808547128708,0.08289463705243572,0.005676143731351402,0.01893610297581222,0.0050469539619121505,0.0002307312067656393,0.0002307312067656393,0.0,0.9985291807798242,0.0036603838815573303,0.003429652674791691,0.9999445927568862,False
8.96025,1,331,332,2.709137500000048,2.7091375000000486,4.440892098500626e-16,0.01982985297581226,0.01982985297581226,0.09004463705243568,0.08307943082108431,0.005828682793851412,0.01982985297581226,0.0050469539619121505,0.00021699600513736615,0.00021699600513736615,0.0,0.9986408501184934,0.00354637954164801,0.0033293835365106436,0.999948893809383,False
8.9855,1,332,333,2.716081250000048,2.716081250000048,0.0,0.020697821725812297,0.020697821725812297,0.09002318082108426,0.0821900058397329,0.006262667168851402,0.020697821725812297,0.0050469539619121505,0.00021521611507535217,0.00021521611507535217,0.0,0.9986666628309129,0.0034870276505838994,0.003271811535508547,0.999949935644501,False
9.014,1,333,334,2.7239187500000486,2.7239187500000486,0.0,0.021677509225812387,0.021677509225812387,0.09002750583973324,0.08160995585838185,0.007242354668851426,0.021677509225812387,0.0050469539619121505,0.00023562271024066216,0.00023562271024066216,0.0,0.9987674150402663,0.0035163808544293913,0.003280758144188729,0.9999539232857677,False
9.04475,1,334,335,2.732375000000048,2.732375000000048,0.0,0.02273454047581242,0.02273454047581242,0.09006620585838165,0.08059162462703029,0.005947892931453079,0.02273454047581242,0.0050469539619121505,0.00022538356155934756,0.00022538356155934756,0.0,0.9989244950949756,0.0035652026931847665,0.003339819131625419,0.9999599430775867,False
9.079,1,335,336,2.741793750000048,2.741793750000048,0.0,0.023911884225812488,0.023911884225812488,0.09001037462703027,0.0800996605831789,0.0065365648064530735,0.023911884225812488,0.0050469539619121505,0.00023504987061678687,0.00023504987061678687,0.0,0.998747185426583,0.00365936806030958,0.003424318189692793,0.9999532679981111,False
9.11525,1,336,337,2.7517625000000487,2.7517625000000487,0.0,0.02515797797581258,0.02515797797581258,0.09006841058317906,0.07891160278932768,0.005361411709425695,0.02515797797581258,0.0050469539619121505,0.0002340407785690241,0.0002340407785690241,0.0,0.998853231069241,0.003652676177048106,0.003418635398479082,0.9999574362794257,False
9.15575,1,337,338,2.762900000000049,2.762900000000049,0.0,0.026550165475812647,0.026550165475812647,0.09004910278932757,0.08399159732990188,0.006057505459425682,0.026550165475812647,0.0050469539619121505,0.00023737499711816264,0.00023737499711816264,0.0,0.9986779541004375,0.0036955606298423142,0.0034581856327241516,0.9999504098883711,False
9.17775,1,338,339,2.7689500000000487,2.7689500000000487,0.0,0.027306415475812695,0.027306415475812695,0.09004159732990191,0.08322784187047624,0.005259883965726525,0.027306415475812695,0.0050469539619121505,0.0002449017319966235,0.0002449017319966235,0.0,0.9986895655104501,0.00374694961548638,0.0035020478834897565,0.9999507951558486,False
9.2025,1,339,340,2.7757562500000486,2.7757562500000486,0.0,0.02815719672581271,0.02815719672581271,0.09003409187047598,0.08167346141105035,0.005685274590726505,0.02815719672581271,0.0050469539619121505,0.00024119152443331546,0.00024119152443331546,0.0,0.9985387580774479,0.003670111408735653,0.003428919884302338,0.9999450861247282,False
9.233,1,340,341,2.7841437500000485,2.7841437500000485,0.0,0.029205634225812765,0.029205634225812765,0.0900609614110503,0.08065189345162468,0.005915157403226501,0.029205634225812765,0.0050469539619121505,0.0002455366745066381,0.0002455366745066381,0.0,0.9986741757593017,0.0037247108985654954,0.003479174224058857,0.9999503839891878,False
9.267,1,341,342,2.7934937500000485,2.7934937500000485,0.0,0.030374384225812852,0.030374384225812852,0.09000189345162483,0.08167404073589836,0.006499532403226505,0.030374384225812852,0.0050469539619121505,0.00024809716587251507,0.00024809716587251507,0.0,0.9987398827057621,0.00375978498160209,0.003511687815729575,0.9999530087544476,False
9.2975,1,342,343,2.8018812500000485,2.8018812500000485,0.0,0.031422821725812906,0.015711410862906453,0.09006154073589831,0.08068525052017185,0.00754796990322649,0.015711410862906453,0.0050469539619121505,0.00025382212271368124,0.00025382212271368124,0.0,0.9988175733172755,0.0037994452885695487,0.0035456231658558676,0.9999560169790636,False
9.3315,1,343,344,2.811231250000048,2.811231250000048,0.0,0.016880160862906477,0.016880160862906477,0.09003525052017158,0.07991560092944515,0.0050598247953632155,0.016880160862906477,0.0050469539619121505,0.00025064102585563845,0.00025064102585563845,0.0,0.9989762858060768,0.0039204486851679154,0.003669807659312277,0.9999621812580773,False
9.36825,1,344,345,2.821337500000049,2.8213375000000487,-4.440892098500626e-16,0.018143442112906593,0.018143442112906593,0.09002185092944556,0.08369874488408231,0.005282188076613237,0.018143442112906593,0.0050469539619121505,0.00025446686316205356,0.00025446686316205356,0.0,0.9985878497029385,0.003951919846403029,0.0036974529832409756,0.999946944378878,False
9.39125,1,345,346,2.8276625000000486,2.8276625000000486,0.0,0.018934067112906624,0.018934067112906624,0.09002374488408225,0.08291001383871903,0.005677500576613226,0.018934067112906624,0.0050469539619121505,0.0002713007194783687,0.0002713007194783687,0.0,0.9985297165775571,0.004102659425874518,0.003831358706396149,0.9999448311725745,False
9.417250000000001,1,346,347,2.8348125000000484,2.834812500000049,4.440892098500626e-16,0.019827817112906664,0.019827817112906664,0.09006001383871899,0.08309345076210581,0.005832188076613214,0.019827817112906664,0.0050469539619121505,0.0002515156367895392,0.0002515156367895392,0.0,0.9986413078803608,0.003873780199786278,0.0036222645629967387,0.9999490750108418,False
9.4425,1,347,348,2.8417562500000484,2.8417562500000484,0.0,0.020695785862906702,0.020695785862906702,0.09003720076210575,0.08220266893549258,0.006266172451613205,0.020695785862906702,0.0050469539619121505,0.00026076160343198367,0.00026076160343198367,0.0,0.9986675945691988,0.003916763402455271,0.003656001799023287,0.9999501824562568,False
9.471,1,348,349,2.8495937500000483,2.8495937500000483,0.0,0.02167547336290673,0.02167547336290673,0.09004016893549241,0.08162126210887925,0.007245859951613168,0.02167547336290673,0.0050469539619121505,0.00026594948295995114,0.00026594948295995114,0.0,0.9987681649132532,0.0038820787618800492,0.003616129278920098,0.9999541312591744,False
9.5015,1,349,350,2.8579812500000483,2.8579812500000483,0.0,0.022723910862906784,0.022723910862906784,0.0900087621088792,0.08054141778226608,0.005943087090726675,0.022723910862906784,0.0050469539619121505,0.00027620710994946196,0.00027620710994946196,0.0,0.9989240933560897,0.004074780606049211,0.003798573496099749,0.9999601757439508,False
9.536,1,350,351,2.8674687500000484,2.8674687500000484,0.0,0.023909848362906893,0.023909848362906893,0.09002891778226639,0.08011469845565322,0.0065360558407266895,0.023909848362906893,0.0050469539619121505,0.00026763992166984045,0.00026763992166984045,0.0,0.998748016014852,0.004000412582358729,0.0037327726606888887,0.9999534674504515,False
9.572000000000001,1,351,352,2.8773687500000484,2.8773687500000484,0.0,0.025147348362906944,0.025147348362906944,0.09001469845565305,0.07886297912903992,0.005358867475806575,0.025147348362906944,0.0050469539619121505,0.0002759310014979268,0.0002759310014979268,0.0,0.9988520970840533,0.004083372563419955,0.003807441561922028,0.9999576025650764,False
9.6125,1,352,353,2.8885062500000482,2.888506250000048,-4.440892098500626e-16,0.02653953586290701,0.02653953586290701,0.0900004791290398,0.08394551790323324,0.006054961225806562,0.02653953586290701,0.0050469539619121505,0.0002734085288983665,0.0002734085288983665,0.0,0.9986776383777841,0.004064288774555121,0.003790880245656754,0.9999505817735481,False
9.63475,1,353,354,2.894625000000048,2.894625000000048,0.0,0.027304379612907038,0.027304379612907038,0.0900642679032331,0.08324446292742656,0.005261777920363313,0.027304379612907038,0.0050469539619121505,0.0002800257795283186,0.0002800257795283186,0.0,0.9986909098459853,0.004106233105935716,0.003826207326407397,0.9999510255649534,False
9.6595,1,354,355,2.901431250000048,2.901431250000048,0.0,0.028155160862907116,0.028155160862907116,0.0900507129274268,0.08168403295162024,0.005687168545363323,0.028155160862907116,0.0050469539619121505,0.000293634702334718,0.000293634702334718,0.0,0.9985394779195735,0.004195608662818682,0.0039019739604839636,0.9999453692303123,False
9.68975,1,355,356,2.909750000000048,2.909750000000048,0.0,0.029195004612907128,0.029195004612907128,0.09000278295161987,0.08059625922581337,0.005910606045363288,0.029195004612907128,0.0050469539619121505,0.00029157142756273545,0.00029157142756273545,0.0,0.9986730866381932,0.004203067625167808,0.0039114961976050725,0.999950575714625,False
9.724,1,356,357,2.919168750000048,2.919168750000048,0.0,0.030372348362907194,0.030372348362907194,0.09001500922581335,0.08168526255545008,0.0064992779203632825,0.030372348362907194,0.0050469539619121505,0.0002790995893574306,0.0002790995893574306,0.0,0.9987407578534782,0.004072399734214194,0.003793300144856763,0.9999531967201605,False
9.75425,1,357,358,2.9274875000000478,2.9274875000000478,0.0,0.03141219211290727,0.015706096056453636,0.09000401255545021,0.08063442213508694,0.007539121670363288,0.015706096056453636,0.0050469539619121505,0.00029981906081754707,0.00029981906081754707,0.0,0.9988164142986052,0.0043129419451580185,0.0040131228843404716,0.999956223085605,False
9.7885,1,358,359,2.936906250000048,2.936906250000048,0.0,0.016883439806453703,0.016883439806453703,0.090053172135087,0.08499240036240538,0.005060771772681625,0.016883439806453703,0.0050469539619121505,0.00027963080489472244,0.00027963080489472244,0.0,0.9989764002532335,0.004201528798974494,0.003921897994079771,0.9999623261638267,False
9.806750000000001,1,359,360,2.941925000000048,2.941925000000048,0.0,0.01751078355645374,0.01751078355645374,0.09001115036240542,0.08432303483972381,0.005374443647681622,0.01751078355645374,0.0050469539619121505,0.0002976418756567819,0.0002976418756567819,0.0,0.9984302545089903,0.004333701336679145,0.004036059461022363,0.9999410710059423,False
9.8275,1,360,361,2.947631250000048,2.9476312500000477,-4.440892098500626e-16,0.018224064806453763,0.018224064806453763,0.09002928483972371,0.08394155994204211,0.005322881147681621,0.018224064806453763,0.0050469539619121505,0.0002827213343810234,0.0002827213343810234,0.0,0.9985333266144285,0.004198727054706669,0.003916005720325646,0.9999449744290134,False
9.84975,1,361,362,2.953750000000048,2.953750000000048,0.0,0.01898890855645379,0.01898890855645379,0.09006030994204203,0.08320774129436045,0.00570530302268161,0.01898890855645379,0.0050469539619121505,0.0002876375643795237,0.0002876375643795237,0.0,0.9985334013286326,0.0042831245585593924,0.003995486994179869,0.9999450673293672,False
9.8745,1,362,363,2.9605562500000477,2.9605562500000477,0.0,0.01983968980645387,0.01983968980645387,0.09001399129436073,0.08307548514667912,0.005836357710181624,0.01983968980645387,0.0050469539619121505,0.0003156759669569676,0.0003156759669569676,0.0,0.9986384851852508,0.004505180049387457,0.00418950408243049,0.9999492727299227,False
9.899750000000001,1,363,364,2.967500000000048,2.967500000000048,0.0,0.020707658556453908,0.020707658556453908,0.09001923514667907,0.08221276024899747,0.006270342085181614,0.020707658556453908,0.0050469539619121505,0.00031875161761672673,0.00031875161761672673,0.0,0.9986687170153132,0.004494266972634938,0.004175515355018211,0.9999505062948587,False
9.92825,1,364,365,2.9753375000000477,2.9753375000000477,0.0,0.021687346056453935,0.021687346056453935,0.09005026024899732,0.08164651972631573,0.0072500295851815775,0.021687346056453935,0.0050469539619121505,0.000287658038972931,0.000287658038972931,0.0,0.9987689813865138,0.0040961130918188635,0.0038084550528459326,0.9999542717495301,False
9.95875,1,365,366,2.9837250000000477,2.9837250000000477,0.0,0.02273578355645399,0.02273578355645399,0.09003401972631568,0.08058184170363412,0.005946055264113476,0.02273578355645399,0.0050469539619121505,0.0003154085213015458,0.0003154085213015458,0.0,0.9989248303909267,0.004498869449246906,0.00418346092794536,0.9999604128351519,False
9.993,1,366,367,2.9931437500000477,2.9931437500000477,0.0,0.023913127306454056,0.023913127306454056,0.09000059170363411,0.08009079649345258,0.0065347271391134705,0.023913127306454056,0.0050469539619121505,0.000297836888254599,0.000297836888254599,0.0,0.9987471750236174,0.004279360141988396,0.003981523253733797,0.9999535742623756,False
10.02925,1,367,368,3.003112500000048,3.003112500000048,0.0,0.02515922105645415,0.02515922105645415,0.09005954649345274,0.08448160201336197,0.005577944480090776,0.02515922105645415,0.0050469539619121505,0.00030923739162692893,0.00030923739162692893,0.0,0.9988533342421168,0.0044278962665086075,0.004118658874881678,0.9999578191499434,False
10.0495,1,368,369,3.0086812500000475,3.0086812500000475,0.0,0.02585531480645415,0.02585531480645415,0.09005035201336165,0.08377631378327091,0.005708999167590759,0.02585531480645415,0.0050469539619121505,0.00031128966127151104,0.00031128966127151104,0.0,0.9985770652777044,0.004394155922573265,0.004082866261301754,0.999946788608388,False
10.07225,1,369,370,3.014937500000048,3.014937500000048,0.0,0.0266373460564542,0.0266373460564542,0.09003256378327096,0.08354153336568021,0.006100014792590759,0.0266373460564542,0.0050469539619121505,0.00031099624909848204,0.00031099624909848204,0.0,0.9986246895940037,0.004432786810214931,0.004121790561116449,0.9999486393446839,False
10.09575,1,370,371,3.021400000000048,3.021400000000048,0.0,0.027445158556454255,0.027445158556454255,0.09000403336568025,0.0827051904480895,0.005327715132056715,0.027445158556454255,0.0050469539619121505,0.0003201555573331776,0.0003201555573331776,0.0,0.9987078686176843,0.004536741347730085,0.004216585790396907,0.9999519440452685,False
10.1225,1,371,372,3.028756250000048,3.028756250000048,0.0,0.028364689806454298,0.028364689806454298,0.09006144044808942,0.08223408190549868,0.005787480757056706,0.028364689806454298,0.0050469539619121505,0.0003154583269445928,0.0003154583269445928,0.0,0.9985711034873468,0.004402965650085931,0.004087507323141338,0.9999466857956785,False
10.15075,1,372,373,3.0365250000000477,3.0365250000000477,0.0,0.029335783556454345,0.029335783556454345,0.0900028319054986,0.08120437961290788,0.0059786916945567,0.029335783556454345,0.0050469539619121505,0.0003036950331108502,0.0003036950331108502,0.0,0.9986793443440675,0.004312055752901285,0.004008360719790435,0.9999508732009685,False
10.18275,1,373,374,3.0453250000000476,3.0453250000000476,0.0,0.030435783556454404,0.030435783556454404,0.09000437961290786,0.08168603948085118,0.006528691694556693,0.030435783556454404,0.0050469539619121505,0.00033331307577138966,0.00033331307577138966,0.0,0.9987393785464722,0.004577508627470864,0.004244195551699474,0.9999533897216105,False
10.213000000000001,1,374,375,3.053643750000048,3.053643750000048,0.0,0.03147562730645448,0.01573781365322724,0.09000478948085129,0.08064660559879462,0.007568535444556698,0.01573781365322724,0.0050469539619121505,0.00032401454090463447,0.00032401454090463447,0.0,0.9988211366136708,0.0045826995351014,0.004258684994196765,0.9999565369943489,False
10.247250000000001,1,375,376,3.063062500000048,3.063062500000048,0.0,0.016915157403227306,0.016915157403227306,0.0900653555987947,0.08502747459526636,0.005037881003528335,0.016915157403227306,0.005037881003528335,0.0003177778113267118,0.0003177778113267118,0.0,0.9989800375578949,0.004537272104065217,0.004219494292738505,0.9999626326532178,False
10.2655,1,376,377,3.0680812500000476,3.068081250000048,4.440892098500626e-16,0.017542501153227343,0.017542501153227343,0.0900462245952664,0.08438099984173807,0.005351552878528332,0.017542501153227343,0.005037881003528335,0.0003384137700827566,0.0003384137700827566,0.0,0.9984241111544023,0.0047394144496340496,0.004401000679551293,0.9999410378170328,False
10.286,1,377,378,3.0737187500000482,3.0737187500000482,0.0,0.018247188653227386,0.018247188653227386,0.09001849984173813,0.0839622594632098,0.005313955222278336,0.018247188653227386,0.005037881003528335,0.0003281314931448907,0.0003281314931448907,0.0,0.9985259228021583,0.004610127119971157,0.004281995626826266,0.9999448956498216,False
10.308,1,378,379,3.0797687500000483,3.0797687500000483,0.0,0.019003438653227435,0.019003438653227435,0.0900122594632099,0.08319976908468157,0.005692080222278335,0.019003438653227435,0.005037881003528335,0.00031242907060146166,0.00031242907060146166,0.0,0.9985292882971307,0.004487905901091799,0.004175476830490337,0.9999450177722952,False
10.33275,1,379,380,3.086575000000048,3.086575000000048,0.0,0.01985421990322745,0.01985421990322745,0.09000601908468137,0.08308503261240306,0.0058424708472783185,0.01985421990322745,0.005037881003528335,0.000353044363461693,0.000353044363461693,0.0,0.998635915307696,0.0049088039874287635,0.00455575962396707,0.9999493753897714,False
10.358,1,380,381,3.093518750000048,3.093518750000048,0.0,0.02072218865322749,0.02072218865322749,0.09002878261240302,0.08223982739012474,0.006276455222278309,0.02072218865322749,0.005037881003528335,0.00036469205666239175,0.00036469205666239175,0.0,0.9986701592262962,0.004995685024070367,0.004630992967407975,0.9999508085996618,False
10.38625,1,381,382,3.1012875000000477,3.1012875000000477,0.0,0.021693282403227536,0.021693282403227536,0.09000857739012474,0.08162665341784647,0.007247548972278292,0.021693282403227536,0.005037881003528335,0.000321270445633017,0.000321270445633017,0.0,0.9987687258018348,0.004356273486677026,0.004035003041044009,0.9999543951879698,False
10.41675,1,382,383,3.1096750000000477,3.1096750000000477,0.0,0.02274171990322759,0.02274171990322759,0.09001415341784642,0.08058379194556818,0.0059475393508068766,0.02274171990322759,0.005037881003528335,0.00033635648913543864,0.00033635648913543864,0.0,0.9989246090159509,0.0047164006470177405,0.004380044157882302,0.9999605167733766,False
10.451,1,383,384,3.1190937500000477,3.1190937500000473,-4.440892098500626e-16,0.023919063653227657,0.023919063653227657,0.09000254194556817,0.08009522734828992,0.006536211225806871,0.023919063653227657,0.005037881003528335,0.00034129912099506904,0.00034129912099506904,0.0,0.9987476522962762,0.004669661913959289,0.00432836279296422,0.9999537856904313,False
10.48725,1,384,385,3.1290625000000483,3.129062500000048,-4.440892098500626e-16,0.02516515740322775,0.02516515740322775,0.09006397734829008,0.08448727317465095,0.005576704173639133,0.02516515740322775,0.005037881003528335,0.00033664219426959044,0.00033664219426959044,0.0,0.9988536846850955,0.004680928936942153,0.0043442867426725625,0.9999579584436793,False
10.5075,1,385,386,3.1346312500000475,3.1346312500000475,0.0,0.02586125115322775,0.02586125115322775,0.09005602317465064,0.08378322525101155,0.005707758861139116,0.02586125115322775,0.005037881003528335,0.00035129092350523147,0.00035129092350523147,0.0,0.9985769846774989,0.0047773951462070086,0.004426104222701777,0.9999469780558512,False
10.53025,1,386,387,3.140887500000048,3.1408875000000473,-4.440892098500626e-16,0.026643282403227803,0.026643282403227803,0.0900394752510116,0.08354968513987249,0.0060987744861391155,0.026643282403227803,0.005037881003528335,0.0003399889549100982,0.0003399889549100982,0.0,0.9986245717973676,0.004698940718630595,0.004358951763720496,0.9999487725487592,False
10.55375,1,387,388,3.1473500000000474,3.1473500000000474,0.0,0.027451094903227856,0.027451094903227856,0.09001218513987252,0.08271458252873343,0.005328457175403415,0.027451094903227856,0.005037881003528335,0.00034237367428784966,0.00034237367428784966,0.0,0.9987077467069376,0.004744810852788016,0.004402437178500166,0.9999520489646659,False
10.58025,1,388,389,3.1546375000000477,3.1546375000000477,0.0,0.02836203240322792,0.02836203240322792,0.09000208252873348,0.08218455804259438,0.005783925925403416,0.02836203240322792,0.005037881003528335,0.00037309946715571553,0.00037309946715571553,0.0,0.9985695917247032,0.004972619448394798,0.004599519981239083,0.9999469067345078,False
10.60875,1,389,390,3.162475000000047,3.1624750000000477,4.440892098500626e-16,0.029341719903227946,0.029341719903227946,0.09002205804259415,0.08122484605645507,0.005979433737903401,0.029341719903227946,0.005037881003528335,0.00034338692656087175,0.00034338692656087175,0.0,0.9986805271905954,0.004657219289078404,0.004313832362517533,0.9999510915202451,False
10.64075,1,390,391,3.1712750000000476,3.1712750000000476,0.0,0.030441719903228005,0.030441719903228005,0.09002484605645503,0.08170576388105166,0.006529433737903394,0.030441719903228005,0.005037881003528335,0.00037008424918075867,0.00037008424918075867,0.0,0.9987396908980432,0.004964256494936731,0.004594172245755972,0.9999535934771865,False
10.671,1,391,392,3.1795937500000475,3.1795937500000475,0.0,0.03148156365322808,0.01574078182661404,0.09002451388105176,0.0806655879556484,0.007569277487903399,0.01574078182661404,0.005037881003528335,0.0003410623416010741,0.0003410623416010741,0.0,0.9988213314450562,0.004714065866484648,0.0043730035248835735,0.9999566103798339,False
10.705,1,392,393,3.188943750000047,3.188943750000047,0.0,0.016909531826614064,0.016909531826614064,0.09001558795564814,0.08497948436794649,0.005036103587701659,0.016909531826614064,0.005036103587701659,0.0003740230848258151,0.0003740230848258151,0.0,0.998979399456543,0.0050692472980383985,0.0046952242132125835,0.9999628698585601,False
10.7235,1,393,394,3.1940312500000476,3.1940312500000476,0.0,0.017545469326614143,0.017545469326614143,0.09006698436794686,0.08439494328024516,0.005354072337701677,0.017545469326614143,0.005036103587701659,0.0003747605395786669,0.0003747605395786669,0.0,0.9984261889347151,0.005095883953364744,0.004721123413786077,0.9999412995891241,False
10.744,1,394,395,3.199668750000048,3.199668750000048,0.0,0.018250156826614187,0.018250156826614187,0.09003244328024523,0.08397368344254355,0.005314326243951686,0.018250156826614187,0.005036103587701659,0.0003753251865898312,0.0003753251865898312,0.0,0.9985267725010939,0.005059763346392694,0.004684438159802863,0.9999451531491228,False
10.766,1,395,396,3.205718750000047,3.205718750000047,0.0,0.019006406826614173,0.019006406826614173,0.09002368344254316,0.08320867360484155,0.005692451243951655,0.019006406826614173,0.005036103587701659,0.0003510345076791914,0.0003510345076791914,0.0,0.9985295716219417,0.0048101651795415395,0.004459130671862348,0.9999451938476106,False
10.790750000000001,1,396,397,3.212525000000048,3.212525000000048,0.0,0.01985718807661425,0.01985718807661425,0.09001492360484183,0.08309356611089017,0.005842841868951669,0.01985718807661425,0.005036103587701659,0.0003738372228767895,0.0003738372228767895,0.0,0.9986360936624301,0.005129165580869517,0.004755328357992728,0.9999494990461664,False
10.816,1,397,398,3.2194687500000474,3.2194687500000474,0.0,0.02072515682661429,0.02072515682661429,0.09003731611089014,0.08224798986693851,0.006276826243951659,0.02072515682661429,0.005036103587701659,0.0003857062631322784,0.0003857062631322784,0.0,0.9986703327812441,0.005233044114601584,0.004847337851469306,0.9999509392094342,False
10.84425,1,398,399,3.2272375000000473,3.2272375000000473,0.0,0.021696250576614336,0.021696250576614336,0.0900167398669385,0.08163444487298686,0.007247919993951643,0.021696250576614336,0.005036103587701659,0.0003791391993126009,0.0003791391993126009,0.0,0.9987690780667593,0.004852024887198027,0.004472885687885426,0.9999546556134646,False
10.87475,1,399,400,3.2356250000000477,3.2356250000000477,0.0,0.02274468807661439,0.02274468807661439,0.09002194487298681,0.08059121237903519,0.005948281394153577,0.02274468807661439,0.005036103587701659,0.00035114996910107725,0.00035114996910107725,0.0,0.9989247271033226,0.004816127368562836,0.004464977399461759,0.9999605783401406,False
10.909,1,400,401,3.2450437500000477,3.2450437500000477,0.0,0.023922031826614457,0.023922031826614457,0.09000996237903516,0.08010227676008357,0.006536953269153571,0.023922031826614457,0.005036103587701659,0.0003928497929149034,0.0003928497929149034,0.0,0.998748038227068,0.005163768566611094,0.00477091877369619,0.9999540438611766,False
10.945,1,401,402,3.2549437500000473,3.2549437500000473,0.0,0.02515953182661451,0.02515953182661451,0.0900022767600834,0.08442968395060763,0.005572592809475788,0.02515953182661451,0.005036103587701659,0.0003758893179075316,0.0003758893179075316,0.0,0.9988527154742609,0.005012778695654287,0.004636889377746755,0.999958085228592,False
10.9655,1,402,403,3.2605812500000475,3.2605812500000475,0.0,0.025864219326614552,0.025864219326614552,0.09006718395060764,0.08378990364113185,0.005707944371975792,0.025864219326614552,0.005036103587701659,0.00039078798030586185,0.00039078798030586185,0.0,0.9985781994572192,0.005149586465873539,0.004758798485567677,0.9999472133044862,False
10.98825,1,403,404,3.2668375000000474,3.2668375000000474,0.0,0.026646250576614603,0.026646250576614603,0.09004615364113189,0.0835561780191561,0.006098959996975791,0.026646250576614603,0.005036103587701659,0.0003740980203179616,0.0003740980203179616,0.0,0.9986247815757635,0.004998922953686424,0.004624824933368463,0.9999489353920272,False
11.011750000000001,1,404,405,3.2733000000000474,3.2733000000000474,0.0,0.027454063076614656,0.027454063076614656,0.09001867801915615,0.08272088989718036,0.0053288281970767645,0.027454063076614656,0.005036103587701659,0.0003661094914520638,0.0003661094914520638,0.0,0.9987078990763112,0.004937252532967194,0.0045711430415151305,0.9999521581442772,False
11.03825,1,405,406,3.2805875000000473,3.2805875000000473,0.0,0.02836500057661472,0.02836500057661472,0.09000838989718044,0.08219067990020465,0.0057842969470767655,0.02836500057661472,0.005036103587701659,0.00041514694177094294,0.00041514694177094294,0.0,0.9985698842970498,0.005415068718600421,0.0049999217768294775,0.9999471383810774,False
11.06675,1,406,407,3.2884250000000472,3.2884250000000472,0.0,0.029344688076614747,0.029344688076614747,0.09002817990020442,0.08123078240322866,0.0059798047595767505,0.029344688076614747,0.005036103587701659,0.00040059829335932615,0.00040059829335932615,0.0,0.9986808851658161,0.005177566654779836,0.00477696836142051,0.99995136159539,False
11.09875,1,407,408,3.297225000000047,3.297225000000047,0.0,0.030444688076614806,0.030444688076614806,0.09003078240322862,0.08171132920615191,0.006529804759576744,0.030444688076614806,0.005036103587701659,0.00038721197770171043,0.00038721197770171043,0.0,0.9987398361739102,0.005127346771395105,0.004740134793693395,0.9999536852091411,False
11.129,1,408,409,3.305543750000047,3.305543750000047,0.0,0.03148453182661488,0.01574226591330744,0.09003007920615201,0.0806707822590753,0.007569648509576749,0.01574226591330744,0.005036103587701659,0.00037036478494778064,0.00037036478494778064,0.0,0.9988215299054293,0.004914134063470792,0.004543769278523011,0.999956716087468,False
11.163,1,409,410,3.314893750000047,3.314893750000047,0.0,0.016911015913307462,0.016911015913307462,0.09002078225907503,0.0849844931605367,0.005036289098538334,0.016911015913307462,0.005036103587701659,0.0004184192992912988,0.0004184192992912988,0.0,0.998979659122733,0.00553170538861357,0.005113286089322271,0.9999631088325925,False
11.18125,1,410,411,3.319912500000047,3.319912500000047,0.0,0.0175383596633075,0.0175383596633075,0.09000324316053675,0.08433961031199841,0.0053499609735383315,0.0175383596633075,0.005036103587701659,0.0004015987513269683,0.0004015987513269683,0.0,0.9984239829032332,0.005346088303557289,0.004944489552230321,0.9999413484816301,False
11.202,1,411,412,3.3256187500000474,3.3256187500000474,0.0,0.018251640913307523,0.018251640913307523,0.09004586031199832,0.08398261808846001,0.005314511754788331,0.018251640913307523,0.005036103587701659,0.0004149626455068416,0.0004149626455068416,0.0,0.9985280603018243,0.005437884135986615,0.005022921490479773,0.9999453951712972,False
11.224,1,412,413,3.331668750000047,3.331668750000047,0.0,0.01900789091330757,0.01900789091330757,0.09003261808846011,0.0832131258649218,0.00569263675478833,0.01900789091330757,0.005036103587701659,0.00040276864403785415,0.00040276864403785415,0.0,0.9985298751466667,0.005269879357089436,0.004867110713051582,0.9999454359813097,False
11.24875,1,413,414,3.3384750000000474,3.3384750000000474,0.0,0.01985867216330765,0.01985867216330765,0.09001937586492206,0.08309783286013372,0.005843027379788344,0.01985867216330765,0.005036103587701659,0.0003867838102244234,0.0003867838102244234,0.0,0.9986361941450317,0.005223564224592393,0.00483678041436797,0.9999495604674105,False
11.274000000000001,1,414,415,3.3454187500000474,3.3454187500000474,0.0,0.020726640913307687,0.020726640913307687,0.0900415828601337,0.08225207110534535,0.006277011754788334,0.020726640913307687,0.005036103587701659,0.0003943326397780334,0.0003943326397780334,0.0,0.9986704075247247,0.005297553941291978,0.004903221301513945,0.9999509841976354,False
11.30225,1,415,416,3.353187500000047,3.3531875000000473,4.440892098500626e-16,0.021697734663307735,0.021697734663307735,0.09002082110534534,0.08163834060055704,0.007248105504788317,0.021697734663307735,0.005036103587701659,0.0004409361389332117,0.0004409361389332117,0.0,0.9987694165785911,0.005437053374397049,0.004996117235463837,0.9999549587607452,False
11.33275,1,416,417,3.3615750000000473,3.3615750000000473,0.0,0.02274617216330779,0.02274617216330779,0.09002584060055699,0.0805949225957687,0.005948652415826926,0.02274617216330779,0.005036103587701659,0.0003855485613220949,0.0003855485613220949,0.0,0.9989249198548829,0.005064545549165925,0.00467899698784383,0.999960714318004,False
11.367,1,417,418,3.3709937500000473,3.3709937500000473,0.0,0.023923515913307856,0.023923515913307856,0.09001367259576867,0.0801058014659804,0.0065373242908269204,0.023923515913307856,0.005036103587701659,0.000431829349964895,0.000431829349964895,0.0,0.9987482916552866,0.0055628806639742255,0.005131051314009331,0.999954252297771,False
11.403,1,418,419,3.3808937500000473,3.3808937500000473,0.0,0.025161015913307907,0.025161015913307907,0.09000580146598022,0.0844331159010861,0.005572685564894125,0.025161015913307907,0.005036103587701659,0.0004304573820433156,0.0004304573820433156,0.0,0.9988530383026436,0.0055271640701488114,0.005096706688105496,0.9999583489310645,False
11.42325,1,419,420,3.3864625000000474,3.3864625000000474,0.0,0.02585710966330797,0.02585710966330797,0.09000186590108628,0.08373308658619213,0.005703740252394139,0.02585710966330797,0.005036103587701659,0.00043158648659012146,0.00043158648659012146,0.0,0.9985764712833616,0.005546844881819831,0.005115258395229709,0.9999473482223892,False
11.446250000000001,1,420,421,3.3927875000000474,3.3927875000000474,0.0,0.026647734663308,0.026647734663308,0.09005808658619202,0.08356372133379791,0.0060990527523941285,0.026647734663308,0.005036103587701659,0.00041159663171115487,0.00041159663171115487,0.0,0.9986258991413135,0.005333271120787422,0.004921674489076267,0.999949149533656,False
11.46975,1,421,422,3.3992500000000474,3.3992500000000474,0.0,0.027455547163308055,0.027455547163308055,0.09002622133379795,0.08272404358140384,0.005329013707913439,0.027455547163308055,0.005036103587701659,0.0003989127984214059,0.0003989127984214059,0.0,0.9987080793091961,0.0052011110725909936,0.004802198274169588,0.9999523025011107,False
11.49625,1,422,423,3.4065375000000477,3.4065375000000473,-4.440892098500626e-16,0.028366484663308118,0.028366484663308118,0.09001154358140392,0.08219374082900979,0.00578448245791344,0.028366484663308118,0.005036103587701659,0.00043742924714087084,0.00043742924714087084,0.0,0.998570033523659,0.005652361981687341,0.00521493273454647,0.9999472683883589,False
11.524750000000001,1,423,424,3.414375000000047,3.414375000000047,0.0,0.029346172163308145,0.029346172163308145,0.09003124082900955,0.08123375057661547,0.005979990270413425,0.029346172163308145,0.005036103587701659,0.0004571120179774909,0.0004571120179774909,0.0,0.9986812012566479,0.005742802864284316,0.005285690846306825,0.999951651719518,False
11.556750000000001,1,424,425,3.423175000000047,3.423175000000047,0.0,0.030446172163308204,0.030446172163308204,0.09003375057661543,0.08171411186870203,0.0065299902704134185,0.030446172163308204,0.005036103587701659,0.0004027863384247851,0.0004027863384247851,0.0,0.9987399406868755,0.0052239569487780545,0.004821170610353269,0.9999537437278031,False
11.587,1,425,426,3.431493750000047,3.431493750000047,0.0,0.031486015913308275,0.015743007956654138,0.09003286186870214,0.08067337941078874,0.007569834020413424,0.015743007956654138,0.005036103587701659,0.00042541018437570674,0.00042541018437570674,0.0,0.9988218304611021,0.005359773568998812,0.004934363384623105,0.9999569423767904,False
11.621,1,426,427,3.440843750000047,3.440843750000047,0.0,0.01691175795665416,0.01691175795665416,0.09002337941078847,0.08498699755683181,0.005036381853956671,0.01691175795665416,0.005036103587701659,0.00043451043057183403,0.00043451043057183403,0.0,0.9989797512031975,0.005708856397981833,0.005274345967409999,0.9999632053389099,False
11.63925,1,427,428,3.445862500000047,3.4458625000000467,-4.440892098500626e-16,0.0175391017066542,0.0175391017066542,0.09000574755683186,0.08434202195287518,0.005350053728956669,0.0175391017066542,0.005036103587701659,0.00043242216797636417,0.00043242216797636417,0.0,0.9984241617663067,0.00561620034060889,0.005183778172632526,0.9999414978723342,False
11.66,1,428,429,3.451568750000047,3.451568750000047,0.0,0.018252382956654222,0.018252382956654222,0.0900482719528751,0.08398493697391846,0.005314604510206668,0.018252382956654222,0.005036103587701659,0.00045536080394417775,0.00045536080394417775,0.0,0.9985282832179355,0.005832510538058576,0.005377149734114398,0.999945604538762,False
11.682,1,429,430,3.457618750000047,3.457618750000047,0.0,0.01900863295665427,0.01900863295665427,0.09003493697391854,0.08321535199496188,0.005692729510206667,0.01900863295665427,0.005036103587701659,0.0004571839712289839,0.0004571839712289839,0.0,0.9985301682653831,0.005788442989964039,0.005331259018735055,0.9999457051906687,False
11.70675,1,430,431,3.4644250000000474,3.4644250000000474,0.0,0.01985941420665435,0.01985941420665435,0.09002160199496217,0.08309996623475549,0.005843120135206681,0.01985941420665435,0.005036103587701659,0.0004047513983579405,0.0004047513983579405,0.0,0.9986363005255429,0.005334536022401044,0.004929784624043103,0.9999496295726645,False
11.732000000000001,1,431,432,3.4713687500000474,3.4713687500000474,0.0,0.020727382956654387,0.020727382956654387,0.09004371623475545,0.08225411172454877,0.0062771045102066715,0.020727382956654387,0.005036103587701659,0.00040493826973116777,0.00040493826973116777,0.0,0.9986704743374786,0.005340355550270966,0.004935417280539798,0.9999510179168642,False
11.760250000000001,1,432,433,3.4791375000000473,3.4791375000000473,0.0,0.021698476706654434,0.021698476706654434,0.09002286172454878,0.08164028846434213,0.007248198260206655,0.021698476706654434,0.005036103587701659,0.00048206100817631855,0.00048206100817631855,0.0,0.9987696310458538,0.0058504524011369595,0.005368391392960641,0.9999551760772873,False
11.790750000000001,1,433,434,3.487525000000047,3.487525000000047,0.0,0.02274691420665449,0.02274691420665449,0.09002778846434206,0.08059677770413542,0.005948837926663601,0.02274691420665449,0.005036103587701659,0.00044878775486161573,0.00044878775486161573,0.0,0.9989252470441017,0.005614160448518778,0.005165372693657162,0.9999609982161818,False
11.825000000000001,1,434,435,3.496943750000047,3.496943750000047,0.0,0.023924257956654555,0.023924257956654555,0.09001552770413543,0.0801075638189288,0.006537509801663595,0.023924257956654555,0.005036103587701659,0.00044587317794512625,0.00044587317794512625,0.0,0.9987483848251302,0.005699451168790014,0.0052535779908448885,0.99995432919667,False
11.861,1,435,436,3.506843750000047,3.506843750000047,0.0,0.025161757956654606,0.025161757956654606,0.09000756381892863,0.08443483187632535,0.005572731942603294,0.025161757956654606,0.005036103587701659,0.0004719863953801984,0.0004719863953801984,0.0,0.9988532644979464,0.005959680401576052,0.005487694006195854,0.9999585695952542,False
11.88125,1,436,437,3.512412500000047,3.512412500000047,0.0,0.02585785170665467,0.02585785170665467,0.09000358187632553,0.08373475618372221,0.005703786630103308,0.02585785170665467,0.005036103587701659,0.00046000746532796156,0.00046000746532796156,0.0,0.998576621960151,0.005818557108713374,0.005358549643385412,0.9999474960590412,False
11.904250000000001,1,437,438,3.518737500000047,3.518737500000047,0.0,0.0266484767066547,0.0266484767066547,0.0900597561837221,0.0835653445536188,0.006099099130103297,0.0266484767066547,0.005036103587701659,0.0004520610877823547,0.0004520610877823547,0.0,0.9986261102065035,0.0056961961570719775,0.005244135069289623,0.9999493420282478,False
11.92775,1,438,439,3.525200000000047,3.525200000000047,0.0,0.027456289206654754,0.027456289206654754,0.09002784455361887,0.08272562042351558,0.005329106463331777,0.027456289206654754,0.005036103587701659,0.00044311600379278295,0.00044311600379278295,0.0,0.998708307766364,0.005578739709219231,0.005135623705426448,0.9999525020181591,False
11.95425,1,439,440,3.5324875000000464,3.5324875000000464,0.0,0.028367226706654754,0.028367226706654754,0.09001312042351517,0.08219527129341192,0.005784575213331747,0.028367226706654754,0.005036103587701659,0.00044397783272113426,0.00044397783272113426,0.0,0.9985700827011105,0.005698827586634779,0.005254849753913645,0.999947303487891,False
11.982750000000001,1,440,441,3.540325000000047,3.5403250000000472,4.440892098500626e-16,0.029346914206654844,0.029346914206654844,0.09003277129341218,0.08123523466330893,0.005980083025831763,0.029346914206654844,0.005036103587701659,0.0004900593947993124,0.0004900593947993124,0.0,0.9986813779381007,0.006101187450095382,0.00561112805529607,0.9999518385556255,False
