time,inserted_nodes,node_count_before,node_count_after,rest_length_before,rest_length_after,rest_length_error,tail_rest_length_before,tail_rest_length_after,payout_buffer_rest_length_before,payout_buffer_rest_length_after,payout_buffer_min_rest_length_after,payout_buffer_max_rest_length_after,minimum_physical_rest_length_after,peak_tension_before,peak_tension_after,peak_tension_jump,minimum_geometric_ratio_after,peak_tension_post_step,peak_tension_post_step_jump,minimum_standard_ratio_post_step,remeshed_in_same_step
0.52675,1,103,104,1.0300075364215415,1.0300075364215415,0.0,0.011250942052692697,0.005625471026346349,0.09000753642154158,0.07875659436884888,0.005625471026346349,0.011250942052692697,0.005625471026346349,0.0,0.0,0.0,0.9998336531109592,0.0,0.0,0.999983753432948,False
0.6880000000000001,1,104,105,1.041256255662363,1.0412562556623626,-4.440892098500626e-16,0.007031560931449005,0.007031560931449005,0.09000531360967007,0.07734828165187473,0.006328515978897672,0.012657031957795344,0.006328515978897672,0.0,0.0,0.0,0.9995775631589822,0.0,0.0,0.9999606099961518,False
0.8145,1,105,106,1.05391620060399,1.05391620060399,0.0,0.008614054049152402,0.008614054049152402,0.09000822659350194,0.07576870151800319,0.007119762537749375,0.01423952507549875,0.007119762537749375,0.0,0.0,0.0,0.9995029261920065,0.0,0.0,0.9999538441055555,False
0.9265,1,106,107,1.0681588646698044,1.0681588646698044,0.0,0.010394387057379207,0.010394387057379207,0.09001136558381763,0.07399150750009206,0.0051971935286896035,0.016019858083725556,0.0051971935286896035,0.0,0.0,0.0,0.9994578144331032,0.0,0.0,0.999949861108955,False
1.0315,1,107,108,1.0841821817619575,1.0841821817619575,0.0,0.012397301693898358,0.012397301693898358,0.09001482459224525,0.07199205187200056,0.005847128370673514,0.012397301693898358,0.005847128370673514,0.0,0.0,0.0,0.999211822435083,0.0,0.0,0.9999277928504535,False
1.1335,1,108,109,1.1022349695382403,1.1022349695382403,0.0,0.014653900165933709,0.014653900165933709,0.09004483964828344,0.07688523099375277,0.006975427606691189,0.014653900165933709,0.006975427606691189,0.0,0.0,0.0,0.9991983364440508,0.0,0.0,0.9999266089223452,False
1.20025,1,109,110,1.1153580877575278,1.1153580877575275,-2.220446049250313e-16,0.016294289943344673,0.016294289943344673,0.09000834921304032,0.0752083507810987,0.005548548207327526,0.016294289943344673,0.005548548207327526,0.0,0.0,0.0,0.9991848832874599,0.0,0.0,0.9999253121111074,False
1.27025,1,110,111,1.1302040805905451,1.1302040805905451,0.0,0.018150039047471804,0.018150039047471804,0.09005434361411574,0.07845447788986878,0.0052357832441146295,0.018150039047471804,0.0052357832441146295,0.0,0.0,0.0,0.9989791354744633,0.0,0.0,0.99990686173011,False
1.3215000000000001,1,111,112,1.1417557947870278,1.1417557947870278,0.0,0.01959400332203215,0.01959400332203215,0.09000619208635166,0.083484277086948,0.0065219149994036624,0.01959400332203215,0.0065219149994036624,0.0,0.0,0.0,0.9988116298112567,0.0,0.0,0.9998916291295841,False
1.3495,1,112,113,1.1483031801185597,1.14830318011856,2.220446049250313e-16,0.02041242648847365,0.02041242648847365,0.0900316624184801,0.08269132425263492,0.006366976964615569,0.02041242648847365,0.006366976964615569,0.0,0.0,0.0,0.9988910680503625,0.0,0.0,0.9998988612238964,False
1.3800000000000001,1,113,114,1.155619983097489,1.1556199830974887,-2.220446049250313e-16,0.021327026860839753,0.021327026860839753,0.09000812723156379,0.08159535617408117,0.005290642562411324,0.021327026860839753,0.005290642562411324,0.0,0.0,0.0,0.9988526619009647,0.0,0.0,0.9998953529271777,False
1.41425,1,114,115,1.1640601846447443,1.1640601846447443,0.0,0.02238205205424668,0.02238205205424668,0.0900355577213366,0.08056776147044706,0.005818155159114789,0.02238205205424668,0.005818155159114789,0.0,0.0,0.0,0.9986465922855166,0.0,0.0,0.9998765156694126,False
1.4515,1,115,116,1.1734999034861318,1.1734999034861318,0.0,0.023562016909420117,0.023562016909420117,0.0900074803118345,0.08049091292627247,0.006998120014288217,0.023562016909420117,0.0065219149994036624,0.0,0.0,0.0,0.998737642980195,0.0,0.0,0.9998839401925776,False
1.48825,1,116,117,1.183068572470135,1.183068572470135,0.0,0.024758100532420543,0.024758100532420543,0.09005958191027591,0.08470325640599469,0.0053563255042812325,0.024758100532420543,0.0053563255042812325,0.0,0.0,0.0,0.9988934970089216,0.0,0.0,0.9998991617947617,False
1.50825,1,117,118,1.1883787980333436,1.1883787980333438,2.220446049250313e-16,0.02542187872782159,0.02542187872782159,0.09001348196920311,0.08399337826952083,0.005521136754383374,0.02542187872782159,0.0053563255042812325,0.0,0.0,0.0,0.998473717703774,0.0,0.0,0.9998608380912302,False
1.53075,1,118,119,1.194436446949543,1.194436446949543,0.0,0.0261790848423465,0.0261790848423465,0.09005102718572008,0.08497967691376104,0.005071350271959038,0.0261790848423465,0.005071350271959038,9.173560159156461e-07,9.173560159156461e-07,0.0,0.998515235114167,2.248585854088423e-06,1.331229838172777e-06,0.9998647716573325,False
1.54925,1,119,120,1.1994816356427453,1.1994816356427453,0.0,0.02680973342899681,0.02680973342899681,0.09002486560696353,0.08432286674835418,0.005386674565284195,0.02680973342899681,0.005071350271959038,6.218585066754918e-07,6.218585066754918e-07,0.0,0.9983465346763797,5.357773584753272e-07,-8.60811482001646e-08,0.9998494244381368,False
1.57,1,120,121,1.205207499009203,1.205207499009203,0.0,0.027525466349804052,0.027525466349804052,0.09004873011481207,0.08394632262872063,0.005480784727336078,0.027525466349804052,0.005071350271959038,3.110502175761277e-07,3.110502175761277e-07,0.0,0.9984360497318189,3.200477440073123e-07,8.997526431184623e-09,0.9998575365778835,False
1.59175,1,121,122,1.211282942111743,1.2112829421117428,-2.220446049250313e-16,0.028284896737621513,0.028284896737621513,0.09002176573126036,0.08315992785735146,0.005860499921244813,0.028284896737621513,0.005071350271959038,1.0026451658880003e-06,1.0026451658880003e-06,0.0,0.9984518315792217,1.1946161117876077e-06,1.9197094589960741e-07,0.9998589191613548,False
1.616,1,122,123,1.2181421586201313,1.218142158620131,-2.220446049250313e-16,0.029142298801170058,0.029142298801170058,0.09001914436573981,0.08292152718703771,0.006717901984793352,0.029142298801170058,0.005071350271959038,2.676208290081539e-06,2.676208290081539e-06,0.0,0.9985432823125975,2.5393347772220817e-06,-1.368735128594572e-07,0.9998668214675268,False
1.64075,1,123,124,1.2252316110881338,1.2252316110881338,0.0,0.030028480359670387,0.030028480359670387,0.09001097965504029,0.0820271809178379,0.005063869193116076,0.030028480359670387,0.005063869193116076,2.0577607718560184e-06,2.0577607718560184e-06,0.0,0.998697023012987,2.006627784728371e-06,-5.113298712764759e-08,0.999881221666626,False
1.66825,1,124,125,1.2332085532422297,1.2332085532422297,0.0,0.03102559812893236,0.03102559812893236,0.09000412307193362,0.08140292175937798,0.005562428077747059,0.03102559812893236,0.005071350271959038,3.219757398878855e-06,3.219757398878855e-06,0.0,0.9983443068141267,3.308566527914739e-06,8.8809129035884e-08,0.9998490969649279,False
1.69775,1,125,126,1.2418752948501948,1.241875294850195,2.220446049250313e-16,0.03210894082992799,0.03210894082992799,0.09006966336734339,0.08038511935379208,0.005173994409907787,0.03210894082992799,0.005071350271959038,3.804810820575116e-06,3.804810820575116e-06,0.0,0.9984707589718353,3.7548459251882603e-06,-4.99648953868558e-08,0.9998605899030738,False
1.73025,1,126,127,1.2515450860086828,1.2515450860086828,0.0,0.03331766472473896,0.03331766472473896,0.09005491051227982,0.08170185695409511,0.005778356357313273,0.03331766472473896,0.005071350271959038,4.361838105226259e-06,4.361838105226259e-06,0.0,0.9983874956615094,4.4033930457279004e-06,4.1554940501641047e-08,0.9998529111162303,False
1.758,1,127,128,1.2598941333455642,1.2598941333455644,2.220446049250313e-16,0.034361295641849136,0.017180647820924568,0.09005090429097645,0.08065421981568159,0.00682198727442344,0.017180647820924568,0.005071350271959038,4.726450134256131e-06,4.726450134256131e-06,0.0,0.9984765867299021,4.635710400040943e-06,-9.073973421518805e-08,0.9998601739645172,False
1.7890000000000001,1,128,129,1.2693120570651,1.2693120570650995,-4.440892098500626e-16,0.0183578882858665,0.0183578882858665,0.09007214353521706,0.08503446050741414,0.0050376830278029,0.0183578882858665,0.0050376830278029,5.307898899807855e-06,5.307898899807855e-06,0.0,0.998688117651741,5.304987888839555e-06,-2.9110109683004592e-09,0.9998805015533941,False
1.80525,1,129,130,1.2742837656655577,1.2742837656655577,0.0,0.018979351860923786,0.018979351860923786,0.0900061691078724,0.08434702250501222,0.005348414815331539,0.018979351860923786,0.0050376830278029,5.421853345711613e-06,5.421853345711613e-06,0.0,0.9981372220842621,5.397103581028062e-06,-2.474976468355098e-08,0.9998303890758082,False
1.82375,1,130,131,1.2799704367586546,1.2799704367586546,0.0,0.0196901857475609,0.0196901857475609,0.09003369359810917,0.08397444489614052,0.006059248701968663,0.0196901857475609,0.0050376830278029,5.690044427096694e-06,5.690044427096694e-06,0.0,0.9982518779624295,5.79098870418719e-06,1.009442770904959e-07,0.9998399411094214,False
1.8435000000000001,1,131,132,1.2860699225679872,1.2860699225679872,0.0,0.02045262147372746,0.02045262147372746,0.0900739307054729,0.08325224627733768,0.005349161437315899,0.02045262147372746,0.0050376830278029,6.357070932680594e-06,6.357070932680594e-06,0.0,0.9984400727649008,6.090004171283589e-06,-2.6706676139700474e-07,0.9998579315580458,False
1.8655,1,132,133,1.2928953979359536,1.2928953979359536,0.0,0.021305805894723275,0.021305805894723275,0.09007772164530423,0.08387537578699251,0.005775753647813808,0.021305805894723275,0.0050376830278029,5.8283922643820405e-06,5.8283922643820405e-06,0.0,0.9982765527248242,5.801028961817151e-06,-2.7363302564889676e-08,0.9998430290234844,False
1.88525,1,133,134,1.299047329491624,1.299047329491624,0.0,0.022074797339182068,0.022074797339182068,0.09002730734266293,0.08305597003989242,0.005858068396340472,0.022074797339182068,0.0050376830278029,6.458579664091939e-06,6.458579664091939e-06,0.0,0.9983609745053392,6.38085517518501e-06,-7.77244889069292e-08,0.9998506688788671,False
1.9075,1,134,135,1.3060016470447313,1.306001647044731,-2.220446049250313e-16,0.02294408703332047,0.02294408703332047,0.09001028759299955,0.08259625280658854,0.006292713243409666,0.02294408703332047,0.0050376830278029,5.463426054108916e-06,5.463426054108916e-06,0.0,0.9984001858978585,5.5066410050156256e-06,4.3214950906709897e-08,0.9998541715603723,False
1.9312500000000001,1,135,136,1.31344737821087,1.31344737821087,0.0,0.023874803429087824,0.023874803429087824,0.09004198397272739,0.08169723279054904,0.007014855277653684,0.023874803429087824,0.0050376830278029,6.094565522587878e-06,6.094565522587878e-06,0.0,0.9985059169585536,6.230331019834779e-06,1.3576549724690092e-07,0.999863641037629,False
1.95775,1,136,137,1.3217757731178903,1.3217757731178903,0.0,0.024915852792465356,0.024915852792465356,0.09002562769756926,0.08132650384794553,0.007535379959342448,0.024915852792465356,0.0050376830278029,5.991767163950832e-06,5.991767163950832e-06,0.0,0.9986574256308417,5.894695365939385e-06,-9.707179801144751e-08,0.9998770929793973,False
1.9855,1,137,138,1.330511477044988,1.330511477044988,0.0,0.026007815783352557,0.013003907891676278,0.09006220777504313,0.08027112093453218,0.00862734295022965,0.013003907891676278,0.0050376830278029,5.757710480369611e-06,5.757710480369611e-06,0.0,0.9987449035565037,5.772708339867039e-06,1.499785949742754e-08,0.9998843284697846,False
2.0165,1,138,139,1.34027625,1.34027625,0.0,0.014224504511052791,0.014224504511052791,0.09003589388954428,0.08474737458313517,0.005288519306409132,0.014224504511052791,0.0050376830278029,6.437515603013551e-06,6.437515603013551e-06,0.0,0.9989002098809664,6.445393009136218e-06,7.877406122666413e-09,0.9998997446535779,False
2.0332500000000002,1,139,140,1.3455525000000002,1.3455525000000002,0.0,0.014884035761052827,0.014884035761052827,0.0900236245831354,0.08407557402672627,0.00561828493140915,0.014884035761052827,0.0050376830278029,6.4444715940887055e-06,6.4444715940887055e-06,0.0,0.9981793037134834,6.47255113956493e-06,2.8079545476224384e-08,0.9998342015533901,False
2.05225,1,140,141,1.3515375000000005,1.3515375000000005,0.0,0.01563216076105287,0.01563216076105287,0.09006057402672653,0.08369416409531738,0.005888060250647503,0.01563216076105287,0.0050376830278029,7.188326795272351e-06,7.188326795272351e-06,0.0,0.9982989469774824,7.152671211010981e-06,-3.5655584261369974e-08,0.999845076826728,False
2.0725000000000002,1,141,142,1.3579162500000006,1.3579162500000006,0.0,0.016429504511052906,0.016429504511052906,0.09007291409531754,0.08290916041390839,0.006286732125647522,0.016429504511052906,0.0050376830278029,6.892101698561818e-06,6.892101698561818e-06,0.0,0.998380104532744,6.7734802646920674e-06,-1.1862143386975053e-07,0.9998524242790021,False
2.09525,1,142,143,1.3650825000000006,1.3650825000000009,2.220446049250313e-16,0.017325285761052946,0.017325285761052946,0.09007541041390849,0.08249422516326102,0.0064743604098031595,0.017325285761052946,0.0050376830278029,7.2154273314191565e-06,7.2154273314191565e-06,0.0,0.9984922101236142,7.346365095063008e-06,1.3093776364385152e-07,0.9998625743965869,False
2.11925,1,143,144,1.3726425000000009,1.3726425000000009,0.0,0.018270285761052996,0.018270285761052996,0.09005422516326121,0.0815280399126137,0.0069468604098031845,0.018270285761052996,0.0050376830278029,7.932063027083842e-06,7.932063027083842e-06,0.0,0.9985403423537947,7.89269884633189e-06,-3.936418075195188e-08,0.9998668339845684,False
2.14625,1,144,145,1.3811475000000017,1.3811475000000013,-4.440892098500626e-16,0.019333410761053056,0.019333410761053056,0.09003303991261404,0.08084240153696645,0.008009985409803192,0.019333410761053056,0.0050376830278029,7.585689716146476e-06,7.585689716146476e-06,0.0,0.9986479706815964,7.632743885702668e-06,4.70541695561915e-08,0.999875718657713,False
2.1755,1,145,146,1.3903612500000015,1.3903612500000015,0.0,0.020485129511053107,0.020485129511053107,0.09005615153696686,0.08488497297414305,0.0051711785628238156,0.020485129511053107,0.0050376830278029,8.310495159623651e-06,8.310495159623651e-06,0.0,0.9988179048491024,8.282076746093014e-06,-2.8418413530636706e-08,0.9998923163695032,False
2.19175,1,146,147,1.395480000000002,1.3954800000000018,-2.220446049250313e-16,0.021124973261053153,0.021124973261053153,0.09000372297414337,0.08419270066131955,0.005137023954901643,0.021124973261053153,0.0050376830278029,8.297344020034131e-06,8.297344020034131e-06,0.0,0.9981364179079139,8.329376347228644e-06,3.203232719451257e-08,0.9998303564733083,False
2.21025,1,147,148,1.4013075000000021,1.4013075000000024,2.220446049250313e-16,0.02185341076105319,0.02185341076105319,0.09002020066131976,0.08415473920641812,0.005501242704901661,0.02185341076105319,0.0050376830278029,8.683805750936348e-06,8.683805750936348e-06,0.0,0.998153709551073,8.628902898564399e-06,-5.4902852371948967e-08,0.9998319135561559,False
2.229,1,148,149,1.4072137500000024,1.4072137500000022,-2.220446049250313e-16,0.02259169201105322,0.02259169201105322,0.09006098920641824,0.08345724650151662,0.005634133329901678,0.02259169201105322,0.0050376830278029,8.713129477460203e-06,8.713129477460203e-06,0.0,0.9982643770456283,8.610151810728038e-06,-1.029776667321649e-07,0.9998419564360327,False
2.25,1,149,150,1.4138287500000026,1.4138287500000026,0.0,0.02341856701105326,0.02341856701105326,0.09007224650151673,0.08300584754661508,0.006047570829901698,0.02341856701105326,0.0050376830278029,8.392913936635678e-06,8.392913936635678e-06,0.0,0.998323867566025,8.477346336548125e-06,8.443239991244664e-08,0.999847331035122,False
2.27225,1,150,151,1.4208375000000024,1.4208375000000026,2.220446049250313e-16,0.02429466076105331,0.02429466076105331,0.09001459754661523,0.0820721048417136,0.006923664579901695,0.02429466076105331,0.0050376830278029,8.973181906743775e-06,8.973181906743775e-06,0.0,0.9984358604212479,9.047476370049103e-06,7.429446330532849e-08,0.999857373545237,False
2.2975,1,151,152,1.4287912500000028,1.4287912500000028,0.0,0.02528887951105337,0.02528887951105337,0.09002585484171384,0.08169453401181215,0.007811087065263421,0.02528887951105337,0.0050376830278029,8.776160748781336e-06,8.776160748781336e-06,0.0,0.9986322353956357,8.753822581016203e-06,-2.2338167765133168e-08,0.9998749532703289,False
2.324,1,152,153,1.4371387500000035,1.4371387500000032,-2.220446049250313e-16,0.026332317011053423,0.013166158505526711,0.09004203401181257,0.08066727568191083,0.008854524565263474,0.013166158505526711,0.0050376830278029,9.00506088532399e-06,9.00506088532399e-06,0.0,0.998776935496223,9.047210553518288e-06,4.214966819429851e-08,0.9998873424667707,False
2.3537500000000002,1,153,154,1.4465100000000037,1.4465100000000037,0.0,0.01433756475552677,0.01433756475552677,0.0900385256819113,0.08497216214196039,0.005066363539950906,0.01433756475552677,0.0050376830278029,9.561108153220238e-06,9.561108153220238e-06,0.0,0.9989197306014078,9.554220424626709e-06,-6.887728593528951e-09,0.9999015403612186,False
2.3697500000000002,1,154,155,1.4515500000000041,1.4515500000000041,0.0,0.014967564755526803,0.014967564755526803,0.09001216214196062,0.08431579860200972,0.005381363539950923,0.014967564755526803,0.0050376830278029,9.563768547262834e-06,9.563768547262834e-06,0.0,0.9980988624978298,9.608279299673077e-06,4.4510752410242826e-08,0.999826913750436,False
2.388,1,155,156,1.457298750000004,1.457298750000004,0.0,0.015686158505526845,0.015686158505526845,0.09006454860200996,0.08396459131205904,0.005935816970131804,0.015686158505526845,0.0050376830278029,9.710657606698411e-06,9.710657606698411e-06,0.0,0.9982246525645186,9.635241023442902e-06,-7.541658325550989e-08,0.9998383554322786,False
2.40725,1,156,157,1.4633625000000046,1.4633625000000046,0.0,0.016444127255526884,0.016444127255526884,0.09002834131205921,0.0831704152721083,0.006314801345131823,0.016444127255526884,0.0050376830278029,9.390090576580622e-06,9.390090576580622e-06,0.0,0.9983821347033143,9.369063379301439e-06,-2.102719727918351e-08,0.9998526517210847,False
2.4290000000000003,1,157,158,1.4702137500000045,1.4702137500000045,0.0,0.017300533505526926,0.017300533505526926,0.09002166527210842,0.08247147330197664,0.006494449782631844,0.017300533505526926,0.0050376830278029,9.910867332045572e-06,9.910867332045572e-06,0.0,0.9984898390124162,9.961773088709011e-06,5.090575666343933e-08,0.9998624055317796,False
2.453,1,158,159,1.4777737500000045,1.4777737500000048,2.220446049250313e-16,0.018245533505526976,0.018245533505526976,0.09003147330197683,0.08153628133184501,0.006966949782631869,0.018245533505526976,0.0050376830278029,9.75173573262239e-06,9.75173573262239e-06,0.0,0.9985442918349566,9.700241656299862e-06,-5.14940763225285e-08,0.9998672414936767,False
2.48,1,159,160,1.4862787500000048,1.4862787500000048,0.0,0.01930865850552702,0.01930865850552702,0.09004128133184522,0.08086194873671335,0.00803007478263186,0.01930865850552702,0.0050376830278029,9.95453308478742e-06,9.95453308478742e-06,0.0,0.998651365956131,9.97741311720596e-06,2.2880032418540804e-08,0.9998760653333155,False
2.50925,1,160,161,1.4954925000000052,1.4954925000000054,2.220446049250313e-16,0.020460377255527087,0.020460377255527087,0.0900756987367139,0.08491017306414791,0.005165525672565968,0.020460377255527087,0.0050376830278029,1.000714839708555e-05,1.000714839708555e-05,0.0,0.9988205056844469,1.000067163936511e-05,-6.476757720439775e-09,0.9998925828084531,False
2.5255,1,161,162,1.5006112500000057,1.5006112500000057,0.0,0.021100221005527116,0.021100221005527116,0.09002892306414811,0.08422355364158216,0.005147068641315977,0.021100221005527116,0.0050376830278029,1.0156790714941424e-05,1.0156790714941424e-05,0.0,0.998134618943825,1.0188107031511686e-05,3.131631657026273e-08,0.9998302248981622,False
2.544,1,162,163,1.5064387500000058,1.5064387500000058,0.0,0.021828658505527152,0.021828658505527152,0.09005105364158236,0.08417554750026639,0.005511287391315995,0.021828658505527152,0.0050376830278029,1.0079102049549381e-05,1.0079102049549381e-05,0.0,0.9981568806636445,1.0035737821815556e-05,-4.336422773382553e-08,0.9998322354442175,False
2.5625,1,163,164,1.512266250000006,1.512266250000006,0.0,0.02255709600552719,0.02255709600552719,0.09000304750026654,0.08339910385895058,0.005639256141316015,0.02255709600552719,0.0050376830278029,1.004351965134063e-05,1.004351965134063e-05,0.0,0.998264445860818,9.984286512998505e-06,-5.923313834212501e-08,0.9998419938346399,False
2.5835,1,164,165,1.5188812500000064,1.5188812500000062,-2.220446049250313e-16,0.023383971005527245,0.023383971005527245,0.09001410385895084,0.08294750396763484,0.006052693641316043,0.023383971005527245,0.0050376830278029,1.0089078788212558e-05,1.0089078788212558e-05,0.0,0.9983252087163911,1.0157476423430523e-05,6.839763521796535e-08,0.9998474851109411,False
2.606,1,165,166,1.5259687500000063,1.5259687500000063,0.0,0.02426990850552729,0.02426990850552729,0.09003500396763495,0.08208246657631894,0.006938631141316034,0.02426990850552729,0.0050376830278029,1.0344581900304547e-05,1.0344581900304547e-05,0.0,0.9984392448864419,1.0332604108217012e-05,-1.1977792087535736e-08,0.999857713501905,False
2.63125,1,166,167,1.5339225000000065,1.5339225000000065,0.0,0.025264127255527333,0.025264127255527333,0.09003621657631906,0.08168992918500304,0.007804899001381912,0.025264127255527333,0.0050376830278029,1.012517359379021e-05,1.012517359379021e-05,0.0,0.9986348261534195,1.0137800669110929e-05,1.2627075320718602e-08,0.9998751996521804,False
2.65775,1,167,168,1.542270000000007,1.542270000000007,0.0,0.026307564755527386,0.013153782377763693,0.09003742918500346,0.08064770429368737,0.008848336501381964,0.013153782377763693,0.0050376830278029,1.0296710515076066e-05,1.0296710515076066e-05,0.0,0.9987760886435403,1.0317273108094031e-05,2.0562593017965148e-08,0.9998872442468008,False
2.6875,1,168,169,1.5516412500000074,1.5516412500000074,0.0,0.014325188627763752,0.014325188627763752,0.09001895429368784,0.08494510747302977,0.0050738468206580675,0.014325188627763752,0.0050376830278029,1.0818470919225778e-05,1.0818470919225778e-05,0.0,0.9989190576663208,1.080938128807125e-05,-9.089631154528266e-09,0.9999014816497417,False
2.70375,1,169,170,1.5567600000000077,1.5567600000000077,0.0,0.014965032377763797,0.014965032377763797,0.09006385747303011,0.08435016690237204,0.00539376869565809,0.014965032377763797,0.0050376830278029,1.0883400093162753e-05,1.0883400093162753e-05,0.0,0.9981046169811986,1.0912727907017112e-05,2.9327813854358796e-08,0.9998274380756592,False
2.72175,1,170,171,1.562430000000008,1.5624300000000078,-2.220446049250313e-16,0.015673782377763824,0.015673782377763824,0.09002016690237216,0.0839176482067141,0.0059327229381910445,0.015673782377763824,0.0050376830278029,1.0810138030131798e-05,1.0810138030131798e-05,0.0,0.9982253921663421,1.0732832830331993e-05,-7.730519979980578e-08,0.9998384290304878,False
2.74125,1,171,172,1.5685725000000081,1.5685725000000081,0.0,0.016441594877763876,0.016441594877763876,0.09006014820671436,0.0831898170110563,0.00631662918819107,0.016441594877763876,0.0050376830278029,1.056404271349389e-05,1.056404271349389e-05,0.0,0.9983837612596839,1.0605746459898394e-05,4.1703746404502906e-08,0.999852808367758,False
2.763,1,172,173,1.5754237500000081,1.5754237500000081,0.0,0.017298001127763918,0.017298001127763918,0.09004106701105641,0.08248412532286538,0.006496277625691095,0.017298001127763918,0.0050376830278029,1.1000974269282813e-05,1.1000974269282813e-05,0.0,0.9984902217639322,1.1016011897073974e-05,1.503762779116104e-08,0.9998624468975588,False
2.787,1,173,174,1.5829837500000086,1.5829837500000086,0.0,0.018243001127763968,0.018243001127763968,0.09004412532286557,0.0815421836346745,0.00696877762569112,0.018243001127763968,0.0050376830278029,1.0769129729716652e-05,1.0769129729716652e-05,0.0,0.9985446462627497,1.0733421325188192e-05,-3.570840452846039e-08,0.9998672722333362,False
2.814,1,174,175,1.5914887500000088,1.5914887500000088,0.0,0.01930612612776401,0.01930612612776401,0.09004718363467469,0.08086602319648357,0.008031902625691112,0.01930612612776401,0.0050376830278029,1.0979899970328585e-05,1.0979899970328585e-05,0.0,0.9986516714286172,1.0993168688656191e-05,1.3268718327606689e-08,0.999876065733903,False
2.843,1,175,176,1.6006237500000093,1.6006237500000093,0.0,0.020448001127764084,0.020448001127764084,0.09000102319648416,0.08483950547738857,0.005161517719095594,0.020448001127764084,0.0050376830278029,1.1070791610794833e-05,1.1070791610794833e-05,0.0,0.9988194766864877,1.1062286614898045e-05,-8.504995896788103e-09,0.9998924958243504,False
2.8595,1,176,177,1.6058212500000093,1.6058212500000093,0.0,0.021097688627764108,0.021097688627764108,0.09003700547738872,0.08422580025829314,0.005147982562845602,0.021097688627764108,0.0050376830278029,1.1254411608305448e-05,1.1254411608305448e-05,0.0,0.9981364960785215,1.1297977549813758e-05,4.35659415083103e-08,0.9998304043897036,False
2.878,1,177,178,1.6116487500000094,1.6116487500000094,0.0,0.021826126127764144,0.021826126127764144,0.09005330025829333,0.08417688019544775,0.0055122013128456205,0.021826126127764144,0.0050376830278029,1.1084948619909639e-05,1.1084948619909639e-05,0.0,0.9981571717710561,1.1048003667921727e-05,-3.694495198791202e-08,0.999832270371208,False
2.8965,1,178,179,1.6174762500000097,1.6174762500000097,0.0,0.02255456362776418,0.02255456362776418,0.0900043801954479,0.08339952263260232,0.005640170062845641,0.02255456362776418,0.0050376830278029,1.0949861204956666e-05,1.0949861204956666e-05,0.0,0.9982647038430714,1.0942987289655145e-05,-6.873915301520246e-09,0.9998420234120149,False
2.9175,1,179,180,1.6240912500000098,1.6240912500000098,0.0,0.02338143862776422,0.02338143862776422,0.09001452263260243,0.08294700881975683,0.006053607562845661,0.02338143862776422,0.0050376830278029,1.1274104886186922e-05,1.1274104886186922e-05,0.0,0.9983254462258998,1.1278416796835065e-05,4.311910648143163e-09,0.9998475098003535,False
2.94,1,180,181,1.6311787500000101,1.6311787500000101,0.0,0.024267376127764282,0.024267376127764282,0.09003450881975707,0.08208105750691146,0.00693954506284567,0.024267376127764282,0.0050376830278029,1.1178882963470141e-05,1.1178882963470141e-05,0.0,0.998439453514951,1.1148703412727854e-05,-3.017955074228703e-08,0.9998577310291242,False
2.96525,1,181,182,1.6391325000000103,1.6391325000000103,0.0,0.025261594877764325,0.025261594877764325,0.09003480750691156,0.08168760619406591,0.00780426590694116,0.025261594877764325,0.0050376830278029,1.1293479106026636e-05,1.1293479106026636e-05,0.0,0.9986349830975251,1.1304190911953386e-05,1.0711805926749869e-08,0.9998752002779221,False
2.99175,1,182,183,1.6474800000000105,1.6474800000000105,0.0,0.026305032377764378,0.013152516188882189,0.09003510619406634,0.08064446738122062,0.008847703406941212,0.013152516188882189,0.0050376830278029,1.1363499060897282e-05,1.1363499060897282e-05,0.0,0.998776002003925,1.1333496778948092e-05,-3.0002281949190884e-08,0.9998872098368221,False
3.0215,1,183,184,1.656851250000011,1.656851250000011,0.0,0.014323922438882248,0.014323922438882248,0.09001571738122109,0.0849414135997982,0.005074303781422885,0.014323922438882248,0.0050376830278029,1.1981303655707586e-05,1.1981303655707586e-05,0.0,0.9989189889744351,1.1974846693377239e-05,-6.456962330347307e-09,0.9999014763207429,False
3.03775,1,184,185,1.6619700000000113,1.6619700000000113,0.0,0.014963766188882293,0.014963766188882293,0.09006016359979854,0.08434601606837565,0.005394225656422908,0.014963766188882293,0.0050376830278029,1.1917954447327773e-05,1.1917954447327773e-05,0.0,0.9981047582882843,1.1993735267413623e-05,7.578082008584982e-08,0.9998274434352168,False
3.05575,1,185,186,1.6676400000000116,1.6676400000000116,0.0,0.01567251618888232,0.01567251618888232,0.09001601606837578,0.0839130404119529,0.005932406390970668,0.01567251618888232,0.0050376830278029,1.1913684536463815e-05,1.1913684536463815e-05,0.0,0.9982255176471703,1.182272021781213e-05,-9.096431865168514e-08,0.9998384345645591,False
3.07525,1,186,187,1.6737825000000117,1.6737825000000117,0.0,0.016440328688882355,0.016440328688882355,0.09005554041195303,0.08318475225553015,0.006316312640970685,0.016440328688882355,0.0050376830278029,1.155308052339053e-05,1.155308052339053e-05,0.0,0.9983836771392697,1.1620671436972862e-05,6.759091358233215e-08,0.9998527926891504,False
3.097,1,187,188,1.680633750000012,1.680633750000012,0.0,0.017296734938882414,0.017296734938882414,0.09003600225553042,0.08247937711455976,0.006495961078470719,0.017296734938882414,0.0050376830278029,1.2065592158451709e-05,1.2065592158451709e-05,0.0,0.998490150119797,1.204373797787894e-05,-2.185418057276873e-08,0.9998624328938073,False
3.121,1,188,189,1.688193750000012,1.688193750000012,0.0,0.018241734938882447,0.018241734938882447,0.09003937711455981,0.08153775197358912,0.0069684610784707356,0.018241734938882447,0.0050376830278029,1.173991054697856e-05,1.173991054697856e-05,0.0,0.9985445804931549,1.1737187218992696e-05,-2.723327985863777e-09,0.9998672542367648,False
3.148,1,189,190,1.6966987500000124,1.6966987500000124,0.0,0.019304859938882507,0.019304859938882507,0.09004275197358946,0.08086190808261873,0.008031586078470746,0.019304859938882507,0.0050376830278029,1.1930207973493708e-05,1.1930207973493708e-05,0.0,0.9986516140662132,1.1929810989679018e-05,-3.969838146904679e-10,0.9998760354780444,False
3.17725,1,190,191,1.705912500000013,1.705912500000013,0.0,0.020456578688882576,0.020456578688882576,0.09007565808261928,0.08490937676213386,0.005166281320485407,0.020456578688882576,0.0050376830278029,1.2062615959486888e-05,1.2062615959486888e-05,0.0,0.9988207011677812,1.2055171042982802e-05,-7.444916504085412e-09,0.9998926071012818,False
3.1935000000000002,1,191,192,1.7110312500000133,1.7110312500000133,0.0,0.021096422438882604,0.021096422438882604,0.09002812676213404,0.08422200169164865,0.005147824289235415,0.021096422438882604,0.0050376830278029,1.1928694617329311e-05,1.1928694617329311e-05,0.0,0.9981348638841324,1.2013646920522314e-05,8.495230319300272e-08,0.9998302547293133,False
3.212,1,192,193,1.716858750000013,1.7168587500000132,2.220446049250313e-16,0.02182485993888264,0.02182485993888264,0.09004950169164885,0.08417323990241345,0.005512043039235433,0.02182485993888264,0.0050376830278029,1.2196242338674101e-05,1.2196242338674101e-05,0.0,0.998157126340579,1.2153937824107533e-05,-4.230451456656813e-08,0.9998322690340615,False
3.2305,1,193,194,1.7226862500000133,1.7226862500000133,0.0,0.022553297438882677,0.022553297438882677,0.0900007399024136,0.08339604061317821,0.005640011789235458,0.022553297438882677,0.0050376830278029,1.2012839329061757e-05,1.2012839329061757e-05,0.0,0.9982646633604929,1.1963277226979797e-05,-4.9562102081960897e-08,0.9998420206562825,False
3.2515,1,194,195,1.7293012500000133,1.7293012500000133,0.0,0.023380172438882716,0.023380172438882716,0.09001104061317833,0.0829436850739429,0.006053449289235477,0.023380172438882716,0.0050376830278029,1.2059113899319746e-05,1.2059113899319746e-05,0.0,0.9983253999805249,1.2108505340195104e-05,4.9391440875358765e-08,0.9998474979406871,False
3.274,1,195,196,1.7363887500000135,1.7363887500000135,0.0,0.02426610993888276,0.02426610993888276,0.090031185073943,0.08207789203470758,0.006939386789235468,0.02426610993888276,0.0050376830278029,1.223431917973591e-05,1.223431917973591e-05,0.0,0.9984394160847284,1.2205569365464331e-05,-2.874981427157899e-08,0.9998577199490128,False
3.2992500000000002,1,196,197,1.744342500000014,1.7443425000000137,-2.220446049250313e-16,0.02526032868888282,0.02526032868888282,0.09003164203470784,0.08168459899547237,0.007803949359720784,0.02526032868888282,0.0050376830278029,1.2068491022785427e-05,1.2068491022785427e-05,0.0,0.9986349535203602,1.2079118969341693e-05,1.062794655626591e-08,0.9998751855399789,False
3.32575,1,197,198,1.752690000000014,1.7526900000000143,2.220446049250313e-16,0.026303766188882874,0.013151883094441437,0.09003209899547279,0.08064161845623727,0.008847386859720837,0.013151883094441437,0.0050376830278029,1.217381258412326e-05,1.217381258412326e-05,0.0,0.998775951480941,1.216539660764228e-05,-8.415976480980174e-09,0.9998871883179142,False
3.3555,1,198,199,1.7620612500000146,1.7620612500000146,0.0,0.014323289344441496,0.014323289344441496,0.09001286845623774,0.08493864381161995,0.005074224644617794,0.014323289344441496,0.0050376830278029,1.2893450224949512e-05,1.2893450224949512e-05,0.0,0.9989189572534944,1.2887621068973133e-05,-5.829155976379112e-09,0.9999014748519149,False
3.37175,1,199,200,1.7671800000000149,1.7671800000000149,0.0,0.014963133094441524,0.014963133094441524,0.09005739381162013,0.08434332541700235,0.005394146519617808,0.014963133094441524,0.0050376830278029,1.254737382083598e-05,1.254737382083598e-05,0.0,0.9981047206007799,1.2628100455880988e-05,8.072663504500718e-08,0.9998274290727628,False
3.3897500000000003,1,200,201,1.7728500000000151,1.7728500000000151,0.0,0.01567188309444157,0.01567188309444157,0.09001332541700263,0.08391042889738483,0.005932248117360484,0.01567188309444157,0.0050376830278029,1.301121212683376e-05,1.301121212683376e-05,0.0,0.9982254890133982,1.2961495533393507e-05,-4.971659344025223e-08,0.9998384261342212,False
3.40925,1,201,202,1.7789925000000153,1.7789925000000153,0.0,0.016439695594441604,0.016439695594441604,0.09005292889738495,0.08318221987776717,0.006316154367360501,0.016439695594441604,0.0050376830278029,1.2473975145331007e-05,1.2473975145331007e-05,0.0,0.9983836330944473,1.2453218812414637e-05,-2.07563329163705e-08,0.9998527795185451,False
3.431,1,202,203,1.7858437500000155,1.7858437500000153,-2.220446049250313e-16,0.017296101844441646,0.017296101844441646,0.09003346987776728,0.08247700301040684,0.006495802804860523,0.017296101844441646,0.0050376830278029,1.2723173043698667e-05,1.2723173043698667e-05,0.0,0.9984901064294803,1.2757055084845797e-05,3.388204114712981e-08,0.9998624166474268,False
3.455,1,203,204,1.7934037500000157,1.7934037500000157,0.0,0.018241101844441696,0.018241101844441696,0.09003700301040701,0.08153553614304652,0.006968302804860548,0.018241101844441696,0.0050376830278029,1.2700028618645441e-05,1.2700028618645441e-05,0.0,0.9985445485057463,1.2683713694971787e-05,-1.6314923673653968e-08,0.999867245161356,False
3.482,1,204,205,1.801908750000016,1.801908750000016,0.0,0.019304226844441757,0.019304226844441757,0.09004053614304686,0.0808598505256863,0.008031427804860557,0.019304226844441757,0.0050376830278029,1.2618882048574229e-05,1.2618882048574229e-05,0.0,0.998651579729478,1.2615746480169237e-05,-3.135568404992158e-09,0.9998760176187916,False
3.51125,1,205,206,1.8111225000000166,1.8111225000000166,0.0,0.020455945594441825,0.020455945594441825,0.09007360052568684,0.08490739834200653,0.005166202183680316,0.020455945594441825,0.0050376830278029,1.2941267910410176e-05,1.2941267910410176e-05,0.0,0.9988206823725908,1.2952024632985234e-05,1.0756722575058601e-08,0.9998926059679494,False
3.5275,1,206,207,1.8162412500000167,1.8162412500000167,0.0,0.021095789344441854,0.021095789344441854,0.09002614834200671,0.08422010240832642,0.005147745152430326,0.021095789344441854,0.0050376830278029,1.2631458247056168e-05,1.2631458247056168e-05,0.0,0.9981348372708074,1.2649825140068869e-05,1.8366893012701025e-08,0.9998302488761565,False
3.5460000000000003,1,207,208,1.822068750000017,1.822068750000017,0.0,0.02182422684444189,0.02182422684444189,0.09004760240832661,0.0841714197558963,0.005511963902430344,0.02182422684444189,0.0050376830278029,1.2987072759325911e-05,1.2987072759325911e-05,0.0,0.9981571035993413,1.3035425484435716e-05,4.835272510980487e-08,0.9998322692231318,False
3.56475,1,208,209,1.8279750000000168,1.8279750000000172,4.440892098500626e-16,0.02256250809444192,0.02256250809444192,0.09007766975589641,0.08346320585346612,0.005644854527430361,0.02256250809444192,0.0050376830278029,1.3047788729517e-05,1.3047788729517e-05,0.0,0.9982673811347771,1.3079156564930035e-05,3.1367835413035e-08,0.9998422739043807,False
3.58575,1,209,210,1.8345900000000173,1.8345900000000173,0.0,0.02338938309444196,0.02338938309444196,0.09007820585346622,0.0830010857010359,0.006058292027430381,0.02338938309444196,0.0050376830278029,1.2764224170601612e-05,1.2764224170601612e-05,0.0,0.9983266525636076,1.2702932184870895e-05,-6.129198573071731e-08,0.9998476064858549,False
3.608,1,210,211,1.8415987500000175,1.8415987500000175,0.0,0.02426547684444201,0.02426547684444201,0.09000983570103605,0.08205662179860572,0.006934385777430377,0.02426547684444201,0.0050376830278029,1.2540603399263672e-05,1.2540603399263672e-05,0.0,0.998438275340924,1.2525733306985114e-05,-1.4870092278557786e-08,0.9998575990753534,False
3.63325,1,211,212,1.8495525000000177,1.8495525000000177,0.0,0.02525969559444207,0.02525969559444207,0.09001037179860598,0.08166832977117561,0.007803791086110596,0.02525969559444207,0.0050376830278029,1.3195557942122406e-05,1.3195557942122406e-05,0.0,0.9986341015420935,1.3215004797655208e-05,1.944685553280194e-08,0.9998751143762097,False
3.6597500000000003,1,212,213,1.857900000000018,1.857900000000018,0.0,0.026303133094442124,0.013151566547221062,0.09001582977117603,0.0806303502437456,0.008847228586110648,0.013151566547221062,0.0050376830278029,1.3112561487286508e-05,1.3112561487286508e-05,0.0,0.998775934013072,1.3014422462530691e-05,-9.813902475581688e-08,0.9998871872068027,False
3.6895000000000002,1,213,214,1.8672712500000186,1.8672712500000186,0.0,0.01432297279722112,0.01432297279722112,0.09000160024374607,0.0849298761050308,0.005071724138715248,0.01432297279722112,0.0050376830278029,1.37556961487087e-05,1.37556961487087e-05,0.0,0.9989189459284566,1.3738461862665256e-05,-1.723428604344314e-08,0.9999014779501999,False
3.70575,1,214,215,1.8723900000000189,1.8723900000000189,0.0,0.014962816547221149,0.014962816547221149,0.090048626105031,0.08433705821631576,0.005391646013715262,0.014962816547221149,0.0050376830278029,1.3289081657072422e-05,1.3289081657072422e-05,0.0,0.9981038835865782,1.3291574383121217e-05,2.49272604879551e-09,0.9998273439961601,False
3.72375,1,215,216,1.8780600000000192,1.8780600000000192,0.0,0.015671566547221193,0.015671566547221193,0.09000705821631605,0.08390666220260078,0.005932168980555391,0.015671566547221193,0.0050376830278029,1.3448348016752187e-05,1.3448348016752187e-05,0.0,0.998224747037906,1.3523045248521875e-05,7.469723176968795e-08,0.9998383465327918,False
3.74325,1,216,217,1.8842025000000193,1.884202500000019,-2.220446049250313e-16,0.016439379047221227,0.016439379047221227,0.09004916220260091,0.08318095368888566,0.006316075230555408,0.016439379047221227,0.0050376830278029,1.3727297318018837e-05,1.3727297318018837e-05,0.0,0.9983836166386506,1.3699154391036867e-05,-2.814292698197023e-08,0.9998527794314517,False
3.765,1,217,218,1.8910537500000193,1.8910537500000193,0.0,0.01729578529722127,0.01729578529722127,0.09003220368888579,0.08247581595833042,0.006495723668055429,0.01729578529722127,0.0050376830278029,1.3132714158146773e-05,1.3132714158146773e-05,0.0,0.9984900783047695,1.3102645615367778e-05,-3.006854277899456e-08,0.9998624004024875,False
3.789,1,218,219,1.8986137500000195,1.8986137500000195,0.0,0.01824078529722132,0.01824078529722132,0.0900358159583306,0.08153442822777521,0.006968223668055454,0.01824078529722132,0.0050376830278029,1.3307313567173881e-05,1.3307313567173881e-05,0.0,0.9985445240255546,1.340109036664856e-05,9.377679947467988e-08,0.9998672362529386,False
3.8160000000000003,1,219,220,1.90711875000002,1.90711875000002,0.0,0.01930391029722138,0.01930391029722138,0.09003942822777555,0.08085882174722009,0.008031348668055464,0.01930391029722138,0.0050376830278029,1.3485550547636895e-05,1.3485550547636895e-05,0.0,0.9986515680900825,1.3400047461606152e-05,-8.550308603074374e-08,0.9998760161652689,False
3.84525,1,220,221,1.9163325000000202,1.9163325000000202,0.0,0.02045562904722143,0.02045562904722143,0.0900725717472205,0.08490640913194272,0.00516616261527776,0.02045562904722143,0.0050376830278029,1.35420227806298e-05,1.35420227806298e-05,0.0,0.9988206698368035,1.3597350016544704e-05,5.532723591490478e-08,0.9998926031214863,False
3.8615,1,221,222,1.9214512500000205,1.9214512500000205,0.0,0.021095472797221477,0.021095472797221477,0.09002515913194306,0.08421915276666529,0.005147705584027778,0.021095472797221477,0.0050376830278029,1.3621247709622437e-05,1.3621247709622437e-05,0.0,0.9981348341311553,1.3572191018455852e-05,-4.9056691166584915e-08,0.9998302547696296,False
3.88,1,222,223,1.9272787500000206,1.9272787500000208,2.220446049250313e-16,0.021823910297221513,0.021823910297221513,0.09004665276666549,0.08417050968263771,0.005511924334027796,0.021823910297221513,0.0050376830278029,1.3343331298946445e-05,1.3343331298946445e-05,0.0,0.9981570821325968,1.3424058731164028e-05,8.072743221758361e-08,0.9998322593024036,False
3.89875,1,223,224,1.9331850000000208,1.9331850000000208,0.0,0.022562191547221545,0.022562191547221545,0.09007675968263784,0.08346233534861008,0.005644814959027814,0.022562191547221545,0.0050376830278029,1.3344950321919884e-05,1.3344950321919884e-05,0.0,0.9982673579650563,1.3484429937433686e-05,1.3947961551380125e-07,0.9998422633457719,False
3.91975,1,224,225,1.939800000000021,1.9398000000000208,-2.220446049250313e-16,0.023389066547221584,0.023389066547221584,0.09007733534861019,0.08300025476458242,0.006058252459027834,0.023389066547221584,0.0050376830278029,1.4035568467087771e-05,1.4035568467087771e-05,0.0,0.9983266621461571,1.3939526949223734e-05,-9.60415178640373e-08,0.9998476246007866,False
3.942,1,225,226,1.946808750000021,1.946808750000021,0.0,0.024265160297221634,0.024265160297221634,0.09000900476458257,0.08205583043055478,0.006934346209027831,0.024265160297221634,0.0050376830278029,1.350885669525935e-05,1.350885669525935e-05,0.0,0.9984382786060406,1.3365388776845127e-05,-1.4346791841422226e-07,0.9998576058049747,False
3.96725,1,226,227,1.9547625000000213,1.9547625000000213,0.0,0.025259379047221694,0.025259379047221694,0.09000958043055504,0.08166757797152721,0.007803711949305502,0.025259379047221694,0.0050376830278029,1.3457837135528815e-05,1.3457837135528815e-05,0.0,0.998634079253039,1.3573363339244176e-05,1.1552620371536111e-07,0.999875103254383,False
3.99375,1,227,228,1.9631100000000217,1.9631100000000217,0.0,0.026302816547221747,0.013151408273610873,0.09001507797152764,0.08062963801249975,0.008847149449305555,0.013151408273610873,0.0050376830278029,1.4010646631095006e-05,1.4010646631095006e-05,0.0,0.9987759306426082,1.4019016917705995e-05,8.370286610988363e-09,0.9998872001240564,False
4.0235,1,228,229,1.9724812500000222,1.9724812500000222,0.0,0.014322814523610915,0.014322814523610915,0.09000088801250009,0.08492918365798612,0.005071704354513966,0.014322814523610915,0.0050376830278029,1.4511641762156747e-05,1.4511641762156747e-05,0.0,0.9989189437597101,1.4505275806028214e-05,-6.365956128532397e-09,0.9999014833564155,False
4.03975,1,229,230,1.9776000000000225,1.9776000000000225,0.0,0.01496265827361096,0.01496265827361096,0.09004793365798647,0.08433638555347248,0.005391626229513989,0.01496265827361096,0.0050376830278029,1.4238823220203995e-05,1.4238823220203995e-05,0.0,0.9981038791901424,1.4190367627982714e-05,-4.8455592221280895e-08,0.99982734401557,False
4.05775,1,230,231,1.9832700000000227,1.9832700000000227,0.0,0.01567140827361099,0.01567140827361099,0.09000638555347265,0.08390600932395866,0.005932129412152835,0.01567140827361099,0.0050376830278029,1.3699992799424992e-05,1.3699992799424992e-05,0.0,0.998224722454882,1.374489504023428e-05,4.490224080928732e-08,0.9998383259011607,False
4.07725,1,231,232,1.989412500000023,1.989412500000023,0.0,0.016439220773611023,0.016439220773611023,0.09004850932395886,0.08318032059444486,0.006316035662152852,0.016439220773611023,0.0050376830278029,1.4295316894495099e-05,1.4295316894495099e-05,0.0,0.9983835956039924,1.4409878409533836e-05,1.1456151503873649e-07,0.9998527709057802,False
4.099,1,232,233,1.9962637500000233,1.9962637500000233,0.0,0.0172956270236111,0.0172956270236111,0.09003157059444536,0.08247522243229247,0.006495684099652891,0.0172956270236111,0.0050376830278029,1.4232001262301606e-05,1.4232001262301606e-05,0.0,0.9984900794329703,1.408669644562002e-05,-1.4530481668158604e-07,0.9998624063351511,False
4.123,1,233,234,2.0038237500000236,2.0038237500000236,0.0,0.01824062702361115,0.01824062702361115,0.09003522243229276,0.08153387427013982,0.006968184099652916,0.01824062702361115,0.0050376830278029,1.3481897810797768e-05,1.3481897810797768e-05,0.0,0.9985444975256573,1.35474823029712e-05,6.558449217343161e-08,0.9998672166633631,False
4.15,1,234,235,2.012328750000024,2.012328750000024,0.0,0.019303752023611176,0.019303752023611176,0.09003887427013996,0.08085830735798699,0.008031309099652915,0.019303752023611176,0.0050376830278029,1.4468473409868718e-05,1.4468473409868718e-05,0.0,0.9986515674222899,1.4443649372698135e-05,-2.482403717058313e-08,0.9998760259957598,False
4.17925,1,235,236,2.0215425000000242,2.0215425000000242,0.0,0.020455470773611244,0.020455470773611244,0.09007205735798754,0.08490591452691101,0.0051661428310765135,0.020455470773611244,0.0050376830278029,1.4201849819569894e-05,1.4201849819569894e-05,0.0,0.9988206667457004,1.4181638593948898e-05,-2.0211225620995208e-08,0.9998926020276132,False
4.1955,1,236,237,2.0266612500000245,2.0266612500000245,0.0,0.02109531452361129,0.02109531452361129,0.09002466452691137,0.08421867794583483,0.00514768579982652,0.02109531452361129,0.0050376830278029,1.4543644285479432e-05,1.4543644285479432e-05,0.0,0.9981348383992427,1.4515451026975444e-05,-2.819325850398789e-08,0.9998302656377291,False
4.214,1,237,238,2.0324887500000246,2.0324887500000246,0.0,0.02182375202361131,0.02182375202361131,0.09004617794583494,0.08417005464600842,0.0055119045498265296,0.02182375202361131,0.0050376830278029,1.3855538558947393e-05,1.3855538558947393e-05,0.0,0.9981570716375814,1.3865350857173586e-05,9.812298226193191e-09,0.9998322514473449,False
4.23275,1,238,239,2.0383950000000253,2.038395000000025,-4.440892098500626e-16,0.02256203327361134,0.02256203327361134,0.0900763046460086,0.08346190009618208,0.00564479517482654,0.02256203327361134,0.0050376830278029,1.3653589201813234e-05,1.3653589201813234e-05,0.0,0.9982673380777547,1.3711725773574965e-05,5.8136571761730925e-08,0.9998422457322694,False
4.25375,1,239,240,2.0450100000000253,2.0450100000000253,0.0,0.023388908273611415,0.023388908273611415,0.09007690009618258,0.08299983929635599,0.006058232674826577,0.023388908273611415,0.0050376830278029,1.4565315902830879e-05,1.4565315902830879e-05,0.0,0.9983266520456552,1.4629460269556055e-05,6.41443667251764e-08,0.9998476250984396,False
4.276,1,240,241,2.0520187500000255,2.052018750000026,4.440892098500626e-16,0.024265002023611447,0.024265002023611447,0.0900085892963561,0.08205543474652952,0.006934326424826582,0.024265002023611447,0.0050376830278029,1.4809472696549234e-05,1.4809472696549234e-05,0.0,0.9984382992157603,1.470264389674328e-05,-1.0682879980595476e-07,0.9998576337508795,False
4.3012500000000005,1,241,242,2.059972500000026,2.059972500000026,0.0,0.02525922077361149,0.02525922077361149,0.09000918474652975,0.08166720207170312,0.007803672380902951,0.02525922077361149,0.0050376830278029,1.3792845887567097e-05,1.3792845887567097e-05,0.0,0.9986340627344571,1.3796273646535175e-05,3.4277589680781293e-09,0.9998750872869759,False
4.32775,1,242,243,2.0683200000000266,2.0683200000000266,0.0,0.02630265827361156,0.01315132913680578,0.09001470207170369,0.08062928189687699,0.008847109880903021,0.01315132913680578,0.0050376830278029,1.397707847872667e-05,1.397707847872667e-05,0.0,0.9987758983445684,1.4022556989891176e-05,4.547851116450683e-08,0.9998871774020932,False
4.3575,1,243,244,2.0776912500000266,2.0776912500000266,0.0,0.014322735386805839,0.014322735386805839,0.09000053189687746,0.0849288374344641,0.0050716944624133635,0.014322735386805839,0.0050376830278029,1.5109839790815468e-05,1.5109839790815468e-05,0.0,0.9989189437748786,1.5105800749290184e-05,-4.039041525284032e-09,0.9999014870259697,False
4.37375,1,244,245,2.082810000000027,2.082810000000027,0.0,0.01496257913680585,0.01496257913680585,0.09004758743446417,0.08433604922205082,0.005391616337413369,0.01496257913680585,0.0050376830278029,1.510208273288431e-05,1.510208273288431e-05,0.0,0.998103878355788,1.5073473021934416e-05,-2.8609710949893978e-08,0.9998273471911775,False
4.39175,1,245,246,2.088480000000027,2.088480000000027,0.0,0.01567132913680591,0.01567132913680591,0.09000604922205127,0.08390568288463787,0.00593210962795158,0.01567132913680591,0.0050376830278029,1.4354593964022394e-05,1.4354593964022394e-05,0.0,0.9982247163324857,1.4301763562851846e-05,-5.283040117054776e-08,0.9998383185675296,False
4.41125,1,246,247,2.0946225000000274,2.0946225000000274,0.0,0.016439141636805946,0.016439141636805946,0.09004818288463808,0.08318000404722464,0.006316015877951597,0.016439141636805946,0.0050376830278029,1.4289412879853202e-05,1.4289412879853202e-05,0.0,0.9983835630105492,1.4417725538162747e-05,1.2831265830954403e-07,0.9998527435567283,False
4.433,1,247,248,2.101473750000028,2.101473750000028,0.0,0.017295547886805988,0.017295547886805988,0.09003125404722488,0.08247492566927327,0.006495664315451615,0.017295547886805988,0.0050376830278029,1.5278214400022203e-05,1.5278214400022203e-05,0.0,0.9984900818439124,1.521556543105927e-05,-6.264896896293311e-08,0.9998624164310242,False
4.457,1,248,249,2.1090337500000285,2.1090337500000285,0.0,0.018240547886806038,0.018240547886806038,0.09003492566927357,0.08153359729132191,0.00696816431545164,0.018240547886806038,0.0050376830278029,1.430481760394256e-05,1.430481760394256e-05,0.0,0.9985445007112437,1.424045408275905e-05,-6.436352118351042e-08,0.999867218847125,False
4.484,1,249,250,2.1175387500000284,2.1175387500000284,0.0,0.019303672886806098,0.019303672886806098,0.09003859729132233,0.08085805016337061,0.008031289315451676,0.019303672886806098,0.0050376830278029,1.455145155078666e-05,1.455145155078666e-05,0.0,0.9986515418403376,1.4623415447335563e-05,7.196389654890172e-08,0.9998760081730018,False
4.51325,1,250,251,2.126752500000029,2.126752500000029,0.0,0.020455391636806167,0.020455391636806167,0.09007180016337116,0.08490566722439527,0.005166132938975886,0.020455391636806167,0.0050376830278029,1.4968682901594184e-05,1.4968682901594184e-05,0.0,0.998820672833,1.495504148361977e-05,-1.364141797441311e-08,0.9998926102084065,False
4.5295000000000005,1,251,252,2.131871250000029,2.131871250000029,0.0,0.021095235386806178,0.021095235386806178,0.09002441722439536,0.08421844053541946,0.005147675907725882,0.021095235386806178,0.0050376830278029,1.5126641786792158e-05,1.5126641786792158e-05,0.0,0.9981348352487035,1.5159306637535291e-05,3.266485074313323e-08,0.9998302677646719,False
4.548,1,252,253,2.1376987500000295,2.1376987500000295,0.0,0.02182367288680623,0.02182367288680623,0.09004594053541987,0.08416982712769394,0.005511894657725909,0.02182367288680623,0.0050376830278029,1.4677544132268372e-05,1.4677544132268372e-05,0.0,0.9981570817137257,1.4618808261109695e-05,-5.8735871158677394e-08,0.9998322609459169,False
4.56675,1,253,254,2.1436050000000297,2.1436050000000297,0.0,0.022561954136806263,0.022561954136806263,0.09007607712769414,0.08346168246996821,0.00564478528272592,0.022561954136806263,0.0050376830278029,1.4403960539515945e-05,1.4403960539515945e-05,0.0,0.9982673453699381,1.4366702276876088e-05,-3.725826263985721e-08,0.999842250316795,False
4.58775,1,254,255,2.15022000000003,2.15022000000003,0.0,0.023388829136806302,0.023388829136806302,0.09007668246996842,0.08299963156224249,0.00605822278272594,0.023388829136806302,0.0050376830278029,1.4395894319830648e-05,1.4395894319830648e-05,0.0,0.9983266186923274,1.4484278239587992e-05,8.838391975734368e-08,0.9998475959475708,False
4.61,1,255,256,2.15722875000003,2.15722875000003,0.0,0.024264922886806334,0.024264922886806334,0.09000838156224261,0.08205523690451667,0.006934316532725945,0.024264922886806334,0.0050376830278029,1.4930059255971923e-05,1.4930059255971923e-05,0.0,0.9984382764066468,1.5037747437638067e-05,1.0768818166614403e-07,0.9998576216317129,False
4.63525,1,256,257,2.1651825000000304,2.1651825000000304,0.0,0.025259141636806412,0.025259141636806412,0.0900089869045172,0.08166701412179118,0.0078036525967016815,0.025259141636806412,0.0050376830278029,1.4922102092854953e-05,1.4922102092854953e-05,0.0,0.9986340918417342,1.4829796096116875e-05,-9.230599673807835e-08,0.9998751140013274,False
4.6617500000000005,1,257,258,2.173530000000031,2.173530000000031,0.0,0.026302579136806448,0.013151289568403224,0.09001451412179146,0.08062910383906544,0.008847090096701716,0.013151289568403224,0.0050376830278029,1.4495638437704507e-05,1.4495638437704507e-05,0.0,0.9987758935594282,1.4431935275092234e-05,-6.370316261227285e-08,0.9998871703280374,False
4.6915000000000004,1,258,259,2.1829012500000315,2.1829012500000315,0.0,0.014322695818403283,0.014322695818403283,0.0900003538390659,0.08492866432270285,0.005071689516363045,0.014322695818403283,0.0050376830278029,1.5681067346057633e-05,1.5681067346057633e-05,0.0,0.9989189489674404,1.5660760744417435e-05,-2.030660164019783e-08,0.9999014932496464,False
4.70775,1,259,260,2.188020000000032,2.188020000000032,0.0,0.014962539568403328,0.014962539568403328,0.0900474143227032,0.08433588105634013,0.005391611391363068,0.014962539568403328,0.0050376830278029,1.562811719217508e-05,1.562811719217508e-05,0.0,0.998103870320842,1.565945546535809e-05,3.133827318301105e-08,0.9998273429455581,False
4.72575,1,260,261,2.193690000000032,2.193690000000032,0.0,0.015671289568403357,0.015671289568403357,0.09000588105634032,0.08390551966497724,0.005932099735850937,0.015671289568403357,0.0050376830278029,1.532008168836089e-05,1.532008168836089e-05,0.0,0.9982247274754085,1.5203464670706735e-05,-1.1661701765415685e-07,0.9998383293160916,False
4.74525,1,261,262,2.1998325000000323,2.1998325000000323,0.0,0.01643910206840339,0.01643910206840339,0.09004801966497744,0.08317984577361436,0.006316005985850954,0.01643910206840339,0.0050376830278029,1.45962476289146e-05,1.45962476289146e-05,0.0,0.9983835453500632,1.4620113734831387e-05,2.3866105916786184e-08,0.9998527238635543,False
4.767,1,262,263,2.2066837500000323,2.2066837500000327,4.440892098500626e-16,0.017295508318403433,0.017295508318403433,0.0900310957736146,0.08247477728776362,0.006495654423350963,0.017295508318403433,0.0050376830278029,1.5269530032928347e-05,1.5269530032928347e-05,0.0,0.9984900527844319,1.5388958384349416e-05,1.1942835142106866e-07,0.9998623948694844,False
4.791,1,263,264,2.2142437500000325,2.2142437500000325,0.0,0.018240508318403483,0.018240508318403483,0.09003477728776392,0.08153345880191291,0.006968154423350988,0.018240508318403483,0.0050376830278029,1.5563058683196093e-05,1.5563058683196093e-05,0.0,0.9985445209516374,1.5474428731479187e-05,-8.862995171690603e-08,0.9998672415436178,False
4.8180000000000005,1,264,265,2.222748750000033,2.222748750000033,0.0,0.019303633318403544,0.019303633318403544,0.09003845880191333,0.08085792156606225,0.008031279423351023,0.019303633318403544,0.0050376830278029,1.467887708110269e-05,1.467887708110269e-05,0.0,0.9986515204041115,1.4668716208691355e-05,-1.0160872411334307e-08,0.9998759848940979,False
4.84725,1,265,266,2.2319625000000336,2.2319625000000336,0.0,0.020455352068403612,0.020455352068403612,0.0900716715660628,0.08490554357313725,0.005166127992925565,0.020455352068403612,0.0050376830278029,1.548393336111279e-05,1.548393336111279e-05,0.0,0.9988206691724024,1.5546444560897118e-05,6.251119978432657e-08,0.9998926111317592,False
4.8635,1,266,267,2.237081250000034,2.237081250000034,0.0,0.021095195818403658,0.021095195818403658,0.0900242935731376,0.084218321830212,0.005147670961675574,0.021095195818403658,0.0050376830278029,1.5402443292843946e-05,1.5402443292843946e-05,0.0,0.9981348227034866,1.5496183979201897e-05,9.374068635795109e-08,0.9998302591473179,False
4.882,1,267,268,2.242908750000034,2.242908750000034,0.0,0.021823633318403677,0.021823633318403677,0.09004582183021212,0.08416971336853654,0.005511889711675584,0.021823633318403677,0.0050376830278029,1.559247722382885e-05,1.559247722382885e-05,0.0,0.9981571012621479,1.551126471973144e-05,-8.121250409740943e-08,0.9998322820609372,False
4.90075,1,268,269,2.248815000000034,2.248815000000034,0.0,0.02256191456840371,0.02256191456840371,0.09007596336853672,0.08346157365686115,0.005644780336675594,0.02256191456840371,0.0050376830278029,1.5333850271450602e-05,1.5333850271450602e-05,0.0,0.9982673692371437,1.5242429344129992e-05,-9.142092732061032e-08,0.9998422733722883,False
4.92175,1,269,270,2.2554300000000342,2.2554300000000342,0.0,0.023388789568403748,0.023388789568403748,0.09007657365686136,0.08299952769518575,0.006058217836675614,0.023388789568403748,0.0050376830278029,1.4586318704834603e-05,1.4586318704834603e-05,0.0,0.9983265991190369,1.4574870906700977e-05,-1.1447798133626614e-08,0.9998475727938526,False
4.944,1,270,271,2.262438750000035,2.262438750000035,0.0,0.024264883318403815,0.024264883318403815,0.09000827769518616,0.08205513798351051,0.0069343115866756545,0.024264883318403815,0.0050376830278029,1.4498246371052786e-05,1.4498246371052786e-05,0.0,0.9984382291648914,1.4587186870859838e-05,8.894049980705189e-08,0.9998575761287816,False
4.96925,1,271,272,2.270392500000035,2.270392500000035,0.0,0.025259102068403858,0.025259102068403858,0.09000888798351074,0.08166692014683505,0.007803642704601043,0.025259102068403858,0.0050376830278029,1.5991033028276975e-05,1.5991033028276975e-05,0.0,0.9986341139972292,1.5954888574444727e-05,-3.614445383224858e-08,0.9998751420147904,False
4.99575,1,272,273,2.2787400000000355,2.2787400000000355,0.0,0.026302539568403928,0.013151269784201964,0.09001442014683561,0.08062901481015987,0.008847080204601112,0.013151269784201964,0.0050376830278029,1.544248735761133e-05,1.544248735761133e-05,0.0,0.998775922454249,1.5331533462274835e-05,-1.1095389533649614e-07,0.9998871966246048,False
5.0255,1,273,274,2.288111250000036,2.288111250000036,0.0,0.014322676034202023,0.014322676034202023,0.09000026481016034,0.08492857776682244,0.005071687043337899,0.014322676034202023,0.0050376830278029,1.6251565367876543e-05,1.6251565367876543e-05,0.0,0.9989189604954535,1.6229446418063198e-05,-2.2118949813344953e-08,0.999901504947681,False
5.04175,1,274,275,2.293230000000036,2.293230000000036,0.0,0.014962519784202034,0.014962519784202034,0.0900473277668225,0.08433579697348462,0.005391608918337905,0.014962519784202034,0.0050376830278029,1.589226029076777e-05,1.589226029076777e-05,0.0,0.9981038568098478,1.5966589010148397e-05,7.432871938062692e-08,0.9998273315390955,False
5.05975,1,275,276,2.2989000000000366,2.2989000000000366,0.0,0.015671269784202097,0.015671269784202097,0.09000579697348508,0.08390543805514714,0.005932094789800626,0.015671269784202097,0.0050376830278029,1.6278056601764205e-05,1.6278056601764205e-05,0.0,0.9982247364760577,1.6167132088780732e-05,-1.1092451298347307e-07,0.9998383417122652,False
5.07925,1,276,277,2.3050425000000367,2.3050425000000367,0.0,0.01643908228420213,0.01643908228420213,0.09004793805514733,0.08317976663680937,0.006316001039800643,0.01643908228420213,0.0050376830278029,1.5284429220111694e-05,1.5284429220111694e-05,0.0,0.9983835518809271,1.5218945128425964e-05,-6.548409168573039e-08,0.9998527267815251,False
5.101,1,277,278,2.3118937500000367,2.3118937500000367,0.0,0.017295488534202173,0.017295488534202173,0.09003101663680961,0.08247470309700897,0.006495649477300661,0.017295488534202173,0.0050376830278029,1.4982502215480303e-05,1.4982502215480303e-05,0.0,0.998490012337177,1.5074218847894896e-05,9.17166324145935e-08,0.9998623552164085,False
5.125,1,278,279,2.3194537500000374,2.3194537500000374,0.0,0.018240488534202223,0.018240488534202223,0.09003470309700926,0.08153338955720855,0.006968149477300686,0.018240488534202223,0.0050376830278029,1.6283279105710433e-05,1.6283279105710433e-05,0.0,0.9985445166428616,1.6309355962334067e-05,2.6076856623634317e-08,0.9998672432728046,False
5.152,1,279,280,2.327958750000038,2.3279587500000374,-4.440892098500626e-16,0.019303613534202284,0.019303613534202284,0.09003838955720897,0.08085785726740821,0.008031274477300721,0.019303613534202284,0.0050376830278029,1.5364366133070853e-05,1.5364366133070853e-05,0.0,0.9986515299311209,1.526875261830663e-05,-9.561351476422455e-08,0.9998759887542289,False
5.18125,1,280,281,2.3371725000000376,2.337172500000038,4.440892098500626e-16,0.020455332284202318,0.020455332284202318,0.09007160726740848,0.0849054817475081,0.0051661255199003915,0.020455332284202318,0.0050376830278029,1.5463159173017632e-05,1.5463159173017632e-05,0.0,0.9988206460044244,1.555457838918318e-05,9.141921616554827e-08,0.9998925900343953,False
5.1975,1,281,282,2.3422912500000383,2.3422912500000383,0.0,0.021095176034202363,0.021095176034202363,0.09002423174750844,0.08421826247760802,0.005147668488650405,0.021095176034202363,0.0050376830278029,1.541601558292227e-05,1.541601558292227e-05,0.0,0.9981348006358971,1.5516557731221292e-05,1.005421482990214e-07,0.9998302380219426,False
5.216,1,282,283,2.3481187500000384,2.3481187500000384,0.0,0.021823613534202417,0.021823613534202417,0.09004576247760841,0.08416965648895797,0.005511887238650432,0.021823613534202417,0.0050376830278029,1.630125892973001e-05,1.630125892973001e-05,0.0,0.998157108433204,1.6272337182671686e-05,-2.8921747058325903e-08,0.9998322943326349,False
5.23475,1,283,284,2.3540250000000387,2.3540250000000387,0.0,0.02256189478420245,0.02256189478420245,0.09007590648895816,0.08346151925030772,0.005644777863650443,0.02256189478420245,0.0050376830278029,1.6264293230048687e-05,1.6264293230048687e-05,0.0,0.9982673930819599,1.6152986921526047e-05,-1.113063085226402e-07,0.9998423000601515,False
5.25575,1,284,285,2.360640000000039,2.360640000000039,0.0,0.023388769784202488,0.023388769784202488,0.09007651925030793,0.08299947576165748,0.006058215363650463,0.023388769784202488,0.0050376830278029,1.5218616612189343e-05,1.5218616612189343e-05,0.0,0.9983266100923119,1.5129016937465899e-05,-8.959967472344432e-08,0.9998475774918318,False
5.2780000000000005,1,285,286,2.367648750000039,2.3676487500000394,4.440892098500626e-16,0.02426486353420252,0.02426486353420252,0.0900082257616576,0.08205508852300714,0.006934309113650468,0.02426486353420252,0.0050376830278029,1.4779858943485648e-05,1.4779858943485648e-05,0.0,0.9984382100174768,1.4720818189070336e-05,-5.9040754415312126e-08,0.9998575503234174,False
5.30325,1,286,287,2.37560250000004,2.37560250000004,0.0,0.025259082284202598,0.025259082284202598,0.09000883852300764,0.08166687315935711,0.007803637758550728,0.025259082284202598,0.0050376830278029,1.5972931745471687e-05,1.5972931745471687e-05,0.0,0.9986340861651298,1.612648818533695e-05,1.5355643986526423e-07,0.999875121731491,False
5.32975,1,287,288,2.38395000000004,2.38395000000004,0.0,0.026302519784202633,0.013151259892101317,0.0900143731593574,0.08062897029570684,0.008847075258550764,0.013151259892101317,0.0050376830278029,1.6314761787358312e-05,1.6314761787358312e-05,0.0,0.9987759446606723,1.624813775229835e-05,-6.662403505996355e-08,0.9998872228728943,False
5.3595,1,288,289,2.3933212500000405,2.3933212500000405,0.0,0.014322666142101375,0.014322666142101375,0.09000022029570731,0.084928534488882,0.0050716858068253065,0.014322666142101375,0.0050376830278029,1.6717814233225138e-05,1.6717814233225138e-05,0.0,0.9989189741390292,1.670774260571222e-05,-1.0071627512916364e-08,0.999901518999675,False
5.37575,1,289,290,2.3984400000000408,2.3984400000000408,0.0,0.014962509892101421,0.014962509892101421,0.09004728448888236,0.08433575493205703,0.005391607681825329,0.014962509892101421,0.0050376830278029,1.6058671825387993e-05,1.6058671825387993e-05,0.0,0.9981038437610841,1.614134773572618e-05,8.267591033818736e-08,0.9998273186835308,False
5.39375,1,290,291,2.404110000000041,2.404110000000041,0.0,0.015671259892101448,0.015671259892101448,0.0900057549320572,0.08390539725023187,0.00593209231677546,0.015671259892101448,0.0050376830278029,1.682497216728797e-05,1.682497216728797e-05,0.0,0.9982247256833383,1.682285620571025e-05,-2.115961577719809e-09,0.9998383363195913,False
5.41325,1,291,292,2.410252500000041,2.410252500000041,0.0,0.016439072392101482,0.016439072392101482,0.09004789725023207,0.08317972706840672,0.006315998566775477,0.016439072392101482,0.0050376830278029,1.6174808332914748e-05,1.6174808332914748e-05,0.0,0.9983835738366402,1.606302292884937e-05,-1.1178540406537858e-07,0.9998527481244714,False
5.4350000000000005,1,292,293,2.4171037500000416,2.4171037500000416,0.0,0.017295478642101524,0.017295478642101524,0.09003097706840696,0.08247466600163147,0.0064956470042754864,0.017295478642101524,0.0050376830278029,1.5183453078094431e-05,1.5183453078094431e-05,0.0,0.9984899937165808,1.514536252425361e-05,-3.809055384082212e-08,0.9998623308616311,False
5.4590000000000005,1,293,294,2.4246637500000414,2.4246637500000414,0.0,0.018240478642101574,0.018240478642101574,0.09003466600163176,0.08153335493485624,0.006968147004275511,0.018240478642101574,0.0050376830278029,1.576668153953428e-05,1.576668153953428e-05,0.0,0.9985444719708517,1.5985199075485633e-05,2.1851753595135382e-07,0.9998672042215097,False
5.486,1,294,295,2.4331687500000423,2.4331687500000423,0.0,0.019303603642101635,0.019303603642101635,0.09003835493485665,0.08085782511808107,0.008031272004275546,0.019303603642101635,0.0050376830278029,1.6279298660386865e-05,1.6279298660386865e-05,0.0,0.998651556548598,1.6171191096235114e-05,-1.0810756415175165e-07,0.9998760134339335,False
5.51525,1,295,296,2.442382500000043,2.442382500000043,0.0,0.020455322392101703,0.020455322392101703,0.09007157511808161,0.08490545083469378,0.0051661242833878265,0.020455322392101703,0.0050376830278029,1.5564468392158435e-05,1.5564468392158435e-05,0.0,0.9988206297438805,1.5576696578926906e-05,1.2228186768470676e-08,0.9998925710689051,False
5.5315,1,296,297,2.447501250000043,2.447501250000043,0.0,0.021095166142101714,0.021095166142101714,0.09002420083469384,0.08421823280130603,0.005147667252137818,0.021095166142101714,0.0050376830278029,1.559165319953383e-05,1.559165319953383e-05,0.0,0.9981347897266022,1.5638827027652255e-05,4.7173828118425034e-08,0.999830224479414,False
5.55,1,297,298,2.4533287500000434,2.4533287500000434,0.0,0.021823603642101768,0.021823603642101768,0.09004573280130643,0.08416962804916857,0.005511886002137845,0.021823603642101768,0.0050376830278029,1.6505570531284223e-05,1.6505570531284223e-05,0.0,0.9981570917646557,1.6566660690198355e-05,6.109015891413259e-08,0.9998322825712295,False
5.5687500000000005,1,298,299,2.459235000000043,2.459235000000043,0.0,0.0225618848921018,0.0225618848921018,0.09007587804916875,0.08346149204703089,0.005644776627137855,0.0225618848921018,0.0050376830278029,1.693969756951411e-05,1.693969756951411e-05,0.0,0.9982673974392001,1.6893530292842396e-05,-4.616727667171403e-08,0.9998423107479218,False
5.58975,1,299,300,2.4658500000000436,2.4658500000000436,0.0,0.02338875989210184,0.02338875989210184,0.09007649204703111,0.08299944979489324,0.006058214127137875,0.02338875989210184,0.0050376830278029,1.5994768341438904e-05,1.5994768341438904e-05,0.0,0.9983266422708795,1.5901112083627003e-05,-9.365625781190107e-08,0.9998476061043606,False
5.612,1,300,301,2.4728587500000443,2.472858750000044,-4.440892098500626e-16,0.024264853642101906,0.024264853642101906,0.09000819979489365,0.08205506379275573,0.006934307877137916,0.024264853642101906,0.0050376830278029,1.553664720799306e-05,1.553664720799306e-05,0.0,0.9984382277230122,1.5399554935422382e-05,-1.3709227257067643e-07,0.9998575606256183,False
5.63725,1,301,302,2.4808125000000443,2.4808125000000443,0.0,0.02525907239210195,0.02525907239210195,0.09000881379275597,0.08166684966561802,0.007803635285525566,0.02525907239210195,0.0050376830278029,1.5369488120361467e-05,1.5369488120361467e-05,0.0,0.9986340374461061,1.5564672500693522e-05,1.9518438033205463e-07,0.9998750746932665,False
5.66375,1,302,303,2.4891600000000444,2.4891600000000444,0.0,0.026302509892101984,0.013151254946050992,0.0900143496656183,0.08062894803848034,0.0088470727855256,0.013151254946050992,0.0050376830278029,1.641853844490908e-05,1.641853844490908e-05,0.0,0.9987759180509458,1.6501247900196353e-05,8.270945528727309e-08,0.9998872034178079,False
5.6935,1,303,304,2.4985312500000454,2.4985312500000454,0.0,0.014322661196051086,0.014322661196051086,0.09000019803848108,0.08492851284991204,0.0050716851885690304,0.014322661196051086,0.0050376830278029,1.709158443981221e-05,1.709158443981221e-05,0.0,0.9989189855943097,1.707532442750344e-05,-1.6260012308770143e-08,0.999901531267073,False
5.7097500000000005,1,304,305,2.5036500000000457,2.5036500000000452,-4.440892098500626e-16,0.014962504946051097,0.014962504946051097,0.09004726284991212,0.0843357339113431,0.005391607063569036,0.014962504946051097,0.0050376830278029,1.6206102784482992e-05,1.6206102784482992e-05,0.0,0.9981038350243353,1.6270087127703752e-05,6.398434322075987e-08,0.9998273087122969,False
5.72775,1,305,306,2.5093200000000455,2.5093200000000455,0.0,0.015671254946051125,0.015671254946051125,0.09000573391134328,0.08390537684777424,0.00593209108026287,0.015671254946051125,0.0050376830278029,1.6799237453915403e-05,1.6799237453915403e-05,0.0,0.9982246970303007,1.6924637993895225e-05,1.254005399798215e-07,0.9998383113465563,False
5.74725,1,306,307,2.515462500000046,2.515462500000046,0.0,0.016439067446051194,0.016439067446051194,0.09004787684777471,0.08317970728420564,0.006315997330262904,0.016439067446051194,0.0050376830278029,1.7053707264794095e-05,1.7053707264794095e-05,0.0,0.99838358976991,1.692426226055247e-05,-1.294450042416248e-07,0.9998527677618396,False
5.769,1,307,308,2.522313750000046,2.522313750000046,0.0,0.017295473696051236,0.017295473696051236,0.09003095728420586,0.08247464745394292,0.006495645767762922,0.017295473696051236,0.0050376830278029,1.5818732675815136e-05,1.5818732675815136e-05,0.0,0.9984900001718455,1.569944651647176e-05,-1.192861593433763e-07,0.9998623314535777,False
5.793,1,308,309,2.5298737500000463,2.5298737500000463,0.0,0.018240473696051286,0.018240473696051286,0.09003464745394323,0.08153333762368026,0.006968145767762947,0.018240473696051286,0.0050376830278029,1.5252424418107262e-05,1.5252424418107262e-05,0.0,0.9985444288108168,1.5419048640040708e-05,1.6662422193344545e-07,0.9998671604517327,False
5.82,1,309,310,2.5383787500000468,2.5383787500000468,0.0,0.019303598696051312,0.019303598696051312,0.09003833762368038,0.08085780904341741,0.008031270767762947,0.019303598696051312,0.0050376830278029,1.7053546789028213e-05,1.7053546789028213e-05,0.0,0.9986515642467344,1.6978621957731017e-05,-7.492483129719664e-08,0.9998760248602305,False
5.8492500000000005,1,310,311,2.547592500000047,2.547592500000047,0.0,0.02045531744605138,0.02045531744605138,0.09007155904341796,0.08490543537828643,0.005166123665131522,0.02045531744605138,0.0050376830278029,1.63594351129919e-05,1.63594351129919e-05,0.0,0.9988206531273499,1.6289543129885704e-05,-6.989198310619442e-08,0.99989258989302,False
5.8655,1,311,312,2.5527112500000473,2.5527112500000473,0.0,0.021095161196051426,0.021095161196051426,0.0900241853782868,0.08421821796315523,0.005147666633881536,0.021095161196051426,0.0050376830278029,1.5953488104440548e-05,1.5953488104440548e-05,0.0,0.9981347929932525,1.597078929768728e-05,1.7301193246731608e-08,0.9998302263032808,False
5.884,1,312,313,2.5585387500000474,2.5585387500000474,0.0,0.021823598696051445,0.021823598696051445,0.09004571796315534,0.08416961382927382,0.005511885383881546,0.021823598696051445,0.0050376830278029,1.6394910112428975e-05,1.6394910112428975e-05,0.0,0.9981570647283382,1.651940061037462e-05,1.244904979456462e-07,0.9998322574489518,False
5.90275,1,313,314,2.564445000000048,2.564445000000048,0.0,0.02256187994605151,0.02256187994605151,0.09007586382927427,0.0834614784453927,0.005644776008881573,0.02256187994605151,0.0050376830278029,1.7098613846715975e-05,1.7098613846715975e-05,0.0,0.9982673772544781,1.7196462740940214e-05,9.784889422423827e-08,0.999842296417862,False
5.92375,1,314,315,2.571060000000048,2.571060000000048,0.0,0.02338875494605155,0.02338875494605155,0.0900764784453929,0.0829994368115113,0.006058213508881593,0.02338875494605155,0.0050376830278029,1.665495242014402e-05,1.665495242014402e-05,0.0,0.9983266809398605,1.6607125461102497e-05,-4.782695904152225e-08,0.999847646150272,False
5.946,1,315,316,2.5780687500000483,2.5780687500000483,0.0,0.024264848696051583,0.024264848696051583,0.09000818681151143,0.08205505142762982,0.006934307258881598,0.024264848696051583,0.0050376830278029,1.636065000958381e-05,1.636065000958381e-05,0.0,0.9984382629001727,1.6235764847591955e-05,-1.2488516199185454e-07,0.9998575921225266,False
5.97125,1,316,317,2.5860225000000487,2.5860225000000487,0.0,0.025259067446051626,0.025259067446051626,0.09000880142763004,0.08166683791874843,0.007803634049012985,0.025259067446051626,0.0050376830278029,1.5120948895509575e-05,1.5120948895509575e-05,0.0,0.9986340045080093,1.5206958122356888e-05,8.600922684731237e-08,0.9998750379761762,False
5.99775,1,317,318,2.5943700000000494,2.5943700000000494,0.0,0.026302504946051696,0.013151252473025848,0.090014337918749,0.0806289369098673,0.008847071549013055,0.013151252473025848,0.0050376830278029,1.5756003952354343e-05,1.5756003952354343e-05,0.0,0.9987758633406393,1.5905971418616666e-05,1.4996746626232333e-07,0.9998871503844478,False
6.0275,1,318,319,2.60374125000005,2.60374125000005,0.0,0.014322658723025907,0.014322658723025907,0.09000018690986777,0.0849285020304269,0.005071684879440872,0.014322658723025907,0.0050376830278029,1.7438180933610953e-05,1.7438180933610953e-05,0.0,0.9989189929939333,1.741118557057189e-05,-2.699536303906445e-08,0.9999015394784333,False
6.04375,1,319,320,2.60886000000005,2.60886000000005,0.0,0.014962502473025953,0.014962502473025953,0.09004725203042724,0.08433572340098636,0.0053916067544408945,0.014962502473025953,0.0050376830278029,1.641749280150162e-05,1.641749280150162e-05,0.0,0.9981038336523287,1.644028232292468e-05,2.2789521423059516e-08,0.9998273054071265,False
6.06175,1,320,321,2.6145300000000504,2.61453000000005,-4.440892098500626e-16,0.01567125247302598,0.01567125247302598,0.09000572340098653,0.08390536664654563,0.005932090462006597,0.01567125247302598,0.0050376830278029,1.644266266198357e-05,1.644266266198357e-05,0.0,0.9982246629864955,1.662541194729359e-05,1.8274928531001905e-07,0.9998382775439821,False
6.08125,1,321,322,2.62067250000005,2.62067250000005,0.0,0.016439064973026014,0.016439064973026014,0.09004786664654582,0.08317969739210491,0.006315996712006614,0.016439064973026014,0.0050376830278029,1.7690125076868786e-05,1.7690125076868786e-05,0.0,0.9983835827290521,1.761763929442857e-05,-7.248578244021576e-08,0.999852767189213,False
6.103,1,322,323,2.6275237500000506,2.6275237500000506,0.0,0.017295471223026056,0.017295471223026056,0.09003094739210515,0.08247463818009852,0.006495645149506632,0.017295471223026056,0.0050376830278029,1.658840107263681e-05,1.658840107263681e-05,0.0,0.9984900241662505,1.648451353241745e-05,-1.0388754021936045e-07,0.9998623517822877,False
6.127,1,323,324,2.635083750000051,2.635083750000051,0.0,0.018240471223026106,0.018240471223026106,0.09003463818009882,0.08153332896809215,0.006968145149506657,0.018240471223026106,0.0050376830278029,1.530407502588061e-05,1.530407502588061e-05,0.0,0.9985444050664897,1.5264988774721966e-05,-3.908625115864458e-08,0.9998671302426728,False
6.154,1,324,325,2.6435887500000512,2.6435887500000512,0.0,0.019303596223026166,0.019303596223026166,0.09003832896809257,0.08085780100608585,0.008031270149506692,0.019303596223026166,0.0050376830278029,1.713657832162775e-05,1.713657832162775e-05,0.0,0.9986515303161119,1.7214721314714746e-05,7.814299308699763e-08,0.9998759964270484,False
6.18325,1,325,326,2.6528025000000515,2.6528025000000515,0.0,0.020455314973026235,0.020455314973026235,0.0900715510060864,0.08490542765008299,0.005166123356003395,0.020455314973026235,0.0050376830278029,1.683882576889001e-05,1.683882576889001e-05,0.0,0.9988206641642484,1.6753424991790194e-05,-8.540077709981756e-08,0.9998926005356299,False
6.1995000000000005,1,326,327,2.6579212500000517,2.6579212500000517,0.0,0.021095158723026246,0.021095158723026246,0.09002417765008307,0.08421821054407969,0.005147666324753391,0.021095158723026246,0.0050376830278029,1.62406578964138e-05,1.62406578964138e-05,0.0,0.9981347927279485,1.6226728602017386e-05,-1.3929294396413695e-08,0.9998302253610324,False
6.218,1,327,328,2.6637487500000523,2.6637487500000523,0.0,0.0218235962230263,0.0218235962230263,0.09004571054408006,0.08416960671932665,0.005511885074753418,0.0218235962230263,0.0050376830278029,1.615561635001517e-05,1.615561635001517e-05,0.0,0.9981570364375458,1.6285142573376157e-05,1.295262233609861e-07,0.9998322283007856,False
6.23675,1,328,329,2.669655000000052,2.669655000000052,0.0,0.02256187747302633,0.02256187747302633,0.09007585671932683,0.08346147164457339,0.005644775699753428,0.02256187747302633,0.0050376830278029,1.6698574654220444e-05,1.6698574654220444e-05,0.0,0.9982673354386095,1.693058815672821e-05,2.3201350250776716e-07,0.9998422578594028,False
6.25775,1,329,330,2.676270000000053,2.6762700000000526,-4.440892098500626e-16,0.02338875247302637,0.02338875247302637,0.09007647164457361,0.08299943031982017,0.006058213199753448,0.02338875247302637,0.0050376830278029,1.7103417077540353e-05,1.7103417077540353e-05,0.0,0.9983267003175973,1.703844891704008e-05,-6.496816050027452e-08,0.9998476713312057,False
6.28,1,330,331,2.683278750000053,2.683278750000053,0.0,0.024264846223026437,0.024264846223026437,0.09000818031982058,0.0820550452450671,0.006934306949753489,0.024264846223026437,0.0050376830278029,1.699130771739715e-05,1.699130771739715e-05,0.0,0.9984382919440298,1.6919389268865302e-05,-7.191844853184786e-08,0.9998576207004009,False
6.30525,1,331,332,2.691232500000053,2.691232500000053,0.0,0.02525906497302648,0.02525906497302648,0.09000879524506732,0.0816668320453138,0.0078036334307566985,0.02525906497302648,0.0050376830278029,1.531970238563691e-05,1.531970238563691e-05,0.0,0.998633996658723,1.52861616172684e-05,-3.354076836851127e-08,0.9998750244971869,False
6.33175,1,332,333,2.6995800000000534,2.6995800000000534,0.0,0.026302502473026516,0.013151251236513258,0.09001433204531409,0.08062893134556054,0.008847070930756734,0.013151251236513258,0.0050376830278029,1.552992006615676e-05,1.552992006615676e-05,0.0,0.9987758353845111,1.5595119900083652e-05,6.519983392689244e-08,0.9998871188669549,False
6.3615,1,333,334,2.7089512500000543,2.708951250000054,-4.440892098500626e-16,0.014322657486513317,0.014322657486513317,0.09000018134556101,0.08492849662068422,0.005071684724876799,0.014322657486513317,0.0050376830278029,1.7712282856938334e-05,1.7712282856938334e-05,0.0,0.9989189979160006,1.7700193497985074e-05,-1.2089358953260194e-08,0.9999015445798914,False
6.37775,1,334,335,2.7140700000000546,2.714070000000054,-4.440892098500626e-16,0.014962501236513362,0.014962501236513362,0.09004724662068456,0.08433571814580773,0.005391606599876822,0.014962501236513362,0.0050376830278029,1.6741435052176394e-05,1.6741435052176394e-05,0.0,0.9981038398431923,1.6712949365429666e-05,-2.848568674672792e-08,0.9998273099696152,False
6.3957500000000005,1,335,336,2.7197400000000544,2.719740000000055,4.440892098500626e-16,0.01567125123651339,0.01567125123651339,0.09000571814580792,0.08390536154593109,0.005932090152878437,0.01567125123651339,0.0050376830278029,1.6202258034741027e-05,1.6202258034741027e-05,0.0,0.9982246391187428,1.6343549397016314e-05,1.41291362275287e-07,0.9998382513764451,False
6.41525,1,336,337,2.725882500000055,2.7258825000000546,-4.440892098500626e-16,0.016439063736513423,0.016439063736513423,0.0900478615459313,0.08317969244605444,0.006315996402878454,0.016439063736513423,0.0050376830278029,1.767704594874176e-05,1.767704594874176e-05,0.0,0.9983835470182946,1.775706279751171e-05,8.001684876995062e-08,0.999852736846608,False
6.437,1,337,338,2.732733750000055,2.732733750000055,0.0,0.017295469986513465,0.017295469986513465,0.09003094244605468,0.08247463354317622,0.006495644840378472,0.017295469986513465,0.0050376830278029,1.716804196977375e-05,1.716804196977375e-05,0.0,0.9984900590323151,1.717058484063122e-05,2.542870857470355e-09,0.9998623874340588,False
6.461,1,338,339,2.7402937500000553,2.7402937500000553,0.0,0.018240469986513515,0.018240469986513515,0.09003463354317652,0.081533324640298,0.006968144840378497,0.018240469986513515,0.0050376830278029,1.585850599784464e-05,1.585850599784464e-05,0.0,0.998544406667628,1.5699418618006226e-05,-1.5908737983841433e-07,0.9998671259120577,False
6.488,1,339,340,2.7487987500000557,2.7487987500000557,0.0,0.019303594986513576,0.019303594986513576,0.09003832464029843,0.08085779698741986,0.008031269840378531,0.019303594986513576,0.0050376830278029,1.654649091363853e-05,1.654649091363853e-05,0.0,0.9986514852435097,1.676112155693277e-05,2.1463064329424052e-07,0.9998759528031217,False
6.51725,1,340,341,2.7580125000000564,2.7580125000000564,0.0,0.020455313736513644,0.020455313736513644,0.09007154698742041,0.0849054237859811,0.005166123201439315,0.020455313736513644,0.0050376830278029,1.7360972605029402e-05,1.7360972605029402e-05,0.0,0.9988206757142051,1.7332194116183945e-05,-2.877848884545698e-08,0.9998926162312647,False
6.5335,1,341,342,2.7631312500000567,2.7631312500000567,0.0,0.02109515748651369,0.02109515748651369,0.09002417378598145,0.08421820683454209,0.005147666170189328,0.02109515748651369,0.0050376830278029,1.6456261759151673e-05,1.6456261759151673e-05,0.0,0.9981347867531009,1.640026072376634e-05,-5.600103538533352e-08,0.9998302181791042,False
6.5520000000000005,1,342,343,2.7689587500000568,2.7689587500000568,0.0,0.02182359498651371,0.02182359498651371,0.0900457068345422,0.08416960316435287,0.005511884920189338,0.02182359498651371,0.0050376830278029,1.604211488291688e-05,1.604211488291688e-05,0.0,0.9981570158698242,1.6131132530212308e-05,8.901764729542781e-08,0.999832204723636,False
6.57075,1,343,344,2.774865000000057,2.774865000000057,0.0,0.02256187623651374,0.02256187623651374,0.09007585316435307,0.08346146824416373,0.005644775545189348,0.02256187623651374,0.0050376830278029,1.6064807097123198e-05,1.6064807097123198e-05,0.0,0.9982672895447308,1.629033557673481e-05,2.2552847961161313e-07,0.9998422106402759,False
6.59175,1,344,345,2.781480000000057,2.7814800000000575,4.440892098500626e-16,0.023388751236513815,0.023388751236513815,0.09007646824416422,0.08299942707397483,0.006058213045189385,0.023388751236513815,0.0050376830278029,1.7642930919156504e-05,1.7642930919156504e-05,0.0,0.9983266924407013,1.7436991257963286e-05,-2.0593966119321816e-07,0.9998476698677335,False
6.614,1,345,346,2.7884887500000577,2.7884887500000577,0.0,0.024264844986513847,0.024264844986513847,0.09000817707397496,0.08205504215378555,0.00693430679518939,0.024264844986513847,0.0050376830278029,1.7384149951547498e-05,1.7384149951547498e-05,0.0,0.9984383205772517,1.743276058759611e-05,4.8610636048612797e-08,0.9998576511284506,False
6.6392500000000005,1,346,347,2.796442500000058,2.7964425000000577,-4.440892098500626e-16,0.02525906373651389,0.02525906373651389,0.09000879215378578,0.08166682910859635,0.007803633121628551,0.02525906373651389,0.0050376830278029,1.577072665102598e-05,1.577072665102598e-05,0.0,0.9986340064208051,1.5644439670704332e-05,-1.262869803216461e-07,0.9998750293278211,False
6.66575,1,347,348,2.8047900000000583,2.8047900000000583,0.0,0.02630250123651396,0.01315125061825698,0.09001432910859691,0.0806289285634074,0.00884707062162862,0.01315125061825698,0.0050376830278029,1.5848330427156246e-05,1.5848330427156246e-05,0.0,0.9987758411074061,1.5799691949128708e-05,-4.8638478027538605e-08,0.9998871187539153,False
6.6955,1,348,349,2.814161250000059,2.8141612500000592,4.440892098500626e-16,0.014322656868257039,0.014322656868257039,0.09000017856340788,0.08492849391581311,0.005071684647594768,0.014322656868257039,0.0050376830278029,1.7844603831262796e-05,1.7844603831262796e-05,0.0,0.9989190036339192,1.7868200179878633e-05,2.359634861583696e-08,0.9999015496802856,False
6.71175,1,349,350,2.819280000000059,2.8192800000000586,-4.440892098500626e-16,0.01496250061825705,0.01496250061825705,0.09004724391581317,0.08433571551821842,0.005391606522594773,0.01496250061825705,0.0050376830278029,1.7161869757156908e-05,1.7161869757156908e-05,0.0,0.9981038501389523,1.709253498573064e-05,-6.933477142626716e-08,0.9998273196048908,False
6.72975,1,350,351,2.8249500000000594,2.82495000000006,4.440892098500626e-16,0.015671250618257113,0.015671250618257113,0.09000571551821888,0.08390535899562407,0.00593208999831438,0.015671250618257113,0.0050376830278029,1.620645945042741e-05,1.620645945042741e-05,0.0,0.998224628113515,1.6274437230181714e-05,6.797777975430316e-08,0.9998382368753356,False
6.74925,1,351,352,2.8310925000000595,2.8310925000000595,0.0,0.016439063118257147,0.016439063118257147,0.09004785899562427,0.08317968997302944,0.006315996248314397,0.016439063118257147,0.0050376830278029,1.7200814078253455e-05,1.7200814078253455e-05,0.0,0.9983835009599865,1.7394451167637602e-05,1.936370893841467e-07,0.9998526926751937,False
6.771,1,352,353,2.83794375000006,2.8379437500000595,-4.440892098500626e-16,0.01729546936825719,0.01729546936825719,0.09003093997302967,0.08247463122471527,0.006495644685814415,0.01729546936825719,0.0050376830278029,1.73441872857569e-05,1.73441872857569e-05,0.0,0.9984900751184553,1.738932814560563e-05,4.5140859848731975e-08,0.9998624087091883,False
6.795,1,353,354,2.84550375000006,2.84550375000006,0.0,0.01824046936825724,0.01824046936825724,0.09003463122471556,0.08153332247640112,0.00696814468581444,0.01824046936825724,0.0050376830278029,1.664548957757824e-05,1.664548957757824e-05,0.0,0.9985444256800149,1.6409963493976942e-05,-2.3552608360129723e-07,0.9998671398746809,False
6.822,1,354,355,2.8540087500000606,2.8540087500000606,0.0,0.0193035943682573,0.0193035943682573,0.09003832247640153,0.08085779497808701,0.008031269685814475,0.0193035943682573,0.0050376830278029,1.586227310747378e-05,1.586227310747378e-05,0.0,0.9986514437832896,1.6040868872459613e-05,1.785957649858309e-07,0.9998759091627543,False
6.85125,1,355,356,2.863222500000061,2.863222500000061,0.0,0.020455313118257334,0.020455313118257334,0.09007154497808728,0.08490542185393002,0.0051661231241572686,0.020455313118257334,0.0050376830278029,1.7350394704996323e-05,1.7350394704996323e-05,0.0,0.9988206508450799,1.738730334868723e-05,3.6908643690905854e-08,0.999892596440073,False
6.8675,1,356,357,2.868341250000061,2.868341250000061,0.0,0.02109515686825738,0.02109515686825738,0.09002417185393038,0.08421820497977309,0.005147666092907282,0.02109515686825738,0.0050376830278029,1.6906909640525146e-05,1.6906909640525146e-05,0.0,0.9981347968059011,1.6800310655971462e-05,-1.0659898455368393e-07,0.9998302260595954,False
6.886,1,357,358,2.8741687500000612,2.8741687500000617,4.440892098500626e-16,0.021823594368257433,0.021823594368257433,0.09004570497977346,0.08416960138686616,0.005511884842907309,0.021823594368257433,0.0050376830278029,1.614844697711266e-05,1.614844697711266e-05,0.0,0.9981570119033462,1.617241572136008e-05,2.3968744247421095e-08,0.9998321967984585,False
6.90475,1,358,359,2.880075000000062,2.880075000000062,0.0,0.022561875618257465,0.022561875618257465,0.09007585138686633,0.083461466543959,0.00564477546790732,0.022561875618257465,0.0050376830278029,1.5749932453040482e-05,1.5749932453040482e-05,0.0,0.9982672607184954,1.5892648649791556e-05,1.427161967510745e-07,0.999842177716612,False
6.92575,1,359,360,2.886690000000062,2.886690000000062,0.0,0.023388750618257504,0.023388750618257504,0.09007646654395922,0.08299942545105189,0.00605821296790734,0.023388750618257504,0.0050376830278029,1.837095770591341e-05,1.837095770591341e-05,0.0,0.9983266508729842,1.8163496195629082e-05,-2.0746151028432742e-07,0.9998476346293561,False
6.948,1,360,361,2.8936987500000617,2.8936987500000617,0.0,0.024264844368257536,0.024264844368257536,0.09000817545105202,0.08205504060814467,0.006934306717907345,0.024264844368257536,0.0050376830278029,1.7291041689983166e-05,1.7291041689983166e-05,0.0,0.9984383408859969,1.7445943575031992e-05,1.5490188504882631e-07,0.9998576767076484,False
6.97325,1,361,362,2.9016525000000626,2.9016525000000626,0.0,0.025259063118257614,0.025259063118257614,0.09000879060814518,0.08166682764023779,0.007803632967064482,0.025259063118257614,0.0050376830278029,1.6457690685260614e-05,1.6457690685260614e-05,0.0,0.9986340331725599,1.62575565274561e-05,-2.0013415780451287e-07,0.9998750518839107,False
6.999750000000001,1,362,363,2.9100000000000628,2.9100000000000628,0.0,0.02630250061825765,0.013151250309128825,0.09001432764023808,0.08062892717233063,0.008847070467064518,0.013151250309128825,0.0050376830278029,1.645398217797405e-05,1.645398217797405e-05,0.0,0.9987758683911447,1.6340276553222606e-05,-1.137056247514431e-07,0.9998871417366237,False
7.0295000000000005,1,363,364,2.9193712500000633,2.9193712500000633,0.0,0.014322656559128883,0.014322656559128883,0.0900001771723311,0.08492849256337735,0.005071684608953745,0.014322656559128883,0.0050376830278029,1.7860531598060393e-05,1.7860531598060393e-05,0.0,0.9989190121034269,1.7902546303875888e-05,4.2014705815494587e-08,0.9999015571816743,False
7.04575,1,364,365,2.9244900000000635,2.9244900000000635,0.0,0.01496250030912893,0.01496250030912893,0.0900472425633777,0.08433571420442393,0.005391606483953768,0.01496250030912893,0.0050376830278029,1.7591302443808186e-05,1.7591302443808186e-05,0.0,0.9981038600271265,1.750661125463376e-05,-8.46911891744256e-08,0.9998273297054224,False
7.06375,1,365,366,2.930160000000064,2.930160000000064,0.0,0.015671250309128956,0.015671250309128956,0.0900057142044241,0.08390535772047034,0.005932089921032337,0.015671250309128956,0.0050376830278029,1.6377757109977748e-05,1.6377757109977748e-05,0.0,0.9982246288781305,1.637413988283485e-05,-3.617227142897186e-09,0.9998382345319353,False
7.0832500000000005,1,366,367,2.936302500000064,2.936302500000064,0.0,0.01643906280912899,0.01643906280912899,0.09004785772047054,0.08317968873651675,0.006315996171032354,0.01643906280912899,0.0050376830278029,1.6563655443360174e-05,1.6563655443360174e-05,0.0,0.9983834600421987,1.6756808227025427e-05,1.9315278366525252e-07,0.9998526502305732,False
7.105,1,367,368,2.9431537500000644,2.9431537500000644,0.0,0.017295469059129032,0.017295469059129032,0.09003093873651699,0.08247463006548461,0.0064956446085323635,0.017295469059129032,0.0050376830278029,1.7716345134996487e-05,1.7716345134996487e-05,0.0,0.998490060499556,1.7560627175942204e-05,-1.5571795905428346e-07,0.9998624023815215,False
7.1290000000000004,1,368,369,2.9507137500000646,2.950713750000064,-4.440892098500626e-16,0.018240469059129082,0.018240469059129082,0.09003463006548493,0.08153332139445252,0.0069681446085323884,0.018240469059129082,0.0050376830278029,1.7454186515839068e-05,1.7454186515839068e-05,0.0,0.9985444522421619,1.7204079952143037e-05,-2.5010656369603125e-07,0.9998671634856866,False
7.156000000000001,1,369,370,2.9592187500000646,2.959218750000065,4.440892098500626e-16,0.019303594059129143,0.019303594059129143,0.09003832139445292,0.08085779397342047,0.008031269608532423,0.019303594059129143,0.0050376830278029,1.5693462490357975e-05,1.5693462490357975e-05,0.0,0.9986514245814185,1.5729329504353596e-05,3.586701399562077e-08,0.9998758850213506,False
7.18525,1,370,371,2.9684325000000653,2.9684325000000653,0.0,0.02045531280912921,0.02045531280912921,0.09007154397342101,0.08490542088790476,0.005166123085516265,0.02045531280912921,0.0050376830278029,1.697819159010426e-05,1.697819159010426e-05,0.0,0.9988206087742818,1.7051775281440273e-05,7.358369133601188e-08,0.9998925549988021,False
7.2015,1,371,372,2.9735512500000656,2.9735512500000656,0.0,0.021095156559129257,0.021095156559129257,0.0900241708879051,0.0842182040523888,0.005147666054266274,0.021095156559129257,0.0050376830278029,1.7486011101769177e-05,1.7486011101769177e-05,0.0,0.9981348153915348,1.7379156345229932e-05,-1.0685475653924529e-07,0.9998302450808898,False
7.22,1,372,373,2.979378750000066,2.979378750000066,0.0,0.021823594059129276,0.021823594059129276,0.0900457040523889,0.08416960049812264,0.005511884804266284,0.021823594059129276,0.0050376830278029,1.6347289615518204e-05,1.6347289615518204e-05,0.0,0.9981570122846875,1.6330080796833343e-05,-1.72088186848609e-08,0.9998321951356052,False
7.2387500000000005,1,373,374,2.985285000000066,2.985285000000066,0.0,0.022561875309129308,0.022561875309129308,0.09007585049812283,0.08346146569385654,0.005644775429266294,0.022561875309129308,0.0050376830278029,1.583543537006344e-05,1.583543537006344e-05,0.0,0.9982672499930236,1.5880754066656187e-05,4.5318696592747164e-08,0.9998421622391523,False
7.25975,1,374,375,2.9919000000000664,2.9919000000000664,0.0,0.023388750309129347,0.023388750309129347,0.09007646569385677,0.08299942463959045,0.0060582129292663135,0.023388750309129347,0.0050376830278029,1.7745527113093273e-05,1.7745527113093273e-05,0.0,0.9983265953037909,1.8102618886898066e-05,3.5709177380479316e-07,0.9998475800918469,False
7.282,1,375,376,2.9989087500000666,2.9989087500000666,0.0,0.024264844059129414,0.024264844059129414,0.09000817463959085,0.0820550398353245,0.006934306679266354,0.024264844059129414,0.0050376830278029,1.7284297647573783e-05,1.7284297647573783e-05,0.0,0.9984383316790286,1.7252216111884915e-05,-3.208153568886788e-08,0.9998576754235882,False
7.30725,1,376,377,3.006862500000067,3.006862500000067,0.0,0.025259062809129457,0.025259062809129457,0.09000878983532473,0.08166682690605834,0.007803632889782443,0.025259062809129457,0.0050376830278029,1.732946320856035e-05,1.732946320856035e-05,0.0,0.9986340755673004,1.709449199926753e-05,-2.3497120929282303e-07,0.9998750919256477,False
7.33375,1,377,378,3.0152100000000672,3.0152100000000672,0.0,0.026302500309129527,0.013151250154564764,0.0900143269060589,0.08062892647679247,0.008847070389782512,0.013151250154564764,0.0050376830278029,1.6950938419366288e-05,1.6950938419366288e-05,0.0,0.9987758936884228,1.6807561067937685e-05,-1.4337735142860278e-07,0.9998871650924492,False
7.3635,1,378,379,3.024581250000068,3.024581250000068,0.0,0.014322656404564822,0.014322656404564822,0.09000017647679294,0.08492849188715969,0.005071684589633249,0.014322656404564822,0.0050376830278029,1.7884614892525393e-05,1.7884614892525393e-05,0.0,0.9989190231396605,1.790469755256898e-05,2.00826600435877e-08,0.9999015673843634,False
7.3797500000000005,1,379,380,3.029700000000068,3.029700000000068,0.0,0.014962500154564833,0.014962500154564833,0.09004724188715976,0.08433571354752652,0.005391606464633255,0.014962500154564833,0.0050376830278029,1.794340502606757e-05,1.794340502606757e-05,0.0,0.9981038668608705,1.786864264084846e-05,-7.476238521910957e-08,0.9998273371310101,False
7.39775,1,380,381,3.0353700000000687,3.0353700000000687,0.0,0.015671250154564897,0.015671250154564897,0.09000571354752698,0.08390535708289369,0.005932089882391326,0.015671250154564897,0.0050376830278029,1.6694205080432643e-05,1.6694205080432643e-05,0.0,0.9982246354725303,1.6632103470204192e-05,-6.210161022845106e-08,0.9998382390011424,False
7.41725,1,381,382,3.041512500000069,3.041512500000069,0.0,0.01643906265456493,0.01643906265456493,0.0900478570828939,0.08317968811826058,0.006315996132391343,0.01643906265456493,0.0050376830278029,1.6263194281388974e-05,1.6263194281388974e-05,0.0,0.9983834327110909,1.6385968552168772e-05,1.2277427077979797e-07,0.9998526194282443,False
7.439,1,382,383,3.0483637500000693,3.0483637500000693,0.0,0.017295468904564973,0.017295468904564973,0.09003093811826082,0.08247462948586945,0.006495644569891361,0.017295468904564973,0.0050376830278029,1.8847295778405645e-05,1.8847295778405645e-05,0.0,0.9984900128820379,1.854584936441724e-05,-3.0144641398840603e-07,0.999862360133217,False
7.463,1,383,384,3.055923750000069,3.055923750000069,0.0,0.018240468904565023,0.018240468904565023,0.09003462948586975,0.08153332085347836,0.006968144569891386,0.018240468904565023,0.0050376830278029,1.8211059834910693e-05,1.8211059834910693e-05,0.0,0.9985444922478767,1.8110953217761743e-05,-1.0010661714894976e-07,0.999867204090328,False
7.49,1,384,385,3.0644287500000695,3.0644287500000695,0.0,0.019303593904565083,0.019303593904565083,0.09003832085347876,0.08085779347108732,0.008031269569891421,0.019303593904565083,0.0050376830278029,1.5981813260617183e-05,1.5981813260617183e-05,0.0,0.9986514228587291,1.592455775477946e-05,-5.725550583772249e-08,0.9998758786712642,False
7.51925,1,385,386,3.0736425000000698,3.0736425000000698,0.0,0.020455312654565117,0.020455312654565117,0.09007154347108759,0.08490542040489185,0.0051661230661957415,0.020455312654565117,0.0050376830278029,1.6693261079164958e-05,1.6693261079164958e-05,0.0,0.9988205813257738,1.674514892355507e-05,5.188784439011271e-08,0.9998925245533331,False
7.5355,1,386,387,3.0787612500000705,3.07876125000007,-4.440892098500626e-16,0.021095156404565163,0.021095156404565163,0.09002417040489219,0.08421820358869643,0.005147666034945755,0.021095156404565163,0.0050376830278029,1.781118296345644e-05,1.781118296345644e-05,0.0,0.9981348179181111,1.775465226570337e-05,-5.653069775307082e-08,0.9998302501441528,False
7.554,1,387,388,3.0845887500000706,3.0845887500000706,0.0,0.021823593904565217,0.021823593904565217,0.09004570358869682,0.08416960005375103,0.005511884784945782,0.021823593904565217,0.0050376830278029,1.650987460202081e-05,1.650987460202081e-05,0.0,0.9981570116413482,1.646484985974878e-05,-4.502474227203031e-08,0.9998321928432351,False
7.57275,1,388,389,3.090495000000071,3.090495000000071,0.0,0.022561875154565248,0.022561875154565248,0.09007585005375121,0.08346146526880541,0.005644775409945793,0.022561875154565248,0.0050376830278029,1.6027113658854248e-05,1.6027113658854248e-05,0.0,0.9982672541318609,1.6003120989553248e-05,-2.3992669300999602e-08,0.9998421616359756,False
7.59375,1,389,390,3.097110000000071,3.097110000000071,0.0,0.023388750154565287,0.023388750154565287,0.09007646526880562,0.08299942423385982,0.006058212909945813,0.023388750154565287,0.0050376830278029,1.601505316639079e-05,1.601505316639079e-05,0.0,0.9983265526210257,1.6547093443623806e-05,5.320402772330167e-07,0.9998475352867903,False
7.6160000000000005,1,390,391,3.104118750000071,3.104118750000071,0.0,0.02426484390456532,0.02426484390456532,0.09000817423385996,0.08205503944891414,0.006934306659945818,0.02426484390456532,0.0050376830278029,1.8068180405210997e-05,1.8068180405210997e-05,0.0,0.9984382978473068,1.7709472271524076e-05,-3.587081336869211e-07,0.99985764757068,False
7.64125,1,391,392,3.112072500000071,3.112072500000071,0.0,0.025259062654565363,0.025259062654565363,0.09000878944891437,0.08166682653896852,0.00780363285114141,0.025259062654565363,0.0050376830278029,1.8035354110064533e-05,1.8035354110064533e-05,0.0,0.9986341099857793,1.7814334310168537e-05,-2.2101979989599613e-07,0.999875125954094,False
7.66775,1,392,393,3.120420000000072,3.1204200000000717,-4.440892098500626e-16,0.026302500154565433,0.013151250077282716,0.09001432653896908,0.08062892612902317,0.00884707035114148,0.013151250077282716,0.0050376830278029,1.7455983599552702e-05,1.7455983599552702e-05,0.0,0.9987759224166204,1.729302351029284e-05,-1.6296008925986328e-07,0.9998871934521415,False
7.6975,1,393,394,3.129791250000072,3.129791250000072,0.0,0.014322656327282775,0.014322656327282775,0.09000017612902364,0.08492849154905066,0.005071684579972982,0.014322656327282775,0.0050376830278029,1.7996691179580463e-05,1.7996691179580463e-05,0.0,0.9989190355551976,1.7972085779081206e-05,-2.4605400499257997e-08,0.9999015792795583,False
7.71375,1,394,395,3.1349100000000725,3.1349100000000725,0.0,0.014962500077282821,0.014962500077282821,0.09004724154905101,0.08433571321907801,0.005391606454973005,0.014962500077282821,0.0050376830278029,1.8171608587342958e-05,1.8171608587342958e-05,0.0,0.9981038705845945,1.8126372245192934e-05,-4.523634215002385e-08,0.9998273413684964,False
7.73175,1,395,396,3.1405800000000728,3.1405800000000728,0.0,0.015671250077282848,0.015671250077282848,0.09000571321907819,0.08390535676410517,0.00593208986307081,0.015671250077282848,0.0050376830278029,1.707509641479674e-05,1.707509641479674e-05,0.0,0.998224646236804,1.6976322729807496e-05,-9.877368498924517e-08,0.9998382483036002,False
7.75125,1,396,397,3.146722500000073,3.146722500000073,0.0,0.016439062577282882,0.016439062577282882,0.09004785676410537,0.08317968780913235,0.006315996113070827,0.016439062577282882,0.0050376830278029,1.6236760331555815e-05,1.6236760331555815e-05,0.0,0.9983834243944915,1.6278107766847186e-05,4.134743529137102e-08,0.9998526066009138,False
7.773000000000001,1,397,398,3.1535737500000733,3.1535737500000733,0.0,0.017295468827282924,0.017295468827282924,0.09003093780913259,0.08247462919606174,0.006495644550570845,0.017295468827282924,0.0050376830278029,1.863195404447962e-05,1.863195404447962e-05,0.0,0.9984899562179705,1.8786219832753993e-05,1.542657882743738e-07,0.9998623040325835,False
7.797000000000001,1,398,399,3.161133750000074,3.1611337500000736,-4.440892098500626e-16,0.018240468827282974,0.018240468827282974,0.09003462919606205,0.08153332058299116,0.00696814455057087,0.018240468827282974,0.0050376830278029,1.8299808352391753e-05,1.8299808352391753e-05,0.0,0.9985445137478343,1.841367419394025e-05,1.1386584154849698e-07,0.9998672292293863,False
7.824,1,399,400,3.169638750000074,3.169638750000074,0.0,0.019303593827283035,0.019303593827283035,0.09003832058299158,0.08085779321992063,0.008031269550570905,0.019303593827283035,0.0050376830278029,1.6441942432059632e-05,1.6441942432059632e-05,0.0,0.9986514366200058,1.6327221697468693e-05,-1.1472073459093844e-07,0.9998758875058982,False
7.85325,1,400,401,3.1788525000000742,3.1788525000000747,4.440892098500626e-16,0.020455312577283103,0.020455312577283103,0.09007154321992118,0.08490542016338569,0.005166123056535501,0.020455312577283103,0.0050376830278029,1.6665425573039578e-05,1.6665425573039578e-05,0.0,0.998820574600633,1.6672187027101677e-05,6.761454062099184e-09,0.9998925143407198,False
7.8695,1,401,402,3.1839712500000745,3.1839712500000745,0.0,0.021095156327283114,0.021095156327283114,0.09002417016338576,0.08421820335685026,0.005147666025285497,0.021095156327283114,0.0050376830278029,1.780315384986502e-05,1.780315384986502e-05,0.0,0.9981348036402663,1.780743606447813e-05,4.282214613110578e-09,0.9998302377434498,False
7.888,1,402,403,3.189798750000075,3.189798750000075,0.0,0.021823593827283168,0.021823593827283168,0.09004570335685066,0.08416959983156513,0.005511884775285524,0.021823593827283168,0.0050376830278029,1.6744903034030607e-05,1.6744903034030607e-05,0.0,0.9981570178687735,1.6675981487549263e-05,-6.892154648134374e-08,0.9998321971732681,False
7.90675,1,403,404,3.1957050000000753,3.1957050000000753,0.0,0.0225618750772832,0.0225618750772832,0.0900758498315653,0.08346146505627977,0.005644775400285535,0.0225618750772832,0.0050376830278029,1.6410659980634874e-05,1.6410659980634874e-05,0.0,0.9982672743418153,1.6345055037459714e-05,-6.560494317516016e-08,0.9998421783030631,False
7.9277500000000005,1,404,405,3.2023200000000753,3.2023200000000758,4.440892098500626e-16,0.02338875007728324,0.02338875007728324,0.09007646505627998,0.08299942403099443,0.006058212900285555,0.02338875007728324,0.0050376830278029,1.5144547023327791e-05,1.5144547023327791e-05,0.0,0.9983265218855567,1.5376347347067443e-05,2.3180032373965167e-07,0.9998475022624177,False
7.95,1,405,406,3.2093287500000756,3.209328750000076,4.440892098500626e-16,0.024264843827283306,0.024264843827283306,0.09000817403099484,0.08205503925570926,0.006934306650285596,0.024264843827283306,0.0050376830278029,1.9288758964957815e-05,1.9288758964957815e-05,0.0,0.9984382355021852,1.9007570378586582e-05,-2.811885863712332e-07,0.9998575879175821,False
7.97525,1,406,407,3.217282500000076,3.217282500000076,0.0,0.02525906257728335,0.02525906257728335,0.09000878925570947,0.08166682635542385,0.0078036328318209155,0.02525906257728335,0.0050376830278029,1.8482364740980623e-05,1.8482364740980623e-05,0.0,0.9986341482801256,1.8464022090087864e-05,-1.8342650892758984e-08,0.9998751677340988,False
8.00175,1,407,408,3.2256300000000766,3.2256300000000766,0.0,0.02630250007728342,0.01315125003864171,0.09001432635542442,0.08062892595513874,0.008847070331820986,0.01315125003864171,0.0050376830278029,1.7867685107303015e-05,1.7867685107303015e-05,0.0,0.9987759432142305,1.7702056140145485e-05,-1.6562896715753065e-07,0.9998872153576349,False
8.0315,1,408,409,3.235001250000077,3.235001250000077,0.0,0.014322656288641768,0.014322656288641768,0.0900001759551392,0.08492849137999633,0.00507168457514287,0.014322656288641768,0.0050376830278029,1.8184193084119332e-05,1.8184193084119332e-05,0.0,0.9989190481469091,1.8126696059844293e-05,-5.749702427503846e-08,0.999901591633336,False
8.04775,1,409,410,3.2401200000000774,3.2401200000000774,0.0,0.014962500038641779,0.014962500038641779,0.0900472413799964,0.08433571305485354,0.005391606450142875,0.014962500038641779,0.0050376830278029,1.8269998030623793e-05,1.8269998030623793e-05,0.0,0.9981038727222484,1.825825739218198e-05,-1.1740638441812024e-08,0.9998273437430304,False
8.06575,1,410,411,3.2457900000000777,3.2457900000000777,0.0,0.01567125003864184,0.01567125003864184,0.09000571305485397,0.08390535660471107,0.0059320898534105625,0.01567125003864184,0.0050376830278029,1.7496364998966117e-05,1.7496364998966117e-05,0.0,0.9982246603075474,1.7374829325835768e-05,-1.2153567313034878e-07,0.9998382616742089,False
8.08525,1,411,412,3.2519325000000774,3.2519325000000774,0.0,0.01643906253864184,0.01643906253864184,0.09004785660471093,0.08317968765456807,0.006315996103410562,0.01643906253864184,0.0050376830278029,1.6440655814287155e-05,1.6440655814287155e-05,0.0,0.998383425229104,1.6424747759754253e-05,-1.5908054532902226e-08,0.9998526040058305,False
8.107,1,412,413,3.258783750000078,3.2587837500000782,4.440892098500626e-16,0.017295468788641917,0.017295468788641917,0.09003093765456849,0.08247462905115795,0.006495644540910598,0.017295468788641917,0.0050376830278029,1.693051509609047e-05,1.693051509609047e-05,0.0,0.9984899123362265,1.7367204145839554e-05,4.3668904974908287e-07,0.9998622586978764,False
8.131,1,413,414,3.2663437500000776,3.266343750000078,4.440892098500626e-16,0.018240468788641932,0.018240468788641932,0.09003462905115786,0.08153332044774732,0.006968144540910605,0.018240468788641932,0.0050376830278029,1.7773226416706646e-05,1.7773226416706646e-05,0.0,0.9985445047731284,1.793930398788063e-05,1.6607757117398315e-07,0.999867229123048,False
8.158,1,414,415,3.274848750000078,3.2748487500000785,4.440892098500626e-16,0.019303593788642028,0.019303593788642028,0.09003832044774794,0.08085779309433727,0.00803126954091065,0.019303593788642028,0.0050376830278029,1.696321235512223e-05,1.696321235512223e-05,0.0,0.9986514599797319,1.679938696078704e-05,-1.6382539433518748e-07,0.9998759065857172,False
8.18725,1,415,416,3.2840625000000787,3.2840625000000787,0.0,0.02045531253864206,0.02045531253864206,0.09007154309433754,0.08490542004263218,0.005166123051705347,0.02045531253864206,0.0050376830278029,1.6831834339233426e-05,1.6831834339233426e-05,0.0,0.998820580381435,1.6798965370323086e-05,-3.286896891033957e-08,0.9998925175408222,False
8.2035,1,416,417,3.2891812500000785,3.289181250000079,4.440892098500626e-16,0.021095156288642072,0.021095156288642072,0.09002417004263226,0.08421820324092694,0.0051476660204553375,0.021095156288642072,0.0050376830278029,1.7603324826262724e-05,1.7603324826262724e-05,0.0,0.9981347849111926,1.7644929584972002e-05,4.160475870927855e-08,0.9998302192582429,False
8.222,1,417,418,3.2950087500000795,3.2950087500000795,0.0,0.02182359378864216,0.02182359378864216,0.09004570324092756,0.08416959972047218,0.005511884770455382,0.02182359378864216,0.0050376830278029,1.706600515152713e-05,1.706600515152713e-05,0.0,0.9981570334423314,1.697080644599415e-05,-9.519870553297962e-08,0.9998322113551911,False
8.24075,1,418,419,3.3009150000000793,3.3009150000000793,0.0,0.022561875038642158,0.022561875038642158,0.090075849720472,0.08346146495001666,0.00564477539545539,0.022561875038642158,0.0050376830278029,1.6773744000585597e-05,1.6773744000585597e-05,0.0,0.9982672957060854,1.66893661399049e-05,-8.4377860680697e-08,0.9998421978207801,False
8.261750000000001,1,419,420,3.30753000000008,3.30753000000008,0.0,0.02338875003864223,0.02338875003864223,0.09007646495001706,0.08299942392956171,0.006058212895455427,0.02338875003864223,0.0050376830278029,1.52519544703879e-05,1.52519544703879e-05,0.0,0.9983265035780401,1.5211439625561877e-05,-4.0514844826023915e-08,0.9998474812397001,False
8.284,1,420,421,3.3145387500000796,3.3145387500000796,0.0,0.024264843788642264,0.024264843788642264,0.09000817392956173,0.08205503915910636,0.006934306645455407,0.024264843788642264,0.0050376830278029,1.7910041785197274e-05,1.7910041785197274e-05,0.0,0.9984381794425977,1.8465300053459516e-05,5.552582682622425e-07,0.9998575307078199,False
8.30925,1,421,422,3.32249250000008,3.32249250000008,0.0,0.025259062538642307,0.025259062538642307,0.09000878915910648,0.08166682626365108,0.0078036328221606464,0.025259062538642307,0.0050376830278029,1.8057259431462966e-05,1.8057259431462966e-05,0.0,0.9986341560394665,1.8227207183155326e-05,1.6994775169236045e-07,0.9998751837085303,False
8.33575,1,422,423,3.3308400000000806,3.33084000000008,-4.440892098500626e-16,0.026302500038642377,0.013151250019321188,0.09001432626365165,0.08062892586819617,0.008847070322160717,0.013151250019321188,0.0050376830278029,1.82420942698504e-05,1.82420942698504e-05,0.0,0.9987759605736222,1.8121596069619164e-05,-1.2049820023123426e-07,0.999887235175581,False
8.3655,1,423,424,3.340211250000081,3.340211250000081,0.0,0.014322656269321247,0.014322656269321247,0.09000017586819664,0.08492849129546887,0.005071684572727764,0.014322656269321247,0.0050376830278029,1.838082973502781e-05,1.838082973502781e-05,0.0,0.9989190600956623,1.831577923242174e-05,-6.505050260607138e-08,0.9999016035307083,False
8.38175,1,424,425,3.345330000000081,3.345330000000081,0.0,0.014962500019321258,0.014962500019321258,0.09004724129546893,0.08433571297274119,0.005391606447727769,0.014962500019321258,0.0050376830278029,1.8259475035858742e-05,1.8259475035858742e-05,0.0,0.9981038746800646,1.8274398173271747e-05,1.4923137413004823e-08,0.9998273458253853,False
8.399750000000001,1,425,426,3.3510000000000812,3.3510000000000812,0.0,0.01567125001932132,0.01567125001932132,0.0900057129727416,0.08390535652501381,0.005932089848580421,0.01567125001932132,0.0050376830278029,1.7843691103602913e-05,1.7843691103602913e-05,0.0,0.9982246751448604,1.7721614044073237e-05,-1.2207705952967592e-07,0.9998382761733337,False
8.41925,1,426,427,3.3571425000000814,3.3571425000000814,0.0,0.01643906251932132,0.01643906251932132,0.09004785652501368,0.08317968757728593,0.006315996098580421,0.01643906251932132,0.0050376830278029,1.670115372504934e-05,1.670115372504934e-05,0.0,0.9983834350321733,1.665201303213899e-05,-4.914069291035109e-08,0.999852611139912,False
8.441,1,427,428,3.3639937500000814,3.363993750000082,4.440892098500626e-16,0.017295468769321396,0.017295468769321396,0.09003093757728634,0.08247462897870594,0.006495644536080463,0.017295468769321396,0.0050376830278029,1.5894510434849777e-05,1.5894510434849777e-05,0.0,0.9984898777940846,1.6173752507394358e-05,2.7924207254458115e-07,0.9998622221835513,False
8.465,1,428,429,3.371553750000082,3.371553750000082,0.0,0.01824046876932148,0.01824046876932148,0.09003462897870641,0.08153332038012595,0.006968144536080505,0.01824046876932148,0.0050376830278029,1.7858348911534238e-05,1.7858348911534238e-05,0.0,0.9985444562336591,1.7698469507306025e-05,-1.598794042282129e-07,0.9998671878567712,False
8.492,1,429,430,3.3800587500000825,3.3800587500000825,0.0,0.019303593769321507,0.019303593769321507,0.090038320380126,0.08085779303154549,0.008031269536080481,0.019303593769321507,0.0050376830278029,1.7579231372295928e-05,1.7579231372295928e-05,0.0,0.9986514965361863,1.7369727079265612e-05,-2.095042930303158e-07,0.9998759399858553,False
8.52125,1,430,431,3.3892725000000823,3.3892725000000823,0.0,0.02045531251932154,0.02045531251932154,0.09007154303154576,0.08490541998225548,0.005166123049290277,0.02045531251932154,0.0050376830278029,1.7014220162573112e-05,1.7014220162573112e-05,0.0,0.9988205854489793,1.6963242603704527e-05,-5.097755886858499e-08,0.9998925210855758,False
8.5375,1,431,432,3.394391250000083,3.394391250000083,0.0,0.02109515626932162,0.02109515626932162,0.0900241699822561,0.08421820318296577,0.005147666018040305,0.02109515626932162,0.0050376830278029,1.7395054293057282e-05,1.7395054293057282e-05,0.0,0.9981347710180284,1.744494434033262e-05,4.989004727533837e-08,0.9998302049272803,False
8.556000000000001,1,432,433,3.400218750000083,3.400218750000083,0.0,0.02182359376932164,0.02182359376932164,0.09004570318296584,0.08416959966492556,0.005511884768040314,0.02182359376932164,0.0050376830278029,1.7451299982419418e-05,1.7451299982419418e-05,0.0,0.9981570530389176,1.7335324504280942e-05,-1.1597547813847593e-07,0.9998322307053698,False
8.57475,1,433,434,3.4061250000000833,3.406125000000084,4.440892098500626e-16,0.022561875019321706,0.022561875019321706,0.09007584966492596,0.08346146489688565,0.00564477539304034,0.022561875019321706,0.0050376830278029,1.704554700018221e-05,1.704554700018221e-05,0.0,0.9982673112744055,1.694878706532342e-05,-9.675993485879167e-08,0.9998422128533198,False
8.59575,1,434,435,3.4127400000000834,3.4127400000000834,0.0,0.02338875001932171,0.02338875001932171,0.09007646489688549,0.0829994238788452,0.0060582128930403425,0.02338875001932171,0.0050376830278029,1.5893852300572852e-05,1.5893852300572852e-05,0.0,0.9983264974255892,1.5675440990598606e-05,-2.18411309974246e-07,0.999847470784861,False
8.618,1,435,436,3.419748750000083,3.419748750000083,0.0,0.024264843769321743,0.024264843769321743,0.0900081738788452,0.08205503911080492,0.006934306643040323,0.024264843769321743,0.0050376830278029,1.5278996055879197e-05,1.5278996055879197e-05,0.0,0.9984381342110672,1.593566902333468e-05,6.566729674554825e-07,0.9998574833127681,False
8.64325,1,436,437,3.4277025000000836,3.4277025000000836,0.0,0.025259062519321786,0.025259062519321786,0.09000878911080504,0.08166682621776475,0.007803632817330516,0.025259062519321786,0.0050376830278029,1.7454391978869813e-05,1.7454391978869813e-05,0.0,0.9986341282221527,1.758610558678712e-05,1.3171360791730774e-07,0.9998751643087551,False
8.66975,1,437,438,3.436050000000084,3.4360500000000838,-4.440892098500626e-16,0.026302500019321856,0.013151250009660928,0.09001432621776531,0.08062892582472495,0.008847070317330586,0.013151250009660928,0.0050376830278029,1.8268327517242383e-05,1.8268327517242383e-05,0.0,0.9987759638672029,1.8307812963148097e-05,3.948544590571352e-08,0.9998872441563632,False
8.6995,1,438,439,3.4454212500000847,3.4454212500000847,0.0,0.014322656259660987,0.014322656259660987,0.09000017582472541,0.0849284912532052,0.005071684571520221,0.014322656259660987,0.0050376830278029,1.854659418630593e-05,1.854659418630593e-05,0.0,0.9989190711420446,1.8493101126830306e-05,-5.349305947562416e-08,0.9999016145600987,False
8.71575,1,439,440,3.4505400000000845,3.4505400000000845,0.0,0.014962500009660998,0.014962500009660998,0.09004724125320525,0.08433571293168504,0.005391606446520226,0.014962500009660998,0.0050376830278029,1.820456404070254e-05,1.820456404070254e-05,0.0,0.9981038771624104,1.8229204660989414e-05,2.4640620286874932e-08,0.9998273485825794,False
8.73375,1,440,441,3.456210000000085,3.456210000000085,0.0,0.01567125000966106,0.01567125000966106,0.09000571293168547,0.08390535648516523,0.005932089846165355,0.01567125000966106,0.0050376830278029,1.820388460513302e-05,1.820388460513302e-05,0.0,0.9982246889791496,1.8085762090666676e-05,-1.1812251446634322e-07,0.9998382905373074,False
8.75325,1,441,442,3.4623525000000854,3.4623525000000854,0.0,0.01643906250966113,0.01643906250966113,0.09004785648516564,0.08317968753864537,0.00631599609616539,0.01643906250966113,0.0050376830278029,1.700804492751136e-05,1.700804492751136e-05,0.0,0.9983834475519849,1.6922456716234905e-05,-8.55882112764565e-08,0.9998526223991231,False
8.775,1,442,443,3.4692037500000854,3.4692037500000854,0.0,0.017295468759661137,0.017295468759661137,0.09003093753864522,0.0824746289424799,0.0064956445336653975,0.017295468759661137,0.0050376830278029,1.5743849288891473e-05,1.5743849288891473e-05,0.0,0.9984898554331102,1.5855451693417248e-05,1.1160240452577427e-07,0.9998621968350219,False
8.799,1,443,444,3.476763750000086,3.476763750000086,0.0,0.018240468759661222,0.018240468759661222,0.09003462894248036,0.08153332034631497,0.00696814453366544,0.018240468759661222,0.0050376830278029,1.9506389703870024e-05,1.9506389703870024e-05,0.0,0.9985443895488966,1.9144949874494373e-05,-3.6143982937565064e-07,0.9998671218072052,False
8.826,1,444,445,3.485268750000086,3.485268750000086,0.0,0.019303593759661248,0.019303593759661248,0.09003832034631502,0.08085779300014961,0.008031269533665416,0.019303593759661248,0.0050376830278029,1.8374084779644934e-05,1.8374084779644934e-05,0.0,0.9986515383032527,1.8125028072978163e-05,-2.4905670666677094e-07,0.9998759815236552,False
8.85525,1,445,446,3.4944825000000868,3.4944825000000868,0.0,0.02045531250966135,0.02045531250966135,0.09007154300015044,0.08490541995206767,0.005166123048082761,0.02045531250966135,0.0050376830278029,1.7166967099774714e-05,1.7166967099774714e-05,0.0,0.9988205891767887,1.7100935182591924e-05,-6.603191718279006e-08,0.9998925234024045,False
8.871500000000001,1,446,447,3.499601250000087,3.499601250000087,0.0,0.021095156259661362,0.021095156259661362,0.09002416995206772,0.08421820315398498,0.0051476660168327725,0.021095156259661362,0.0050376830278029,1.7263064531992994e-05,1.7263064531992994e-05,0.0,0.9981347604985047,1.72962248221997e-05,3.316029020670707e-08,0.9998301940373241,False
8.89,1,447,448,3.505428750000087,3.5054287500000867,-4.440892098500626e-16,0.02182359375966138,0.02182359375966138,0.09004570315398505,0.08416959963715231,0.005511884766832782,0.02182359375966138,0.0050376830278029,1.7847661461695964e-05,1.7847661461695964e-05,0.0,0.9981570693229169,1.772322724424976e-05,-1.2443421744620336e-07,0.9998322481420046,False
8.90875,1,448,449,3.5113350000000874,3.511335000000087,-4.440892098500626e-16,0.022561875009661447,0.022561875009661447,0.0900758496371527,0.08346146487031994,0.005644775391832808,0.022561875009661447,0.0050376830278029,1.7269148896435573e-05,1.7269148896435573e-05,0.0,0.9982673217387623,1.7163132312981848e-05,-1.060165834537251e-07,0.9998422229484677,False
8.92975,1,449,450,3.517950000000087,3.517950000000087,0.0,0.023388750009661452,0.023388750009661452,0.09007646487031978,0.08299942385348702,0.00605821289183281,0.023388750009661452,0.0050376830278029,1.6649799203204866e-05,1.6649799203204866e-05,0.0,0.9983265024510869,1.6377672247443092e-05,-2.7212695576177395e-07,0.9998474716940594,False
8.952,1,450,451,3.5249587500000867,3.5249587500000867,0.0,0.024264843759661484,0.024264843759661484,0.09000817385348703,0.08205503908665426,0.00693430664183279,0.024264843759661484,0.0050376830278029,1.4429802452153371e-05,1.4429802452153371e-05,0.0,0.9984381053761364,1.4559329280054909e-05,1.2952682790153804e-07,0.9998574519839716,False
8.97725,1,451,452,3.5329125000000876,3.5329125000000876,0.0,0.025259062509661596,0.025259062509661596,0.09000878908665495,0.08166682619482213,0.007803632814915486,0.025259062509661596,0.0050376830278029,1.807171778236562e-05,1.807171778236562e-05,0.0,0.9986340654492046,1.785736915759474e-05,-2.1434862477087875e-07,0.9998751055137894,False
9.00375,1,452,453,3.5412600000000873,3.5412600000000873,0.0,0.026302500009661597,0.013151250004830799,0.09001432619482214,0.0806289258029893,0.008847070314915486,0.013151250004830799,0.0050376830278029,1.8100830274656827e-05,1.8100830274656827e-05,0.0,0.9987759639350628,1.825565473912741e-05,1.5482446447058398e-07,0.9998872481893661,False
9.0335,1,453,454,3.550631250000088,3.550631250000088,0.0,0.014322656254830857,0.014322656254830857,0.09000017580298977,0.08492849123207331,0.0050716845709164555,0.014322656254830857,0.0050376830278029,1.8688977392377625e-05,1.8688977392377625e-05,0.0,0.9989190816802653,1.8651868080244184e-05,-3.71093121334415e-08,0.9999016249952217,False
9.04975,1,454,455,3.5557500000000886,3.5557500000000886,0.0,0.014962500004830938,0.014962500004830938,0.09004724123207393,0.08433571291115743,0.005391606445916496,0.014962500004830938,0.0050376830278029,1.819418175887723e-05,1.819418175887723e-05,0.0,0.9981038792851366,1.8212564621186564e-05,1.8382862309335998e-08,0.9998273513450607,False
9.06775,1,455,456,3.5614200000000884,3.5614200000000884,0.0,0.015671250004830932,0.015671250004830932,0.09000571291115729,0.08390535646524085,0.005932089844957823,0.015671250004830932,0.0050376830278029,1.8479667297878013e-05,1.8479667297878013e-05,0.0,0.9982247005884206,1.8368587414462054e-05,-1.1107988341595889e-07,0.9998383033336157,False
9.087250000000001,1,456,457,3.567562500000089,3.567562500000089,0.0,0.016439062504831,0.016439062504831,0.09004785646524126,0.0831796875193248,0.0063159960949578575,0.016439062504831,0.0050376830278029,1.7315328803533872e-05,1.7315328803533872e-05,0.0,0.9983834595781191,1.722198038432812e-05,-9.334841920575278e-08,0.9998526332197378,False
9.109,1,457,458,3.5744137500000885,3.5744137500000885,0.0,0.017295468754831008,0.017295468754831008,0.09003093751932464,0.08247462892436684,0.006495644532457848,0.017295468754831008,0.0050376830278029,1.590635317742574e-05,1.590635317742574e-05,0.0,0.9984898485694658,1.5894000795122002e-05,-1.2352382303738749e-08,0.9998621859224365,False
9.133000000000001,1,458,459,3.581973750000089,3.581973750000089,0.0,0.018240468754831093,0.018240468754831093,0.09003462892436731,0.08153332032940944,0.00696814453245789,0.018240468754831093,0.0050376830278029,1.870088286520595e-05,1.870088286520595e-05,0.0,0.998544341174378,1.918604132134261e-05,4.851584561366596e-07,0.9998670706616736,False
9.16,1,459,460,3.590478750000089,3.590478750000089,0.0,0.01930359375483112,0.01930359375483112,0.0900383203294095,0.08085779298445162,0.008031269532457867,0.01930359375483112,0.0050376830278029,1.8976048436501574e-05,1.8976048436501574e-05,0.0,0.9986515621841825,1.8927959327340308e-05,-4.808910916126639e-08,0.9998760107419129,False
9.18925,1,460,461,3.5996925000000903,3.5996925000000903,0.0,0.020455312504831222,0.020455312504831222,0.09007154298445244,0.08490541993697345,0.005166123047478995,0.020455312504831222,0.0050376830278029,1.7708257037815867e-05,1.7708257037815867e-05,0.0,0.9988206214022395,1.761391424733811e-05,-9.434279047775844e-08,0.9998925544017377,False
9.2055,1,461,462,3.60481125000009,3.60481125000009,0.0,0.021095156254831233,0.021095156254831233,0.09002416993697349,0.08421820313949453,0.005147666016228998,0.021095156254831233,0.0050376830278029,1.7392558572341625e-05,1.7392558572341625e-05,0.0,0.9981347642342623,1.738556047408037e-05,-6.9980982612560686e-09,0.9998301968010015,False
9.224,1,462,463,3.6106387500000903,3.6106387500000903,0.0,0.021823593754831252,0.021823593754831252,0.09004570313949459,0.08416959962326562,0.005511884766229007,0.021823593754831252,0.0050376830278029,1.8197950785672353e-05,1.8197950785672353e-05,0.0,0.9981570751641407,1.810509619195556e-05,-9.285459371679181e-08,0.9998322560681724,False
9.242750000000001,1,463,464,3.616545000000091,3.6165450000000905,-4.440892098500626e-16,0.022561875004831318,0.022561875004831318,0.09007584962326602,0.08346146485703702,0.005644775391229033,0.022561875004831318,0.0050376830278029,1.750773915503657e-05,1.750773915503657e-05,0.0,0.9982673325117292,1.7388424659441574e-05,-1.1931449559499536e-07,0.9998422332296123,False
9.26375,1,464,465,3.6231600000000905,3.6231600000000905,0.0,0.023388750004831323,0.023388750004831323,0.09007646485703685,0.08299942384080788,0.006058212891229035,0.023388750004831323,0.0050376830278029,1.734995022588963e-05,1.734995022588963e-05,0.0,0.9983265170016724,1.7102837527899304e-05,-2.471126979903267e-07,0.9998474833000419,False
9.286,1,465,466,3.6301687500000908,3.6301687500000908,0.0,0.024264843754831424,0.024264843754831424,0.09000817384080845,0.0820550390745794,0.006934306641229086,0.024264843754831424,0.0050376830278029,1.5098303077265987e-05,1.5098303077265987e-05,0.0,0.9984380927937745,1.4903713172699869e-05,-1.945899045661183e-07,0.9998574349128808,False
9.31125,1,466,467,3.638122500000091,3.638122500000091,0.0,0.025259062504831467,0.025259062504831467,0.09000878907457951,0.08166682618335047,0.007803632813707954,0.025259062504831467,0.0050376830278029,1.9074699966438883e-05,1.9074699966438883e-05,0.0,0.998633998506044,1.886597974785299e-05,-2.087202185858932e-07,0.9998750380883661,False
9.33775,1,467,468,3.6464700000000922,3.6464700000000922,0.0,0.026302500004831537,0.013151250002415769,0.09001432618335103,0.08062892579212191,0.008847070313708023,0.013151250002415769,0.0050376830278029,1.778298660372628e-05,1.778298660372628e-05,0.0,0.9987759276178447,1.785619631821319e-05,7.320971448690998e-08,0.9998872175727125,False
9.3675,1,468,469,3.6558412500000923,3.6558412500000923,0.0,0.014322656252415827,0.014322656252415827,0.09000017579212238,0.08492849122150778,0.005071684570614602,0.014322656252415827,0.0050376830278029,1.8812474029732414e-05,1.8812474029732414e-05,0.0,0.9989190928860517,1.879066634629191e-05,-2.1807683440503263e-08,0.9999016359348105,False
9.383750000000001,1,469,470,3.6609600000000926,3.6609600000000926,0.0,0.014962500002415838,0.014962500002415838,0.09004724122150783,0.08433571290089326,0.005391606445614608,0.014962500002415838,0.0050376830278029,1.8250677915845672e-05,1.8250677915845672e-05,0.0,0.9981038804544079,1.8258030207150848e-05,7.3522913051757754e-09,0.9998273534349489,False
9.40175,1,470,471,3.666630000000093,3.666630000000093,0.0,0.015671250002415902,0.015671250002415902,0.09000571290089368,0.08390535645527905,0.005932089844354074,0.015671250002415902,0.0050376830278029,1.875112324859631e-05,1.875112324859631e-05,0.0,0.998224707770437,1.8661198851983992e-05,-8.992439661231817e-08,0.999838312172391,False
9.42125,1,471,472,3.6727725000000926,3.6727725000000926,0.0,0.0164390625024159,0.0164390625024159,0.09004785645527891,0.08317968750966431,0.006315996094354074,0.0164390625024159,0.0050376830278029,1.760012427268155e-05,1.760012427268155e-05,0.0,0.9983834726438421,1.750494930480415e-05,-9.517496787740066e-08,0.9998526453315136,False
9.443,1,472,473,3.6796237500000935,3.6796237500000935,0.0,0.017295468752415978,0.017295468752415978,0.09003093750966473,0.08247462891531068,0.006495644531854116,0.017295468752415978,0.0050376830278029,1.6354214223196605e-05,1.6354214223196605e-05,0.0,0.9984898546034339,1.6224351007982214e-05,-1.2986321521439112e-07,0.9998621881709261,False
9.467,1,473,474,3.6871837500000932,3.6871837500000932,0.0,0.018240468752415993,0.018240468752415993,0.0900346289153106,0.08153332032095655,0.006968144531854124,0.018240468752415993,0.0050376830278029,1.6079880832407325e-05,1.6079880832407325e-05,0.0,0.9985443043478185,1.6690790728006257e-05,6.109098955989323e-07,0.9998670331898646,False
9.494,1,474,475,3.6956887500000937,3.6956887500000937,0.0,0.01930359375241609,0.01930359375241609,0.09003832032095715,0.08085779297660298,0.008031269531854169,0.01930359375241609,0.0050376830278029,1.8598090496444892e-05,1.8598090496444892e-05,0.0,0.9986515463458643,1.8771019991244846e-05,1.7292949479995329e-07,0.9998760022127847,False
9.52325,1,475,476,3.7049025000000944,3.7049025000000944,0.0,0.020455312502416122,0.020455312502416122,0.09007154297660325,0.08490541992942616,0.005166123047177103,0.020455312502416122,0.0050376830278029,1.804812674357212e-05,1.804812674357212e-05,0.0,0.9988206359001718,1.7940406250211674e-05,-1.0772049336044593e-07,0.9998925689608626,False
9.5395,1,476,477,3.7100212500000938,3.7100212500000938,0.0,0.021095156252416133,0.021095156252416133,0.09002416992942622,0.08421820313224913,0.005147666015927097,0.021095156252416133,0.0050376830278029,1.758838054564184e-05,1.758838054564184e-05,0.0,0.9981347665951421,1.7565475780939266e-05,-2.290476470257502e-08,0.9998301995880047,False
9.558,1,477,478,3.7158487500000947,3.7158487500000943,-4.440892098500626e-16,0.021823593752416222,0.021823593752416222,0.09004570313224974,0.08416959961632262,0.005511884765927141,0.021823593752416222,0.0050376830278029,1.83616422558138e-05,1.83616422558138e-05,0.0,0.9981570743848389,1.8312759725513633e-05,-4.888253030016859e-08,0.9998322567799354,False
9.57675,1,478,479,3.7217550000000945,3.721755000000094,-4.440892098500626e-16,0.02256187500241622,0.02256187500241622,0.09007584961632245,0.08346146485039535,0.0056447753909271495,0.02256187500241622,0.0050376830278029,1.763231677943677e-05,1.763231677943677e-05,0.0,0.9982673447123437,1.743584698443533e-05,-1.9646979500144034e-07,0.9998422443657409,False
9.59775,1,479,480,3.728370000000095,3.728370000000095,0.0,0.023388750002416293,0.023388750002416293,0.09007646485039575,0.08299942383446862,0.0060582128909271865,0.023388750002416293,0.0050376830278029,1.782265722005068e-05,1.782265722005068e-05,0.0,0.9983265335146614,1.7699740191456923e-05,-1.2291702859375703e-07,0.9998474987378966,False
9.620000000000001,1,480,481,3.735378750000095,3.735378750000095,0.0,0.024264843752416325,0.024264843752416325,0.09000817383446864,0.08205503906854153,0.006934306640927167,0.024264843752416325,0.0050376830278029,1.6183470952382406e-05,1.6183470952382406e-05,0.0,0.9984380964950992,1.5872598832870416e-05,-3.108721195119891e-07,0.9998574335454692,False
9.64525,1,481,482,3.7433325000000948,3.7433325000000948,0.0,0.025259062502416368,0.025259062502416368,0.09000878906854165,0.08166682617761448,0.007803632813104162,0.025259062502416368,0.0050376830278029,1.7851098407815814e-05,1.7851098407815814e-05,0.0,0.9986339512481723,1.83446044812341e-05,4.93506073418286e-07,0.9998749891706633,False
9.67175,1,482,483,3.7516800000000954,3.7516800000000954,0.0,0.026302500002416438,0.013151250001208219,0.09001432617761504,0.08062892578668782,0.008847070313104232,0.013151250001208219,0.0050376830278029,1.8055477570870473e-05,1.8055477570870473e-05,0.0,0.9987758718581254,1.786650538923645e-05,-1.889721816340228e-07,0.9998871647589594,False
9.7015,1,483,484,3.761051250000096,3.7610512500000963,4.440892098500626e-16,0.014322656251208278,0.014322656251208278,0.09000017578668829,0.08492849121622464,0.005071684570463643,0.014322656251208278,0.0050376830278029,1.891584899972243e-05,1.891584899972243e-05,0.0,0.9989191048891612,1.890339370155462e-05,-1.2455298167812193e-08,0.9999016476397249,False
9.71775,1,484,485,3.7661700000000957,3.7661700000000957,0.0,0.014962500001208289,0.014962500001208289,0.09004724121622468,0.08433571289576107,0.005391606445463649,0.014962500001208289,0.0050376830278029,1.8347815333655885e-05,1.8347815333655885e-05,0.0,0.9981038803222018,1.834746368108963e-05,-3.5165256625463806e-10,0.9998273542800853,False
9.73575,1,485,486,3.7718400000000964,3.7718400000000964,0.0,0.01567125000120835,0.01567125000120835,0.09000571289576148,0.08390535645029781,0.005932089844052179,0.01567125000120835,0.0050376830278029,1.891262040097036e-05,1.891262040097036e-05,0.0,0.9982247107873864,1.885507779947942e-05,-5.7542601490942556e-08,0.9998383170532369,False
9.75525,1,486,487,3.777982500000096,3.777982500000096,0.0,0.01643906250120835,0.01643906250120835,0.09004785645029767,0.08317968750483405,0.006315996094052178,0.01643906250120835,0.0050376830278029,1.7877339750400968e-05,1.7877339750400968e-05,0.0,0.9983834886399069,1.7776734452550427e-05,-1.0060529785054092e-07,0.9998526608526355,False
9.777000000000001,1,487,488,3.7848337500000966,3.784833750000097,4.440892098500626e-16,0.017295468751208427,0.017295468751208427,0.09003093750483446,0.0824746289107823,0.006495644531552221,0.017295468751208427,0.0050376830278029,1.691920554610039e-05,1.691920554610039e-05,0.0,0.9984898726061088,1.675489316441442e-05,-1.6431238168596897e-07,0.9998622036588757,False
9.801,1,488,489,3.7923937500000964,3.7923937500000964,0.0,0.018240468751208442,0.018240468751208442,0.09003462891078222,0.08153332031673007,0.006968144531552228,0.018240468751208442,0.0050376830278029,1.5210908277931196e-05,1.5210908277931196e-05,0.0,0.9985442752826507,1.5397774162506096e-05,1.8686588457490008e-07,0.9998670034265345,False
9.828,1,489,490,3.8008987500000972,3.8008987500000972,0.0,0.019303593751208537,0.019303593751208537,0.09003832031673067,0.08085779297267841,0.008031269531552273,0.019303593751208537,0.0050376830278029,1.8227685091309814e-05,1.8227685091309814e-05,0.0,0.9986514857138057,1.8268872301484766e-05,4.118721017495265e-08,0.9998759464488122,False
9.85725,1,490,491,3.8101125000000975,3.8101125000000975,0.0,0.02045531250120857,0.02045531250120857,0.09007154297267868,0.08490541992565252,0.0051661230470261554,0.02045531250120857,0.0050376830278029,1.8349827567613223e-05,1.8349827567613223e-05,0.0,0.9988206471777388,1.823642595542613e-05,-1.1340161218709345e-07,0.9998925822109967,False
9.8735,1,491,492,3.8152312500000978,3.8152312500000978,0.0,0.021095156251208582,0.021095156251208582,0.09002416992565257,0.08421820312862643,0.005147666015776149,0.021095156251208582,0.0050376830278029,1.7816344064506324e-05,1.7816344064506324e-05,0.0,0.9981347696022791,1.7793207475368527e-05,-2.313658913779648e-08,0.9998302038228466,False
9.892,1,492,493,3.8210587500000983,3.8210587500000983,0.0,0.02182359375120867,0.02182359375120867,0.09004570312862706,0.08416959961285087,0.005511884765776193,0.02182359375120867,0.0050376830278029,1.8431762207143606e-05,1.8431762207143606e-05,0.0,0.998157072389549,1.841041225639728e-05,-2.1349950746324376e-08,0.9998322557023064,False
9.91075,1,493,494,3.826965000000098,3.826965000000098,0.0,0.022561875001208667,0.022561875001208667,0.09007584961285071,0.08346146484707456,0.005644775390776202,0.022561875001208667,0.0050376830278029,1.7803895827462668e-05,1.7803895827462668e-05,0.0,0.9982673603973798,1.748149556024718e-05,-3.2240026721548845e-07,0.9998422590267074,False
9.931750000000001,1,494,495,3.833580000000098,3.833580000000098,0.0,0.02338875000120874,0.02338875000120874,0.09007646484707496,0.0829994238312988,0.006058212890776239,0.02338875000120874,0.0050376830278029,1.784568192968921e-05,1.784568192968921e-05,0.0,0.9983265449301093,1.7908073732052655e-05,6.239180236344505e-08,0.9998475104881688,False
9.954,1,495,496,3.8405887500000984,3.8405887500000984,0.0,0.024264843751208773,0.024264843751208773,0.0900081738312988,0.08205503906552264,0.006934306640776219,0.024264843751208773,0.0050376830278029,1.729254856677303e-05,1.729254856677303e-05,0.0,0.9984381143733745,1.693458262837687e-05,-3.579659383961604e-07,0.9998574477840809,False
9.97925,1,496,497,3.8485425000000983,3.848542500000099,4.440892098500626e-16,0.025259062501208816,0.025259062501208816,0.09000878906552276,0.08166682617474655,0.007803632812802274,0.025259062501208816,0.0050376830278029,1.5724183806720716e-05,1.5724183806720716e-05,0.0,0.9986339152131896,1.6164836140534675e-05,4.4065233381395934e-07,0.9998749520782123,False
10.00575,1,497,498,3.856890000000099,3.8568900000000994,4.440892098500626e-16,0.026302500001208887,0.013151250000604443,0.09001432617474711,0.08062892578397081,0.008847070312802343,0.013151250000604443,0.0050376830278029,1.896114009501581e-05,1.896114009501581e-05,0.0,0.9987758143551357,1.880063550234007e-05,-1.6050459267574014e-07,0.9998871063082573,False
10.0355,1,498,499,3.8662612500000995,3.8662612500001,4.440892098500626e-16,0.014322656250604502,0.014322656250604502,0.09000017578397128,0.0849284912135831,0.005071684570388169,0.014322656250604502,0.0050376830278029,1.900499675296332e-05,1.900499675296332e-05,0.0,0.9989191162393646,1.899787528672209e-05,-7.121466241228258e-09,0.9999016586860814,False
10.05175,1,499,500,3.8713800000000997,3.8713800000000997,0.0,0.014962500000604513,0.014962500000604513,0.09004724121358315,0.08433571289319501,0.0053916064453881744,0.014962500000604513,0.0050376830278029,1.8458019242918713e-05,1.8458019242918713e-05,0.0,0.9981038787927698,1.8455918724551343e-05,-2.100518367369967e-09,0.9998273536310074,False
10.06975,1,500,501,3.8770500000001,3.8770500000001,0.0,0.015671250000604577,0.015671250000604577,0.09000571289319544,0.08390535644780725,0.005932089843901234,0.015671250000604577,0.0050376830278029,1.9079331199910072e-05,1.9079331199910072e-05,0.0,0.9982247093254499,1.903612543055941e-05,-4.32057693506614e-08,0.9998383177559802,False
10.08925,1,501,502,3.8831925000001006,3.8831925000001006,0.0,0.016439062500604645,0.016439062500604645,0.09004785644780766,0.08317968750241944,0.006315996093901269,0.016439062500604645,0.0050376830278029,1.81661563178091e-05,1.81661563178091e-05,0.0,0.9983835063337747,1.8053247215835373e-05,-1.1290910197372884e-07,0.9998526788510942,False
10.111,1,502,503,3.8900437500001006,3.8900437500001006,0.0,0.017295468750604653,0.017295468750604653,0.09003093750241929,0.08247462890851807,0.006495644531401276,0.017295468750604653,0.0050376830278029,1.7457323560247743e-05,1.7457323560247743e-05,0.0,0.9984898863566037,1.729262114307515e-05,-1.6470241717259405e-07,0.999862216436882,False
10.135,1,503,504,3.897603750000101,3.897603750000101,0.0,0.018240468750604737,0.018240468750604737,0.09003462890851854,0.08153332031461727,0.006968144531401319,0.018240468750604737,0.0050376830278029,1.538254492834436e-05,1.538254492834436e-05,0.0,0.9985442569177476,1.5387079458578128e-05,4.5345302337677755e-09,0.9998669825724698,False
10.162,1,504,505,3.906108750000101,3.906108750000101,0.0,0.019303593750604763,0.019303593750604763,0.09003832031461734,0.08085779297071602,0.008031269531401293,0.019303593750604763,0.0050376830278029,1.9222703034472567e-05,1.9222703034472567e-05,0.0,0.9986514191882281,1.8928232748063375e-05,-2.9447028640919176e-07,0.9998758787131549,False
10.19125,1,505,506,3.915322500000101,3.915322500000101,0.0,0.020455312500604797,0.020455312500604797,0.09007154297071629,0.08490541992376563,0.0051661230469506655,0.020455312500604797,0.0050376830278029,1.878248916042409e-05,1.878248916042409e-05,0.0,0.9988206492554088,1.8760850635281143e-05,-2.163852514294848e-08,0.9998925917609817,False
10.2075,1,506,507,3.920441250000102,3.920441250000102,0.0,0.021095156250604877,0.021095156250604877,0.09002416992376625,0.08421820312681554,0.005147666015700712,0.021095156250604877,0.0050376830278029,1.8121210295970062e-05,1.8121210295970062e-05,0.0,0.9981347732332517,1.811923359437306e-05,-1.9767015970026044e-09,0.9998302108304689,False
10.226,1,507,508,3.9262687500001014,3.9262687500001014,0.0,0.021823593750604896,0.021823593750604896,0.09004570312681559,0.0841695996111149,0.0055118847657007215,0.021823593750604896,0.0050376830278029,1.8557460527778373e-05,1.8557460527778373e-05,0.0,0.9981570746153262,1.8524729620666924e-05,-3.2730907111448476e-08,0.9998322583171746,False
10.24475,1,508,509,3.932175000000102,3.932175000000102,0.0,0.022561875000604963,0.022561875000604963,0.09007584961111531,0.0834614648454146,0.005644775390700746,0.022561875000604963,0.0050376830278029,1.8604269742316428e-05,1.8604269742316428e-05,0.0,0.9982673774140188,1.8240179824404534e-05,-3.6408991791189385e-07,0.9998422783622717,False
10.26575,1,509,510,3.938790000000102,3.938790000000102,0.0,0.023388750000604967,0.023388750000604967,0.09007646484541443,0.08299942382971373,0.006058212890700749,0.023388750000604967,0.0050376830278029,1.8209523353026384e-05,1.8209523353026384e-05,0.0,0.9983265450405635,1.8373735352367243e-05,1.6421199934085967e-07,0.999847510823155,False
10.288,1,510,511,3.945798750000102,3.945798750000102,0.0,0.024264843750605,0.024264843750605,0.09000817382971374,0.08205503906401306,0.006934306640700729,0.024264843750605,0.0050376830278029,1.8280854882863807e-05,1.8280854882863807e-05,0.0,0.9984381346145946,1.793560654683262e-05,-3.452483360311866e-07,0.9998574671411009,False
10.31325,1,511,512,3.9537525000001024,3.9537525000001024,0.0,0.025259062500605042,0.025259062500605042,0.09000878906401318,0.08166682617331247,0.00780363281265133,0.025259062500605042,0.0050376830278029,1.5132088806834098e-05,1.5132088806834098e-05,0.0,0.9986338926640022,1.5237866955963047e-05,1.0577814912894906e-07,0.9998749281143874,False
10.33975,1,512,513,3.9621000000001025,3.9621000000001025,0.0,0.026302500000605113,0.013151250000302556,0.09001432617331304,0.08062892578261227,0.0088470703126514,0.013151250000302556,0.0050376830278029,1.794017138122695e-05,1.794017138122695e-05,0.0,0.9987757702113252,1.8375417154223866e-05,4.352457729969164e-07,0.9998870615782268,False
10.3695,1,513,514,3.971471250000103,3.971471250000103,0.0,0.014322656250302615,0.014322656250302615,0.09000017578261274,0.08492849121226231,0.005071684570350424,0.014322656250302615,0.0050376830278029,1.9069339352706488e-05,1.9069339352706488e-05,0.0,0.9989191273205099,1.9070721032937135e-05,1.381680230646366e-09,0.9999016689813515,False
10.38575,1,514,515,3.9765900000001038,3.9765900000001038,0.0,0.014962500000302695,0.014962500000302695,0.09004724121226293,0.08433571289191247,0.005391606445350464,0.014962500000302695,0.0050376830278029,1.8560832922548463e-05,1.8560832922548463e-05,0.0,0.998103875980856,1.8561192932088946e-05,3.600095404825295e-10,0.9998273514152156,False
10.40375,1,515,516,3.9822600000001036,3.9822600000001036,0.0,0.01567125000030269,0.01567125000030269,0.09000571289191232,0.08390535644656191,0.0059320898438257625,0.01567125000030269,0.0050376830278029,1.9118628327181614e-05,1.9118628327181614e-05,0.0,0.9982247041665905,1.9107590451788542e-05,-1.1037875393072249e-08,0.9998383146355081,False
10.42325,1,516,517,3.988402500000104,3.988402500000104,0.0,0.01643906250030276,0.01643906250030276,0.09004785644656232,0.08317968750121188,0.006315996093825797,0.01643906250030276,0.0050376830278029,1.8397142468088772e-05,1.8397142468088772e-05,0.0,0.9983835237912211,1.826842739979398e-05,-1.2871506829479135e-07,0.9998526971429265,False
10.445,1,517,518,3.9952537500001037,3.9952537500001037,0.0,0.017295468750302766,0.017295468750302766,0.09003093750121174,0.082474628907386,0.006495644531325805,0.017295468750302766,0.0050376830278029,1.787184790249546e-05,1.787184790249546e-05,0.0,0.9984898995677535,1.7745667628880843e-05,-1.2618027361461777e-07,0.9998622290766814,False
10.469,1,518,519,4.002813750000104,4.002813750000104,0.0,0.01824046875030285,0.01824046875030285,0.09003462890738648,0.08153332031356067,0.006968144531325847,0.01824046875030285,0.0050376830278029,1.5855627940845036e-05,1.5855627940845036e-05,0.0,0.9985442512698792,1.5791569453497044e-05,-6.405848734799229e-08,0.9998669729514396,False
10.496,1,519,520,4.011318750000104,4.011318750000104,0.0,0.019303593750302876,0.019303593750302876,0.09003832031356072,0.0808577929697349,0.008031269531325822,0.019303593750302876,0.0050376830278029,1.9237766608979217e-05,1.9237766608979217e-05,0.0,0.9986513728347038,1.947163703191608e-05,2.338704229368617e-07,0.9998758300486934,False
10.52525,1,520,521,4.0205325000001055,4.020532500000105,-8.881784197001252e-16,0.02045531250030298,0.02045531250030298,0.09007154296973573,0.08490541992282276,0.005166123046912965,0.02045531250030298,0.0050376830278029,1.8503656280985877e-05,1.8503656280985877e-05,0.0,0.9988206064508727,1.856958453304861e-05,6.592825206273303e-08,0.9998925541790101,False
10.541500000000001,1,521,522,4.025651250000106,4.025651250000106,0.0,0.02109515625030299,0.02109515625030299,0.0900241699228228,0.08421820312590986,0.005147666015662976,0.02109515625030299,0.0050376830278029,1.8177644527172355e-05,1.8177644527172355e-05,0.0,0.9981347462131015,1.8218266376527157e-05,4.062184935480181e-08,0.9998301877649081,False
10.56,1,522,523,4.0314787500001055,4.0314787500001055,0.0,0.02182359375030301,0.02182359375030301,0.09004570312590993,0.08416959961024698,0.005511884765662985,0.02182359375030301,0.0050376830278029,1.8770158136898004e-05,1.8770158136898004e-05,0.0,0.9981570758086671,1.8736709317825906e-05,-3.344881907209831e-08,0.9998322614629692,False
10.57875,1,523,524,4.037385000000105,4.037385000000105,0.0,0.022561875000303076,0.022561875000303076,0.0900758496102474,0.08346146484458442,0.005644775390663011,0.022561875000303076,0.0050376830278029,1.9165964378515562e-05,1.9165964378515562e-05,0.0,0.9982673899148337,1.8799292320578812e-05,-3.666720579367498e-07,0.9998422929510458,False
10.59975,1,524,525,4.044000000000105,4.044000000000105,0.0,0.02338875000030308,0.02338875000030308,0.09007646484458426,0.0829994238289213,0.006058212890663013,0.02338875000030308,0.0050376830278029,1.8057145307503795e-05,1.8057145307503795e-05,0.0,0.9983265490877321,1.8377901687424027e-05,3.2075637992023164e-07,0.9998475146426062,False
10.622,1,525,526,4.051008750000106,4.051008750000106,0.0,0.024264843750303182,0.024264843750303182,0.09000817382892184,0.08205503906325884,0.006934306640663064,0.024264843750303182,0.0050376830278029,1.8857642412494212e-05,1.8857642412494212e-05,0.0,0.9984381510035364,1.8684526064351293e-05,-1.731163481429187e-07,0.9998574836064581,False
10.64725,1,526,527,4.058962500000106,4.058962500000106,0.0,0.025259062500303225,0.025259062500303225,0.09000878906325896,0.08166682617259591,0.007803632812575893,0.025259062500303225,0.0050376830278029,1.5529434954274258e-05,1.5529434954274258e-05,0.0,0.9986338804957191,1.5424168377110052e-05,-1.0526657716420566e-07,0.9998749130614554,False
10.67375,1,527,528,4.067310000000106,4.067310000000106,0.0,0.026302500000303226,0.013151250000151613,0.09001432617259592,0.0806289257819329,0.008847070312575894,0.013151250000151613,0.0050376830278029,1.5845932121167912e-05,1.5845932121167912e-05,0.0,0.9987757377734281,1.62001822970347e-05,3.5425017586678865e-07,0.9998870292365,False
10.7035,1,528,529,4.076681250000107,4.076681250000107,0.0,0.014322656250151672,0.014322656250151672,0.09000017578193337,0.0849284912116018,0.005071684570331557,0.014322656250151672,0.0050376830278029,1.910427332420211e-05,1.910427332420211e-05,0.0,0.998919143186907,1.9094123734863227e-05,-1.0149589338882966e-08,0.9999016835523357,False
10.71975,1,529,530,4.081800000000108,4.081800000000108,0.0,0.014962500000151752,0.014962500000151752,0.0900472412116024,0.08433571289127081,0.005391606445331597,0.014962500000151752,0.0050376830278029,1.8650533256239956e-05,1.8650533256239956e-05,0.0,0.9981038733534596,1.8653133359207994e-05,2.6001029680378866e-09,0.9998273489289633,False
10.73775,1,530,531,4.087470000000108,4.087470000000108,0.0,0.015671250000151744,0.015671250000151744,0.09000571289127068,0.08390535644593913,0.005932089843788009,0.015671250000151744,0.0050376830278029,1.9157290643627715e-05,1.9157290643627715e-05,0.0,0.9982246944306036,1.9178964197958636e-05,2.1673554330920244e-08,0.9998383067904164,False
10.75725,1,531,532,4.093612500000107,4.093612500000107,0.0,0.016439062500151813,0.016439062500151813,0.09004785644593954,0.08317968750060797,0.006315996093788043,0.016439062500151813,0.0050376830278029,1.8449253472926824e-05,1.8449253472926824e-05,0.0,0.9983835421998568,1.8199668328426844e-05,-2.495851444999794e-07,0.9998527166889595,False
10.779,1,532,533,4.100463750000108,4.100463750000108,0.0,0.01729546875015189,0.01729546875015189,0.09003093750060838,0.08247462890682034,0.0064956445312880865,0.01729546875015189,0.0050376830278029,1.826330241952474e-05,1.826330241952474e-05,0.0,0.9984899075780486,1.8247238458930163e-05,-1.6063960594576754e-08,0.9998622367592371,False
10.803,1,533,534,4.108023750000108,4.108023750000108,0.0,0.018240468750151905,0.018240468750151905,0.09003462890682024,0.08153332031303218,0.006968144531288094,0.018240468750151905,0.0050376830278029,1.637969141006093e-05,1.637969141006093e-05,0.0,0.9985442600020021,1.6246447321098474e-05,-1.3324408896245527e-07,0.9998669778884512,False
10.83,1,534,535,4.116528750000108,4.116528750000109,8.881784197001252e-16,0.01930359375015193,0.01930359375015193,0.09003832031303224,0.08085779296924417,0.00803126953128807,0.01930359375015193,0.0050376830278029,1.6919998566081424e-05,1.6919998566081424e-05,0.0,0.9986513387880511,1.7570982439406682e-05,6.509838733252577e-07,0.9998757958771458,False
10.85925,1,535,536,4.12574250000011,4.12574250000011,0.0,0.020455312500152034,0.020455312500152034,0.090071542969245,0.08490541992235091,0.0051661230468940875,0.020455312500152034,0.0050376830278029,1.859367496445161e-05,1.859367496445161e-05,0.0,0.9988205502057337,1.8575184874113167e-05,-1.84900903384415e-08,0.9998924962070969,False
10.8755,1,536,537,4.130861250000109,4.130861250000109,0.0,0.021095156250152045,0.021095156250152045,0.09002416992235096,0.0842182031254569,0.005147666015644082,0.021095156250152045,0.0050376830278029,1.7988491850277332e-05,1.7988491850277332e-05,0.0,0.9981346977140948,1.8047018603219122e-05,5.852675294179053e-08,0.9998301400686324,False
10.894,1,537,538,4.1366887500001095,4.1366887500001095,0.0,0.021823593750152064,0.021823593750152064,0.09004570312545697,0.0841695996098129,0.005511884765644091,0.021823593750152064,0.0050376830278029,1.887785017527508e-05,1.887785017527508e-05,0.0,0.9981570612383956,1.8899965339598744e-05,2.2115164323665393e-08,0.9998322503303014,False
10.91275,1,538,539,4.14259500000011,4.14259500000011,0.0,0.02256187500015213,0.02256187500015213,0.09007584960981331,0.08346146484416922,0.0056447753906441345,0.02256187500015213,0.0050376830278029,1.9810085291878403e-05,1.9810085291878403e-05,0.0,0.9982674121380537,1.9254061940650528e-05,-5.560233512278755e-07,0.9998423135745202,False
10.93375,1,539,540,4.14921000000011,4.14921000000011,0.0,0.023388750000152204,0.023388750000152204,0.09007646484416962,0.08299942382852549,0.006058212890644172,0.023388750000152204,0.0050376830278029,1.758695428879524e-05,1.758695428879524e-05,0.0,0.9983265602898805,1.806052752572599e-05,4.7357323693074935e-07,0.999847524643566,False
10.956,1,540,541,4.15621875000011,4.15621875000011,0.0,0.024264843750152237,0.024264843750152237,0.0900081738285255,0.08205503906288136,0.006934306640644152,0.024264843750152237,0.0050376830278029,1.8742393260923362e-05,1.8742393260923362e-05,0.0,0.9984381653085416,1.8919506722363633e-05,1.7711346144027077e-07,0.9998574973893002,False
10.981250000000001,1,541,542,4.16417250000011,4.16417250000011,0.0,0.02525906250015228,0.02525906250015228,0.09000878906288148,0.08166682617223733,0.007803632812538157,0.02525906250015228,0.0050376830278029,1.6239673858294216e-05,1.6239673858294216e-05,0.0,0.9986338784115066,1.6081273477221535e-05,-1.5840038107268098e-07,0.9998749075423751,False
11.00775,1,542,543,4.172520000000111,4.172520000000111,0.0,0.02630250000015235,0.013151250000076175,0.0900143261722379,0.08062892578159367,0.008847070312538226,0.013151250000076175,0.0050376830278029,1.5727555255935022e-05,1.5727555255935022e-05,0.0,0.9987757176447166,1.566644468146145e-05,-6.111057447357333e-08,0.9998870074949292,False
11.0375,1,543,544,4.1818912500001115,4.1818912500001115,0.0,0.014322656250076234,0.014322656250076234,0.09000017578159414,0.084928491211272,0.005071684570322136,0.014322656250076234,0.0050376830278029,1.9330126824897684e-05,1.9330126824897684e-05,0.0,0.9989191630223775,1.93009087162354e-05,-2.921810866228459e-08,0.9999017040340239,False
11.05375,1,544,545,4.187010000000111,4.187010000000111,0.0,0.014962500000076245,0.014962500000076245,0.09004724121127206,0.08433571289094993,0.005391606445322141,0.014962500000076245,0.0050376830278029,1.8736647131306093e-05,1.8736647131306093e-05,0.0,0.9981038734168983,1.873796102739642e-05,1.3138960903257945e-09,0.9998273489246594,False
11.07175,1,545,546,4.192680000000111,4.192680000000111,0.0,0.015671250000076308,0.015671250000076308,0.09000571289095036,0.0839053564456282,0.005932089843769176,0.015671250000076308,0.0050376830278029,1.912165108230944e-05,1.912165108230944e-05,0.0,0.9982246824499602,1.9176021220991497e-05,5.437013868205692e-08,0.9998382961362164,False
11.09125,1,546,547,4.198822500000111,4.198822500000111,0.0,0.016439062500076308,0.016439062500076308,0.09004785644562806,0.08317968750030594,0.0063159960937691755,0.016439062500076308,0.0050376830278029,1.927404721964385e-05,1.927404721964385e-05,0.0,0.9983835503473426,1.8969520571810957e-05,-3.0452664783289343e-07,0.9998527290424499,False
11.113,1,547,548,4.205673750000112,4.205673750000112,0.0,0.017295468750076384,0.017295468750076384,0.09003093750030636,0.0824746289065372,0.006495644531269218,0.017295468750076384,0.0050376830278029,1.8725969858647807e-05,1.8725969858647807e-05,0.0,0.9984899078289996,1.8806957460957726e-05,8.098760230991863e-08,0.9998622368840037,False
11.137,1,548,549,4.213233750000112,4.213233750000112,0.0,0.0182404687500764,0.0182404687500764,0.09003462890653711,0.08153332031276797,0.0069681445312692256,0.0182404687500764,0.0050376830278029,1.699806866248248e-05,1.699806866248248e-05,0.0,0.9985442732024871,1.673615246571878e-05,-2.6191619676370256e-07,0.9998669892513601,False
11.164,1,549,550,4.221738750000112,4.221738750000112,0.0,0.019303593750076495,0.019303593750076495,0.09003832031276858,0.08085779296899931,0.00803126953126927,0.019303593750076495,0.0050376830278029,1.5591640367724725e-05,1.5591640367724725e-05,0.0,0.9986513105684188,1.583819138217788e-05,2.4655101445315486e-07,0.999875768197399,False
11.19325,1,550,551,4.230952500000113,4.230952500000113,0.0,0.02045531250007653,0.02045531250007653,0.09007154296899958,0.08490541992211492,0.005166123046884654,0.02045531250007653,0.0050376830278029,1.7571444174865472e-05,1.7571444174865472e-05,0.0,0.9988205177150993,1.773291256421621e-05,1.614683893507365e-07,0.9998924629678692,False
11.2095,1,551,552,4.236071250000112,4.236071250000112,0.0,0.02109515625007654,0.02109515625007654,0.09002416992211497,0.08421820312523035,0.005147666015634648,0.02109515625007654,0.0050376830278029,1.762377537398054e-05,1.762377537398054e-05,0.0,0.9981346616102215,1.7668534391062035e-05,4.4759017081494594e-08,0.9998301022973871,False
11.228,1,552,553,4.241898750000113,4.241898750000113,0.0,0.021823593750076628,0.021823593750076628,0.09004570312523097,0.08416959960959627,0.005511884765634692,0.021823593750076628,0.0050376830278029,1.8684471813081062e-05,1.8684471813081062e-05,0.0,0.9981570273130069,1.8771122490103015e-05,8.665067702195262e-08,0.9998322183945051,False
11.24675,1,553,554,4.247805000000113,4.247805000000113,0.0,0.022561875000076625,0.022561875000076625,0.09007584960959612,0.08346146484396147,0.0056447753906347,0.022561875000076625,0.0050376830278029,2.078326598922956e-05,2.078326598922956e-05,0.0,0.9982674383170633,2.0155557443350268e-05,-6.27708545879293e-07,0.9998423429412263,False
11.26775,1,554,555,4.254420000000113,4.254420000000113,0.0,0.0233887500000767,0.0233887500000767,0.09007646484396187,0.0829994238283272,0.006058212890634737,0.0233887500000767,0.0050376830278029,1.7221035968149022e-05,1.7221035968149022e-05,0.0,0.9983265647834529,1.7771216802937568e-05,5.501808347885461e-07,0.9998475276425398,False
11.290000000000001,1,555,556,4.261428750000114,4.261428750000114,0.0,0.02426484375007673,0.02426484375007673,0.09000817382832721,0.08205503906269254,0.0069343066406347175,0.02426484375007673,0.0050376830278029,1.8202203203116032e-05,1.8202203203116032e-05,0.0,0.9984381760617148,1.8616911234533572e-05,4.1470803141753943e-07,0.9998575068641987,False
11.31525,1,556,557,4.2693825000001135,4.2693825000001135,0.0,0.025259062500076774,0.025259062500076774,0.09000878906269266,0.08166682617205794,0.007803632812519263,0.025259062500076774,0.0050376830278029,1.673406502772267e-05,1.673406502772267e-05,0.0,0.9986338830899263,1.66016512196633e-05,-1.3241380805937013e-07,0.9998749095941598,False
11.341750000000001,1,557,558,4.277730000000114,4.277730000000114,0.0,0.026302500000076844,0.013151250000038422,0.0900143261720585,0.08062892578142372,0.008847070312519334,0.013151250000038422,0.0050376830278029,1.6550256905251117e-05,1.6550256905251117e-05,0.0,0.9987757128519414,1.641139973893614e-05,-1.3885716631497545e-07,0.9998869991116236,False
11.371500000000001,1,558,559,4.287101250000115,4.287101250000115,0.0,0.01432265625003848,0.01432265625003848,0.09000017578142419,0.08492849121110677,0.005071684570317418,0.01432265625003848,0.0050376830278029,1.9215127056776007e-05,1.9215127056776007e-05,0.0,0.9989191762241498,1.9259190830188118e-05,4.4063773412110236e-08,0.9999017187124184,False
11.38775,1,559,560,4.292220000000114,4.292220000000114,0.0,0.014962500000038492,0.014962500000038492,0.09004724121110683,0.08433571289078942,0.005391606445317424,0.014962500000038492,0.0050376830278029,1.8844635241763676e-05,1.8844635241763676e-05,0.0,0.9981038741171019,1.884045103795836e-05,-4.184203805314326e-09,0.9998273496539646,False
11.40575,1,560,561,4.297890000000114,4.297890000000115,8.881784197001252e-16,0.015671250000038554,0.015671250000038554,0.09000571289078985,0.0839053564454724,0.005932089843759729,0.015671250000038554,0.0050376830278029,1.9059729226579388e-05,1.9059729226579388e-05,0.0,0.9982246694801761,1.913671696552421e-05,7.698773894482169e-08,0.9998382842052828,False
11.42525,1,561,562,4.304032500000115,4.304032500000115,0.0,0.016439062500038553,0.016439062500038553,0.09004785644547225,0.08317968750015486,0.006315996093759729,0.016439062500038553,0.0050376830278029,2.0046727515179963e-05,2.0046727515179963e-05,0.0,0.9983835527830621,1.9638463988013813e-05,-4.082635271661501e-07,0.9998527364119593,False
11.447000000000001,1,562,563,4.310883750000116,4.310883750000116,0.0,0.01729546875003863,0.01729546875003863,0.09003093750015527,0.08247462890639556,0.0064956445312597715,0.01729546875003863,0.0050376830278029,1.9019041651616203e-05,1.9019041651616203e-05,0.0,0.9984899091148103,1.919021221894037e-05,1.7117056732416608e-07,0.9998622375667963,False
11.471,1,563,564,4.318443750000116,4.318443750000116,0.0,0.018240468750038645,0.018240468750038645,0.09003462890639548,0.08153332031263577,0.006968144531259779,0.018240468750038645,0.0050376830278029,1.7996789011024425e-05,1.7996789011024425e-05,0.0,0.9985442901947071,1.7599916164102203e-05,-3.968728469222227e-07,0.9998670058661795,False
11.498000000000001,1,564,565,4.326948750000115,4.326948750000115,0.0,0.01930359375003874,0.01930359375003874,0.0900383203126364,0.08085779296887656,0.008031269531259825,0.01930359375003874,0.0050376830278029,1.577760034120092e-05,1.577760034120092e-05,0.0,0.9986512877479202,1.570904407402749e-05,-6.855626717343035e-08,0.9998757440646003,False
11.52725,1,565,566,4.336162500000116,4.336162500000116,0.0,0.020455312500038774,0.020455312500038774,0.09007154296887683,0.0849054199219969,0.00516612304687993,0.020455312500038774,0.0050376830278029,1.7408966884190225e-05,1.7408966884190225e-05,0.0,0.9988204853814532,1.7350861930399512e-05,-5.810495379071287e-08,0.9998924308176846,False
11.5435,1,566,567,4.341281250000117,4.341281250000117,0.0,0.021095156250038855,0.021095156250038855,0.09002416992199752,0.08421820312511755,0.0051476660156299595,0.021095156250038855,0.0050376830278029,1.7661460914286734e-05,1.7661460914286734e-05,0.0,0.9981346373155406,1.7658084175638393e-05,-3.3767386483409814e-09,0.9998300754335655,False
11.562,1,567,568,4.3471087500001175,4.3471087500001175,0.0,0.021823593750038874,0.021823593750038874,0.09004570312511762,0.08416959960948767,0.005511884765629969,0.021823593750038874,0.0050376830278029,1.8300446498436583e-05,1.8300446498436583e-05,0.0,0.9981569932120374,1.8436699619830484e-05,1.362531213939012e-07,0.9998321843057804,False
11.58075,1,568,569,4.353015000000116,4.353015000000116,0.0,0.02256187500003887,0.02256187500003887,0.0900758496094875,0.08346146484385762,0.0056447753906299775,0.02256187500003887,0.0050376830278029,2.0961254022916466e-05,2.0961254022916466e-05,0.0,0.9982674036529917,2.1331940346579588e-05,3.706863236631219e-07,0.9998423309805452,False
11.601750000000001,1,569,570,4.3596300000001165,4.3596300000001165,0.0,0.023388750000038944,0.023388750000038944,0.09007646484385802,0.08299942382822807,0.0060582128906300145,0.023388750000038944,0.0050376830278029,1.7100130365158246e-05,1.7100130365158246e-05,0.0,0.9983265614172885,1.770675223420436e-05,6.066218690461132e-07,0.9998475238943842,False
11.624,1,570,571,4.366638750000117,4.366638750000117,0.0,0.024264843750038977,0.024264843750038977,0.09000817382822808,0.08205503906259815,0.006934306640629995,0.024264843750038977,0.0050376830278029,1.703391711577411e-05,1.703391711577411e-05,0.0,0.9984382010106613,1.7591979438998748e-05,5.580623232246387e-07,0.9998575285130736,False
11.64925,1,571,572,4.374592500000118,4.374592500000118,0.0,0.02525906250003902,0.02525906250003902,0.09000878906259827,0.08166682617196827,0.007803632812509825,0.02525906250003902,0.0050376830278029,1.699866273237665e-05,1.699866273237665e-05,0.0,0.9986338863494305,1.6904202755743428e-05,-9.44599766332217e-08,0.9998749115330636,False
11.67575,1,572,573,4.382940000000118,4.382940000000119,8.881784197001252e-16,0.02630250000003909,0.013151250000019545,0.09001432617196883,0.08062892578133876,0.008847070312509895,0.013151250000019545,0.0050376830278029,1.7165652012495836e-05,1.7165652012495836e-05,0.0,0.9987757284544226,1.7130333846718147e-05,-3.531816577768894e-08,0.9998870107462217,False
11.7055,1,573,574,4.392311250000118,4.392311250000118,0.0,0.014322656250019604,0.014322656250019604,0.09000017578133923,0.08492849121102418,0.005071684570315057,0.014322656250019604,0.0050376830278029,1.9317896253999464e-05,1.9317896253999464e-05,0.0,0.9989191851054925,1.9324566912536365e-05,6.670658536900672e-09,0.9999017281712023,False
11.72175,1,574,575,4.397430000000119,4.397430000000119,0.0,0.014962500000019615,0.014962500000019615,0.09004724121102423,0.08433571289070921,0.005391606445315063,0.014962500000019615,0.0050376830278029,1.8947368771738488e-05,1.8947368771738488e-05,0.0,0.9981038735556733,1.8942587490291284e-05,-4.781281447203441e-09,0.9998273490112017,False
11.73975,1,575,576,4.403100000000119,4.403100000000119,0.0,0.015671250000019676,0.015671250000019676,0.09000571289070962,0.08390535644539454,0.00593208984375501,0.015671250000019676,0.0050376830278029,1.899605087285017e-05,1.899605087285017e-05,0.0,0.9982246558491218,1.90966901501849e-05,1.0063927733473175e-07,0.9998382708392917,False
11.75925,1,576,577,4.4092425000001185,4.4092425000001185,0.0,0.016439062500019745,0.016439062500019745,0.09004785644539495,0.08317968750007984,0.0063159960937550445,0.016439062500019745,0.0050376830278029,2.0304457178621902e-05,2.0304457178621902e-05,0.0,0.9983835420591514,2.0258954915485337e-05,-4.5502263136565515e-08,0.9998527278037743,False
11.781,1,577,578,4.416093750000119,4.416093750000119,0.0,0.017295468750019753,0.017295468750019753,0.09003093750007969,0.0824746289063247,0.006495644531255052,0.017295468750019753,0.0050376830278029,1.9295602569536352e-05,1.9295602569536352e-05,0.0,0.9984899069231433,1.9520311282688383e-05,2.2470871315203087e-07,0.9998622349383721,False
11.805,1,578,579,4.42365375000012,4.42365375000012,0.0,0.018240468750019837,0.018240468750019837,0.09003462890632517,0.08153332031257012,0.0069681445312550945,0.018240468750019837,0.0050376830278029,1.902327301697418e-05,1.902327301697418e-05,0.0,0.9985443032630174,1.863205252963351e-05,-3.912204873406691e-07,0.9998670187919042,False
11.832,1,579,580,4.43215875000012,4.43215875000012,0.0,0.019303593750019863,0.019303593750019863,0.09003832031257018,0.08085779296881511,0.00803126953125507,0.019303593750019863,0.0050376830278029,1.6378836698109646e-05,1.6378836698109646e-05,0.0,0.9986512760837808,1.622558938679807e-05,-1.532473113115767e-07,0.9998757298762575,False
11.86125,1,580,581,4.44137250000012,4.44137250000012,0.0,0.020455312500019897,0.020455312500019897,0.09007154296881538,0.08490541992193783,0.005166123046877553,0.020455312500019897,0.0050376830278029,1.7795514293005692e-05,1.7795514293005692e-05,0.0,0.9988204686744233,1.7753376966415647e-05,-4.213732659004492e-08,0.9998924108298562,False
11.8775,1,581,582,4.44649125000012,4.44649125000012,0.0,0.021095156250019977,0.021095156250019977,0.09002416992193843,0.08421820312506084,0.0051476660156275994,0.021095156250019977,0.0050376830278029,1.7825163684286407e-05,1.7825163684286407e-05,0.0,0.9981346343306233,1.7822427008064568e-05,-2.7366762218392483e-09,0.9998300686209995,False
11.896,1,582,583,4.452318750000121,4.452318750000121,0.0,0.021823593750019996,0.021823593750019996,0.0900457031250609,0.08416959960943332,0.005511884765627609,0.021823593750019996,0.0050376830278029,1.7938074226784343e-05,1.7938074226784343e-05,0.0,0.9981569670602999,1.807990853800335e-05,1.41834311219006e-07,0.9998321587463138,False
11.91475,1,583,584,4.458225000000121,4.458225000000121,0.0,0.022561875000020062,0.022561875000020062,0.09007584960943373,0.08346146484380612,0.005644775390627635,0.022561875000020062,0.0050376830278029,3.657620738051734e-05,3.657620738051734e-05,0.0,0.9982673427175452,1.975721446804932e-05,-1.681899291246802e-05,0.9998422607279923,False
11.93575,1,584,585,4.4648400000001205,4.464840000000121,8.881784197001252e-16,0.023388750000020067,0.023388750000020067,0.09007646484380596,0.08299942382817838,0.006058212890627637,0.023388750000020067,0.0050376830278029,1.704606681534622e-05,1.704606681534622e-05,0.0,0.9983265783680455,1.750295803311114e-05,4.568912177649212e-07,0.9998475379971209,False
11.958,1,585,586,4.47184875000012,4.47184875000012,0.0,0.0242648437500201,0.0242648437500201,0.09000817382817838,0.08205503906255081,0.006934306640627617,0.0242648437500201,0.0050376830278029,1.6616977521038474e-05,1.6616977521038474e-05,0.0,0.9984382074139968,1.7192291245707507e-05,5.753137246690328e-07,0.999857533326981,False
11.98325,1,586,587,4.479802500000121,4.479802500000121,0.0,0.025259062500020142,0.025259062500020142,0.09000878906255093,0.08166682617192335,0.007803632812505105,0.025259062500020142,0.0050376830278029,1.742945649513788e-05,1.742945649513788e-05,0.0,0.9986338993274619,1.7357367713929825e-05,-7.208878120805456e-08,0.9998749240253284,False
