time,inserted_nodes,node_count_before,node_count_after,rest_length_before,rest_length_after,rest_length_error,tail_rest_length_before,tail_rest_length_after,payout_buffer_rest_length_before,payout_buffer_rest_length_after,payout_buffer_min_rest_length_after,payout_buffer_max_rest_length_after,minimum_physical_rest_length_after,peak_tension_before,peak_tension_after,peak_tension_jump,minimum_geometric_ratio_after,peak_tension_post_step,peak_tension_post_step_jump,minimum_standard_ratio_post_step,remeshed_in_same_step
0.52675,1,103,104,1.0300075364215415,1.0300075364215415,0.0,0.011250942052692697,0.011250942052692697,0.09000753642154158,0.08438206539519523,0.005625471026346349,0.011250942052692697,0.005625471026346349,0.0039031403417360533,0.0039031403417360533,0.0,0.9998609837152678,0.03860618854372213,0.034703048201986074,1.0000006398197614,False
0.6165,1,104,105,1.0356261547712753,1.035626154771275,-2.220446049250313e-16,0.011953269346409405,0.011953269346409405,0.0900006837449289,0.08367288542486584,0.005976634673204703,0.011953269346409405,0.005625471026346349,0.0027068807757222374,0.0027068807757222374,0.0,0.9996469349033976,0.026533796116428175,0.023826915340705936,0.9999990236910083,False
0.69625,1,105,106,1.0419749670989973,1.0419749670989973,0.0,0.012746870887374669,0.012746870887374669,0.09002169775258796,0.08325146153841799,0.0063734354436873345,0.012746870887374669,0.005625471026346349,0.0021400456744464316,0.0021400456744464316,0.0,0.9995883542707273,0.020901745750123785,0.018761700075677352,0.9999939928309639,False
0.767,1,106,107,1.0487457321161402,1.0487457321161404,2.220446049250313e-16,0.013593216514517555,0.013593216514517555,0.09002222655556105,0.08240564471424819,0.006796608257258778,0.013593216514517555,0.005625471026346349,0.0019263610022525344,0.0019263610022525344,0.0,0.9995438749239113,0.01960933138588618,0.01768297038363365,0.9999912913804067,False
0.8355,1,107,108,1.056365579159506,1.056365579159506,0.0,0.014545697394938235,0.014545697394938235,0.09002549175761362,0.08185322980636274,0.007272848697469117,0.014545697394938235,0.005625471026346349,0.0018939669257015974,0.0018939669257015974,0.0,0.9995105035874216,0.01990166021580934,0.01800769329010774,0.9999899773621322,False
0.9,1,108,109,1.0645252763874944,1.0645252763874944,0.0,0.015565659548436816,0.007782829774218408,0.09001292703435138,0.0808207029296019,0.007782829774218408,0.015565659548436816,0.005625471026346349,0.0019336628732158087,0.0019336628732158087,0.0,0.9994849665543327,0.021657697806158165,0.019724034932942357,0.9999897386964433,False
0.965,1,109,110,1.0737319889973667,1.0737319889973669,2.220446049250313e-16,0.008933668850452471,0.008933668850452471,0.0900274155394744,0.0801075251720623,0.008358249312335437,0.016716498624670874,0.005625471026346349,0.0019983412643915866,0.0019983412643915866,0.0,0.9994681865570756,0.02214950124596644,0.020151159981574854,0.9999900165479363,False
1.02825,1,110,111,1.0836471834276857,1.0836471834276857,0.0,0.010173068154242345,0.0050865340771211725,0.09002271960238126,0.0788634299311793,0.0050865340771211725,0.017955897928460723,0.0050865340771211725,0.002068778399355681,0.002068778399355681,0.0,0.999455193549671,0.023608783247626195,0.021540004848270514,0.999989814394315,False
1.09325,1,111,112,1.09481992301611,1.09481992301611,0.0,0.006483126525674191,0.006483126525674191,0.09003616951960333,0.07795652784005869,0.005784830301397672,0.019352490377013722,0.005625471026346349,0.0021397232395134022,0.0021397232395134022,0.0,0.9991121770712471,0.024211379083465788,0.022071655843952386,0.9999773650236925,False
1.15775,1,112,113,1.1068841026246092,1.106884102624609,-2.220446049250313e-16,0.007991148976736587,0.007991148976736587,0.09002070744855789,0.07643304331795088,0.0062511317578703525,0.02086051282807614,0.005625471026346349,0.002206037553939098,0.002206037553939098,0.0,0.9991452962176093,0.024636842764065463,0.022430805210126366,0.9999786557903015,False
1.225,1,113,114,1.120482067450152,1.1204820674501519,-2.220446049250313e-16,0.009690894579929457,0.009690894579929457,0.09003100814349388,0.06747074971222486,0.007101004559466787,0.009690894579929457,0.005625471026346349,0.0022666586575663633,0.0022666586575663633,0.0,0.999154446099541,0.024901737717581186,0.022635079060014822,0.9999789278016942,False
1.327,1,114,115,1.143028891062403,1.143028891062403,0.0,0.012509247531460842,0.012509247531460842,0.09001757332447591,0.08009821581347774,0.005905475653592165,0.012509247531460842,0.005625471026346349,0.00232700642481622,0.00232700642481622,0.0,0.9992516074917513,0.025238095921402092,0.022911089496585872,0.9999825823893126,False
1.369,1,115,116,1.1529592012008227,1.1529592012008227,0.0,0.013750536298763287,0.013750536298763287,0.09002852595189731,0.07886787967359668,0.006005259539948533,0.013750536298763287,0.005625471026346349,0.0023660177533099858,0.0023660177533099858,0.0,0.9989175511626273,0.02521135604666313,0.022845338293353144,0.9999702301155858,False
1.4145,1,116,117,1.1641226451128053,1.164122645112805,-2.220446049250313e-16,0.01514596678776111,0.01514596678776111,0.09003132358557926,0.07662537401668437,0.007223835281742299,0.01514596678776111,0.005625471026346349,0.002383709500311769,0.002383709500311769,0.0,0.9989149856000508,0.025128529533478848,0.02274482003316708,0.9999699301755001,False
1.467,1,117,118,1.1775053276201213,1.1775053276201213,0.0,0.016818802101175607,0.016818802101175607,0.09000805652400037,0.08093453118163953,0.0051075151116534625,0.016818802101175607,0.0051075151116534625,0.0024088147084668733,0.0024088147084668733,0.0,0.9990633612110064,0.02532686969091513,0.022918054982448255,0.999976033762404,False
1.5015,1,118,119,1.1865786690843019,1.1865786690843019,0.0,0.017952969784198174,0.017952969784198174,0.09000787264582015,0.0798001796204367,0.005674598953164755,0.017952969784198174,0.005625471026346349,0.0024349573718466934,0.0024349573718466934,0.0,0.998627041702116,0.025424800934441383,0.02298984356259469,0.9999591598374817,False
1.5395,1,119,120,1.1968155469671504,1.1968155469671504,0.0,0.019232579519554243,0.019232579519554243,0.0900370575032852,0.08308284881476438,0.005655224006767724,0.019232579519554243,0.005625471026346349,0.0024569552350185075,0.0024569552350185075,0.0,0.9987383074288408,0.02556650736431474,0.023109552129296232,0.9999633390795455,False
1.56475,1,120,121,1.2037522058813588,1.2037522058813588,0.0,0.020099661883830305,0.020099661883830305,0.0900195077289729,0.08219821667617602,0.0060887651889057585,0.020099661883830305,0.005625471026346349,0.0024839003222448188,0.0024839003222448188,0.0,0.9986336174094362,0.025634389375259407,0.02315048905301459,0.9999596039522948,False
1.59275,1,121,122,1.2115640401605923,1.211564040160592,-2.220446049250313e-16,0.021076141168734474,0.021076141168734474,0.09001005095540937,0.08064519677619704,0.007065244473809929,0.021076141168734474,0.005625471026346349,0.0024889676396232076,0.0024889676396232076,0.0,0.9987194337078118,0.024523972588220727,0.02203500494859752,0.9999624600168302,False
1.62575,1,122,123,1.220924505763146,1.220924505763146,0.0,0.022246199369053705,0.022246199369053705,0.09000566237875082,0.08473820618898505,0.005267456189765777,0.022246199369053705,0.005267456189765777,0.00250860206355857,0.00250860206355857,0.0,0.9988838879016481,0.025734036843540635,0.023225434779982065,0.9999693729704932,False
1.64425,1,123,124,1.2262411456147986,1.2262411456147984,-2.220446049250313e-16,0.02291077935051027,0.02291077935051027,0.09005484604063754,0.08412280986941521,0.006186354383071512,0.02291077935051027,0.005267456189765777,0.002530620309553312,0.002530620309553312,0.0,0.998431153749186,0.025775396895492735,0.023244776585939424,0.9999517686202688,False
1.66475,1,124,125,1.2321876821914077,1.2321876821914077,0.0,0.023654096422586427,0.023654096422586427,0.09006934644602446,0.08503097599112452,0.005038370454899948,0.023654096422586427,0.005038370454899948,0.00253043274422581,0.00253043274422581,0.0,0.9986460784791422,0.02582066377629988,0.02329023103207407,0.9999603259011188,False
1.68175,1,125,126,1.2371610718182107,1.237161071818211,2.220446049250313e-16,0.024275770125936787,0.024275770125936787,0.09000436561792739,0.08434432145967707,0.005349207306575125,0.024275770125936787,0.005038370454899948,0.002558150499372943,0.002558150499372943,0.0,0.9983267876150844,0.026085005243083936,0.023526854743710992,0.9999479588494009,False
1.701,1,126,127,1.2428367046479534,1.2428367046479534,0.0,0.024985224229654598,0.024985224229654598,0.09001995428941957,0.08396129287912664,0.005487163767365018,0.024985224229654598,0.005038370454899948,0.0025666701461496237,0.0025666701461496237,0.0,0.9984250277144211,0.026128815982010375,0.023562145835860752,0.9999517673784677,False
1.7215,1,127,128,1.2489297449837562,1.248929744983756,-2.220446049250313e-16,0.02574685427163003,0.02574685427163003,0.09005433321493,0.08323404176266166,0.005867978788352728,0.02574685427163003,0.005038370454899948,0.0025743594894357545,0.0025743594894357545,0.0,0.998460982084793,0.026162246321345395,0.02358788683190964,0.9999532234258508,False
1.74425,1,128,129,1.2557470806573328,1.2557470806573328,0.0,0.026599021230827056,0.026599021230827056,0.09005137743623783,0.08295041666770037,0.00672014574754975,0.026599021230827056,0.005038370454899948,0.0025957951704791743,0.0025957951704791743,0.0,0.9985579594102266,0.02571310815533364,0.023117312984854466,0.9999568053154084,False
1.76775,1,129,130,1.2628463290878051,1.2628463290878056,4.440892098500626e-16,0.027486427284636152,0.027486427284636152,0.09004966509817307,0.08206129827582652,0.005381001158598684,0.027486427284636152,0.005038370454899948,0.0026127634037625097,0.0026127634037625097,0.0,0.9987175830282456,0.026400624477113714,0.023787861073351204,0.9999632651507524,False
1.794,1,130,131,1.270839382711058,1.270839382711058,0.0,0.0284855589875427,0.0284855589875427,0.09005435189907887,0.08144766839481349,0.0058805670100519555,0.0284855589875427,0.005038370454899948,0.0026197260313292683,0.0026197260313292683,0.0,0.9984560964868043,0.026431733286757436,0.023812007255428168,0.9999532478314597,False
1.822,1,131,132,1.2794313585545276,1.2794313585545276,0.0,0.029559555967976412,0.029559555967976412,0.09003964423828328,0.08035896375358417,0.005495505030189623,0.029559555967976412,0.005038370454899948,0.0026419673310338733,0.0026419673310338733,0.0,0.9985741147490083,0.02659436043059986,0.023952393099565986,0.9999578895970411,False
1.85325,1,132,133,1.2890910385112129,1.2890910385112129,0.0,0.03076701596256206,0.03076701596256206,0.09001864371026927,0.0813570538737447,0.00609923502748244,0.03076701596256206,0.005038370454899948,0.002657057878341884,0.002657057878341884,0.0,0.9985094987159795,0.026474114484332782,0.0238170566059909,0.9999553812360105,False
1.88125,1,133,134,1.2977996583090914,1.2977996583090912,-2.220446049250313e-16,0.031855593437296915,0.015927796718648458,0.09006567367162335,0.08031550636036394,0.0071878125022172695,0.015927796718648458,0.005038370454899948,0.0026789745155268753,0.0026789745155268753,0.0,0.9986035696301582,0.024978397727645412,0.022299423212118537,0.9999579132579379,False
1.91225,1,134,135,1.3074891021995958,1.3074891021995956,-2.220446049250313e-16,0.01713897720496149,0.01713897720496149,0.0900049502508681,0.08477405927780853,0.0052308909730595845,0.01713897720496149,0.005038370454899948,0.0026386317650894976,0.0026386317650894976,0.0,0.9988010598699141,0.026464494451528785,0.023825862686439287,0.9999665391509098,False
1.929,1,135,136,1.3127411454371138,1.3127411454371138,0.0,0.01779548260965128,0.01779548260965128,0.09002610251532689,0.08413870613757751,0.005559143675404484,0.01779548260965128,0.005038370454899948,0.002681268695091188,0.002681268695091188,0.0,0.9982808772307459,0.026871768027239604,0.024190499332148417,0.999946736545287,False
1.94775,1,136,137,1.3186309288702391,1.3186309288702391,0.0,0.018531705538791923,0.018531705538791923,0.0900284895707027,0.08373312296615756,0.005197725659826777,0.018531705538791923,0.005038370454899948,0.0026953103623964976,0.0026953103623964976,0.0,0.99839050410118,0.027013673160247068,0.02431836279785057,0.9999510197969177,False
1.96775,1,137,138,1.324922559797415,1.324922559797415,0.0,0.019318159404688905,0.019318159404688905,0.09002475389333335,0.08294293342289125,0.0055909525927752635,0.019318159404688905,0.005038370454899948,0.00271719234803562,0.00271719234803562,0.0,0.998304119918483,0.02723457123176156,0.02451737888372594,0.9999478091809522,False
1.99025,1,138,139,1.3320075673462912,1.3320075673462914,2.220446049250313e-16,0.020203785348298454,0.020203785348298454,0.09002794097176764,0.08315813550243435,0.0057319005659336305,0.020203785348298454,0.005038370454899948,0.00273939948548145,0.00273939948548145,0.0,0.9984331155588426,0.02737974722999717,0.02464034774451572,0.9999528479210309,False
2.012,1,139,140,1.33885875,1.33885875,0.0,0.02106018318001205,0.02106018318001205,0.09000931815614298,0.08228311485509612,0.006160099481790428,0.02106018318001205,0.005038370454899948,0.002756318698230126,0.002756318698230126,0.0,0.9984599017659894,0.02735194376566072,0.024595625067430592,0.9999538864106065,False
2.0365,1,140,141,1.3465762500000003,1.3465762500000003,0.0,0.022024870680012108,0.022024870680012108,0.09000061485509628,0.08170295098699787,0.007124786981790428,0.022024870680012108,0.005038370454899948,0.0027610670628189175,0.0027610670628189175,0.0,0.9985769112278685,0.024963274795303886,0.02220220773248497,0.99995696833479,False
2.063,1,141,142,1.3549237500000004,1.3549237500000006,2.220446049250313e-16,0.02306830818001216,0.02306830818001216,0.09005045098699818,0.08070934961889972,0.006027936420003053,0.02306830818001216,0.005038370454899948,0.002770079741860366,0.002770079741860366,0.0,0.9987604925028775,0.027298667669501647,0.02452858792764128,0.9999654147237278,False
2.0925000000000002,1,142,143,1.364216250000001,1.3642162500000008,-2.220446049250313e-16,0.024229870680012224,0.024229870680012224,0.09000184961890009,0.08024386372125279,0.006608717670003085,0.024229870680012224,0.005038370454899948,0.0027827665827565356,0.0027827665827565356,0.0,0.9985898671243044,0.027169385118448304,0.024386618535691768,0.9999586735607564,False
2.1235,1,143,144,1.3739812500000013,1.3739812500000013,0.0,0.025450495680012293,0.025450495680012293,0.09000886372125311,0.08451955827242943,0.005489305448823684,0.025450495680012293,0.005038370454899948,0.0027974974126363803,0.0027974974126363803,0.0,0.9987061465290437,0.027928969729759008,0.02513147231712263,0.9999634386922543,False
2.141,1,144,145,1.3794937500000013,1.3794937500000013,0.0,0.026139558180012314,0.026139558180012314,0.09003205827242956,0.0838536903236059,0.005619737240895296,0.026139558180012314,0.005038370454899948,0.0028071187176697057,0.0028071187176697057,0.0,0.9983569791256058,0.027970824073009014,0.025163705355339308,0.9999502251404065,False
2.16075,1,145,146,1.3857150000000016,1.3857150000000016,0.0,0.02691721443001236,0.02691721443001236,0.09007494032360616,0.08367754683271088,0.00600856536589532,0.02691721443001236,0.005038370454899948,0.002819342076338443,0.002819342076338443,0.0,0.9984137837168422,0.028104536227954106,0.025285194151615665,0.999952460374447,False
2.181,1,146,147,1.3920937500000017,1.3920937500000017,0.0,0.027714558180012398,0.027714558180012398,0.09005629683271103,0.08286155959181575,0.005337093210001591,0.027714558180012398,0.005038370454899948,0.002830499181158618,0.002830499181158618,0.0,0.9985099039283777,0.02819920763606063,0.025368708454902016,0.9999562133553216,False
2.20375,1,147,148,1.3992600000000017,1.399260000000002,2.220446049250313e-16,0.028610339430012455,0.028610339430012455,0.09002780959181599,0.08232611922592067,0.0057849838350016195,0.028610339430012455,0.005038370454899948,0.0028304759171407286,0.0028304759171407286,0.0,0.9983716171415188,0.028101340842118946,0.025270864924978216,0.9999508548630366,False
2.22825,1,148,149,1.4069775000000018,1.4069775000000018,0.0,0.029575026930012495,0.029575026930012495,0.09004361922592075,0.08137724136002542,0.005976936960001641,0.029575026930012495,0.005038370454899948,0.0028444022738628675,0.0028444022738628675,0.0,0.9984974427549809,0.02805820863635823,0.025213806362495365,0.9999556844256438,False
2.25575,1,149,150,1.4156400000000022,1.4156400000000022,0.0,0.030657839430012563,0.030657839430012563,0.09003974136002563,0.08175936690002401,0.006518343210001675,0.030657839430012563,0.005038370454899948,0.002851118084883064,0.002851118084883064,0.0,0.9985640576094955,0.02789217806785406,0.025041059982970994,0.9999580930743189,False
2.282,1,150,151,1.4239087500000025,1.4239087500000025,0.0,0.03169143318001256,0.01584571659000628,0.09002811690002407,0.08071414869002244,0.007551936960001652,0.01584571659000628,0.005038370454899948,0.0028601604036757903,0.0028601604036757903,0.0,0.9986585012897372,0.025485357484519786,0.022625197080843994,0.9999600515661934,False
2.3115,1,151,152,1.4332012500000024,1.4332012500000024,0.0,0.017007279090006343,0.017007279090006343,0.09000664869002291,0.08499282864752206,0.005013820042500855,0.017007279090006343,0.005013820042500855,0.002797177434945787,0.002797177434945787,0.0,0.9988388300534857,0.02783992487600709,0.025042747441061303,0.9999685434754374,False
2.3275,1,152,153,1.438241250000003,1.438241250000003,0.0,0.017637279090006376,0.017637279090006376,0.09003282864752228,0.08438900860502144,0.0053288200425008715,0.017637279090006376,0.005013820042500855,0.0028339527418468763,0.0028339527418468763,0.0,0.9982001556726996,0.02817917530800214,0.025345222566155262,0.9999443047699699,False
2.3455,1,153,154,1.4439112500000033,1.4439112500000033,0.0,0.018346029090006422,0.018346029090006422,0.09005900860502172,0.08402143856252084,0.005296827855000891,0.018346029090006422,0.005013820042500855,0.002855761709474454,0.002855761709474454,0.0,0.9983185849380772,0.02844944461554079,0.025593682906066336,0.9999489804390274,False
2.3645,1,154,155,1.4498962500000032,1.4498962500000032,0.0,0.01909415409000645,0.01909415409000645,0.09000643856252091,0.08322074352002007,0.005670890355000904,0.01909415409000645,0.005013820042500855,0.0028779784251761107,0.0028779784251761107,0.0,0.9983207676665197,0.028596860261128433,0.025718881835952324,0.999949135433982,False
2.38625,1,155,156,1.4567475000000036,1.4567475000000036,0.0,0.01995056034000649,0.01995056034000649,0.0900719935200202,0.08317063441501932,0.005828390355000924,0.01995056034000649,0.005013820042500855,0.00288794110615927,0.00288794110615927,0.0,0.9984459730389205,0.028593575377441803,0.025705634271282533,0.9999539565742454,False
2.408,1,156,157,1.4635987500000036,1.4635987500000036,0.0,0.02080696659000655,0.02080696659000655,0.09002188441501954,0.08226411906001868,0.0062565934800009534,0.02080696659000655,0.005013820042500855,0.002897444176705726,0.002897444176705726,0.0,0.998482959645242,0.02846174600632423,0.025564301829618503,0.9999553036320648,False
2.43275,1,157,158,1.4713950000000038,1.4713950000000038,0.0,0.021781497840006585,0.021781497840006585,0.09006036906001867,0.08170213495501776,0.007231124730000929,0.021781497840006585,0.005013820042500855,0.0029087269409455545,0.0029087269409455545,0.0,0.9985986761308246,0.025874938750088325,0.02296621180914277,0.9999581055719049,False
2.45925,1,158,159,1.479742500000004,1.479742500000004,0.0,0.022824935340006656,0.022824935340006656,0.09004963495501822,0.08064796335001725,0.0059670932100016815,0.022824935340006656,0.005013820042500855,0.0029062602906289436,0.0029062602906289436,0.0,0.998777186763543,0.028502819478224223,0.025596559187595277,0.9999665749125443,False
2.489,1,159,160,1.4891137500000045,1.4891137500000045,0.0,0.023996341590006715,0.023996341590006715,0.09001921335001757,0.08014504174501655,0.006552796335001711,0.023996341590006715,0.005013820042500855,0.002918584734215978,0.002918584734215978,0.0,0.9985802674854127,0.02837101555447566,0.02545243082025968,0.9999587935044987,False
2.5205,1,160,161,1.4990362500000047,1.4990362500000047,0.0,0.025236654090006774,0.025236654090006774,0.09006754174501679,0.08451029969251625,0.005557242052500543,0.025236654090006774,0.005013820042500855,0.002927478766098088,0.002927478766098088,0.0,0.9987005974883139,0.029123432530026888,0.0261959537639288,0.9999637203529526,False
2.5380000000000003,1,161,162,1.504548750000005,1.504548750000005,0.0,0.025925716590006812,0.025925716590006812,0.0900227996925165,0.08377649514001596,0.00568767174000056,0.025925716590006812,0.005013820042500855,0.002937148874469738,0.002937148874469738,0.0,0.9983756221831316,0.029152742986551648,0.02621559411208191,0.999951522161313,False
2.5580000000000003,1,162,163,1.5108487500000054,1.510848750000005,-4.440892098500626e-16,0.026713216590006854,0.026713216590006854,0.09007649514001621,0.08360132340001565,0.006081421740000581,0.026713216590006854,0.005013820042500855,0.0029457324184467833,0.0029457324184467833,0.0,0.9984336188917059,0.02921306880439741,0.026267336385950628,0.9999537750370335,False
2.5785,1,163,164,1.5173062500000054,1.5173062500000052,-2.220446049250313e-16,0.027520404090006886,0.027520404090006886,0.09005882340001575,0.08277646416001522,0.0053312809800009,0.027520404090006886,0.005013820042500855,0.0029522270967721484,0.0029522270967721484,0.0,0.9985285421780017,0.02927089598289343,0.026318668886121284,0.9999574638158957,False
2.6015,1,164,165,1.5245512500000054,1.5245512500000056,2.220446049250313e-16,0.028426029090006938,0.028426029090006938,0.09002146416001543,0.08222722992001485,0.005784093480000926,0.028426029090006938,0.005013820042500855,0.00295258062313903,0.00295258062313903,0.0,0.9983732501687171,0.02916035978591195,0.02620777916277292,0.9999514377590761,False
2.62625,1,165,166,1.5323475000000057,1.5323475000000057,0.0,0.02940056034000699,0.02940056034000699,0.09002347992001504,0.08125471443001442,0.005978507542500955,0.02940056034000699,0.005013820042500855,0.0029627422642916497,0.0029627422642916497,0.0,0.9984999927482043,0.029128599665317258,0.02616585740102561,0.9999562678456831,False
2.65425,1,166,167,1.5411675000000058,1.5411675000000058,0.0,0.03050306034000705,0.03050306034000705,0.09007471443001457,0.08176077720001365,0.006529757542500984,0.03050306034000705,0.005013820042500855,0.002966249780497669,0.002966249780497669,0.0,0.9985689291131827,0.028930977265527305,0.025964727485029634,0.9999587338206056,False
2.6805,1,167,168,1.549436250000006,1.549436250000006,0.0,0.031536654090007075,0.015768327045003538,0.09002952720001386,0.0806819962200129,0.0075633512925009794,0.015768327045003538,0.005013820042500855,0.002972611835486852,0.002972611835486852,0.0,0.9986610419073476,0.02625505397978256,0.023282442144295708,0.9999604132798765,False
2.7102500000000003,1,168,169,1.5588075000000066,1.5588075000000066,0.0,0.016939733295003596,0.016939733295003596,0.09005324622001334,0.08502018385501281,0.005033062365000515,0.016939733295003596,0.005013820042500855,0.0028939597144378233,0.0028939597144378233,0.0,0.9988421085318463,0.02875009761462482,0.025856137900186996,0.9999690651691057,False
2.72625,1,169,170,1.5638475000000067,1.5638475000000067,0.0,0.01756973329500363,0.01756973329500363,0.09006018385501305,0.08439712149001254,0.005348062365000531,0.01756973329500363,0.005013820042500855,0.0029350424691733535,0.0029350424691733535,0.0,0.9982068052696565,0.029109138209534986,0.026174095740361634,0.9999450143037707,False
2.74425,1,170,171,1.569517500000007,1.5695175000000068,-2.220446049250313e-16,0.01827848329500366,0.01827848329500366,0.09006712149001268,0.08401030912501216,0.00531237877125054,0.01827848329500366,0.005013820042500855,0.002954654381726434,0.002954654381726434,0.0,0.9983244543003871,0.029361867477186263,0.02640721309545983,0.9999496554770075,False
2.7635,1,171,172,1.575581250000007,1.575581250000007,0.0,0.019036452045003698,0.019036452045003698,0.09007405912501235,0.08325927801001183,0.00569136314625056,0.019036452045003698,0.005013820042500855,0.002978135753278457,0.002978135753278457,0.0,0.9983283348097388,0.02950819479402727,0.026530059040748812,0.9999498738834288,False
2.785,1,172,173,1.582353750000007,1.582353750000007,0.0,0.019883014545003744,0.019883014545003744,0.090031778010012,0.08311486798876147,0.005839019396250585,0.019883014545003744,0.005013820042500855,0.002990064429040658,0.002990064429040658,0.0,0.9984490090719196,0.02950576540929304,0.026515700980252382,0.9999545167032575,False
2.807,1,173,174,1.5892837500000074,1.5892837500000074,0.0,0.0207492645450038,0.0207492645450038,0.09004486798876164,0.08226170796751112,0.0062721443962506125,0.0207492645450038,0.005013820042500855,0.0029973483894930202,0.0029973483894930202,0.0,0.9984881036583791,0.029381902874150143,0.02638455448465712,0.999955923203622,False
2.83175,1,174,175,1.5970800000000074,1.5970800000000074,0.0,0.021723795795003834,0.021723795795003834,0.0900579579675111,0.08167925107126053,0.007246675646250588,0.021723795795003834,0.005013820042500855,0.0030047935040531087,0.0030047935040531087,0.0,0.9986021573407176,0.026621668302282978,0.023616874798229867,0.9999585508096672,False
2.85825,1,175,176,1.6054275000000078,1.6054275000000078,0.0,0.022767233295003905,0.022767233295003905,0.09002675107126101,0.08060460667501038,0.005952667698750994,0.022767233295003905,0.005013820042500855,0.0030013815537129652,0.0030013815537129652,0.0,0.9987799497554245,0.029390339994802492,0.026388958441089527,0.9999670853831897,False
2.88825,1,176,177,1.614877500000008,1.614877500000008,0.0,0.02394848329500396,0.02394848329500396,0.09005460667501067,0.08015011852875999,0.006543292698751021,0.02394848329500396,0.005013820042500855,0.003009710926256678,0.003009710926256678,0.0,0.9985797652095466,0.02922108360548408,0.026211372679227404,0.9999591534951136,False
2.91975,1,177,178,1.6248000000000085,1.6248000000000085,0.0,0.025188795795004017,0.025188795795004017,0.09007261852876022,0.08450021820563486,0.005572400323125369,0.025188795795004017,0.005013820042500855,0.0030171744485821103,0.0030171744485821103,0.0,0.998699400071673,0.029974778476931335,0.026957604028349225,0.9999640580312334,False
2.93725,1,178,179,1.6303125000000085,1.6303125000000085,0.0,0.025877858295004056,0.025877858295004056,0.09001271820563513,0.08375125538250976,0.005700369073125388,0.025877858295004056,0.005013820042500855,0.0030261705865849424,0.0030261705865849424,0.0,0.9983800212185063,0.029975376015944098,0.026949205429359156,0.999952090607078,False
2.95725,1,179,180,1.636612500000009,1.6366125000000087,-2.220446049250313e-16,0.026665358295004098,0.026665358295004098,0.09005125538250999,0.08356338630938462,0.006094119073125409,0.026665358295004098,0.005013820042500855,0.0030324886113721186,0.0030324886113721186,0.0,0.9984371375509716,0.030030487267646698,0.02699799865627458,0.9999543096035014,False
2.97775,1,180,181,1.6430700000000091,1.6430700000000091,0.0,0.027472545795004147,0.027472545795004147,0.09002088630938486,0.08272582973625947,0.005328990099375561,0.027472545795004147,0.005013820042500855,0.0030396197481305357,0.0030396197481305357,0.0,0.99853169960772,0.030098329656129713,0.027058709907999176,0.9999579874041206,False
3.001,1,181,182,1.6503937500000092,1.650393750000009,-2.220446049250313e-16,0.028388014545004194,0.028388014545004194,0.09004957973625963,0.08223280441313423,0.005786724474375585,0.028388014545004194,0.005013820042500855,0.00303659045550257,0.00303659045550257,0.0,0.9983756385139008,0.029944384066376437,0.026907793610873865,0.9999519026081867,False
3.02575,1,182,183,1.6581900000000094,1.6581900000000094,0.0,0.029362545795004247,0.029362545795004247,0.09002905441313441,0.08123774784000896,0.005978677599375616,0.029362545795004247,0.005013820042500855,0.003043085714948753,0.003043085714948753,0.0,0.9985009639894998,0.029895443431523762,0.026852357716575008,0.999956662199853,False
3.05375,1,183,184,1.6670100000000097,1.6670100000000097,0.0,0.030465045795004305,0.030465045795004305,0.09005774784000908,0.08173625774063353,0.006529927599375645,0.030465045795004305,0.005013820042500855,0.003048338524134726,0.003048338524134726,0.0,0.9985693523428938,0.029700907390105405,0.02665256886597068,0.9999591040802742,False
3.08,1,184,185,1.6752787500000097,1.6752787500000097,0.0,0.031498639545004314,0.015749319772502157,0.09000500774063361,0.080649923891258,0.007563521349375622,0.015749319772502157,0.005013820042500855,0.00305317683265313,0.00305317683265313,0.0,0.9986614490211174,0.026920168179844037,0.023866991347190905,0.9999607078944339,False
3.10975,1,185,186,1.6846500000000102,1.6846500000000102,0.0,0.016920726022502216,0.016920726022502216,0.09002117389125844,0.0849867960290706,0.005034377862187836,0.016920726022502216,0.005013820042500855,0.0029573236190929913,0.0029573236190929913,0.0,0.9988424212526359,0.029364071377728847,0.026406747758635857,0.99996935440851,False
3.12575,1,186,187,1.6896900000000104,1.6896900000000104,0.0,0.01755072602250225,0.01755072602250225,0.09002679602907082,0.084362418166883,0.005349377862187853,0.01755072602250225,0.005013820042500855,0.0030048505532936126,0.0030048505532936126,0.0,0.9982075647927046,0.029776642493024898,0.026771791939731285,0.9999453668758833,False
3.1437500000000003,1,187,188,1.6953600000000106,1.6953600000000106,0.0,0.018259476022502295,0.018259476022502295,0.09003241816688329,0.08397429030469541,0.0053124637996878705,0.018259476022502295,0.005013820042500855,0.0030247992003879375,0.0030247992003879375,0.0,0.9983251666690368,0.030023873326005444,0.026999074125617507,0.9999500050495217,False
3.1630000000000003,1,188,189,1.7014237500000107,1.7014237500000107,0.0,0.019017444772502334,0.019017444772502334,0.09003804030469559,0.08322194369250774,0.00569144817468789,0.019017444772502334,0.005013820042500855,0.003047032558448111,0.003047032558448111,0.0,0.9983286943021927,0.03016081887416175,0.027113786315713637,0.9999502040427741,False
3.18475,1,189,190,1.7082750000000109,1.708275000000011,2.220446049250313e-16,0.019873851022502376,0.019873851022502376,0.09007319369250788,0.08314635489282002,0.005844026299687913,0.019873851022502376,0.005013820042500855,0.0030644630724332967,0.0030644630724332967,0.0,0.9984517444781547,0.0302135814492574,0.027149118376824103,0.9999549620799983,False
3.20675,1,190,191,1.715205000000011,1.7152050000000112,2.220446049250313e-16,0.020740101022502413,0.020740101022502413,0.09007635489282005,0.08228326609313222,0.0062771512996879315,0.020740101022502413,0.005013820042500855,0.0030723816377982802,0.0030723816377982802,0.0,0.9984896054845595,0.030100284582519815,0.027027902944721537,0.9999563188666422,False
3.23125,1,191,192,1.7229225000000112,1.7229225000000112,0.0,0.02170478852250247,0.02170478852250247,0.0900007660931324,0.0816219741684445,0.007241838799687931,0.02170478852250247,0.005013820042500855,0.0030739614343132256,0.0030739614343132256,0.0,0.9986015442026704,0.027217787755967768,0.024143826321654543,0.9999587948886486,False
3.258,1,192,193,1.7313487500000113,1.7313487500000113,0.0,0.02275806977250252,0.02275806977250252,0.0900482241684448,0.08061615099375685,0.005952837755625642,0.02275806977250252,0.005013820042500855,0.003072085416239783,0.003072085416239783,0.0,0.9987810353288187,0.03007265692648313,0.027000571510243345,0.9999674467436932,False
3.2880000000000003,1,193,194,1.7407987500000117,1.7407987500000117,0.0,0.02393931977250259,0.02393931977250259,0.09006615099375728,0.08015665594406926,0.006543462755625677,0.02393931977250259,0.005013820042500855,0.003076963780935682,0.003076963780935682,0.0,0.998580120608709,0.02986555792774674,0.02678859414681106,0.9999594651875419,False
3.3192500000000003,1,194,195,1.750642500000012,1.7506425000000119,-2.220446049250313e-16,0.025169788522502654,0.025169788522502654,0.09000040594406955,0.08443042404422552,0.005569981899844036,0.025169788522502654,0.005013820042500855,0.003083901761555514,0.003083901761555514,0.0,0.9986980782255046,0.030627267242558168,0.027543365481002655,0.9999643082037598,False
3.337,1,195,196,1.756233750000012,1.7562337500000123,2.220446049250313e-16,0.025868694772502688,0.025868694772502688,0.09002167404422573,0.0837527858943817,0.0057028725248440566,0.025868694772502688,0.005013820042500855,0.0030953840449898617,0.0030953840449898617,0.0,0.9983822981865144,0.030636691207611685,0.027541307162621823,0.9999524974529063,False
3.357,1,196,197,1.7625337500000122,1.7625337500000122,0.0,0.02665619477250273,0.02665619477250273,0.09005278589438195,0.0835624133695379,0.006096622524844077,0.02665619477250273,0.005013820042500855,0.0030952800923533517,0.0030952800923533517,0.0,0.998438055686127,0.030640310052133066,0.027545029959779713,0.9999546406099183,False
3.3775,1,197,198,1.7689912500000127,1.7689912500000127,0.0,0.02746338227250278,0.02746338227250278,0.09001991336953816,0.0827223533446941,0.005329075127812895,0.02746338227250278,0.005013820042500855,0.0031022144184955887,0.0031022144184955887,0.0,0.9985325432369967,0.030712928994476148,0.02761071457598056,0.9999583166156,False
3.40075,1,198,199,1.7763150000000127,1.7763150000000127,0.0,0.028378851022502826,0.028378851022502826,0.09004610334469423,0.08222682456985017,0.0057868095028129184,0.028378851022502826,0.005013820042500855,0.003104554108216238,0.003104554108216238,0.0,0.9983759934341779,0.03059817316459086,0.027493619056374624,0.9999522273918106,False
3.4255,1,199,200,1.784111250000013,1.784111250000013,0.0,0.02935338227250286,0.02935338227250286,0.09002307456985022,0.08122926454500612,0.005978762627812936,0.02935338227250286,0.005013820042500855,0.0031052186046853733,0.0031052186046853733,0.0,0.9985012853015719,0.030493589908462702,0.027388371303777328,0.9999569573633784,False
3.4535,1,200,201,1.792931250000013,1.792931250000013,0.0,0.03045588227250292,0.03045588227250292,0.09004926454500625,0.08172768941719336,0.006530012627812965,0.03045588227250292,0.005013820042500855,0.0031139455776188663,0.0031139455776188663,0.0,0.9985696880664501,0.03033785962565627,0.027223914048037406,0.9999594164424654,False
3.48,1,201,202,1.8012787500000134,1.8012787500000134,0.0,0.03149931977250296,0.01574965988625148,0.09007518941719368,0.08071017678938072,0.007573450127812973,0.01574965988625148,0.005013820042500855,0.0031129913398089616,0.0031129913398089616,0.0,0.9986635109676328,0.0274604800551764,0.02434748871536744,0.9999610273533914,False
3.5095,1,202,203,1.8105712500000137,1.8105712500000137,0.0,0.016911222386251527,0.016911222386251527,0.09000267678938106,0.08496825641297456,0.005034420376406503,0.016911222386251527,0.005013820042500855,0.0030031655808116296,0.0030031655808116296,0.0,0.9988426478219784,0.029807561185258485,0.026804395604446855,0.9999695671501807,False
3.5255,1,203,204,1.8156112500000137,1.8156112500000139,2.220446049250313e-16,0.01754122238625156,0.01754122238625156,0.0900082564129748,0.0843438360365683,0.005349420376406519,0.01754122238625156,0.005013820042500855,0.00305489867538363,0.00305489867538363,0.0,0.9982078240258198,0.030272098449425147,0.027217199774041516,0.9999456162194658,False
3.5435,1,204,205,1.8212812500000142,1.8212812500000142,0.0,0.018249972386251607,0.018249972386251607,0.09001383603656858,0.08395566566016206,0.0053125063139065395,0.018249972386251607,0.005013820042500855,0.003082025344996069,0.003082025344996069,0.0,0.998325462301327,0.030575341390712288,0.02749331604571622,0.9999502831429737,False
3.56275,1,205,206,1.8273450000000144,1.8273450000000142,-2.220446049250313e-16,0.019007941136251646,0.019007941136251646,0.09001941566016224,0.08320327653375573,0.005691490688906559,0.019007941136251646,0.005013820042500855,0.0031025363487852836,0.0031025363487852836,0.0,0.9983289794363127,0.030692125142039554,0.02758958879325427,0.9999504712371635,False
3.5845000000000002,1,206,207,1.8341962500000144,1.8341962500000144,0.0,0.019864347386251688,0.019864347386251688,0.09005452653375584,0.08312764521984933,0.005844068813906582,0.019864347386251688,0.005013820042500855,0.0031227010164479926,0.0031227010164479926,0.0,0.9984520404352836,0.0307912379907304,0.027668536974282405,0.999955248878942,False
3.6065,1,207,208,1.8411262500000145,1.8411262500000145,0.0,0.020730597386251725,0.020730597386251725,0.09005764521984935,0.08226451390594285,0.0062771938139066005,0.020730597386251725,0.005013820042500855,0.0031313529025663225,0.0031313529025663225,0.0,0.9984899036389538,0.030684082222294434,0.02755272931972811,0.9999566074702859,False
3.63125,1,208,209,1.8489225000000145,1.8489225000000147,2.220446049250313e-16,0.021705128636251778,0.021705128636251778,0.09006076390594299,0.08167208571703642,0.007251725063906594,0.021705128636251778,0.005013820042500855,0.0031325597862624055,0.0031325597862624055,0.0,0.9986037580565293,0.027755187831307176,0.02462262804504477,0.9999591288111586,False
3.65775,1,209,210,1.857270000000015,1.857270000000015,0.0,0.02274856613625183,0.02274856613625183,0.09001958571703678,0.08058747002813016,0.005948000909062971,0.02274856613625183,0.005013820042500855,0.003127541097655633,0.003127541097655633,0.0,0.9987813116528012,0.03062522873087424,0.02749768763321861,0.9999677187364151,False
3.68775,1,210,211,1.8667200000000155,1.8667200000000155,0.0,0.0239298161362519,0.0239298161362519,0.09003747002813059,0.08012793246422391,0.0065386259090630065,0.0239298161362519,0.005013820042500855,0.003133215791241461,0.003133215791241461,0.0,0.9985794204641102,0.030413500054009224,0.02728028426276776,0.9999596956886406,False
3.71925,1,211,212,1.8766425000000158,1.8766425000000158,0.0,0.02517012863625196,0.02517012863625196,0.09005043246422414,0.08447550743227078,0.005574925031953368,0.02517012863625196,0.005013820042500855,0.0031390012764128607,0.0031390012764128607,0.0,0.9986991921940233,0.031171739360616457,0.028032738084203597,0.9999646060302337,False
3.737,1,212,213,1.8822337500000161,1.882233750000016,-2.220446049250313e-16,0.025869034886251994,0.025869034886251994,0.090066757432271,0.08379292615031764,0.005707815656953389,0.025869034886251994,0.005013820042500855,0.0031561869663585137,0.0031561869663585137,0.0,0.9983838860621668,0.031230676447355554,0.028074489480997042,0.9999528442331024,False
3.7567500000000003,1,213,214,1.8884550000000162,1.8884550000000162,0.0,0.02664669113625204,0.02664669113625204,0.09001417615031791,0.08352870424336453,0.006096643781953412,0.02664669113625204,0.005013820042500855,0.0031473128603062843,0.0031473128603062843,0.0,0.9984371221573819,0.031142265695816358,0.027994952835510074,0.999954847280506,False
3.7775,1,214,215,1.8949912500000163,1.8949912500000163,0.0,0.027463722386252085,0.027463722386252085,0.09006495424336473,0.08276245108641135,0.0053315785795315564,0.027463722386252085,0.005013820042500855,0.00315428525640312,0.00315428525640312,0.0,0.9985349164258341,0.031225015985919945,0.028070730729516824,0.9999586546521826,False
3.8005,1,215,216,1.9022362500000165,1.9022362500000165,0.0,0.028369347386252138,0.028369347386252138,0.09000745108641155,0.08218815105445813,0.0057843910795315825,0.028369347386252138,0.005013820042500855,0.003163883313012116,0.003163883313012116,0.0,0.9983743567429529,0.031188097114049976,0.02802421380103786,0.9999524465117672,False
3.8255,1,216,217,1.9101112500000168,1.9101112500000168,0.0,0.029353722386252185,0.029353722386252185,0.09006315105445829,0.08125947602250483,0.005981266079531606,0.029353722386252185,0.005013820042500855,0.0031617923788208307,0.0031617923788208307,0.0,0.9985032256242233,0.03104326793507893,0.027881475556258098,0.9999572941413173,False
3.85325,1,217,218,1.9188525000000167,1.9188525000000167,0.0,0.03044637863625223,0.03044637863625223,0.09000072602250488,0.08168649119297332,0.006527594204531629,0.03044637863625223,0.005013820042500855,0.003167183454679951,0.003167183454679951,0.0,0.998568448454738,0.030869238786731867,0.027702055332051917,0.99995962046066,False
3.87975,1,218,219,1.927200000000017,1.927200000000017,0.0,0.031489816136252256,0.015744908068126128,0.0900339911929735,0.0806763188634419,0.007571031704531619,0.015744908068126128,0.005013820042500855,0.003162719543897886,0.003162719543897886,0.0,0.9986633209027711,0.027922681919977627,0.02475996237607974,0.9999612331637716,False
3.9095,1,219,220,1.9365712500000178,1.9365712500000176,-2.220446049250313e-16,0.016916314318126204,0.016916314318126204,0.09004756886344246,0.08500943582367662,0.005038133039765841,0.016916314318126204,0.005013820042500855,0.003045231454293193,0.003045231454293193,0.0,0.9988438482683436,0.030217858486471155,0.027172627032177963,0.9999698067829106,False
3.9255,1,220,221,1.941611250000018,1.9416112500000178,-2.220446049250313e-16,0.017546314318126238,0.017546314318126238,0.09004943582367686,0.08438130278391101,0.005353133039765858,0.017546314318126238,0.005013820042500855,0.0030951359677490577,0.0030951359677490577,0.0,0.9982092072516052,0.030678854933877467,0.02758371896612841,0.99994586548295,False
3.9435000000000002,1,221,222,1.947281250000018,1.9472812500000178,-2.220446049250313e-16,0.018255064318126266,0.018255064318126266,0.09005130278391116,0.08398941974414532,0.005313758039765866,0.018255064318126266,0.005013820042500855,0.003132873898798749,0.003132873898798749,0.0,0.9983267501625133,0.031079353347962996,0.027946479449164247,0.999950575405153,False
3.96275,1,222,223,1.953345000000018,1.953345000000018,0.0,0.019013033068126305,0.019013033068126305,0.0900531697441455,0.08323331795437966,0.0056927424147658855,0.019013033068126305,0.005013820042500855,0.0031547277817922333,0.0031547277817922333,0.0,0.9983295864767446,0.03119807368919047,0.028043345907398234,0.9999507381161848,False
3.9842500000000003,1,223,224,1.9601175000000182,1.9601175000000182,0.0,0.019859595568126352,0.019859595568126352,0.09000581795437983,0.08308752866461397,0.005842859602265914,0.019859595568126352,0.005013820042500855,0.003170335500390928,0.003170335500390928,0.0,0.998450221475449,0.03126829744154666,0.028097961941155734,0.9999554070295976,False
4.00625,1,224,225,1.9670475000000183,1.9670475000000183,0.0,0.02072584556812639,0.02072584556812639,0.09001752866461404,0.0822329893748482,0.0062759846022659325,0.02072584556812639,0.005013820042500855,0.0031803034349220196,0.0031803034349220196,0.0,0.9984898698449145,0.031174221560880913,0.027993918125958892,0.9999568398449803,False
4.031,1,225,226,1.9748437500000184,1.9748437500000184,0.0,0.021700376818126442,0.021700376818126442,0.09002923937484847,0.08164915321008256,0.007250515852265956,0.021700376818126442,0.005013820042500855,0.003186940590853218,0.003186940590853218,0.0,0.9986037906598407,0.02826981919586119,0.02508287860500797,0.9999593726529791,False
4.05775,1,226,227,1.9832700000000187,1.9832700000000187,0.0,0.02275365806812649,0.02275365806812649,0.09007540321008291,0.08064203579531695,0.0059517348295316345,0.02275365806812649,0.005013820042500855,0.0031754548109762157,0.0031754548109762157,0.0,0.9987828316685438,0.031100045628355708,0.027924590817379493,0.999968003346685,False
4.0875,1,227,228,1.9926412500000192,1.9926412500000192,0.0,0.02392506431812655,0.02392506431812655,0.09001328579531734,0.08010495744305131,0.006537437954531664,0.02392506431812655,0.005013820042500855,0.0031847142081015975,0.0031847142081015975,0.0,0.9985784416370513,0.03092193508590483,0.027737220877803233,0.9999598987577161,False
4.119,1,228,229,2.0025637500000197,2.0025637500000197,0.0,0.025165376818126625,0.025165376818126625,0.0900274574430518,0.08445313701691876,0.005574320426133054,0.025165376818126625,0.005013820042500855,0.003189683168844693,0.003189683168844693,0.0,0.9986992383042941,0.03167298202726127,0.028483298858416578,0.9999648438013155,False
4.13675,1,229,230,2.0081550000000203,2.0081550000000203,0.0,0.025864283068126676,0.025864283068126676,0.09004438701691914,0.08377116034078605,0.005707211051133086,0.025864283068126676,0.005013820042500855,0.003210679346652628,0.003210679346652628,0.0,0.9983839994889978,0.03177711637506445,0.028566437028411825,0.9999531112947763,False
4.15675,1,230,231,2.0144550000000203,2.0144550000000203,0.0,0.0266517830681267,0.0266517830681267,0.0900711603407862,0.0835764492896531,0.006100961051133098,0.0266517830681267,0.005013820042500855,0.0031994882774008353,0.0031994882774008353,0.0,0.9984396278235355,0.03165078144908399,0.028451293171683153,0.999955188437144,False
4.17725,1,231,232,2.0209125000000205,2.0209125000000205,0.0,0.02745897056812675,0.02745897056812675,0.09003394928965343,0.08273205073852033,0.0053285236647659185,0.02745897056812675,0.005013820042500855,0.0032022412902352345,0.0032022412902352345,0.0,0.9985339702670398,0.031687446755528356,0.028485205465293123,0.9999588410377411,False
4.2005,1,232,233,2.028236250000021,2.028236250000021,0.0,0.028374439318126797,0.028374439318126797,0.0900558007385206,0.08223218343738745,0.005786258039765942,0.028374439318126797,0.005013820042500855,0.003214233717498838,0.003214233717498838,0.0,0.9983763911274067,0.031697056538125906,0.028482822820627068,0.9999527686520017,False
4.22525,1,233,234,2.036032500000021,2.0360325000000215,4.440892098500626e-16,0.02934897056812685,0.02934897056812685,0.09002843343738776,0.08123028488625456,0.005980672102265963,0.02934897056812685,0.005013820042500855,0.003217599075065119,0.003217599075065119,0.0,0.9985017177749136,0.03159447901743566,0.02837687994237054,0.999957499892765,False
4.25325,1,234,235,2.0448525000000215,2.0448525000000215,0.0,0.03045147056812689,0.03045147056812689,0.09005028488625472,0.08172926122148874,0.006531922102265984,0.03045147056812689,0.005013820042500855,0.003215466660670857,0.003215466660670857,0.0,0.9985705772043955,0.03134708455338778,0.02813161789271692,0.999959929745146,False
4.27975,1,235,236,2.0532000000000217,2.0532000000000217,0.0,0.031494908068126874,0.015747454034063437,0.09007676122148911,0.08071230005672304,0.007575359602266023,0.015747454034063437,0.005013820042500855,0.0032136834062203995,0.0032136834062203995,0.0,0.9986643449709379,0.028401359793484272,0.025187676387263873,0.9999614964927658,False
4.3092500000000005,1,236,237,2.062492500000022,2.062492500000022,0.0,0.016909016534063483,0.016909016534063483,0.0900048000567234,0.08497065541184035,0.005034144644883045,0.016909016534063483,0.005013820042500855,0.0030873462388670194,0.0030873462388670194,0.0,0.9988433129324484,0.0306321055219078,0.02754475928304078,0.9999699810736927,False
4.3252500000000005,1,237,238,2.067532500000022,2.067532500000022,0.0,0.017539016534063517,0.017539016534063517,0.0900106554118406,0.08434651076695754,0.005349144644883062,0.017539016534063517,0.005013820042500855,0.0031289591702200943,0.0031289591702200943,0.0,0.9982081034830629,0.03101825675622602,0.027889297586005925,0.9999459867281579,False
4.34325,1,238,239,2.0732025000000225,2.0732025000000225,0.0,0.018247766534063545,0.018247766534063545,0.09001651076695773,0.08395861612207467,0.005313461051133063,0.018247766534063545,0.005013820042500855,0.0031770670910063192,0.0031770670910063192,0.0,0.998325858114701,0.031526388291666464,0.028349321200660145,0.9999507564022131,False
4.3625,1,239,240,2.079266250000023,2.079266250000023,0.0,0.019005735284063602,0.019005735284063602,0.09002236612207504,0.08320650272719193,0.0056924454261330915,0.019005735284063602,0.005013820042500855,0.0032050082119564464,0.0032050082119564464,0.0,0.9983297542747102,0.031694097293892644,0.028489089081936196,0.9999509833688144,False
4.38425,1,240,241,2.086117500000023,2.0861175000000234,4.440892098500626e-16,0.019862141534063644,0.019862141534063644,0.09005775272719217,0.08312991667605907,0.005845023551133111,0.019862141534063644,0.005013820042500855,0.003216969747364551,0.003216969747364551,0.0,0.9984527358484226,0.03173002458913633,0.02851305484177178,0.9999557251155969,False
4.40625,1,241,242,2.0930475000000235,2.0930475000000235,0.0,0.0207283915340637,0.0207283915340637,0.09005991667605937,0.08226583062492623,0.006278148551133138,0.0207283915340637,0.005013820042500855,0.0032260958871694273,0.0032260958871694273,0.0,0.998490589394073,0.03162802380947671,0.028401927922307287,0.999957084569234,False
4.431,1,242,243,2.1008437500000237,2.1008437500000237,0.0,0.02170292278406375,0.02170292278406375,0.0900620806249265,0.08167244769879334,0.007252679801133161,0.02170292278406375,0.005013820042500855,0.0032381976829381717,0.0032381976829381717,0.0,0.9986044658277606,0.028770102184839344,0.02553190450190117,0.9999596352584306,False
4.4575000000000005,1,243,244,2.109191250000024,2.109191250000024,0.0,0.022746360284063787,0.022746360284063787,0.09001994769879357,0.08058687727266035,0.0059474494460159556,0.022746360284063787,0.005013820042500855,0.0032225691677236893,0.0032225691677236893,0.0,0.9987819236081713,0.031558233855716926,0.028335664687993235,0.9999681870464256,False
4.4875,1,244,245,2.1186412500000245,2.1186412500000245,0.0,0.023927610284063858,0.023927610284063858,0.09003687727266085,0.08012638497152759,0.006538074446015991,0.023927610284063858,0.005013820042500855,0.0032326404112661754,0.0032326404112661754,0.0,0.9985797988416061,0.031399990277229214,0.02816734986596304,0.9999601779335571,False
4.519,1,245,246,2.128563750000025,2.128563750000025,0.0,0.025167922784063934,0.025167922784063934,0.09004888497152808,0.0844734825709614,0.005575402400566671,0.025167922784063934,0.005013820042500855,0.0032394113252297747,0.0032394113252297747,0.0,0.9986995900876041,0.03216877360966981,0.028929362284440038,0.9999650918464879,False
4.5367500000000005,1,246,247,2.134155000000025,2.134155000000025,0.0,0.02586682903406395,0.02586682903406395,0.09006473257096151,0.08379042392039485,0.005708293025566672,0.02586682903406395,0.005013820042500855,0.003259940688323367,0.003259940688323367,0.0,0.9983845262534685,0.03228010414680468,0.029020163458481317,0.9999533734473537,False
4.5565,1,247,248,2.1403762500000254,2.1403762500000254,0.0,0.026644485284063997,0.026644485284063997,0.09001167392039518,0.08352572464482848,0.006097121150566695,0.026644485284063997,0.005013820042500855,0.0032544501213916024,0.0032544501213916024,0.0,0.9984377727489376,0.03218782802447276,0.028933377903081155,0.9999553755589795,False
4.57725,1,248,249,2.1469125000000258,2.1469125000000253,-4.440892098500626e-16,0.027461516534064024,0.027461516534064024,0.09006197464482862,0.08275899411926192,0.005331302848008068,0.027461516534064024,0.005013820042500855,0.0032538973401577487,0.0032538973401577487,0.0,0.9985355148683761,0.03219237117150826,0.028938473831350515,0.999959143365888,False
4.60025,1,249,250,2.154157500000026,2.154157500000026,0.0,0.028367141534064094,0.028367141534064094,0.09000399411926238,0.08218421671869564,0.005784115348008103,0.028367141534064094,0.005013820042500855,0.0032585531193408735,0.0032585531193408735,0.0,0.9983747538537024,0.03214628633214872,0.028887733212807847,0.9999529208496796,False
4.62525,1,250,251,2.1620325000000262,2.1620325000000262,0.0,0.029351516534064124,0.029351516534064124,0.09005921671869575,0.08125506431812898,0.00598099034800811,0.029351516534064124,0.005013820042500855,0.0032683993102921322,0.0032683993102921322,0.0,0.9985036930335985,0.032107579654329685,0.028839180344037554,0.999957821555414,False
4.65325,1,251,252,2.1708525000000263,2.1708525000000263,0.0,0.0304540165340642,0.0304540165340642,0.09007506431812942,0.08175126147012127,0.006532240348008147,0.0304540165340642,0.005013820042500855,0.003264259869446951,0.003264259869446951,0.0,0.9985708844701948,0.03182557536285696,0.02856131549341001,0.9999601699216092,False
4.6795,1,252,253,2.1791212500000268,2.1791212500000268,0.0,0.031487610284064174,0.015743805142032087,0.09002001147012154,0.0806626148721133,0.007565834098008174,0.015743805142032087,0.005013820042500855,0.0032693032453314343,0.0032693032453314343,0.0,0.9986629180566367,0.028937049356488068,0.025667746111156634,0.9999616959600351,False
4.70925,1,253,254,2.1884925000000273,2.1884925000000273,0.0,0.016915211392032146,0.016915211392032146,0.09003386487211376,0.08499586969810963,0.005037995174004131,0.016915211392032146,0.005013820042500855,0.003126829250371744,0.003126829250371744,0.0,0.9988435500319125,0.031033050384250617,0.02790622113387887,0.9999701806677537,False
4.72525,1,254,255,2.1935325000000274,2.1935325000000274,0.0,0.01754521139203218,0.01754521139203218,0.09003586969810987,0.08436787452410573,0.005352995174004148,0.01754521139203218,0.005013820042500855,0.003164341833051313,0.003164341833051313,0.0,0.9982095083453225,0.03136859826280676,0.028204256429755447,0.9999462093565465,False
4.74325,1,255,256,2.1992025000000277,2.1992025000000277,0.0,0.018253961392032208,0.018253961392032208,0.09003787452410592,0.08397612935010176,0.005313620174004154,0.018253961392032208,0.005013820042500855,0.0032182628504536168,0.0032182628504536168,0.0,0.9983271370469451,0.03194757994959366,0.02872931709914004,0.9999510083405957,False
4.7625,1,256,257,2.205266250000028,2.205266250000028,0.0,0.019011930142032264,0.019011930142032264,0.09003987935010213,0.08322016542609795,0.005692604549004182,0.019011930142032264,0.005013820042500855,0.0032535670649888365,0.0032535670649888365,0.0,0.9983300405038573,0.03218382656280091,0.028930259497812073,0.9999512300735502,False
4.78425,1,257,258,2.212117500000028,2.212117500000028,0.0,0.019868336392032306,0.019868336392032306,0.09007141542609819,0.08314342025209398,0.005845182674004193,0.019868336392032306,0.005013820042500855,0.003264787212453451,0.003264787212453451,0.0,0.9984530124622572,0.0322001050583068,0.028935317845853344,0.9999559614269085,False
4.80625,1,258,259,2.2190475000000283,2.2190475000000283,0.0,0.020734586392032326,0.020734586392032326,0.090073420252094,0.08227917507808981,0.006278307674004203,0.020734586392032326,0.005013820042500855,0.0032742719510926435,0.0032742719510926435,0.0,0.9984908657186392,0.03210039007690764,0.028826118125814995,0.9999573216638145,False
4.831,1,259,260,2.226843750000029,2.226843750000029,0.0,0.02170911764203238,0.02170911764203238,0.09007542507809009,0.08168563302908587,0.007252838924004226,0.02170911764203238,0.005013820042500855,0.0032863292415487447,0.0032863292415487447,0.0,0.9986047354358333,0.029244139988965717,0.025957810747416973,0.9999598703941508,False
4.8575,1,260,261,2.235191250000029,2.235191250000029,0.0,0.02275255514203245,0.02275255514203245,0.09003313302908639,0.08059990348008209,0.00594899816050813,0.02275255514203245,0.005013820042500855,0.003274630756470529,0.003274630756470529,0.0,0.9987822065552021,0.03206684688157305,0.028792216125102518,0.9999684415011614,False
4.8875,1,261,262,2.2446412500000297,2.2446412500000297,0.0,0.02393380514203252,0.02393380514203252,0.09004990348008257,0.08013925205607822,0.006539623160508165,0.02393380514203252,0.005013820042500855,0.003279187878203292,0.003279187878203292,0.0,0.9985803411160847,0.03186404281195389,0.028584854933750597,0.9999604194580751,False
4.9190000000000005,1,262,263,2.25456375000003,2.25456375000003,0.0,0.025174117642032562,0.025174117642032562,0.09006175205607844,0.08448627009407625,0.005575481962002194,0.025174117642032562,0.005013820042500855,0.003288163714368658,0.003288163714368658,0.0,0.9987000916928137,0.03265908462595261,0.02937092091158395,0.9999653432737404,False
4.93675,1,263,264,2.2601550000000303,2.2601550000000303,0.0,0.025873023892032613,0.025873023892032613,0.09007752009407663,0.08380313188207442,0.005708372587002222,0.025873023892032613,0.005013820042500855,0.003305834937329755,0.003305834937329755,0.0,0.9983847758618083,0.032749732443188004,0.029443897505858248,0.9999536089637574,False
4.9565,1,264,265,2.2663762500000306,2.2663762500000306,0.0,0.02665068014203266,0.02665068014203266,0.09002438188207473,0.08353835304507248,0.006097200712002245,0.02665068014203266,0.005013820042500855,0.0033082614665004826,0.0033082614665004826,0.0,0.9984380606538438,0.03272826627404056,0.029420004807540076,0.9999556466420058,False
4.97725,1,265,266,2.2729125000000305,2.2729125000000305,0.0,0.027467711392032686,0.027467711392032686,0.09007460304507264,0.08277154295807039,0.005332077205254155,0.027467711392032686,0.005013820042500855,0.003308858967837793,0.003308858967837793,0.0,0.9985358063496602,0.03273356314355144,0.029424704175713648,0.9999594149504626,False
5.00025,1,266,267,2.2801575000000307,2.2801575000000307,0.0,0.02837333639203272,0.02837333639203272,0.09001654295807056,0.0821966859960683,0.005784889705254172,0.02837333639203272,0.005013820042500855,0.003304989632733239,0.003304989632733239,0.0,0.9983751893094738,0.032605108971831206,0.029300119339097968,0.9999531578136203,False
5.02525,1,267,268,2.288032500000031,2.288032500000031,0.0,0.029357711392032786,0.029357711392032786,0.0900716859960687,0.08126745403406638,0.005981764705254196,0.029357711392032786,0.005013820042500855,0.0033160965560947225,0.0033160965560947225,0.0,0.9985041031601926,0.03259324023647461,0.02927714368037989,0.9999580699581224,False
5.053,1,268,269,2.296773750000032,2.296773750000032,0.0,0.03045036764203285,0.03045036764203285,0.09000870403406672,0.08169397057881247,0.0065280928302542274,0.03045036764203285,0.005013820042500855,0.0033176981465303577,0.0033176981465303577,0.0,0.9985692968700959,0.03235087944884269,0.029033181302312333,0.999960359961118,False
5.0795,1,269,270,2.305121250000032,2.305121250000032,0.0,0.0314938051420328,0.0157469025710164,0.09004147057881257,0.0806832996235583,0.007571530330254231,0.0157469025710164,0.005013820042500855,0.0033138579046350807,0.0033138579046350807,0.0,0.998664155755312,0.02937648921257844,0.026062631307943358,0.9999619506613092,False
5.10925,1,270,271,2.314492500000032,2.314492500000032,0.0,0.01691830882101646,0.01691830882101646,0.09005454962355874,0.08501616727093159,0.005038382352627167,0.01691830882101646,0.005013820042500855,0.003147069610873448,0.003147069610873448,0.0,0.9988444108085528,0.03124491667579652,0.028097847064923073,0.9999703128383152,False
5.12525,1,271,272,2.319532500000032,2.319532500000032,0.0,0.017548308821016493,0.017548308821016493,0.09005616727093183,0.08438778491830465,0.005353382352627184,0.017548308821016493,0.005013820042500855,0.003181425623637506,0.003181425623637506,0.0,0.9982097176119862,0.031531241577618156,0.028349815953980652,0.9999462957472061,False
5.14325,1,272,273,2.3252025000000334,2.3252025000000334,0.0,0.018257058821016556,0.018257058821016556,0.09005778491830511,0.08399565256567788,0.005314007352627197,0.018257058821016556,0.005013820042500855,0.0032320086835395194,0.0032320086835395194,0.0,0.9983273136566835,0.032091353055373445,0.028859344371833927,0.9999510844650344,False
5.1625000000000005,1,273,274,2.3312662500000334,2.3312662500000334,0.0,0.019015027571016578,0.019015027571016578,0.09005940256567799,0.08323930146305077,0.005692991727627208,0.019015027571016578,0.005013820042500855,0.003269371820141711,0.003269371820141711,0.0,0.9983302267351095,0.0323501409081119,0.029080769087970186,0.9999513174047038,False
5.184,1,274,275,2.3380387500000337,2.3380387500000337,0.0,0.019861590071016642,0.019861590071016642,0.09001180146305118,0.08309326286042394,0.005843108915127232,0.019861590071016642,0.005013820042500855,0.003282133545558361,0.003282133545558361,0.0,0.9984508382778725,0.03236468954981167,0.02908255600425331,0.9999559564473011,False
5.206,1,275,276,2.3449687500000334,2.344968750000034,4.440892098500626e-16,0.020727840071016662,0.020727840071016662,0.09002326286042397,0.08223847425779673,0.006276233915127242,0.020727840071016662,0.005013820042500855,0.003287794350393981,0.003287794350393981,0.0,0.9984904611467649,0.03222569932345454,0.028937904973060556,0.9999573655845898,False
5.2307500000000005,1,276,277,2.352765000000034,2.352765000000034,0.0,0.021702371321016715,0.021702371321016715,0.09003472425779702,0.08165438878016973,0.007250765165127265,0.021702371321016715,0.005013820042500855,0.0032907150952209054,0.0032907150952209054,0.0,0.998604352127842,0.02928349833565562,0.025992783240434712,0.9999598727141679,False
5.25725,1,277,278,2.3611125000000346,2.3611125000000346,0.0,0.022745808821016785,0.022745808821016785,0.09000188878017026,0.0805781158025429,0.005947311580254214,0.022745808821016785,0.005013820042500855,0.003280475742502039,0.003280475742502039,0.0,0.9987819260391397,0.03212141413854296,0.028840938396040922,0.9999684559627671,False
5.28725,1,278,279,2.3705625000000348,2.3705625000000348,0.0,0.023927058821016856,0.023927058821016856,0.09002811580254341,0.08011953813741601,0.006537936580254249,0.023927058821016856,0.005013820042500855,0.00327169029034649,0.00327169029034649,0.0,0.9985799626654178,0.031784983217512865,0.028513292927166374,0.999960365476567,False
5.3187500000000005,1,279,280,2.380485000000035,2.380485000000035,0.0,0.025167371321016898,0.025167371321016898,0.09004203813741624,0.08446759305485252,0.005574445082563714,0.025167371321016898,0.005013820042500855,0.003274583223511325,0.003274583223511325,0.0,0.9986997369799143,0.03252463460152632,0.029250051378014993,0.9999652636030295,False
5.3365,1,280,281,2.386076250000036,2.3860762500000354,-4.440892098500626e-16,0.02586627757101695,0.02586627757101695,0.0900588430548529,0.08378549172228916,0.005707335707563741,0.02586627757101695,0.005013820042500855,0.0032859593116189244,0.0032859593116189244,0.0,0.9983844068624281,0.03255453573850984,0.029268576426890916,0.999953501051271,False
5.35625,1,281,282,2.392297500000036,2.392297500000036,0.0,0.026643933821016996,0.026643933821016996,0.09000674172228948,0.08352174976472573,0.006096163832563764,0.026643933821016996,0.005013820042500855,0.003291440567112693,0.003291440567112693,0.0,0.9984377239045031,0.03256709062828396,0.029275650061171266,0.999955556375035,False
5.377,1,282,283,2.398833750000036,2.398833750000036,0.0,0.027460965071017022,0.027460965071017022,0.09005799976472587,0.0827559765571621,0.0053312339151271974,0.027460965071017022,0.005013820042500855,0.003290736048393783,0.003290736048393783,0.0,0.9985354932778292,0.03255243333334602,0.02926169728495224,0.9999593159613879,False
5.4,1,283,284,2.4060787500000362,2.4060787500000362,0.0,0.028366590071017057,0.028366590071017057,0.09000097655716227,0.0821821564745985,0.005784046415127215,0.028366590071017057,0.005013820042500855,0.0032786285506514394,0.0032786285506514394,0.0,0.998374835732381,0.032329305601866615,0.029050677051215175,0.9999530113395325,False
5.425,1,284,285,2.4139537500000365,2.4139537500000365,0.0,0.029350965071017122,0.029350965071017122,0.09005715647459889,0.08125396139203506,0.005980921415127238,0.029350965071017122,0.005013820042500855,0.0032797432491614123,0.0032797432491614123,0.0,0.9985037326172674,0.03223137389788601,0.028951630648724597,0.9999578812266712,False
5.453,1,285,286,2.4227737500000366,2.4227737500000366,0.0,0.030453465071017163,0.030453465071017163,0.09007396139203522,0.08175022747690794,0.006532171415127259,0.030453465071017163,0.005013820042500855,0.003282761568559464,0.003282761568559464,0.0,0.9985709612453113,0.032001831448504936,0.02871906987994547,0.9999602558866297,False
5.47925,1,286,287,2.431042500000037,2.4310425000000375,4.440892098500626e-16,0.031487058821017135,0.015743529410508567,0.09001897747690822,0.08066164981178091,0.0075657651651272854,0.015743529410508567,0.005013820042500855,0.003277626355052118,0.003277626355052118,0.0,0.9986629438955016,0.02902713531270551,0.02574950895765339,0.999961735502402,False
5.509,1,287,288,2.4404137500000376,2.4404137500000376,0.0,0.016914935660508626,0.016914935660508626,0.09003289981178136,0.08499493910421767,0.005037960707563688,0.016914935660508626,0.005013820042500855,0.0031033324573791466,0.0031033324573791466,0.0,0.9988434190830671,0.030809713332991547,0.0277063808756124,0.9999700654323641,False
5.525,1,288,289,2.4454537500000377,2.4454537500000377,0.0,0.01754493566050866,0.01754493566050866,0.09003493910421792,0.08436697839665422,0.005352960707563705,0.01754493566050866,0.005013820042500855,0.003144541515041087,0.003144541515041087,0.0,0.9982093989747348,0.031153130024878087,0.028008588509837,0.9999461017772338,False
5.543,1,289,290,2.451123750000038,2.451123750000038,0.0,0.018253685660508723,0.018253685660508723,0.09003697839665468,0.08397526768909094,0.0053135857075637186,0.018253685660508723,0.005013820042500855,0.0031942820693942053,0.0031942820693942053,0.0,0.9983270076517666,0.031714583741947446,0.02852030167255324,0.9999508916515182,False
5.56225,1,290,291,2.457187500000038,2.457187500000038,0.0,0.019011654410508744,0.019011654410508744,0.09003901768909103,0.0832193382315273,0.005692570082563729,0.019011654410508744,0.005013820042500855,0.0032369038919209535,0.0032369038919209535,0.0,0.9983299469948166,0.03203215834189472,0.028795254449973766,0.9999511538310055,False
5.5840000000000005,1,291,292,2.4640387500000385,2.4640387500000385,0.0,0.019868060660508786,0.019868060660508786,0.09007058823152753,0.08314262752396379,0.005845148207563749,0.019868060660508786,0.005013820042500855,0.0032582661371486155,0.0032582661371486155,0.0,0.998452971325436,0.03212599253617035,0.028867726399021736,0.9999559237532692,False
5.606,1,292,293,2.470968750000039,2.470968750000039,0.0,0.02073431066050884,0.02073431066050884,0.0900726275239641,0.08227841681640033,0.006278273207563776,0.02073431066050884,0.005013820042500855,0.0032667366530553976,0.0032667366530553976,0.0,0.9984908197919312,0.0320123538065812,0.0287456171535258,0.9999572770078653,False
5.63075,1,293,294,2.478765000000039,2.478765000000039,0.0,0.021708841910508894,0.021708841910508894,0.09007466681640061,0.08168490923383681,0.007252804457563799,0.021708841910508894,0.005013820042500855,0.00326303651716555,0.00326303651716555,0.0,0.9986046115356328,0.02900581828112911,0.02574278176396356,0.9999597494768054,False
5.65725,1,294,295,2.4871125000000394,2.4871125000000394,0.0,0.02275227941050893,0.02275227941050893,0.09003240923383704,0.08059921415127319,0.005948929227627241,0.02275227941050893,0.005013820042500855,0.003260492755406803,0.003260492755406803,0.0,0.9987821294243361,0.03192864352641281,0.028668150771006005,0.9999683713593042,False
5.68725,1,295,296,2.4965625000000395,2.4965625000000395,0.0,0.023933529410509,0.023933529410509,0.09004921415127369,0.08013859719370979,0.006539554227627277,0.023933529410509,0.005013820042500855,0.0032487984820276,0.0032487984820276,0.0,0.9985801749677446,0.03155224989596309,0.028303451413935494,0.9999602625688433,False
5.71875,1,296,297,2.5064850000000405,2.5064850000000405,0.0,0.025173841910509077,0.025173841910509077,0.09006109719371028,0.0844856324649283,0.00557546472878199,0.025173841910509077,0.005013820042500855,0.003250042958843741,0.003250042958843741,0.0,0.9986998896184232,0.032277733507823,0.02902769054897926,0.9999651523177024,False
5.7365,1,297,298,2.5120762500000406,2.5120762500000406,0.0,0.025872748160509093,0.025872748160509093,0.0900768824649284,0.08380251148614641,0.005708355353781991,0.025872748160509093,0.005013820042500855,0.0032587226225531236,0.0032587226225531236,0.0,0.998384535968647,0.032279885457181044,0.029021162834627922,0.9999533738850286,False
5.7562500000000005,1,298,299,2.518297500000041,2.518297500000041,0.0,0.02665040441050914,0.02665040441050914,0.09002376148614674,0.08353774988236472,0.006097183478782014,0.02665040441050914,0.005013820042500855,0.003267006823444783,0.003267006823444783,0.0,0.9984378496747536,0.032331993044218695,0.02906498622077391,0.9999554481671437,False
5.777,1,299,300,2.524833750000041,2.5248337500000413,4.440892098500626e-16,0.0274674356605092,0.0274674356605092,0.09007399988236514,0.08277095702858309,0.0053320427388137285,0.0274674356605092,0.005013820042500855,0.0032716063572521006,0.0032716063572521006,0.0,0.9985356156605211,0.032370694421921545,0.029099088064669446,0.9999592332142527,False
5.8,1,300,301,2.5320787500000415,2.5320787500000415,0.0,0.028373060660509236,0.028373060660509236,0.09001595702858325,0.0821961172998012,0.005784855238813746,0.028373060660509236,0.005013820042500855,0.0032623543231771438,0.0032623543231771438,0.0,0.9983749675190617,0.03215824866537162,0.028895894342194476,0.99995293434681,False
5.825,1,301,302,2.5399537500000418,2.5399537500000418,0.0,0.0293574356605093,0.0293574356605093,0.0900711172998016,0.08126690257101948,0.005981730238813769,0.0293574356605093,0.005013820042500855,0.003256936299631662,0.003256936299631662,0.0,0.9985038000885582,0.03199563416092381,0.02873869786129215,0.9999577708634825,False
5.85275,1,302,303,2.5486950000000417,2.5486950000000417,0.0,0.03045009191050933,0.03045009191050933,0.09000815257101955,0.08169345358220577,0.0065280583638137836,0.03045009191050933,0.005013820042500855,0.0032638504213787427,0.0032638504213787427,0.0,0.9985690202921274,0.03182175366145849,0.02855790324007975,0.999960094932342,False
5.87925,1,303,304,2.5570425000000423,2.5570425000000423,0.0,0.03149352941050931,0.015746764705254657,0.09004095358220612,0.08068281709339228,0.007571495863813823,0.015746764705254657,0.005013820042500855,0.0032537546831125606,0.0032537546831125606,0.0,0.9986638495626184,0.0287934165334732,0.025539661850360638,0.9999616581597817,False
5.909,1,304,305,2.566413750000043,2.5664137500000423,-4.440892098500626e-16,0.016918170955254715,0.016918170955254715,0.09005406709339274,0.08501570197398578,0.0050383651194069535,0.016918170955254715,0.005013820042500855,0.003071460931367031,0.003071460931367031,0.0,0.9988440289806109,0.030479774380211405,0.027408313448844375,0.9999699313940155,False
5.925,1,305,306,2.5714537500000425,2.5714537500000425,0.0,0.01754817095525475,0.01754817095525475,0.09005570197398603,0.08438733685457905,0.00535336511940697,0.01754817095525475,0.005013820042500855,0.003118512872801419,0.003118512872801419,0.0,0.9982093978684743,0.030886640246225727,0.02776812737342431,0.9999459735869684,False
5.9430000000000005,1,306,307,2.577123750000043,2.577123750000043,0.0,0.018256920955254777,0.018256920955254777,0.09005733685457926,0.08399522173517227,0.005313990119406966,0.018256920955254777,0.005013820042500855,0.0031661421870210035,0.0031661421870210035,0.0,0.9983269800696806,0.03142950541781287,0.028263363230791868,0.9999507534674088,False
5.96225,1,307,308,2.5831875000000437,2.5831875000000437,0.0,0.019014889705254834,0.019014889705254834,0.09005897173517266,0.08323888786576564,0.0056929744944069945,0.019014889705254834,0.005013820042500855,0.0032115101779689142,0.0032115101779689142,0.0,0.9983299325372504,0.0317823785133868,0.028570868335417884,0.9999510331003151,False
5.983750000000001,1,308,309,2.589960000000043,2.589960000000043,0.0,0.019861452205254863,0.019861452205254863,0.09001138786576578,0.08309286649635877,0.005843091681907011,0.019861452205254863,0.005013820042500855,0.0032424341133564316,0.0032424341133564316,0.0,0.998450635210755,0.03197388023380428,0.028731446120447847,0.9999557606369727,False
6.00575,1,309,310,2.5968900000000437,2.5968900000000437,0.0,0.020727702205254918,0.020727702205254918,0.09002286649635907,0.08223809512695204,0.006276216681907038,0.020727702205254918,0.005013820042500855,0.003252414108554463,0.003252414108554463,0.0,0.9984902800602112,0.0318732843346166,0.028620870226062137,0.9999571893628662,False
6.0305,1,310,311,2.604686250000044,2.604686250000044,0.0,0.02170223345525497,0.02170223345525497,0.09003434512695233,0.08165402688254525,0.007250747931907061,0.02170223345525497,0.005013820042500855,0.0032451670807098557,0.0032451670807098557,0.0,0.9986041222311739,0.0288229776014656,0.025577810520755744,0.9999596439754915,False
6.057,1,311,312,2.6130337500000445,2.613033750000044,-4.440892098500626e-16,0.022745670955255006,0.022745670955255006,0.09000152688254548,0.08057777113813838,0.0059472771138137604,0.022745670955255006,0.005013820042500855,0.003240753059192509,0.003240753059192509,0.0,0.9987817241708337,0.03174223892557531,0.028501485866382802,0.9999682661862519,False
6.087,1,312,313,2.622483750000045,2.622483750000045,0.0,0.023926920955255077,0.023926920955255077,0.09002777113813888,0.08011921070623174,0.006537902113813796,0.023926920955255077,0.005013820042500855,0.0032316592085938965,0.0032316592085938965,0.0,0.9985797567545184,0.03138018474254475,0.028148525533950856,0.9999601643130752,False
6.1185,1,313,314,2.632406250000045,2.632406250000045,0.0,0.025167233455255154,0.025167233455255154,0.09004171070623222,0.08446727424027861,0.005574436465953621,0.025167233455255154,0.005013820042500855,0.00323265063183875,0.00323265063183875,0.0,0.9986995242436792,0.032100049377733246,0.028867398745894494,0.9999650538529083,False
6.13625,1,314,315,2.6379975000000453,2.6379975000000453,0.0,0.02586613970525517,0.02586613970525517,0.09005852424027871,0.0837851815243251,0.005707327090953621,0.02586613970525517,0.005013820042500855,0.0032397171601254715,0.0032397171601254715,0.0,0.9983841736290174,0.03208280030060901,0.02884308314048354,0.9999532651242932,False
6.156,1,315,316,2.6442187500000456,2.6442187500000456,0.0,0.026643795955255217,0.026643795955255217,0.09000643152432541,0.08352144818337177,0.0060961552159536445,0.026643795955255217,0.005013820042500855,0.003247808142509621,0.003247808142509621,0.0,0.9984375032021825,0.03214639528235751,0.028898587139847887,0.9999553456342594,False
6.17675,1,316,317,2.6507550000000464,2.6507550000000464,0.0,0.027460827205255278,0.027460827205255278,0.0900576981833722,0.08275568359241851,0.005331216681906988,0.027460827205255278,0.005013820042500855,0.003254245455391368,0.003254245455391368,0.0,0.9985353082243537,0.03220672479913396,0.028952479343742593,0.9999591425686893,False
6.19975,1,317,318,2.6580000000000465,2.6580000000000465,0.0,0.028366452205255313,0.028366452205255313,0.09000068359241868,0.082181872126465,0.0057840291819070055,0.028366452205255313,0.005013820042500855,0.0032504968144538063,0.0032504968144538063,0.0,0.9983746906655578,0.03203873299459442,0.028788236180140616,0.9999528662521396,False
6.22475,1,318,319,2.665875000000047,2.665875000000047,0.0,0.029350827205255378,0.029350827205255378,0.09005687212646539,0.08125368566051164,0.005980904181907029,0.029350827205255378,0.005013820042500855,0.0032407542600376253,0.0032407542600376253,0.0,0.9985035348211126,0.03182659469825738,0.028585840438219757,0.9999576795817949,False
6.25275,1,319,320,2.674695000000047,2.674695000000047,0.0,0.03045332720525542,0.03045332720525542,0.0900736856605118,0.08174996897860475,0.006532154181907049,0.03045332720525542,0.005013820042500855,0.00324509889740495,0.00324509889740495,0.0,0.9985707695136156,0.03163938130605201,0.02839428240864706,0.9999600748617372,False
6.279,1,320,321,2.682963750000048,2.682963750000047,-8.881784197001252e-16,0.03148692095525539,0.015743460477627695,0.090018718978605,0.0806614085466979,0.007565747931907076,0.015743460477627695,0.005013820042500855,0.0032320939373875067,0.0032320939373875067,0.0,0.9986627149461849,0.028576595804789252,0.025344501867401746,0.999961511668089,False
6.30875,1,321,322,2.6923350000000474,2.6923350000000474,0.0,0.016914866727627754,0.016914866727627754,0.09003265854669835,0.08499470645574478,0.005037952090953583,0.016914866727627754,0.005013820042500855,0.0030521323044661063,0.0030521323044661063,0.0,0.9988431631559812,0.030265447025723764,0.027213314721257657,0.9999697960615228,False
6.32475,1,322,323,2.697375000000048,2.697375000000048,0.0,0.017544866727627787,0.017544866727627787,0.09003470645574502,0.08436675436479142,0.0053529520909536,0.017544866727627787,0.005013820042500855,0.003098317449919173,0.003098317449919173,0.0,0.9982091652492223,0.030679948413664414,0.02758163096374524,0.9999458653144201,False
6.3427500000000006,1,323,324,2.703045000000048,2.7030450000000483,4.440892098500626e-16,0.018253616727627816,0.018253616727627816,0.09003675436479161,0.083975052273838,0.005313577090953596,0.018253616727627816,0.005013820042500855,0.0031446560430103414,0.0031446560430103414,0.0,0.9983267579486342,0.03120723825756875,0.02806258221455841,0.9999506380207679,False
6.362,1,324,325,2.7091087500000484,2.7091087500000484,0.0,0.019011585477627872,0.019011585477627872,0.09003880227383838,0.08321913143288474,0.005692561465953624,0.019011585477627872,0.005013820042500855,0.0031891235700133307,0.0031891235700133307,0.0,0.9983297061637383,0.0315558676978598,0.02836674412784647,0.9999509154534898,False
6.38375,1,325,326,2.715960000000049,2.715960000000049,0.0,0.019867991727627914,0.019867991727627914,0.09007038143288498,0.08314242934193133,0.005845139590953644,0.019867991727627914,0.005013820042500855,0.003224534334948486,0.003224534334948486,0.0,0.9984528002590027,0.031800427553658445,0.028575893218709958,0.9999557606030766,False
6.40575,1,326,327,2.7228900000000484,2.722890000000049,4.440892098500626e-16,0.020734241727627934,0.020734241727627934,0.09007242934193135,0.08227822725097772,0.006278264590953654,0.020734241727627934,0.005013820042500855,0.003236192420619356,0.003236192420619356,0.0,0.998490664665715,0.031720109470424626,0.02848391704980527,0.9999571306344613,False
6.4305,1,327,328,2.730686250000049,2.730686250000049,0.0,0.021708772977627987,0.021708772977627987,0.090074477250978,0.08168472828502432,0.007252795840953677,0.021708772977627987,0.005013820042500855,0.0032322107495188867,0.0032322107495188867,0.0,0.9986044571577569,0.028689429186827015,0.025457218437308127,0.9999595932296226,False
6.457,1,328,329,2.7390337500000497,2.7390337500000497,0.0,0.022752210477628057,0.022752210477628057,0.09003222828502484,0.0805990418190711,0.005948911994407032,0.022752210477628057,0.005013820042500855,0.003221388497570437,0.003221388497570437,0.0,0.9987819323533226,0.0315576981213327,0.028336309623762265,0.9999681858291204,False
6.487,1,329,330,2.74848375000005,2.74848375000005,0.0,0.023933460477628128,0.023933460477628128,0.09004904181907158,0.0801384334781178,0.006539536994407067,0.023933460477628128,0.005013820042500855,0.0032174566816914048,0.0032174566816914048,0.0,0.9985800156600867,0.03124109985758581,0.028023643175894404,0.9999601080445152,False
6.5185,1,330,331,2.75840625000005,2.75840625000005,0.0,0.02517377297762817,0.02517377297762817,0.09006093347811801,0.08448547305764109,0.00557546042047692,0.02517377297762817,0.005013820042500855,0.00321960375651556,0.00321960375651556,0.0,0.9986997370802417,0.03196706284007407,0.02874745908355851,0.999964999449089,False
6.53625,1,331,332,2.7639975000000505,2.7639975000000505,0.0,0.02587267922762822,0.02587267922762822,0.09007672305764147,0.08380235638716453,0.005708351045476947,0.02587267922762822,0.005013820042500855,0.0032254096436484274,0.0032254096436484274,0.0,0.9983843687441173,0.031931283122241465,0.028705873478593037,0.9999531996841236,False
6.556,1,332,333,2.770218750000051,2.7702187500000512,4.440892098500626e-16,0.026650335477628267,0.026650335477628267,0.09002360638716486,0.08353759909168788,0.0060971791704769705,0.026650335477628267,0.005013820042500855,0.003228583096501041,0.003228583096501041,0.0,0.9984376564653054,0.03195577679138461,0.02872719369488357,0.9999552598003474,False
6.5767500000000005,1,333,334,2.776755000000051,2.776755000000051,0.0,0.027467366727628294,0.027467366727628294,0.09007384909168803,0.08277081054621105,0.005332034122203606,0.027467366727628294,0.005013820042500855,0.0032346561356119807,0.0032346561356119807,0.0,0.9985354295642211,0.032019306014721,0.028784649879109017,0.999959057060584,False
6.59975,1,334,335,2.7840000000000513,2.7840000000000518,4.440892098500626e-16,0.028372991727628364,0.028372991727628364,0.0900158105462115,0.08219597512573448,0.005784846622203641,0.028372991727628364,0.005013820042500855,0.0032384042339067124,0.0032384042339067124,0.0,0.9983748451759337,0.03192414978446398,0.028685745550557265,0.9999528171384854,False
6.62475,1,335,336,2.7918750000000516,2.7918750000000516,0.0,0.029357366727628394,0.029357366727628394,0.0900709751257346,0.08126676470525757,0.005981721622203647,0.029357366727628394,0.005013820042500855,0.003230100271354461,0.003230100271354461,0.0,0.9985036647477932,0.03171260802258618,0.02848250775123172,0.9999576301313791,False
6.6525,1,336,337,2.800616250000052,2.800616250000052,0.0,0.030450022977628458,0.030450022977628458,0.0900080147052579,0.0816933243330542,0.0065280497472036784,0.030450022977628458,0.005013820042500855,0.00322629282640681,0.00322629282640681,0.0,0.998568831446358,0.03145359747527077,0.028227304648863957,0.9999599114148428,False
6.679,1,337,338,2.8089637500000526,2.8089637500000526,0.0,0.031493460477628445,0.015746730238814222,0.09004082433305458,0.08068269646085081,0.007571487247203718,0.015746730238814222,0.005013820042500855,0.00321805227908893,0.00321805227908893,0.0,0.99866367180355,0.02843003262352354,0.025211980344434608,0.9999614786125609,False
6.70875,1,338,339,2.8183350000000527,2.8183350000000527,0.0,0.01691813648881428,0.01691813648881428,0.09005394646085127,0.08501558564974937,0.0050383608111019005,0.01691813648881428,0.005013820042500855,0.0030426406658087117,0.0030426406658087117,0.0,0.9988438861595238,0.03015009985585885,0.027107459190050136,0.9999697697045914,False
6.72475,1,339,340,2.8233750000000533,2.8233750000000533,0.0,0.017548136488814314,0.017548136488814314,0.09005558564974961,0.08438722483864769,0.005353360811101917,0.017548136488814314,0.005013820042500855,0.003080556311524844,0.003080556311524844,0.0,0.9982092067532798,0.030499199185357873,0.027418642873833027,0.9999457800182151,False
6.74275,1,340,341,2.829045000000053,2.829045000000053,0.0,0.018256886488814343,0.018256886488814343,0.09005722483864788,0.08399511402754596,0.005313985811101923,0.018256886488814343,0.005013820042500855,0.0031256031305732057,0.0031256031305732057,0.0,0.9983267770327103,0.031010041439785446,0.02788443830921224,0.9999505438309922,False
6.7620000000000005,1,341,342,2.8351087500000536,2.8351087500000536,0.0,0.019014855238814365,0.019014855238814365,0.09005886402754607,0.08323878446644414,0.005692970186101934,0.019014855238814365,0.005013820042500855,0.0031694884966909902,0.0031694884966909902,0.0,0.9983297221336527,0.031353847281507786,0.028184358784816795,0.9999508187744229,False
6.7835,1,342,343,2.841881250000054,2.841881250000054,0.0,0.01986141773881443,0.01986141773881443,0.09001128446644455,0.0830927674053426,0.005843087373601958,0.01986141773881443,0.005013820042500855,0.0032048929586290338,0.0032048929586290338,0.0,0.9984504463483285,0.03161297732100134,0.028408084362372302,0.999955579841759,False
6.8055,1,343,344,2.8488112500000535,2.8488112500000535,0.0,0.02072766773881445,0.02072766773881445,0.09002276740534262,0.08223800034424067,0.006276212373601968,0.02072766773881445,0.005013820042500855,0.0032190084767099725,0.0032190084767099725,0.0,0.9984901117443472,0.031557001173153396,0.028337992696443423,0.9999570309028583,False
6.83025,1,344,345,2.856607500000054,2.856607500000054,0.0,0.0217021989888145,0.0217021989888145,0.09003425034424095,0.08165393640813894,0.007250743623601991,0.0217021989888145,0.005013820042500855,0.0032226193298876995,0.0032226193298876995,0.0,0.998604009614485,0.02859433119114002,0.02537171186125232,0.9999595313036101,False
6.85675,1,345,346,2.8649550000000548,2.8649550000000548,0.0,0.022745636488814572,0.022745636488814572,0.09000143640813946,0.08057768497203738,0.0059472684972036605,0.022745636488814572,0.005013820042500855,0.003202899633736073,0.003202899633736073,0.0,0.9987815348138293,0.031374404146165415,0.028171504512429342,0.9999680827270705,False
6.88675,1,346,347,2.8744050000000554,2.8744050000000554,0.0,0.023926886488814643,0.023926886488814643,0.09002768497203788,0.08011912884843578,0.006537893497203696,0.023926886488814643,0.005013820042500855,0.003202899506639968,0.003202899506639968,0.0,0.9985796118157554,0.031100487648897487,0.02789758814225752,0.9999600252483949,False
6.9182500000000005,1,347,348,2.8843275000000554,2.8843275000000554,0.0,0.025167198988814685,0.025167198988814685,0.09004162884843597,0.0844671945366349,0.005574434311801077,0.025167198988814685,0.005013820042500855,0.003207656567518267,0.003207656567518267,0.0,0.9986993998442341,0.03184797761283648,0.028640321045318214,0.9999649298593218,False
6.936,1,348,349,2.8899187500000556,2.8899187500000556,0.0,0.025866105238814736,0.025866105238814736,0.0900584445366353,0.08378510397483419,0.005707324936801104,0.025866105238814736,0.005013820042500855,0.0032138952959153955,0.0032138952959153955,0.0,0.9983840444302864,0.03180820820074473,0.028594312904829337,0.9999531279935588,False
6.95575,1,349,350,2.896140000000056,2.896140000000056,0.0,0.026643761488814782,0.026643761488814782,0.0900063539748345,0.08352137278803339,0.006096153061801128,0.026643761488814782,0.005013820042500855,0.003211839440711178,0.003211839440711178,0.0,0.9984373232153085,0.03178433229536937,0.028572492854658196,0.9999551644980602,False
6.9765,1,350,351,2.9026762500000562,2.9026762500000562,0.0,0.02746079273881481,0.02746079273881481,0.09005762278803353,0.0827556103512324,0.00533121237360192,0.02746079273881481,0.005013820042500855,0.003216605576303712,0.003216605576303712,0.0,0.9985351195938404,0.03184011834807821,0.028623512771774502,0.9999589589614317,False
6.9995,1,351,352,2.9099212500000564,2.9099212500000564,0.0,0.02836641773881488,0.02836641773881488,0.09000061035123284,0.08218180103943168,0.005784024873601955,0.02836641773881488,0.005013820042500855,0.003225115897259607,0.003225115897259607,0.0,0.9983745621459712,0.03180026007614503,0.028575144178885424,0.9999527466261621,False
7.0245,1,352,353,2.9177962500000567,2.9177962500000567,0.0,0.02935079273881491,0.02935079273881491,0.0900568010394318,0.0812536167276306,0.005980899873601961,0.02935079273881491,0.005013820042500855,0.0032222472906468895,0.0032222472906468895,0.0,0.9985034417392488,0.03163277315673091,0.02841052586608402,0.9999575832137545,False
7.0525,1,353,354,2.926616250000057,2.926616250000057,0.0,0.030453292738814985,0.030453292738814985,0.09007361672763103,0.08174990435402901,0.006532149873601999,0.030453292738814985,0.005013820042500855,0.0032118965472296775,0.0032118965472296775,0.0,0.998570603767484,0.03130558010168295,0.028093683554453276,0.9999599088982404,False
7.07875,1,354,355,2.9348850000000573,2.9348850000000573,0.0,0.031486886488814925,0.015743443244407462,0.090018654354029,0.08066134823042695,0.00756574362360199,0.015743443244407462,0.005013820042500855,0.003208938865968829,0.003208938865968829,0.0,0.9986626007202785,0.0283302995877608,0.025121360721791972,0.9999613909964824,False
7.1085,1,355,356,2.944256250000058,2.944256250000058,0.0,0.016914849494407556,0.016914849494407556,0.0900325982304277,0.08499464829362663,0.005037949936801058,0.016914849494407556,0.005013820042500855,0.0030390674968391734,0.0030390674968391734,0.0,0.9988430982793916,0.030104984310979556,0.027065916814140382,0.9999697180974774,False
7.1245,1,356,357,2.9492962500000584,2.9492962500000584,0.0,0.01754484949440759,0.01754484949440759,0.09003464829362688,0.08436669835682581,0.005352949936801074,0.01754484949440759,0.005013820042500855,0.003064457903510122,0.003064457903510122,0.0,0.9982089951857998,0.030337219059720102,0.027272761156209982,0.9999456940654199,False
7.1425,1,357,358,2.9549662500000586,2.9549662500000586,0.0,0.018253599494407618,0.018253599494407618,0.090036698356826,0.08397499842002491,0.00531357493680108,0.018253599494407618,0.005013820042500855,0.003109325461316438,0.003109325461316438,0.0,0.9983265815057017,0.030839788767244025,0.027730463305927586,0.9999504543923393,False
7.1617500000000005,1,358,359,2.9610300000000587,2.9610300000000587,0.0,0.01901156824440764,0.01901156824440764,0.09003874842002502,0.08321907973322393,0.005692559311801091,0.01901156824440764,0.005013820042500855,0.003154089106632635,0.003154089106632635,0.0,0.9983295314812257,0.031191928300764143,0.028037839194131508,0.9999507334898471,False
7.1835,1,359,360,2.9678812500000586,2.967881250000059,4.440892098500626e-16,0.01986797449440768,0.01986797449440768,0.09007032973322417,0.08314237979642307,0.005845137436801101,0.01986797449440768,0.005013820042500855,0.003188465980781663,0.003188465980781663,0.0,0.9984526194950756,0.031451471211308174,0.028263005230526512,0.9999555859062157,False
7.2055,1,360,361,2.974811250000059,2.974811250000059,0.0,0.020734224494407736,0.020734224494407736,0.09007237979642338,0.08227817985962226,0.006278262436801128,0.020734224494407736,0.005013820042500855,0.003201487067442158,0.003201487067442158,0.0,0.998490490693977,0.03138821313731287,0.02818672606987071,0.9999569645690004,False
7.23025,1,361,362,2.9826075000000594,2.9826075000000594,0.0,0.02170875574440779,0.02170875574440779,0.09007442985962254,0.08168468304782137,0.007252793686801151,0.02170875574440779,0.005013820042500855,0.0032136809518818372,0.0032136809518818372,0.0,0.9986043643444956,0.02851016025813237,0.025296479306250532,0.9999595046398156,False
7.25675,1,362,363,2.99095500000006,2.99095500000006,0.0,0.02275219324440786,0.02275219324440786,0.09003218304782187,0.08059899873602064,0.005948907686101982,0.02275219324440786,0.005013820042500855,0.0031869983807315413,0.0031869983807315413,0.0,0.9987817614689026,0.031210244230658116,0.028023245849926576,0.9999680132273916,False
7.2867500000000005,1,363,364,3.00040500000006,3.00040500000006,0.0,0.023933443244407895,0.023933443244407895,0.09004899873602085,0.08013839254921959,0.0065395326861020005,0.023933443244407895,0.005013820042500855,0.00318760645398241,0.00318760645398241,0.0,0.9985798662066663,0.03095106170157068,0.02776345524758827,0.9999599637598939,False
7.31825,1,364,365,3.0103275000000607,3.0103275000000607,0.0,0.025173755744407972,0.025173755744407972,0.09006089254922009,0.08448543320581943,0.005575459343400666,0.025173755744407972,0.005013820042500855,0.003195094515665437,0.003195094515665437,0.0,0.9986996153690969,0.03172571279444404,0.028530618278778605,0.99996488036636,False
7.336,1,365,366,3.015918750000061,3.015918750000061,0.0,0.025872661994407988,0.025872661994407988,0.09007668320581953,0.08380231761241888,0.005708349968400667,0.025872661994407988,0.005013820042500855,0.003204212078261989,0.003204212078261989,0.0,0.9983842628308764,0.0317055669497668,0.02850135487150481,0.9999530870112942,False
7.3557500000000005,1,366,367,3.022140000000061,3.022140000000061,0.0,0.026650318244408035,0.026650318244408035,0.0900235676124192,0.08353756139401851,0.00609717809340069,0.026650318244408035,0.005013820042500855,0.0031994637129103914,0.0031994637129103914,0.0,0.9984375112645395,0.031653542364024526,0.028454078651114136,0.9999551086872253,False
7.3765,1,367,368,3.0286762500000615,3.0286762500000615,0.0,0.027467349494408096,0.027467349494408096,0.09007381139401893,0.0827707739256182,0.005332031968051081,0.027467349494408096,0.005013820042500855,0.003201806037664506,0.003201806037664506,0.0,0.9985352656290576,0.031687361011663015,0.02848555497399851,0.9999588909892522,False
7.3995,1,368,369,3.0359212500000616,3.0359212500000616,0.0,0.02837297449440813,0.02837297449440813,0.09001577392561837,0.08219593958221763,0.005784844468051099,0.02837297449440813,0.005013820042500855,0.003210612178654587,0.003210612178654587,0.0,0.9983747053177582,0.03166409251406811,0.028453480335413527,0.99995268676558,False
7.4245,1,369,370,3.043796250000062,3.043796250000062,0.0,0.029357349494408196,0.029357349494408196,0.09007093958221804,0.08126673023881724,0.005981719468051132,0.029357349494408196,0.005013820042500855,0.0032143273095304806,0.0032143273095304806,0.0,0.9985035851677581,0.03155853636822621,0.02834420905869573,0.9999575531088329,False
7.45225,1,370,371,3.0525375000000623,3.0525375000000623,0.0,0.03045000574440826,0.03045000574440826,0.09000798023881756,0.08169329202076642,0.006528047593051163,0.03045000574440826,0.005013820042500855,0.003201214746357398,0.003201214746357398,0.0,0.9985687071163132,0.031188896377480083,0.027987681631122686,0.999959780408819,False
7.47875,1,371,372,3.0608850000000625,3.0608850000000625,0.0,0.03149344324440821,0.015746721622204106,0.09004079202076651,0.0806826663027153,0.007571485093051167,0.015746721622204106,0.005013820042500855,0.003200938432852068,0.003200938432852068,0.0,0.9986635875750101,0.028248610270985956,0.02504767183813389,0.9999613899622802,False
7.5085,1,372,373,3.070256250000063,3.070256250000063,0.0,0.016918127872204165,0.016918127872204165,0.09005391630271575,0.08501555656869011,0.00503835973402563,0.016918127872204165,0.005013820042500855,0.0030357973364463792,0.0030357973364463792,0.0,0.9988438505003547,0.03007946345294417,0.02704366611649779,0.999969734889865,False
7.5245,1,373,374,3.075296250000063,3.075296250000063,0.0,0.017548127872204198,0.017548127872204198,0.09005555656869037,0.08438719683466472,0.005353359734025647,0.017548127872204198,0.005013820042500855,0.003048461313678462,0.003048461313678462,0.0,0.998209045624131,0.030182168746364008,0.027133707432685547,0.9999456214687652,False
7.5425,1,374,375,3.0809662500000634,3.0809662500000634,0.0,0.018256877872204227,0.018256877872204227,0.09005719683466491,0.08399508710063926,0.0053139847340256475,0.018256877872204227,0.005013820042500855,0.0030948219014153124,0.0030948219014153124,0.0,0.9983266232277371,0.030695291181904352,0.02760046928048904,0.9999503865959936,False
7.56175,1,375,376,3.087030000000064,3.087030000000064,0.0,0.019014846622204283,0.019014846622204283,0.09005883710063964,0.08323875861661395,0.005692969109025676,0.019014846622204283,0.005013820042500855,0.003142631288921351,0.003142631288921351,0.0,0.9983295884570952,0.031072783677924355,0.027930152389003003,0.9999506782463039,False
7.5832500000000005,1,376,377,3.0938025000000637,3.0938025000000637,0.0,0.019861409122204313,0.019861409122204313,0.09001125861661409,0.0830927426325884,0.005843086296525683,0.019861409122204313,0.005013820042500855,0.003170810265584066,0.003170810265584066,0.0,0.9984502763172313,0.031272180318866166,0.0281013700532821,0.9999554096151656,False
7.60525,1,377,378,3.1007325000000643,3.1007325000000643,0.0,0.020727659122204367,0.020727659122204367,0.0900227426325887,0.082237976648563,0.0062762112965257105,0.020727659122204367,0.005013820042500855,0.0031854477793613343,0.0031854477793613343,0.0,0.9984899442609829,0.031226781046960986,0.028041333267599652,0.9999568660431926,False
7.63,1,378,379,3.1085287500000645,3.1085287500000645,0.0,0.02170219037220442,0.02170219037220442,0.09003422664856328,0.08165391378953753,0.007250742546525734,0.02170219037220442,0.005013820042500855,0.0032042407163787316,0.0032042407163787316,0.0,0.9986039173470281,0.028424498425075245,0.025220257708696514,0.9999594469392654,False
7.6565,1,379,380,3.1168762500000646,3.1168762500000646,0.0,0.022745627872204455,0.022745627872204455,0.09000141378953777,0.08057766343051198,0.005947266343051123,0.022745627872204455,0.005013820042500855,0.0031754063826462276,0.0031754063826462276,0.0,0.9987813989622689,0.0310844192701535,0.027909012887507273,0.9999679392705947,False
7.6865000000000006,1,380,381,3.126326250000065,3.126326250000065,0.0,0.023926877872204527,0.023926877872204527,0.09002766343051248,0.08011910838398664,0.006537891343051158,0.023926877872204527,0.005013820042500855,0.003173084189884733,0.003173084189884733,0.0,0.998579463283657,0.03080598330554663,0.0276328991156619,0.9999598789088627,False
7.718,1,381,382,3.1362487500000658,3.1362487500000658,0.0,0.025167190372204603,0.025167190372204603,0.09004160838398714,0.08446717461072417,0.0055744337732629564,0.025167190372204603,0.005013820042500855,0.0031817049525153613,0.0031817049525153613,0.0,0.9986992711097358,0.031595211879954205,0.028413506927438843,0.9999648048167799,False
7.73575,1,382,383,3.141840000000066,3.141840000000066,0.0,0.02586609662220462,0.02586609662220462,0.09005842461072429,0.08378508458746134,0.005707324398262958,0.02586609662220462,0.005013820042500855,0.0031959155657753477,0.0031959155657753477,0.0,0.9983839546197881,0.031617919890989825,0.028422004325214478,0.9999530330319732,False
7.7555000000000005,1,383,384,3.148061250000066,3.148061250000066,0.0,0.026643752872204666,0.026643752872204666,0.09000633458746166,0.08352135393919868,0.006096152523262981,0.026643752872204666,0.005013820042500855,0.003189157029697755,0.003189157029697755,0.0,0.9984372103472527,0.031544408036686324,0.028355251006988567,0.999955044538702,False
7.77625,1,384,385,3.1545975000000666,3.154597500000066,-4.440892098500626e-16,0.027460784122204727,0.027460784122204727,0.0900576039391991,0.08275559204093608,0.005331211296525669,0.027460784122204727,0.005013820042500855,0.003191926592912467,0.003191926592912467,0.0,0.9985349969807676,0.031580388598604854,0.028388462005692387,0.9999588291153207,False
7.79925,1,385,386,3.1618425000000663,3.1618425000000663,0.0,0.028366409122204762,0.028366409122204762,0.09000059204093624,0.08218178326767323,0.005784023796525687,0.028366409122204762,0.005013820042500855,0.0031965562742442576,0.0031965562742442576,0.0,0.9983744190391404,0.0315281864975135,0.028331630223269243,0.9999526104463463,False
7.82425,1,386,387,3.169717500000067,3.169717500000067,0.0,0.029350784122204827,0.029350784122204827,0.09005678326767362,0.08125359949441054,0.00598089879652571,0.029350784122204827,0.005013820042500855,0.003205681302192969,0.003205681302192969,0.0,0.9985033581670765,0.03148034861177746,0.02827466730958449,0.9999575067150767,False
7.85225,1,387,388,3.178537500000067,3.178537500000067,0.0,0.03045328412220487,0.03045328412220487,0.09007359949441068,0.08174988819788495,0.0065321487965257306,0.03045328412220487,0.005013820042500855,0.0031942563753041965,0.0031942563753041965,0.0,0.998570516594079,0.03111456588814214,0.027920309512837943,0.9999598146387737,False
7.8785,1,388,389,3.1868062500000676,3.1868062500000676,0.0,0.03148687787220484,0.01574343893610242,0.09001863819788522,0.08066133315135944,0.007565742546525757,0.01574343893610242,0.005013820042500855,0.003196348076988634,0.003196348076988634,0.0,0.9986625381857084,0.02820653806321506,0.02501018998622643,0.9999613301997133,False
7.90825,1,389,390,3.1961775000000676,3.1961775000000676,0.0,0.01691484518610248,0.01691484518610248,0.0900325831513599,0.08499463375309696,0.005037949398262923,0.01691484518610248,0.005013820042500855,0.003027926184331197,0.003027926184331197,0.0,0.9988430394662495,0.030021169402857442,0.026993243218526246,0.9999696749282103,False
7.92425,1,390,391,3.201217500000068,3.201217500000068,0.0,0.017544845186102512,0.017544845186102512,0.09003463375309721,0.08436668435483427,0.00535294939826294,0.017544845186102512,0.005013820042500855,0.003031195647359469,0.003031195647359469,0.0,0.9982088281532198,0.03001886887324652,0.026987673225887052,0.999945534677951,False
7.9422500000000005,1,391,392,3.206887500000068,3.206887500000068,0.0,0.01825359518610254,0.01825359518610254,0.09003668435483447,0.08397498495657152,0.005313574398262937,0.01825359518610254,0.005013820042500855,0.0030807026227280977,0.0030807026227280977,0.0,0.9983264383189429,0.030552474033920474,0.027471771411192378,0.9999503109168523,False
7.9615,1,392,393,3.2129512500000685,3.2129512500000685,0.0,0.019011563936102597,0.019011563936102597,0.0900387349565719,0.08321906680830891,0.005692558773262965,0.019011563936102597,0.005013820042500855,0.0031306695729091992,0.0031306695729091992,0.0,0.998329414735657,0.030950088724410053,0.027819419151500855,0.9999506125862345,False
7.98325,1,393,394,3.219802500000069,3.219802500000069,0.0,0.01986797018610264,0.01986797018610264,0.09007031680830914,0.08314236741004616,0.005845136898262984,0.01986797018610264,0.005013820042500855,0.0031587203184620157,0.0031587203184620157,0.0,0.9984524715831283,0.031147202295472826,0.027988481977010808,0.9999554341808365,False
8.00525,1,394,395,3.2267325000000686,3.226732500000069,4.440892098500626e-16,0.02073422018610266,0.02073422018610266,0.09007236741004615,0.08227816801178317,0.006278261898262994,0.02073422018610266,0.005013820042500855,0.003174277485626237,0.003174277485626237,0.0,0.9984903557182975,0.031108376089862666,0.02793409860423643,0.9999568254090915,False
8.03,1,395,396,3.2345287500000692,3.2345287500000692,0.0,0.021708751436102746,0.021708751436102746,0.0900744180117836,0.08168467173852056,0.007252793148263024,0.021708751436102746,0.005013820042500855,0.0031948598804334353,0.0031948598804334353,0.0,0.9986042698927301,0.028340602959901623,0.025145743079468187,0.9999594202171106,False
8.0565,1,396,397,3.2428762500000694,3.2428762500000694,0.0,0.022752188936102816,0.022752188936102816,0.09003217173852104,0.08059898796525795,0.005948906609025722,0.022752188936102816,0.005013820042500855,0.0031694310255820884,0.0031694310255820884,0.0,0.9987816752463009,0.031012993702933964,0.027843562677351875,0.9999679162068177,False
8.086500000000001,1,397,398,3.25232625000007,3.25232625000007,0.0,0.023933438936102853,0.023933438936102853,0.0900489879652581,0.08013838231699501,0.00653953160902574,0.023933438936102853,0.005013820042500855,0.003161469263885407,0.003161469263885407,0.0,0.9985797365827989,0.030686135120888268,0.02752466585700286,0.9999598324492851,False
8.118,1,398,399,3.26224875000007,3.2622487500000696,-4.440892098500626e-16,0.025173751436102895,0.025173751436102895,0.0900608823169951,0.08448542324286354,0.005575459074131571,0.025173751436102895,0.005013820042500855,0.0031686612590466423,0.0031686612590466423,0.0,0.998699484471966,0.031466283444344774,0.028297622185298132,0.9999647519460794,False
8.13575,1,399,400,3.2678400000000707,3.2678400000000707,0.0,0.02587265768610298,0.02587265768610298,0.0900766732428642,0.08380230791873257,0.0057083496991316126,0.02587265768610298,0.005013820042500855,0.0031889475363874606,0.0031889475363874606,0.0,0.9983841865659867,0.03154580375336552,0.02835685621697806,0.9999530072674238,False
8.1555,1,400,401,3.2740612500000705,3.27406125000007,-4.440892098500626e-16,0.026650313936102957,0.026650313936102957,0.09002355791873229,0.08353755196960075,0.006097177824131601,0.026650313936102957,0.005013820042500855,0.0031805417764115104,0.0031805417764115104,0.0,0.9984374170598624,0.031453592323845175,0.028273050547433665,0.9999550087267425,False
8.17625,1,401,402,3.280597500000071,3.280597500000071,0.0,0.027467345186103054,0.027467345186103054,0.09007380196960138,0.08277076477046978,0.0053320314295129245,0.027467345186103054,0.005013820042500855,0.003182686613481091,0.003182686613481091,0.0,0.9985351708891539,0.03148116162395923,0.028298475010478143,0.9999587879124929,False
8.199250000000001,1,402,403,3.287842500000071,3.287842500000071,0.0,0.02837297018610309,0.02837297018610309,0.09001576477046985,0.08219593069633821,0.005784843929512942,0.02837297018610309,0.005013820042500855,0.0031828948254554765,0.0031828948254554765,0.0,0.9983745670013043,0.03139060366299751,0.02820770883754203,0.9999525501567178,False
8.22425,1,403,404,3.2957175000000714,3.2957175000000714,0.0,0.029357345186103154,0.029357345186103154,0.09007093069633851,0.08126672162220681,0.005981718929512983,0.029357345186103154,0.005013820042500855,0.00319657022305702,0.00319657022305702,0.0,0.9985034958432695,0.03139915477075291,0.02820258454769589,0.9999574731084213,False
8.252,1,404,405,3.3044587500000713,3.3044587500000713,0.0,0.030450001436103182,0.030450001436103182,0.09000797162220671,0.08169328394269382,0.006528047054512997,0.030450001436103182,0.005013820042500855,0.0031933174150860486,0.0031933174150860486,0.0,0.9985686678803367,0.031103278374485413,0.027909960959399363,0.9999597382648489,False
8.2785,1,405,406,3.3128062500000715,3.3128062500000715,0.0,0.031493438936103166,0.015746719468051583,0.09004078394269407,0.08068265876318109,0.007571484554513006,0.015746719468051583,0.005013820042500855,0.003190849560413632,0.003190849560413632,0.0,0.998663537158783,0.028156154998227975,0.024965305437814344,0.9999613443297618,False
8.308250000000001,1,406,407,3.322177500000072,3.322177500000072,0.0,0.01691812571805164,0.01691812571805164,0.09005390876318153,0.085015549298425,0.005038359464756522,0.01691812571805164,0.005013820042500855,0.0030139330513851113,0.0030139330513851113,0.0,0.99884373753186,0.029908188423555693,0.02689425537217058,0.9999696470389533,False
8.324250000000001,1,407,408,3.327217500000072,3.327217500000072,0.0,0.017548125718051675,0.017548125718051675,0.09005554929842524,0.08438718983366872,0.005353359464756539,0.017548125718051675,0.005013820042500855,0.0030128425820291336,0.0030128425820291336,0.0,0.9982088668252247,0.029846168585297574,0.02683332600326844,0.9999454531766623,False
8.34225,1,408,409,3.332887500000072,3.332887500000072,0.0,0.01825687571805167,0.01825687571805167,0.09005718983366859,0.0839950803689121,0.005313984464756529,0.01825687571805167,0.005013820042500855,0.003067687806668645,0.003067687806668645,0.0,0.9983264876043821,0.03042338693193037,0.027355699125261725,0.9999502507647945,False
8.3615,1,409,410,3.3389512500000724,3.3389512500000724,0.0,0.01901484446805176,0.01901484446805176,0.0900588303689127,0.08323875215415616,0.005692968839756575,0.01901484446805176,0.005013820042500855,0.003120107967264632,0.003120107967264632,0.0,0.9983294759274792,0.030843549567988758,0.027723441600724125,0.9999505637047732,False
8.383000000000001,1,410,411,3.3457237500000723,3.3457237500000723,0.0,0.01986140696805179,0.01986140696805179,0.09001125215415619,0.08309273643939964,0.005843086027256599,0.01986140696805179,0.005013820042500855,0.0031465933709125767,0.0031465933709125767,0.0,0.9984501564504906,0.0310144257514251,0.027867832380512523,0.9999552814902869,False
8.405,1,411,412,3.352653750000073,3.352653750000073,0.0,0.020727656968051844,0.020727656968051844,0.09002273643939981,0.08223797072464326,0.006276211027256626,0.020727656968051844,0.005013820042500855,0.0031632133144334153,0.0031632133144334153,0.0,0.9984898346723858,0.030987038858836594,0.02782382554440318,0.9999567473446543,False
8.42975,1,412,413,3.3604500000000725,3.3604500000000725,0.0,0.021702188218051862,0.021702188218051862,0.09003422072464312,0.08165390813488657,0.007250742277256586,0.021702188218051862,0.005013820042500855,0.0031834632494024536,0.0031834632494024536,0.0,0.9986038133051318,0.028236521062318207,0.025053057812915752,0.999959353267468,False
8.45625,1,413,414,3.368797500000073,3.368797500000073,0.0,0.022745625718051932,0.022745625718051932,0.09000140813488705,0.08057765804513042,0.005947265804513001,0.022745625718051932,0.005013820042500855,0.0031695817910747325,0.0031695817910747325,0.0,0.9987813711495124,0.031004226267490553,0.027834644476415822,0.999967900626669,False
8.48625,1,414,415,3.3782475000000733,3.3782475000000733,0.0,0.02392687571805197,0.02392687571805197,0.09002765804513058,0.08011910326787391,0.006537890804513019,0.02392687571805197,0.005013820042500855,0.0031554567724706517,0.0031554567724706517,0.0,0.9985793763530645,0.030621033144795445,0.027465576372324794,0.9999597877215425,False
8.51775,1,415,416,3.388170000000074,3.388170000000074,0.0,0.02516718821805208,0.02516718821805208,0.09004160326787458,0.08446716962924619,0.0055744336386283865,0.02516718821805208,0.005013820042500855,0.0031591189927998005,0.0031591189927998005,0.0,0.9986991596551251,0.03136863171907716,0.02820951272627736,0.9999646928849127,False
8.5355,1,416,417,3.393761250000074,3.3937612500000744,4.440892098500626e-16,0.025866094468052096,0.025866094468052096,0.09005841962924628,0.08378507974061791,0.005707324263628393,0.025866094468052096,0.005013820042500855,0.003184378628097642,0.003184378628097642,0.0,0.9983838968813488,0.03150016604620369,0.02831578741810605,0.9999529741886117,False
8.555250000000001,1,417,418,3.3999825000000747,3.3999825000000747,0.0,0.026643750718052143,0.026643750718052143,0.0900063297406182,0.08352134922698981,0.006096152388628416,0.026643750718052143,0.005013820042500855,0.0031750027039617336,0.0031750027039617336,0.0,0.9984371397808839,0.031393853638440196,0.028218850934478464,0.9999549693831327,False
8.576,1,418,419,3.4065187500000746,3.4065187500000746,0.0,0.02746078196805217,0.02746078196805217,0.09005759922698989,0.08275558746336151,0.005331211027256564,0.02746078196805217,0.005013820042500855,0.003176682254290097,0.003176682254290097,0.0,0.9985349213225841,0.0314163456618352,0.028239663407545107,0.999958747102597,False
8.599,1,419,420,3.413763750000075,3.413763750000075,0.0,0.028366406968052205,0.028366406968052205,0.09000058746336156,0.0821817788247332,0.005784023527256581,0.028366406968052205,0.005013820042500855,0.003170710234852948,0.003170710234852948,0.0,0.9983742906777626,0.03126099723944692,0.02809028700459397,0.9999524773610647,False
8.624,1,420,421,3.421638750000075,3.421638750000075,0.0,0.02935078196805227,0.02935078196805227,0.09005677882473348,0.08125359518610503,0.005980898527256622,0.02935078196805227,0.005013820042500855,0.003182499034076671,0.003182499034076671,0.0,0.9985032420535738,0.03126584038343292,0.02808334134935625,0.9999573992494094,False
8.652000000000001,1,421,422,3.430458750000075,3.430458750000075,0.0,0.030453281968052345,0.030453281968052345,0.09007359518610532,0.08174988415884872,0.00653214852725666,0.030453281968052345,0.005013820042500855,0.0031892079927821337,0.0031892079927821337,0.0,0.998570491127952,0.0310648017772448,0.027875593784462666,0.9999597899364062,False
8.67825,1,422,423,3.438727500000075,3.4387275000000748,-4.440892098500626e-16,0.03148687571805228,0.01574343785902614,0.09001863415884861,0.080661329381592,0.007565742277256622,0.01574343785902614,0.005013820042500855,0.003185584534403125,0.003185584534403125,0.0,0.9986624842343542,0.02811773246054304,0.024932147926139916,0.9999612860828625,False
8.708,1,423,424,3.4480987500000757,3.4480987500000757,0.0,0.0169148441090262,0.0169148441090262,0.09003257938159244,0.0849946301179641,0.005037949263628342,0.0169148441090262,0.005013820042500855,0.002996631377091523,0.002996631377091523,0.0,0.9988428801430719,0.029759485678294034,0.02676285430120251,0.9999695421164367,False
8.724,1,424,425,3.453138750000076,3.4531387500000754,-4.440892098500626e-16,0.017544844109026233,0.017544844109026233,0.09003463011796432,0.08436668085433599,0.005352949263628359,0.017544844109026233,0.005013820042500855,0.0029974136116683674,0.0029974136116683674,0.0,0.9982086586880853,0.029698082322382392,0.026700668710714026,0.999945374051958,False
8.742,1,425,426,3.458808750000076,3.458808750000076,0.0,0.018253594109026296,0.018253594109026296,0.09003668085433641,0.08397498159070803,0.005313574263628384,0.018253594109026296,0.005013820042500855,0.003057738236703729,0.003057738236703729,0.0,0.9983263234359206,0.030327294920099356,0.027269556683395625,0.9999501983154402,False
8.76125,1,426,427,3.464872500000076,3.464872500000076,0.0,0.019011562859026318,0.019011562859026318,0.09003873159070808,0.08321906357707971,0.005692558638628394,0.019011562859026318,0.005013820042500855,0.0031128017325536437,0.0031128017325536437,0.0,0.9983293253255455,0.03076936866896867,0.027656566936415026,0.999950522348891,False
8.783,1,427,428,3.4717237500000766,3.4717237500000766,0.0,0.019867969109026395,0.019867969109026395,0.09007031357708012,0.08314236431345173,0.00584513676362843,0.019867969109026395,0.005013820042500855,0.0031390087972810944,0.0031390087972810944,0.0,0.9984523741460876,0.030934731000739554,0.02779572220345846,0.9999553286726377,False
8.805,1,428,429,3.4786537500000767,3.4786537500000767,0.0,0.02073421910902645,0.02073421910902645,0.09007236431345192,0.08227816504982352,0.006278261763628458,0.02073421910902645,0.005013820042500855,0.0031573139124495913,0.0031573139124495913,0.0,0.9984902724464839,0.03091926345796392,0.02776194954551433,0.9999567320931159,False
8.82975,1,429,430,3.4864500000000764,3.486450000000077,4.440892098500626e-16,0.021708750359026467,0.021708750359026467,0.09007441504982339,0.08168466891119497,0.007252793013628417,0.021708750359026467,0.005013820042500855,0.0031700706156078213,0.0031700706156078213,0.0,0.9986041461688657,0.028107499756277132,0.02493742914066931,0.9999593040359823,False
8.856250000000001,1,430,431,3.494797500000077,3.494797500000077,0.0,0.022752187859026538,0.022752187859026538,0.09003216891119545,0.08059898527256695,0.005948906339756652,0.022752187859026538,0.005013820042500855,0.003168569141794739,0.003168569141794739,0.0,0.9987816716936443,0.030988662535002612,0.027820093393207873,0.9999679050866517,False
8.88625,1,431,432,3.5042475000000772,3.5042475000000772,0.0,0.023933437859026574,0.023933437859026574,0.0900489852725671,0.08013837975893863,0.00653953133975667,0.023933437859026574,0.005013820042500855,0.003150861312828762,0.003150861312828762,0.0,0.9985796844937735,0.030570956080074693,0.027420094767245932,0.9999597759781106,False
8.91775,1,432,433,3.514170000000078,3.5141700000000777,-4.440892098500626e-16,0.025173750359026685,0.025173750359026685,0.09006087975893928,0.08448542075212498,0.005575459006814302,0.025173750359026685,0.005013820042500855,0.0031542090557630685,0.0031542090557630685,0.0,0.9986994138036489,0.03131555870351532,0.028161349647752253,0.9999646780485959,False
8.9355,1,433,434,3.519761250000078,3.519761250000078,0.0,0.0258726566090267,0.0258726566090267,0.09007667075212507,0.08380230549531079,0.005708349631814309,0.0258726566090267,0.005013820042500855,0.003184166826064119,0.003184166826064119,0.0,0.9983841623719497,0.031502450172730546,0.028318283346666428,0.9999529854637601,False
8.95525,1,434,435,3.525982500000078,3.525982500000078,0.0,0.026650312859026748,0.026650312859026748,0.09002355549531108,0.08353754961349677,0.006097177756814332,0.026650312859026748,0.005013820042500855,0.0031751952813037824,0.0031751952813037824,0.0,0.9984373903278922,0.031392507774332126,0.028217312493028345,0.9999549783797286,False
8.976,1,435,436,3.5325187500000785,3.532518750000078,-4.440892098500626e-16,0.027467344109026775,0.027467344109026775,0.09007379961349683,0.08277076248168255,0.005332031294878389,0.027467344109026775,0.005013820042500855,0.0031760533755503854,0.0031760533755503854,0.0,0.9985351378069008,0.03140740839514905,0.028231355019598666,0.9999587510910886,False
8.999,1,436,437,3.5397637500000783,3.5397637500000783,0.0,0.02837296910902681,0.02837296910902681,0.09001576248168261,0.08219592847486831,0.005784843794878407,0.02837296910902681,0.005013820042500855,0.003165176736821773,0.003165176736821773,0.0,0.9983744796357327,0.031195327100869294,0.02803015036404752,0.9999524533885086,False
9.024000000000001,1,437,438,3.547638750000079,3.5476387500000786,-4.440892098500626e-16,0.029357344109026875,0.029357344109026875,0.09007092847486861,0.08126671946805425,0.005981718794878448,0.029357344109026875,0.005013820042500855,0.0031703536366662352,0.0031703536366662352,0.0,0.9985033649922639,0.03114657020798934,0.027976216571323105,0.9999573468246162,False
9.05175,1,438,439,3.5563800000000785,3.556380000000079,4.440892098500626e-16,0.030450000359026903,0.030450000359026903,0.09000796946805414,0.08169328192317578,0.0065280469198784625,0.030450000359026903,0.005013820042500855,0.0031845211675353385,0.0031845211675353385,0.0,0.9985686233043788,0.031026471649545653,0.027841950482010314,0.9999596995187839,False
9.07825,1,439,440,3.5647275000000787,3.5647275000000787,0.0,0.03149343785902689,0.015746718929513445,0.09004078192317605,0.08068265687829762,0.007571484419878471,0.015746718929513445,0.005013820042500855,0.0031756228528494654,0.0031756228528494654,0.0,0.998663460913738,0.028025492792306858,0.024849869939457394,0.9999612790451763,False
9.108,1,440,441,3.574098750000079,3.574098750000079,0.0,0.016918125179513504,0.016918125179513504,0.09005390687829805,0.0850155474808588,0.005038359397439254,0.016918125179513504,0.005013820042500855,0.002971073722958561,0.002971073722958561,0.0,0.9988435223983748,0.029517931071411423,0.02654685734845286,0.9999694511699653,False
9.124,1,441,442,3.5791387500000793,3.5791387500000793,0.0,0.017548125179513537,0.017548125179513537,0.09005554748085902,0.08438718808341977,0.005353359397439271,0.017548125179513537,0.005013820042500855,0.0029820122543434426,0.0029820122543434426,0.0,0.9982087124834974,0.02954447868693475,0.02656246643259131,0.9999453022738458,False
9.142,1,442,443,3.5848087500000796,3.5848087500000796,0.0,0.0182568751795136,0.0182568751795136,0.0900571880834202,0.08399507868598091,0.0053139843974392975,0.0182568751795136,0.005013820042500855,0.003048028445079282,0.003048028445079282,0.0,0.9983263890951676,0.03023779317878334,0.02718976473370406,0.9999501578093251,False
9.16125,1,443,444,3.59087250000008,3.5908725000000796,-4.440892098500626e-16,0.019014843929513622,0.019014843929513622,0.09005882868598095,0.08323875053854167,0.005692968772439308,0.019014843929513622,0.005013820042500855,0.0031088846191197105,0.0031088846191197105,0.0,0.998329419641886,0.030732116143917416,0.027623231524797707,0.9999505080758755,False
9.18275,1,444,445,3.59764500000008,3.59764500000008,0.0,0.019861406429513652,0.019861406429513652,0.09001125053854171,0.08309273489110246,0.005843085959939332,0.019861406429513652,0.005013820042500855,0.0031399697745019017,0.0031399697745019017,0.0,0.9984501237570668,0.0309390289549894,0.027799059180487497,0.9999552441421616,False
9.20475,1,445,446,3.60457500000008,3.60457500000008,0.0,0.020727656429513706,0.020727656429513706,0.09002273489110264,0.08223796924366339,0.006276210959939359,0.020727656429513706,0.005013820042500855,0.0031582711483023433,0.0031582711483023433,0.0,0.9984898108726923,0.03092326074977078,0.027764989601468438,0.9999567163804141,False
9.2295,1,446,447,3.6123712500000806,3.6123712500000806,0.0,0.021702187679513794,0.021702187679513794,0.09003421924366381,0.08165390672122445,0.007250742209939389,0.021702187679513794,0.005013820042500855,0.0031615521242814543,0.0031615521242814543,0.0,0.9986037045142058,0.028020961700721284,0.02485940957643983,0.9999592461393404,False
9.256,1,447,448,3.620718750000081,3.620718750000081,0.0,0.022745625179513795,0.022745625179513795,0.09000140672122436,0.08057765669878501,0.005947265669878449,0.022745625179513795,0.005013820042500855,0.0031708657667978693,0.0031708657667978693,0.0,0.9987813774787061,0.031012296520982238,0.027841430754184368,0.9999679050350541,False
9.286,1,448,449,3.630168750000081,3.630168750000081,0.0,0.0239268751795139,0.0239268751795139,0.09002765669878572,0.08011910198884625,0.006537890669878502,0.0239268751795139,0.005013820042500855,0.003147607413977146,0.003147607413977146,0.0,0.9985793374770612,0.030536233729057782,0.027388626315080634,0.9999597459156964,False
9.3175,1,449,450,3.640091250000081,3.640091250000081,0.0,0.025167187679513942,0.025167187679513942,0.09004160198884636,0.0844671683838766,0.005574433604969752,0.025167187679513942,0.005013820042500855,0.0031481541463882724,0.0031481541463882724,0.0,0.9986991062843811,0.03125039796206068,0.028102243815672407,0.9999646351381493,False
9.33525,1,450,451,3.645682500000081,3.645682500000081,0.0,0.02586609392951396,0.02586609392951396,0.0900584183838767,0.08378507852890697,0.00570732422996976,0.02586609392951396,0.005013820042500855,0.0031782778466855053,0.0031782778466855053,0.0,0.9983838659648977,0.031450946539851844,0.028272668693166338,0.9999529493341632,False
9.355,1,451,452,3.6519037500000815,3.6519037500000815,0.0,0.026643750179514005,0.026643750179514005,0.09000632852890725,0.08352134804893749,0.006096152354969783,0.026643750179514005,0.005013820042500855,0.0031737279410341012,0.0031737279410341012,0.0,0.9984371333380752,0.03137459467487926,0.02820086673384516,0.9999549599694552,False
9.37575,1,452,453,3.6584400000000814,3.6584400000000814,0.0,0.027460781429514032,0.027460781429514032,0.09005759804893756,0.08275558631896782,0.005331210959939288,0.027460781429514032,0.005013820042500855,0.0031762945585888922,0.0031762945585888922,0.0,0.9985349191450994,0.03140706549585745,0.028230770937268557,0.9999587426066812,False
9.39875,1,453,454,3.6656850000000825,3.6656850000000825,0.0,0.028366406429514136,0.028366406429514136,0.09000058631896844,0.08218177771399862,0.00578402345993934,0.028366406429514136,0.005013820042500855,0.003165713853724696,0.003165713853724696,0.0,0.9983742668101904,0.03119181436445624,0.028026100510731546,0.9999524437220814,False
9.42375,1,454,455,3.673560000000082,3.673560000000082,0.0,0.029350781429514132,0.029350781429514132,0.09005677771399836,0.08125359410902855,0.005980898459939329,0.029350781429514132,0.005013820042500855,0.0031652048783970556,0.0031652048783970556,0.0,0.9985031563248685,0.031090441374423565,0.02792523649602651,0.9999573119840026,False
9.45175,1,455,456,3.682380000000082,3.682380000000082,0.0,0.030453281429514208,0.030453281429514208,0.09007359410902883,0.08174988314908951,0.006532148459939367,0.030453281429514208,0.005013820042500855,0.003183260732410825,0.003183260732410825,0.0,0.9985704607931192,0.031019093748084273,0.027835833015673446,0.9999597666979898,False
9.478,1,456,457,3.6906487500000824,3.690648750000083,4.440892098500626e-16,0.031486875179514213,0.015743437589757107,0.09001863314908998,0.08066132843915055,0.007565742209939399,0.015743437589757107,0.005013820042500855,0.0031650120633246277,0.0031650120633246277,0.0,0.9986623814281023,0.02793002168245725,0.02476500961913262,0.9999611922008019,False
9.50775,1,457,458,3.700020000000083,3.700020000000083,0.0,0.016914843839757165,0.016914843839757165,0.090032578439151,0.08499462920918127,0.005037949229969721,0.016914843839757165,0.005013820042500855,0.0029474536709275185,0.0029474536709275185,0.0,0.9988426359373348,0.029278501210504307,0.02633104753957679,0.9999693026757517,False
9.52375,1,458,459,3.705060000000083,3.705060000000083,0.0,0.0175448438397572,0.0175448438397572,0.0900346292091815,0.08436667997921178,0.005352949229969738,0.0175448438397572,0.005013820042500855,0.0029699384556776615,0.0029699384556776615,0.0,0.9982085215377712,0.0294175966048814,0.02644765814920374,0.9999452339535794,False
9.54175,1,459,460,3.7107300000000834,3.7107300000000834,0.0,0.018253593839757193,0.018253593839757193,0.09003667997921165,0.08397498074924195,0.005313574229969737,0.018253593839757193,0.005013820042500855,0.003035344836296165,0.003035344836296165,0.0,0.9983262111898819,0.03011991925665926,0.02708457442036309,0.9999500943859252,False
9.561,1,460,461,3.7167937500000834,3.7167937500000834,0.0,0.019011562589757214,0.019011562589757214,0.090038730749242,0.08321906276927234,0.005692558604969748,0.019011562589757214,0.005013820042500855,0.003100698982421824,0.003100698982421824,0.0,0.9983292646106219,0.03065449206960181,0.027553793087179985,0.999950464878029,False
9.58275,1,461,462,3.723645000000084,3.7236450000000834,-4.440892098500626e-16,0.01986796883975729,0.01986796883975729,0.09007031276927274,0.08314236353930302,0.005845136729969784,0.01986796883975729,0.005013820042500855,0.003134480374748425,0.003134480374748425,0.0,0.9984523515960886,0.030883763127026523,0.027749282752278098,0.9999553032516618,False
9.604750000000001,1,462,463,3.7305750000000835,3.7305750000000835,0.0,0.020734218839757346,0.020734218839757346,0.09007236353930319,0.08227816430933343,0.006278261729969811,0.020734218839757346,0.005013820042500855,0.0031579690706233714,0.0031579690706233714,0.0,0.9984902758516573,0.03091877206197996,0.027760802991356588,0.9999567321689256,False
9.6295,1,463,464,3.7383712500000836,3.7383712500000836,0.0,0.021708750089757364,0.021708750089757364,0.0900744143093333,0.08168466820436354,0.007252792979969771,0.021708750089757364,0.005013820042500855,0.003156152187381341,0.003156152187381341,0.0,0.9986040779863673,0.027960331141617223,0.02480417895423588,0.9999592316181753,False
9.656,1,464,465,3.7467187500000843,3.746718750000084,-4.440892098500626e-16,0.022752187589757434,0.022752187589757434,0.09003216820436402,0.08059898459939417,0.005948906272439376,0.022752187589757434,0.005013820042500855,0.003176243804476869,0.003176243804476869,0.0,0.9987817091098655,0.03107218473794915,0.02789594093347228,0.9999679465341766,False
9.686,1,465,466,3.756168750000084,3.756168750000084,0.0,0.02393343758975747,0.02393343758975747,0.09004898459939432,0.08013837911942448,0.006539531272439394,0.02393343758975747,0.005013820042500855,0.00315188924200319,0.00315188924200319,0.0,0.998579689317575,0.030579242599254562,0.027427353357251372,0.9999597801642248,False
9.7175,1,466,467,3.766091250000085,3.766091250000085,0.0,0.02517375008975758,0.02517375008975758,0.09006087911942515,0.08448542012944016,0.005575458989984979,0.02517375008975758,0.005013820042500855,0.0031504677508534707,0.0031504677508534707,0.0,0.9986993957846437,0.03127040790612158,0.02811994015526811,0.9999646562530004,False
9.73525,1,467,468,3.7716825000000846,3.7716825000000846,0.0,0.025872656339757598,0.025872656339757598,0.09007667012944025,0.0838023048894553,0.005708349614984986,0.025872656339757598,0.005013820042500855,0.003176544937166101,0.003176544937166101,0.0,0.9983841237643833,0.03144337669649172,0.02826683175932562,0.9999529556288919,False
9.755,1,468,469,3.7779037500000854,3.7779037500000854,0.0,0.026650312589757644,0.026650312589757644,0.09002355488945557,0.08353754902447058,0.0060971777399850095,0.026650312589757644,0.005013820042500855,0.0031752225711552473,0.0031752225711552473,0.0,0.998437390353688,0.03138968231729804,0.02821445974614279,0.9999549771095246,False
9.77575,1,469,470,3.7844400000000853,3.7844400000000853,0.0,0.02746734383975767,0.02746734383975767,0.09007379902447066,0.0827707619094857,0.005332031261219752,0.02746734383975767,0.005013820042500855,0.0031772614570146776,0.0031772614570146776,0.0,0.9985351435317548,0.031414138569732374,0.028236877112717697,0.9999587546757204,False
9.79875,1,470,471,3.791685000000085,3.791685000000085,0.0,0.028372968839757706,0.028372968839757706,0.09001576190948576,0.08219592791950078,0.005784843761219769,0.028372968839757706,0.005013820042500855,0.0031656035588967864,0.0031656035588967864,0.0,0.9983744824316738,0.03118534650564507,0.028019742946748284,0.9999524490603671,False
9.82375,1,471,472,3.7995600000000858,3.7995600000000858,0.0,0.02935734383975777,0.02935734383975777,0.09007092791950108,0.08126671892951604,0.00598171876121981,0.02935734383975777,0.005013820042500855,0.003158047681134274,0.003158047681134274,0.0,0.9985033047427595,0.031009218857181872,0.027851171176047598,0.9999572790140834,False
9.8515,1,472,473,3.808301250000086,3.808301250000086,0.0,0.03045000008975787,0.03045000008975787,0.09000796892951651,0.08169328141829671,0.006528046886219859,0.03045000008975787,0.005013820042500855,0.0031751812513355466,0.0031751812513355466,0.0,0.9985685761680879,0.030951190438558276,0.02777600918722273,0.9999596615000134,False
9.878,1,473,474,3.816648750000086,3.816648750000086,0.0,0.03149343758975778,0.01574671879487889,0.09004078141829641,0.0806826564070766,0.007571484386219797,0.01574671879487889,0.005013820042500855,0.0031587692743421055,0.0031587692743421055,0.0,0.9986633770022912,0.027867163381310144,0.024708394106968037,0.9999612000747524,False
9.90775,1,474,475,3.8260200000000864,3.8260200000000864,0.0,0.01691812504487895,0.01691812504487895,0.09005390640707704,0.0850155470264671,0.005038359380609936,0.01691812504487895,0.005013820042500855,0.002933094036036537,0.002933094036036537,0.0,0.9988433367050823,0.029113618163722703,0.026180524127686167,0.999969252235582,False
9.92375,1,475,476,3.8310600000000865,3.8310600000000865,0.0,0.017548125044878984,0.017548125044878984,0.09005554702646734,0.0843871876458574,0.005353359380609953,0.017548125044878984,0.005013820042500855,0.0029673123297446905,0.0029673123297446905,0.0,0.9982086392418983,0.029383511697713166,0.026416199367968476,0.9999452220477884,False
9.94175,1,476,477,3.836730000000087,3.836730000000087,0.0,0.018256875044879047,0.018256875044879047,0.09005718764585782,0.08399507826524785,0.005313984380609978,0.018256875044879047,0.005013820042500855,0.0030283293944584093,0.0030283293944584093,0.0,0.9983262902189569,0.03005998984132384,0.02703166044686543,0.9999500686560647,False
9.961,1,477,478,3.842793750000087,3.842793750000087,0.0,0.01901484379487907,0.01901484379487907,0.09005882826524789,0.08323875013463794,0.005692968755609989,0.01901484379487907,0.005013820042500855,0.003098895287937104,0.003098895287937104,0.0,0.9983293693347346,0.030645840524243968,0.027546945236306866,0.9999504647577133,False
9.9825,1,478,479,3.8495662500000867,3.8495662500000867,0.0,0.0198614062948791,0.0198614062948791,0.09001125013463798,0.08309273450402804,0.005843085943109995,0.0198614062948791,0.005013820042500855,0.0031386257605832144,0.0031386257605832144,0.0,0.9984501166268626,0.03092400186843891,0.027785376107855697,0.9999552362598266,False
10.0045,1,479,480,3.8564962500000872,3.8564962500000872,0.0,0.020727656294879153,0.020727656294879153,0.09002273450402823,0.08223796887341829,0.006276210943110022,0.020727656294879153,0.005013820042500855,0.003161578650338341,0.003161578650338341,0.0,0.9984898269559863,0.030953216065202432,0.027791637414864092,0.9999567311240621,False
10.02925,1,480,481,3.8642925000000874,3.8642925000000874,0.0,0.02170218754487924,0.02170218754487924,0.09003421887341873,0.08165390636780868,0.007250742193110052,0.02170218754487924,0.005013820042500855,0.00315383692040047,0.00315383692040047,0.0,0.9986036677051761,0.027927676282414465,0.024773839362013994,0.9999592009442039,False
10.05575,1,481,482,3.872640000000088,3.872640000000088,0.0,0.02274562504487931,0.02274562504487931,0.09000140636780915,0.08057765636219905,0.005947265636219845,0.02274562504487931,0.005013820042500855,0.0031768535735509197,0.0031768535735509197,0.0,0.9987814059914835,0.031085130103319696,0.027908276529768777,0.999967940595279,False
10.08575,1,482,483,3.882090000000088,3.882090000000088,0.0,0.023926875044879347,0.023926875044879347,0.0900276563621992,0.08011910166908907,0.0065378906362198634,0.023926875044879347,0.005013820042500855,0.003150634332948891,0.003150634332948891,0.0,0.9985793518364764,0.030569949202610136,0.027419314869661246,0.9999597623566642,False
10.11725,1,483,484,3.8920125000000882,3.8920125000000882,0.0,0.02516718754487939,0.02516718754487939,0.09004160166908919,0.0844671680725341,0.005574433596555084,0.02516718754487939,0.005013820042500855,0.0031508908689203284,0.0031508908689203284,0.0,0.998699119900803,0.03127360089471188,0.02812271002579155,0.9999646468675432,False
10.135,1,484,485,3.897603750000089,3.897603750000089,0.0,0.025866093794879474,0.025866093794879474,0.09005841807253473,0.08378507822597961,0.005707324221555126,0.025866093794879474,0.005013820042500855,0.0031731682679960083,0.0031731682679960083,0.0,0.9983838398858208,0.03141904952357641,0.0282458812555804,0.9999529330814304,False
10.15475,1,485,486,3.9038250000000883,3.9038250000000883,0.0,0.02664375004487945,0.02664375004487945,0.09000632822597933,0.08352134775442427,0.006096152346555115,0.02664375004487945,0.005013820042500855,0.003178800328838489,0.003178800328838489,0.0,0.998437158367773,0.03142973496601241,0.02825093463717392,0.9999549875164108,False
10.1755,1,486,487,3.910361250000089,3.910361250000089,0.0,0.027460781294879548,0.027460781294879548,0.0900575977544249,0.0827555860328698,0.005331210943109986,0.027460781294879548,0.005013820042500855,0.0031838863950691674,0.0031838863950691674,0.0,0.9985349567133098,0.031479014808309495,0.028295128413240327,0.999958778790715,False
10.198500000000001,1,487,488,3.917606250000089,3.917606250000089,0.0,0.028366406294879583,0.028366406294879583,0.09000058603286987,0.08218177743631472,0.005784023443110004,0.028366406294879583,0.005013820042500855,0.0031737170648517376,0.0031737170648517376,0.0,0.9983743068179044,0.03126417154569587,0.028090454480844133,0.9999524801133144,False
10.2235,1,488,489,3.92548125000009,3.9254812500000895,-4.440892098500626e-16,0.029350781294879648,0.029350781294879648,0.090056777436315,0.08125359383975979,0.0059808984431100444,0.029350781294879648,0.005013820042500855,0.003162496093664388,0.003162496093664388,0.0,0.9985031442438994,0.031042797811626312,0.027880301717961922,0.999957289285086,False
10.2515,1,489,490,3.9343012500000896,3.9343012500000896,0.0,0.030453281294879654,0.030453281294879654,0.09007359383975952,0.08174988289664958,0.0065321484431100476,0.030453281294879654,0.005013820042500855,0.003175386001933447,0.003175386001933447,0.0,0.9985704211155212,0.030955421855208234,0.027780035853274786,0.9999597344890715,False
10.277750000000001,1,490,491,3.9425700000000896,3.9425700000000896,0.0,0.03148687504487966,0.01574343752243983,0.09001863289665002,0.08066132820353998,0.0075657421931100794,0.01574343752243983,0.005013820042500855,0.003153519983470804,0.003153519983470804,0.0,0.998662325289439,0.027803725976896322,0.024650205993425517,0.999961129972654,False
10.307500000000001,1,491,492,3.95194125000009,3.95194125000009,0.0,0.01691484377243989,0.01691484377243989,0.09003257820354042,0.08499462898198537,0.005037949221555053,0.01691484377243989,0.005013820042500855,0.0029264679601722775,0.0029264679601722775,0.0,0.998842537067498,0.029010950497059484,0.026084482536887207,0.9999691739055923,False
10.323500000000001,1,492,493,3.9569812500000903,3.9569812500000903,0.0,0.017544843772439922,0.017544843772439922,0.09003462898198561,0.08436667976043055,0.0053529492215550695,0.017544843772439922,0.005013820042500855,0.002964076245777294,0.002964076245777294,0.0,0.9982084923750331,0.029344423677174103,0.02638034743139681,0.999945197632206,False
10.3415,1,493,494,3.96265125000009,3.96265125000009,0.0,0.018253593772439916,0.018253593772439916,0.09003667976043042,0.0839749805388754,0.0053135742215550605,0.018253593772439916,0.005013820042500855,0.003015647554543651,0.003015647554543651,0.0,0.9983261123996219,0.02994076012183309,0.02692511256728944,0.9999500046201484,False
10.36075,1,494,495,3.968715000000091,3.968715000000091,0.0,0.019011562522440007,0.019011562522440007,0.090038730538876,0.08321906256732092,0.005692558596555106,0.019011562522440007,0.005013820042500855,0.0030894700392015604,0.0030894700392015604,0.0,0.9983292079741793,0.03056289685318614,0.02747342681398458,0.9999504187839914,False
10.3825,1,495,496,3.9755662500000906,3.9755662500000906,0.0,0.019867968772440014,0.019867968772440014,0.09007031256732079,0.08314236334576572,0.005845136721555125,0.019867968772440014,0.005013820042500855,0.003138014432707178,0.003138014432707178,0.0,0.9984523687234776,0.030918693314295517,0.02778067888158834,0.9999553202234618,False
10.4045,1,496,497,3.982496250000091,3.982496250000091,0.0,0.02073421877244007,0.02073421877244007,0.0900723633457659,0.08227816412421082,0.006278261721555152,0.02073421877244007,0.005013820042500855,0.003166372477258406,0.003166372477258406,0.0,0.9984903170663421,0.03100119045150898,0.027834817974250574,0.9999567728167423,False
10.42925,1,497,498,3.9902925000000913,3.9902925000000913,0.0,0.021708750022440156,0.021708750022440156,0.09007441412421124,0.08168466802765612,0.007252792971555182,0.021708750022440156,0.005013820042500855,0.0031581070662616865,0.0031581070662616865,0.0,0.998604089342617,0.02796180973781026,0.024803702671548574,0.9999592337507832,False
10.45575,1,498,499,3.9986400000000915,3.9986400000000915,0.0,0.022752187522440157,0.022752187522440157,0.09003216802765604,0.08059898443110092,0.0059489062556100395,0.022752187522440157,0.005013820042500855,0.0031824757314207245,0.0031824757314207245,0.0,0.9987817388487383,0.031147315479515304,0.02796483974809458,0.9999679830914882,False
10.48575,1,499,500,4.008090000000092,4.008090000000092,0.0,0.023933437522440263,0.023933437522440263,0.09004898443110163,0.08013837895954637,0.0065395312556100925,0.023933437522440263,0.005013820042500855,0.003155892640610788,0.003155892640610788,0.0,0.9985797082109629,0.030628719864697992,0.027472827224087205,0.999959804092582,False
10.51725,1,500,501,4.018012500000092,4.018012500000092,0.0,0.025173750022440305,0.025173750022440305,0.09006087895954647,0.08448541997376882,0.00557545898577765,0.025173750022440305,0.005013820042500855,0.003158565815477556,0.003158565815477556,0.0,0.9986994354821797,0.0313515138315392,0.028192948016061647,0.999964696246565,False
10.535,1,501,502,4.023603750000092,4.023603750000092,0.0,0.02587265627244032,0.02587265627244032,0.09007666997376891,0.08380230473799127,0.0057083496107776565,0.02587265627244032,0.005013820042500855,0.0031717362317649498,0.0031717362317649498,0.0,0.9983840993610154,0.031411066211934534,0.028239329980169585,0.9999529392593232,False
10.55475,1,502,503,4.029825000000093,4.029825000000093,0.0,0.026650312522440368,0.026650312522440368,0.09002355473799156,0.0835375488772139,0.00609717773577768,0.026650312522440368,0.005013820042500855,0.0031826792421720445,0.0031826792421720445,0.0,0.9984374270795513,0.031477627512882814,0.02829494827071077,0.9999550208885782,False
10.5755,1,503,504,4.036361250000093,4.036361250000093,0.0,0.027467343772440464,0.027467343772440464,0.09007379887721453,0.08277076176643683,0.005332031252805118,0.027467343772440464,0.005013820042500855,0.0031895895298905967,0.0031895895298905967,0.0,0.9985352046806939,0.03153863879511151,0.028349049265220916,0.999958817023054,False
10.5985,1,504,505,4.043606250000093,4.043606250000093,0.0,0.0283729687724405,0.0283729687724405,0.09001576176643689,0.08219592778065918,0.0057848437528051355,0.0283729687724405,0.005013820042500855,0.003179370686263136,0.003179370686263136,0.0,0.9983745506845212,0.03132001454494322,0.028140643858680085,0.9999525161594297,False
10.6235,1,505,506,4.0514812500000925,4.0514812500000925,0.0,0.029357343772440495,0.029357343772440495,0.09007092778065892,0.0812667187948812,0.005981718752805124,0.029357343772440495,0.005013820042500855,0.003165053955383615,0.003165053955383615,0.0,0.9985033409553391,0.031059930750077548,0.027894876794693935,0.9999573054044683,False
10.651250000000001,1,506,507,4.060222500000093,4.060222500000093,0.0,0.030450000022440592,0.030450000022440592,0.09000796879488168,0.08169328129207658,0.006528046877805173,0.030450000022440592,0.005013820042500855,0.003166424611697599,0.003166424611697599,0.0,0.9985685326334933,0.030868921664196247,0.027702497052498647,0.9999596203222962,False
10.67775,1,507,508,4.0685700000000935,4.0685700000000935,0.0,0.031493437522440576,0.015746718761220288,0.09004078129207684,0.08068265628927168,0.007571484377805182,0.015746718761220288,0.005013820042500855,0.0031550723295174455,0.0031550723295174455,0.0,0.9986633601007651,0.027809070040343484,0.024653997710826037,0.9999611721770633,False
10.7075,1,508,509,4.077941250000094,4.077941250000094,0.0,0.016918125011220347,0.016918125011220347,0.09005390628927211,0.08501554691286949,0.005038359376402619,0.016918125011220347,0.005013820042500855,0.00293619635716875,0.00293619635716875,0.0,0.9988433587479548,0.029065489524871452,0.0261292931677027,0.9999692340054818,False
10.7235,1,509,510,4.082981250000095,4.082981250000095,0.0,0.01754812501122038,0.01754812501122038,0.09005554691286971,0.0843871875364671,0.005353359376402636,0.01754812501122038,0.005013820042500855,0.0029673044739652625,0.0029673044739652625,0.0,0.9982086390930894,0.029374848901947616,0.026407544427982352,0.9999452178760442,False
10.7415,1,510,511,4.088651250000094,4.088651250000094,0.0,0.018256875011220374,0.018256875011220374,0.09005718753646696,0.08399507816006438,0.0053139843764026355,0.018256875011220374,0.005013820042500855,0.003009056063349153,0.003009056063349153,0.0,0.9983261937819663,0.029879140705601298,0.026870084642252146,0.9999499781606966,False
10.76075,1,511,512,4.094715000000095,4.094715000000095,0.0,0.019014843761220465,0.019014843761220465,0.09005882816006497,0.08323875003366235,0.005692968751402681,0.019014843761220465,0.005013820042500855,0.0030853292617125873,0.0030853292617125873,0.0,0.9983293009972726,0.030534381931677387,0.0274490526699648,0.9999504086920084,False
10.78225,1,512,513,4.101487500000095,4.101487500000095,0.0,0.019861406261220495,0.019861406261220495,0.09001125003366238,0.08309273440725973,0.005843085938902687,0.019861406261220495,0.005013820042500855,0.003145758339801295,0.003145758339801295,0.0,0.9984501516295031,0.030998648321345246,0.02785288998154395,0.9999552729785568,False
10.80425,1,513,514,4.108417500000096,4.108417500000096,0.0,0.02072765626122055,0.02072765626122055,0.0900227344072599,0.08223796878085723,0.006276210938902714,0.02072765626122055,0.005013820042500855,0.0031764732532779654,0.0031764732532779654,0.0,0.9984899004401095,0.031102006165109095,0.027925532911831127,0.9999568047899616,False
10.829,1,514,515,4.116213750000095,4.116213750000095,0.0,0.021702187511220567,0.021702187511220567,0.0900342187808571,0.08165390627945444,0.007250742188902674,0.021702187511220567,0.005013820042500855,0.0031676776651143007,0.0031676776651143007,0.0,0.9986037380604811,0.028048911173327654,0.024881233508213352,0.9999592627315633,False
10.855500000000001,1,515,516,4.124561250000095,4.124561250000095,0.0,0.022745625011220637,0.022745625011220637,0.09000140627945491,0.08057765627805219,0.005947265627805177,0.022745625011220637,0.005013820042500855,0.003187602147540761,0.003187602147540761,0.0,0.9987814586483629,0.031202097943591155,0.028014495796050393,0.9999679982738757,False
10.8855,1,516,517,4.134011250000096,4.134011250000096,0.0,0.023926875011220674,0.023926875011220674,0.09002765627805234,0.08011910158914959,0.006537890627805195,0.023926875011220674,0.005013820042500855,0.003156392629870261,0.003156392629870261,0.0,0.998579379262452,0.030642039481574984,0.027485646851704723,0.9999597972684409,False
10.917,1,517,518,4.143933750000096,4.143933750000096,0.0,0.025167187511220785,0.025167187511220785,0.09004160158915026,0.08446716799469883,0.00557443359445143,0.025167187511220785,0.005013820042500855,0.0031613579065084183,0.0031613579065084183,0.0,0.9986991708138088,0.03138276885083893,0.028221410944330515,0.9999647002737526,False
10.934750000000001,1,518,519,4.1495250000000965,4.1495250000000965,0.0,0.0258660937612208,0.0258660937612208,0.09005841799469891,0.08378507815024751,0.005707324219451438,0.0258660937612208,0.005013820042500855,0.0031696113912284955,0.0031696113912284955,0.0,0.9983838220014157,0.03139260367070538,0.02822299227947688,0.9999529197805209,False
10.9545,1,519,520,4.155746250000097,4.155746250000097,0.0,0.026643750011220848,0.026643750011220848,0.09000632815024778,0.08352134768079635,0.006096152344451461,0.026643750011220848,0.005013820042500855,0.0031837305923831057,0.0031837305923831057,0.0,0.9984371823739826,0.031499193475785524,0.028315462883402417,0.9999550219582126,False
10.97525,1,520,521,4.162282500000097,4.162282500000097,0.0,0.027460781261220875,0.027460781261220875,0.09005759768079641,0.082755585961345,0.005331210938902652,0.027460781261220875,0.005013820042500855,0.003195854557176753,0.003195854557176753,0.0,0.9985350159125483,0.03160901058713988,0.028413156029963124,0.9999588437078439,False
10.99825,1,521,522,4.169527500000097,4.169527500000097,0.0,0.02836640626122091,0.02836640626122091,0.09000058596134507,0.08218177736689365,0.0057840234389026695,0.02836640626122091,0.005013820042500855,0.003190224375137092,0.003190224375137092,0.0,0.9983743884751505,0.031427938783102405,0.02823771440796531,0.9999525614703557,False
11.02325,1,522,523,4.177402500000097,4.177402500000097,0.0,0.029350781261220975,0.029350781261220975,0.09005677736689394,0.08125359377244246,0.00598089843890271,0.029350781261220975,0.005013820042500855,0.003175932913089531,0.003175932913089531,0.0,0.998503211975603,0.031163835523960924,0.027987902610871394,0.999957350415558,False
11.05125,1,523,524,4.186222500000097,4.186222500000097,0.0,0.03045328126122105,0.03045328126122105,0.09007359377244273,0.08174988283354004,0.006532148438902748,0.03045328126122105,0.005013820042500855,0.003170548913393831,0.003170548913393831,0.0,0.9985703974413904,0.03090627619621783,0.027735727282824,0.9999597100621016,False
11.0775,1,524,525,4.194491250000097,4.194491250000097,0.0,0.03148687501122099,0.015743437505610493,0.09001863283353993,0.08066132814463724,0.00756574218890271,0.015743437505610493,0.005013820042500855,0.0031668597655342802,0.0031668597655342802,0.0,0.9986623935356927,0.027909987035596946,0.024743127270062667,0.9999611845556909,False
11.10725,1,525,526,4.203862500000097,4.203862500000097,0.0,0.016914843755610552,0.016914843755610552,0.09003257814463768,0.08499462892518629,0.005037949219451386,0.016914843755610552,0.005013820042500855,0.0029613480369033904,0.0029613480369033904,0.0,0.998842716751935,0.029275850309553056,0.026314502272649667,0.9999693116901245,False
11.12325,1,526,527,4.208902500000098,4.208902500000098,0.0,0.017544843755610585,0.017544843755610585,0.09003462892518652,0.08436667970573514,0.0053529492194514024,0.017544843755610585,0.005013820042500855,0.0029723630943771697,0.0029723630943771697,0.0,0.9982085333263808,0.029428225727765142,0.02645586263338797,0.999945239500937,False
11.14125,1,527,528,4.214572500000099,4.214572500000099,0.0,0.01825359375561065,0.01825359375561065,0.09003667970573556,0.08397498048628414,0.005313574219451428,0.01825359375561065,0.005013820042500855,0.0030046560660162633,0.0030046560660162633,0.0,0.9983260576864725,0.029831688131122372,0.02682703206510611,0.9999499501702389,False
11.1605,1,528,529,4.220636250000099,4.220636250000098,-8.881784197001252e-16,0.01901156250561067,0.01901156250561067,0.09003873048628418,0.08321906251683278,0.005692558594451439,0.01901156250561067,0.005013820042500855,0.003079314528010143,0.003079314528010143,0.0,0.998329156808486,0.03048290067724084,0.027403586149230698,0.999950378524127,False
11.18225,1,529,530,4.227487500000098,4.227487500000098,0.0,0.019867968755610747,0.019867968755610747,0.09007031251683319,0.08314236329738176,0.005845136719451474,0.019867968755610747,0.005013820042500855,0.003149130092691416,0.003149130092691416,0.0,0.998452423546678,0.03103630335460414,0.027887173261912722,0.9999553783758641,False
11.20425,1,530,531,4.234417500000098,4.234417500000099,8.881784197001252e-16,0.020734218755610732,0.020734218755610732,0.09007236329738137,0.08227816407793001,0.0062782617194514665,0.020734218755610732,0.005013820042500855,0.0031834346896791265,0.0031834346896791265,0.0,0.9984904012337366,0.03117550349524717,0.027992068805568045,0.9999568591001016,False
11.229000000000001,1,531,532,4.242213750000099,4.242213750000099,0.0,0.02170875000561082,0.02170875000561082,0.09007441407793043,0.08168466798347898,0.007252792969451497,0.02170875000561082,0.005013820042500855,0.003175429955833749,0.003175429955833749,0.0,0.9986041760044665,0.028124158707555982,0.024948728751722233,0.9999593150151257,False
11.2555,1,532,533,4.250561250000099,4.250561250000099,0.0,0.02275218750561089,0.02275218750561089,0.09003216798347946,0.08059898438902792,0.00594890625140274,0.02275218750561089,0.005013820042500855,0.003192363131412207,0.003192363131412207,0.0,0.9987817875729982,0.03125472234343281,0.0280623592120206,0.9999680361789953,False
11.2855,1,533,534,4.260011250000099,4.260011250000099,0.0,0.023933437505610927,0.023933437505610927,0.09004898438902807,0.08013837891957654,0.006539531251402758,0.023933437505610927,0.005013820042500855,0.0031584116941785027,0.0031584116941785027,0.0,0.9985797195649284,0.03066992362675179,0.02751151193257329,0.9999598234692796,False
11.317,1,534,535,4.269933750000099,4.269933750000099,0.0,0.025173750005610968,0.025173750005610968,0.09006087891957663,0.08448541993485084,0.005575458984725789,0.025173750005610968,0.005013820042500855,0.003168964615547356,0.003168964615547356,0.0,0.9986994857278056,0.031465369252295976,0.02829640463674862,0.9999647516317522,False
11.33475,1,535,536,4.2755250000001,4.2755250000001,0.0,0.025872656255611054,0.025872656255611054,0.0900766699348515,0.08380230470012566,0.0057083496097258485,0.025872656255611054,0.005013820042500855,0.0031729901155347208,0.0031729901155347208,0.0,0.9983841057656395,0.03142472721198749,0.02825173709645277,0.9999529461284273,False
11.3545,1,536,537,4.281746250000101,4.281746250000101,0.0,0.0266503125056111,0.0266503125056111,0.09002355470012594,0.08353754884040009,0.006097177734725872,0.0266503125056111,0.005013820042500855,0.0031883473211355667,0.0031883473211355667,0.0,0.9984374547805753,0.0315563591247426,0.02836801180360703,0.9999550599641691,False
11.37525,1,537,538,4.288282500000101,4.288282500000101,0.0,0.027467343755611127,0.027467343755611127,0.09007379884040016,0.08277076173067432,0.005332031250701434,0.027467343755611127,0.005013820042500855,0.0032041738351608474,0.0032041738351608474,0.0,0.9985352767425272,0.03170415271739091,0.028499978882230062,0.9999588995409117,False
11.39825,1,538,539,4.295527500000101,4.295527500000101,0.0,0.028372968755611162,0.028372968755611162,0.0900157617306744,0.08219592774594855,0.005784843750701451,0.028372968755611162,0.005013820042500855,0.0032048327776399294,0.0032048327776399294,0.0,0.9983746769258559,0.03157486392618292,0.028370031148542987,0.9999526429524463,False
11.42325,1,539,540,4.303402500000101,4.303402500000101,0.0,0.029357343755611227,0.029357343755611227,0.09007092774594885,0.08126671876122295,0.005981718750701492,0.029357343755611227,0.005013820042500855,0.0031907979002674504,0.0031907979002674504,0.0,0.9985034694419418,0.03130987521741563,0.02811907731714818,0.9999574304615084,False
11.451,1,540,541,4.312143750000101,4.312143750000101,0.0,0.030450000005611256,0.030450000005611256,0.09000796876122286,0.08169328126052144,0.006528046875701506,0.030450000005611256,0.005013820042500855,0.0031754386186374256,0.0031754386186374256,0.0,0.9985685790958352,0.030939751144966623,0.0277643125263292,0.9999596566589339,False
11.477500000000001,1,541,542,4.320491250000101,4.320491250000101,0.0,0.03149343750561124,0.01574671875280562,0.0900407812605217,0.08068265625982021,0.007571484375701515,0.01574671875280562,0.005013820042500855,0.003178351155133472,0.003178351155133472,0.0,0.9986634771864962,0.028018088982214494,0.024839737827081022,0.999961277511819,False
11.50725,1,542,543,4.329862500000101,4.329862500000101,0.0,0.01691812500280568,0.01691812500280568,0.09005390625982065,0.08501554688446988,0.005038359375350777,0.01691812500280568,0.005013820042500855,0.0029936155074099624,0.0029936155074099624,0.0,0.9988436484892038,0.029565816020944505,0.026572200513534542,0.9999694876665752,False
11.52325,1,543,544,4.334902500000101,4.334902500000101,0.0,0.017548125002805712,0.017548125002805712,0.09005554688447012,0.08438718750911935,0.005353359375350793,0.017548125002805712,0.005013820042500855,0.002971690448952107,0.002971690448952107,0.0,0.9982086604859649,0.029427822614686384,0.026456132165734277,0.9999452441666234,False
11.54125,1,544,545,4.340572500000102,4.3405725000001025,8.881784197001252e-16,0.018256875002805775,0.018256875002805775,0.09005718750911977,0.08399507813376896,0.005313984375350819,0.018256875002805775,0.005013820042500855,0.0030005024876327783,0.0030005024876327783,0.0,0.998326151686606,0.029784320959452798,0.02678381847182002,0.9999499309344682,False
11.560500000000001,1,545,546,4.346636250000103,4.346636250000103,0.0,0.019014843752805797,0.019014843752805797,0.09005882813376899,0.0832387500084182,0.00569296875035083,0.019014843752805797,0.005013820042500855,0.0030734869566497887,0.0030734869566497887,0.0,0.998329241788409,0.03042999443043065,0.027356507473780864,0.9999503563700376,False
11.582,1,546,547,4.353408750000103,4.353408750000103,0.0,0.019861406252805826,0.019861406252805826,0.09001125000841823,0.08309273438306745,0.005843085937850854,0.019861406252805826,0.005013820042500855,0.003153889485009618,0.003153889485009618,0.0,0.998450191408141,0.03109624196050631,0.02794235247549669,0.9999553209506202,False
11.604000000000001,1,547,548,4.360338750000103,4.360338750000103,0.0,0.02072765625280588,0.02072765625280588,0.09002273438306764,0.08223796875771686,0.006276210937850881,0.02072765625280588,0.005013820042500855,0.0031934027843051223,0.0031934027843051223,0.0,0.9984899837045864,0.0312830914515609,0.028089688667255776,0.9999568942318648,False
11.62875,1,548,549,4.368135000000103,4.368135000000103,0.0,0.0217021875028059,0.0217021875028059,0.09003421875771672,0.08165390625736592,0.007250742187850841,0.0217021875028059,0.005013820042500855,0.0031902819392370134,0.0031902819392370134,0.0,0.9986038501473379,0.02826935427237913,0.025079072333142115,0.9999593721066822,False
11.65525,1,549,550,4.376482500000103,4.376482500000103,0.0,0.02274562500280597,0.02274562500280597,0.0900014062573664,0.08057765625701553,0.00594726562570151,0.02274562500280597,0.005013820042500855,0.0032012972014347097,0.0032012972014347097,0.0,0.9987815265696558,0.03134995886448352,0.02814866166304881,0.9999680717181515,False
11.68525,1,550,551,4.385932500000104,4.385932500000104,0.0,0.023926875002806075,0.023926875002806075,0.09002765625701624,0.08011910156916525,0.006537890625701563,0.023926875002806075,0.005013820042500855,0.0031630032878995776,0.0031630032878995776,0.0,0.9985794114403538,0.030719939878170788,0.02755693659027121,0.9999598351760671,False
11.716750000000001,1,551,552,4.395855000000104,4.395855000000104,0.0,0.025167187502806117,0.025167187502806117,0.09004160156916535,0.08446716797523984,0.005574433593925514,0.025167187502806117,0.005013820042500855,0.0031774952031604965,0.0031774952031604965,0.0,0.9986992493258774,0.03155809194732292,0.02838059674416242,0.999964785943038,False
11.7345,1,552,553,4.401446250000104,4.401446250000104,0.0,0.025866093752806133,0.025866093752806133,0.09005841797523992,0.08378507813131444,0.005707324218925521,0.025866093752806133,0.005013820042500855,0.003180463156340185,0.003180463156340185,0.0,0.9983838765696496,0.03149403782155498,0.028313574665214794,0.9999529706416705,False
11.75425,1,553,554,4.407667500000104,4.407667500000104,0.0,0.02664375000280618,0.02664375000280618,0.09000632813131472,0.0835213476623892,0.006096152343925544,0.02664375000280618,0.005013820042500855,0.003194365186143115,0.003194365186143115,0.0,0.9984372350079624,0.03162458742139962,0.028430222235256503,0.9999550844291492,False
11.775,1,554,555,4.414203750000104,4.414203750000104,0.0,0.027460781252806207,0.027460781252806207,0.09005759766238927,0.08275558594346377,0.005331210937850818,0.027460781252806207,0.005013820042500855,0.0032126089800435654,0.0032126089800435654,0.0,0.9985350987580831,0.03180127020653377,0.028588661226490203,0.9999589395269023,False
11.798,1,555,556,4.4214487500001045,4.4214487500001045,0.0,0.02836640625280624,0.02836640625280624,0.09000058594346383,0.08218177734953833,0.0057840234378508356,0.02836640625280624,0.005013820042500855,0.003219500301379329,0.003219500301379329,0.0,0.9983745336620936,0.03172443637641513,0.028504936075035802,0.999952708984618,False
11.823,1,556,557,4.429323750000105,4.429323750000105,0.0,0.029350781252806307,0.029350781252806307,0.09005677734953862,0.08125359375561304,0.005980898437850859,0.029350781252806307,0.005013820042500855,0.003205555045739409,0.003205555045739409,0.0,0.9985033592578523,0.03145570224962863,0.028250147203889225,0.9999574959038638,False
11.851,1,557,558,4.438143750000105,4.438143750000105,0.0,0.030453281252806382,0.030453281252806382,0.09007359375561333,0.08174988281776248,0.006532148437850897,0.030453281252806382,0.005013820042500855,0.00318414539927185,0.00318414539927185,0.0,0.9985704665352118,0.03102304474812337,0.027838899348851517,0.9999597691453631,False
11.87725,1,558,559,4.446412500000105,4.446412500000105,0.0,0.03148687500280632,0.01574343750140316,0.09001863281776237,0.0806613281299115,0.007565742187850858,0.01574343750140316,0.005013820042500855,0.0031965352178479787,0.0031965352178479787,0.0,0.9986625410892994,0.02819556678128078,0.024999031563432802,0.99996132684861,False
11.907,1,559,560,4.455783750000105,4.455783750000105,0.0,0.01691484375140322,0.01691484375140322,0.09003257812991194,0.08499462891098647,0.005037949218925469,0.01691484375140322,0.005013820042500855,0.003036081368874765,0.003036081368874765,0.0,0.9988430898672556,0.029969694871699946,0.026933613502825183,0.9999696596327319,False
11.923,1,560,561,4.460823750000106,4.460823750000106,0.0,0.017544843751403253,0.017544843751403253,0.09003462891098671,0.08436667969206124,0.0053529492189254855,0.017544843751403253,0.005013820042500855,0.002974419134865537,0.002974419134865537,0.0,0.9982085431757266,0.029460070620018174,0.026485651485152636,0.9999452551312245,False
11.941,1,561,562,4.466493750000106,4.466493750000106,0.0,0.018253593751403317,0.018253593751403317,0.09003667969206167,0.08397498047313615,0.0053135742189255025,0.018253593751403317,0.005013820042500855,0.003004517424132806,0.003004517424132806,0.0,0.9983260578598115,0.029814135079148166,0.02680961765501536,0.9999499416171183,False
11.96025,1,562,563,4.472557500000105,4.472557500000105,0.0,0.019011562501403338,0.019011562501403338,0.0900387304731362,0.08321906250421071,0.005692558593925513,0.019011562501403338,0.005013820042500855,0.0030732051654694583,0.0030732051654694583,0.0,0.9983291266270996,0.030426256971747723,0.027353051806278263,0.9999503502186455,False
11.982000000000001,1,563,564,4.479408750000106,4.479408750000106,0.0,0.019867968751403415,0.019867968751403415,0.09007031250421112,0.08314236328528561,0.005845136718925549,0.019867968751403415,0.005013820042500855,0.0031622277756946948,0.0031622277756946948,0.0,0.9984524881035448,0.031185798056747552,0.028023570281052856,0.9999554522624903,False
