time,inserted_nodes,node_count_before,node_count_after,rest_length_before,rest_length_after,rest_length_error,tail_rest_length_before,tail_rest_length_after,payout_buffer_rest_length_before,payout_buffer_rest_length_after,payout_buffer_min_rest_length_after,payout_buffer_max_rest_length_after,minimum_physical_rest_length_after,peak_tension_before,peak_tension_after,peak_tension_jump,minimum_geometric_ratio_after,peak_tension_post_step,peak_tension_post_step_jump,minimum_standard_ratio_post_step,remeshed_in_same_step
0.61825,1,103,104,1.030000886584539,1.0300008865845391,2.220446049250313e-16,0.011250110823067393,0.005625055411533696,0.09000088658453914,0.07875077576147174,0.005625055411533696,0.011250110823067393,0.005625055411533696,0.0,0.0,0.0,0.9998599234056746,0.0,0.0,0.9999863398052232,False
0.81075,1,104,105,1.0412631247503157,1.041263124750316,2.220446049250313e-16,0.007032835182255808,0.007032835182255808,0.09001301392724859,0.07735512333345909,0.006328945296894748,0.012657890593789497,0.006328945296894748,0.0,0.0,0.0,0.9996474151423796,0.0,0.0,0.9999671336242801,False
0.963,1,105,106,1.053926268997164,1.053926268997164,0.0,0.008615728213111839,0.008615728213111839,0.09001826758030729,0.07577748395566178,0.007120391812322756,0.014240783624645512,0.007120391812322756,0.0,0.0,0.0,0.9995888670614672,0.0,0.0,0.9999618315472292,False
1.099,1,106,107,1.0681625788809532,1.0681625788809532,0.0,0.010395266948585478,0.010395266948585478,0.09001379383945088,0.07399347147933172,0.005197633474292739,0.016020322360119157,0.005197633474292739,0.0,0.0,0.0,0.9995559458035244,0.0,0.0,0.9999589395127468,False
1.228,1,107,108,1.0841984267157725,1.0841984267157725,0.0,0.012399747927937913,0.012399747927937913,0.09002931931415113,0.07200451597467955,0.005847929021288427,0.012399747927937913,0.005847929021288427,0.0,0.0,0.0,0.9993617428954891,0.0,0.0,0.9999415244495424,False
1.3545,1,108,109,1.1022155967336944,1.1022155967336944,0.0,0.01465189418017813,0.01465189418017813,0.0900216859926013,0.07686512821321226,0.006974002147408535,0.01465189418017813,0.006974002147408535,0.0,0.0,0.0,0.9993589728366694,0.0,0.0,0.9999413033424992,False
1.43875,1,109,110,1.1153898073866437,1.115389807386644,2.220446049250313e-16,0.01629867051179685,0.01629867051179685,0.09003933886616201,0.08263767181065813,0.007401667055503878,0.01629867051179685,0.007401667055503878,0.0,0.0,0.0,0.9993552911520791,0.0,0.0,0.9999409519470798,False
1.4837500000000001,1,110,111,1.1227832512816813,1.1227832512816813,0.0,0.017222850998676487,0.017222850998676487,0.09003111570569516,0.08170526816331165,0.005335516046013497,0.017222850998676487,0.005335516046013497,0.0,0.0,0.0,0.9993105311764675,0.0,0.0,0.9999370176584653,False
1.53275,1,111,112,1.1310978427213345,1.1310978427213347,2.220446049250313e-16,0.018262174928633166,0.018262174928633166,0.09001985960296521,0.07830950358098152,0.005292141447931788,0.018262174928633166,0.005292141447931788,0.0,0.0,0.0,0.9990702752927396,0.0,0.0,0.9999152065235507,False
1.59925,1,112,113,1.1427904117535146,1.1427904117535148,2.220446049250313e-16,0.019723746057655672,0.019723746057655672,0.09000207261316168,0.08216566150816897,0.0060229270124430535,0.019723746057655672,0.0060229270124430535,0.0,0.0,0.0,0.9990879662058255,0.0,0.0,0.9999168032757674,False
1.6425,1,113,114,1.1506261371720379,1.1506261371720379,0.0,0.02070321173497103,0.02070321173497103,0.09000138692669205,0.08118551014438394,0.007002392689758436,0.02070321173497103,0.007002392689758436,0.0,0.0,0.0,0.999100801724774,0.0,0.0,0.9999177270480312,False
1.69025,1,114,115,1.1594676567644326,1.1594676567644326,0.0,0.021808401684020397,0.021808401684020397,0.09002702973677885,0.0811886615334598,0.008107582638807795,0.021808401684020397,0.007401667055503878,1.1137172204876862e-06,1.1137172204876862e-06,0.0,0.9992064839691688,1.113233718029157e-06,-4.835024585293345e-10,0.9999268487355847,False
1.737,1,115,116,1.168297403486089,1.1682974034860887,-2.220446049250313e-16,0.022912120024227392,0.011456060012113696,0.09001840825511578,0.08007632171158974,0.009211300979014793,0.011456060012113696,0.007401667055503878,2.405053163715104e-06,2.405053163715104e-06,0.0,0.9992887150553621,2.3887627425068277e-06,-1.6290421208276125e-08,0.999934119445735,False
1.78875,1,116,117,1.1782449199095348,1.1782449199095348,0.0,0.01269949956504445,0.01269949956504445,0.09002383813503576,0.08479646786906297,0.005227370265972774,0.01269949956504445,0.005227370265972774,3.643878522671879e-06,3.643878522671879e-06,0.0,0.9993626289753477,3.6507838362936766e-06,6.905313621797561e-09,0.999941856730922,False
1.81575,1,117,118,1.183497147210275,1.1834971472102749,-2.220446049250313e-16,0.013356027977636974,0.013356027977636974,0.09004869516980318,0.08416479649123788,0.005555634472269036,0.013356027977636974,0.005227370265972774,4.467000843237396e-06,4.467000843237396e-06,0.0,0.9988592519360252,4.482256201035527e-06,1.5255357798131444e-08,0.9998961038450992,False
1.84575,1,118,119,1.1893755824807515,1.1893755824807515,0.0,0.014090832386446553,0.014090832386446553,0.0900432317617145,0.08375279288063589,0.006290438881078608,0.014090832386446553,0.005227370265972774,4.977864960514756e-06,4.977864960514756e-06,0.0,0.9989253576705411,4.980475143047435e-06,2.610182532679188e-09,0.999902081389123,False
1.8775,1,119,120,1.1956385596686974,1.1956385596686974,0.0,0.014873704534939752,0.014873704534939752,0.09001577006858152,0.0829424590390097,0.006689670971210794,0.014873704534939752,0.005227370265972774,5.7951739052514e-06,5.7951739052514e-06,0.0,0.9990383305460436,5.811466543237219e-06,1.6292637985818904e-08,0.9999122981598333,False
1.9132500000000001,1,120,121,1.2027316608657814,1.2027316608657814,0.0,0.01576034218457525,0.01576034218457525,0.09003556023609376,0.08206781554100084,0.006856692308766201,0.01576034218457525,0.005227370265972774,6.420721349000941e-06,6.420721349000941e-06,0.0,0.9990973480106732,6.432326037907808e-06,1.1604688906867444e-08,0.9999175224835238,False
1.95325,1,121,122,1.210704968754203,1.210704968754203,0.0,0.016757005670628003,0.016757005670628003,0.09004112342942272,0.08107671524827706,0.007355024051792565,0.016757005670628003,0.005227370265972774,7.107269845782856e-06,7.107269845782856e-06,0.0,0.9991258094506187,7.100366823455952e-06,-6.903022326903941e-09,0.9999198518759764,False
1.998,1,122,123,1.2196500002664854,1.2196500002664854,0.0,0.0178751346096633,0.0178751346096633,0.09002174676055938,0.08033064571462506,0.00847315299082785,0.0178751346096633,0.005227370265972774,7.772352814417973e-06,7.772352814417973e-06,0.0,0.9991884446556494,7.72707206432509e-06,-4.528075009288231e-08,0.9999245846904228,False
2.0465,1,123,124,1.2293499999999993,1.2293499999999993,0.0,0.01908763457635243,0.01908763457635243,0.09003064544813884,0.08457884494182706,0.005451800506311779,0.01908763457635243,0.005227370265972774,8.455081747100343e-06,8.455081747100343e-06,0.0,0.9992900179124077,8.456930070801941e-06,1.8483237015980104e-09,0.9999352703045613,False
2.07375,1,124,125,1.234799999999999,1.234799999999999,0.0,0.01976888457635233,0.01976888457635233,0.09002884494182675,0.08389579443551494,0.005432617350271708,0.01976888457635233,0.005227370265972774,8.906568991834849e-06,8.906568991834849e-06,0.0,0.9988788743352454,8.908026061824712e-06,1.4570699898637952e-09,0.999897885651958,False
2.1045000000000003,1,125,126,1.2409499999999987,1.2409499999999987,0.0,0.020537634576352225,0.020537634576352225,0.09004579443551472,0.08384442708524298,0.005816992350271689,0.020537634576352225,0.005227370265972774,9.422596912053943e-06,9.422596912053943e-06,0.0,0.9988912233701994,9.42401884596313e-06,1.4219339091868944e-09,0.9998989669961794,False
2.1355,1,126,127,1.2471499999999986,1.2471499999999986,0.0,0.021312634576352116,0.021312634576352116,0.0900444270852428,0.08306805973497103,0.005955326478758482,0.021312634576352116,0.005227370265972774,9.98850701773872e-06,9.98850701773872e-06,0.0,0.9989569153634218,9.98282742226383e-06,-5.679595474890288e-09,0.9999048877228448,False
2.1702500000000002,1,127,128,1.2540999999999987,1.2540999999999984,-2.220446049250313e-16,0.022181384576351985,0.022181384576351985,0.09001805973497082,0.08255731738469907,0.006389701478758454,0.022181384576351985,0.005227370265972774,1.0619208997819012e-05,1.0619208997819012e-05,0.0,0.9989923849478703,1.0606955145597244e-05,-1.2253852221767378e-08,0.9999080150801295,False
2.2075,1,128,129,1.261549999999998,1.2615499999999982,2.220446049250313e-16,0.023112634576351845,0.023112634576351845,0.0900073173846989,0.08161532503442717,0.007087533635760324,0.023112634576351845,0.005227370265972774,1.1246126612956089e-05,1.1246126612956089e-05,0.0,0.9990607636038152,1.121755921922301e-05,-2.856739373307887e-08,0.9999140207445548,False
2.2495,1,129,130,1.269949999999998,1.269949999999998,0.0,0.024162634576351698,0.024162634576351698,0.09001532503442689,0.0812099985556684,0.007612533635760296,0.024162634576351698,0.005227370265972774,1.1868957070614874e-05,1.1868957070614874e-05,0.0,0.9991550031983574,1.1812482224860617e-05,-5.647484575425693e-08,0.9999221930530428,False
2.2935,1,130,131,1.2787499999999974,1.2787499999999974,0.0,0.02526263457635154,0.01263131728817577,0.09000999855566783,0.08010467207690941,0.008712533635760251,0.01263131728817577,0.005227370265972774,1.239777329257682e-05,1.239777329257682e-05,0.0,0.9992107626935194,1.230651304405208e-05,-9.126024852473954e-08,0.9999266489189018,False
2.343,1,131,132,1.2886499999999967,1.288649999999997,2.220446049250313e-16,0.013868817288175687,0.013868817288175687,0.09000467207690874,0.08465044633752958,0.005354225739379164,0.013868817288175687,0.005227370265972774,1.2840361437089506e-05,1.2840361437089506e-05,0.0,0.9993088725864107,1.2838449843588393e-05,-1.9115935011131124e-09,0.9999369645608249,False
2.3697500000000002,1,132,133,1.2939999999999965,1.2939999999999967,2.220446049250313e-16,0.014537567288175655,0.014537567288175655,0.09000044633752939,0.0839774705981502,0.005688600739379148,0.014537567288175655,0.005227370265972774,1.3258224698859522e-05,1.3258224698859522e-05,0.0,0.9988584078416911,1.3250518743095785e-05,-7.705955763737896e-09,0.9998960118952002,False
2.4,1,133,134,1.3000499999999962,1.3000499999999964,2.220446049250313e-16,0.015293817288175613,0.015293817288175613,0.09002747059815,0.08358261985877083,0.005950016817880059,0.015293817288175613,0.005227370265972774,1.3517342351925278e-05,1.3517342351925278e-05,0.0,0.9989331270935626,1.3504839061436743e-05,-1.250329048853489e-08,0.999902766480687,False
2.4322500000000002,1,134,135,1.3064999999999962,1.3064999999999962,0.0,0.01610006728817552,0.01610006728817552,0.09003261985877056,0.08278151911939136,0.006353141817880033,0.01610006728817552,0.005227370265972774,1.3701092477023987e-05,1.3701092477023987e-05,0.0,0.9989822934919104,1.3682178845480521e-05,-1.8913631543465595e-08,0.9999071707045285,False
2.4685,1,135,136,1.3137499999999958,1.313749999999996,2.220446049250313e-16,0.017006317288175386,0.017006317288175386,0.09003151911939111,0.082369002301511,0.006543766817879994,0.017006317288175386,0.005227370265972774,1.3918323942207143e-05,1.3918323942207143e-05,0.0,0.9990528189127428,1.3895257851851763e-05,-2.3066090355379726e-08,0.9999135082002308,False
2.5067500000000003,1,136,137,1.3213999999999957,1.3213999999999957,0.0,0.01796256728817525,0.01796256728817525,0.0900190023015107,0.08140023548363062,0.0070218918178799675,0.01796256728817525,0.005227370265972774,1.4160873563642301e-05,1.4160873563642301e-05,0.0,0.9990832065832806,1.4125532831729996e-05,-3.5340731912305255e-08,0.9999161069337793,False
2.54975,1,137,138,1.3299999999999952,1.3299999999999952,0.0,0.019037567288175097,0.019037567288175097,0.09000023548363018,0.08070959366575017,0.008096891817879984,0.019037567288175097,0.005227370265972774,1.443474275965408e-05,1.443474275965408e-05,0.0,0.9991507849600251,1.4325114353773218e-05,-1.0962840588086111e-07,0.9999213287033504,False
2.59625,1,138,139,1.3392999999999944,1.3392999999999944,0.0,0.020200067288174927,0.020200067288174927,0.09000959366574951,0.08478302275680955,0.005226570908939967,0.020200067288174927,0.005226570908939967,1.4727316012159511e-05,1.4727316012159511e-05,0.0,0.9992573881895361,1.472046763390467e-05,-6.848378254840481e-09,0.9999323168961983,False
2.6225,1,139,140,1.3445499999999941,1.3445499999999941,0.0,0.020856317288174823,0.020856317288174823,0.09003302275680918,0.0841502018478692,0.005196883408939943,0.020856317288174823,0.005196883408939943,1.4907876575992061e-05,1.4907876575992061e-05,0.0,0.9988312310955102,1.4900783262558826e-05,-7.093313433235429e-09,0.9998935694141137,False
2.6517500000000003,1,140,141,1.3503999999999938,1.3503999999999938,0.0,0.021587567288174722,0.021587567288174722,0.09000020184786897,0.084072068438929,0.005562508408939924,0.021587567288174722,0.005226570908939967,1.5077298043947735e-05,1.5077298043947735e-05,0.0,0.9988401629300765,1.50678264278752e-05,-9.471616072535697e-09,0.9998943533900583,False
2.6815,1,141,142,1.3563499999999937,1.3563499999999935,-2.220446049250313e-16,0.022331317288174612,0.022331317288174612,0.09002206843892878,0.08335018502998878,0.005695320908939892,0.022331317288174612,0.005226570908939967,1.5245925825605193e-05,1.5245925825605193e-05,0.0,0.9989096983891671,1.5234599446226662e-05,-1.1326379378530848e-08,0.999900647864148,False
2.71475,1,142,143,1.3629999999999933,1.3629999999999933,0.0,0.023162567288174486,0.023162567288174486,0.09000018502998859,0.08286267662104861,0.006110945908939865,0.023162567288174486,0.005226570908939967,1.5449928009740566e-05,1.5449928009740566e-05,0.0,0.9989465004492999,1.5433717056386815e-05,-1.6210953353751638e-08,0.9999039358672208,False
2.7505,1,143,144,1.3701499999999935,1.3701499999999935,0.0,0.02405631728817436,0.02405631728817436,0.09001267662104856,0.08198141821210857,0.007004695908939902,0.02405631728817436,0.005226570908939967,1.566717269700158e-05,1.566717269700158e-05,0.0,0.9990184056620123,1.5634214742035236e-05,-3.295795496634441e-08,0.9999102781907931,False
2.79075,1,144,145,1.378199999999993,1.3781999999999932,2.220446049250313e-16,0.02506256728817421,0.02506256728817421,0.0900314182121083,0.08160484730316837,0.007771891822043592,0.02506256728817421,0.005226570908939967,1.5913522909586936e-05,1.5913522909586936e-05,0.0,0.9991416922063565,1.5855861602567426e-05,-5.7661307019510376e-08,0.99992124988357,False
2.83275,1,145,146,1.3865999999999925,1.3865999999999925,0.0,0.026112567288174064,0.013056283644087032,0.09000484730316785,0.08052827639422798,0.008821891822043541,0.013056283644087032,0.005226570908939967,1.613717842379955e-05,1.613717842379955e-05,0.0,0.999220588726438,1.6047123857571705e-05,-9.005456622784586e-08,0.9999277515089959,False
2.88025,1,146,147,1.3960999999999921,1.3960999999999921,0.0,0.014243783644086959,0.014243783644086959,0.09002827639422739,0.0849040534397575,0.005124222954469894,0.014243783644086959,0.005124222954469894,1.618522826469387e-05,1.618522826469387e-05,0.0,0.9993129973616875,1.618352791391017e-05,-1.7003507837029617e-09,0.9999373706320874,False
2.9057500000000003,1,147,148,1.4011999999999918,1.4011999999999918,0.0,0.014881283644086923,0.014881283644086923,0.09000405343975729,0.08424233048528737,0.005442972954469876,0.014881283644086923,0.005124222954469894,1.651829890472609e-05,1.651829890472609e-05,0.0,0.9988066750444448,1.6513589650752415e-05,-4.709253973675951e-09,0.9998913520087696,False
2.93475,1,148,149,1.4069999999999916,1.4069999999999916,0.0,0.015606283644086878,0.015606283644086878,0.09004233048528715,0.08387435753081723,0.005937508411021701,0.015606283644086878,0.005124222954469894,1.6730216700472058e-05,1.6730216700472058e-05,0.0,0.9988852722942977,1.6721759726458723e-05,-8.456974013334832e-09,0.9998984708660289,False
2.9655,1,149,150,1.4131499999999915,1.4131499999999915,0.0,0.016375033644086764,0.016375033644086764,0.09002435753081692,0.083087634576347,0.006321883411021676,0.016375033644086764,0.005124222954469894,1.6873879340191116e-05,1.6873879340191116e-05,0.0,0.998974740421033,1.686151733969803e-05,-1.2362000493084443e-08,0.9999065615392035,False
3.00025,1,150,151,1.4200999999999913,1.4200999999999913,0.0,0.017243783644086644,0.017243783644086644,0.09003763457634684,0.08246262616532507,0.006504695911021647,0.017243783644086644,0.005124222954469894,1.7013927327906868e-05,1.7013927327906868e-05,0.0,0.9990437998525704,1.699812958062729e-05,-1.5797747279577097e-08,0.9999127845469188,False
3.0380000000000003,1,151,152,1.427649999999991,1.427649999999991,0.0,0.018187533644086505,0.018187533644086505,0.09001262616532477,0.08149386775430303,0.006976570911021618,0.018187533644086505,0.005124222954469894,1.714285507823079e-05,1.714285507823079e-05,0.0,0.9990768961089133,1.711711837567304e-05,-2.5736702557749985e-08,0.9999156559846178,False
3.08075,1,152,153,1.4361999999999904,1.4361999999999904,0.0,0.019256283644086346,0.019256283644086346,0.09004386775430254,0.08084073434328089,0.00804532091102163,0.019256283644086346,0.005124222954469894,1.728530707459158e-05,1.728530707459158e-05,0.0,0.9991453781286903,1.7203944210230162e-05,-8.136286436141683e-08,0.9999210041969604,False
3.12675,1,153,154,1.4453999999999898,1.4453999999999898,0.0,0.020406283644086184,0.020406283644086184,0.0900407343432803,0.08486416763776952,0.005176566705510794,0.020406283644086184,0.005124222954469894,1.7445254075653413e-05,1.7445254075653413e-05,0.0,0.9992522474053641,1.7441400932929256e-05,-3.853142724156988e-09,0.999931895773897,False
3.1525,1,154,155,1.4505499999999896,1.4505499999999896,0.0,0.02105003364408609,0.02105003364408609,0.0900141676377692,0.0841938509322584,0.005155472955510773,0.02105003364408609,0.005124222954469894,1.7570220688416254e-05,1.7570220688416254e-05,0.0,0.9988187098312516,1.7571229799322175e-05,1.0091109059202474e-09,0.9998924795635232,False
3.18175,1,155,156,1.456399999999989,1.4563999999999893,2.220446049250313e-16,0.021781283644085978,0.021781283644085978,0.09004385093225807,0.08415712797674728,0.005521097955510749,0.021781283644085978,0.005124222954469894,1.7643084843156826e-05,1.7643084843156826e-05,0.0,0.9988320335221236,1.7638260269848774e-05,-4.824573308052785e-09,0.9998936713369668,False
3.211,1,156,157,1.462249999999989,1.4622499999999892,2.220446049250313e-16,0.022512533644085876,0.022512533644085876,0.09000712797674712,0.08338915502123628,0.005650785455510721,0.022512533644085876,0.005124222954469894,1.771508646479362e-05,1.771508646479362e-05,0.0,0.9989003267789552,1.7709888945318346e-05,-5.1975194752739654e-09,0.9998998590936875,False
3.24425,1,157,158,1.4688999999999885,1.4688999999999885,0.0,0.02334378364408575,0.02334378364408575,0.0900391550212361,0.0829555570657253,0.006066410455510694,0.02334378364408575,0.005124222954469894,1.7814653434867605e-05,1.7814653434867605e-05,0.0,0.9989392918561413,1.7806658391601612e-05,-7.995043265992575e-09,0.9999033557958198,False
3.2795,1,158,159,1.4759499999999885,1.4759499999999885,0.0,0.02422503364408562,0.02422503364408562,0.09000555706572522,0.08204070911021438,0.006947660455510726,0.02422503364408562,0.005124222954469894,1.79199461902846e-05,1.79199461902846e-05,0.0,0.9990103761120863,1.7902122474480948e-05,-1.7823715803651956e-08,0.9999096444303353,False
3.3195,1,159,160,1.4839499999999886,1.4839499999999886,0.0,0.025225033644085477,0.025225033644085477,0.09004070911021418,0.08167742365470342,0.00779844591102141,0.025225033644085477,0.005124222954469894,1.806089434600795e-05,1.806089434600795e-05,0.0,0.9991348858903984,1.802790790611308e-05,-3.2986439894871654e-08,0.9999207170676467,False
3.36125,1,160,161,1.4922999999999877,1.4922999999999877,0.0,0.026268783644085324,0.013134391822042662,0.09002742365470283,0.08062038819919212,0.00884219591102135,0.013134391822042662,0.005124222954469894,1.818501071013069e-05,1.818501071013069e-05,0.0,0.9992224059599711,1.8130117678896783e-05,-5.489303123390552e-08,0.9999280008817887,False
3.4082500000000002,1,161,162,1.5016999999999872,1.5016999999999872,0.0,0.014309391822042597,0.014309391822042597,0.09002038819919161,0.08493718297143629,0.005083205227755311,0.014309391822042597,0.005083205227755311,1.804249040928118e-05,1.804249040928118e-05,0.0,0.9993135433285126,1.8044152999300965e-05,1.6625900197862146e-09,0.9999374446255352,False
3.43375,1,162,163,1.5067999999999873,1.506799999999987,-2.220446049250313e-16,0.014946891822042561,0.014946891822042561,0.09003718297143606,0.08431647774368073,0.005401955227755293,0.014946891822042561,0.005083205227755311,1.8346793332900516e-05,1.8346793332900516e-05,0.0,0.9987981333882318,1.8346501425189974e-05,-2.919077105414166e-10,0.9998906115799326,False
3.46225,1,163,164,1.5124999999999869,1.5124999999999869,0.0,0.01565939182204251,0.01565939182204251,0.09001647774368048,0.08390202251592516,0.005933597955510609,0.01565939182204251,0.005083205227755311,1.8525641019797494e-05,1.8525641019797494e-05,0.0,0.9988755336573577,1.8523684698110897e-05,-1.9563216865968545e-09,0.9998976313691478,False
3.49275,1,164,165,1.5185999999999864,1.5185999999999864,0.0,0.016421891822042397,0.016421891822042397,0.09000202251592487,0.08312506728816954,0.006314847955510586,0.016421891822042397,0.005083205227755311,1.864941598027882e-05,1.864941598027882e-05,0.0,0.9989732052075474,1.864561010345007e-05,-3.805876828749319e-09,0.999906476587627,False
3.52725,1,165,166,1.5254999999999863,1.5254999999999863,0.0,0.01728439182204227,0.01728439182204227,0.09002506728816931,0.08246646933265865,0.006496097955510551,0.01728439182204227,0.005083205227755311,1.8769467285396734e-05,1.8769467285396734e-05,0.0,0.9990420527636815,1.8763472934457285e-05,-5.994350939448126e-09,0.9999126844403422,False
3.565,1,166,167,1.533049999999986,1.533049999999986,0.0,0.018228141822042142,0.018228141822042142,0.09001646933265844,0.0815141213771478,0.006967972955510529,0.018228141822042142,0.005083205227755311,1.888214500514362e-05,1.888214500514362e-05,0.0,0.9990758532968899,1.8871029278808086e-05,-1.1115726335534596e-08,0.9999156242583603,False
3.6075,1,167,168,1.5415499999999855,1.5415499999999855,0.0,0.019290641822041987,0.019290641822041987,0.09001412137714734,0.08083052342163677,0.008030472955510546,0.019290641822041987,0.005083205227755311,1.9008052479117072e-05,1.9008052479117072e-05,0.0,0.9991438226047489,1.896428887496223e-05,-4.376360415484187e-08,0.9999209259825341,False
3.6535,1,168,169,1.5507499999999852,1.550749999999985,-2.220446049250313e-16,0.020440641822041816,0.020440641822041816,0.09003052342163609,0.08486372444388085,0.005166798977755248,0.020440641822041816,0.005083205227755311,1.913162217003533e-05,1.913162217003533e-05,0.0,0.9992510618199701,1.9130845472411335e-05,-7.766976239953222e-10,0.999931823852781,False
3.67925,1,169,170,1.5558999999999847,1.5558999999999847,0.0,0.02108439182204172,0.02108439182204172,0.09001372444388053,0.08420317546612525,0.005148048977755228,0.02108439182204172,0.005083205227755311,1.921800461485523e-05,1.921800461485523e-05,0.0,0.9988167466957184,1.9220616411560245e-05,2.6117967050166488e-09,0.9998923377370635,False
3.70825,1,170,171,1.5616999999999845,1.5616999999999845,0.0,0.021809391822041613,0.021809391822041613,0.09000317546612498,0.08413012648836972,0.0055105489777552055,0.021809391822041613,0.005083205227755311,1.9247897373333506e-05,1.9247897373333506e-05,0.0,0.9988293362789993,1.9246240086383254e-05,-1.6572869502521487e-09,0.9998934650548525,False
3.73775,1,171,172,1.5675999999999841,1.5675999999999841,0.0,0.022546891822041507,0.022546891822041507,0.09003012648836954,0.08341957751061427,0.0056433614777551735,0.022546891822041507,0.005083205227755311,1.9273962434776287e-05,1.9273962434776287e-05,0.0,0.9988995915008663,1.9271562252751965e-05,-2.4001820243227563e-09,0.9998998312003624,False
3.77075,1,172,173,1.574199999999984,1.5741999999999838,-2.220446049250313e-16,0.023371891822041385,0.023371891822041385,0.0900195775106141,0.08294652853285883,0.006055861477755148,0.023371891822041385,0.005083205227755311,1.932551105315774e-05,1.932551105315774e-05,0.0,0.9989370698530476,1.932331615050182e-05,-2.194902655922081e-09,0.9999031941501189,False
3.80625,1,173,174,1.5812999999999842,1.5812999999999842,0.0,0.024259391822041263,0.024259391822041263,0.09004652853285881,0.08208597955510352,0.006943361477755188,0.024259391822041263,0.005083205227755311,1.939181594769364e-05,1.939181594769364e-05,0.0,0.999009782718769,1.9383699440729605e-05,-8.116506964033106e-09,0.9999096357657836,False
3.846,1,174,175,1.5892499999999838,1.5892499999999838,0.0,0.025253141822041112,0.025253141822041112,0.09003597955510326,0.08168636807734804,0.007803910455510317,0.025253141822041112,0.005083205227755311,1.9496472208209578e-05,1.9496472208209578e-05,0.0,0.999133754723337,1.948012516338264e-05,-1.6347044826938925e-08,0.9999206446049819,False
3.88775,1,175,176,1.597599999999983,1.597599999999983,0.0,0.02629689182204096,0.01314844591102048,0.09003636807734744,0.08064300659959228,0.008847660455510255,0.01314844591102048,0.005083205227755311,1.9582256429546844e-05,1.9582256429546844e-05,0.0,0.9992229036216721,1.9555615926199486e-05,-2.664050334735715e-08,0.9999280594838544,False
3.93475,1,176,177,1.6069999999999824,1.6069999999999824,0.0,0.014323445911020414,0.014323445911020414,0.09004300659959177,0.08496507586071422,0.005077930738877539,0.014323445911020414,0.005077930738877539,1.9306277821604638e-05,1.9306277821604638e-05,0.0,0.999313919656304,1.9309479765691328e-05,3.201944086690103e-09,0.9999374887448826,False
3.96,1,177,178,1.6120499999999824,1.6120499999999824,0.0,0.014954695911020383,0.014954695911020383,0.09001507586071404,0.08430589512183648,0.005393555738877523,0.014954695911020383,0.005077930738877539,1.9622582695921905e-05,1.9622582695921905e-05,0.0,0.9987957148870107,1.9624936870534616e-05,2.3541746127107768e-09,0.9998904101432019,False
3.9885,1,178,179,1.6177499999999823,1.6177499999999823,0.0,0.01566719591102033,0.01566719591102033,0.09000589512183621,0.08389983938295867,0.005931642727755062,0.01566719591102033,0.005077930738877539,1.9784048116774602e-05,1.9784048116774602e-05,0.0,0.9988739974091946,1.9785195597591158e-05,1.1474808165560114e-09,0.9998975153244626,False
4.01925,1,179,180,1.6238999999999821,1.6238999999999821,0.0,0.016435945911020215,0.016435945911020215,0.09004983938295849,0.08317503364408094,0.00631601772775506,0.016435945911020215,0.005077930738877539,1.9885761224496635e-05,1.9885761224496635e-05,0.0,0.9989738753832348,1.9884280761490325e-05,-1.4804630063102592e-09,0.9999065634919648,False
4.0535,1,180,181,1.6307499999999817,1.6307499999999817,0.0,0.017292195911020092,0.017292195911020092,0.0900250336440809,0.08246839091632578,0.00649570522775507,0.017292195911020092,0.005077930738877539,1.9976803207614866e-05,1.9976803207614866e-05,0.0,0.999041386950283,1.9975760799541623e-05,-1.0424080732439594e-09,0.9999126488660011,False
4.0912500000000005,1,181,182,1.6382999999999819,1.6382999999999819,0.0,0.018235945911019954,0.018235945911019954,0.09001839091632569,0.08151799818857054,0.006967580227755087,0.018235945911019954,0.005077930738877539,2.0064637054466772e-05,2.0064637054466772e-05,0.0,0.999075818004062,2.005996700572691e-05,-4.6700487398628615e-09,0.9999156439320253,False
4.13375,1,182,183,1.6467999999999818,1.6467999999999816,-2.220446049250313e-16,0.01929844591101981,0.01929844591101981,0.09001799818857054,0.08083948046081538,0.008030080227755136,0.01929844591101981,0.005077930738877539,2.0161507084748932e-05,2.0161507084748932e-05,0.0,0.9991437949082896,2.0140441312967053e-05,-2.1065771781879307e-08,0.9999209328764053,False
4.17975,1,183,184,1.655999999999982,1.655999999999982,0.0,0.020448445911019627,0.020448445911019627,0.09003948046081536,0.08487522159693778,0.005164258863877601,0.020448445911019627,0.005077930738877539,2.025220189649912e-05,2.025220189649912e-05,0.0,0.9992510443131946,2.025241237930568e-05,2.104828065584586e-10,0.9999318417482247,False
4.2055,1,184,185,1.6611499999999821,1.661149999999982,-2.220446049250313e-16,0.021092195911019542,0.021092195911019542,0.09002522159693792,0.08421721273306029,0.0051478526138776055,0.021092195911019542,0.005077930738877539,2.0310235646618918e-05,2.0310235646618918e-05,0.0,0.9988162436493886,2.0313404942019336e-05,3.169295400418234e-09,0.9998923115932193,False
4.2345,1,185,186,1.6669499999999822,1.6669499999999822,0.0,0.021817195911019435,0.021817195911019435,0.09001721273306035,0.08414436011918272,0.005510352613877618,0.021817195911019435,0.005077930738877539,2.0331902243538188e-05,2.0331902243538188e-05,0.0,0.9988293116839351,2.033218111694373e-05,2.788734055421578e-10,0.9998934830779009,False
4.264,1,186,187,1.6728499999999822,1.6728499999999822,0.0,0.02255469591101932,0.02255469591101932,0.09004436011918271,0.08343400750530507,0.005643165113877619,0.02255469591101932,0.005077930738877539,2.0337229209109204e-05,2.0337229209109204e-05,0.0,0.9988995707922006,2.033917186801008e-05,1.9426589008774385e-09,0.999899848416776,False
4.297,1,187,188,1.6794499999999823,1.6794499999999821,-2.220446049250313e-16,0.023379695911019207,0.023379695911019207,0.09003400750530524,0.08296115489142757,0.006055665113877638,0.023379695911019207,0.005077930738877539,2.0389847912694238e-05,2.0389847912694238e-05,0.0,0.9989370513540461,2.0387108225469676e-05,-2.739687224561629e-09,0.9999032108726217,False
4.33225,1,188,189,1.6864999999999823,1.6864999999999823,0.0,0.02426094591101909,0.02426094591101909,0.09001115489142775,0.08205705227755003,0.006936915113877682,0.02426094591101909,0.005077930738877539,2.041775732131848e-05,2.041775732131848e-05,0.0,0.9990088751169729,2.0415457371061543e-05,-2.2999502569381186e-09,0.9999095691489739,False
4.372,1,189,190,1.6944499999999825,1.6944499999999825,0.0,0.025254695911018938,0.025254695911018938,0.0900070522775501,0.08166388716367236,0.007802736477755059,0.025254695911018938,0.005077930738877539,2.050363723502213e-05,2.050363723502213e-05,0.0,0.9991330633394042,2.049535843995457e-05,-8.278795067561719e-09,0.9999205892225232,False
4.41375,1,190,191,1.7027999999999825,1.7027999999999825,0.0,0.026298445911018774,0.013149222955509387,0.09001388716367237,0.0806269720497946,0.008846486477755084,0.013149222955509387,0.005077930738877539,2.055412350535356e-05,2.055412350535356e-05,0.0,0.9992228120292369,2.054218700485864e-05,-1.1936500494920182e-08,0.9999280450476346,False
4.46075,1,191,192,1.7121999999999828,1.7121999999999828,0.0,0.014324222955509445,0.014324222955509445,0.09002697204979507,0.08495226449285617,0.005074707556938897,0.014324222955509445,0.005074707556938897,2.019316184084143e-05,2.019316184084143e-05,0.0,0.999313839407595,2.0196285348181737e-05,3.1235073403071932e-09,0.9999374843678944,False
4.486,1,192,193,1.717249999999983,1.717249999999983,0.0,0.014955472955509462,0.014955472955509462,0.09000226449285631,0.08429630693591741,0.005390332556938906,0.014955472955509462,0.005074707556938897,2.0485889033898085e-05,2.0485889033898085e-05,0.0,0.9987950378007748,2.0486492149875222e-05,6.031159771363766e-10,0.999890355259587,False
4.51475,1,193,194,1.722999999999983,1.722999999999983,0.0,0.01567422295550947,0.01567422295550947,0.09004630693591752,0.0839372243789786,0.005934180738877595,0.01567422295550947,0.005074707556938897,2.0660791992164947e-05,2.0660791992164947e-05,0.0,0.998874561804432,2.0659905692113612e-05,-8.863000513354129e-10,0.9998975765491345,False
4.54525,1,194,195,1.729099999999983,1.729099999999983,0.0,0.01643672295550936,0.01643672295550936,0.09003722437897854,0.08316564182203959,0.006315430738877609,0.01643672295550936,0.005074707556938897,2.0728670896726678e-05,2.0728670896726678e-05,0.0,0.9989733135393033,2.0731190468161766e-05,2.519571435088139e-09,0.9999065221380353,False
4.5795,1,195,196,1.735949999999983,1.735949999999983,0.0,0.017292972955509238,0.017292972955509238,0.09001564182203955,0.08246271108316189,0.0064951182388776185,0.017292972955509238,0.005074707556938897,2.0821767280170222e-05,2.0821767280170222e-05,0.0,0.9990413164299095,2.081977612720354e-05,-1.9911529666825217e-09,0.9999126513147338,False
4.61725,1,196,197,1.7434999999999832,1.7434999999999832,0.0,0.0182367229555091,0.0182367229555091,0.0900127110831618,0.08151603034428412,0.006966993238877635,0.0182367229555091,0.005074707556938897,2.0892051022861936e-05,2.0892051022861936e-05,0.0,0.9990757531272493,2.0892703945186e-05,6.529223240629017e-10,0.9999156441597458,False
4.65975,1,197,198,1.751999999999983,1.751999999999983,0.0,0.019299222955508955,0.019299222955508955,0.09001603034428413,0.0808380996054064,0.008029493238877684,0.019299222955508955,0.005074707556938897,2.0969746927388018e-05,2.0969746927388018e-05,0.0,0.9991437405169945,2.0960688188408077e-05,-9.058738979940547e-09,0.9999209223241851,False
4.70575,1,198,199,1.7611999999999832,1.7611999999999832,0.0,0.020449222955508793,0.020449222955508793,0.09003809960540657,0.0848741342359677,0.005163965369438887,0.020449222955508793,0.005074707556938897,2.1053460489592492e-05,2.1053460489592492e-05,0.0,0.9992510055735463,2.105387086100648e-05,4.103714139878402e-10,0.9999318482139283,False
4.7315000000000005,1,199,200,1.766349999999983,1.766349999999983,0.0,0.021092972955508688,0.021092972955508688,0.09002413423596767,0.08421641886652877,0.00514755911943888,0.021092972955508688,0.005074707556938897,2.110433893207382e-05,2.110433893207382e-05,0.0,0.9988161936395408,2.110267240648691e-05,-1.6665255869090581e-09,0.9998923168443901,False
4.7605,1,200,201,1.7721499999999835,1.7721499999999832,-2.220446049250313e-16,0.02181797295550858,0.02181797295550858,0.09001641886652882,0.08414385974708992,0.005510059119438892,0.02181797295550858,0.005074707556938897,2.1119680047697353e-05,2.1119680047697353e-05,0.0,0.9988292630089631,2.112058000264857e-05,8.999549512187476e-10,0.9998934888828158,False
4.79,1,201,202,1.7780499999999833,1.7780499999999835,2.220446049250313e-16,0.022555472955508485,0.022555472955508485,0.09004385974709012,0.08343380062765117,0.005642871619438904,0.022555472955508485,0.005074707556938897,2.1123045912671947e-05,2.1123045912671947e-05,0.0,0.9988995289943238,2.112136559050484e-05,-1.6803221671067917e-09,0.9998998541875427,False
4.823,1,202,203,1.7846499999999834,1.7846499999999834,0.0,0.023380472955508352,0.023380472955508352,0.09003380062765115,0.0829612415082122,0.006055371619438912,0.023380472955508352,0.005074707556938897,2.108527859009146e-05,2.108527859009146e-05,0.0,0.9989370107123265,2.1090289981779396e-05,5.0113916879375876e-09,0.9999032139869464,False
4.85825,1,203,204,1.7916999999999834,1.7916999999999834,0.0,0.024261722955508234,0.024261722955508234,0.09001124150821238,0.08205743238877339,0.0069366216194389554,0.024261722955508234,0.005074707556938897,2.1143457514428683e-05,2.1143457514428683e-05,0.0,0.9990088417858057,2.1144693642223642e-05,1.2361277949585886e-09,0.9999095711067301,False
4.898,1,204,205,1.7996499999999838,1.7996499999999838,0.0,0.025255472955508083,0.025255472955508083,0.09000743238877346,0.08166456076933445,0.007802930738877345,0.025255472955508083,0.005074707556938897,2.1175173147479278e-05,2.1175173147479278e-05,0.0,0.9991330389503902,2.1175185183098063e-05,1.203561878523711e-11,0.9999205877545606,False
4.93975,1,205,206,1.8079999999999838,1.8079999999999838,0.0,0.02629922295550794,0.01314961147775397,0.09001456076933465,0.0806279391498956,0.008846680738877394,0.01314961147775397,0.005074707556938897,2.1227315613318485e-05,2.1227315613318485e-05,0.0,0.9992228368145716,2.1221752874722233e-05,-5.562738596251622e-09,0.9999280421393253,False
4.98675,1,206,207,1.8173999999999841,1.817399999999984,-2.220446049250313e-16,0.014324611477754006,0.014324611477754006,0.09002793914989589,0.08495337834017636,0.005074560809719534,0.014324611477754006,0.005074560809719534,2.084725922614169e-05,2.084725922614169e-05,0.0,0.999313853970049,2.0850321927950137e-05,3.0627018084465e-09,0.9999374872451064,False
5.0120000000000005,1,207,208,1.8224499999999844,1.8224499999999844,0.0,0.014955861477754023,0.014955861477754023,0.0900033783401765,0.08429756753045695,0.005390185809719543,0.014955861477754023,0.005074560809719534,2.1137113169408453e-05,2.1137113169408453e-05,0.0,0.9987950089609383,2.1138473440990296e-05,1.360271581843115e-09,0.9998903550059329,False
5.04075,1,208,209,1.8281999999999845,1.8281999999999845,0.0,0.015674611477754053,0.015674611477754053,0.09004756753045723,0.08393863172073765,0.005934277869438749,0.015674611477754053,0.005074560809719534,2.1264050981027835e-05,2.1264050981027835e-05,0.0,0.998874537866033,2.1270346904360833e-05,6.295923332997428e-09,0.9998975771926321,False
5.07125,1,209,210,1.8342999999999843,1.8342999999999845,2.220446049250313e-16,0.01643711147775394,0.01643711147775394,0.09003863172073759,0.08316719591101798,0.006315527869438763,0.01643711147775394,0.005074560809719534,2.1364251912589903e-05,2.1364251912589903e-05,0.0,0.9989733338813702,2.1362276488531238e-05,-1.9754240586654414e-09,0.9999065278179355,False
5.1055,1,210,211,1.8411499999999845,1.8411499999999843,-2.220446049250313e-16,0.01729336147775382,0.01729336147775382,0.09001719591101795,0.08246416804157913,0.006495215369438773,0.01729336147775382,0.005074560809719534,2.1395535083462545e-05,2.1395535083462545e-05,0.0,0.9990413342312954,2.140124372180712e-05,5.708638344575543e-09,0.9999126554057438,False
5.14325,1,211,212,1.8486999999999845,1.8486999999999845,0.0,0.01823711147775368,0.01823711147775368,0.09001416804157905,0.08151739017214021,0.00696709036943879,0.01823711147775368,0.005074560809719534,2.14643243967979e-05,2.14643243967979e-05,0.0,0.9990757707649722,2.1461120926682218e-05,-3.2034701156813178e-09,0.9999156469479819,False
5.1857500000000005,1,212,213,1.8571999999999842,1.8571999999999842,0.0,0.019299611477753515,0.019299611477753515,0.09001739017214005,0.0808393623027012,0.008029590369438816,0.019299611477753515,0.005074560809719534,2.1531148810937403e-05,2.1531148810937403e-05,0.0,0.9991437566320281,2.1527785599265015e-05,-3.363211672387776e-09,0.9999209193381363,False
5.23175,1,213,214,1.8663999999999845,1.8663999999999845,0.0,0.020449611477753354,0.020449611477753354,0.09003936230270136,0.08487534836798191,0.005164013934719453,0.020449611477753354,0.005074560809719534,2.1593517029559853e-05,2.1593517029559853e-05,0.0,0.9992510198588961,2.1593996563182123e-05,4.79533622269805e-10,0.9999318550270715,False
5.2575,1,214,215,1.871549999999984,1.871549999999984,0.0,0.021093361477753248,0.021093361477753248,0.09002534836798187,0.08421758443326241,0.005147607684719446,0.021093361477753248,0.005074560809719534,2.1631178902866205e-05,2.1631178902866205e-05,0.0,0.9988162099254371,2.1634195349097036e-05,3.0164462308312568e-09,0.9998923237575901,False
5.2865,1,215,216,1.8773499999999848,1.8773499999999848,0.0,0.02181836147775316,0.02181836147775316,0.09001758443326266,0.08414497674854317,0.00551010768471947,0.02181836147775316,0.005074560809719534,2.1597590039265063e-05,2.1597590039265063e-05,0.0,0.9988292778152941,2.1600403464750904e-05,2.81342548584041e-09,0.9998934940613591,False
5.316,1,216,217,1.8832499999999845,1.8832499999999845,0.0,0.022555861477753045,0.022555861477753045,0.09004497674854317,0.08343486906382366,0.00564292018471947,0.022555861477753045,0.005074560809719534,2.1565723129267404e-05,2.1565723129267404e-05,0.0,0.9988995414755454,2.1574957775052933e-05,9.234645785528243e-09,0.9998998579542433,False
5.349,1,217,218,1.8898499999999847,1.8898499999999847,0.0,0.023380861477752934,0.023380861477752934,0.09003486906382382,0.0829622613791043,0.006055420184719489,0.023380861477752934,0.005074560809719534,2.1616577523269256e-05,2.1616577523269256e-05,0.0,0.9989370253113601,2.160947039218247e-05,-7.107131086786186e-09,0.9999032191146229,False
5.38425,1,218,219,1.896899999999985,1.896899999999985,0.0,0.024262111477752795,0.024262111477752795,0.0900122613791043,0.08205840369438475,0.00693667018471951,0.024262111477752795,0.005074560809719534,2.1562319261430818e-05,2.1562319261430818e-05,0.0,0.9990088520111405,2.15636174455858e-05,1.2981841549821165e-09,0.9999095713108785,False
5.424,1,219,220,1.9048499999999846,1.9048499999999848,2.220446049250313e-16,0.025255861477752644,0.025255861477752644,0.09000840369438481,0.08166548350966525,0.007803027869438485,0.025255861477752644,0.005074560809719534,2.1655305660631688e-05,2.1655305660631688e-05,0.0,0.9991330500311283,2.164951930790928e-05,-5.786352722409469e-09,0.9999205895792912,False
5.46575,1,220,221,1.9131999999999851,1.9131999999999851,0.0,0.0262996114777525,0.01314980573887625,0.09001548350966544,0.08062881332494584,0.008846777869438533,0.01314980573887625,0.005074560809719534,2.1644027040919835e-05,2.1644027040919835e-05,0.0,0.9992228494447515,2.1643061494101704e-05,-9.655468181311551e-10,0.9999280413881879,False
5.5127500000000005,1,221,222,1.9225999999999854,1.9225999999999854,0.0,0.014324805738876286,0.014324805738876286,0.09002881332494612,0.0849542282325863,0.005074585092359811,0.014324805738876286,0.005074560809719534,2.129318396361779e-05,2.129318396361779e-05,0.0,0.9993138625225783,2.129465570764587e-05,1.4717440280798827e-09,0.9999374892459393,False
5.538,1,222,223,1.9276499999999852,1.9276499999999852,0.0,0.014956055738876303,0.014956055738876303,0.09000422823258644,0.08429839314022662,0.00539021009235982,0.014956055738876303,0.005074560809719534,2.1486801975486783e-05,2.1486801975486783e-05,0.0,0.9987950129672813,2.1497682879394187e-05,1.0880903907403575e-08,0.9998903537329964,False
5.56675,1,223,224,1.9333999999999858,1.933399999999986,2.220446049250313e-16,0.015674805738876335,0.015674805738876335,0.09004839314022692,0.08393943304786705,0.00593432643471932,0.015674805738876335,0.005074560809719534,2.163136430830768e-05,2.163136430830768e-05,0.0,0.9988745432344158,2.1628077733080068e-05,-3.2865752276118763e-09,0.9998975767897862,False
5.59725,1,224,225,1.9394999999999858,1.9394999999999856,-2.220446049250313e-16,0.016437305738876223,0.016437305738876223,0.09003943304786699,0.08316797295550711,0.006315576434719333,0.016437305738876223,0.005074560809719534,2.169369828168933e-05,2.169369828168933e-05,0.0,0.9989733421530349,2.1705181334230153e-05,1.1483052540821803e-08,0.9999065275766675,False
5.6315,1,225,226,1.9463499999999856,1.9463499999999856,0.0,0.0172935557388761,0.0172935557388761,0.09001797295550706,0.08246489652078769,0.006495263934719343,0.0172935557388761,0.005074560809719534,2.176796398796978e-05,2.176796398796978e-05,0.0,0.9990413438582353,2.1762584500333956e-05,-5.3794876358250745e-09,0.9999126562927351,False
5.66925,1,226,227,1.9538999999999855,1.9538999999999853,-2.220446049250313e-16,0.018237305738875963,0.018237305738875963,0.09001489652078762,0.08151807008606819,0.0069671389347193595,0.018237305738875963,0.005074560809719534,2.1820210578328434e-05,2.1820210578328434e-05,0.0,0.999075779732782,2.182688454378478e-05,6.673965456346388e-09,0.999915647564199,False
5.71175,1,227,228,1.9623999999999855,1.9623999999999855,0.0,0.019299805738875797,0.019299805738875797,0.09001807008606802,0.08083999365134859,0.008029638934719386,0.019299805738875797,0.005074560809719534,2.1851894802493485e-05,2.1851894802493485e-05,0.0,0.9991437643704382,2.1851332564760362e-05,-5.622377331228594e-10,0.9999209175149938,False
5.75775,1,228,229,1.9715999999999856,1.9715999999999858,2.220446049250313e-16,0.020449805738875636,0.020449805738875636,0.09003999365134878,0.08487595543398904,0.005164038217359738,0.020449805738875636,0.005074560809719534,2.193322737525638e-05,2.193322737525638e-05,0.0,0.9992510279403477,2.1933876561776108e-05,6.491865197266657e-10,0.9999318577943984,False
5.7835,1,229,230,1.9767499999999856,1.9767499999999856,0.0,0.02109355573887555,0.02109355573887555,0.0900259554339892,0.08421816721662942,0.005147631967359742,0.02109355573887555,0.005074560809719534,2.194311225191244e-05,2.194311225191244e-05,0.0,0.9988162183442574,2.194557197592911e-05,2.4597240166717143e-09,0.9998923266000648,False
5.8125,1,230,231,1.982549999999986,1.982549999999986,0.0,0.021818555738875443,0.021818555738875443,0.09001816721662947,0.08414553524926971,0.0055101319673597545,0.021818555738875443,0.005074560809719534,2.1964828942749195e-05,2.1964828942749195e-05,0.0,0.9988292879772163,2.1956880639766193e-05,-7.948302983002537e-09,0.9998934981805793,False
5.8420000000000005,1,231,232,1.9884499999999856,1.9884499999999856,0.0,0.022556055738875327,0.022556055738875327,0.09004553524926973,0.08343540328190993,0.005642944467359755,0.022556055738875327,0.005074560809719534,2.190301665779981e-05,2.190301665779981e-05,0.0,0.9988995500339767,2.1892931289885052e-05,-1.0085367914758401e-08,0.9998998605249391,False
5.875,1,232,233,1.9950499999999858,1.9950499999999858,0.0,0.023381055738875216,0.023381055738875216,0.09003540328191009,0.0829627713145503,0.006055444467359774,0.023381055738875216,0.005074560809719534,2.191933690707428e-05,2.191933690707428e-05,0.0,0.9989370319823252,2.193170165013829e-05,1.2364743064011748e-08,0.9999032210183688,False
5.9102500000000004,1,233,234,2.002099999999986,2.002099999999986,0.0,0.024262305738875077,0.024262305738875077,0.0900127713145503,0.08205888934719047,0.006936694467359795,0.024262305738875077,0.005074560809719534,2.194395688989984e-05,2.194395688989984e-05,0.0,0.9990088611516051,2.193547337428179e-05,-8.483515618050745e-09,0.9999095743280765,False
5.95,1,234,235,2.0100499999999863,2.0100499999999863,0.0,0.025256055738874947,0.025256055738874947,0.0900088893471907,0.08166594487983082,0.007803076434719067,0.025256055738874947,0.005074560809719534,2.1919663854250242e-05,2.1919663854250242e-05,0.0,0.9991330546557206,2.1928529565575464e-05,8.865711325221535e-09,0.9999205902363759,False
5.99175,1,235,236,2.0183999999999864,2.0183999999999864,0.0,0.026299805738874783,0.013149902869437392,0.09001594487983083,0.08062925041247095,0.008846826434719093,0.013149902869437392,0.005074560809719534,2.1954856953789926e-05,2.1954856953789926e-05,0.0,0.9992228578092196,2.1950545014516656e-05,-4.3119392732692496e-09,0.9999280441066856,False
6.03875,1,236,237,2.0277999999999867,2.0277999999999867,0.0,0.014324902869437427,0.014324902869437427,0.09002925041247123,0.08495465317879128,0.005074597233679954,0.014324902869437427,0.005074560809719534,2.158505777714932e-05,2.158505777714932e-05,0.0,0.9993138674411981,2.158773688791906e-05,2.679110769739307e-09,0.999937490546339,False
6.064,1,237,238,2.0328499999999865,2.0328499999999865,0.0,0.014956152869437467,0.014956152869437467,0.0900046531787916,0.0842988059451116,0.005390222233679974,0.014956152869437467,0.005074560809719534,2.1726973969413775e-05,2.1726973969413775e-05,0.0,0.9987950147626203,2.1722771891945435e-05,-4.202077468340307e-09,0.9998903517753138,False
6.0927500000000006,1,238,239,2.0385999999999873,2.0385999999999873,0.0,0.015674902869437474,0.015674902869437474,0.09004880594511172,0.08393983371143172,0.005934350717359605,0.015674902869437474,0.005074560809719534,2.193492518740947e-05,2.193492518740947e-05,0.0,0.9988745470374703,2.193156415052922e-05,-3.3610368802488655e-09,0.9998975772247446,False
6.1232500000000005,1,239,240,2.044699999999987,2.044699999999987,0.0,0.016437402869437363,0.016437402869437363,0.09003983371143166,0.08316836147775164,0.006315600717359618,0.016437402869437363,0.005074560809719534,2.190233829638758e-05,2.190233829638758e-05,0.0,0.9989733460947132,2.1895400488006358e-05,-6.937808381223931e-09,0.9999065257718743,False
6.1575,1,240,241,2.051549999999987,2.0515499999999864,-4.440892098500626e-16,0.01729365286943724,0.01729365286943724,0.09001836147775161,0.08246526076039194,0.006495288217359623,0.01729365286943724,0.005074560809719534,2.2026369774852653e-05,2.2026369774852653e-05,0.0,0.9990413490293201,2.203064711744843e-05,4.2773425957770106e-09,0.999912656920861,False
6.19525,1,241,242,2.0590999999999866,2.0590999999999866,0.0,0.018237402869437102,0.018237402869437102,0.09001526076039186,0.08151841004303216,0.006967163217359639,0.018237402869437102,0.005074560809719534,2.1977618196678618e-05,2.1977618196678618e-05,0.0,0.9990757826949711,2.197627815190506e-05,-1.3400447735573769e-09,0.9999156454957966,False
6.23775,1,242,243,2.0675999999999863,2.0675999999999863,0.0,0.019299902869436957,0.019299902869436957,0.09001841004303217,0.08084030932567243,0.008029663217359689,0.019299902869436957,0.005074560809719534,2.207936058012353e-05,2.207936058012353e-05,0.0,0.9991437694253348,2.2075720294082545e-05,-3.640286040983772e-09,0.9999209180968764,False
6.28375,1,243,244,2.0767999999999867,2.0767999999999867,0.0,0.020449902869436775,0.020449902869436775,0.09004030932567243,0.08487625896699255,0.00516405035867988,0.020449902869436775,0.005074560809719534,2.211505678898116e-05,2.211505678898116e-05,0.0,0.9992510320932866,2.2114807478325536e-05,-2.4931065562293396e-10,0.9999318593228754,False
6.3095,1,244,245,2.0819499999999866,2.0819499999999866,0.0,0.02109365286943669,0.02109365286943669,0.0900262589669927,0.08421845860831279,0.005147644108679882,0.02109365286943669,0.005074560809719534,2.212267539208864e-05,2.212267539208864e-05,0.0,0.9988162230913942,2.211867141351486e-05,-4.003978573779391e-09,0.9998923279997766,False
6.3385,1,245,246,2.087749999999987,2.087749999999987,0.0,0.021818652869436583,0.021818652869436583,0.09001845860831284,0.08414581449963293,0.005510144108679894,0.021818652869436583,0.005074560809719534,2.2160336216550828e-05,2.2160336216550828e-05,0.0,0.998829292942603,2.2164034123270683e-05,3.6979067198554907e-09,0.999893500357167,False
6.368,1,246,247,2.093649999999987,2.093649999999987,0.0,0.022556152869436467,0.022556152869436467,0.09004581449963295,0.08343567039095304,0.005642956608679895,0.022556152869436467,0.005074560809719534,2.2162258833350832e-05,2.2162258833350832e-05,0.0,0.9988995568292498,2.2156110887418438e-05,-6.147945932393959e-09,0.9998998645539425,False
6.401,1,247,248,2.100249999999987,2.100249999999987,0.0,0.023381152869436355,0.023381152869436355,0.09003567039095318,0.08296302628227324,0.0060554566086799145,0.023381152869436355,0.005074560809719534,2.1980664732560543e-05,2.1980664732560543e-05,0.0,0.9989370318369262,2.1985886420410455e-05,5.221687849911981e-09,0.9999032176197764,False
6.43625,1,248,249,2.107299999999987,2.107299999999987,0.0,0.024262402869436237,0.024262402869436237,0.09001302628227342,0.08205913217359342,0.006936706608679958,0.024262402869436237,0.005074560809719534,2.2063385026685094e-05,2.2063385026685094e-05,0.0,0.9990088621255773,2.2080476353043106e-05,1.709132635801234e-08,0.9999095731258679,False
6.476,1,249,250,2.115249999999987,2.115249999999987,0.0,0.025256152869436086,0.025256152869436086,0.09000913217359348,0.08166617556491348,0.007803100717359346,0.025256152869436086,0.005074560809719534,2.203239371279699e-05,2.203239371279699e-05,0.0,0.9991330556070112,2.202780382382013e-05,-4.5898889768598915e-09,0.9999205887365175,False
6.51775,1,250,251,2.1235999999999873,2.1235999999999873,0.0,0.026299902869435923,0.013149951434717961,0.09001617556491351,0.08062946895623346,0.008846850717359371,0.013149951434717961,0.005074560809719534,2.2086389421450796e-05,2.2086389421450796e-05,0.0,0.9992228599571045,2.209470906381404e-05,8.31964236324445e-09,0.9999280447521826,False
6.56475,1,251,252,2.1329999999999876,2.1329999999999876,0.0,0.01432495143471802,0.01432495143471802,0.09002946895623393,0.08495486565189389,0.005074603304340035,0.01432495143471802,0.005074560809719534,2.1798759823227425e-05,2.1798759823227425e-05,0.0,0.9993138703662441,2.179795199397833e-05,-8.078292490950039e-10,0.9999374914247545,False
6.59,1,252,253,2.138049999999988,2.138049999999988,0.0,0.014956201434718036,0.014956201434718036,0.09000486565189403,0.08429901234755398,0.005390228304340044,0.014956201434718036,0.005074560809719534,2.198972134102889e-05,2.198972134102889e-05,0.0,0.9987950171115131,2.1977853596909827e-05,-1.1867744119062904e-08,0.9998903521934795,False
6.61875,1,253,254,2.143799999999988,2.143799999999988,0.0,0.015674951434718046,0.015674951434718046,0.0900490123475541,0.08394003404321404,0.005934362858679739,0.015674951434718046,0.005074560809719534,2.205564526301612e-05,2.205564526301612e-05,0.0,0.9988745446238431,2.2072540496903244e-05,1.6895233887124464e-08,0.9998975735281931,False
6.64925,1,254,255,2.149899999999988,2.149899999999988,0.0,0.016437451434717934,0.016437451434717934,0.09004003404321398,0.08316855573887388,0.006315612858679752,0.016437451434717934,0.005074560809719534,2.2187075561955608e-05,2.2187075561955608e-05,0.0,0.9989733503327834,2.2175561422997776e-05,-1.151413895783169e-08,0.9999065272331864,False
6.6835,1,255,256,2.156749999999988,2.156749999999988,0.0,0.017293701434717812,0.017293701434717812,0.09001855573887385,0.08246544288019404,0.006495300358679762,0.017293701434717812,0.005074560809719534,2.210219109007499e-05,2.210219109007499e-05,0.0,0.9990413468498525,2.211721921442901e-05,1.5028124354020617e-08,0.9999126524519856,False
6.72125,1,256,257,2.164299999999988,2.1642999999999875,-4.440892098500626e-16,0.018237451434717673,0.018237451434717673,0.09001544288019397,0.08151858002151413,0.0069671753586797785,0.018237451434717673,0.005074560809719534,2.2248860037705062e-05,2.2248860037705062e-05,0.0,0.9990757867851168,2.2240420040616686e-05,-8.439997088375954e-09,0.9999156470130812,False
6.76375,1,257,258,2.1727999999999876,2.172799999999988,4.440892098500626e-16,0.01929995143471753,0.01929995143471753,0.09001858002151414,0.08084046716283426,0.008029675358679827,0.01929995143471753,0.005074560809719534,2.223669912043866e-05,2.223669912043866e-05,0.0,0.9991437694031831,2.2246652938994075e-05,9.95381855541463e-09,0.999920916653269,False
6.80975,1,258,259,2.181999999999988,2.181999999999988,0.0,0.020449951434717367,0.020449951434717367,0.09004046716283445,0.0848764107334945,0.005164056429339959,0.020449951434717367,0.005074560809719534,2.23293906596119e-05,2.23293906596119e-05,0.0,0.9992510341534636,2.233051092865546e-05,1.1202690435599622e-09,0.9999318593056729,False
6.835500000000001,1,259,260,2.187149999999988,2.187149999999988,0.0,0.02109370143471726,0.02109370143471726,0.09002641073349446,0.08421860430415448,0.005147650179339952,0.02109370143471726,0.005074560809719534,2.2375507913934186e-05,2.2375507913934186e-05,0.0,0.9988162264388741,2.237109609219333e-05,-4.411821740854733e-09,0.9998923297557076,False
6.8645000000000005,1,260,261,2.192949999999988,2.1929499999999877,-4.440892098500626e-16,0.021818701434717154,0.021818701434717154,0.09001860430415455,0.08414595412481457,0.005510150179339964,0.021818701434717154,0.005074560809719534,2.231678102718462e-05,2.231678102718462e-05,0.0,0.9988292922650032,2.2330721037180383e-05,1.3940009995764055e-08,0.9998934983881658,False
6.894,1,261,262,2.198849999999988,2.198849999999988,0.0,0.02255620143471706,0.02255620143471706,0.09004595412481475,0.08343580394547474,0.005642962679339975,0.02255620143471706,0.005074560809719534,2.2349664070269683e-05,2.2349664070269683e-05,0.0,0.998899556255838,2.2368961920793165e-05,1.9297850523482035e-08,0.9998998634139943,False
6.9270000000000005,1,262,263,2.2054499999999884,2.2054499999999884,0.0,0.023381201434716926,0.023381201434716926,0.09003580394547472,0.08296315376613471,0.006055462679339984,0.023381201434716926,0.005074560809719534,2.232591597116966e-05,2.232591597116966e-05,0.0,0.9989370369810968,2.2306708241157605e-05,-1.9207730012056292e-08,0.9999032204987366,False
6.96225,1,263,264,2.2124999999999884,2.2124999999999884,0.0,0.02426245143471681,0.02426245143471681,0.09001315376613489,0.08205925358679483,0.006936712679340027,0.02426245143471681,0.005074560809719534,2.2207675591871806e-05,2.2207675591871806e-05,0.0,0.9990088589945539,2.2213538491013647e-05,5.862899141840334e-09,0.9999095682404984,False
7.002,1,264,265,2.2204499999999885,2.2204499999999885,0.0,0.025256201434716657,0.025256201434716657,0.09000925358679489,0.08166629090745481,0.007803112858679489,0.025256201434716657,0.005074560809719534,2.24319042403357e-05,2.24319042403357e-05,0.0,0.9991330610807674,2.242402669510317e-05,-7.877545232530585e-09,0.9999205933642431,False
7.04375,1,265,266,2.2287999999999886,2.2287999999999886,0.0,0.026299951434716515,0.013149975717358257,0.090016290907455,0.0806295782281149,0.008846862858679536,0.013149975717358257,0.005074560809719534,2.234100645987778e-05,2.234100645987778e-05,0.0,0.9992228599315444,2.234099839104534e-05,-8.068832440307622e-12,0.9999280437068714,False
7.09075,1,266,267,2.238199999999989,2.238199999999989,0.0,0.014324975717358293,0.014324975717358293,0.09002957822811518,0.08495497188844511,0.00507460633967007,0.014324975717358293,0.005074560809719534,2.2215723063442098e-05,2.2215723063442098e-05,0.0,0.9993138733219249,2.2216079614152814e-05,3.565507107158752e-10,0.9999374934972926,False
7.1160000000000005,1,267,268,2.243249999999989,2.243249999999989,0.0,0.01495622571735831,0.01495622571735831,0.09000497188844525,0.08429911554877517,0.005390231339670078,0.01495622571735831,0.005074560809719534,2.2397196856585075e-05,2.2397196856585075e-05,0.0,0.9987950171517136,2.2401620232560306e-05,4.423375975230639e-09,0.9998903520463306,False
7.14475,1,268,269,2.248999999999989,2.248999999999989,0.0,0.01567497571735834,0.01567497571735834,0.09004911554877545,0.08394013420910533,0.005934368929339821,0.01567497571735834,0.005074560809719534,2.23108824753435e-05,2.23108824753435e-05,0.0,0.9988745404475116,2.2321768326814655e-05,1.0885851471155087e-08,0.9998975682370363,False
7.17525,1,269,270,2.255099999999989,2.255099999999989,0.0,0.01643747571735823,0.01643747571735823,0.09004013420910528,0.08316865286943513,0.0063156189293398345,0.01643747571735823,0.005074560809719534,2.2540845591757484e-05,2.2540845591757484e-05,0.0,0.9989733491941372,2.2558361849202626e-05,1.7516257445142325e-08,0.999906525779657,False
7.2095,1,270,271,2.261949999999989,2.261949999999989,0.0,0.017293725717358106,0.017293725717358106,0.09001865286943508,0.0824655339400952,0.006495306429339844,0.017293725717358106,0.005074560809719534,2.246213836476767e-05,2.246213836476767e-05,0.0,0.9990413474406665,2.2452260597387383e-05,-9.87776738028818e-09,0.9999126510384247,False
7.24725,1,271,272,2.269499999999989,2.269499999999989,0.0,0.018237475717357968,0.018237475717357968,0.09001553394009512,0.08151866501075522,0.006967181429339861,0.018237475717357968,0.005074560809719534,2.259312575247765e-05,2.259312575247765e-05,0.0,0.9990757860154651,2.2609125329211622e-05,1.59995767339715e-08,0.9999156459586909,False
7.28975,1,272,273,2.277999999999989,2.277999999999989,0.0,0.019299975717357802,0.019299975717357802,0.09001866501075505,0.08084054608141511,0.008029681429339887,0.019299975717357802,0.005074560809719534,2.257099959291288e-05,2.257099959291288e-05,0.0,0.9991437693979756,2.2567522381189276e-05,-3.4772117236046526e-09,0.9999209152598558,False
7.33575,1,273,274,2.2871999999999892,2.2871999999999892,0.0,0.02044997571735764,0.02044997571735764,0.09004054608141529,0.08487648661674531,0.005164059464669989,0.02044997571735764,0.005074560809719534,2.2702665176868414e-05,2.2702665176868414e-05,0.0,0.999251035773275,2.2703600009177982e-05,9.348323095680967e-10,0.9999318603044458,False
7.3615,1,274,275,2.2923499999999892,2.2923499999999892,0.0,0.021093725717357535,0.021093725717357535,0.09002648661674528,0.08421867715207527,0.005147653214669982,0.021093725717357535,0.005074560809719534,2.2763116270527916e-05,2.2763116270527916e-05,0.0,0.9988162285136379,2.2765855726632366e-05,2.7394561044492957e-09,0.999892331397864,False
7.3905,1,275,276,2.2981499999999895,2.2981499999999895,0.0,0.02181872571735745,0.02181872571735745,0.09001867715207551,0.08414602393740549,0.005510153214670005,0.02181872571735745,0.005074560809719534,2.2638491615819592e-05,2.2638491615819592e-05,0.0,0.9988292922276345,2.2642205692793945e-05,3.7140769743524685e-09,0.9998934972264887,False
7.42,1,276,277,2.3040499999999895,2.3040499999999895,0.0,0.022556225717357332,0.022556225717357332,0.0900460239374055,0.08343587072273545,0.005642965714670005,0.022556225717357332,0.005074560809719534,2.2586569350455067e-05,2.2586569350455067e-05,0.0,0.998899552805901,2.260419922181546e-05,1.7629871360391437e-08,0.9998998591846066,False
7.453,1,277,278,2.3106499999999897,2.3106499999999897,0.0,0.02338122571735722,0.02338122571735722,0.09003587072273561,0.08296321750806555,0.006055465714670025,0.02338122571735722,0.005074560809719534,2.2819708757011115e-05,2.2819708757011115e-05,0.0,0.9989370426566864,2.2814741472443417e-05,-4.967284567698705e-09,0.999903226305052,False
7.48825,1,278,279,2.3176999999999897,2.3176999999999897,0.0,0.024262475717357082,0.024262475717357082,0.09001321750806555,0.08205931429339547,0.006936715714670046,0.024262475717357082,0.005074560809719534,2.2679521269402948e-05,2.2679521269402948e-05,0.0,0.9990088646131535,2.2658447201086786e-05,-2.1074068316162726e-08,0.9999095722791107,False
7.5280000000000005,1,279,280,2.32564999999999,2.32564999999999,0.0,0.02525622571735693,0.02525622571735693,0.09000931429339554,0.08166634857872543,0.007803118929339557,0.02525622571735693,0.005074560809719534,2.275375464330973e-05,2.275375464330973e-05,0.0,0.999133060305953,2.2770225402668637e-05,1.6470759358908283e-08,0.9999205931305982,False
7.56975,1,280,281,2.33399999999999,2.33399999999999,0.0,0.02629997571735679,0.013149987858678394,0.09001634857872563,0.08062963286405549,0.008846868929339604,0.013149987858678394,0.005074560809719534,2.2776285711759183e-05,2.2776285711759183e-05,0.0,0.9992228649507556,2.276551344601165e-05,-1.0772265747534151e-08,0.9999280475852015,False
7.616750000000001,1,281,282,2.34339999999999,2.34339999999999,0.0,0.01432498785867843,0.01432498785867843,0.09002963286405576,0.08495502500672068,0.005074607857335079,0.01432498785867843,0.005074560809719534,2.2608277594930513e-05,2.2608277594930513e-05,0.0,0.9993138754422213,2.261169490908295e-05,3.4173141524385716e-09,0.9999374952918131,False
7.642,1,282,283,2.3484499999999904,2.3484499999999904,0.0,0.014956237858678447,0.014956237858678447,0.09000502500672082,0.08429916714938572,0.0053902328573350875,0.014956237858678447,0.005074560809719534,2.26828284994556e-05,2.26828284994556e-05,0.0,0.9987950135047365,2.2704080024143966e-05,2.1251524688367613e-08,0.9998903486034969,False
7.67075,1,283,284,2.3541999999999907,2.3541999999999907,0.0,0.015674987858678477,0.015674987858678477,0.09004916714938602,0.08394018429205088,0.005934371964669855,0.015674987858678477,0.005074560809719534,2.2701234451992222e-05,2.2701234451992222e-05,0.0,0.998874541651888,2.268441366991371e-05,-1.6820782078511264e-08,0.9998975682607658,False
7.70125,1,284,285,2.3602999999999907,2.3602999999999907,0.0,0.016437487858678365,0.016437487858678365,0.09004018429205082,0.08316870143471568,0.006315621964669869,0.016437487858678365,0.005074560809719534,2.2715186235714274e-05,2.2715186235714274e-05,0.0,0.9989733435715378,2.2742643011465698e-05,2.745677575142385e-08,0.9999065198540686,False
7.7355,1,285,286,2.3671499999999908,2.3671499999999908,0.0,0.017293737858678243,0.017293737858678243,0.09001870143471563,0.08246557947004572,0.006495309464669878,0.017293737858678243,0.005074560809719534,2.2914673594964066e-05,2.2914673594964066e-05,0.0,0.9990413522294866,2.2894302538986252e-05,-2.0371055977813542e-08,0.9999126550665682,False
7.77325,1,286,287,2.3746999999999905,2.3746999999999905,0.0,0.018237487858678104,0.018237487858678104,0.09001557947004564,0.0815187075053757,0.006967184464669895,0.018237487858678104,0.005074560809719534,2.2768379306214333e-05,2.2768379306214333e-05,0.0,0.9990757821366741,2.2782859541286352e-05,1.448023507201899e-08,0.9999156414073961,False
7.81575,1,287,288,2.38319999999999,2.38319999999999,0.0,0.01929998785867794,0.01929998785867794,0.09001870750537552,0.08084058554070556,0.008029684464669921,0.01929998785867794,0.005074560809719534,2.2967878861804105e-05,2.2967878861804105e-05,0.0,0.9991437736767578,2.2957118129983304e-05,-1.076073182080026e-08,0.9999209183864542,False
7.86175,1,288,289,2.3923999999999905,2.3923999999999905,0.0,0.020449987858677778,0.020449987858677778,0.09004058554070574,0.08487652455837073,0.005164060982335006,0.020449987858677778,0.005074560809719534,2.3001566118717164e-05,2.3001566118717164e-05,0.0,0.9992510377656609,2.3000195690163974e-05,-1.3704285531900007e-09,0.9999318619848269,False
7.8875,1,289,290,2.397549999999991,2.397549999999991,0.0,0.021093737858677693,0.021093737858677693,0.09002652455837087,0.08421871357603583,0.00514765473233501,0.021093737858677693,0.005074560809719534,2.3013038298352758e-05,2.3013038298352758e-05,0.0,0.9988162287233456,2.30216714718967e-05,8.633173543941015e-09,0.9998923315078866,False
7.9165,1,290,291,2.4033499999999908,2.4033499999999908,0.0,0.021818737858677585,0.021818737858677585,0.0900187135760359,0.08414605884370087,0.005510154732335022,0.021818737858677585,0.005074560809719534,2.2945320792211776e-05,2.2945320792211776e-05,0.0,0.9988292950273936,2.293432676379234e-05,-1.0994028419436655e-08,0.999893499175106,False
7.946,1,291,292,2.409249999999991,2.409249999999991,0.0,0.02255623785867747,0.02255623785867747,0.09004605884370087,0.08343590411136582,0.005642967232335022,0.02255623785867747,0.005074560809719534,2.2826676541561368e-05,2.2826676541561368e-05,0.0,0.9988995530325728,2.2822495654714777e-05,-4.180886846590174e-09,0.9998998583794982,False
7.979,1,292,293,2.415849999999991,2.415849999999991,0.0,0.023381237858677358,0.023381237858677358,0.09003590411136597,0.0829632493790309,0.006055467232335042,0.023381237858677358,0.005074560809719534,2.3049404384288888e-05,2.3049404384288888e-05,0.0,0.9989370414315645,2.3070785579455515e-05,2.1381195166627465e-08,0.9999032258258685,False
8.01425,1,293,294,2.422899999999991,2.422899999999991,0.0,0.024262487858677285,0.024262487858677285,0.09001324937903091,0.08205934464669581,0.006936717232335046,0.024262487858677285,0.005074560809719534,2.3093687649277368e-05,2.3093687649277368e-05,0.0,0.9990088715832989,2.30775491020604e-05,-1.613854721696739e-08,0.9999095792941054,False
8.054,1,294,295,2.430849999999991,2.430849999999991,0.0,0.025256237858677314,0.025256237858677314,0.09000934464669588,0.08166637741436081,0.007803121964669591,0.025256237858677314,0.005074560809719534,2.287820184563313e-05,2.287820184563313e-05,0.0,0.9991330558889466,2.2892763964214854e-05,1.4562118581723434e-08,0.9999205882749042,False
8.09575,1,295,296,2.4391999999999916,2.4391999999999916,0.0,0.026299987858677362,0.013149993929338681,0.09001637741436119,0.08062966018202608,0.008846871964669639,0.013149993929338681,0.005074560809719534,2.3073732680093595e-05,2.3073732680093595e-05,0.0,0.9992228673044071,2.3078694944632583e-05,4.9622645389876775e-09,0.9999280497752331,False
8.14275,1,296,297,2.448599999999992,2.448599999999992,0.0,0.014324993929338739,0.014324993929338739,0.09002966018202654,0.08495505156585896,0.005074608616167571,0.014324993929338739,0.005074560809719534,2.2908185282734168e-05,2.2908185282734168e-05,0.0,0.9993138780935569,2.2907181215971e-05,-1.0040667631671578e-09,0.99993749761028,False
8.168000000000001,1,297,298,2.453649999999992,2.4536499999999917,-4.440892098500626e-16,0.014956243929338756,0.014956243929338756,0.09000505156585907,0.08429919294969151,0.00539023361616758,0.014956243929338756,0.005074560809719534,2.285835876546577e-05,2.285835876546577e-05,0.0,0.9987950096922278,2.2875185841974493e-05,1.6827076508722013e-08,0.9998903444508866,False
8.19675,1,298,299,2.4593999999999925,2.4593999999999925,0.0,0.015674993929338795,0.015674993929338795,0.09004919294969176,0.08394020933352417,0.005934373482334872,0.015674993929338795,0.005074560809719534,2.3110512272765152e-05,2.3110512272765152e-05,0.0,0.9988745458337509,2.3085769351303632e-05,-2.474292146152041e-08,0.9998975722478852,False
8.22725,1,299,300,2.4654999999999925,2.4654999999999925,0.0,0.016437493929338822,0.016437493929338822,0.09004020933352427,0.0831687257173567,0.006315623482334886,0.016437493929338822,0.005074560809719534,2.289085860379313e-05,2.289085860379313e-05,0.0,0.9989733405403073,2.2890220999192348e-05,-6.376046007836099e-10,0.9999065156239684,False
8.2615,1,300,301,2.4723499999999925,2.4723499999999925,0.0,0.017293743929338856,0.017293743929338856,0.09001872571735682,0.08246560223502196,0.006495310982334907,0.017293743929338856,0.005074560809719534,2.3234163444804188e-05,2.3234163444804188e-05,0.0,0.9990413530114584,2.323934078824047e-05,5.177343436283001e-09,0.9999126566044149,False
8.29925,1,301,302,2.479899999999992,2.479899999999992,0.0,0.018237493929338867,0.018237493929338867,0.09001560223502189,0.08151872875268704,0.006967185982334912,0.018237493929338867,0.005074560809719534,2.3017491232500644e-05,2.3017491232500644e-05,0.0,0.999075782732371,2.30060974263501e-05,-1.1393806150545059e-08,0.9999156406591659,False
8.34175,1,302,303,2.4883999999999924,2.488399999999993,4.440892098500626e-16,0.019299993929338916,0.019299993929338916,0.09001872875268732,0.0808406052703524,0.008029685982334923,0.019299993929338916,0.005074560809719534,2.3243043609258766e-05,2.3243043609258766e-05,0.0,0.9991437745920337,2.3248763255057005e-05,5.719645798238566e-09,0.9999209188853391,False
8.38775,1,303,304,2.497599999999993,2.497599999999993,0.0,0.020449993929338942,0.020449993929338942,0.09004060527035261,0.08487654352918514,0.005164061741167469,0.020449993929338942,0.005074560809719534,2.3258602688271458e-05,2.3258602688271458e-05,0.0,0.9992510396404082,2.3258102527139136e-05,-5.001611323220969e-10,0.9999318637990858,False
8.4135,1,304,305,2.502749999999993,2.502749999999993,0.0,0.021093743929338975,0.021093743929338975,0.09002654352918538,0.0842187317880179,0.0051476554911674835,0.021093743929338975,0.005074560809719534,2.32128146204248e-05,2.32128146204248e-05,0.0,0.998816228481616,2.322071521090028e-05,7.900590475480444e-09,0.9998923311139803,False
8.4425,1,305,306,2.5085499999999934,2.5085499999999934,0.0,0.021818743929339,0.021818743929339,0.09001873178801803,0.08414607629685056,0.005510155491167496,0.021818743929339,0.005074560809719534,2.327299178532836e-05,2.327299178532836e-05,0.0,0.9988292999913617,2.3256131644160232e-05,-1.6860141168127506e-08,0.9998935038345526,False
8.472,1,306,307,2.5144499999999934,2.5144499999999934,0.0,0.02255624392933904,0.02255624392933904,0.09004607629685078,0.0834359208056833,0.0056429679911675235,0.02255624392933904,0.005074560809719534,2.3147243804919044e-05,2.3147243804919044e-05,0.0,0.9988995575196472,2.312499119307449e-05,-2.2252611844552755e-08,0.9998998619948329,False
8.505,1,307,308,2.5210499999999936,2.5210499999999936,0.0,0.023381243929339057,0.023381243929339057,0.09003592080568329,0.08296326531451581,0.006055467991167532,0.023381243929339057,0.005074560809719534,2.3113635904908666e-05,2.3113635904908666e-05,0.0,0.9989370359735034,2.3145359086727983e-05,3.1723181819316514e-08,0.9999032204377836,False
8.54025,1,308,309,2.5280999999999936,2.5280999999999936,0.0,0.024262493929339077,0.024262493929339077,0.09001326531451578,0.0820593598233483,0.006936717991167513,0.024262493929339077,0.005074560809719534,2.3350866213884114e-05,2.3350866213884114e-05,0.0,0.9990088724657608,2.3357210853494753e-05,6.3446396106388455e-09,0.999909581063181,False
8.58,1,309,310,2.5360499999999933,2.5360499999999933,0.0,0.025256243929339107,0.025256243929339107,0.09000935982334837,0.08166639183218088,0.007803123482334824,0.025256243929339107,0.005074560809719534,2.309327174456509e-05,2.309327174456509e-05,0.0,0.999133056679839,2.308386544082155e-05,-9.406303743541574e-09,0.9999205877834676,False
8.62175,1,310,311,2.5443999999999938,2.5443999999999938,0.0,0.026299993929339155,0.013149996964669577,0.09001639183218127,0.08062967384101373,0.008846873482334872,0.013149996964669577,0.005074560809719534,2.3199773993373807e-05,2.3199773993373807e-05,0.0,0.9992228641570652,2.321614304919129e-05,1.636905581748298e-08,0.9999280462579341,False
8.668750000000001,1,311,312,2.5537999999999945,2.5537999999999945,0.0,0.014324996964669635,0.014324996964669635,0.0900296738410142,0.08495506484543039,0.005074608995583804,0.014324996964669635,0.005074560809719534,2.3204496102437915e-05,2.3204496102437915e-05,0.0,0.9993138824426636,2.3198668933687075e-05,-5.827168750839959e-09,0.9999375017634223,False
8.694,1,312,313,2.5588499999999943,2.5588499999999943,0.0,0.014956246964669653,0.014956246964669653,0.0900050648454305,0.08429920584984671,0.005390233995583813,0.014956246964669653,0.005074560809719534,2.3073477939734722e-05,2.3073477939734722e-05,0.0,0.9987950094031597,2.307117063636222e-05,-2.3073033725012502e-09,0.9998903434843045,False
8.72275,1,313,314,2.5645999999999947,2.5645999999999947,0.0,0.01567499696466969,0.01567499696466969,0.09004920584984695,0.08394022185426313,0.005934374241167489,0.01567499696466969,0.005074560809719534,2.3431274534348976e-05,2.3431274534348976e-05,0.0,0.9988745471731488,2.3423943000130045e-05,-7.33153421893023e-09,0.9998975744973282,False
8.75325,1,314,315,2.5706999999999947,2.5706999999999947,0.0,0.01643749696466972,0.01643749696466972,0.09004022185426325,0.08316873785867943,0.006315624241167502,0.01643749696466972,0.005074560809719534,2.3182449874220395e-05,2.3182449874220395e-05,0.0,0.9989733429264158,2.315788719277918e-05,-2.4562681441213732e-08,0.9999065169269297,False
8.7875,1,315,316,2.5775499999999947,2.577549999999995,4.440892098500626e-16,0.017293746964669753,0.017293746964669753,0.09001873785867955,0.08246561361751208,0.006495311741167523,0.017293746964669753,0.005074560809719534,2.3346301778633793e-05,2.3346301778633793e-05,0.0,0.9990413480053174,2.3379053353343486e-05,3.275157470969314e-08,0.9999126520420475,False
8.82525,1,316,317,2.585099999999995,2.585099999999995,0.0,0.018237496964669763,0.018237496964669763,0.09001561361751201,0.08151873937634452,0.006967186741167529,0.018237496964669763,0.005074560809719534,2.338449422773768e-05,2.338449422773768e-05,0.0,0.9990757889402087,2.3361709349696985e-05,-2.2784878040694437e-08,0.9999156459820735,False
8.867750000000001,1,317,318,2.593599999999995,2.593599999999995,0.0,0.019299996964669813,0.019299996964669813,0.09001873937634482,0.08084061513517729,0.00802968674116754,0.019299996964669813,0.005074560809719534,2.3316972774482153e-05,2.3316972774482153e-05,0.0,0.9991437699143776,2.33376367400706e-05,2.0663965588445764e-08,0.9999209136312507,False
8.91375,1,318,319,2.6027999999999953,2.6027999999999953,0.0,0.02044999696466984,0.02044999696466984,0.0900406151351775,0.08487655301459371,0.005164062120583778,0.02044999696466984,0.005074560809719534,2.3451491534096723e-05,2.3451491534096723e-05,0.0,0.999251040436675,2.3454095038768213e-05,2.603504671490228e-09,0.9999318640094729,False
8.9395,1,319,320,2.6079499999999958,2.6079499999999958,0.0,0.021093746964669872,0.021093746964669872,0.09002655301459395,0.08421874089401017,0.005147655870583792,0.021093746964669872,0.005074560809719534,2.338512169229854e-05,2.338512169229854e-05,0.0,0.9988162285873213,2.3387711874291907e-05,2.5901819933685233e-09,0.9998923297343062,False
8.9685,1,320,321,2.6137499999999956,2.6137499999999956,0.0,0.021818746964669896,0.021818746964669896,0.0900187408940103,0.08414608502342652,0.005510155870583804,0.021818746964669896,0.005074560809719534,2.352308241408549e-05,2.352308241408549e-05,0.0,0.998829303361829,2.3511549176967254e-05,-1.1533237118235623e-08,0.9998935073103654,False
8.998,1,321,322,2.6196499999999956,2.6196499999999956,0.0,0.022556246964669936,0.022556246964669936,0.09004608502342673,0.08343592915284294,0.005642968370583832,0.022556246964669936,0.005074560809719534,2.3467154451818313e-05,2.3467154451818313e-05,0.0,0.9988995642826088,2.344423724484067e-05,-2.291720697764307e-08,0.9998998684898279,False
9.031,1,322,323,2.6262499999999958,2.6262499999999958,0.0,0.023381246964669953,0.023381246964669953,0.09003592915284292,0.08296327328225914,0.00605546837058384,0.023381246964669953,0.005074560809719534,2.3183000398127526e-05,2.3183000398127526e-05,0.0,0.9989370325118394,2.319382456170686e-05,1.0824163579333743e-08,0.9999032161650799,False
9.06625,1,323,324,2.6332999999999958,2.6332999999999958,0.0,0.024262496964669974,0.024262496964669974,0.09001327328225911,0.08205936741167533,0.006936718370583821,0.024262496964669974,0.005074560809719534,2.3420250252287784e-05,2.3420250252287784e-05,0.0,0.9990088663594455,2.3450988930570982e-05,3.073867828319815e-08,0.9999095755361821,False
9.106,1,324,325,2.641249999999996,2.641249999999996,0.0,0.025256246964670048,0.025256246964670048,0.09000936741167576,0.08166639904109191,0.007803124241167571,0.025256246964670048,0.005074560809719534,2.3410351387916446e-05,2.3410351387916446e-05,0.0,0.9991330627847674,2.3388184369186842e-05,-2.2167018729603663e-08,0.9999205928358594,False
9.14775,1,325,326,2.649599999999996,2.649599999999996,0.0,0.02629999696467005,0.013149998482335026,0.09001639904109193,0.08062968067050809,0.008846874241167573,0.013149998482335026,0.005074560809719534,2.3306591757817793e-05,2.3306591757817793e-05,0.0,0.9992228618358948,2.331019546452455e-05,3.6037067067566176e-09,0.9999280427208678,False
9.19475,1,326,327,2.6589999999999967,2.6589999999999967,0.0,0.014324998482335084,0.014324998482335084,0.09002968067050855,0.0849550714852166,0.005074609185291958,0.014324998482335084,0.005074560809719534,2.3464555599478213e-05,2.3464555599478213e-05,0.0,0.9993138866510904,2.346194845782245e-05,-2.6071416557620552e-09,0.9999375060448279,False
9.22,1,327,328,2.664049999999997,2.664049999999997,0.0,0.0149562484823351,0.0149562484823351,0.0900050714852167,0.08429921229992476,0.0053902341852919665,0.0149562484823351,0.005074560809719534,2.3359517632120914e-05,2.3359517632120914e-05,0.0,0.9987950121291096,2.333934360928404e-05,-2.0174022836874726e-08,0.9998903457088671,False
9.24875,1,328,329,2.669799999999997,2.669799999999997,0.0,0.01567499848233514,0.01567499848233514,0.090049212299925,0.08394022811463303,0.005934374620583851,0.01567499848233514,0.005074560809719534,2.3588468778752804e-05,2.3588468778752804e-05,0.0,0.9988745428631562,2.3608397979596213e-05,1.992920084340982e-08,0.9998975710743551,False
9.27925,1,329,330,2.675899999999997,2.6758999999999973,4.440892098500626e-16,0.016437498482335167,0.016437498482335167,0.09004022811463314,0.08316874392934118,0.006315624620583864,0.016437498482335167,0.005074560809719534,2.3534080738450568e-05,2.3534080738450568e-05,0.0,0.9989733483006943,2.350165236057243e-05,-3.242837787813835e-08,0.9999065217826294,False
9.3135,1,330,331,2.6827499999999973,2.6827499999999973,0.0,0.0172937484823352,0.0172937484823352,0.0900187439293413,0.08246561930875745,0.006495312120583874,0.0172937484823352,0.005074560809719534,2.3338191255469455e-05,2.3338191255469455e-05,0.0,0.9990413411791572,2.3374530221117727e-05,3.633896564827219e-08,0.9999126447940158,False
9.35125,1,331,332,2.690299999999997,2.690299999999997,0.0,0.01823749848233521,0.01823749848233521,0.09001561930875739,0.08151874468817355,0.006967187120583879,0.01823749848233521,0.005074560809719534,2.3679965917214985e-05,2.3679965917214985e-05,0.0,0.9990757922860996,2.3665865713792094e-05,-1.4100203422890936e-08,0.9999156493597982,False
9.39375,1,332,333,2.6987999999999976,2.6987999999999976,0.0,0.01929999848233526,0.01929999848233526,0.09001874468817384,0.08084062006758994,0.00802968712058389,0.01929999848233526,0.005074560809719534,2.3407361619424416e-05,2.3407361619424416e-05,0.0,0.9991437667894705,2.3418021034884485e-05,1.065941546006977e-08,0.9999209092571844,False
9.43975,1,333,334,2.7079999999999975,2.7079999999999975,0.0,0.020449998482335287,0.020449998482335287,0.09004062006759014,0.08487655775729819,0.0051640623102919584,0.020449998482335287,0.005074560809719534,2.3626161009821507e-05,2.3626161009821507e-05,0.0,0.999251040563727,2.3628836168532917e-05,2.675158711410141e-09,0.9999318640605668,False
9.4655,1,334,335,2.713149999999998,2.713149999999998,0.0,0.02109374848233532,0.02109374848233532,0.09002655775729843,0.08421874544700646,0.005147656060291966,0.02109374848233532,0.005074560809719534,2.3586568749076726e-05,2.3586568749076726e-05,0.0,0.9988162297011757,2.3582177511415342e-05,-4.391237661383431e-09,0.9998923305145079,False
9.4945,1,335,336,2.7189499999999978,2.7189499999999978,0.0,0.021818748482335344,0.021818748482335344,0.09001874544700658,0.08414608938671463,0.0055101560602919784,0.021818748482335344,0.005074560809719534,2.3738392129749216e-05,2.3738392129749216e-05,0.0,0.9988293050974167,2.373688019006343e-05,-1.511939685785096e-09,0.999893509425239,False
9.524000000000001,1,336,337,2.724849999999998,2.724849999999998,0.0,0.022556248482335384,0.022556248482335384,0.09004608938671486,0.0834359333264229,0.005642968560292007,0.022556248482335384,0.005074560809719534,2.3753234255624983e-05,2.3753234255624983e-05,0.0,0.9988995686158396,2.3737948758969588e-05,-1.5285496655395548e-08,0.9998998732900227,False
9.557,1,337,338,2.731449999999998,2.731449999999998,0.0,0.0233812484823354,0.0233812484823354,0.09003593332642287,0.0829632772661309,0.0060554685602920155,0.0233812484823354,0.005074560809719534,2.3406435922010694e-05,2.3406435922010694e-05,0.0,0.9989370331999333,2.337718064213045e-05,-2.925527988024507e-08,0.9999032160496325,False
9.59225,1,338,339,2.7384999999999984,2.7384999999999984,0.0,0.024262498482335422,0.024262498482335422,0.09001327726613088,0.08205937120583894,0.0069367185602919965,0.024262498482335422,0.005074560809719534,2.3487940543000834e-05,2.3487940543000834e-05,0.0,0.9990088620496363,2.3544267200975135e-05,5.632665797430158e-08,0.9999095708698302,False
9.632,1,339,340,2.7464499999999985,2.7464499999999985,0.0,0.025256248482335496,0.025256248482335496,0.09000937120583936,0.08166640264554734,0.007803124620583933,0.025256248482335496,0.005074560809719534,2.37249182181761e-05,2.37249182181761e-05,0.0,0.9991330693492599,2.3712088383989403e-05,-1.2829834186696778e-08,0.9999205993346073,False
9.67375,1,340,341,2.7547999999999986,2.7547999999999986,0.0,0.0262999984823355,0.01314999924116775,0.09001640264554736,0.08062968408525534,0.008846874620583936,0.01314999924116775,0.005074560809719534,2.355140338833776e-05,2.355140338833776e-05,0.0,0.9992228646478254,2.3539079040249144e-05,-1.2324348088615412e-08,0.9999280442663737,False
9.72075,1,341,342,2.764199999999999,2.764199999999999,0.0,0.014324999241167808,0.014324999241167808,0.0900296840852558,0.08495507480510975,0.005074609280146046,0.014324999241167808,0.005074560809719534,2.3693794151927496e-05,2.3693794151927496e-05,0.0,0.9993138898863313,2.3696167305783883e-05,2.3731538563872515e-09,0.9999375094258891,False
9.746,1,342,343,2.769249999999999,2.7692499999999987,-4.440892098500626e-16,0.014956249241167825,0.014956249241167825,0.09000507480510986,0.08429921552496383,0.005390234280146055,0.014956249241167825,0.005074560809719534,2.3690462941592235e-05,2.3690462941592235e-05,0.0,0.9987950168598001,2.366885778386766e-05,-2.1605157724575595e-08,0.9998903502856301,False
9.774750000000001,1,343,344,2.7749999999999995,2.7749999999999995,0.0,0.015674999241167862,0.015674999241167862,0.09004921552496407,0.083940231244818,0.005934374810292032,0.015674999241167862,0.005074560809719534,2.363381110087284e-05,2.363381110087284e-05,0.0,0.9988745358955647,2.3675511411827186e-05,4.170031095434654e-08,0.9998975642984418,False
9.805250000000001,1,344,345,2.7810999999999995,2.7810999999999995,0.0,0.01643749924116789,0.01643749924116789,0.09004023124481812,0.08316874696467208,0.006315624810292046,0.01643749924116789,0.005074560809719534,2.388753960034929e-05,2.388753960034929e-05,0.0,0.9989733534893361,2.386861880356537e-05,-1.892079678391924e-08,0.9999065276765574,False
9.839500000000001,1,345,346,2.7879499999999995,2.7879499999999995,0.0,0.017293749241167923,0.017293749241167923,0.09001874696467219,0.08246562215438016,0.0064953123102920556,0.017293749241167923,0.005074560809719534,2.3450773983783966e-05,2.3450773983783966e-05,0.0,0.9990413380979822,2.3450807643055957e-05,3.365927199098064e-11,0.9999126405647422,False
9.87725,1,346,347,2.7954999999999997,2.7954999999999997,0.0,0.018237499241167934,0.018237499241167934,0.0900156221543801,0.08151874734408808,0.006967187310292061,0.018237499241167934,0.005074560809719534,2.3900587721845642e-05,2.3900587721845642e-05,0.0,0.9990757896300501,2.3907933999564444e-05,7.346277718801441e-09,0.9999156474838835,False
9.91975,1,347,348,2.804,2.804,0.0,0.019299999241167983,0.019299999241167983,0.09001874734408837,0.08084062253379629,0.00802968731029207,0.019299999241167983,0.005074560809719534,2.36490717116655e-05,2.36490717116655e-05,0.0,0.9991437680979408,2.3635284652286754e-05,-1.3787059378745216e-08,0.9999209089491179,False
9.96575,1,348,349,2.8132,2.8132,0.0,0.020449999241168054,0.020449999241168054,0.09004062253379685,0.08487656012865079,0.005164062405146072,0.020449999241168054,0.005074560809719534,2.3825892475248147e-05,2.3825892475248147e-05,0.0,0.9992510414610171,2.382567075719656e-05,-2.2171805158581167e-10,0.9999318647601432,False
9.9915,1,349,350,2.81835,2.81835,0.0,0.021093749241168042,0.021093749241168042,0.09002656012865067,0.08421874772350463,0.005147656155146058,0.021093749241168042,0.005074560809719534,2.3825320386571965e-05,2.3825320386571965e-05,0.0,0.9988162317929346,2.3817663500206812e-05,-7.656886365152129e-09,0.9998923323771782,False
10.0205,1,350,351,2.8241500000000004,2.8241500000000004,0.0,0.021818749241168067,0.021818749241168067,0.09001874772350477,0.08414609156835871,0.00551015615514607,0.021818749241168067,0.005074560809719534,2.393098078252381e-05,2.393098078252381e-05,0.0,0.998829304053374,2.3935536850514273e-05,4.556067990463481e-09,0.9998935074193677,False
10.05,1,351,352,2.83005,2.8300500000000004,4.440892098500626e-16,0.022556249241168107,0.022556249241168107,0.09004609156835894,0.08343593541321287,0.005642968655146097,0.022556249241168107,0.005074560809719534,2.3995486357910444e-05,2.3995486357910444e-05,0.0,0.9988995704000138,2.4003103758396383e-05,7.617400485938729e-09,0.9998998758439234,False
10.083,1,352,353,2.8366500000000006,2.8366500000000006,0.0,0.023381249241168123,0.023381249241168123,0.09003593541321286,0.0829632792580668,0.006055468655146105,0.023381249241168123,0.005074560809719534,2.3819360785549043e-05,2.3819360785549043e-05,0.0,0.9989370364731615,2.3785500304137694e-05,-3.386048141134875e-08,0.9999032187176141,False
10.11825,1,353,354,2.843700000000001,2.843700000000001,0.0,0.02426249924116819,0.02426249924116819,0.09001327925806714,0.08205937310292105,0.006936718655146131,0.02426249924116819,0.005074560809719534,2.3417415568683824e-05,2.3417415568683824e-05,0.0,0.9990088591339116,2.3451355896189116e-05,3.394032750529165e-08,0.9999095671592736,False
10.158,1,354,355,2.851650000000001,2.851650000000001,0.0,0.02525624924116822,0.02525624924116822,0.09000937310292112,0.08166640444777501,0.007803124810292114,0.02525624924116822,0.005074560809719534,2.395804699031934e-05,2.395804699031934e-05,0.0,0.9991330710995578,2.396103470868027e-05,2.9877183609287156e-09,0.9999206016473686,False
10.19975,1,355,356,2.860000000000001,2.860000000000001,0.0,0.026299999241168267,0.013149999620584133,0.0900164044477754,0.08062968579262923,0.00884687481029216,0.013149999620584133,0.005074560809719534,2.3863565582981197e-05,2.3863565582981197e-05,0.0,0.9992228701729005,2.384845760100405e-05,-1.51079819771458e-08,0.9999280488489417,False
10.24675,1,356,357,2.8694000000000015,2.8694000000000015,0.0,0.014324999620584146,0.014324999620584146,0.09002968579262934,0.08495507646505625,0.005074609327573091,0.014324999620584146,0.005074560809719534,2.3907312472528023e-05,2.3907312472528023e-05,0.0,0.9993138928531118,2.391114228909083e-05,3.8298165628081e-09,0.9999375123514058,False
10.272,1,357,358,2.8744500000000017,2.8744500000000017,0.0,0.014956249620584164,0.014956249620584164,0.09000507646505636,0.08429921713748327,0.0053902343275730995,0.014956249620584164,0.005074560809719534,2.400883152050963e-05,2.400883152050963e-05,0.0,0.9987950213302399,2.3991819878507677e-05,-1.7011642001954627e-08,0.9998903550833954,False
10.30075,1,358,359,2.880200000000002,2.8802000000000016,-4.440892098500626e-16,0.0156749996205842,0.0156749996205842,0.09004921713748351,0.08394023280991042,0.005934374905146112,0.0156749996205842,0.005074560809719534,2.3686118633240042e-05,2.3686118633240042e-05,0.0,0.9988745311807397,2.3724524126912778e-05,3.840549367273627e-08,0.9998975591994879,False
10.33125,1,359,360,2.886300000000002,2.886300000000002,0.0,0.016437499620584228,0.016437499620584228,0.09004023280991053,0.08316874848233743,0.006315624905146125,0.016437499620584228,0.005074560809719534,2.4150031499303495e-05,2.4150031499303495e-05,0.0,0.9989733522939797,2.4142351836872167e-05,-7.679662431327882e-09,0.9999065276748771,False
10.3655,1,360,361,2.893150000000002,2.893150000000002,0.0,0.01729374962058426,0.01729374962058426,0.09001874848233754,0.08246562357719145,0.006495312405146145,0.01729374962058426,0.005074560809719534,2.3771244898277364e-05,2.3771244898277364e-05,0.0,0.9990413401907415,2.3742821521604644e-05,-2.842337667272003e-08,0.9999126415542383,False
10.40325,1,361,362,2.9007000000000023,2.9007000000000023,0.0,0.018237499620584317,0.018237499620584317,0.09001562357719173,0.08151874867204559,0.006967187405146173,0.018237499620584317,0.005074560809719534,2.4027025832580418e-05,2.4027025832580418e-05,0.0,0.9990757837312213,2.4057426005590372e-05,3.0400173009954596e-08,0.9999156415257823,False
10.44575,1,362,363,2.909200000000002,2.9092000000000025,4.440892098500626e-16,0.019299999620584322,0.019299999620584322,0.09001874867204551,0.08084062376689936,0.00802968740514614,0.019299999620584322,0.005074560809719534,2.3973200814310058e-05,2.3973200814310058e-05,0.0,0.9991437726600713,2.3959951233649793e-05,-1.3249580660264725e-08,0.9999209120336333,False
10.49175,1,363,364,2.9184000000000028,2.9184000000000028,0.0,0.020449999620584393,0.020449999620584393,0.09004062376689993,0.08487656131432683,0.0051640624525731114,0.020449999620584393,0.005074560809719534,2.4051890217966828e-05,2.4051890217966828e-05,0.0,0.999251043327298,2.4047691462810893e-05,-4.198755155934247e-09,0.9999318664251343,False
10.5175,1,364,365,2.9235500000000028,2.9235500000000028,0.0,0.02109374962058438,0.02109374962058438,0.09002656131432671,0.08421874886175362,0.005147656202573103,0.02109374962058438,0.005074560809719534,2.4059013163241057e-05,2.4059013163241057e-05,0.0,0.9988162336886126,2.405886814037871e-05,-1.4502286234757363e-10,0.9998923341427228,False
10.5465,1,365,366,2.929350000000003,2.929350000000003,0.0,0.021818749620584405,0.021818749620584405,0.09001874886175376,0.08414609265918066,0.005510156202573115,0.021818749620584405,0.005074560809719534,2.4130912637203502e-05,2.4130912637203502e-05,0.0,0.9988293035293523,2.4133741070825654e-05,2.8284336221519595e-09,0.9998935047325216,False
10.576,1,366,367,2.935250000000003,2.935250000000003,0.0,0.022556249620584445,0.022556249620584445,0.09004609265918088,0.08343593645660778,0.0056429687025731316,0.022556249620584445,0.005074560809719534,2.4156354552184172e-05,2.4156354552184172e-05,0.0,0.9988995678873728,2.4167403900976125e-05,1.10493487919532e-08,0.9998998723645816,False
10.609,1,367,368,2.941850000000003,2.941850000000003,0.0,0.023381249620584462,0.023381249620584462,0.09003593645660776,0.08296328025403467,0.00605546870257314,0.023381249620584462,0.005074560809719534,2.396450154683318e-05,2.396450154683318e-05,0.0,0.9989370420343832,2.4008509491067084e-05,4.4007944233902154e-08,0.9999032237035747,False
10.64425,1,368,369,2.9489000000000036,2.948900000000003,-4.440892098500626e-16,0.024262499620584528,0.024262499620584528,0.090013280254035,0.08205937405146187,0.006936718702573165,0.024262499620584528,0.005074560809719534,2.366337700104495e-05,2.366337700104495e-05,0.0,0.9990088593025124,2.362364264677501e-05,-3.973435426993978e-08,0.9999095667299062,False
10.684000000000001,1,369,370,2.9568500000000033,2.9568500000000033,0.0,0.025256249620584557,0.025256249620584557,0.09000937405146194,0.08166640534888878,0.007803124905146198,0.025256249620584557,0.005074560809719534,2.4141530610660293e-05,2.4141530610660293e-05,0.0,0.9991330663829457,2.414334341917713e-05,1.8128085168379144e-09,0.9999205974007565,False
10.72575,1,370,371,2.965200000000004,2.965200000000004,0.0,0.026299999620584606,0.013149999810292303,0.09001640534888916,0.08062968664631598,0.008846874905146246,0.013149999810292303,0.005074560809719534,2.4141944122929885e-05,2.4141944122929885e-05,0.0,0.9992228751615267,2.4134211114729942e-05,-7.733008199943222e-09,0.9999280535458839,False
10.77275,1,371,372,2.974600000000004,2.974600000000004,0.0,0.014324999810292316,0.014324999810292316,0.09002968664631608,0.08495507729502948,0.005074609351286608,0.014324999810292316,0.005074560809719534,2.412165211931397e-05,2.412165211931397e-05,0.0,0.9993138969765958,2.4122971316521654e-05,1.3191972076826981e-09,0.9999375162484241,False
10.798,1,372,373,2.979650000000004,2.979650000000004,0.0,0.014956249810292333,0.014956249810292333,0.09000507729502959,0.08429921794374298,0.005390234351286617,0.014956249810292333,0.005074560809719534,2.4272183657538512e-05,2.4272183657538512e-05,0.0,0.9987950233522227,2.4262836488547766e-05,-9.347168990745704e-09,0.9998903576860205,False
10.82675,1,373,374,2.9854000000000043,2.9854000000000043,0.0,0.01567499981029237,0.01567499981029237,0.09004921794374324,0.08394023359245661,0.005934374952573153,0.01567499981029237,0.005074560809719534,2.3797648957001234e-05,2.3797648957001234e-05,0.0,0.9988745289194046,2.3812882383907466e-05,1.5233426906231443e-08,0.9998975563963479,False
10.85725,1,374,375,2.9915000000000043,2.9915000000000043,0.0,0.016437499810292397,0.016437499810292397,0.09004023359245672,0.0831687492411701,0.006315624952573167,0.016437499810292397,0.005074560809719534,2.434694591696872e-05,2.434694591696872e-05,0.0,0.9989733447945439,2.4355808459608863e-05,8.862542640143348e-09,0.9999065208675965,False
10.8915,1,375,376,2.9983500000000043,2.9983500000000043,0.0,0.01729374981029243,0.01729374981029243,0.09001874924117022,0.08246562428859708,0.006495312452573188,0.01729374981029243,0.005074560809719534,2.41583348916086e-05,2.41583348916086e-05,0.0,0.9990413432247036,2.4124012907894976e-05,-3.432198371362404e-08,0.9999126438433092,False
10.92925,1,376,377,3.005900000000005,3.005900000000005,0.0,0.018237499810292487,0.018237499810292487,0.09001562428859737,0.08151874933602418,0.006967187452573216,0.018237499810292487,0.005074560809719534,2.4033898753446765e-05,2.4033898753446765e-05,0.0,0.9990757792411912,2.4093226043572638e-05,5.9327290125872596e-08,0.9999156363000814,False
10.97175,1,377,378,3.0144000000000046,3.0144000000000046,0.0,0.01929999981029249,0.01929999981029249,0.0900187493360241,0.08084062438345091,0.008029687452573181,0.01929999981029249,0.005074560809719534,2.4195407519694613e-05,2.4195407519694613e-05,0.0,0.9991437779503138,2.4184271650315195e-05,-1.1135869379417585e-08,0.9999209160795242,False
11.01775,1,378,379,3.0236000000000054,3.0236000000000054,0.0,0.020449999810292562,0.020449999810292562,0.09004062438345148,0.08487656190716485,0.005164062476286632,0.020449999810292562,0.005074560809719534,2.4279747252751866e-05,2.4279747252751866e-05,0.0,0.999251045674467,2.4276388780478242e-05,-3.3584722736237904e-09,0.9999318680900265,False
11.0435,1,379,380,3.0287500000000054,3.0287500000000054,0.0,0.021093749810292595,0.021093749810292595,0.09002656190716508,0.08421874943087845,0.005147656226286646,0.021093749810292595,0.005074560809719534,2.4261375775329527e-05,2.4261375775329527e-05,0.0,0.9988162350873053,2.4268839564795112e-05,7.463789465584546e-09,0.9998923343955235,False
11.0725,1,380,381,3.0345500000000056,3.0345500000000056,0.0,0.02181874981029262,0.02181874981029262,0.09001874943087858,0.08414609320459193,0.005510156226286658,0.02181874981029262,0.005074560809719534,2.43342539565506e-05,2.43342539565506e-05,0.0,0.9988293030992204,2.4335475093030824e-05,1.2211364802233162e-09,0.9998935041701377,False
11.102,1,381,382,3.040450000000005,3.040450000000005,0.0,0.022556249810292615,0.022556249810292615,0.09004609320459181,0.0834359369783052,0.005642968726286652,0.022556249810292615,0.005074560809719534,2.4372349830318495e-05,2.4372349830318495e-05,0.0,0.9988995666124215,2.437232830201022e-05,-2.1528308273571642e-11,0.9998998710719507,False
11.135,1,382,383,3.047050000000006,3.047050000000006,0.0,0.023381249810292676,0.023381249810292676,0.09003593697830554,0.08296328075201889,0.006055468726286683,0.023381249810292676,0.005074560809719534,2.406140702233657e-05,2.406140702233657e-05,0.0,0.9989370450589874,2.4100268001615057e-05,3.88609792784881e-08,0.9999032261482489,False
11.17025,1,383,384,3.054100000000006,3.054100000000006,0.0,0.024262499810292697,0.024262499810292697,0.09001328075201886,0.08205937452573224,0.006936718726286664,0.024262499810292697,0.005074560809719534,2.4131756980420604e-05,2.4131756980420604e-05,0.0,0.9990088607265567,2.4050176910653958e-05,-8.158006976664593e-08,0.9999095620089179,False
11.21,1,384,385,3.062050000000006,3.062050000000006,0.0,0.025256249810292727,0.025256249810292727,0.09000937452573231,0.08166640579944565,0.007803124952573241,0.025256249810292727,0.005074560809719534,2.4319453633670448e-05,2.4319453633670448e-05,0.0,0.9991330638814835,2.432802979358757e-05,8.576159917123049e-09,0.9999205818018191,False
11.25175,1,385,386,3.0704000000000065,3.0704000000000065,0.0,0.026299999810292775,0.013149999905146387,0.09001640579944603,0.08062968707315932,0.008846874952573289,0.013149999905146387,0.005074560809719534,2.436361141459986e-05,2.436361141459986e-05,0.0,0.9992228763441653,2.437038092739368e-05,6.7695127938172854e-09,0.9999280548726214,False
11.29875,1,386,387,3.0798000000000063,3.0798000000000063,0.0,0.0143249999051464,0.0143249999051464,0.09002968707315942,0.08495507771001606,0.005074609363143357,0.0143249999051464,0.005074560809719534,2.4361591843152855e-05,2.4361591843152855e-05,0.0,0.999313902442396,2.4356649858628317e-05,-4.941984524537422e-09,0.9999375215344521,False
11.324,1,387,388,3.084850000000007,3.0848500000000065,-4.440892098500626e-16,0.014956249905146463,0.014956249905146463,0.09000507771001653,0.08429921834687315,0.0053902343631433884,0.014956249905146463,0.005074560809719534,2.4474428519807962e-05,2.4474428519807962e-05,0.0,0.9987950232285148,2.4480082502779767e-05,5.653982971805076e-09,0.9998903574437891,False
11.35275,1,388,389,3.0906000000000065,3.0906000000000065,0.0,0.015674999905146456,0.015674999905146456,0.09004921834687302,0.08394023398372968,0.005934374976286675,0.015674999905146456,0.005074560809719534,2.4021520424966135e-05,2.4021520424966135e-05,0.0,0.9988745292425699,2.400633786601222e-05,-1.518255895391487e-08,0.9998975561344013,False
11.38325,1,389,390,3.096700000000007,3.096700000000007,0.0,0.016437499905146483,0.016437499905146483,0.09004023398372979,0.08316874962058644,0.006315624976286688,0.016437499905146483,0.005074560809719534,2.447498881471476e-05,2.447498881471476e-05,0.0,0.9989733380070311,2.4516967563669627e-05,4.19787489548672e-08,0.9999065137776215,False
11.4175,1,390,391,3.103550000000007,3.103550000000007,0.0,0.017293749905146517,0.017293749905146517,0.09001874962058656,0.0824656246442999,0.006495312476286709,0.017293749905146517,0.005074560809719534,2.4375155719394176e-05,2.4375155719394176e-05,0.0,0.9990413517440384,2.440193292057065e-05,2.6777201176472634e-08,0.9999126512783433,False
11.45525,1,391,392,3.111100000000007,3.111100000000007,0.0,0.018237499905146573,0.018237499905146573,0.09001562464430019,0.08151874966801348,0.006967187476286737,0.018237499905146573,0.005074560809719534,2.3969803840979525e-05,2.3969803840979525e-05,0.0,0.9990757770361692,2.3993550397362173e-05,2.3746556382648178e-08,0.9999156333748864,False
11.49775,1,392,393,3.1196000000000073,3.1196000000000073,0.0,0.019299999905146623,0.019299999905146623,0.09001874966801376,0.08084062469172701,0.008029687476286749,0.019299999905146623,0.005074560809719534,2.4526117244213648e-05,2.4526117244213648e-05,0.0,0.9991437810798613,2.4487692545144853e-05,-3.842469906879543e-08,0.9999209195065376,False
11.543750000000001,1,393,394,3.1288000000000076,3.1288000000000076,0.0,0.02044999990514665,0.02044999990514665,0.09004062469172722,0.08487656220358383,0.0051640624881433925,0.02044999990514665,0.005074560809719534,2.4469519672167317e-05,2.4469519672167317e-05,0.0,0.999251047998504,2.446540383011293e-05,-4.115842054385621e-09,0.9999318703883651,False
11.5695,1,394,395,3.133950000000008,3.133950000000008,0.0,0.021093749905146682,0.021093749905146682,0.09002656220358407,0.08421874971544066,0.0051476562381434065,0.021093749905146682,0.005074560809719534,2.4454190726371626e-05,2.4454190726371626e-05,0.0,0.9988162361301957,2.4466705206731548e-05,1.2514480359921554e-08,0.9998923345286049,False
11.5985,1,395,396,3.1397500000000083,3.1397500000000083,0.0,0.021818749905146706,0.021818749905146706,0.0900187497154408,0.0841460934772974,0.005510156238143419,0.021818749905146706,0.005074560809719534,2.447374877054493e-05,2.447374877054493e-05,0.0,0.9988293020417339,2.4498701857851e-05,2.4953087306069793e-08,0.9998935016152359,False
11.628,1,396,397,3.145650000000008,3.145650000000008,0.0,0.0225562499051467,0.0225562499051467,0.09004609347729725,0.08343593723915389,0.0056429687381434135,0.0225562499051467,0.005074560809719534,2.4595362567332322e-05,2.4595362567332322e-05,0.0,0.9988995651008356,2.4601348264212117e-05,5.98569687979472e-09,0.9998998694191634,False
11.661,1,397,398,3.1522500000000084,3.1522500000000084,0.0,0.023381249905146763,0.023381249905146763,0.09003593723915423,0.08296328100101083,0.006055468738143444,0.023381249905146763,0.005074560809719534,2.424213010653274e-05,2.424213010653274e-05,0.0,0.9989370503262842,2.4219701016120396e-05,-2.2429090412345225e-08,0.9999032167588813,False
11.696250000000001,1,398,399,3.159300000000008,3.159300000000008,0.0,0.024262499905146784,0.024262499905146784,0.0900132810010108,0.08205937476286741,0.006936718738143425,0.024262499905146784,0.005074560809719534,2.4509859669062125e-05,2.4509859669062125e-05,0.0,0.999008863118438,2.4477379591752402e-05,-3.248007730972241e-08,0.9999095638860951,False
11.736,1,399,400,3.167250000000008,3.167250000000008,0.0,0.025256249905146813,0.025256249905146813,0.09000937476286747,0.08166640602472405,0.007803124976286751,0.025256249905146813,0.005074560809719534,2.4475449568855415e-05,2.4475449568855415e-05,0.0,0.9991330624127329,2.4507705305689904e-05,3.225573683448928e-08,0.999920579841088,False
11.777750000000001,1,400,401,3.1756000000000086,3.1756000000000086,0.0,0.02629999990514686,0.01314999995257343,0.09001640602472444,0.08062968728658096,0.008846874976286799,0.01314999995257343,0.005074560809719534,2.452839432549597e-05,2.452839432549597e-05,0.0,0.9992228724850638,2.4532772406368647e-05,4.378080872679001e-09,0.9999280509723142,False
11.82475,1,401,402,3.185000000000009,3.1850000000000094,4.440892098500626e-16,0.014324999952573489,0.014324999952573489,0.09002968728658142,0.08495507791750967,0.00507460936907176,0.014324999952573489,0.005074560809719534,2.462469164058429e-05,2.462469164058429e-05,0.0,0.9993139084442738,2.4616340950721496e-05,-8.35068986279364e-09,0.9999375274588265,False
11.85,1,402,403,3.190050000000009,3.190050000000009,0.0,0.014956249952573506,0.014956249952573506,0.09000507791750978,0.08429921854843803,0.005390234369071769,0.014956249952573506,0.005074560809719534,2.464223871913429e-05,2.464223871913429e-05,0.0,0.9987950221887082,2.4656111337127955e-05,1.3872617993666283e-08,0.9998903566850773,False
11.87875,1,403,404,3.195800000000009,3.195800000000009,0.0,0.0156749999525735,0.0156749999525735,0.09004921854843792,0.08394023417936619,0.005934374988143429,0.0156749999525735,0.005074560809719534,2.433015769060268e-05,2.433015769060268e-05,0.0,0.9988745318195491,2.429798244663502e-05,-3.217524396766184e-08,0.9998975582121512,False
11.90925,1,404,405,3.201900000000009,3.201900000000009,0.0,0.016437499952573528,0.016437499952573528,0.0900402341793663,0.08316874981029457,0.006315624988143443,0.016437499952573528,0.005074560809719534,2.430961417945303e-05,2.430961417945303e-05,0.0,0.9989733335793055,2.4404745606035902e-05,9.513142658287176e-08,0.9999065084493683,False
11.9435,1,405,406,3.2087500000000095,3.2087500000000095,0.0,0.017293749952573562,0.017293749952573562,0.09001874981029469,0.08246562482215128,0.0064953124881434645,0.017293749952573562,0.005074560809719534,2.4489282135966623e-05,2.4489282135966623e-05,0.0,0.999041357569197,2.4527416987789686e-05,3.813485182306277e-08,0.9999126562913663,False
11.981250000000001,1,406,407,3.2163000000000097,3.2163000000000097,0.0,0.018237499952573618,0.018237499952573618,0.09001562482215156,0.08151874983400811,0.006967187488143492,0.018237499952573618,0.005074560809719534,2.4173626245644467e-05,2.4173626245644467e-05,0.0,0.9990757766725414,2.4139482177168324e-05,-3.4144068476143054e-08,0.9999156325292272,False
