time,inserted_nodes,node_count_before,node_count_after,rest_length_before,rest_length_after,rest_length_error,tail_rest_length_before,tail_rest_length_after,payout_buffer_rest_length_before,payout_buffer_rest_length_after,payout_buffer_min_rest_length_after,payout_buffer_max_rest_length_after,minimum_physical_rest_length_after,peak_tension_before,peak_tension_after,peak_tension_jump,minimum_geometric_ratio_after,peak_tension_post_step,peak_tension_post_step_jump,minimum_standard_ratio_post_step,remeshed_in_same_step
0.50275,1,103,104,1.0300134119337305,1.0300134119337305,0.0,0.011251676491716364,0.011251676491716364,0.09001341193373091,0.08438757368787272,0.005625838245858182,0.011251676491716364,0.005625838245858182,0.0,0.0,0.0,0.9998328891594113,0.0,0.0,0.9999840911965079,False
0.588,1,104,105,1.0356259168742659,1.0356259168742659,0.0,0.011953239609283246,0.011953239609283246,0.09000007862840778,0.08367267726498273,0.005976619804641623,0.011953239609283246,0.005625838245858182,0.0,0.0,0.0,0.9996084721247344,0.0,0.0,0.9999789955490442,False
0.6637500000000001,1,105,106,1.041974185472895,1.0419741854728952,2.220446049250313e-16,0.012746773184111918,0.006373386592055959,0.09002094586361206,0.08325079248414179,0.006373386592055959,0.012746773184111918,0.005625838245858182,0.0,0.0,0.0,0.9995479812287015,0.0,0.0,0.9999756476773092,False
0.73075,1,106,107,1.0487309217755316,1.0487309217755316,0.0,0.007217978629885505,0.007217978629885505,0.09000752878677809,0.08239278336947828,0.006795682610970726,0.013591365221941452,0.005625838245858182,0.0,0.0,0.0,0.9995026532552117,0.0,0.0,0.999974534704719,False
0.7957500000000001,1,107,108,1.0563591917683763,1.0563591917683763,0.0,0.00817151237899112,0.00817151237899112,0.09002105336232312,0.07547615439127607,0.007272449485523523,0.014544898971047045,0.005625838245858182,0.0,0.0,0.0,0.9994668221497204,0.0,0.0,0.9999733461949791,False
0.9,1,108,109,1.0708860301571363,1.0708860301571366,2.220446049250313e-16,0.00998736717758615,0.00998736717758615,0.09000299278003633,0.07364223901039425,0.008180376884821039,0.00998736717758615,0.005625838245858182,0.0,0.0,0.0,0.9994467756650013,0.0,0.0,0.999973092285828,False
0.9985,1,109,110,1.087275210234321,1.087275210234321,0.0,0.012036014687234187,0.012036014687234187,0.09003141908757857,0.07980239469310949,0.006018007343617094,0.012036014687234187,0.005625838245858182,0.0,0.0,0.0,0.9994241749844872,0.0,0.0,0.9999729373335167,False
1.05325,1,110,111,1.0975162187181984,1.0975162187181986,2.220446049250313e-16,0.013316140747718875,0.013316140747718875,0.09004340317698697,0.07853425272203321,0.006446922364402053,0.013316140747718875,0.005625838245858182,0.0,0.0,0.0,0.9991304629635333,0.0,0.0,0.9999628395020506,False
1.11,1,111,112,1.1089826084681729,1.108982608468173,2.220446049250313e-16,0.014749439466465687,0.014749439466465687,0.09000064247200766,0.07615026589900956,0.0071635717237754585,0.014749439466465687,0.005625838245858182,0.0,0.0,0.0,0.9991318881854014,0.0,0.0,0.9999631165078997,False
1.17375,1,112,113,1.1228866350042024,1.1228866350042026,2.220446049250313e-16,0.01648744278346943,0.01648744278346943,0.09005429243503937,0.07446591254503754,0.005234717719926155,0.01648744278346943,0.005234717719926155,0.0,0.0,0.0,0.9991697309851636,0.0,0.0,0.9999647751526383,False
1.24,1,113,114,1.1384622466486218,1.1384622466486216,-2.220446049250313e-16,0.018434394239021816,0.018434394239021816,0.09004152418945657,0.07919299769312503,0.005782587927852473,0.018434394239021816,0.005625838245858182,0.0,0.0,0.0,0.9988949455125878,0.0,0.0,0.9999548678914427,False
1.2835,1,114,115,1.1492985412201306,1.1492985412201306,0.0,0.019788931060460417,0.019788931060460417,0.09002929226463394,0.07782622894686377,0.00645985633857178,0.019788931060460417,0.005625838245858182,0.0,0.0,0.0,0.9988382759152797,0.0,0.0,0.9999527009374437,False
1.3305,1,115,116,1.161534134056663,1.161534134056663,0.0,0.021318380165026997,0.021318380165026997,0.0900618217833963,0.08139524792953866,0.005032827550741865,0.021318380165026997,0.005032827550741865,0.0,0.0,0.0,0.9989154901586118,0.0,0.0,0.999955987771189,False
1.3625,1,116,117,1.1701697263782918,1.1701697263782918,0.0,0.022397829205230573,0.022397829205230573,0.09003084025116741,0.08028481735710616,0.005572552070843667,0.022397829205230573,0.005572552070843667,0.0,0.0,0.0,0.9985430143407414,0.0,0.0,0.9999418890997429,False
1.3975,1,117,118,1.1798895339050988,1.1798895339050988,0.0,0.023612805146081443,0.023612805146081443,0.09000462488391299,0.0848627596718166,0.005141865212096391,0.023612805146081443,0.005141865212096391,0.0,0.0,0.0,0.9986492463487057,0.0,0.0,0.9999461949678045,False
1.41575,1,118,119,1.1850687208879949,1.185068720887995,2.220446049250313e-16,0.02426020351894345,0.02426020351894345,0.09004194665471274,0.08425268306975434,0.005465564398527401,0.02426020351894345,0.005141865212096391,0.0,0.0,0.0,0.9983934876506614,0.0,0.0,0.9999362671909728,False
1.43575,1,119,120,1.1908298884231765,1.1908298884231765,0.0,0.02498034946084111,0.02498034946084111,0.09001385060493558,0.08382814026451052,0.006185710340425056,0.02498034946084111,0.005141865212096391,0.0,0.0,0.0,0.9984731901007029,0.0,0.0,0.9999392644283481,False
1.457,1,120,121,1.1970469182707115,1.1970469182707113,-2.220446049250313e-16,0.02575747819178302,0.02575747819178302,0.09004517011204582,0.08308233104067886,0.005129149894776951,0.02575747819178302,0.005129149894776951,0.0,0.0,0.0,0.9986219718619137,0.0,0.0,0.9999451629767062,False
1.4805,1,121,122,1.2040343993226497,1.2040343993226494,-2.220446049250313e-16,0.026630913323275277,0.026630913323275277,0.09006981209261691,0.08489713173812183,0.005172680354495081,0.026630913323275277,0.005141865212096391,0.0,0.0,0.0,0.998375437821951,0.0,0.0,0.9999360931749203,False
1.4975,1,122,123,1.2091608250612043,1.2091608250612045,2.220446049250313e-16,0.027271716540594612,0.027271716540594612,0.09002355747667659,0.08421007390486217,0.005493081963154753,0.027271716540594612,0.005141865212096391,0.0,0.0,0.0,0.9983030089517724,0.0,0.0,0.999933193875846,False
1.5165,1,123,124,1.2149597556926768,1.214959755692677,2.220446049250313e-16,0.02799658286952868,0.02799658286952868,0.09000900453633474,0.0837910562442459,0.005585652867570892,0.02799658286952868,0.005141865212096391,0.0,0.0,0.0,0.9983934876925032,0.0,0.0,0.99993676943009,False
1.53675,1,124,125,1.221218789196012,1.221218789196012,0.0,0.028778962057445564,0.028778962057445564,0.09005008974758093,0.08304976226757523,0.005976842461529329,0.028778962057445564,0.005141865212096391,0.0,0.0,0.0,0.9984112508057846,0.0,0.0,0.9999375330558922,False
1.559,1,125,126,1.2281867441415404,1.2281867441415402,-2.220446049250313e-16,0.029649956425636587,0.029649956425636587,0.09001771721310348,0.08277869078942468,0.0068478368297203605,0.029649956425636587,0.005141865212096391,0.0,0.0,0.0,0.9985026653361275,0.0,0.0,0.9999411111587647,False
1.582,1,126,127,1.2354860806892025,1.2354860806892027,2.220446049250313e-16,0.0305623734940944,0.0152811867470472,0.09007802733708718,0.08192658384495058,0.007760253898178178,0.0152811867470472,0.005141865212096391,0.0,0.0,0.0,0.99866113550019,0.0,0.0,0.9999469952274779,False
1.60725,1,127,128,1.2436080367039262,1.2436080367039262,0.0,0.01629643124888765,0.01629643124888765,0.09004853985967415,0.08127304145965553,0.0054746448494644015,0.01629643124888765,0.005141865212096391,0.0,0.0,0.0,0.9987995830906179,0.0,0.0,0.9999527024846734,False
1.63425,1,128,129,1.2524129078685575,1.2524129078685573,-2.220446049250313e-16,0.01739704014446654,0.01739704014446654,0.09007791262428666,0.08020180532868915,0.006024949297253848,0.01739704014446654,0.005141865212096391,0.0,0.0,0.0,0.9983763488539132,0.0,0.0,0.9999366219018001,False
1.6640000000000001,1,129,130,1.2622504384740196,1.2622504384740196,0.0,0.018626731470149316,0.018626731470149316,0.0900393359341514,0.08223439086342532,0.005666675401631834,0.018626731470149316,0.005141865212096391,0.0,0.0,0.0,0.9985076918360761,0.0,0.0,0.9999418529042162,False
1.6872500000000001,1,130,131,1.27003200493927,1.2700320049392702,2.220446049250313e-16,0.019599427278305614,0.019599427278305614,0.09001595732867568,0.0812383164497933,0.006153023305709981,0.019599427278305614,0.005141865212096391,0.0,0.0,0.0,0.9983529027675374,0.0,0.0,0.9999359864759191,False
1.71325,1,131,132,1.2788248968163596,1.2788248968163596,0.0,0.020698538762941806,0.020698538762941806,0.09003120832688283,0.08070476041115371,0.007252134790346172,0.020698538762941806,0.005141865212096391,0.0,0.0,0.0,0.9984761765793424,0.0,0.0,0.9999402950877789,False
1.7405,1,132,133,1.2881365517887082,1.2881365517887082,0.0,0.02186249563448536,0.02186249563448536,0.09001641538350229,0.08477121298986594,0.005245202393636346,0.02186249563448536,0.005141865212096391,0.0,0.0,0.0,0.9986735393528393,0.0,0.0,0.9999486247921371,False
1.7557500000000001,1,133,134,1.2933876582145762,1.2933876582145762,0.0,0.02251888393771888,0.02251888393771888,0.0900223194157341,0.08412072871886422,0.006084807278123998,0.02251888393771888,0.005141865212096391,0.0,0.0,0.0,0.9980985992543696,0.0,0.0,0.9999265017126915,False
1.77275,1,134,135,1.2992729943355903,1.2992729943355903,0.0,0.023254550952845628,0.023254550952845628,0.09000606483987814,0.08485881739771406,0.005147247442164076,0.023254550952845628,0.005141865212096391,0.0,0.0,0.0,0.9983458043765928,0.0,0.0,0.9999362860627679,False
1.78775,1,135,136,1.3044920820829164,1.3044920820829164,0.0,0.023906936921261397,0.023906936921261397,0.09007790514504023,0.08427827173446038,0.0054734404263719625,0.023906936921261397,0.005141865212096391,0.0,0.0,0.0,0.9980458437002908,0.0,0.0,0.9999247595048696,False
1.8042500000000001,1,136,137,1.3102596173317256,1.3102596173317256,0.0,0.024627878827362542,0.024627878827362542,0.09004580698326944,0.08385142465079636,0.005590737427383454,0.024627878827362542,0.005141865212096391,2.3185306443852592e-05,2.3185306443852592e-05,0.0,0.9981619174191794,0.00011012097002446875,8.693566358061615e-05,0.9999293192468948,False
1.822,1,137,138,1.3164929812051747,1.3164929812051747,0.0,0.025407049311543698,0.025407049311543698,0.09008478852424565,0.08311123570759138,0.005980322669474036,0.025407049311543698,0.005141865212096391,6.153361660283701e-05,6.153361660283701e-05,0.0,0.9982044842008256,0.00042445827476152165,0.00036292465815868465,0.9999311106463111,False
1.84175,1,138,139,1.3234609658462055,1.3234609658462055,0.0,0.026278047391672547,0.026278047391672547,0.0900792203486221,0.08283831435692865,0.006851320749602878,0.026278047391672547,0.005141865212096391,8.134598255468929e-05,8.134598255468929e-05,0.0,0.9983229947129233,2.733254487748138e-05,-5.401343767720791e-05,0.9999354902289014,False
1.862,1,139,140,1.3306371419645449,1.3306371419645449,0.0,0.02717506940646498,0.02717506940646498,0.09001449047526816,0.08187656246878226,0.005370496373435032,0.02717506940646498,0.005141865212096391,9.857442490422454e-05,9.857442490422454e-05,0.0,0.9985109653511642,0.000770809854970203,0.0006722354300659785,0.9999430743479979,False
1.885,1,140,141,1.3388220866938108,1.3388220866938108,0.0,0.0281981874976232,0.0281981874976232,0.09006150719804812,0.08129004634249457,0.0058820554190141495,0.0281981874976232,0.005141865212096391,0.00015967138789405922,0.00015967138789405922,0.0,0.9981882109817768,0.001319355586762605,0.0011596841988685458,0.9999309266817804,False
1.9095,1,141,142,1.3475746654529988,1.347574665452999,2.220446049250313e-16,0.029292259842521706,0.029292259842521706,0.09004262510168262,0.08017709190123058,0.005489300727974998,0.029292259842521706,0.005141865212096391,0.00020208127377364528,0.00020208127377364528,0.0,0.9983337722957064,0.0017049465064577773,0.001502865232684132,0.9999367125144035,False
1.937,1,142,143,1.3574318884497805,1.3574318884497805,0.0,0.030524412717119406,0.030524412717119406,0.09003431489801206,0.08131447521392259,0.006105377165273838,0.030524412717119406,0.005141865212096391,0.00025295467082645374,0.00025295467082645374,0.0,0.998265558647109,0.002074888866081287,0.0018219341952548332,0.9999342577926771,False
1.96125,1,143,144,1.3661450865091878,1.3661450865091878,0.0,0.031613562474545324,0.015806781237272662,0.09002767327332997,0.08021868383181459,0.0071945269226997635,0.015806781237272662,0.005141865212096391,0.00030322479017964686,0.00030322479017964686,0.0,0.9983769812104797,0.0007440212285995743,0.0004407964384199274,0.9999375093102433,False
1.9885,1,144,145,1.3759501277683936,1.3759501277683934,-2.220446049250313e-16,0.017032411394673368,0.017032411394673368,0.09002372509102033,0.08476219481435184,0.005261530276668493,0.017032411394673368,0.005141865212096391,0.0003331990072452496,0.0003331990072452496,0.0,0.9986121311867677,0.0029896015621202893,0.0026564025548750396,0.9999480080034163,False
2.00325,1,145,146,1.38126,1.38126,0.0,0.017696145423624184,0.017696145423624184,0.09007206704595833,0.08414680274033903,0.005593397291143898,0.017696145423624184,0.005141865212096391,0.0003584364942701936,0.0003584364942701936,0.0,0.9980270605333764,0.0032658699881203956,0.002907433493850202,0.9999256659738187,False
2.01975,1,146,147,1.3872,1.3872,0.0,0.01843864542362422,0.01843864542362422,0.09008680274033912,0.0837509054491952,0.005221233773175066,0.01843864542362422,0.005141865212096391,0.00038019283937824276,0.00038019283937824276,0.0,0.9981551933428255,0.003570378162168167,0.003190185322789924,0.9999307375006997,False
2.0372500000000002,1,147,148,1.3935,1.3935,0.0,0.01922614542362425,0.01922614542362425,0.09005090544919528,0.08292750815805136,0.005614983773175063,0.01922614542362425,0.005141865212096391,0.0003957706702123458,0.0003957706702123458,0.0,0.998054722768573,0.003637862983633791,0.0032420923134214453,0.9999269086414443,False
2.057,1,148,149,1.4006100000000004,1.4006100000000004,0.0,0.02011489542362429,0.02011489542362429,0.09003750815805149,0.08314002438487639,0.0057513205545256406,0.02011489542362429,0.005141865212096391,0.0003995685932810618,0.0003995685932810618,0.0,0.998202952591898,0.0036651827678467475,0.0032656141745656857,0.9999326234063274,False
2.07625,1,149,150,1.4075400000000005,1.4075400000000005,0.0,0.02098114542362432,0.02098114542362432,0.09007002438487649,0.08230629061170139,0.006184445554525635,0.02098114542362432,0.005141865212096391,0.00040636849361189,0.00040636849361189,0.0,0.9982339312119125,0.003580751768024873,0.003174383274412983,0.9999337707441988,False
2.09775,1,150,151,1.41528,1.41528,0.0,0.021948645423624336,0.021948645423624336,0.09004629061170136,0.0817088068385263,0.007151945554525629,0.021948645423624336,0.005141865212096391,0.0004289483231954092,0.0004289483231954092,0.0,0.9983661369208757,0.0019893938468124317,0.0015604455236170225,0.999937839212465,False
2.121,1,151,152,1.42365,1.42365,0.0,0.022994895423624373,0.022994895423624373,0.09007880683852629,0.08069507306535123,0.006010286355906077,0.022994895423624373,0.005141865212096391,0.00044321803771141586,0.00044321803771141586,0.0,0.998574972407422,0.00387838726428362,0.0034351692265722038,0.9999470200056776,False
2.1470000000000002,1,152,153,1.4330100000000003,1.4330100000000003,0.0,0.024164895423624426,0.024164895423624426,0.0900550730653513,0.08025375251082567,0.006595286355906075,0.024164895423624426,0.005141865212096391,0.00044748716588653904,0.00044748716588653904,0.0,0.9983726589366813,0.0038026031175659586,0.0033551159516794194,0.9999391380563428,False
2.1742500000000002,1,153,154,1.4428200000000004,1.4428200000000004,0.0,0.02539114542362447,0.02539114542362447,0.09006375251082568,0.08454996723356288,0.005513785277262808,0.02539114542362447,0.005141865212096391,0.0004622407821409887,0.0004622407821409887,0.0,0.9985062758437321,0.004368211751610118,0.0039059709694691295,0.9999445806526419,False
2.1895000000000002,1,154,155,1.4483100000000004,1.4483100000000002,-2.220446049250313e-16,0.026077395423624493,0.026077395423624493,0.09003996723356286,0.08383993195630005,0.005640347777262801,0.026077395423624493,0.005141865212096391,0.00048478822937937345,0.00048478822937937345,0.0,0.9981151899162701,0.004477632733107001,0.003992844503727628,0.999929633872089,False
2.20675,1,155,156,1.4545200000000005,1.4545200000000005,0.0,0.02685364542362451,0.02685364542362451,0.09004993195629996,0.08363333417903715,0.0060284727772627915,0.02685364542362451,0.005141865212096391,0.0004766570225465667,0.0004766570225465667,0.0,0.9981788940061117,0.004408812394208386,0.00393215537166182,0.9999320458257817,False
2.2245,1,156,157,1.4609100000000006,1.4609100000000006,0.0,0.027652395423624555,0.027652395423624555,0.0900233341790373,0.08280798640177447,0.005333893177953039,0.027652395423624555,0.005141865212096391,0.0004957453681491868,0.0004957453681491868,0.0,0.9982886525119142,0.0046223344737271466,0.0041265891055779595,0.9999363809716654,False
2.2445,1,157,158,1.4681100000000007,1.4681100000000007,0.0,0.028552395423624588,0.028552395423624588,0.09000798640177451,0.0822807636245117,0.005783893177953033,0.028552395423624588,0.005141865212096391,0.000497189346392874,0.000497189346392874,0.0,0.9981255627181636,0.004589365215090305,0.004092175868697431,0.9999300915811605,False
2.266,1,158,159,1.4758500000000003,1.4758500000000003,0.0,0.029519895423624605,0.029519895423624605,0.0900207636245116,0.0813260408472488,0.005975143177953013,0.029519895423624605,0.005141865212096391,0.0005149547197383998,0.0005149547197383998,0.0,0.9982695124764207,0.004679574235473008,0.004164619515734608,0.9999356660213314,False
2.29025,1,159,160,1.4845800000000005,1.4845800000000005,0.0,0.03061114542362466,0.03061114542362466,0.090056040847249,0.08176339766929594,0.006520768177953013,0.03061114542362466,0.005141865212096391,0.0005305162388441439,0.0005305162388441439,0.0,0.9983468362196422,0.004647003606549821,0.004116487367705677,0.9999386027400161,False
2.31325,1,160,161,1.4928600000000003,1.4928600000000003,0.0,0.03164614542362456,0.01582307271181228,0.09004339766929573,0.08071575449134269,0.007555768177953011,0.01582307271181228,0.005141865212096391,0.0005495578828520481,0.0005495578828520481,0.0,0.9984541411994377,0.002882185582989902,0.002332627700137854,0.9999414609389089,False
2.33925,1,161,162,1.5022200000000003,1.5022200000000003,0.0,0.016993072711812333,0.016993072711812333,0.09007575449134278,0.08505193290236628,0.005023821588976511,0.016993072711812333,0.005023821588976511,0.0005260486363728552,0.0005260486363728552,0.0,0.9986615947473623,0.00498544678703379,0.004459398150660935,0.9999508552497979,False
2.353,1,162,163,1.5071700000000003,1.5071700000000006,2.220446049250313e-16,0.01761182271181235,0.01761182271181235,0.09000193290236627,0.08435936131338975,0.005333196588976506,0.01761182271181235,0.005023821588976511,0.0005518623090940459,0.0005518623090940459,0.0,0.9979290785745215,0.005137572376315375,0.004585710067221329,0.9999227959828244,False
2.36875,1,163,164,1.5128400000000006,1.5128400000000006,0.0,0.018320572711812384,0.018320572711812384,0.09002936131338984,0.08398741472441332,0.005299446588976507,0.018320572711812384,0.005023821588976511,0.0005655508306000722,0.0005655508306000722,0.0,0.9980662721574233,0.0053970815013996,0.0048315306707995284,0.9999281953912565,False
2.3855,1,164,165,1.5188700000000006,1.5188700000000006,0.0,0.019074322711812412,0.019074322711812412,0.09001741472441338,0.08322171813543686,0.005676321588976503,0.019074322711812412,0.005023821588976511,0.0005889016972703647,0.0005889016972703647,0.0,0.9980699792802747,0.005527934945330423,0.004939033248060058,0.9999284029927872,False
2.4045,1,165,166,1.5257100000000006,1.5257100000000006,0.0,0.019929322711812428,0.019929322711812428,0.09006171813543681,0.0831535215464603,0.005831009088976484,0.019929322711812428,0.005023821588976511,0.0005918956833906786,0.0005918956833906786,0.0,0.9982115053788452,0.0054875509746428325,0.004895655291252154,0.9999338264058416,False
2.42375,1,166,167,1.5326400000000007,1.5326400000000007,0.0,0.020795572711812458,0.020795572711812458,0.0900835215464604,0.08230907495748388,0.006264134088976478,0.020795572711812458,0.005023821588976511,0.0006009255827617203,0.0006009255827617203,0.0,0.9982559335037501,0.005461339406554147,0.004860413823792427,0.9999355174963964,False
2.44525,1,167,168,1.5403800000000007,1.5403800000000007,0.0,0.021763072711812496,0.021763072711812496,0.09004907495748402,0.08168400336850751,0.007231634088976493,0.021763072711812496,0.005023821588976511,0.0006157979650184945,0.0006157979650184945,0.0,0.9983850923706061,0.0037799254862583426,0.0031641275212398482,0.999939425506975,False
2.4685,1,168,169,1.5487500000000005,1.5487500000000007,2.220446049250313e-16,0.022809322711812532,0.022809322711812532,0.09005400336850747,0.08064268177953098,0.005963893177953117,0.022809322711812532,0.005023821588976511,0.0006465902240966861,0.0006465902240966861,0.0,0.9985897233147921,0.005900561735833615,0.0052539715117369285,0.9999485605055787,False
2.4945,1,169,170,1.558110000000001,1.5581100000000008,-2.220446049250313e-16,0.023979322711812585,0.023979322711812585,0.09000268177953105,0.08012167269055456,0.006548893177953115,0.023979322711812585,0.005023821588976511,0.0006454301675457543,0.0006454301675457543,0.0,0.998363051329163,0.005757474120289541,0.005112043952743787,0.9999397124703576,False
2.5220000000000002,1,170,171,1.568010000000001,1.5680100000000008,-2.220446049250313e-16,0.025216822711812623,0.025216822711812623,0.09002167269055454,0.08446241814606631,0.005559254544488235,0.025216822711812623,0.005023821588976511,0.000668539522018555,0.000668539522018555,0.0,0.9985005585687271,0.0064137844238462,0.005745244901827645,0.999945349952915,False
2.5375,1,171,172,1.5735900000000007,1.5735900000000007,0.0,0.02591432271181264,0.02591432271181264,0.09004241814606624,0.083785663601578,0.005691442044488225,0.02591432271181264,0.005023821588976511,0.0006975219956797524,0.0006975219956797524,0.0,0.9981333531195788,0.006583564284975654,0.005886042289295902,0.9999313409241435,False
2.555,1,172,173,1.5798900000000007,1.5798900000000007,0.0,0.02670182271181267,0.02670182271181267,0.09008566360157802,0.08360672155708979,0.006085192044488222,0.02670182271181267,0.005023821588976511,0.0007020928243203195,0.0007020928243203195,0.0,0.9981975636243866,0.006670557584646825,0.005968464760326505,0.9999338469518755,False
2.573,1,173,174,1.586370000000001,1.586370000000001,0.0,0.02751182271181271,0.02751182271181271,0.09008672155708988,0.08279777951260162,0.005333196588976557,0.02751182271181271,0.005023821588976511,0.000711688024180023,0.000711688024180023,0.0,0.9983066242225165,0.00677858193195259,0.0060668939077725675,0.9999381055174422,False
2.59325,1,174,175,1.593660000000001,1.593660000000001,0.0,0.028423072711812738,0.028423072711812738,0.09008777951260162,0.08228133746811338,0.0057888215889765485,0.028423072711812738,0.005023821588976511,0.0007193383363260287,0.0007193383363260287,0.0,0.9981298462525829,0.006819765697507224,0.0061004273611811955,0.9999313255644298,False
2.61475,1,175,176,1.6014000000000008,1.6014000000000008,0.0,0.029390572711812776,0.029390572711812776,0.09002133746811344,0.0812473954236252,0.005980071588976538,0.029390572711812776,0.005023821588976511,0.0007422909706493932,0.0007422909706493932,0.0,0.9982719161016033,0.006973936688431118,0.006231645717781725,0.9999368594518778,False
2.63925,1,176,177,1.6102200000000009,1.6102200000000009,0.0,0.030493072711812803,0.030493072711812803,0.09006739542362519,0.08175294883464862,0.006531321588976525,0.030493072711812803,0.005023821588976511,0.0007625522963914362,0.0007625522963914362,0.0,0.9983517853158866,0.0069665129395473785,0.006203960643155942,0.9999399149389804,False
2.6622500000000002,1,177,178,1.618500000000001,1.618500000000001,0.0,0.03152807271181276,0.01576403635590638,0.0900329488346486,0.08068350224567206,0.007566321588976543,0.01576403635590638,0.005023821588976511,0.0007842473000352152,0.0007842473000352152,0.0,0.9984574830492295,0.005243181093904495,0.004458933793869279,0.9999427425381989,False
2.68825,1,178,179,1.6278600000000008,1.627860000000001,2.220446049250313e-16,0.01693403635590641,0.01693403635590641,0.09004350224567198,0.08501159145118373,0.005031910794488266,0.01693403635590641,0.005023821588976511,0.0007645150381459833,0.0007645150381459833,0.0,0.9986644152651822,0.007370190767764254,0.00660567572961827,0.9999521173685766,False
2.7022500000000003,1,179,180,1.632900000000001,1.632900000000001,0.0,0.017564036355906445,0.017564036355906445,0.09005159145118381,0.08438968065669553,0.005346910794488267,0.017564036355906445,0.005023821588976511,0.0007978391473991143,0.0007978391473991143,0.0,0.9979373914394927,0.0076032921632318284,0.006805453015832714,0.9999242990947054,False
2.718,1,180,181,1.638570000000001,1.638570000000001,0.0,0.018272786355906477,0.018272786355906477,0.09005968065669562,0.08400401986220733,0.0053131607944882624,0.018272786355906477,0.005023821588976511,0.0008112461879008425,0.0008112461879008425,0.0,0.9980718866580235,0.007871690500392131,0.007060444312491289,0.999929598240442,False
2.73475,1,181,182,1.6446000000000007,1.6446000000000007,0.0,0.019026536355906485,0.019026536355906485,0.09003401986220724,0.08322460906771897,0.005690035794488249,0.019026536355906485,0.005023821588976511,0.0008398219117794486,0.0008398219117794486,0.0,0.9980756056179466,0.008052327632155284,0.0072125057203758355,0.999929830061422,False
2.75375,1,182,183,1.6514400000000011,1.6514400000000011,0.0,0.01988153635590652,0.01988153635590652,0.0900646090677191,0.08314269827323083,0.0058419107944882465,0.01988153635590652,0.005023821588976511,0.0008410851368372135,0.0008410851368372135,0.0,0.9982165080494156,0.008033028989105392,0.007191943852268179,0.9999352396780306,False
2.773,1,183,184,1.658370000000001,1.6583700000000012,2.220446049250313e-16,0.02074778635590655,0.02074778635590655,0.09007269827323092,0.08228453747874265,0.006275035794488241,0.02074778635590655,0.005023821588976511,0.0008559295507735367,0.0008559295507735367,0.0,0.9982600534664563,0.00804033400521112,0.007184404454437583,0.9999369149020931,False
2.7945,1,184,185,1.6661100000000013,1.666110000000001,-2.220446049250313e-16,0.02171528635590659,0.02171528635590659,0.09002453747874278,0.0816457516842545,0.007242535794488255,0.02171528635590659,0.005023821588976511,0.0008754950554541027,0.0008754950554541027,0.0,0.9983888333923563,0.006419624922219383,0.00554412986676528,0.9999408492892983,False
2.81775,1,185,186,1.6744800000000013,1.6744800000000013,0.0,0.022761536355906626,0.022761536355906626,0.09001575168425446,0.08059071588976621,0.0059519465889766405,0.022761536355906626,0.005023821588976511,0.0009059631446321518,0.0009059631446321518,0.0,0.998592888395036,0.008496819359265384,0.007590856214633232,0.9999499352416137,False
2.844,1,186,187,1.6839300000000013,1.6839300000000013,0.0,0.023942786355906673,0.023942786355906673,0.09004071588976625,0.080137555095278,0.006542571588976635,0.023942786355906673,0.005023821588976511,0.0009163230361452046,0.0009163230361452046,0.0,0.9983642543273734,0.008492025601036707,0.007575702564891502,0.9999410802268702,False
2.8715,1,187,188,1.6938300000000013,1.6938300000000013,0.0,0.02518028635590671,0.02518028635590671,0.09003755509527797,0.08446722469803386,0.0055703303972441135,0.02518028635590671,0.005023821588976511,0.0009479001990540211,0.0009479001990540211,0.0,0.9985007414061998,0.009221033810841467,0.008273133611787446,0.9999467075102481,False
2.887,1,188,189,1.6994100000000012,1.6994100000000012,0.0,0.025877786355906728,0.025877786355906728,0.09004722469803378,0.08377939430078968,0.0057025178972441035,0.025877786355906728,0.005023821588976511,0.0009685108265066875,0.0009685108265066875,0.0,0.9981380167364919,0.009288778572898365,0.008320267746391677,0.999932820134344,False
2.9045,1,189,190,1.7057100000000012,1.7057100000000012,0.0,0.02666528635590676,0.02666528635590676,0.09007939430078969,0.08358937640354558,0.0060962678972441,0.02666528635590676,0.005023821588976511,0.0009784933264942368,0.0009784933264942368,0.0,0.9982020303364917,0.009443826627779733,0.008465333301285497,0.9999353502614061,False
2.9225,1,190,191,1.7121900000000012,1.7121900000000012,0.0,0.0274752863559068,0.0274752863559068,0.09006937640354568,0.08276935850630154,0.005332848294488315,0.0274752863559068,0.005023821588976511,0.0009919568059605474,0.0009919568059605474,0.0,0.9983107520176694,0.009589940920748288,0.008597984114787741,0.9999396144083661,False
2.94275,1,191,192,1.7194800000000012,1.7194800000000012,0.0,0.028386536355906825,0.028386536355906825,0.09005935850630153,0.08224184060905741,0.005788473294488307,0.028386536355906825,0.005023821588976511,0.0010029023054882744,0.0010029023054882744,0.0,0.9981311644369228,0.009696897843418414,0.008693995537930141,0.9999327582484643,False
2.9645,1,192,193,1.7273100000000015,1.7273100000000012,-2.220446049250313e-16,0.029365286355906857,0.029365286355906857,0.09007184060905743,0.08127557271181332,0.005982535794488294,0.029365286355906857,0.005023821588976511,0.001036703736128181,0.001036703736128181,0.0,0.9982761856503766,0.009935419302971052,0.008898715566842871,0.9999384477610627,False
2.98875,1,193,194,1.7360400000000011,1.7360400000000014,2.220446049250313e-16,0.03045653635590689,0.03045653635590689,0.09000557271181334,0.08169147441732502,0.006528160794488285,0.03045653635590689,0.005023821588976511,0.0010454197409215488,0.0010454197409215488,0.0,0.9983511541179393,0.009815715465926203,0.008770295725004654,0.999941262663019,False
3.012,1,194,195,1.7444100000000011,1.7444100000000011,0.0,0.03150278635590685,0.015751393177953425,0.09006147441732498,0.08070112612283667,0.0075744107944882965,0.015751393177953425,0.005023821588976511,0.0010718748822650672,0.0010718748822650672,0.0,0.9984605784861423,0.008133857046560274,0.007061982164295207,0.9999442631029933,False
3.0380000000000003,1,195,196,1.7537700000000012,1.7537700000000014,2.220446049250313e-16,0.016921393177953478,0.016921393177953478,0.09006112612283676,0.08502376447559261,0.005037361647244151,0.016921393177953478,0.005023821588976511,0.001053500235319309,0.001053500235319309,0.0,0.9986671032539318,0.010280114924165126,0.009226614688845818,0.9999536209129296,False
3.052,1,196,197,1.7588100000000013,1.7588100000000013,0.0,0.01755139317795349,0.01755139317795349,0.09006376447559254,0.0843964028283484,0.005352361647244143,0.01755139317795349,0.005023821588976511,0.0010822000739370726,0.0010822000739370726,0.0,0.9979408061623604,0.010467894587428861,0.009385694513491789,0.9999258078980301,False
3.06775,1,197,198,1.7644800000000012,1.7644800000000012,0.0,0.018260143177953523,0.018260143177953523,0.09006640282834849,0.08400529118110432,0.005314392897244141,0.018260143177953523,0.005023821588976511,0.0011061440154932923,0.0011061440154932923,0.0,0.9980751013292752,0.010843749964348434,0.009737605948855142,0.9999311501638904,False
3.0845000000000002,1,198,199,1.7705100000000011,1.7705100000000011,0.0,0.01901389317795355,0.01901389317795355,0.0900352911811044,0.08322042953386022,0.005691267897244137,0.01901389317795355,0.005023821588976511,0.001132263840563284,0.001132263840563284,0.0,0.9980774636435592,0.011006959283747467,0.009874695443184183,0.9999313207624503,False
3.1035,1,199,200,1.7773500000000015,1.7773500000000013,-2.220446049250313e-16,0.019868893177953588,0.019868893177953588,0.09006042953386034,0.08313728663661618,0.0058459553972441325,0.019868893177953588,0.005023821588976511,0.0011314423003346505,0.0011314423003346505,0.0,0.9982183012676968,0.010958485473378007,0.009827043173043356,0.9999367149901608,False
3.12275,1,200,201,1.7842800000000016,1.7842800000000016,0.0,0.020735143177953618,0.020735143177953618,0.09006728663661628,0.0822778937393721,0.006279080397244127,0.020735143177953618,0.005023821588976511,0.0011458881351217947,0.0011458881351217947,0.0,0.998262559476169,0.010964544467018465,0.00981865633189667,0.9999384188616406,False
3.14425,1,201,202,1.7920200000000015,1.7920200000000015,0.0,0.021702643177953635,0.021702643177953635,0.09001789373937208,0.08163787584212792,0.007246580397244121,0.021702643177953635,0.005023821588976511,0.0011842627215174464,0.0011842627215174464,0.0,0.9983912854035286,0.009505148185087312,0.008320885463569865,0.9999424323739174,False
3.1675,1,202,203,1.8003900000000017,1.8003900000000015,-2.220446049250313e-16,0.022748893177953693,0.022748893177953693,0.09000787584212805,0.08058160794488389,0.0059487857944884115,0.022748893177953693,0.005023821588976511,0.0012032689858293274,0.0012032689858293274,0.0,0.998595068711025,0.011472623438153112,0.010269354452323784,0.9999514496179692,False
3.19375,1,203,204,1.8098400000000017,1.8098400000000017,0.0,0.02393014317795372,0.02393014317795372,0.09003160794488377,0.08012440254763967,0.006539410794488397,0.02393014317795372,0.005023821588976511,0.001213981053040856,0.001213981053040856,0.0,0.9983650165335348,0.011488113431250085,0.01027413237820923,0.9999425479829409,False
3.22125,1,204,205,1.8197400000000017,1.8197400000000015,-2.220446049250313e-16,0.025167643177953777,0.025167643177953777,0.0900244025476398,0.08445204984901775,0.005572352698622056,0.025167643177953777,0.005023821588976511,0.001241205951513457,0.001241205951513457,0.0,0.998501592296686,0.012169915798515549,0.010928709847002092,0.9999481479051036,False
3.2367500000000002,1,205,206,1.8253200000000014,1.8253200000000014,0.0,0.025865143177953794,0.025865143177953794,0.09003204984901766,0.08376219715039562,0.005704540198622046,0.025865143177953794,0.005023821588976511,0.0012645050045286825,0.0012645050045286825,0.0,0.9981401040986273,0.012299052907466662,0.01103454790293798,0.9999343487078406,False
3.25425,1,206,207,1.8316200000000014,1.8316200000000014,0.0,0.026652643177953825,0.026652643177953825,0.09006219715039562,0.08357015695177358,0.0060982901986220426,0.026652643177953825,0.005023821588976511,0.001274968006513096,0.001274968006513096,0.0,0.9982040771344781,0.012428536442486753,0.011153568435973656,0.9999368645611607,False
3.27225,1,207,208,1.8381000000000016,1.8381000000000016,0.0,0.027462643177953844,0.027462643177953844,0.09005015695177351,0.08274811675315147,0.005331267897244191,0.027462643177953844,0.005023821588976511,0.0012905834129507913,0.0012905834129507913,0.0,0.9983127453218259,0.012593995382077422,0.01130341196912663,0.999941136183892,False
3.2925,1,208,209,1.8453900000000014,1.8453900000000014,0.0,0.028373893177953892,0.028373893177953892,0.09003811675315161,0.08221857655452955,0.005786892897244192,0.028373893177953892,0.005023821588976511,0.0012885168690875248,0.0012885168690875248,0.0,0.9981321209926647,0.01257898260187651,0.011290465732788985,0.9999341824699267,False
3.31425,1,209,210,1.8532200000000016,1.8532200000000016,0.0,0.029352643177953924,0.029352643177953924,0.09004857655452957,0.08125028635590752,0.005980955397244185,0.029352643177953924,0.005023821588976511,0.0013256926098109566,0.0013256926098109566,0.0,0.9982772300850831,0.012839551762337545,0.011513859152526588,0.9999398866597817,False
3.33875,1,210,211,1.8620400000000017,1.8620400000000017,0.0,0.03045514317795395,0.03045514317795395,0.0900702863559075,0.08174651845866328,0.006532205397244173,0.03045514317795395,0.005023821588976511,0.0013323031544021566,0.0013323031544021566,0.0,0.9983548474997747,0.012700549896930063,0.011368246742527907,0.9999427887222625,False
3.3617500000000002,1,211,212,1.8703200000000015,1.8703200000000015,0.0,0.03149014317795392,0.01574507158897696,0.09002651845866329,0.08066775056141909,0.00756720539724419,0.01574507158897696,0.005023821588976511,0.001365323289890295,0.001365323289890295,0.0,0.9984605709217452,0.01108224581524947,0.009716922525359174,0.9999456821907147,False
3.38775,1,212,213,1.8796800000000013,1.8796800000000013,0.0,0.016915071588976992,0.016915071588976992,0.09002775056141901,0.08499117911279694,0.005036571448622085,0.016915071588976992,0.005023821588976511,0.0013338148551945222,0.0013338148551945222,0.0,0.998667396040393,0.013103969295029536,0.011770154439835014,0.9999549823346322,False
3.4017500000000003,1,213,214,1.8847200000000015,1.8847200000000015,0.0,0.017545071588977026,0.017545071588977026,0.09003117911279702,0.08436460766417492,0.005351571448622086,0.017545071588977026,0.005023821588976511,0.0013624303211184536,0.0013624303211184536,0.0,0.9979419250414396,0.013295425343108014,0.01193299502198956,0.9999272116625038,False
3.4175,1,214,215,1.8903900000000016,1.8903900000000018,2.220446049250313e-16,0.018253821588977058,0.018253821588977058,0.09003460766417501,0.0839742862155529,0.005313602698622086,0.018253821588977058,0.005023821588976511,0.0013848718858083594,0.0013848718858083594,0.0,0.9980762458076974,0.013641597703713926,0.012256725817905566,0.9999325402059475,False
3.43425,1,215,216,1.8964200000000015,1.8964200000000015,0.0,0.019007571588977066,0.019007571588977066,0.09000428621555281,0.08319021476693073,0.005690477698622073,0.019007571588977066,0.005023821588976511,0.0014134032359453472,0.0014134032359453472,0.0,0.99807862178874,0.013832127769585534,0.012418724533640187,0.9999327242357003,False
3.45325,1,216,217,1.9032600000000017,1.9032600000000017,0.0,0.019862571588977102,0.019862571588977102,0.09003021476693085,0.08310786206830875,0.00584235269862207,0.019862571588977102,0.005023821588976511,0.0014124278747079592,0.0014124278747079592,0.0,0.9982194937132455,0.013777089149106275,0.012364661274398316,0.9999381176392146,False
3.4725,1,217,218,1.9101900000000018,1.9101900000000018,0.0,0.020728821588977132,0.020728821588977132,0.09003786206830885,0.08224925936968674,0.0062754776986220645,0.020728821588977132,0.005023821588976511,0.0014262938708804061,0.0014262938708804061,0.0,0.9982630282813141,0.013767087287069046,0.01234079341618864,0.9999397871051959,False
3.49425,1,218,219,1.9180200000000018,1.9180200000000018,0.0,0.021707571588977164,0.021707571588977164,0.09007925936968683,0.08168878167106475,0.007254227698622073,0.021707571588977164,0.005023821588976511,0.0014600130771913887,0.0014600130771913887,0.0,0.9983943652168182,0.012252291912864227,0.010792278835672839,0.9999438658940987,False
3.5175,1,219,220,1.9263900000000018,1.9263900000000018,0.0,0.0227538215889772,0.0227538215889772,0.09005878167106471,0.08062205397244263,0.005950017897244284,0.0227538215889772,0.005023821588976511,0.0014789318504870414,0.0014789318504870414,0.0,0.9985977472519392,0.014243279818138721,0.01276434796765168,0.9999528815216356,False
3.54375,1,220,221,1.935840000000002,1.935840000000002,0.0,0.023935071588977248,0.023935071588977248,0.09007205397244267,0.0801572012738206,0.006540642897244279,0.023935071588977248,0.005023821588976511,0.0014832512512751273,0.0014832512512751273,0.0,0.9983666423474079,0.014182890751182065,0.012699639499906937,0.999943898194958,False
3.57125,1,221,222,1.9457400000000018,1.945740000000002,2.220446049250313e-16,0.025172571588977285,0.025172571588977285,0.09005720127382058,0.08448102492450955,0.005576176349311022,0.025172571588977285,0.005023821588976511,0.0015059239686991566,0.0015059239686991566,0.0,0.9985031424985656,0.014835372812849995,0.013329448844150838,0.9999494753573369,False
3.58675,1,222,223,1.9513200000000022,1.9513200000000022,0.0,0.025870071588977323,0.025870071588977323,0.09006102492450965,0.0837873485751986,0.005708363849311022,0.025870071588977323,0.005023821588976511,0.0015273588334880222,0.0015273588334880222,0.0,0.9981425610625351,0.014950153637012978,0.013422794803524955,0.9999357193157096,False
3.60425,1,223,224,1.9576200000000021,1.9576200000000021,0.0,0.026657571588977354,0.026657571588977354,0.09008734857519862,0.08359148472588758,0.006102113849311018,0.026657571588977354,0.005023821588976511,0.0015373232349414991,0.0015373232349414991,0.0,0.9982064521165122,0.015065235435178542,0.013527912200237044,0.9999382251514431,False
3.62225,1,224,225,1.964100000000002,1.9641000000000022,2.220446049250313e-16,0.027467571588977373,0.027467571588977373,0.09007148472588752,0.08276562087657649,0.005331883948622137,0.027467571588977373,0.005023821588976511,0.0015508179228981584,0.0015508179228981584,0.0,0.9983149864999848,0.015205757327501387,0.013654939404603229,0.999942479606318,False
3.6425,1,225,226,1.9713900000000022,1.9713900000000022,0.0,0.0283788215889774,0.0283788215889774,0.09005562087657648,0.08223225702726546,0.005787508948622129,0.0283788215889774,0.005023821588976511,0.0015489893176792839,0.0015489893176792839,0.0,0.9981336113864298,0.01517291899618492,0.013623929678505635,0.9999354888254423,False
3.66425,1,226,227,1.9792200000000022,1.979220000000002,-2.220446049250313e-16,0.029357571588977432,0.029357571588977432,0.09006225702726549,0.08126014317795448,0.005981571448622117,0.029357571588977432,0.005023821588976511,0.0015699367742153267,0.0015699367742153267,0.0,0.9982786078632605,0.01530339667829278,0.013733459904077453,0.9999411274713563,False
3.68875,1,227,228,1.9880400000000022,1.9880400000000022,0.0,0.03046007158897748,0.03046007158897748,0.09008014317795461,0.08175575922933245,0.006532821448622114,0.03046007158897748,0.005023821588976511,0.0015867099146190532,0.0015867099146190532,0.0,0.9983562614330447,0.015239401718353904,0.013652691803734851,0.9999440588901756,False
3.71175,1,228,229,1.9963200000000023,1.9963200000000023,0.0,0.03149507158897745,0.015747535794488725,0.09003575922933246,0.08067637528071031,0.007567821448622131,0.015747535794488725,0.005023821588976511,0.0016117333849691344,0.0016117333849691344,0.0,0.9984619205589769,0.01355028897627479,0.011938555591305657,0.9999469122436626,False
3.73775,1,229,230,2.005680000000002,2.005680000000002,0.0,0.016917535794488757,0.016917535794488757,0.09003637528071023,0.08499949580639918,0.005036879474311063,0.016917535794488757,0.005023821588976511,0.0015529170835212544,0.0015529170835212544,0.0,0.9986685773600861,0.015306448955246563,0.013753531871725308,0.9999560763805727,False
3.75175,1,230,231,2.0107200000000023,2.0107200000000023,0.0,0.01754753579448879,0.01754753579448879,0.09003949580639928,0.0843726163320882,0.005351879474311064,0.01754753579448879,0.005023821588976511,0.0015830560435325317,0.0015830560435325317,0.0,0.9979431454573996,0.015517715858305942,0.01393465981477341,0.999928328581855,False
3.7675,1,231,232,2.016390000000002,2.016390000000002,0.0,0.0182562857944888,0.0182562857944888,0.09004261633208811,0.08398198685777705,0.005313910724311052,0.0182562857944888,0.005023821588976511,0.0016100890013546903,0.0016100890013546903,0.0,0.9980774720394945,0.015910728863591975,0.014300639862237284,0.9999336798723687,False
3.78425,1,232,233,2.022420000000002,2.022420000000002,0.0,0.01901003579448883,0.01901003579448883,0.09001198685777713,0.08319760738346606,0.005690785724311048,0.01901003579448883,0.005023821588976511,0.0016436397849891088,0.0016436397849891088,0.0,0.9980798729540682,0.016156938376994112,0.014513298592005003,0.9999338915089933,False
3.8032500000000002,1,233,234,2.0292600000000025,2.0292600000000025,0.0,0.019865035794488867,0.019865035794488867,0.09003760738346618,0.0831149466591551,0.00584266072431104,0.019865035794488867,0.005023821588976511,0.0016497863233357556,0.0016497863233357556,0.0,0.99822076674278,0.01614511895266786,0.014495332629332105,0.9999393071406177,False
3.8225000000000002,1,234,235,2.0361900000000026,2.0361900000000026,0.0,0.020731285794488897,0.020731285794488897,0.09004494665915519,0.08225603593484411,0.006275785724311035,0.020731285794488897,0.005023821588976511,0.0016580500818087743,0.0016580500818087743,0.0,0.9982642682944061,0.016062817991978208,0.014404767910169433,0.9999409412313767,False
3.84425,1,235,236,2.0440200000000024,2.0440200000000024,0.0,0.02171003579448893,0.02171003579448893,0.09008603593484418,0.08169525021053312,0.007254535724311043,0.02171003579448893,0.005023821588976511,0.0016717920219872927,0.0016717920219872927,0.0,0.9983954887257265,0.014358546287938409,0.012686754265951117,0.9999449131515017,False
3.8675,1,236,237,2.0523900000000026,2.0523900000000026,0.0,0.022756285794488965,0.022756285794488965,0.0900652502105331,0.08062821448622205,0.005950633948622225,0.022756285794488965,0.005023821588976511,0.0016944020298284947,0.0016944020298284947,0.0,0.9985988745774397,0.016414286911908063,0.014719884882079568,0.999953964502664,False
3.8937500000000003,1,237,238,2.061840000000003,2.061840000000003,0.0,0.023937535794489012,0.023937535794489012,0.09007821448622208,0.08016305376191105,0.00654125894862222,0.023937535794489012,0.005023821588976511,0.0016888978010690166,0.0016888978010690166,0.0,0.9983678066619117,0.01623203274550883,0.014543134944439812,0.9999449191517011,False
3.92125,1,238,239,2.071740000000003,2.071740000000003,0.0,0.02517503579448905,0.02517503579448905,0.09006305376191101,0.0844867233997555,0.005576330362155508,0.02517503579448905,0.005023821588976511,0.0017088074716427883,0.0017088074716427883,0.0,0.9985042632835912,0.016875848641830477,0.015167041170187688,0.999950486704076,False
3.93675,1,239,240,2.077320000000003,2.0773200000000025,-4.440892098500626e-16,0.025872535794489088,0.025872535794489088,0.09006672339975558,0.08379289303760006,0.005708517862155507,0.025872535794489088,0.005023821588976511,0.0017284575689001757,0.0017284575689001757,0.0,0.9981436162176744,0.016979720021083666,0.01525126245218349,0.9999367371333352,False
3.954,1,240,241,2.0835300000000028,2.0835300000000023,-4.440892098500626e-16,0.026648785794489104,0.026648785794489104,0.09000289303759998,0.08351812517544446,0.006096642862155497,0.026648785794489104,0.005023821588976511,0.001746280071749043,0.001746280071749043,0.0,0.9982044160948774,0.017180183436365314,0.01543390336461627,0.9999391653471273,False
3.9722500000000003,1,241,242,2.0901000000000027,2.0901000000000027,0.0,0.027470035794489138,0.027470035794489138,0.09008812517544451,0.082782107313289,0.0053321919743111075,0.027470035794489138,0.005023821588976511,0.0017529509694676703,0.0017529509694676703,0.0,0.9983174130512266,0.01723337565901062,0.015480424689542948,0.9999435490241724,False
3.9925,1,242,243,2.0973900000000025,2.0973900000000025,0.0,0.028381285794489165,0.028381285794489165,0.09007210731328899,0.08224296445113348,0.005787816974311099,0.028381285794489165,0.005023821588976511,0.0017370677263683534,0.0017370677263683534,0.0,0.9981346457088736,0.017035316549819088,0.015298248823450735,0.9999364262448017,False
4.01425,1,243,244,2.1052200000000028,2.1052200000000028,0.0,0.029360035794489196,0.029360035794489196,0.0900729644511334,0.08126507158897793,0.005981879474311069,0.029360035794489196,0.005023821588976511,0.0017525259361447208,0.0017525259361447208,0.0,0.9982795991238446,0.01712257051711584,0.01537004458097112,0.9999420426075045,False
4.03875,1,244,245,2.1140400000000024,2.1140400000000024,0.0,0.030462535794489223,0.030462535794489223,0.09008507158897779,0.0817603796146667,0.0065331294743110275,0.030462535794489223,0.005023821588976511,0.0017778240805739662,0.0017778240805739662,0.0,0.9983572858282366,0.017155771721506882,0.015377947640932916,0.9999450148820553,False
4.06175,1,245,246,2.1223200000000024,2.1223200000000024,0.0,0.03149753579448926,0.01574876789724463,0.09004037961466671,0.08068068764035569,0.007568129474311065,0.01574876789724463,0.005023821588976511,0.0017872546680794516,0.0017872546680794516,0.0,0.9984628514833614,0.015325959414686119,0.013538704746606667,0.9999477911746433,False
4.08775,1,246,247,2.131680000000002,2.131680000000002,0.0,0.016918767897244662,0.016918767897244662,0.09004068764035526,0.08500365415319977,0.005037033487155488,0.016918767897244662,0.005023821588976511,0.0017127662492967353,0.0017127662492967353,0.0,0.9986694163583861,0.0168911724369821,0.015178406187685364,0.9999568613976599,False
4.10175,1,247,248,2.136720000000002,2.136720000000002,0.0,0.017548767897244695,0.017548767897244695,0.0900436541531997,0.0843766206660442,0.005352033487155472,0.017548767897244695,0.005023821588976511,0.001748908306597177,0.001748908306597177,0.0,0.9979440346858957,0.017172461656964746,0.01542355335036757,0.9999291595649502,False
4.1175,1,248,249,2.1423900000000016,2.1423900000000016,0.0,0.018257517897244707,0.018257517897244707,0.09004662066604398,0.08398583717888851,0.005314064737155454,0.018257517897244707,0.005023821588976511,0.001767853672523356,0.001767853672523356,0.0,0.998078311342478,0.017501050085554817,0.01573319641303146,0.9999344782817173,False
4.13425,1,249,250,2.1484200000000016,2.1484200000000016,0.0,0.019011267897244735,0.019011267897244735,0.09001583717888846,0.08320130369173298,0.00569093973715543,0.019011267897244735,0.005023821588976511,0.0017984538860193432,0.0017984538860193432,0.0,0.9980806969462347,0.01773506052706887,0.01593660664104953,0.9999346833605844,False
4.15325,1,250,251,2.155260000000002,2.155260000000002,0.0,0.01986626789724477,0.01986626789724477,0.09004130369173302,0.08311848895457753,0.005842814737155404,0.01986626789724477,0.005023821588976511,0.001815982725896966,0.001815982725896966,0.0,0.9982216407937409,0.01780622265549088,0.015990239929593916,0.9999401411403585,False
4.1725,1,251,252,2.1621900000000016,2.1621900000000016,0.0,0.02073251789724478,0.02073251789724478,0.09004848895457743,0.08225942421742195,0.006275939737155366,0.02073251789724478,0.005023821588976511,0.001826216696137694,0.001826216696137694,0.0,0.9982651487618667,0.017732287290387873,0.015906070594250178,0.9999417798189674,False
4.19425,1,252,253,2.170020000000002,2.170020000000002,0.0,0.021711267897244813,0.021711267897244813,0.09008942421742197,0.08169848448026658,0.007254689737155374,0.021711267897244813,0.005023821588976511,0.001816622069421806,0.001816622069421806,0.0,0.9983962439729838,0.01577657128388059,0.013959949214458783,0.999945615987275,False
4.2175,1,253,254,2.178390000000001,2.178390000000001,0.0,0.02275751789724485,0.02275751789724485,0.09006848448026625,0.0806312947431109,0.005950941974311169,0.02275751789724485,0.005023821588976511,0.0018442011616924454,0.0018442011616924454,0.0,0.9985996459713892,0.01794852744676513,0.016104326285072686,0.9999547279287067,False
4.24375,1,254,255,2.1878400000000013,2.1878400000000013,0.0,0.023938767897244896,0.023938767897244896,0.09008129474311063,0.08016598000595535,0.006541566974311132,0.023938767897244896,0.005023821588976511,0.0018405182549605052,0.0018405182549605052,0.0,0.9983686311361623,0.01773232939434982,0.01589181113938932,0.9999456651055786,False
4.27125,1,255,256,2.197740000000001,2.197740000000001,0.0,0.025176267897244975,0.025176267897244975,0.09006598000595539,0.08448957263737777,0.005576407368577611,0.025176267897244975,0.005023821588976511,0.0018476916713365198,0.0018476916713365198,0.0,0.9985050074632664,0.01825710656973692,0.0164094148984004,0.9999511696136153,False
4.2867500000000005,1,256,257,2.2033200000000006,2.2033200000000006,0.0,0.02587376789724497,0.02587376789724497,0.09006957263737733,0.08379566526879972,0.005708594868577577,0.02587376789724497,0.005023821588976511,0.0018591702778370878,0.0018591702778370878,0.0,0.9981442959418804,0.01828072197021062,0.016421551692373533,0.9999373897690658,False
4.304,1,257,258,2.20953,2.20953,0.0,0.026650017897244988,0.026650017897244988,0.09000566526879944,0.08352082040022187,0.006096719868577546,0.026650017897244988,0.005023821588976511,0.0018757203692305454,0.0018757203692305454,0.0,0.9982050854077953,0.018500047941550274,0.016624327572319728,0.9999398270845696,False
4.322,1,258,259,2.21601,2.2160100000000003,4.440892098500626e-16,0.02746001789724505,0.02746001789724505,0.09000082040022195,0.08270597553164434,0.005326720987155517,0.02746001789724505,0.005023821588976511,0.0018916047579918872,0.0018916047579918872,0.0,0.9983153701985183,0.018657840812436308,0.01676623605444442,0.9999441567031105,False
4.3425,1,259,260,2.2233899999999998,2.2233899999999998,0.0,0.02838251789724505,0.02838251789724505,0.09008597553164398,0.08225675566306642,0.005787970987155471,0.02838251789724505,0.005023821588976511,0.0018737874609708815,0.0018737874609708815,0.0,0.9981370634872444,0.018380355219437636,0.016506567758466754,0.9999371672944556,False
4.36425,1,260,261,2.23122,2.23122,0.0,0.029361267897245122,0.029361267897245122,0.09008675566306659,0.08127878579448905,0.005982033487155453,0.029361267897245122,0.005023821588976511,0.0018707291128258864,0.0018707291128258864,0.0,0.9982802289665089,0.018277452194165857,0.01640672308133997,0.9999426239970678,False
4.3885000000000005,1,261,262,2.2399499999999994,2.2399499999999994,0.0,0.030452517897245134,0.030452517897245134,0.09000878579448882,0.08168956480733332,0.006527658487155404,0.030452517897245134,0.005023821588976511,0.0019016288100740563,0.0019016288100740563,0.0,0.9983553095034745,0.01842660529596847,0.016524976485894415,0.9999455456943341,False
4.4117500000000005,1,262,263,2.2483199999999997,2.2483199999999997,0.0,0.03149876789724515,0.015749383948622575,0.09005956480733313,0.0806940938201777,0.007573908487155416,0.015749383948622575,0.005023821588976511,0.001893281558254371,0.001893281558254371,0.0,0.9984645537369982,0.016387847102784667,0.014494565544530295,0.9999483577484899,False
4.43775,1,263,264,2.257679999999999,2.257679999999999,0.0,0.016919383948622607,0.016919383948622607,0.09005409382017729,0.08501698332659963,0.0050371104935776735,0.016919383948622607,0.005023821588976511,0.0018257759229575374,0.0018257759229575374,0.0,0.9986708619949364,0.01798928399579934,0.016163508072841802,0.9999574390375456,False
4.45175,1,264,265,2.262719999999999,2.262719999999999,0.0,0.01754938394862264,0.01754938394862264,0.09005698332659955,0.08438987283302185,0.005352110493577658,0.01754938394862264,0.005023821588976511,0.0018593281848237556,0.0018593281848237556,0.0,0.9979446176194016,0.018266470133625118,0.016407141948801364,0.9999297088235948,False
4.4675,1,265,266,2.268389999999999,2.268389999999999,0.0,0.018258133948622652,0.018258133948622652,0.09005987283302164,0.08399901233944398,0.005314141743577625,0.018258133948622652,0.005023821588976511,0.0018623195476088626,0.0018623195476088626,0.0,0.9980788099302443,0.018432502932849093,0.01657018338524023,0.999934946202185,False
4.48425,1,266,267,2.2744199999999988,2.2744199999999983,-4.440892098500626e-16,0.01901188394862268,0.01901188394862268,0.09002901233944392,0.08321440184586626,0.0056910167435776015,0.01901188394862268,0.005023821588976511,0.001891276018911642,0.001891276018911642,0.0,0.9980811866207162,0.018671207593687254,0.016779931574775614,0.999935153506212,False
4.50325,1,267,268,2.2812599999999987,2.2812599999999987,0.0,0.019866883948622717,0.019866883948622717,0.09005440184586629,0.08313151010228864,0.00584570424357758,0.019866883948622717,0.005023821588976511,0.0019261807000410449,0.0019261807000410449,0.0,0.9982222126832154,0.018928611976631787,0.017002431276590742,0.9999407041512851,False
4.5225,1,268,269,2.288189999999999,2.2881899999999993,4.440892098500626e-16,0.020733133948622768,0.020733133948622768,0.09006151010228886,0.08227236835871117,0.006278829243577561,0.020733133948622768,0.005023821588976511,0.0019392133004037298,0.0019392133004037298,0.0,0.9982664630094336,0.01887914462048497,0.01693993132008124,0.9999423832360925,False
4.5440000000000005,1,269,270,2.295929999999999,2.295929999999999,0.0,0.021700633948622785,0.021700633948622785,0.09001236835871108,0.08163260161513347,0.007246329243577556,0.021700633948622785,0.005023821588976511,0.0019198816691724928,0.0019198816691724928,0.0,0.9983948983021885,0.01675349783137818,0.014833616162205687,0.9999460291565144,False
4.5672500000000005,1,270,271,2.3042999999999987,2.3042999999999987,0.0,0.02274688394862282,0.02274688394862282,0.09000260161513315,0.08057658487155561,0.005948283487155662,0.02274688394862282,0.005023821588976511,0.0019240921993411793,0.0019240921993411793,0.0,0.9985986204935969,0.018776858347291522,0.016852766147950345,0.9999550833466674,False
4.5935,1,271,272,2.313749999999998,2.3137499999999984,4.440892098500626e-16,0.02392813394862287,0.02392813394862287,0.09002658487155535,0.08011963062797786,0.006538908487155625,0.02392813394862287,0.005023821588976511,0.001941085614648612,0.001941085614648612,0.0,0.9983685179720726,0.018739553130352915,0.016798467515704303,0.9999461398261325,False
4.621,1,272,273,2.323649999999998,2.3236499999999984,4.440892098500626e-16,0.025165633948622906,0.025165633948622906,0.09001963062797758,0.0844474035061889,0.005572227121788692,0.025165633948622906,0.005023821588976511,0.0019431362040736608,0.0019431362040736608,0.0,0.9985049638818497,0.019197255923808318,0.017254119719734656,0.999951613376929,False
4.6365,1,273,274,2.329229999999998,2.329229999999998,0.0,0.025863133948622944,0.025863133948622944,0.09002740350618876,0.08375767638440006,0.005704414621788669,0.025863133948622944,0.005023821588976511,0.0019425993559675089,0.0019425993559675089,0.0,0.9981434715703356,0.019111925792436826,0.017169326436469318,0.9999377585701125,False
4.654,1,274,275,2.3355299999999977,2.3355299999999977,0.0,0.026650633948622975,0.026650633948622975,0.09005767638439986,0.08356576176261118,0.0060981646217886445,0.026650633948622975,0.005023821588976511,0.0019538471823195387,0.0019538471823195387,0.0,0.9982074413354174,0.019295651466096186,0.017341804283776647,0.9999403012112207,False
4.672,1,275,276,2.3420099999999975,2.3420099999999975,0.0,0.027460633948622994,0.027460633948622994,0.09004576176261095,0.08274384714082227,0.005331016743577751,0.027460633948622994,0.005023821588976511,0.0019658630740887247,0.0019658630740887247,0.0,0.998316095950052,0.01943253097398087,0.017466667899892145,0.9999445582170065,False
4.6922500000000005,1,276,277,2.3492999999999977,2.3492999999999977,0.0,0.02837188394862302,0.02837188394862302,0.09003384714082212,0.08221443251903346,0.005786641743577718,0.02837188394862302,0.005023821588976511,0.0019735879991399823,0.0019735879991399823,0.0,0.9981354768386516,0.019373749803584882,0.0174001618044449,0.9999375845812898,False
4.714,1,277,278,2.357129999999997,2.357129999999997,0.0,0.029350633948623053,0.029350633948623053,0.09004443251903334,0.08124626789724475,0.00598070424357768,0.029350633948623053,0.005023821588976511,0.0019580686108794988,0.0019580686108794988,0.0,0.998280326168757,0.019111579742781326,0.017153511131901826,0.9999430298963481,False
4.7385,1,278,279,2.365949999999998,2.365949999999998,0.0,0.03045313394862312,0.03045313394862312,0.09006626789724492,0.08174275115366716,0.006531954243577658,0.03045313394862312,0.005023821588976511,0.0019704480509664013,0.0019704480509664013,0.0,0.9983579676186443,0.019128855672012127,0.017158407621045726,0.9999459822752131,False
4.7615,1,279,280,2.374229999999997,2.374229999999997,0.0,0.03148813394862312,0.01574406697431156,0.09002275115366687,0.08066423441008919,0.007566954243577655,0.01574406697431156,0.005023821588976511,0.001953645435895673,0.001953645435895673,0.0,0.9984634319428788,0.01695086875673725,0.014997223320841578,0.9999485793007054,False
4.7875000000000005,1,280,281,2.383589999999997,2.383589999999997,0.0,0.01691406697431159,0.01691406697431159,0.09002423441008878,0.08498778853829997,0.005036445871788798,0.01691406697431159,0.005023821588976511,0.0019071298212721519,0.0019071298212721519,0.0,0.9986702005361179,0.018787081958554053,0.0168799521372819,0.9999577939050999,False
4.8015,1,281,282,2.388629999999997,2.388629999999997,0.0,0.017544066974311625,0.017544066974311625,0.0900277885382999,0.08436134266651109,0.0053514458717887825,0.017544066974311625,0.005023821588976511,0.001928728099983968,0.001928728099983968,0.0,0.9979447239718517,0.01895621749067894,0.017027489390694973,0.9999300451001403,False
4.8172500000000005,1,282,283,2.3942999999999968,2.3942999999999968,0.0,0.018252816974311636,0.018252816974311636,0.09003134266651086,0.08397114679472208,0.005313477121788759,0.018252816974311636,0.005023821588976511,0.0019271648977250535,0.0019271648977250535,0.0,0.9980789237659717,0.019060954933946203,0.01713379003622115,0.9999352531307051,False
4.8340000000000005,1,283,284,2.4003299999999967,2.4003299999999967,0.0,0.019006566974311665,0.019006566974311665,0.09000114679472203,0.08318720092293325,0.005690352121788735,0.019006566974311665,0.005023821588976511,0.0019477006635472498,0.0019477006635472498,0.0,0.9980812586314913,0.019222933626618692,0.017275232963071444,0.999935422353647,False
4.853,1,284,285,2.407169999999997,2.407169999999997,0.0,0.0198615669743117,0.0198615669743117,0.09002720092293329,0.08310497380114448,0.0058422271217887,0.0198615669743117,0.005023821588976511,0.0019883639887752326,0.0019883639887752326,0.0,0.9982223413298876,0.019575821621928016,0.017587457633152784,0.9999410215782712,False
4.87225,1,285,286,2.414099999999997,2.414099999999997,0.0,0.020727816974311752,0.020727816974311752,0.0900349738011447,0.08224649667935588,0.006275352121788681,0.020727816974311752,0.005023821588976511,0.002001570044485834,0.002001570044485834,0.0,0.998265868910639,0.01953250767896972,0.017530937634483885,0.999942675784817,False
4.894,1,286,287,2.421929999999997,2.421929999999997,0.0,0.021706566974311784,0.021706566974311784,0.09007649667935591,0.08168614455756718,0.0072541021217886895,0.021706566974311784,0.005023821588976511,0.00199529564789537,0.00199529564789537,0.0,0.9983970046345156,0.017483709264231498,0.015488413616336127,0.9999464574603915,False
4.91725,1,287,288,2.4302999999999964,2.4302999999999964,0.0,0.02275281697431182,0.02275281697431182,0.09005614455756682,0.08061954243577814,0.0059497667435779115,0.02275281697431182,0.005023821588976511,0.0019705956718328306,0.0019705956718328306,0.0,0.998600173552639,0.019228162330220525,0.017257566658387694,0.9999553580461923,False
4.9435,1,288,289,2.4397499999999965,2.439749999999996,-4.440892098500626e-16,0.023934066974311868,0.023934066974311868,0.09006954243577786,0.08015481531398927,0.006540391743577875,0.023934066974311868,0.005023821588976511,0.002002036088003128,0.002002036088003128,0.0,0.9983691607509197,0.019365389356702345,0.017363353268699217,0.9999464615456487,False
4.971,1,289,290,2.4496499999999957,2.4496499999999957,0.0,0.025171566974311905,0.025171566974311905,0.09005481531398898,0.08447870175309471,0.005576113560894259,0.025171566974311905,0.005023821588976511,0.0020054205515168664,0.0020054205515168664,0.0,0.99850555768742,0.01982361088600794,0.01781819033449107,0.9999519331470113,False
4.9865,1,290,291,2.4552299999999954,2.4552299999999954,0.0,0.0258690669743119,0.0258690669743119,0.09005870175309427,0.08378508819220004,0.005708301060894215,0.0258690669743119,0.005023821588976511,0.0020042895851941707,0.0020042895851941707,0.0,0.9981449378005929,0.019711841969105533,0.017707552383911362,0.9999381037907215,False
5.0040000000000004,1,291,292,2.4615299999999953,2.4615299999999953,0.0,0.026656566974311933,0.026656566974311933,0.09008508819219985,0.08358928713130562,0.0061020510608941906,0.026656566974311933,0.005023821588976511,0.0019998785503937103,0.0019998785503937103,0.0,0.9982087504944909,0.019757748468800955,0.017757869918407245,0.999940574442873,False
5.022,1,292,293,2.468009999999995,2.468009999999995,0.0,0.027466566974311993,0.027466566974311993,0.09006928713130571,0.08276348607041144,0.0053317583717888755,0.027466566974311993,0.005023821588976511,0.0020088146553474628,0.0020088146553474628,0.0,0.9983172633547476,0.019870356541188336,0.017861541885840874,0.9999448144786789,False
5.04225,1,293,294,2.4752999999999954,2.4752999999999954,0.0,0.02837781697431202,0.02837781697431202,0.09005348607041129,0.08223018500951705,0.005787383371788843,0.02837781697431202,0.005023821588976511,0.0020348329779863207,0.0020348329779863207,0.0,0.9981360049765193,0.020009481274209227,0.017974648296222907,0.9999379111464983,False
5.064,1,294,295,2.483129999999995,2.483129999999995,0.0,0.029356566974312052,0.029356566974312052,0.09006018500951692,0.08125813394862275,0.0059814458717888045,0.029356566974312052,0.005023821588976511,0.0020289538814715516,0.0020289538814715516,0.0,0.9982808700530112,0.01980615713040887,0.017777203248937317,0.9999433854136162,False
5.0885,1,295,296,2.4919499999999952,2.491949999999995,-4.440892098500626e-16,0.03045906697431208,0.03045906697431208,0.09007813394862262,0.08175387557683375,0.0065326958717887625,0.03045906697431208,0.005023821588976511,0.0020134019955798375,0.0020134019955798375,0.0,0.998358353938044,0.01954960829479692,0.01753620629921708,0.9999461972648218,False
5.1115,1,296,297,2.5002299999999944,2.500229999999995,4.440892098500626e-16,0.031494066974312084,0.015747033487156042,0.09003387557683346,0.0806746172050447,0.00756769587178876,0.015747033487156042,0.005023821588976511,0.0020130455059907916,0.0020130455059907916,0.0,0.9984638793929361,0.017494860502169224,0.015481814996178431,0.9999488545042067,False
5.1375,1,297,298,2.5095899999999944,2.5095899999999944,0.0,0.016917033487156116,0.016917033487156116,0.0900346172050446,0.08499780051915024,0.00503681668589436,0.016917033487156116,0.005023821588976511,0.0019591248472281128,0.0019591248472281128,0.0,0.9986705690378146,0.019339922554190384,0.01738079770696227,0.9999580700204378,False
5.1515,1,298,299,2.514629999999994,2.514629999999994,0.0,0.017547033487156107,0.017547033487156107,0.09003780051914985,0.0843709838332555,0.0053518166858943245,0.017547033487156107,0.005023821588976511,0.0019778479846281234,0.0019778479846281234,0.0,0.9979451052078359,0.019462681687468536,0.017484833702840413,0.999930303678706,False
5.16725,1,299,300,2.5202999999999944,2.5202999999999944,0.0,0.01825578348715616,0.01825578348715616,0.09004098383325562,0.08398041714736126,0.005313847935894321,0.01825578348715616,0.005023821588976511,0.0019792541084291872,0.0019792541084291872,0.0,0.9980793032647385,0.019564214744751632,0.017584960636322443,0.9999355098266196,False
5.184,1,300,301,2.526329999999994,2.526329999999994,0.0,0.01900953348715619,0.01900953348715619,0.0900104171473612,0.08319610046146683,0.0056907229358942974,0.01900953348715619,0.005023821588976511,0.00199315118454033,0.00199315118454033,0.0,0.9980816049299703,0.01965473803151413,0.0176615868469738,0.9999356436094808,False
5.203,1,301,302,2.533169999999994,2.533169999999994,0.0,0.019864533487156184,0.019864533487156184,0.09003610046146654,0.08311350252557223,0.0058425979358942524,0.019864533487156184,0.005023821588976511,0.002026445020505058,0.002026445020505058,0.0,0.9982226325974546,0.01997108220765606,0.017944637187151002,0.9999412237663519,False
5.22225,1,302,303,2.540099999999994,2.5400999999999936,-4.440892098500626e-16,0.020730783487156235,0.020730783487156235,0.09004350252557244,0.08225465458967811,0.006275722935894234,0.020730783487156235,0.005023821588976511,0.0020377762563245972,0.0020377762563245972,0.0,0.9982661448131992,0.01991227202533266,0.017874495769008063,0.9999428695329884,False
5.244,1,303,304,2.5479299999999943,2.547929999999994,-4.440892098500626e-16,0.021709533487156266,0.021709533487156266,0.09008465458967813,0.08169393165378386,0.007254472935894242,0.021709533487156266,0.005023821588976511,0.0020555674809258806,0.0020555674809258806,0.0,0.9983973868542244,0.018081940632730956,0.016026373151805075,0.9999467570908244,False
5.26725,1,304,305,2.556299999999994,2.556299999999994,0.0,0.022755783487156303,0.022755783487156303,0.09006393165378351,0.08062695871788932,0.005950508371789032,0.022755783487156303,0.005023821588976511,0.002015374684950995,0.002015374684950995,0.0,0.9986004609077593,0.019638726546395646,0.01762335186144465,0.9999555654722433,False
5.2935,1,305,306,2.5657499999999933,2.5657499999999933,0.0,0.02393703348715635,0.02393703348715635,0.09007695871788904,0.08016186078199489,0.006541133371788996,0.02393703348715635,0.005023821588976511,0.002037533334530573,0.002037533334530573,0.0,0.9983695061151928,0.019731330161795305,0.01769379682726473,0.9999466476912247,False
5.321,1,306,307,2.5756499999999933,2.5756499999999933,0.0,0.025174533487156387,0.025174533487156387,0.0900618607819946,0.08448556181404757,0.005576298967947035,0.025174533487156387,0.005023821588976511,0.0020495494440051325,0.0020495494440051325,0.0,0.9985059173545292,0.020282422976513684,0.01823287353250855,0.9999521637642296,False
5.3365,1,307,308,2.5812299999999935,2.5812299999999935,0.0,0.025872033487156425,0.025872033487156425,0.09006556181404744,0.08379176284610038,0.0057084864679470115,0.025872033487156425,0.005023821588976511,0.0020560600367617184,0.0020560600367617184,0.0,0.9981452526271668,0.020220587685426866,0.01816452764866515,0.999938360775643,False
5.35375,1,308,309,2.587439999999993,2.587439999999993,0.0,0.026648283487156442,0.026648283487156442,0.09000176284610009,0.08351702637815309,0.006096611467946981,0.026648283487156442,0.005023821588976511,0.002036798648991608,0.002036798648991608,0.0,0.9982058627296159,0.020106332184696353,0.018069533535704743,0.9999406315458609,False
5.372,1,309,310,2.594009999999993,2.594009999999993,0.0,0.027469533487156476,0.027469533487156476,0.09008702637815295,0.08278103991020594,0.005332129185894436,0.027469533487156476,0.005023821588976511,0.0020471506391858433,0.0020471506391858433,0.0,0.9983188771428126,0.020247236630833387,0.018200085991647543,0.9999450582212522,False
5.39225,1,310,311,2.601299999999993,2.601299999999993,0.0,0.028380783487156502,0.028380783487156502,0.09007103991020578,0.08224192844225878,0.005787754185894403,0.028380783487156502,0.005023821588976511,0.002074628407719588,0.002074628407719588,0.0,0.9981363143283039,0.020431294078820023,0.018356665671100433,0.9999381264126853,False
5.414,1,311,312,2.6091299999999924,2.6091299999999924,0.0,0.029359533487156534,0.029359533487156534,0.09007192844225864,0.08126406697431171,0.005981816685894365,0.029359533487156534,0.005023821588976511,0.0020833272772472597,0.0020833272772472597,0.0,0.9982812354793876,0.02036172551985249,0.018278398242605232,0.9999436671827178,False
5.4385,1,312,313,2.6179499999999924,2.6179499999999924,0.0,0.03046203348715656,0.03046203348715656,0.09008406697431158,0.08175943778841716,0.006533066685894323,0.03046203348715656,0.005023821588976511,0.002055433059301324,0.002055433059301324,0.0,0.998358650295971,0.019942542907316313,0.01788710984801499,0.999946396262523,False
5.4615,1,313,314,2.6262299999999925,2.6262299999999925,0.0,0.0314970334871566,0.0157485167435783,0.09003943778841718,0.08067980860252282,0.0075680666858943604,0.0157485167435783,0.005023821588976511,0.0020678878009819236,0.0020678878009819236,0.0,0.9984642278786763,0.018015474498058653,0.01594758669707673,0.9999491152607444,False
5.4875,1,314,315,2.635589999999992,2.635589999999992,0.0,0.016918516743578332,0.016918516743578332,0.0900398086025224,0.08500280650957526,0.00503700209294714,0.016918516743578332,0.005023821588976511,0.001989239141234371,0.001989239141234371,0.0,0.9986707714076299,0.019683702147239815,0.017694463006005443,0.9999582396549408,False
5.5015,1,315,316,2.640629999999992,2.640629999999992,0.0,0.017548516743578366,0.017548516743578366,0.09004280650957519,0.08437580441662804,0.005352002092947125,0.017548516743578366,0.005023821588976511,0.0020118837679152742,0.0020118837679152742,0.0,0.9979453430082531,0.019821955428404897,0.01781007166048962,0.9999304858998921,False
5.51725,1,316,317,2.646299999999992,2.646299999999992,0.0,0.018257266743578377,0.018257266743578377,0.0900458044166278,0.08398505232368068,0.005314033342947101,0.018257266743578377,0.005023821588976511,0.0020250003153543853,0.0020250003153543853,0.0,0.9980795913327771,0.020016682000237096,0.017991681684882712,0.9999357386245663,False
5.534,1,317,318,2.6523299999999916,2.6523299999999916,0.0,0.019011016743578406,0.019011016743578406,0.09001505232368062,0.0832005502307335,0.005690908342947078,0.019011016743578406,0.005023821588976511,0.0020374397804417852,0.0020374397804417852,0.0,0.9980818861045883,0.02007657106306366,0.018039131282621874,0.9999358573916108,False
5.553,1,318,319,2.6591699999999916,2.6591699999999916,0.0,0.019866016743578442,0.019866016743578442,0.09004055023073354,0.08311776688778641,0.0058427833429470525,0.019866016743578442,0.005023821588976511,0.0020555057871666596,0.0020555057871666596,0.0,0.9982228285310645,0.02026086074079287,0.01820535495362621,0.9999413711088043,False
5.57225,1,319,320,2.6660999999999913,2.6660999999999913,0.0,0.02073226674357845,0.02073226674357845,0.09004776688778629,0.08225873354483917,0.006275908342947014,0.02073226674357845,0.005023821588976511,0.002065312357381977,0.002065312357381977,0.0,0.99826633002452,0.020188548111792992,0.018123235754411014,0.9999430086200902,False
5.594,1,320,321,2.6739299999999915,2.6739299999999915,0.0,0.021711016743578483,0.021711016743578483,0.0900887335448392,0.08169782520189217,0.007254658342947022,0.021711016743578483,0.005023821588976511,0.0020993657276616607,0.0020993657276616607,0.0,0.9983976448572041,0.01853124728848736,0.0164318815608257,0.9999469804130784,False
5.61725,1,321,322,2.6822999999999912,2.6822999999999912,0.0,0.02275726674357852,0.02275726674357852,0.09006782520189181,0.08063066685894484,0.005950879185894586,0.02275726674357852,0.005023821588976511,0.002061674575539611,0.002061674575539611,0.0,0.9986007244856555,0.020063573177148936,0.018001898601609324,0.9999557792794651,False
5.6435,1,322,323,2.691749999999991,2.691749999999991,0.0,0.023938516743578567,0.023938516743578567,0.09008066685894456,0.08016538351599764,0.00654150418589455,0.023938516743578567,0.005023821588976511,0.0020664359718223103,0.0020664359718223103,0.0,0.9983697341404036,0.020017314701084477,0.017950878729262168,0.9999467915547545,False
5.671,1,323,324,2.701649999999991,2.701649999999991,0.0,0.025176016743578604,0.025176016743578604,0.09006538351599735,0.08448899184452394,0.005576391671473415,0.025176016743578604,0.005023821588976511,0.002081140818591975,0.002081140818591975,0.0,0.9985061431682571,0.02061212101817625,0.018530980199584275,0.9999523276641555,False
5.6865000000000006,1,324,325,2.7072299999999903,2.7072299999999903,0.0,0.025873516743578642,0.025873516743578642,0.0900689918445238,0.08379510017305036,0.0057085791714734015,0.025873516743578642,0.005023821588976511,0.002100777308192199,0.002100777308192199,0.0,0.9981455040365539,0.0206683729477146,0.0185675956395224,0.9999385859627895,False
5.70375,1,325,326,2.71343999999999,2.7134399999999905,4.440892098500626e-16,0.02664976674357866,0.02664976674357866,0.09000510017305008,0.08352027100157668,0.006096704171473371,0.02664976674357866,0.005023821588976511,0.002076963297100032,0.002076963297100032,0.0,0.9982060899524585,0.020487414899059378,0.018410451601959345,0.9999408237286381,False
5.72175,1,326,327,2.7199199999999903,2.7199199999999903,0.0,0.02745976674357872,0.02745976674357872,0.09000027100157677,0.08270544183010334,0.005326689592947226,0.02745976674357872,0.005023821588976511,0.0020777224829553183,0.0020777224829553183,0.0,0.9983162982896183,0.02052824393133648,0.018450521448381163,0.9999450946458374,False
5.74225,1,327,328,2.72729999999999,2.72729999999999,0.0,0.02838226674357872,0.02838226674357872,0.09008544183010297,0.08225623765862958,0.00578793959294718,0.02838226674357872,0.005023821588976511,0.0021061631551154737,0.0021061631551154737,0.0,0.998138213881212,0.020754822502592946,0.018648659347477472,0.999938355461147,False
5.764,1,328,329,2.73512999999999,2.73512999999999,0.0,0.029361016743578792,0.029361016743578792,0.09008623765862976,0.0812782834871564,0.005982002092947161,0.029361016743578792,0.005023821588976511,0.002121356571189445,0.002121356571189445,0.0,0.9982814713441556,0.02076353128123471,0.018642174710045267,0.9999438700511138,False
5.788250000000001,1,329,330,2.74385999999999,2.74385999999999,0.0,0.030452266743578805,0.030452266743578805,0.09000828348715616,0.08168909389420895,0.006527627092947113,0.030452266743578805,0.005023821588976511,0.0021035902444263106,0.0021035902444263106,0.0,0.9983563069164876,0.020398251000866327,0.018294660756440016,0.9999465243731928,False
5.8115000000000006,1,330,331,2.7522299999999897,2.7522299999999897,0.0,0.03149851674357882,0.01574925837178941,0.09005909389420877,0.08069365430126163,0.0075738770929471245,0.01574925837178941,0.005023821588976511,0.002113924251458922,0.002113924251458922,0.0,0.9984656418158174,0.01847225136378934,0.016358327112330418,0.9999493863755474,False
5.8375,1,331,332,2.7615899999999893,2.7615899999999893,0.0,0.016919258371789443,0.016919258371789443,0.09005365430126122,0.08501655950478768,0.005037094796473528,0.016919258371789443,0.005023821588976511,0.002003125045968581,0.002003125045968581,0.0,0.9986717262852779,0.01985678354459984,0.01785365849863126,0.9999583563879851,False
5.8515,1,332,333,2.766629999999989,2.766629999999989,0.0,0.017549258371789476,0.017549258371789476,0.09005655950478761,0.08438946470831407,0.005352094796473513,0.017549258371789476,0.005023821588976511,0.0020374361991382737,0.0020374361991382737,0.0,0.997945504597033,0.020090943580112444,0.018053507380974172,0.9999306217143844,False
5.86725,1,333,334,2.772299999999989,2.772299999999989,0.0,0.018258008371789487,0.018258008371789487,0.09005946470831384,0.08399861991184034,0.00531412604647348,0.018258008371789487,0.005023821588976511,0.002063413136236752,0.002063413136236752,0.0,0.9980798128392335,0.020405684266249446,0.018342271130012695,0.9999359344494586,False
5.884,1,334,335,2.778329999999989,2.778329999999989,0.0,0.019011758371789516,0.019011758371789516,0.09002861991184027,0.08321402511536677,0.005691001046473456,0.019011758371789516,0.005023821588976511,0.002079975501539744,0.002079975501539744,0.0,0.9980821285679079,0.020490787048380185,0.01841081154684044,0.9999360660230214,False
5.9030000000000005,1,335,336,2.785169999999989,2.785169999999989,0.0,0.019866758371789552,0.019866758371789552,0.09005402511536678,0.0831311490688933,0.005845688546473434,0.019866758371789552,0.005023821588976511,0.002082526181396464,0.002082526181396464,0.0,0.9982229893538686,0.02051758025427647,0.018435054072880003,0.9999415010237386,False
5.92225,1,336,337,2.792099999999989,2.7920999999999894,4.440892098500626e-16,0.020733008371789603,0.020733008371789603,0.09006114906889351,0.08227202302241997,0.006278813546473415,0.020733008371789603,0.005023821588976511,0.0020916086194737666,0.0020916086194737666,0.0,0.9982672163557915,0.02043799116910347,0.018346382549629704,0.9999431620368444,False
5.9437500000000005,1,337,338,2.799839999999989,2.799839999999989,0.0,0.02170050837178962,0.02170050837178962,0.09001202302241987,0.08163227197594643,0.00724631354647341,0.02170050837178962,0.005023821588976511,0.0021282505726063572,0.0021282505726063572,0.0,0.9983959291441287,0.018841028822557865,0.01671277824995151,0.9999470612043587,False
5.9670000000000005,1,338,339,2.8082099999999888,2.8082099999999888,0.0,0.022746758371789657,0.022746758371789657,0.09000227197594608,0.0805762709294727,0.0059482520929473705,0.022746758371789657,0.005023821588976511,0.0021149043299443647,0.0021149043299443647,0.0,0.9985995712406085,0.020582150940699928,0.018467246610755564,0.9999559835487293,False
5.99325,1,339,340,2.8176599999999885,2.8176599999999885,0.0,0.023928008371789704,0.023928008371789704,0.09002627092947242,0.0801193323829991,0.006538877092947334,0.023928008371789704,0.005023821588976511,0.002096479947352842,0.002096479947352842,0.0,0.9983692782963957,0.02030410671877675,0.01820762677142391,0.9999469099915825,False
6.0207500000000005,1,340,341,2.8275599999999885,2.8275599999999885,0.0,0.02516550837178974,0.02516550837178974,0.09001933238299882,0.0844471131097622,0.005572219273236619,0.02516550837178974,0.005023821588976511,0.0021075580788026366,0.0021075580788026366,0.0,0.9985057637126682,0.020878207958836437,0.0187706498800338,0.9999524379738288,False
6.03625,1,341,342,2.8331399999999882,2.8331399999999882,0.0,0.02586300837178978,0.02586300837178978,0.09002711310976208,0.08375739383652543,0.005704406773236596,0.02586300837178978,0.005023821588976511,0.0021388585966394657,0.0021388585966394657,0.0,0.9981444532357728,0.0210537506436983,0.01891489204705883,0.9999387310692051,False
6.05375,1,342,343,2.839439999999988,2.839439999999988,0.0,0.02665050837178981,0.02665050837178981,0.09005739383652524,0.08356548706328863,0.0060981567732365715,0.02665050837178981,0.005023821588976511,0.002114568289848383,0.002114568289848383,0.0,0.9982082450590829,0.02085438076796757,0.018739812478119188,0.9999410831653152,False
6.07175,1,343,344,2.845919999999988,2.8459199999999876,-4.440892098500626e-16,0.02746050837178983,0.02746050837178983,0.0900454870632884,0.08274358029005179,0.005331001046473605,0.02746050837178983,0.005023821588976511,0.0021133586043044126,0.0021133586043044126,0.0,0.9983168335453494,0.020863569904621806,0.018750211300317395,0.9999452765209528,False
6.0920000000000005,1,344,345,2.8532099999999874,2.8532099999999874,0.0,0.028371758371789856,0.028371758371789856,0.09003358029005165,0.08221417351681506,0.005786626046473572,0.028371758371789856,0.005023821588976511,0.0021255451468388466,0.0021255451468388466,0.0,0.9981362290925131,0.020954285497164188,0.01882874035032534,0.9999383755026646,False
6.1137500000000005,1,345,346,2.8610399999999876,2.8610399999999876,0.0,0.029350508371789888,0.029350508371789888,0.09004417351681493,0.08124601674357843,0.0059806885464735345,0.029350508371789888,0.005023821588976511,0.0021475793268579168,0.0021475793268579168,0.0,0.9982812650403123,0.021044887991220868,0.01889730866436295,0.9999439965695632,False
6.13825,1,346,347,2.8698599999999876,2.8698599999999876,0.0,0.030453008371789957,0.030453008371789957,0.09006601674357861,0.08174251569710499,0.006531938546473512,0.030453008371789957,0.005023821588976511,0.002143819786305243,0.002143819786305243,0.0,0.998358827595517,0.02079767604512521,0.01865385625881997,0.9999468122068589,False
6.16125,1,347,348,2.8781399999999873,2.8781399999999873,0.0,0.03148800837178995,0.015744004185894975,0.09002251569710468,0.08066401465063114,0.00756693854647351,0.015744004185894975,0.005023821588976511,0.002158514538029501,0.002158514538029501,0.0,0.9984644448169715,0.01893638625602967,0.01677787171800017,0.9999495611478932,False
6.18725,1,348,349,2.887499999999987,2.887499999999987,0.0,0.016914004185895008,0.016914004185895008,0.09002401465063073,0.08498757662739401,0.005036438023236725,0.016914004185895008,0.005023821588976511,0.002009488640085018,0.002009488640085018,0.0,0.9986706922307327,0.019932321092308053,0.017922832452223036,0.9999583501167726,False
6.20125,1,349,350,2.892539999999987,2.892539999999987,0.0,0.01754400418589504,0.01754400418589504,0.09002757662739393,0.08436113860415718,0.0053514380232367095,0.01754400418589504,0.005023821588976511,0.0020599727201729206,0.0020599727201729206,0.0,0.9979453779522742,0.02032211027607618,0.01826213755590326,0.9999307282146718,False
6.2170000000000005,1,350,351,2.8982099999999864,2.8982099999999864,0.0,0.018252754185895052,0.018252754185895052,0.09003113860415696,0.08397095058092026,0.005313469273236686,0.018252754185895052,0.005023821588976511,0.0020951005680970676,0.0020951005680970676,0.0,0.9980797617394325,0.020730932348685643,0.018635831780588575,0.9999360892674818,False
6.233750000000001,1,351,352,2.904239999999987,2.904239999999987,0.0,0.01900650418589508,0.01900650418589508,0.0900009505809202,0.08318701255768349,0.005690344273236662,0.01900650418589508,0.005023821588976511,0.0021184934492297575,0.0021184934492297575,0.0,0.9980821121329564,0.020875088528608865,0.01875659507937911,0.9999362505274595,False
6.25275,1,352,353,2.911079999999987,2.9110799999999863,-4.440892098500626e-16,0.019861504185895117,0.019861504185895117,0.09002701255768351,0.08310479328444681,0.005842219273236627,0.019861504185895117,0.005023821588976511,0.0021114475463211656,0.0021114475463211656,0.0,0.9982229550232901,0.02078656468158603,0.018675117135264867,0.9999416293014428,False
6.272,1,353,354,2.9180099999999864,2.9180099999999864,0.0,0.02072775418589517,0.02072775418589517,0.09003479328444702,0.08224632401121028,0.006275344273236608,0.02072775418589517,0.005023821588976511,0.0021199669903758,0.0021199669903758,0.0,0.9982664567503556,0.020701264852982043,0.018581297862606243,0.9999432589515034,False
6.29375,1,354,355,2.9258399999999867,2.9258399999999867,0.0,0.0217065041858952,0.0217065041858952,0.0900763240112103,0.08168597973797363,0.0072540942732366165,0.0217065041858952,0.005023821588976511,0.0021530592828742337,0.0021530592828742337,0.0,0.9983977837843203,0.01909180110968499,0.016938741826810755,0.9999472505541139,False
6.317,1,355,356,2.9342099999999864,2.9342099999999864,0.0,0.022752754185895237,0.022752754185895237,0.0900559797379733,0.08061938546473668,0.0059497510464737655,0.022752754185895237,0.005023821588976511,0.002159257713658212,0.002159257713658212,0.0,0.9986011145844218,0.021027699700699065,0.01886844198704085,0.9999562563164505,False
6.34325,1,356,357,2.9436599999999857,2.9436599999999857,0.0,0.023934004185895242,0.023934004185895242,0.09006938546473608,0.0801546661914996,0.006540376046473709,0.023934004185895242,0.005023821588976511,0.002129182004073911,0.002129182004073911,0.0,0.9983697861256862,0.020614271417497165,0.018485089413423254,0.9999470771691245,False
6.37075,1,357,358,2.9535599999999858,2.9535599999999858,0.0,0.02517150418589532,0.02517150418589532,0.09005466619149964,0.08447855655488141,0.005576109636618223,0.02517150418589532,0.005023821588976511,0.0021333846670231367,0.0021333846670231367,0.0,0.9985061807375052,0.021129237179586105,0.01899585251256297,0.9999525724150007,False
6.38625,1,358,359,2.9591399999999854,2.9591399999999854,0.0,0.025869004185895317,0.025869004185895317,0.09005855655488096,0.08378494691826277,0.005708297136618179,0.025869004185895317,0.005023821588976511,0.002172479641040144,0.002172479641040144,0.0,0.9981457785513508,0.021395918042501315,0.019223438401461172,0.9999389467045282,False
6.4037500000000005,1,359,360,2.9654399999999854,2.9654399999999854,0.0,0.02665650418589535,0.02665650418589535,0.09008494691826258,0.08358914978164438,0.0061020471366181545,0.02665650418589535,0.005023821588976511,0.002152356319575134,0.002152356319575134,0.0,0.9982095135364543,0.021222884414901576,0.01907052809532644,0.9999413092735915,False
6.42175,1,360,361,2.971919999999985,2.971919999999985,0.0,0.027466504185895368,0.027466504185895368,0.09006914978164415,0.08276335264502596,0.005331750523236783,0.027466504185895368,0.005023821588976511,0.002150141622277265,0.002150141622277265,0.0,0.9983179711280894,0.021215154044858395,0.01906501242258113,0.9999454894148226,False
6.442,1,361,362,2.979209999999985,2.979209999999985,0.0,0.028377754185895436,0.028377754185895436,0.09005335264502613,0.08223005550840794,0.00578737552323677,0.028377754185895436,0.005023821588976511,0.0021473760485822765,0.0021473760485822765,0.0,0.9981365633850647,0.021163670570978753,0.019016294522396476,0.9999384893278314,False
6.46375,1,362,363,2.987039999999985,2.987039999999985,0.0,0.029356504185895468,0.029356504185895468,0.09006005550840779,0.08125800837178966,0.005981438023236742,0.029356504185895468,0.005023821588976511,0.002167874899374729,0.002167874899374729,0.0,0.9982815571413147,0.021258943838693964,0.019091068939319236,0.99994411007436,False
6.48825,1,363,364,2.995859999999985,2.995859999999985,0.0,0.030459004185895495,0.030459004185895495,0.09007800837178953,0.08175375784855274,0.0065326880232367,0.030459004185895495,0.005023821588976511,0.0021811904299162454,0.0021811904299162454,0.0,0.9983591876671193,0.021178574576362116,0.018997384146445872,0.9999470081224517,False
6.51125,1,364,365,3.0041399999999845,3.0041399999999845,0.0,0.0314940041858955,0.01574700209294775,0.09003375784855243,0.08067450732531573,0.007567688023236698,0.01574700209294775,0.005023821588976511,0.0021888331362608193,0.0021888331362608193,0.0,0.9984647464289166,0.01926111156983963,0.01707227843357881,0.9999497256449584,False
6.53725,1,365,366,3.0134999999999845,3.0134999999999845,0.0,0.016917002092947823,0.016917002092947823,0.09003450732531562,0.0849976945636973,0.005036812761618324,0.016917002092947823,0.005023821588976511,0.002016534139368382,0.002016534139368382,0.0,0.9986708409560175,0.01999033219950226,0.01797379806013388,0.9999583819502609,False
6.5512500000000005,1,366,367,3.018539999999984,3.018539999999984,0.0,0.017547002092947815,0.017547002092947815,0.09003769456369691,0.0843708818020786,0.0053518127616182885,0.017547002092947815,0.005023821588976511,0.00208316147645573,0.00208316147645573,0.0,0.9979456304508525,0.02055640805670815,0.01847324658025242,0.9999308507626902,False
6.567,1,367,368,3.024209999999984,3.024209999999984,0.0,0.018255752092947868,0.018255752092947868,0.0900408818020787,0.08398031904046038,0.00531384401161829,0.018255752092947868,0.005023821588976511,0.0021221739801412483,0.0021221739801412483,0.0,0.9980800162107927,0.021011478444695975,0.018889304464554727,0.9999362342617379,False
6.58375,1,368,369,3.030239999999984,3.030239999999984,0.0,0.019009502092947897,0.019009502092947897,0.09001031904046033,0.083196006278842,0.005690719011618267,0.019009502092947897,0.005023821588976511,0.0021517876983188364,0.0021517876983188364,0.0,0.9980823972676476,0.021214971995538096,0.01906318429721926,0.9999364253255479,False
6.60275,1,369,370,3.037079999999984,3.037079999999984,0.0,0.01986450209294789,0.01986450209294789,0.0900360062788417,0.08311341226722344,0.005842594011618221,0.01986450209294789,0.005023821588976511,0.0021432331576200577,0.0021432331576200577,0.0,0.9982232167712461,0.021085171396749473,0.018941938239129416,0.9999417830653703,False
6.622,1,370,371,3.044009999999984,3.044009999999984,0.0,0.020730752092947943,0.020730752092947943,0.09004341226722365,0.08225456825560533,0.006275719011618202,0.020730752092947943,0.005023821588976511,0.0021511579112179924,0.0021511579112179924,0.0,0.9982667105183544,0.02099196858080249,0.0188408106695845,0.9999434082323708,False
6.64375,1,371,372,3.0518399999999843,3.0518399999999843,0.0,0.021709502092947974,0.021709502092947974,0.09008456825560535,0.08169384924398712,0.00725446901161821,0.021709502092947974,0.005023821588976511,0.002171648952888911,0.002171648952888911,0.0,0.9983979587810164,0.01927760388005749,0.017105954927168578,0.9999473445190276,False
6.667,1,372,373,3.0602099999999837,3.0602099999999837,0.0,0.02275575209294801,0.02275575209294801,0.09006384924398678,0.08062688023236861,0.005950500523236959,0.02275575209294801,0.005023821588976511,0.0021972021617849193,0.0021972021617849193,0.0,0.9986013661962178,0.021420807931830946,0.019223605770046025,0.9999564540940865,False
6.69325,1,373,374,3.0696599999999834,3.0696599999999834,0.0,0.023937002092948058,0.023937002092948058,0.09007688023236834,0.08016178622075021,0.006541125523236923,0.023937002092948058,0.005023821588976511,0.0021664924008764452,0.0021664924008764452,0.0,0.9983701439529388,0.020976568810221502,0.018810076409345056,0.999947263726516,False
6.72075,1,374,375,3.079559999999983,3.079559999999983,0.0,0.025174502092948095,0.025174502092948095,0.09006178622074992,0.0844854892149409,0.005576297005809019,0.025174502092948095,0.005023821588976511,0.002164101849876555,0.002164101849876555,0.0,0.9985064773426526,0.021425049700424748,0.01926094785054819,0.9999527239305236,False
6.73625,1,375,376,3.085139999999983,3.085139999999983,0.0,0.025872002092948133,0.025872002092948133,0.09006548921494077,0.08379169220913174,0.005708484505808995,0.025872002092948133,0.005023821588976511,0.002206287631600893,0.002206287631600893,0.0,0.9981460030113525,0.021741478681709496,0.0195351910501086,0.9999391216129843,False
6.7535,1,376,377,3.091349999999983,3.091349999999983,0.0,0.02664825209294815,0.02664825209294815,0.09000169220913144,0.08351695770332244,0.006096609505808964,0.02664825209294815,0.005023821588976511,0.002192398925593274,0.002192398925593274,0.0,0.9982066407402651,0.021619857123834803,0.01942745819824153,0.9999413900687751,False
6.77175,1,377,378,3.0979199999999825,3.0979199999999825,0.0,0.027469502092948184,0.027469502092948184,0.09008695770332233,0.08278097319751332,0.005332125261618399,0.027469502092948184,0.005023821588976511,0.0021841073611551316,0.0021841073611551316,0.0,0.9983195630646902,0.021549189374122882,0.01936508201296775,0.9999457114239247,False
6.792,1,378,379,3.1052099999999827,3.1052099999999827,0.0,0.02838075209294821,0.02838075209294821,0.09007097319751317,0.08224186369170418,0.005787750261618366,0.02838075209294821,0.005023821588976511,0.002171490344593134,0.002171490344593134,0.0,0.9981367967147347,0.021387688983124882,0.01921619863853175,0.9999386062368595,False
6.81375,1,379,380,3.113039999999982,3.1130399999999825,4.440892098500626e-16,0.029359502092948242,0.029359502092948242,0.09007186369170403,0.08126400418589512,0.005981812761618329,0.029359502092948242,0.005023821588976511,0.0021857900081671414,0.0021857900081671414,0.0,0.9982817418848648,0.021439851391291107,0.019254061383123966,0.999944203589392,False
6.83825,1,380,381,3.121859999999982,3.121859999999982,0.0,0.03046200209294827,0.03046200209294827,0.09008400418589499,0.08175937892427662,0.006533062761618287,0.03046200209294827,0.005023821588976511,0.0022115406995741323,0.0022115406995741323,0.0,0.9983594249702167,0.02149580102737754,0.019284260327803407,0.9999471685785406,False
6.86125,1,381,382,3.130139999999982,3.130139999999982,0.0,0.031497002092948305,0.015748501046474152,0.09003937892427663,0.0806797536626583,0.007568062761618324,0.015748501046474152,0.005023821588976511,0.0022072961432165576,0.0022072961432165576,0.0,0.9984649126879577,0.019459984271121167,0.01725268812790461,0.9999498247100627,False
6.88725,1,382,383,3.1394999999999817,3.1394999999999817,0.0,0.016918501046474185,0.016918501046474185,0.09003975366265787,0.08500275353184876,0.005037000130809121,0.016918501046474185,0.005023821588976511,0.002029265601477276,0.002029265601477276,0.0,0.9986709615538546,0.020092011368707308,0.01806274576723003,0.9999584342910123,False
6.90125,1,383,384,3.144539999999982,3.1445399999999815,-4.440892098500626e-16,0.017548501046474218,0.017548501046474218,0.0900427535318487,0.08437575340103956,0.005352000130809106,0.017548501046474218,0.005023821588976511,0.0021070259896961902,0.0021070259896961902,0.0,0.9979458179111044,0.020798682216350617,0.018691656226654425,0.9999309746442017,False
6.917,1,384,385,3.1502099999999817,3.1502099999999813,-4.440892098500626e-16,0.01825725104647423,0.01825725104647423,0.09004575340103933,0.08398500327023023,0.005314031380809083,0.01825725104647423,0.005023821588976511,0.0021476590060867692,0.0021476590060867692,0.0,0.9980802029970707,0.021277048114042185,0.019129389107955416,0.9999363693981641,False
6.93375,1,385,386,3.1562399999999813,3.1562399999999813,0.0,0.019011001046474258,0.019011001046474258,0.09001500327023018,0.08320050313942107,0.0056909063808090595,0.019011001046474258,0.005023821588976511,0.0021830738120640287,0.0021830738120640287,0.0,0.9980826126799641,0.021537742776369273,0.019354668964305245,0.9999365892575344,False
6.95275,1,386,387,3.1630799999999812,3.1630799999999812,0.0,0.019866001046474294,0.019866001046474294,0.0900405031394211,0.08311772175861198,0.0058427813808090345,0.019866001046474294,0.005023821588976511,0.0021789539028401173,0.0021789539028401173,0.0,0.9982234466203999,0.02142944368754752,0.019250489784707402,0.9999419575629126,False
6.972,1,387,388,3.170009999999981,3.170009999999981,0.0,0.020732251046474304,0.020732251046474304,0.09004772175861187,0.08225869037780278,0.006275906380808996,0.020732251046474304,0.005023821588976511,0.0021853165484758924,0.0021853165484758924,0.0,0.9982669301086675,0.021317028604631263,0.01913171205615537,0.999943572748142,False
6.99375,1,388,389,3.177839999999981,3.177839999999981,0.0,0.021711001046474335,0.021711001046474335,0.0900886903778028,0.08169778399699378,0.007254656380809004,0.021711001046474335,0.005023821588976511,0.0021886062559626773,0.0021886062559626773,0.0,0.9983980843210815,0.019438659998261165,0.017250053742298488,0.9999474248863542,False
7.017,1,389,390,3.186209999999981,3.186209999999981,0.0,0.022757251046474372,0.022757251046474372,0.09006778399699342,0.08063062761618446,0.005950875261618549,0.022757251046474372,0.005023821588976511,0.0022278204758534354,0.0022278204758534354,0.0,0.998601549170701,0.02174634769219254,0.019518527216339104,0.9999566166921532,False
7.0432500000000005,1,390,391,3.1956599999999806,3.1956599999999806,0.0,0.02393850104647442,0.02393850104647442,0.09008062761618418,0.0801653462353753,0.006541500261618513,0.02393850104647442,0.005023821588976511,0.0021999067164629065,0.0021999067164629065,0.0,0.9983703955936274,0.021308467225507888,0.01910856050904498,0.9999474314429957,False
7.07075,1,391,392,3.20555999999998,3.20555999999998,0.0,0.025176001046474456,0.025176001046474456,0.09006534623537502,0.0844889555449706,0.005576390690404406,0.025176001046474456,0.005023821588976511,0.002193830505225167,0.002193830505225167,0.0,0.9985066966416777,0.021711098037835254,0.019517267532610086,0.9999528679956491,False
7.08625,1,392,393,3.21113999999998,3.21113999999998,0.0,0.025873501046474495,0.025873501046474495,0.09006895554497046,0.08379506485456605,0.0057085781904043925,0.025873501046474495,0.005023821588976511,0.002233413098544057,0.002233413098544057,0.0,0.9981461662417535,0.0220224713998251,0.01978905830128104,0.9999392631252655,False
7.1035,1,393,394,3.2173499999999797,3.2173499999999797,0.0,0.02664975104647451,0.02664975104647451,0.09000506485456575,0.08352023666416136,0.006096703190404362,0.02664975104647451,0.005023821588976511,0.002226613265011802,0.002226613265011802,0.0,0.9982068374704722,0.021967292809066293,0.01974067954405449,0.9999415649884752,False
7.1215,1,394,395,3.22382999999998,3.22382999999998,0.0,0.02745975104647457,0.02745975104647457,0.09000023666416146,0.08270540847375703,0.005326687630809208,0.02745975104647457,0.005023821588976511,0.002226032224986943,0.002226032224986943,0.0,0.9983170399376248,0.021963322976942756,0.019737290751955815,0.9999458140319594,False
7.142,1,395,396,3.2312099999999795,3.2312099999999795,0.0,0.02838225104647457,0.02838225104647457,0.09008540847375665,0.08225620528335227,0.005787937630809162,0.02838225104647457,0.005023821588976511,0.0022014749183632467,0.0022014749183632467,0.0,0.9981386896379267,0.021674682173037745,0.019473207254674496,0.999938817221365,False
7.16375,1,396,397,3.2390399999999797,3.2390399999999797,0.0,0.029361001046474645,0.029361001046474645,0.09008620528335246,0.08127825209294812,0.005982000130809143,0.029361001046474645,0.005023821588976511,0.002205071274095942,0.002205071274095942,0.0,0.9982818858137206,0.021625592512388714,0.01942052123829277,0.9999442979353068,False
7.188,1,397,398,3.2477699999999796,3.2477699999999796,0.0,0.030452251046474657,0.030452251046474657,0.09000825209294785,0.08168906446213868,0.006527625130809095,0.030452251046474657,0.005023821588976511,0.0022342691141823664,0.0022342691141823664,0.0,0.9983569532167271,0.021742538537145417,0.01950826942296305,0.999947190708014,False
7.21125,1,398,399,3.256139999999979,3.256139999999979,0.0,0.03149850104647467,0.015749250523237335,0.09005906446213849,0.08069362683132937,0.0075738751308091065,0.015749250523237335,0.005023821588976511,0.0022244438066653664,0.0022244438066653664,0.0,0.9984661828565093,0.01963328486706327,0.017408841060397903,0.9999499541619684,False
7.23725,1,399,400,3.265499999999979,3.265499999999979,0.0,0.016919250523237367,0.016919250523237367,0.09005362683132895,0.08501653301592443,0.005037093815404519,0.016919250523237367,0.005023821588976511,0.0020482628903266964,0.0020482628903266964,0.0,0.9986719469512265,0.02024187767115082,0.018193614780824124,0.9999585435946738,False
7.25125,1,400,401,3.2705399999999787,3.2705399999999787,0.0,0.0175492505232374,0.0175492505232374,0.09005653301592437,0.08438943920051983,0.005352093815404504,0.0175492505232374,0.005023821588976511,0.0021270349182459024,0.0021270349182459024,0.0,0.9979459519246929,0.02100436690077491,0.018877331982529007,0.9999310788907286,False
7.267,1,401,402,3.2762099999999785,3.2762099999999785,0.0,0.01825800052323741,0.01825800052323741,0.0900594392005196,0.0839985953851151,0.005314125065404471,0.01825800052323741,0.005023821588976511,0.002166597647200916,0.002166597647200916,0.0,0.9980803272800344,0.02147803753851743,0.019311439891316513,0.9999364710210258,False
7.28375,1,402,403,3.2822399999999785,3.2822399999999785,0.0,0.01901175052323744,0.01901175052323744,0.09002859538511504,0.08321400156971054,0.005691000065404447,0.01901175052323744,0.005023821588976511,0.002206310048602456,0.002206310048602456,0.0,0.998082758250554,0.021780455997331395,0.01957414594872894,0.9999367119187375,False
7.3027500000000005,1,403,404,3.2890799999999785,3.2890799999999785,0.0,0.019866750523237477,0.019866750523237477,0.09005400156971057,0.08313112650430607,0.005845687565404425,0.019866750523237477,0.005023821588976511,0.0022135447022034434,0.0022135447022034434,0.0,0.9982236448649804,0.02177179142007428,0.019558246717870837,0.9999421299527832,False
7.322,1,404,405,3.2960099999999786,3.2960099999999786,0.0,0.020733000523237528,0.020733000523237528,0.09006112650430628,0.08227200143890176,0.006278812565404406,0.020733000523237528,0.005023821588976511,0.002222619406002354,0.002222619406002354,0.0,0.9982678713297297,0.021681956389469945,0.01945933698346759,0.999943784107634,False
7.343500000000001,1,405,406,3.3037499999999786,3.3037499999999786,0.0,0.021700500523237545,0.021700500523237545,0.09001200143890167,0.08163225137349722,0.007246312565404401,0.021700500523237545,0.005023821588976511,0.0022087520037761712,0.0022087520037761712,0.0,0.9983963274300853,0.01961688473142402,0.017408132727647848,0.9999474419474236,False
7.366750000000001,1,406,407,3.3121199999999784,3.3121199999999784,0.0,0.02274675052323758,0.02274675052323758,0.09000225137349689,0.08057625130809251,0.005948250130809352,0.02274675052323758,0.005023821588976511,0.0022548454934104914,0.0022548454934104914,0.0,0.9986002635750835,0.022038656515139532,0.01978381102172904,0.999956706520377,False
7.393,1,407,408,3.321569999999978,3.321569999999978,0.0,0.023928000523237628,0.023928000523237628,0.09002625130809225,0.08011931374268792,0.006538875130809315,0.023928000523237628,0.005023821588976511,0.002230449107853165,0.002230449107853165,0.0,0.9983699417729713,0.02161883006492793,0.019388380957074763,0.9999475614085823,False
7.4205000000000005,1,408,409,3.3314699999999777,3.3314699999999777,0.0,0.025165500523237665,0.025165500523237665,0.09001931374268765,0.08444709495998554,0.005572218782702114,0.025165500523237665,0.005023821588976511,0.0022243049736107236,0.0022243049736107236,0.0,0.998506338685309,0.022010173011292086,0.019785868037681363,0.9999529957529604,False
7.436,1,409,410,3.3370499999999774,3.3370499999999774,0.0,0.025863000523237704,0.025863000523237704,0.0900270949599854,0.08375737617728327,0.005704406282702091,0.025863000523237704,0.005023821588976511,0.0022565688766143107,0.0022565688766143107,0.0,0.998145040634411,0.022266286323770097,0.020009717447155788,0.9999393372294468,False
7.4535,1,410,411,3.3433499999999774,3.3433499999999774,0.0,0.026650500523237735,0.026650500523237735,0.09005737617728307,0.08356546989458097,0.006098156282702067,0.026650500523237735,0.005023821588976511,0.0022526798913258123,0.0022526798913258123,0.0,0.9982089345782648,0.022232917423357257,0.019980237532031445,0.9999417735417053,False
7.4715,1,411,412,3.349829999999977,3.349829999999977,0.0,0.027460500523237754,0.027460500523237754,0.09004546989458073,0.08274356361187862,0.005331000065404596,0.027460500523237754,0.005023821588976511,0.0022577295388081153,0.0022577295388081153,0.0,0.9983175544588097,0.02228504970767249,0.020027320168864375,0.9999459888799077,False
7.491750000000001,1,412,413,3.357119999999977,3.3571199999999775,4.440892098500626e-16,0.02837175052323778,0.02837175052323778,0.09003356361187848,0.08221415732917642,0.005786625065404563,0.02837175052323778,0.005023821588976511,0.0022333912211325627,0.0022333912211325627,0.0,0.9981367686728105,0.021969721479140135,0.019736330258007573,0.9999388853209843,False
7.5135000000000005,1,413,414,3.3649499999999772,3.3649499999999772,0.0,0.029350500523237812,0.029350500523237812,0.09004415732917628,0.08124600104647427,0.005980687565404525,0.029350500523237812,0.005023821588976511,0.002228475389377626,0.002228475389377626,0.0,0.9982816670183179,0.021845346894385276,0.01961687150500765,0.9999443947261998,False
7.538,1,414,415,3.3737699999999773,3.3737699999999773,0.0,0.03045300052323788,0.03045300052323788,0.09006600104647444,0.08174250098106983,0.0065319375654045025,0.03045300052323788,0.005023821588976511,0.0022578647357911325,0.0022578647357911325,0.0,0.9983593908893026,0.02198403999723593,0.0197261752614448,0.9999473994576447,False
7.561,1,415,416,3.382049999999977,3.382049999999977,0.0,0.03148800052323788,0.01574400026161894,0.09002250098106954,0.08066400091566502,0.0075669375654045,0.01574400026161894,0.005023821588976511,0.0022363742405285903,0.0022363742405285903,0.0,0.9984648240814183,0.019752248601991,0.01751587436146241,0.9999499572069673,False
7.587,1,416,417,3.3914099999999765,3.3914099999999765,0.0,0.01691400026161897,0.01691400026161897,0.0900240009156646,0.08498756338296239,0.00503643753270222,0.01691400026161897,0.005023821588976511,0.0020798653491137143,0.0020798653491137143,0.0,0.9986710425736786,0.02051239719445301,0.018432531845339297,0.9999586382255583,False
7.601,1,417,418,3.396449999999976,3.396449999999976,0.0,0.017544000261619005,0.017544000261619005,0.0900275633829623,0.08436112585026007,0.005351437532702205,0.017544000261619005,0.005023821588976511,0.00214658548164959,0.00214658548164959,0.0,0.9979458101872875,0.02120575878708765,0.01905917330543806,0.9999311704665427,False
7.616750000000001,1,418,419,3.402119999999976,3.402119999999976,0.0,0.018252750261619016,0.018252750261619016,0.09003112585025984,0.08397093831755764,0.005313468782702182,0.018252750261619016,0.005023821588976511,0.0021824492826389703,0.0021824492826389703,0.0,0.998080197154585,0.02164681206104363,0.01946436277840466,0.9999365474320114,False
7.6335,1,419,420,3.408149999999976,3.408149999999976,0.0,0.019006500261619045,0.019006500261619045,0.0900009383175576,0.08318700078485539,0.005690343782702158,0.019006500261619045,0.005023821588976511,0.0022258014073821253,0.0022258014073821253,0.0,0.9980826467209357,0.021984800405748184,0.01975899899836606,0.9999368062134426,False
7.6525,1,420,421,3.414989999999976,3.414989999999976,0.0,0.01986150026161908,0.01986150026161908,0.09002700078485543,0.08310478200215321,0.0058422187827021224,0.01986150026161908,0.005023821588976511,0.00224321958074762,0.00224321958074762,0.0,0.9982236132150988,0.0220717326609748,0.019828513080227178,0.9999422732901577,False
7.67175,1,421,422,3.421919999999976,3.421919999999976,0.0,0.020727750261619132,0.020727750261619132,0.09003478200215342,0.08224631321945118,0.006275343782702104,0.020727750261619132,0.005023821588976511,0.0022553062671595895,0.0022553062671595895,0.0,0.9982671321804015,0.02200975973644774,0.01975445346928815,0.999943912723155,False
7.6935,1,422,423,3.4297499999999763,3.4297499999999763,0.0,0.021706500261619164,0.021706500261619164,0.0900763132194512,0.08168596943674905,0.007254093782702112,0.021706500261619164,0.005023821588976511,0.002232275384368265,0.002232275384368265,0.0,0.9983981769644805,0.019835232692732838,0.017602957308364572,0.9999476163170727,False
7.71675,1,423,424,3.4381199999999756,3.4381199999999756,0.0,0.0227527502616192,0.0227527502616192,0.09005596943674868,0.08061937565404659,0.0059497500654047564,0.0227527502616192,0.005023821588976511,0.0022726139868750024,0.0022726139868750024,0.0,0.9986016734425054,0.022238374406940167,0.019965760420065166,0.9999568555978274,False
7.743,1,424,425,3.447569999999975,3.4475699999999754,4.440892098500626e-16,0.023934000261619206,0.023934000261619206,0.09006937565404599,0.080154656871344,0.0065403750654047,0.023934000261619206,0.005023821588976511,0.0022576320889979152,0.0022576320889979152,0.0,0.998370421018863,0.021901666123953223,0.019644034034955307,0.9999477141271607,False
7.7705,1,425,426,3.4574699999999754,3.4574699999999754,0.0,0.025171500261619285,0.025171500261619285,0.09005465687134406,0.08447854747999309,0.00557610939135097,0.025171500261619285,0.005023821588976511,0.0022565601851491698,0.0022565601851491698,0.0,0.9985067877863849,0.022334772049444007,0.020078211864294836,0.9999531671314644,False
7.7860000000000005,1,426,427,3.4630499999999746,3.4630499999999746,0.0,0.02586900026161928,0.02586900026161928,0.09005854747999263,0.08378493808864168,0.005708296891350926,0.02586900026161928,0.005023821588976511,0.002279471390824295,0.002279471390824295,0.0,0.9981463121333828,0.022508304755389327,0.020228833364565033,0.9999395025997581,False
7.8035000000000005,1,427,428,3.4693499999999746,3.4693499999999746,0.0,0.026656500261619313,0.026656500261619313,0.09008493808864149,0.08358914119729055,0.006102046891350902,0.026656500261619313,0.005023821588976511,0.0022811006022903455,0.0022811006022903455,0.0,0.998210155817127,0.02252366162973947,0.020242561027449125,0.9999419605006539,False
7.8215,1,428,429,3.4758299999999744,3.4758299999999744,0.0,0.02746650026161933,0.02746650026161933,0.09006914119729031,0.08276334430593937,0.005331750032702278,0.02746650026161933,0.005023821588976511,0.002288459511051771,0.002288459511051771,0.0,0.9983186609229486,0.022598419018859263,0.020309959507807493,0.9999461825353212,False
7.84175,1,429,430,3.4831199999999747,3.4831199999999747,0.0,0.0283777502616194,0.0283777502616194,0.09005334430593956,0.08223004741458861,0.005787375032702265,0.0283777502616194,0.005023821588976511,0.002267947430991371,0.002267947430991371,0.0,0.9981371664554465,0.022306194527596898,0.020038247096605528,0.9999390625278028,False
7.8635,1,430,431,3.4909499999999745,3.490949999999974,-4.440892098500626e-16,0.02935650026161943,0.02935650026161943,0.09006004741458846,0.08125800052323759,0.005981437532702237,0.02935650026161943,0.005023821588976511,0.002252256041569182,0.002252256041569182,0.0,0.9982819779146481,0.0220644820654156,0.019812226023846417,0.9999445117887265,False
7.888,1,431,432,3.499769999999974,3.499769999999974,0.0,0.03045900026161946,0.03045900026161946,0.09007800052323744,0.08175375049053515,0.006532687532702195,0.03045900026161946,0.005023821588976511,0.0022738943971887275,0.0022738943971887275,0.0,0.9983596448606686,0.022151860624990777,0.01987796622780205,0.9999474889123956,False
7.9110000000000005,1,432,433,3.508049999999974,3.508049999999974,0.0,0.03149400026161946,0.01574700013080973,0.09003375049053486,0.08067450045783266,0.007567687532702193,0.01574700013080973,0.005023821588976511,0.002251867281337644,0.002251867281337644,0.0,0.9984650536894879,0.019890437324262628,0.017638570042924982,0.999950030076973,False
7.937,1,433,434,3.517409999999974,3.517409999999974,0.0,0.016917000130809805,0.016917000130809805,0.09003450045783255,0.08499768794148149,0.005036812516351071,0.016917000130809805,0.005023821588976511,0.0021192200314946196,0.0021192200314946196,0.0,0.9986713545975394,0.020862639572880926,0.018743419541386305,0.9999588183092106,False
7.9510000000000005,1,434,435,3.5224499999999734,3.5224499999999734,0.0,0.017547000130809797,0.017547000130809797,0.09003768794148109,0.08437087542513004,0.005351812516351036,0.017547000130809797,0.005023821588976511,0.002161065525328033,0.002161065525328033,0.0,0.9979460190832782,0.021355213257115938,0.019194147731787903,0.9999312505164222,False
7.96675,1,435,436,3.5281199999999737,3.5281199999999737,0.0,0.01825575013080985,0.01825575013080985,0.09004087542513015,0.08398031290877908,0.005313843766351038,0.01825575013080985,0.005023821588976511,0.002198470274193644,0.002198470274193644,0.0,0.9980803964964515,0.021817052139941825,0.01961858186574818,0.9999366372084945,False
7.9835,1,436,437,3.5341499999999737,3.5341499999999737,0.0,0.01900950013080988,0.01900950013080988,0.09001031290877903,0.08319600039242794,0.005690718766351014,0.01900950013080988,0.005023821588976511,0.0022455585602758838,0.0022455585602758838,0.0,0.9980828643909403,0.02219352716369624,0.01994796860342036,0.9999369151306255,False
8.0025,1,437,438,3.5409899999999737,3.5409899999999737,0.0,0.0198645001308099,0.0198645001308099,0.09003600039242794,0.08311340662607689,0.005842593766350989,0.0198645001308099,0.005023821588976511,0.0022728862439689926,0.0022728862439689926,0.0,0.9982238631211746,0.02237483124652389,0.020101945002554897,0.9999424289708055,False
8.02175,1,438,439,3.5479199999999733,3.5479199999999733,0.0,0.020730750130809824,0.020730750130809824,0.0900434066260766,0.08225456285972554,0.00627571876635095,0.020730750130809824,0.005023821588976511,0.002288445694279706,0.002288445694279706,0.0,0.998267393931843,0.022347294100277387,0.02005884840599768,0.9999440844060267,False
8.0435,1,439,440,3.555749999999973,3.555749999999973,0.0,0.021709500130809717,0.021709500130809717,0.09008456285972505,0.0816938440933741,0.0072544687663509185,0.021709500130809717,0.005023821588976511,0.0022606011395454656,0.0022606011395454656,0.0,0.9983984021948628,0.020092280938835583,0.017831679799290116,0.9999477474862805,False
8.06675,1,440,441,3.564119999999973,3.564119999999973,0.0,0.022755750130809688,0.022755750130809688,0.09006384409337398,0.08062687532702306,0.005950500032702415,0.022755750130809688,0.005023821588976511,0.002288722423327918,0.002288722423327918,0.0,0.9986018160887083,0.022413984988546465,0.020125262565218547,0.9999569443367982,False
8.093,1,441,442,3.573569999999972,3.573569999999972,0.0,0.023937000130809575,0.023937000130809575,0.09007687532702234,0.08016178156067152,0.006541125032702358,0.023937000130809575,0.005023821588976511,0.0022794277669321425,0.0022794277669321425,0.0,0.9983707006781879,0.022129631153635435,0.01985020338670329,0.9999478328491102,False
8.1205,1,442,443,3.583469999999972,3.583469999999972,0.0,0.025174500130809567,0.025174500130809567,0.09006178156067177,0.08448548467749636,0.005576296883175403,0.025174500130809567,0.005023821588976511,0.002282867562373739,0.002282867562373739,0.0,0.9985070616804025,0.02260445265628136,0.02032158509390762,0.9999533051310935,False
8.136000000000001,1,443,444,3.589049999999972,3.589049999999972,0.0,0.025872000130809494,0.025872000130809494,0.09006548467749584,0.08379168779432046,0.00570848438317537,0.025872000130809494,0.005023821588976511,0.0022958770874166165,0.0022958770874166165,0.0,0.9981464496970937,0.022682791539181853,0.020386914451765235,0.9999395919399338,False
8.15325,1,444,445,3.595259999999971,3.595259999999971,0.0,0.026648250130809393,0.026648250130809393,0.09000168779431977,0.08351695341114444,0.006096609383175319,0.026648250130809393,0.005023821588976511,0.0023040323120023056,0.0023040323120023056,0.0,0.9982071973381713,0.022764815069034668,0.02046078275703236,0.99994196296364,False
8.1715,1,445,446,3.6018299999999708,3.6018299999999708,0.0,0.027469500130809343,0.027469500130809343,0.09008695341114423,0.08278096902796889,0.005332125016351107,0.027469500130809343,0.005023821588976511,0.002312445977316839,0.002312445977316839,0.0,0.9983202027014836,0.022843297830090044,0.020530851852773205,0.9999463598733758,False
8.19175,1,446,447,3.6091199999999706,3.609119999999971,4.440892098500626e-16,0.028380750130809318,0.028380750130809318,0.09007096902796896,0.08224185964479358,0.0057877500163510944,0.028380750130809318,0.005023821588976511,0.0023005501047731925,0.0023005501047731925,0.0,0.9981374413378408,0.022631701085164053,0.02033115098039086,0.9999392298195364,False
8.2135,1,447,448,3.616949999999971,3.616949999999971,0.0,0.02935950013080929,0.02935950013080929,0.09007185964479367,0.08126400026161831,0.0059818125163510864,0.02935950013080929,0.005023821588976511,0.002282236229129226,0.002282236229129226,0.0,0.9982822238849789,0.022347935409773048,0.020065699180643822,0.9999446573631909,False
8.238,1,448,449,3.625769999999971,3.625769999999971,0.0,0.030462000130809207,0.030462000130809207,0.09008400026161807,0.08175937524526691,0.0065330625163510445,0.030462000130809207,0.005023821588976511,0.0022919001042935616,0.0022919001042935616,0.0,0.9983598213496859,0.022334640109682016,0.020042740005388453,0.9999475826381814,False
8.261000000000001,1,449,450,3.634049999999971,3.634049999999971,0.0,0.03149700013080917,0.015748500065404587,0.09003937524526656,0.08067975022891549,0.007568062516351042,0.015748500065404587,0.005023821588976511,0.0022743501769764743,0.0022743501769764743,0.0,0.9984652420254705,0.020090636526650288,0.017816286349673815,0.999950131657839,False
8.287,1,450,451,3.64340999999997,3.64340999999997,0.0,0.0169185000654045,0.0169185000654045,0.09003975022891485,0.08500275022073936,0.005037000008175485,0.0169185000654045,0.005023821588976511,0.0021681172238435945,0.0021681172238435945,0.0,0.9986716560544134,0.021318435891107948,0.019150318667264354,0.9999590485300281,False
8.301,1,451,452,3.6484499999999693,3.6484499999999693,0.0,0.01754850006540443,0.01754850006540443,0.09004275022073885,0.08437575021256338,0.00535200000817545,0.01754850006540443,0.005023821588976511,0.002174062912330777,0.002174062912330777,0.0,0.9979461523817276,0.021485272674293607,0.01931120976196283,0.9999313182866503,False
8.31675,1,452,453,3.6541199999999696,3.6541199999999696,0.0,0.01825725006540441,0.01825725006540441,0.09004575021256334,0.08398500020438784,0.005314031258175442,0.01825725006540441,0.005023821588976511,0.0022120842856250362,0.0022120842856250362,0.0,0.9980805242018667,0.021958027006618128,0.01974594272099309,0.9999367102126362,False
8.3335,1,453,454,3.660149999999969,3.660149999999969,0.0,0.019011000065404363,0.019011000065404363,0.09001500020438764,0.08320050019621214,0.0056909062581754185,0.019011000065404363,0.005023821588976511,0.0022611996999963324,0.0022611996999963324,0.0,0.9980830018872283,0.02236165767801368,0.020100457978017346,0.9999370014634439,False
8.352500000000001,1,454,455,3.666989999999969,3.666989999999969,0.0,0.019866000065404312,0.019866000065404312,0.09004050019621201,0.08311771893803654,0.005842781258175393,0.019866000065404312,0.005023821588976511,0.0022965324083925975,0.0022965324083925975,0.0,0.9982240319991288,0.022614812793066243,0.020318280384673645,0.9999425511437491,False
8.37175,1,455,456,3.6739199999999688,3.6739199999999688,0.0,0.020732250065404235,0.020732250065404235,0.09004771893803624,0.08225868767986079,0.006275906258175355,0.020732250065404235,0.005023821588976511,0.0023150136668530215,0.0023150136668530215,0.0,0.9982675740585445,0.02262061903375298,0.02030560536689996,0.9999442219778089,False
8.3935,1,456,457,3.681749999999969,3.681749999999969,0.0,0.021711000065404207,0.021711000065404207,0.09008868767986095,0.08169778142168552,0.007254656258175403,0.021711000065404207,0.005023821588976511,0.0022900500817646394,0.0022900500817646394,0.0,0.998398591094098,0.020366026116409586,0.018075976034644947,0.99994788538702,False
8.41675,1,457,458,3.6901199999999683,3.6901199999999683,0.0,0.0227572500654041,0.0227572500654041,0.09006778142168474,0.08063062516350944,0.005950875016350997,0.0227572500654041,0.005023821588976511,0.002300273232391784,0.002300273232391784,0.0,0.998601904811754,0.02253420975110622,0.020233936518714433,0.999957004604955,False
8.443,1,458,459,3.699569999999968,3.699569999999968,0.0,0.023938500065404066,0.023938500065404066,0.09008062516350934,0.08016534390533406,0.006541500016350981,0.023938500065404066,0.005023821588976511,0.0022972908632946628,0.0022972908632946628,0.0,0.99837087470905,0.02231657511578873,0.02001928425249407,0.999947927993171,False
8.4705,1,459,460,3.7094699999999676,3.7094699999999676,0.0,0.025176000065403978,0.025176000065403978,0.09006534390533363,0.08448895327624603,0.0055763906290876054,0.025176000065403978,0.005023821588976511,0.0023086348997124256,0.0023086348997124256,0.0,0.9985072603635161,0.022871350054722156,0.02056271515500973,0.9999534389235372,False
8.486,1,460,461,3.715049999999967,3.715049999999967,0.0,0.025873500065403905,0.025873500065403905,0.0900689532762455,0.08379506264715793,0.005708578129087572,0.025873500065403905,0.005023821588976511,0.002314325072360993,0.002314325072360993,0.0,0.9981465696667942,0.022872142336799108,0.020557817264438116,0.999939687731111,False
8.50325,1,461,462,3.721259999999967,3.721259999999967,0.0,0.026649750065403884,0.026649750065403884,0.09000506264715788,0.08352023451807027,0.006096703129087561,0.026649750065403884,0.005023821588976511,0.0023269399335127026,0.0023269399335127026,0.0,0.9982073375682549,0.023003846907782177,0.020676906974269476,0.9999420833935878,False
8.52125,1,462,463,3.727739999999966,3.7277399999999665,4.440892098500626e-16,0.02745975006540378,0.02745975006540378,0.09000023451806963,0.08270540638898206,0.0053266875081754116,0.02745975006540378,0.005023821588976511,0.0023386373313809905,0.0023386373313809905,0.0,0.9983176008464089,0.02311504942526456,0.02077641209388357,0.9999463909091125,False
8.54175,1,463,464,3.7351199999999665,3.7351199999999665,0.0,0.02838225006540373,0.02838225006540373,0.09008540638898192,0.08225620325989438,0.005787937508175385,0.02838225006540373,0.005023821588976511,0.002329774731736688,0.002329774731736688,0.0,0.9981393296729788,0.022926560823246754,0.020596786091510066,0.9999394444674905,False
8.5635,1,464,465,3.7429499999999667,3.7429499999999662,-4.440892098500626e-16,0.0293610000654037,0.0293610000654037,0.09008620325989447,0.08127825013080696,0.005982000008175357,0.0293610000654037,0.005023821588976511,0.002313787147776433,0.002313787147776433,0.0,0.9982824294676659,0.022651987830726708,0.020338200682950273,0.9999448112657495,False
8.58775,1,465,466,3.7516799999999666,3.7516799999999666,0.0,0.030452250065403644,0.030452250065403644,0.0900082501308069,0.08168906262263145,0.006527625008175329,0.030452250065403644,0.005023821588976511,0.0023051932899616993,0.0023051932899616993,0.0,0.9983573037526207,0.02246041456470406,0.020155221274742362,0.9999475452827423,False
8.611,1,466,467,3.760049999999966,3.760049999999966,0.0,0.03149850006540359,0.015749250032701795,0.09005906262263091,0.08069362511445555,0.007573875008175301,0.015749250032701795,0.005023821588976511,0.0022992909476446262,0.0022992909476446262,0.0,0.9984665523320746,0.020322888475969664,0.01802359752832504,0.9999502918191058,False
8.637,1,467,468,3.769409999999965,3.769409999999965,0.0,0.01691925003270171,0.01691925003270171,0.0900536251144549,0.08501653136036727,0.005037093754087631,0.01691925003270171,0.005023821588976511,0.0022189834791584255,0.0022189834791584255,0.0,0.9986727989957098,0.021810828556182632,0.019591845077024207,0.9999593283712277,False
8.651,1,468,469,3.774449999999965,3.774449999999965,0.0,0.01754925003270172,0.01754925003270172,0.0900565313603674,0.0843894376062797,0.005352093754087636,0.01754925003270172,0.005023821588976511,0.002184669071122725,0.002184669071122725,0.0,0.9979462398200876,0.021585777717838844,0.01940110864671612,0.9999313700267166,False
8.66675,1,469,470,3.7801199999999646,3.7801199999999646,0.0,0.01825800003270162,0.01825800003270162,0.09005943760627902,0.08399859385219142,0.005314125004087578,0.01825800003270162,0.005023821588976511,0.002224694289363522,0.002224694289363522,0.0,0.9980806171871092,0.022083754657789167,0.019859060368425645,0.9999367745617697,False
8.6835,1,470,471,3.7861499999999646,3.7861499999999646,0.0,0.01901175003270157,0.01901175003270157,0.09002859385219122,0.08321400009810362,0.005691000004087554,0.01901175003270157,0.005023821588976511,0.0022740206844811695,0.0022740206844811695,0.0,0.9980830955084643,0.02250135358725646,0.020227332902775293,0.9999370724815106,False
8.7025,1,471,472,3.792989999999964,3.792989999999964,0.0,0.01986675003270152,0.01986675003270152,0.09005400009810348,0.08313112509401588,0.005845687504087522,0.01986675003270152,0.005023821588976511,0.002318770171469263,0.002318770171469263,0.0,0.9982241681547988,0.022844210143873576,0.020525439972404313,0.9999426669816546,False
8.72175,1,472,473,3.7999199999999638,3.7999199999999638,0.0,0.020733000032701444,0.020733000032701444,0.09006112509401559,0.082272000089928,0.0062788125040874835,0.020733000032701444,0.005023821588976511,0.0023417367530198566,0.0023417367530198566,0.0,0.9982684616318097,0.02289471437516355,0.020552977622143694,0.9999443872086586,False
8.74325,1,473,474,3.8076599999999643,3.8076599999999643,0.0,0.021700500032701443,0.021700500032701443,0.09001200008992835,0.08163225008584077,0.007246312504087558,0.021700500032701443,0.005023821588976511,0.0023284710135503674,0.0023284710135503674,0.0,0.9983969249987906,0.020737072532651807,0.01840860151910144,0.9999479991201801,False
8.7665,1,474,475,3.8160299999999636,3.8160299999999636,0.0,0.022746750032701334,0.022746750032701334,0.09000225008584,0.08057625008175251,0.005948250008175306,0.022746750032701334,0.005023821588976511,0.0023152709548237495,0.0023152709548237495,0.0,0.9986005609867992,0.02267925018151007,0.02036397922668632,0.9999570219868051,False
8.79275,1,475,476,3.8254799999999634,3.8254799999999634,0.0,0.0239280000327013,0.0239280000327013,0.09002625008175244,0.08011931257766498,0.00653887500817529,0.0239280000327013,0.005023821588976511,0.0023141819044967616,0.0023141819044967616,0.0,0.9983703533565346,0.02249020720056316,0.0201760252960664,0.9999479900147595,False
8.82025,1,476,477,3.8353799999999634,3.835379999999963,-4.440892098500626e-16,0.025165500032701214,0.025165500032701214,0.09001931257766457,0.08444709382562089,0.005572218752043683,0.025165500032701214,0.005023821588976511,0.0023293052393549324,0.0023293052393549324,0.0,0.9985068531728375,0.023086010475688756,0.020756705236333824,0.9999535241432834,False
8.83575,1,477,478,3.8409599999999626,3.8409599999999626,0.0,0.02586300003270114,0.02586300003270114,0.09002709382562038,0.08375737507357671,0.005704406252043649,0.02586300003270114,0.005023821588976511,0.00233068530001002,0.00233068530001002,0.0,0.9981454104995254,0.023034101258718062,0.020703415958708043,0.9999397211864377,False
8.853250000000001,1,478,479,3.847259999999962,3.847259999999962,0.0,0.026650500032701092,0.026650500032701092,0.09005737507357645,0.08356546882153278,0.006098156252043625,0.026650500032701092,0.005023821588976511,0.0023476446692229525,0.0023476446692229525,0.0,0.9982094079645119,0.023214671890393307,0.020867027221170356,0.9999422644575139,False
8.87125,1,479,480,3.853739999999962,3.853739999999962,0.0,0.02746050003270107,0.02746050003270107,0.09004546882153278,0.08274356256948909,0.005331000004087593,0.02746050003270107,0.005023821588976511,0.002359529257877857,0.002359529257877857,0.0,0.9983180615504059,0.02333508904965574,0.020975559791777884,0.9999465144934622,False
8.8915,1,480,481,3.8610299999999618,3.8610299999999618,0.0,0.028371750032700965,0.028371750032700965,0.09003356256948852,0.08221415631744489,0.00578662500408754,0.028371750032700965,0.005023821588976511,0.0023596017079026096,0.0023596017079026096,0.0,0.998137396328521,0.023232564589928922,0.02087296288202631,0.9999395176976736,False
8.91325,1,481,482,3.8688599999999616,3.8688599999999616,0.0,0.029350500032700937,0.029350500032700937,0.09004415631744497,0.08124600006540138,0.005980687504087512,0.029350500032700937,0.005023821588976511,0.0023448393365540624,0.0023448393365540624,0.0,0.9982822483668266,0.022958191273148812,0.020613351936594748,0.9999449511435344,False
8.93775,1,482,483,3.8776799999999616,3.8776799999999616,0.0,0.030453000032700853,0.030453000032700853,0.09006600006540114,0.08174250006131356,0.00653193750408747,0.030453000032700853,0.005023821588976511,0.002324052153558872,0.002324052153558872,0.0,0.998359718505892,0.022640182749931306,0.020316130596372436,0.9999477237452415,False
8.96075,1,483,484,3.8859599999999612,3.8859599999999612,0.0,0.03148800003270082,0.01574400001635041,0.09002250006131324,0.08066400005722574,0.007566937504087468,0.01574400001635041,0.005023821588976511,0.002329079330969031,0.002329079330969031,0.0,0.9984652847556944,0.020593944231975594,0.018264864901006563,0.9999503728857061,False
8.98675,1,484,485,3.895319999999961,3.895319999999961,0.0,0.016914000016350326,0.016914000016350326,0.09002400005722509,0.08498756255518139,0.005036437502043709,0.016914000016350326,0.005023821588976511,0.0022714961636972042,0.0022714961636972042,0.0,0.9986719959779972,0.02233859660821476,0.020067100444517556,0.9999595495575626,False
9.00075,1,485,486,3.90035999999996,3.90035999999996,0.0,0.017544000016350255,0.017544000016350255,0.09002756255518087,0.08436112505313717,0.005351437502043674,0.017544000016350255,0.005023821588976511,0.002199963359934082,0.002199963359934082,0.0,0.9979460773938692,0.021727609571312832,0.01952764621137875,0.9999314319804803,False
9.0165,1,486,487,3.90602999999996,3.90602999999996,0.0,0.018252750016350235,0.018252750016350235,0.09003112505313712,0.08397093755109342,0.005313468752043656,0.018252750016350235,0.005023821588976511,0.002241600163443703,0.002241600163443703,0.0,0.9980804926886895,0.02224689408563412,0.020005293922190418,0.9999368485717501,False
9.03325,1,487,488,3.91205999999996,3.91205999999996,0.0,0.019006500016350188,0.019006500016350188,0.09000093755109322,0.0831870000490495,0.005690343752043632,0.019006500016350188,0.005023821588976511,0.002287686911592813,0.002287686911592813,0.0,0.9980829548494917,0.02264582172654591,0.020358134814953098,0.9999371369383979,False
9.05225,1,488,489,3.91889999999996,3.91889999999996,0.0,0.019861500016350137,0.019861500016350137,0.09002700004904936,0.08310478129700567,0.005842218752043606,0.019861500016350137,0.005023821588976511,0.002340143235134417,0.002340143235134417,0.0,0.9982240953166689,0.023062150220620463,0.020722006985486045,0.9999427692545432,False
9.0715,1,489,490,3.9258299999999595,3.9258299999999595,0.0,0.02072775001635006,0.02072775001635006,0.0900347812970054,0.08224631254496172,0.006275343752043567,0.02072775001635006,0.005023821588976511,0.002364891703032148,0.002364891703032148,0.0,0.9982676749833519,0.02313327746036188,0.020768385757329734,0.9999444710726801,False
9.09325,1,490,491,3.9336599999999597,3.9336599999999597,0.0,0.021706500016350033,0.021706500016350033,0.09007631254496186,0.08168596879291823,0.007254093752043615,0.021706500016350033,0.005023821588976511,0.0023566772648411774,0.0023566772648411774,0.0,0.9983987969911171,0.02101695398968012,0.018660276724838942,0.9999482037878097,False
9.1165,1,491,492,3.942029999999959,3.942029999999959,0.0,0.022752750016349924,0.022752750016349924,0.09005596879291747,0.08061937504087392,0.005949750004087454,0.022752750016349924,0.005023821588976511,0.0023308320082614108,0.0023308320082614108,0.0,0.9986019620080415,0.022826985793883425,0.020496153785622015,0.9999571467434628,False
9.14275,1,492,493,3.951479999999959,3.951479999999959,0.0,0.02393400001634989,0.02393400001634989,0.09006937504087384,0.08015465628883034,0.006540375004087437,0.02393400001634989,0.005023821588976511,0.002328469904968633,0.002328469904968633,0.0,0.9983707691006751,0.02263509491490548,0.020306625009936845,0.9999480744270528,False
9.17025,1,493,494,3.9613799999999584,3.9613799999999584,0.0,0.025171500016349803,0.025171500016349803,0.09005465628882992,0.0844785469128082,0.005576109376021712,0.025171500016349803,0.005023821588976511,0.0023469322612011977,0.0023469322612011977,0.0,0.9985072295488886,0.023271190887537423,0.020924258626336224,0.9999536259654971,False
9.18575,1,494,495,3.9669599999999576,3.9669599999999576,0.0,0.02586900001634973,0.02586900001634973,0.0900585469128077,0.08378493753678601,0.005708296876021678,0.02586900001634973,0.005023821588976511,0.0023481643499771803,0.0023481643499771803,0.0,0.9981466555118179,0.02320246251224071,0.02085429816226353,0.9999398501002414,False
9.20325,1,495,496,3.9732599999999576,3.9732599999999576,0.0,0.02665650001634968,0.02665650001634968,0.09008493753678573,0.08358914066076403,0.0061020468760216535,0.02665650001634968,0.005023821588976511,0.0023650401372103304,0.0023650401372103304,0.0,0.9982105741654448,0.023398576054907944,0.02103353591769761,0.9999423978419537,False
9.22125,1,496,497,3.9797399999999574,3.979739999999958,4.440892098500626e-16,0.02746650001634966,0.02746650001634966,0.09006914066076405,0.08276334378474232,0.005331750002043666,0.02746650001634966,0.005023821588976511,0.0023770541077182948,0.0023770541077182948,0.0,0.9983191021663775,0.02352402201880903,0.021146967911090733,0.9999466454882521,False
9.2415,1,497,498,3.987029999999957,3.987029999999957,0.0,0.028377750016349554,0.028377750016349554,0.09005334378474175,0.0822300469087201,0.0057873750020436135,0.028377750016349554,0.005023821588976511,0.0023837583872574394,0.0023837583872574394,0.0,0.9981377413757723,0.02347943421931118,0.02109567583205374,0.9999396499930021,False
9.26325,1,498,499,3.9948599999999574,3.9948599999999574,0.0,0.029356500016349527,0.029356500016349527,0.09006004690872019,0.08125800003269856,0.0059814375020435856,0.029356500016349527,0.005023821588976511,0.0023772932451021334,0.0023772932451021334,0.0,0.9982826012384953,0.023285427865925384,0.020908134620823252,0.9999451215615278,False
9.28775,1,499,500,4.003679999999957,4.003679999999957,0.0,0.030459000016349443,0.030459000016349443,0.09007800003269831,0.08175375003065466,0.006532687502043544,0.030459000016349443,0.005023821588976511,0.002346335546678369,0.002346335546678369,0.0,0.9983600049390745,0.022845519601050995,0.020499184054372628,0.999947832987638,False
9.31075,1,500,501,4.011959999999957,4.011959999999957,0.0,0.03149400001634941,0.015747000008174705,0.09003375003065434,0.08067450002861076,0.007567687502043541,0.015747000008174705,0.005023821588976511,0.0023619507668533246,0.0023619507668533246,0.0,0.9984656014918318,0.02090982271486974,0.018547871948016416,0.999950535435137,False
9.33675,1,501,502,4.021319999999956,4.021319999999956,0.0,0.01691700000817462,0.01691700000817462,0.09003450002861012,0.08499768752758838,0.005036812501021746,0.01691700000817462,0.005023821588976511,0.0023197194290809275,0.0023197194290809275,0.0,0.9986723480837426,0.022839330346988415,0.020519610917907487,0.9999598017107234,False
9.35075,1,502,503,4.026359999999956,4.026359999999956,0.0,0.017547000008174628,0.017547000008174628,0.09003768752758849,0.08437087502656669,0.00535181250102175,0.017547000008174628,0.005023821588976511,0.002217004854293209,0.002217004854293209,0.0,0.9979462996572461,0.021883848082443987,0.01966684322815078,0.9999315156337315,False
9.3665,1,503,504,4.032029999999955,4.032029999999955,0.0,0.018255750008174528,0.018255750008174528,0.090040875026566,0.0839803125255443,0.005313843751021692,0.018255750008174528,0.005023821588976511,0.0022579922890129498,0.0022579922890129498,0.0,0.9980806943405007,0.022401662335902066,0.020143670046889117,0.9999369309741292,False
9.38325,1,504,505,4.038059999999955,4.038059999999955,0.0,0.01900950000817448,0.01900950000817448,0.09001031252554409,0.08319600002452238,0.0056907187510216685,0.01900950000817448,0.005023821588976511,0.002298351080883067,0.002298351080883067,0.0,0.9980831272542078,0.022755526997506555,0.020457175916623487,0.9999371966870781,False
9.40225,1,505,506,4.044899999999955,4.044899999999955,0.0,0.01986450000817443,0.01986450000817443,0.09003600002452224,0.08311340627350051,0.0058425937510216425,0.01986450000817443,0.005023821588976511,0.002358420061053661,0.002358420061053661,0.0,0.9982242888639997,0.023251618186844125,0.020893198125790463,0.9999428679541988,False
9.4215,1,506,507,4.0518299999999545,4.0518299999999545,0.0,0.020730750008174353,0.020730750008174353,0.09004340627350024,0.08225456252247852,0.006275718751021604,0.020730750008174353,0.005023821588976511,0.002384324920134195,0.002384324920134195,0.0,0.998267869026058,0.023337033721979483,0.02095270880184529,0.9999445761424619,False
9.44325,1,507,508,4.059659999999955,4.059659999999955,0.0,0.021709500008174325,0.021709500008174325,0.09008456252247866,0.081693843771457,0.007254468751021652,0.021709500008174325,0.005023821588976511,0.002386041398595895,0.002386041398595895,0.0,0.9983990253966099,0.021311393190215466,0.018925351791619572,0.9999483522525228,False
9.4665,1,508,509,4.068029999999954,4.068029999999954,0.0,0.022755750008174216,0.022755750008174216,0.09006384377145624,0.08062687502043465,0.005950500002043527,0.022755750008174216,0.005023821588976511,0.00234828343262284,0.00234828343262284,0.0,0.9986021131671599,0.022994457069185126,0.020646173636562286,0.9999572329591028,False
9.492750000000001,1,509,510,4.077479999999954,4.077479999999954,0.0,0.023937000008174183,0.023937000008174183,0.09007687502043457,0.08016178126941303,0.00654112500204351,0.023937000008174183,0.005023821588976511,0.0023435182512044806,0.0023435182512044806,0.0,0.9983710160162867,0.02278131045648217,0.02043779220527769,0.9999481530448844,False
9.52025,1,510,511,4.087379999999953,4.087379999999953,0.0,0.025174500008174096,0.025174500008174096,0.09006178126941261,0.08448548439390188,0.0055762968755107304,0.025174500008174096,0.005023821588976511,0.0023619237962670485,0.0023619237962670485,0.0,0.9985074475508542,0.023428366797331297,0.02106644300106425,0.9999537081882948,False
9.53575,1,511,512,4.0929599999999535,4.0929599999999535,0.0,0.025872000008174023,0.025872000008174023,0.09006548439390137,0.08379168751839067,0.005708484375510696,0.025872000008174023,0.005023821588976511,0.002367175537087384,0.002367175537087384,0.0,0.998146806595565,0.023383130772925288,0.021015955235837904,0.9999399428519707,False
9.553,1,512,513,4.099169999999953,4.099169999999953,0.0,0.026648250008174,0.026648250008174,0.0900016875183906,0.08351695314287988,0.006096609375510685,0.026648250008174,0.005023821588976511,0.0023783444881664453,0.0023783444881664453,0.0,0.9982075675584899,0.02354665909629699,0.021168314608130543,0.9999423538201484,False
9.571250000000001,1,513,514,4.105739999999953,4.105739999999953,0.0,0.027469500008173952,0.027469500008173952,0.09008695314287966,0.08278096876736891,0.005332125001021703,0.027469500008173952,0.005023821588976511,0.002397092997124867,0.002397092997124867,0.0,0.9983206243193387,0.023729401814956176,0.02133230881783131,0.9999468029490794,False
9.5915,1,514,515,4.113029999999952,4.113029999999952,0.0,0.028380750008173847,0.028380750008173847,0.09007096876736835,0.08224185939185769,0.00578775000102165,0.028380750008173847,0.005023821588976511,0.0024083397815546585,0.0024083397815546585,0.0,0.9981379761815088,0.02372835872862409,0.021320018947069433,0.9999397789902174,False
9.61325,1,515,516,4.1208599999999524,4.1208599999999524,0.0,0.02935950000817382,0.02935950000817382,0.09007185939185777,0.08126400001634715,0.005981812501021622,0.02935950000817382,0.005023821588976511,0.0024076507648065158,0.0024076507648065158,0.0,0.9982828474287976,0.02359546692093277,0.021187816156126256,0.9999452794373928,False
9.63775,1,516,517,4.1296799999999525,4.1296799999999525,0.0,0.030462000008173735,0.030462000008173735,0.0900840000163469,0.08175937501532521,0.00653306250102158,0.030462000008173735,0.005023821588976511,0.002372108981926123,0.002372108981926123,0.0,0.9983602214519917,0.023084503323962863,0.02071239434203674,0.999947955877306,False
9.66075,1,517,518,4.137959999999952,4.137959999999952,0.0,0.0314970000081737,0.01574850000408685,0.09003937501532487,0.08067975001430328,0.007568062501021578,0.01574850000408685,0.005023821588976511,0.002392683324643923,0.002392683324643923,0.0,0.9984658300645718,0.021213630632108238,0.018820947307464315,0.9999506884682582,False
9.68675,1,518,519,4.147319999999951,4.147319999999951,0.0,0.016918500004086765,0.016918500004086765,0.09003975001430263,0.08500275001379187,0.005037000000510763,0.016918500004086765,0.005023821588976511,0.0023599258424694372,0.0023599258424694372,0.0,0.9986726019383049,0.023270848604094285,0.02091092276162485,0.9999600162773624,False
9.70075,1,519,520,4.152359999999951,4.152359999999951,0.0,0.017548500004086774,0.017548500004086774,0.09004275001379199,0.08437575001328117,0.005352000000510768,0.017548500004086774,0.005023821588976511,0.002237290185389973,0.002237290185389973,0.0,0.9979464697875191,0.02207178942998249,0.019834499244592515,0.9999316125368717,False
9.7165,1,520,521,4.15802999999995,4.15802999999995,0.0,0.018257250004086675,0.018257250004086675,0.09004575001328047,0.08398500001276976,0.005314031250510711,0.018257250004086675,0.005023821588976511,0.0022748920457381205,0.0022748920457381205,0.0,0.9980808388266593,0.022559924689178418,0.020285032643440296,0.9999370127620393,False
9.73325,1,521,522,4.16405999999995,4.16405999999995,0.0,0.019011000004086627,0.019011000004086627,0.09001500001276955,0.08320050001225882,0.005690906250510687,0.019011000004086627,0.005023821588976511,0.0023088651033741133,0.0023088651033741133,0.0,0.9980832395116818,0.02285673245501408,0.020547867351639965,0.9999372500169358,False
9.75225,1,522,523,4.17089999999995,4.17089999999995,0.0,0.019866000004086577,0.019866000004086577,0.09004050001225868,0.08311771876174794,0.005842781250510661,0.019866000004086577,0.005023821588976511,0.0023749568514699997,0.0023749568514699997,0.0,0.9982244224311256,0.023426789888075103,0.021051833036605103,0.9999429574639647,False
9.7715,1,523,524,4.17782999999995,4.17782999999995,0.0,0.02073225000408658,0.02073225000408658,0.0900477187617483,0.0822586875112375,0.006275906250510662,0.02073225000408658,0.005023821588976511,0.0024014847771315494,0.0024014847771315494,0.0,0.9982680028941536,0.02352310609072844,0.02112162131359689,0.9999446704744388,False
9.79325,1,524,525,4.18565999999995,4.18565999999995,0.0,0.021711000004086472,0.021711000004086472,0.090088687511237,0.0816977812607263,0.00725465625051063,0.021711000004086472,0.005023821588976511,0.002412877006584095,0.002412877006584095,0.0,0.9983991993785927,0.021581939921219498,0.019169062914635403,0.9999484870432626,False
9.8165,1,525,526,4.19402999999995,4.19402999999995,0.0,0.022757250004086443,0.022757250004086443,0.09006778126072618,0.0806306250102155,0.005950875001021603,0.022757250004086443,0.005023821588976511,0.0023680268369770355,0.0023680268369770355,0.0,0.9986022436361859,0.023186486641633794,0.02081845980465676,0.99995733009534,False
9.84275,1,526,527,4.203479999999949,4.203479999999949,0.0,0.02393850000408633,0.02393850000408633,0.09008062501021477,0.08016534375970422,0.006541500001021547,0.02393850000408633,0.005023821588976511,0.0023602579174900914,0.0023602579174900914,0.0,0.9983711853758853,0.02293844941484198,0.020578191497351888,0.9999482340586753,False
9.87025,1,527,528,4.213379999999948,4.213379999999948,0.0,0.025176000004086242,0.025176000004086242,0.0900653437597038,0.08448895313444857,0.00557639062525524,0.025176000004086242,0.005023821588976511,0.0023768780053891403,0.0023768780053891403,0.0,0.9985075929448038,0.02358111548467528,0.02120423747928614,0.9999537854680388,False
9.88575,1,528,529,4.2189599999999485,4.2189599999999485,0.0,0.02587350000408625,0.02587350000408625,0.09006895313444868,0.08379506250919339,0.005708578125255225,0.02587350000408625,0.005023821588976511,0.0023893100704169275,0.0023893100704169275,0.0,0.9981469453709813,0.0235949581426732,0.02120564807225627,0.9999400500826423,False
9.903,1,529,530,4.225169999999948,4.225169999999948,0.0,0.026649750004086148,0.026649750004086148,0.09000506250919268,0.0835202343839375,0.0060967031252551745,0.026649750004086148,0.005023821588976511,0.0023942143363474833,0.0023942143363474833,0.0,0.9982076728406354,0.02370889623537132,0.021314681899023837,0.9999424361347812,False
9.921,1,530,531,4.231649999999948,4.231649999999948,0.0,0.027459750004086125,0.027459750004086125,0.09000023438393752,0.08270540625868229,0.0053266875005107146,0.027459750004086125,0.005023821588976511,0.0024083060709686106,0.0024083060709686106,0.0,0.9983179474319803,0.02386145543948935,0.02145314936852074,0.9999467639721866,False
9.9415,1,531,532,4.239029999999948,4.239029999999948,0.0,0.028382250004086073,0.028382250004086073,0.09008540625868215,0.08225620313342692,0.005787937500510688,0.028382250004086073,0.005023821588976511,0.0024304302911657026,0.0024304302911657026,0.0,0.9981398292136043,0.02395119986876354,0.021520769577597836,0.9999399576036517,False
9.96325,1,532,533,4.2468599999999475,4.2468599999999475,0.0,0.029361000004085966,0.029361000004085966,0.09008620313342637,0.08127825000817125,0.0059820000005106405,0.029361000004085966,0.005023821588976511,0.0024349401253297314,0.0024349401253297314,0.0,0.9982830303676032,0.023873749088127033,0.0214388089627973,0.9999454195402019,False
9.9875,1,533,534,4.255589999999947,4.255589999999947,0.0,0.03045225000408591,0.03045225000408591,0.09000825000817121,0.08168906250766052,0.006527625000510612,0.03045225000408591,0.005023821588976511,0.002404358945058606,0.002404358945058606,0.0,0.9983577992779101,0.02338949769222856,0.020985138747169955,0.9999480090711136,False
10.01075,1,534,535,4.263959999999948,4.263959999999948,0.0,0.03149850000408593,0.015749250002042966,0.0900590625076606,0.08069362500714995,0.0075738750005106634,0.015749250002042966,0.005023821588976511,0.002417945855935987,0.002417945855935987,0.0,0.9984671410077209,0.021465107800062735,0.01904716194412675,0.9999508576684264,False
10.03675,1,535,536,4.273319999999947,4.273319999999947,0.0,0.01691925000204288,0.01691925000204288,0.09005362500714931,0.08501653125689401,0.005037093750255283,0.01691925000204288,0.005023821588976511,0.0023926256048151726,0.0023926256048151726,0.0,0.9986736508026178,0.02363280651364842,0.02124018090883325,0.9999602278235001,False
10.05075,1,536,537,4.278359999999946,4.278359999999946,0.0,0.01754925000204281,0.01754925000204281,0.0900565312568935,0.08438943750663824,0.005352093750255247,0.01754925000204281,0.005023821588976511,0.0022617422939177983,0.0022617422939177983,0.0,0.9979466264845657,0.022303247997245285,0.020041505703327488,0.9999317298710614,False
10.0665,1,537,538,4.284029999999946,4.284029999999946,0.0,0.01825800000204279,0.01825800000204279,0.0900594375066382,0.08399859375638291,0.00531412500025526,0.01825800000204279,0.005023821588976511,0.0022927132825508313,0.0022927132825508313,0.0,0.998080958059947,0.022727857947548315,0.020435144664997483,0.9999370981017103,False
10.08325,1,538,539,4.290059999999946,4.290059999999946,0.0,0.019011750002042742,0.019011750002042742,0.0900285937563827,0.08321400000612741,0.005691000000255236,0.019011750002042742,0.005023821588976511,0.002320812860671695,0.002320812860671695,0.0,0.9980833294274032,0.022964583963019328,0.020643771102347632,0.9999373055778441,False
10.10225,1,539,540,4.296899999999946,4.296899999999946,0.0,0.01986675000204269,0.01986675000204269,0.09005400000612729,0.08313112500587198,0.005845687500255204,0.01986675000204269,0.005023821588976511,0.0023891747414510438,0.0023891747414510438,0.0,0.9982245186051725,0.023582572089565317,0.021193397348114273,0.999943036221022,False
10.121500000000001,1,540,541,4.303829999999945,4.303829999999945,0.0,0.020733000002042614,0.020733000002042614,0.0900611250058717,0.08227200000561644,0.006278812500255165,0.020733000002042614,0.005023821588976511,0.002414725128776368,0.002414725128776368,0.0,0.9982688233465772,0.023675166949788412,0.021260441821012045,0.9999447748018475,False
10.143,1,541,542,4.3115699999999455,4.3115699999999455,0.0,0.021700500002042534,0.021700500002042534,0.09001200000561614,0.08163225000536095,0.00724631250025516,0.021700500002042534,0.005023821588976511,0.0024399266596143512,0.0024399266596143512,0.0,0.9983974752564417,0.021854135044101594,0.019414208384487243,0.9999485499957907,False
10.16625,1,542,543,4.319939999999946,4.319939999999945,-8.881784197001252e-16,0.022746750002042505,0.022746750002042505,0.09000225000536083,0.08057625000510565,0.005948250000510619,0.022746750002042505,0.005023821588976511,0.0023885909443356595,0.0023885909443356595,0.0,0.9986009272859875,0.0233874027111248,0.02099881176678914,0.9999573754170057,False
10.1925,1,543,544,4.329389999999944,4.329389999999944,0.0,0.023928000002042392,0.023928000002042392,0.09002625000510495,0.08011931250484988,0.0065388750005105625,0.023928000002042392,0.005023821588976511,0.002380082923486044,0.002380082923486044,0.0,0.998370679775682,0.023121890230666742,0.0207418073071807,0.9999483018795707,False
10.22,1,544,545,4.339289999999944,4.339289999999944,0.0,0.025165500002042304,0.025165500002042304,0.09001931250484949,0.08444709375472201,0.005572218750127484,0.025165500002042304,0.005023821588976511,0.002392438746512891,0.002392438746512891,0.0,0.9985071609894705,0.02373354057322042,0.02134110182670753,0.9999538401740636,False
10.2355,1,545,546,4.344869999999943,4.344869999999943,0.0,0.02586300000204223,0.02586300000204223,0.09002709375472148,0.08375737500459401,0.00570440625012745,0.02586300000204223,0.005023821588976511,0.0024121515135480283,0.0024121515135480283,0.0,0.998145818672858,0.023815594637768868,0.02140344312422084,0.9999401128927384,False
10.253,1,546,547,4.351169999999944,4.351169999999944,0.0,0.026650500002042183,0.026650500002042183,0.09005737500459374,0.08356546875446628,0.006098156250127426,0.026650500002042183,0.005023821588976511,0.0024135562272203344,0.0024135562272203344,0.0,0.9982097365309767,0.023901623581895064,0.02148806735467473,0.9999426082693168,False
10.271,1,547,548,4.357649999999944,4.357649999999944,0.0,0.02746050000204216,0.02746050000204216,0.09004546875446628,0.08274356250433879,0.005331000000255209,0.02746050000204216,0.005023821588976511,0.002419988195740207,0.002419988195740207,0.0,0.9983183620682673,0.023987303615758335,0.021567315420018128,0.9999468407286385,False
10.29125,1,548,549,4.364939999999944,4.364939999999944,0.0,0.028371750002042135,0.028371750002042135,0.09003356250433886,0.08221415625421136,0.005786625000255196,0.028371750002042135,0.005023821588976511,0.0024505950451012325,0.0024505950451012325,0.0,0.9981378486313087,0.024162258275094863,0.02171166322999363,0.9999399831074951,False
10.313,1,549,550,4.372769999999943,4.372769999999943,0.0,0.029350500002042028,0.029350500002042028,0.0900441562542108,0.08124600000408339,0.005980687500255148,0.029350500002042028,0.005023821588976511,0.0024605288304344296,0.0024605288304344296,0.0,0.998282821366295,0.024133556985045698,0.02167302815461127,0.9999455356919267,False
10.3375,1,550,551,4.381589999999943,4.381589999999943,0.0,0.030453000002041944,0.030453000002041944,0.09006600000408316,0.08174250000382796,0.006531937500255106,0.030453000002041944,0.005023821588976511,0.002431910157166497,0.002431910157166497,0.0,0.9983602572477014,0.023660264667787798,0.0212283545106213,0.999948233094019,False
10.3605,1,551,552,4.389869999999942,4.389869999999942,0.0,0.03148800000204192,0.01574400000102096,0.09002250000382764,0.08066400000357253,0.007566937500255104,0.01574400000102096,0.005023821588976511,0.002447873515219234,0.002447873515219234,0.0,0.9984658711726107,0.02176776650968963,0.019319892994470397,0.9999509522592032,False
10.3865,1,552,553,4.3992299999999425,4.3992299999999425,0.0,0.016914000001020953,0.016914000001020953,0.09002400000357252,0.08498756250344498,0.005036437500127537,0.016914000001020953,0.005023821588976511,0.0024175178262861386,0.0024175178262861386,0.0,0.9986727080107833,0.023918178855902736,0.021500661029616598,0.9999603258289922,False
10.400500000000001,1,553,554,4.404269999999942,4.404269999999942,0.0,0.017544000001020882,0.017544000001020882,0.09002756250344446,0.08436112500331694,0.005351437500127502,0.017544000001020882,0.005023821588976511,0.00228981699355907,0.00228981699355907,0.0,0.9979465276997413,0.022574770898029783,0.020284953904470715,0.999931856695365,False
10.41625,1,554,555,4.409939999999942,4.409939999999942,0.0,0.018252750001020862,0.018252750001020862,0.09003112500331689,0.08397093750318936,0.005313468750127513,0.018252750001020862,0.005023821588976511,0.0023111809780384587,0.0023111809780384587,0.0,0.998080841481919,0.022903192546495955,0.020592011568457497,0.9999371779036631,False
10.433,1,555,556,4.415969999999942,4.415969999999942,0.0,0.019006500001020814,0.019006500001020814,0.09000093750318916,0.08318700000306162,0.005690343750127489,0.019006500001020814,0.005023821588976511,0.002335580323300871,0.002335580323300871,0.0,0.998083195206512,0.023092503106920466,0.020756922783619593,0.9999373620884534,False
10.452,1,556,557,4.4228099999999415,4.4228099999999415,0.0,0.019861500001020684,0.019861500001020684,0.09002700000306083,0.08310478125293337,0.005842218750127424,0.019861500001020684,0.005023821588976511,0.002400416977219999,0.002400416977219999,0.0,0.9982243947116785,0.023709353233325063,0.021308936256105065,0.9999430927327394,False
10.47125,1,557,558,4.429739999999941,4.429739999999941,0.0,0.020727750001020687,0.020727750001020687,0.09003478125293374,0.0822463125028062,0.0062753437501274255,0.020727750001020687,0.005023821588976511,0.002423515764927795,0.002423515764927795,0.0,0.9982679646137577,0.023784191117783793,0.021360675352855997,0.999944793671353,False
10.493,1,558,559,4.4375699999999405,4.4375699999999405,0.0,0.02170650000102058,0.02170650000102058,0.0900763125028057,0.08168596875267829,0.007254093750127394,0.02170650000102058,0.005023821588976511,0.0024626445039565006,0.0024626445039565006,0.0,0.9983993200500856,0.02208065890380946,0.01961801439985296,0.9999487280526937,False
10.51625,1,559,560,4.445939999999941,4.445939999999941,0.0,0.02275275000102055,0.02275275000102055,0.09005596875267817,0.08061937500255077,0.00594975000025513,0.02275275000102055,0.005023821588976511,0.0024099576059175955,0.0024099576059175955,0.0,0.9986023564554849,0.023594899714912812,0.021184942108995217,0.9999575295239304,False
10.5425,1,560,561,4.45538999999994,4.45538999999994,0.0,0.023934000001020438,0.023934000001020438,0.09006937500255005,0.08015465625242273,0.006540375000255074,0.023934000001020438,0.005023821588976511,0.002402986308112553,0.002402986308112553,0.0,0.99837113963991,0.02333568878848806,0.020932702480375508,0.9999484217318853,False
10.57,1,561,562,4.465289999999939,4.465289999999939,0.0,0.02517150000102035,0.02517150000102035,0.09005465625242232,0.0844785468773587,0.005576109375063621,0.02517150000102035,0.005023821588976511,0.002408378881703331,0.002408378881703331,0.0,0.9985075299110091,0.023884131353000257,0.021475752471296926,0.9999539254391037,False
10.5855,1,562,563,4.470869999999939,4.470869999999939,0.0,0.025869000001020357,0.025869000001020357,0.09005854687735881,0.08378493750229513,0.005708296875063607,0.025869000001020357,0.005023821588976511,0.0024347333169018235,0.0024347333169018235,0.0,0.9981470890609804,0.024037010746478196,0.021602277429576374,0.9999402682109318,False
10.603,1,563,564,4.477169999999939,4.477169999999939,0.0,0.02665650000102031,0.02665650000102031,0.09008493750229486,0.08358914062723125,0.006102046875063583,0.02665650000102031,0.005023821588976511,0.0024278724652604428,0.0024278724652604428,0.0,0.9982108877521552,0.024040092434110448,0.021612219968850006,0.9999427193198456,False
10.621,1,564,565,4.483649999999939,4.483649999999939,0.0,0.027466500001020206,0.027466500001020206,0.09006914062723062,0.08276334375216704,0.0053317500001274646,0.027466500001020206,0.005023821588976511,0.0024302994974500372,0.0024302994974500372,0.0,0.9983193669770004,0.02408904207207592,0.021658742574625883,0.9999469286591357,False
10.64125,1,565,566,4.490939999999939,4.490939999999939,0.0,0.02837775000102018,0.02837775000102018,0.09005334375216711,0.08223004687710353,0.005787375000127452,0.02837775000102018,0.005023821588976511,0.002467955238785899,0.002467955238785899,0.0,0.9981381601567189,0.024349939007532857,0.02188198376874696,0.9999400854589628,False
10.663,1,566,567,4.498769999999938,4.498769999999938,0.0,0.029356500001020074,0.029356500001020074,0.09006004687710296,0.08125800000203948,0.005981437500127404,0.029356500001020074,0.005023821588976511,0.002484913602691601,0.002484913602691601,0.0,0.9982831341795156,0.0243829899619029,0.0218980763592113,0.9999456671851175,False
10.6875,1,567,568,4.507589999999938,4.507589999999938,0.0,0.03045900000101999,0.03045900000101999,0.09007800000203925,0.0817537500019118,0.006532687500127362,0.03045900000101999,0.005023821588976511,0.0024636747659870332,0.0024636747659870332,0.0,0.9983605897987599,0.023976743990916094,0.02151306922492906,0.9999483972030363,False
10.7105,1,568,569,4.515869999999938,4.515869999999938,0.0,0.03149400000102004,0.01574700000051002,0.0900337500019121,0.08067450000178467,0.0075676875001274395,0.01574700000051002,0.005023821588976511,0.0024758449504124758,0.0024758449504124758,0.0,0.9984661621376827,0.022041762407668475,0.019565917457256,0.9999510925546263,False
10.7365,1,569,570,4.5252299999999375,4.5252299999999375,0.0,0.016917000000509934,0.016917000000509934,0.090034500001784,0.08499768750172035,0.005036812500063665,0.016917000000509934,0.005023821588976511,0.002436478835738559,0.002436478835738559,0.0,0.9986729136775818,0.02414704662884809,0.02171056779310953,0.9999604413577523,False
10.7505,1,570,571,4.530269999999938,4.530269999999938,0.0,0.017547000000509863,0.017547000000509863,0.09003768750171984,0.08437087500165619,0.0053518125000636295,0.017547000000509863,0.005023821588976511,0.002319986175139888,0.002319986175139888,0.0,0.9979468150205838,0.02287318197848029,0.0205531958033404,0.9999320113359524,False
10.76625,1,571,572,4.535939999999937,4.535939999999937,0.0,0.018255750000509843,0.018255750000509843,0.09004087500165614,0.08398031250159248,0.005313843750063641,0.018255750000509843,0.005023821588976511,0.0023303667273269187,0.0023303667273269187,0.0,0.9980810570243893,0.023089015309353554,0.020758648582026636,0.9999372753762663,False
10.783,1,572,573,4.541969999999937,4.541969999999937,0.0,0.019009500000509796,0.019009500000509796,0.09001031250159228,0.0831960000015286,0.005690718750063617,0.019009500000509796,0.005023821588976511,0.0023546476217973875,0.0023546476217973875,0.0,0.9980834105141534,0.02326086112240571,0.020906213500608326,0.9999374511960661,False
10.802,1,573,574,4.5488099999999365,4.5488099999999365,0.0,0.019864500000509745,0.019864500000509745,0.09003600000152845,0.0831134062514648,0.005842593750063592,0.019864500000509745,0.005023821588976511,0.0024080237729413073,0.0024080237729413073,0.0,0.9982245345275306,0.023794964829495148,0.02138694105655384,0.9999431395823816,False
10.821250000000001,1,574,575,4.555739999999936,4.555739999999936,0.0,0.020730750000509668,0.020730750000509668,0.09004340625146451,0.08225456250140084,0.006275718750063553,0.020730750000509668,0.005023821588976511,0.002427649170976193,0.002427649170976193,0.0,0.9982680818109546,0.023839527249613843,0.02141187807863765,0.999944824206706,False
10.843,1,575,576,4.563569999999936,4.563569999999936,0.0,0.02170950000050956,0.02170950000050956,0.09008456250140036,0.08169384375133681,0.007254468750063522,0.02170950000050956,0.005023821588976511,0.0024848872777145873,0.0024848872777145873,0.0,0.9983995135833448,0.02230670113114626,0.019821813853431673,0.9999488427709418,False
10.86625,1,576,577,4.571939999999936,4.571939999999936,0.0,0.02275575000050953,0.02275575000050953,0.09006384375133669,0.08062687500127316,0.005950500000127376,0.02275575000050953,0.005023821588976511,0.002432216116636566,0.002432216116636566,0.0,0.9986025308917293,0.023806755026472587,0.02137453890983602,0.9999576373374803,False
10.8925,1,577,578,4.581389999999935,4.581389999999935,0.0,0.02393700000050942,0.02393700000050942,0.09007687500127246,0.08016178125120903,0.006541125000127319,0.02393700000050942,0.005023821588976511,0.002428805176476346,0.002428805176476346,0.0,0.9983714409589283,0.02358204838213397,0.021153243205657625,0.9999485511194602,False
10.92,1,578,579,4.591289999999934,4.591289999999934,0.0,0.02517450000050933,0.02517450000050933,0.09006178125120863,0.08448548437617696,0.005576296875031665,0.02517450000050933,0.005023821588976511,0.0024272937640594672,0.0024272937640594672,0.0,0.9985077687907925,0.02405987876665889,0.021632585002599423,0.9999540179906865,False
10.935500000000001,1,579,580,4.596869999999934,4.596869999999934,0.0,0.025872000000509338,0.025872000000509338,0.09006548437617709,0.08379168750114535,0.005708484375031671,0.025872000000509338,0.005023821588976511,0.0024566935495280344,0.0024566935495280344,0.0,0.9981472545931869,0.02425595056482458,0.021799257015296548,0.9999403798683953,False
10.95275,1,580,581,4.603079999999934,4.603079999999934,0.0,0.026648250000509237,0.026648250000509237,0.09000168750114465,0.08351695312611303,0.006096609375031621,0.026648250000509237,0.005023821588976511,0.002441158387293937,0.002441158387293937,0.0,0.9982078820773754,0.024150961377998804,0.021709802990704866,0.9999426572686982,False
10.971,1,581,582,4.609649999999934,4.609649999999934,0.0,0.027469500000509187,0.027469500000509187,0.09008695312611283,0.08278096875108118,0.005332125000063587,0.027469500000509187,0.005023821588976511,0.002446201052023289,0.002446201052023289,0.0,0.9983208688395783,0.02424052343223737,0.02179432238021408,0.9999470594478983,False
10.99125,1,582,583,4.616939999999934,4.616939999999934,0.0,0.028380750000509162,0.028380750000509162,0.09007096875108125,0.08224185937604958,0.0057877500000635745,0.028380750000509162,0.005023821588976511,0.0024808403034135163,0.0024808403034135163,0.0,0.9981383364041664,0.024497524134855758,0.022016683831442244,0.9999401633976511,False
11.013,1,583,584,4.624769999999934,4.624769999999934,0.0,0.029359500000509135,0.029359500000509135,0.09007185937604967,0.08126400000101801,0.0059818125000635665,0.029359500000509135,0.005023821588976511,0.002506714551159045,0.002506714551159045,0.0,0.9982833382945432,0.024612290989679916,0.02210557643852087,0.9999457849422744,False
11.0375,1,584,585,4.633589999999933,4.633589999999933,0.0,0.03046200000050905,0.03046200000050905,0.09008400000101777,0.08175937500095412,0.0065330625000635245,0.03046200000050905,0.005023821588976511,0.002495215999917153,0.002495215999917153,0.0,0.9983608332835802,0.02429373898644839,0.02179852298653124,0.999948557766993,False
11.060500000000001,1,585,586,4.641869999999933,4.641869999999933,0.0,0.03149700000050902,0.01574850000025451,0.09003937500095377,0.08067975000089023,0.007568062500063522,0.01574850000025451,0.005023821588976511,0.002505213406893549,0.002505213406893549,0.0,0.9984663837738275,0.022329542905472885,0.019824329498579336,0.9999512372058676,False
11.086500000000001,1,586,587,4.6512299999999325,4.6512299999999325,0.0,0.016918500000254424,0.016918500000254424,0.09003975000088957,0.08500275000085784,0.005037000000031725,0.016918500000254424,0.005023821588976511,0.002444687443630184,0.002444687443630184,0.0,0.9986730072965516,0.024281336798820552,0.02183664935519037,0.9999605066806677,False
11.1005,1,587,588,4.656269999999932,4.656269999999932,0.0,0.017548500000254354,0.017548500000254354,0.09004275000085732,0.08437575000082562,0.00535200000003169,0.017548500000254354,0.005023821588976511,0.002350413251560602,0.002350413251560602,0.0,0.9979470350857406,0.023179523253802875,0.020829110002242274,0.9999321672612819,False
11.11625,1,588,589,4.661939999999932,4.661939999999932,0.0,0.018257250000254334,0.018257250000254334,0.09004575000082557,0.08398500000079384,0.005314031250031682,0.018257250000254334,0.005023821588976511,0.002349979510075709,0.002349979510075709,0.0,0.9980812148006138,0.023285128174920816,0.020935148664845107,0.9999373756118343,False
11.133000000000001,1,589,590,4.667969999999931,4.667969999999931,0.0,0.019011000000254286,0.019011000000254286,0.09001500000079364,0.0832005000007619,0.0056909062500316585,0.019011000000254286,0.005023821588976511,0.0023784507208705835,0.0023784507208705835,0.0,0.9980835896884662,0.023482245873844572,0.02110379515297399,0.9999375643082054,False
11.152000000000001,1,590,591,4.6748099999999315,4.6748099999999315,0.0,0.019866000000254236,0.019866000000254236,0.09004050000076178,0.08311771875073007,0.0058427812500316334,0.019866000000254236,0.005023821588976511,0.002414555486073238,0.002414555486073238,0.0,0.998224618282224,0.023857317857776797,0.021442762371703557,0.9999431730637423,False
11.17125,1,591,592,4.681739999999931,4.681739999999931,0.0,0.02073225000025416,0.02073225000025416,0.09004771875072978,0.08225868750069808,0.006275906250031595,0.02073225000025416,0.005023821588976511,0.002430613680555879,0.002430613680555879,0.0,0.9982681452441338,0.023866634556476973,0.021436020875921093,0.9999448392205322,False
11.193,1,592,593,4.689569999999931,4.689569999999932,8.881784197001252e-16,0.02171100000025413,0.02171100000025413,0.09008868750069823,0.08169778125066655,0.007254656250031643,0.02171100000025413,0.005023821588976511,0.0025037616660655688,0.0025037616660655688,0.0,0.9983996482839632,0.022510767471102713,0.020007005805037146,0.9999489448426533,False
11.21625,1,593,594,4.697939999999932,4.697939999999932,0.0,0.022757250000254022,0.022757250000254022,0.0900677812506658,0.08063062500063424,0.005950875000063478,0.022757250000254022,0.005023821588976511,0.0024556082677909077,0.0024556082677909077,0.0,0.9986026793485145,0.024026050383262693,0.021570442115471784,0.999957747777117,False
11.2425,1,594,595,4.707389999999931,4.707389999999931,0.0,0.02393850000025399,0.02393850000025399,0.09008062500063416,0.08016534375060262,0.006541500000063462,0.02393850000025399,0.005023821588976511,0.0024557956087967354,0.0024557956087967354,0.0,0.998371661301073,0.023845814159622267,0.02139001855082553,0.999948685532447,False
11.27,1,595,596,4.717289999999931,4.717289999999931,0.0,0.0251760000002539,0.0251760000002539,0.09006534375060221,0.08448895312558648,0.0055763906250157255,0.0251760000002539,0.005023821588976511,0.0024506515951668766,0.0024506515951668766,0.0,0.998507957327032,0.02428131737410734,0.021830665778940463,0.999954130702982,False
11.2855,1,596,597,4.722869999999929,4.722869999999929,0.0,0.02587350000025383,0.02587350000025383,0.09006895312558597,0.08379506250057026,0.005708578125015692,0.02587350000025383,0.005023821588976511,0.0024780507196321623,0.0024780507196321623,0.0,0.9981473890348831,0.02447730529741636,0.0219992545777842,0.9999404915041916,False
11.30275,1,597,598,4.7290799999999305,4.7290799999999305,0.0,0.026649750000253807,0.026649750000253807,0.0900050625005702,0.08352023437555448,0.006096703125015681,0.026649750000253807,0.005023821588976511,0.0024638047062749816,0.0024638047062749816,0.0,0.9982080218040319,0.024359114834041365,0.021895310127766382,0.9999427626379795,False
11.32075,1,598,599,4.7355599999999285,4.7355599999999285,0.0,0.027459750000253705,0.027459750000253705,0.09000023437555385,0.08270540625053815,0.0053266875000316525,0.027459750000253705,0.005023821588976511,0.002458964279173404,0.002458964279173404,0.0,0.9983182013681536,0.024335529479326906,0.021876565200153502,0.9999470026801435,False
11.34125,1,599,600,4.74293999999993,4.742939999999929,-8.881784197001252e-16,0.028382250000253652,0.028382250000253652,0.09008540625053801,0.08225620312552234,0.005787937500031626,0.028382250000253652,0.005023821588976511,0.002490521767338512,0.002490521767338512,0.0,0.9981401270879646,0.024602913409498224,0.022112391642159713,0.9999402832600464,False
11.363,1,600,601,4.750769999999928,4.750769999999928,0.0,0.029361000000253625,0.029361000000253625,0.09008620312552243,0.0812782500005068,0.0059820000000315975,0.029361000000253625,0.005023821588976511,0.002520371553396968,0.002520371553396968,0.0,0.9982834528109683,0.02478132516572222,0.022260953612325253,0.9999458701045696,False
11.38725,1,601,602,4.759499999999929,4.759499999999929,0.0,0.030452250000253568,0.030452250000253568,0.09000825000050677,0.08168906250047506,0.006527625000031569,0.030452250000253568,0.005023821588976511,0.0025302068463557933,0.0025302068463557933,0.0,0.9983584230694691,0.024640285633806144,0.02211007878745035,0.9999486301647499,False
11.4105,1,602,603,4.767869999999929,4.767869999999929,0.0,0.03149850000025351,0.015749250000126756,0.09005906250047452,0.08069362500044291,0.007573875000031541,0.015749250000126756,0.005023821588976511,0.002537478619390254,0.002537478619390254,0.0,0.998467730720019,0.02265133303732482,0.020113854417934566,0.9999514425475212,False
11.4365,1,603,604,4.777229999999928,4.777229999999928,0.0,0.01691925000012667,0.01691925000012667,0.09005362500044226,0.08501653125042652,0.005037093750015751,0.01691925000012667,0.005023821588976511,0.002432667354205748,0.002432667354205748,0.0,0.998673834503006,0.024195066298572085,0.021762398944366337,0.9999604948351355,False
11.4505,1,604,605,4.782269999999928,4.782269999999928,0.0,0.01754925000012668,0.01754925000012668,0.09005653125042663,0.08438943750041082,0.005352093750015756,0.01754925000012668,0.005023821588976511,0.002376349831321273,0.002376349831321273,0.0,0.9979471986273911,0.02343578437575386,0.021059434544432588,0.9999322971278669,False
11.46625,1,605,606,4.787939999999928,4.787939999999928,0.0,0.01825800000012658,0.01825800000012658,0.09005943750041014,0.08399859375039442,0.005314125000015698,0.01825800000012658,0.005023821588976511,0.0023680191492561485,0.0023680191492561485,0.0,0.9980813343317166,0.023486595511102694,0.021118576361846546,0.9999374771441933,False
11.483,1,606,607,4.793969999999927,4.793969999999927,0.0,0.01901175000012653,0.01901175000012653,0.09002859375039422,0.0832140000003785,0.005691000000015674,0.01901175000012653,0.005023821588976511,0.002411769390342556,0.002411769390342556,0.0,0.9980837860158931,0.023820912268699423,0.02140914287835687,0.9999377343054385,False
11.502,1,607,608,4.800809999999927,4.800809999999927,0.0,0.01986675000012648,0.01986675000012648,0.09005400000037836,0.08313112500036263,0.005845687500015642,0.01986675000012648,0.005023821588976511,0.002424744075466896,0.002424744075466896,0.0,0.9982246959421102,0.02392706786820708,0.021502323792740183,0.9999432096387252,False
11.52125,1,608,609,4.807739999999926,4.807739999999926,0.0,0.020733000000126404,0.020733000000126404,0.09006112500036234,0.08227200000034664,0.0062788125000156035,0.020733000000126404,0.005023821588976511,0.00243688876378514,0.00243688876378514,0.0,0.9982689329184277,0.023897803489382155,0.021460914725597014,0.9999448844002646,False
11.54275,1,609,610,4.815479999999926,4.815479999999926,0.0,0.021700500000126403,0.021700500000126403,0.090012000000347,0.08163225000033128,0.007246312500015678,0.021700500000126403,0.005023821588976511,0.00250414937537506,0.00250414937537506,0.0,0.9983977902965794,0.02254941698682282,0.02004526761144776,0.9999488902553987,False
11.566,1,610,611,4.823849999999926,4.823849999999926,0.0,0.022746750000126294,0.022746750000126294,0.09000225000033052,0.08057625000031492,0.005948250000031546,0.022746750000126294,0.005023821588976511,0.0024918087788522196,0.0024918087788522196,0.0,0.9986014428198292,0.024360103626595936,0.021868294847743715,0.999957861038534,False
11.59225,1,611,612,4.833299999999925,4.833299999999925,0.0,0.02392800000012618,0.02392800000012618,0.0900262500003142,0.0801193125002987,0.00653887500003149,0.02392800000012618,0.005023821588976511,0.002482968714131948,0.002482968714131948,0.0,0.9983711912173618,0.024106501904822053,0.021623533190690106,0.9999487911241114,False
11.61975,1,612,613,4.843199999999926,4.843199999999926,0.0,0.025165500000126174,0.025165500000126174,0.09001931250029893,0.08444709375029119,0.005572218750007743,0.025165500000126174,0.005023821588976511,0.0024737638291740197,0.0024737638291740197,0.0,0.9985075627621226,0.02451235284431181,0.02203858901513779,0.9999542247089128,False
11.635250000000001,1,613,614,4.848779999999925,4.848779999999925,0.0,0.0258630000001261,0.0258630000001261,0.09002709375029067,0.08375737500028296,0.005704406250007709,0.0258630000001261,0.005023821588976511,0.0024869156723135778,0.0024869156723135778,0.0,0.9981461917464607,0.0245913916419183,0.02210447596960472,0.9999405005486195,False
11.652750000000001,1,614,615,4.855079999999925,4.855079999999925,0.0,0.026650500000126053,0.026650500000126053,0.09005737500028269,0.08356546875027496,0.006098156250007685,0.026650500000126053,0.005023821588976511,0.0024960125225218714,0.0024960125225218714,0.0,0.9982101498340019,0.024678157107660498,0.022182144585138626,0.9999429975178356,False
11.67075,1,615,616,4.861559999999924,4.861559999999924,0.0,0.02746050000012595,0.02746050000012595,0.09004546875027433,0.08274356250026665,0.005331000000015673,0.02746050000012595,0.005023821588976511,0.0024925684343261225,0.0024925684343261225,0.0,0.9983187271941067,0.02463686663220465,0.022144298197878526,0.9999471671974602,False
11.691,1,616,617,4.868849999999925,4.868849999999924,-8.881784197001252e-16,0.028371750000125925,0.028371750000125925,0.09003356250026673,0.08221415625025903,0.00578662500001566,0.028371750000125925,0.005023821588976511,0.0024855509943710846,0.0024855509943710846,0.0,0.998138021421173,0.02454610074821951,0.022060549753848423,0.9999401752486479,False
11.71275,1,617,618,4.876679999999924,4.876679999999924,0.0,0.029350500000125897,0.029350500000125897,0.09004415625025912,0.08124600000025145,0.005980687500015652,0.029350500000125897,0.005023821588976511,0.002520759179982593,0.002520759179982593,0.0,0.9982831181121524,0.02481062495967827,0.02228986577969568,0.9999458708109976,False
11.73725,1,618,619,4.885499999999924,4.885499999999924,0.0,0.030453000000125813,0.030453000000125813,0.09006600000025121,0.08174250000023547,0.00653193750001561,0.030453000000125813,0.005023821588976511,0.00256160908909355,0.00256160908909355,0.0,0.9983608993790445,0.024967257845801144,0.022405648756707593,0.9999488817589409,False
11.760250000000001,1,619,620,4.893779999999923,4.893779999999923,0.0,0.03148800000012578,0.01574400000006289,0.09002250000023515,0.0806640000002195,0.007566937500015608,0.01574400000006289,0.005023821588976511,0.0025547698052463073,0.0025547698052463073,0.0,0.9984663961839421,0.022873656827998648,0.020318887022752342,0.9999514954193357,False
11.78625,1,620,621,4.903139999999923,4.903139999999923,0.0,0.016914000000062806,0.016914000000062806,0.09002400000021885,0.08498756250021108,0.005036437500007769,0.016914000000062806,0.005023821588976511,0.0024161779793564456,0.0024161779793564456,0.0,0.9986726873269836,0.02405754973114023,0.021641371751783784,0.9999603831472007,False
11.80025,1,621,622,4.9081799999999225,4.908179999999923,8.881784197001252e-16,0.017544000000062735,0.017544000000062735,0.09002756250021056,0.08436112500020282,0.005351437500007734,0.017544000000062735,0.005023821588976511,0.002410076381870532,0.002410076381870532,0.0,0.9979471279449827,0.023756639099654038,0.021346562717783506,0.9999324487516823,False
11.816,1,622,623,4.913849999999922,4.913849999999922,0.0,0.018252750000062715,0.018252750000062715,0.09003112500020277,0.08397093750019499,0.005313468750007725,0.018252750000062715,0.005023821588976511,0.002370242736287822,0.002370242736287822,0.0,0.9980811366544939,0.023501677268004555,0.02113143453171673,0.999937477581807,False
11.83275,1,623,624,4.919879999999923,4.919879999999923,0.0,0.019006500000062668,0.019006500000062668,0.09000093750019479,0.08318700000018701,0.005690343750007701,0.019006500000062668,0.005023821588976511,0.002418182681092763,0.002418182681092763,0.0,0.998083608086258,0.023925992975332745,0.021507810294239982,0.9999377787167218,False
11.851750000000001,1,624,625,4.926719999999922,4.926719999999923,8.881784197001252e-16,0.019861500000062617,0.019861500000062617,0.09002700000018687,0.08310478125017912,0.005842218750007676,0.019861500000062617,0.005023821588976511,0.0024536995842785077,0.0024536995842785077,0.0,0.9982246626000081,0.0241915140197482,0.021737814435469693,0.9999433353754978,False
11.871,1,625,626,4.933649999999923,4.933649999999923,0.0,0.02072775000006254,0.02072775000006254,0.09003478125017883,0.0822463125001711,0.006275343750007638,0.02072775000006254,0.005023821588976511,0.0024648573289455834,0.0024648573289455834,0.0,0.9982681733409228,0.02413156366344471,0.021666706334499127,0.9999449679195654,False
11.89275,1,626,627,4.941479999999922,4.941479999999922,0.0,0.021706500000062513,0.021706500000062513,0.09007631250017126,0.08168596875016354,0.007254093750007686,0.021706500000062513,0.005023821588976511,0.002508118774116839,0.002508118774116839,0.0,0.998399541788319,0.02258829873584696,0.02008017996173012,0.9999489746577688,False
11.916,1,627,628,4.9498499999999215,4.9498499999999215,0.0,0.022752750000062404,0.022752750000062404,0.09005596875016278,0.08061937500015517,0.005949750000015574,0.022752750000062404,0.005023821588976511,0.002520016229428024,0.002520016229428024,0.0,0.9986029049433395,0.02466975939327863,0.022149743163850606,0.9999580655461382,False
11.94225,1,628,629,4.9592999999999225,4.9592999999999225,0.0,0.02393400000006237,0.02393400000006237,0.09006937500015508,0.0801546562501475,0.006540375000015557,0.02393400000006237,0.005023821588976511,0.002523687149046214,0.002523687149046214,0.0,0.9983717397878866,0.024497770182626416,0.021974083033580203,0.9999489998250803,False
11.96975,1,629,630,4.969199999999922,4.969199999999922,0.0,0.025171500000062283,0.025171500000062283,0.09005465625014711,0.08447854687514336,0.005576109375003747,0.025171500000062283,0.005023821588976511,0.002501679069710865,0.002501679069710865,0.0,0.9985079921816592,0.02476303124149261,0.022261352171781743,0.9999543606198172,False
11.98525,1,630,631,4.974779999999921,4.974779999999921,0.0,0.02586900000006221,0.02586900000006221,0.09005854687514284,0.0837849375001391,0.0057082968750037134,0.02586900000006221,0.005023821588976511,0.0024992160527778236,0.0024992160527778236,0.0,0.9981474112874341,0.024694292467220776,0.022195076414442953,0.9999405970453951,False
