time,inserted_nodes,node_count_before,node_count_after,rest_length_before,rest_length_after,rest_length_error,tail_rest_length_before,tail_rest_length_after,payout_buffer_rest_length_before,payout_buffer_rest_length_after,payout_buffer_min_rest_length_after,payout_buffer_max_rest_length_after,minimum_physical_rest_length_after,peak_tension_before,peak_tension_after,peak_tension_jump,minimum_geometric_ratio_after,peak_tension_post_step,peak_tension_post_step_jump,minimum_standard_ratio_post_step,remeshed_in_same_step
0.5525,1,33,34,0.33000625869273076,0.33000625869273076,0.0,0.011250782336591344,0.011250782336591344,0.09000625869273075,0.08438086752443508,0.005625391168295672,0.011250782336591344,0.005625391168295672,0.0003915688822204648,0.0003915688822204648,0.0,0.9998534919406635,0.003645601987226673,0.003254033105006208,0.9999956141255149,False
0.64725,1,34,35,0.33564230691665375,0.33564230691665375,0.0,0.011955288364581717,0.0059776441822908585,0.09001691574835806,0.08368701855207202,0.0059776441822908585,0.011955288364581717,0.005625391168295672,0.0,0.0,0.0,0.9996511447312728,0.0012458789533411063,0.0012458789533411063,0.9999857104187496,False
0.731,1,35,36,0.3419680771350651,0.34196807713506516,5.551115123125783e-17,0.006768365459592284,0.006768365459592284,0.09001278877048341,0.07726677912860028,0.006373004820941571,0.012746009641883141,0.005625391168295672,0.0,0.0,0.0,0.9995991671278461,0.0,0.0,0.9999837970267577,False
0.8632500000000001,1,36,37,0.35470923342892846,0.35470923342892846,0.0,0.008361009996325199,0.008361009996325199,0.09000793542246358,0.07566928124384753,0.0071693270893080285,0.014338654178616057,0.005625391168295672,0.0,0.0,0.0,0.9995514711659171,0.0,0.0,0.999980698569077,False
0.9812500000000001,1,37,38,0.36905404198106573,0.36905404198106573,0.0,0.010154111065342357,0.010154111065342357,0.09001408979598483,0.0738823345483516,0.0050770555326711785,0.01613175524763322,0.0050770555326711785,0.0,0.0,0.0,0.999512822262176,0.0,0.0,0.9999788488071076,False
1.0925,1,38,39,0.38520149178017193,0.38520149178017193,0.0,0.012172542290230633,0.012172542290230633,0.09002978434745779,0.07187959787493631,0.005888590825789956,0.012172542290230633,0.005625391168295672,0.0,0.0,0.0,0.9992812080606966,0.0,0.0,0.9999706525863209,False
1.20075,1,39,40,0.4033382984708233,0.40333829847082325,-5.551115123125783e-17,0.014439643126562063,0.014439643126562063,0.09001640456558777,0.07676844434604287,0.007022141243955672,0.014439643126562063,0.005625391168295672,0.0,0.0,0.0,0.9992876021596019,0.0,0.0,0.9999710417573583,False
1.27225,1,40,41,0.4165941535694859,0.4165941535694859,0.0,0.01609662501389489,0.01609662501389489,0.09002429944470541,0.0751193573378277,0.00550978474061185,0.01609662501389489,0.00550978474061185,0.0,0.0,0.0,0.9992784248885545,0.0,0.0,0.9999707203135332,False
1.347,1,41,42,0.4314945423820792,0.4314945423820792,0.0,0.01795917361546905,0.01795917361546905,0.09001974615042091,0.07947807441755828,0.005270835866431323,0.01795917361546905,0.005270835866431323,0.0,0.0,0.0,0.9990897794888964,0.0,0.0,0.9999638954029478,False
1.397,1,42,43,0.4420302552201444,0.4420302552201444,0.0,0.019276137720227175,0.019276137720227175,0.09001378725562349,0.08342598728443401,0.006496093127893259,0.019276137720227175,0.005625391168295672,0.0,0.0,0.0,0.9989378133244426,0.0,0.0,0.9999581537787596,False
1.4272500000000001,1,43,44,0.4486164279734655,0.4486164279734655,0.0,0.020099409314392302,0.020099409314392302,0.09001216003775511,0.08260108847240048,0.006907728924975826,0.020099409314392302,0.005625391168295672,0.0,0.0,0.0,0.9990211175844794,0.0,0.0,0.9999615492083865,False
1.4605000000000001,1,44,45,0.4560334949094262,0.4560334949094262,0.0,0.02102654268138738,0.02102654268138738,0.0900181554083612,0.0817716573193077,0.005219851204052191,0.02102654268138738,0.005219851204052191,0.0,0.0,0.0,0.999062815914615,0.0,0.0,0.9999633168709614,False
1.4965,1,45,46,0.46426624740439926,0.46426624740439926,0.0,0.02205563674325901,0.02205563674325901,0.09000440981428083,0.0807288176633557,0.005734398234988015,0.02205563674325901,0.005625391168295672,0.0,0.0,0.0,0.9987954372917858,0.0,0.0,0.9999530303690406,False
1.5362500000000001,1,46,47,0.47359001064008077,0.4735900106400808,5.551115123125783e-17,0.023221107147719168,0.023221107147719168,0.09005258089903719,0.0850378675198858,0.005014713379151381,0.023221107147719168,0.005014713379151381,0.0,0.0,0.0,0.9988807477445595,0.0,0.0,0.9999564753943517,False
1.55725,1,47,48,0.4786103226369689,0.4786103226369689,0.0,0.02384864614733018,0.02384864614733018,0.09005817951677383,0.08441592713801147,0.00532848287895688,0.02384864614733018,0.005014713379151381,0.0,0.0,0.0,0.9986141516250298,0.0,0.0,0.9999464562950563,False
1.5805,1,48,49,0.48424154865869873,0.4842415486586986,-1.1102230246251565e-16,0.024552549400046416,0.024552549400046416,0.09004715315974125,0.08401476702806815,0.006032386131673102,0.024552549400046416,0.005014713379151381,0.0,0.0,0.0,0.9986863839408997,0.0,0.0,0.9999485480654594,False
1.605,1,49,50,0.49025541280258755,0.4902554128025876,5.551115123125783e-17,0.02530428241803253,0.02530428241803253,0.09002863117195711,0.08324451202229788,0.0052447399758368774,0.02530428241803253,0.005014713379151381,0.0,0.0,0.0,0.9988162989017331,0.0,0.0,0.9999542873676448,False
1.63225,1,50,51,0.4970362769671324,0.4970362769671323,-5.551115123125783e-17,0.026151890438600625,0.026151890438600625,0.09002537618684262,0.08485277670620989,0.005172599480632729,0.026151890438600625,0.005014713379151381,2.718409361797154e-05,2.718409361797154e-05,0.0,0.9986631461209075,2.4653891455401226e-05,-2.5302021625703123e-06,0.9999482484833867,False
1.65275,1,51,52,0.5021983168980267,0.5021983168980267,0.0,0.026797145429962425,0.026797145429962425,0.09001481663710434,0.0841969621651098,0.005495226976313632,0.026797145429962425,0.005014713379151381,4.6584353864809396e-05,4.6584353864809396e-05,0.0,0.9985866503625196,0.00011518801293383674,6.860365906902733e-05,0.9999456953531695,False
1.67575,1,52,53,0.5080489345359367,0.5080489345359368,1.1102230246251565e-16,0.02752847263470115,0.02752847263470115,0.09004757980301975,0.08382102562196737,0.005603617063215095,0.02752847263470115,0.005014713379151381,5.9901404286518625e-05,5.9901404286518625e-05,0.0,0.9986656476491657,0.0001942045484912558,0.00013430314420473716,0.9999487506429866,False
1.7,1,53,54,0.5142816077001197,0.5142816077001198,1.1102230246251565e-16,0.028307556780224022,0.028307556780224022,0.09005369878615029,0.08304806045957505,0.005993159135976526,0.028307556780224022,0.005014713379151381,7.611457320514536e-05,7.611457320514536e-05,0.0,0.998684912529051,0.00020234660610020383,0.00012623203289505847,0.9999494507702237,False
1.727,1,54,55,0.5212936065526732,0.5212936065526732,0.0,0.029184056636793222,0.029184056636793222,0.09006005931212861,0.08280085824682147,0.006869658992545721,0.029184056636793222,0.005014713379151381,9.198238235733479e-05,9.198238235733479e-05,0.0,0.9987652289363839,1.0889088572873542e-05,-8.109329378446124e-05,0.9999521579412302,False
1.7545,1,55,56,0.5285082143390347,0.5285082143390348,1.1102230246251565e-16,0.03008588261008842,0.03008588261008842,0.09001546603318301,0.08185443899458067,0.005013170083946395,0.03008588261008842,0.005013170083946395,0.00010584572015431967,0.00010584572015431967,0.0,0.998897923265132,0.0005220068191590793,0.00041616109900475965,0.9999577656538366,False
1.78525,1,56,57,0.5366546222401432,0.5366546222401432,0.0,0.031104183597726973,0.031104183597726973,0.09000084689568906,0.08121106094220959,0.005522320577765669,0.031104183597726973,0.005014713379151381,0.00012334039201708415,0.00012334039201708415,0.0,0.9985660196346683,0.0005322677801856135,0.00040892738816852934,0.9999449403036892,False
1.8182500000000001,1,57,58,0.545479905601339,0.5454799056013391,1.1102230246251565e-16,0.03220734401787647,0.03220734401787647,0.09003634430340549,0.08014339792977652,0.005103957233150225,0.03220734401787647,0.005014713379151381,0.00014076000637585796,0.00014076000637585796,0.0,0.9986827081546212,0.0006972617343397186,0.0005565017279638607,0.9999494416726692,False
1.855,1,58,59,0.5553947151087826,0.5553947151087826,0.0,0.03344669520630689,0.03344669520630689,0.09005820743722008,0.08168422475705522,0.005723632827365448,0.03344669520630689,0.005014713379151381,0.0001584407470629077,0.0001584407470629077,0.0,0.998612468402239,0.0006818908941426532,0.0005234501470797456,0.9999466221860677,False
1.88575,1,59,60,0.5637489531342444,0.5637489531342446,1.1102230246251565e-16,0.03449097495948961,0.017245487479744807,0.09003846278251701,0.08062020034916942,0.0067679125805481756,0.017245487479744807,0.005014713379151381,0.00017163957077323777,0.00017163957077323777,0.0,0.9986921197854081,0.0,-0.00017163957077323777,0.9999461637377618,False
1.92025,1,60,61,0.573171357470087,0.573171357470087,0.0,0.01842328802172514,0.01842328802172514,0.09004260468501199,0.08499914844425767,0.005043456240754324,0.01842328802172514,0.005014713379151381,0.00017122971096809354,0.00017122971096809354,0.0,0.9988805908567892,0.0010910849039105913,0.0009198551929424977,0.9999570780610777,False
1.93875,1,61,62,0.5782403669048292,0.5782403669048292,0.0,0.0190569142010679,0.0190569142010679,0.0900681578789998,0.0843910754589027,0.0053602693304257085,0.0190569142010679,0.005014713379151381,0.00018512072066654357,0.00018512072066654357,0.0,0.9984307096127937,0.0011577852182824838,0.0009726644976159402,0.9999401989268346,False
1.95925,1,62,63,0.5838670207868741,0.5838670207868741,0.0,0.01976024593632351,0.01976024593632351,0.09001772934094769,0.08395412827526635,0.006063601065681337,0.01976024593632351,0.005014713379151381,0.0001955882250334209,0.0001955882250334209,0.0,0.9985285655192037,1.2663459038583597e-06,-0.00019432187912956254,0.9999425999046788,False
1.98125,1,63,64,0.5899129332662706,0.5899129332662705,-1.1102230246251565e-16,0.020515984996248085,0.020515984996248085,0.09000004075466293,0.08318070062905702,0.005329042845633341,0.020515984996248085,0.005014713379151381,0.00020441181169090412,0.00020441181169090412,0.0,0.9986905149074092,0.0013090190507745597,0.0011046072390836555,0.9999502639791996,False
2.00625,1,64,65,0.5967875000000001,0.5967875,-1.1102230246251565e-16,0.02137530583796424,0.02137530583796424,0.0900552673627864,0.0838669036754369,0.00575870326649143,0.02137530583796424,0.005014713379151381,0.00021553714529073397,0.00021553714529073397,0.0,0.9985565747161144,0.0013138614730261317,0.0010983243277353978,0.999945081853818,False
2.02875,1,65,66,0.6029750000000003,0.6029750000000003,0.0,0.022148743337964173,0.022148743337964173,0.09005440367543703,0.0830926024880875,0.005835584219383839,0.022148743337964173,0.005014713379151381,0.00022422497054155148,0.00022422497054155148,0.0,0.998632591054863,0.0013163166783719538,0.0010920917078304023,0.9999479673305398,False
2.054,1,66,67,0.6099187500000005,0.6099187500000004,-1.1102230246251565e-16,0.023016712087964106,0.023016712087964106,0.09003635248808771,0.08263624297159625,0.006269568594383866,0.023016712087964106,0.005014713379151381,0.0002328919127588883,0.0002328919127588883,0.0,0.9986675840086794,0.0012087765077572477,0.0009758845949983594,0.9999492044398142,False
2.081,1,67,68,0.6173437500000005,0.6173437500000004,-1.1102230246251565e-16,0.023944837087964015,0.023944837087964015,0.09006124297159629,0.08173300845510478,0.0070323570599013195,0.023944837087964015,0.005014713379151381,0.00024142906700158566,0.00024142906700158566,0.0,0.9987591149531576,0.0009058803511947239,0.0006644512841931382,0.9999524739288581,False
2.11125,1,68,69,0.6256625000000006,0.6256625000000007,1.1102230246251565e-16,0.02498468083796393,0.02498468083796393,0.09005175845510502,0.08138023673572109,0.007552278934901349,0.02498468083796393,0.005014713379151381,0.00025001193664032825,0.00025001193664032825,0.0,0.9988936232776717,0.0007001861398678311,0.0004501742032275028,0.9999573720452279,False
2.14275,1,69,70,0.6343250000000009,0.6343250000000009,0.0,0.02606749333796385,0.013033746668981924,0.09004273673572147,0.08028840251633747,0.008635091434901408,0.013033746668981924,0.005014713379151381,0.0002579310891548567,0.0002579310891548567,0.0,0.9989657374748742,0.00012444262440503167,-0.00013348846474982504,0.9999592718684671,False
2.1782500000000002,1,70,71,0.6440875000000017,0.6440875000000017,0.0,0.014254059168981984,0.014254059168981984,0.09005090251633795,0.08478057134414593,0.005270331172192021,0.014254059168981984,0.005014713379151381,0.0002621830968654295,0.0002621830968654295,0.0,0.9990938999257802,0.0019375548759827388,0.0016753717791173092,0.9999657852420175,False
2.19725,1,71,72,0.6493125000000018,0.649312500000002,1.1102230246251565e-16,0.014907184168982023,0.014907184168982023,0.09000557134414622,0.08408211517195419,0.00559689367219204,0.014907184168982023,0.005014713379151381,0.0002703950431669146,0.0002703950431669146,0.0,0.9984922925777376,0.0019424833518366658,0.0016720883086697512,0.9999429205534022,False
2.219,1,72,73,0.655293750000002,0.655293750000002,0.0,0.015654840418982057,0.015654840418982057,0.09006336517195443,0.08371881524976237,0.0058880535299507784,0.015654840418982057,0.005014713379151381,0.0002753236871020112,0.0002753236871020112,0.0,0.9985924546251727,0.0018876839165211864,0.0016123602294191752,0.9999467419906746,False
2.242,1,73,74,0.661618750000002,0.661618750000002,0.0,0.016445465418981977,0.016445465418981977,0.09004381524976232,0.08290864032757025,0.006283366029950794,0.016445465418981977,0.005014713379151381,0.00027978073591885914,0.00027978073591885914,0.0,0.9986629432472387,0.0017766015651186073,0.0014968208291997482,0.9999493827283393,False
2.2680000000000002,1,74,75,0.6687687500000021,0.6687687500000021,0.0,0.01733921541898191,0.01733921541898191,0.09005864032757036,0.08248621179761953,0.006470280092450815,0.01733921541898191,0.005014713379151381,0.00028510271554189415,0.00028510271554189415,0.0,0.9987558992754493,0.0017353286166847809,0.0014502259011428867,0.999952897213391,False
2.2955,1,75,76,0.676331250000002,0.676331250000002,0.0,0.018284527918981823,0.018284527918981823,0.09004871179761953,0.08153097076766869,0.006942936342450838,0.018284527918981823,0.005014713379151381,0.00029066384900132473,0.00029066384900132473,0.0,0.9987959643813911,0.0015719004709026374,0.0012812366219013126,0.9999542830105503,False
2.3265000000000002,1,76,77,0.6848562500000023,0.6848562500000022,-1.1102230246251565e-16,0.019350152918981737,0.019350152918981737,0.09005597076766879,0.08086791723771788,0.00800856134245087,0.019350152918981737,0.005014713379151381,0.000296463720916346,0.000296463720916346,0.0,0.9988852131622946,0.0001778087575941359,-0.00011865496332221011,0.9999566313377266,False
2.35975,1,77,78,0.6940000000000025,0.6940000000000026,1.1102230246251565e-16,0.02049312166898163,0.02049312166898163,0.09001166723771814,0.08484615609774267,0.00516551113997548,0.02049312166898163,0.005014713379151381,0.00030130422471896513,0.00030130422471896513,0.0,0.9990246375508035,0.0025076289498077997,0.0022063247250888344,0.9999635828056452,False
2.3785,1,78,79,0.6991562500000028,0.6991562500000027,-1.1102230246251565e-16,0.021137652918981585,0.021137652918981585,0.0900024060977429,0.0841923637077674,0.005134358796225488,0.021137652918981585,0.005014713379151381,0.0003148195143660337,0.0003148195143660337,0.0,0.998463089155353,0.002545448561353386,0.0022306290469873524,0.999942078952894,False
2.39975,1,79,80,0.705000000000003,0.7050000000000028,-1.1102230246251565e-16,0.021868121668981513,0.021868121668981513,0.09003611370776748,0.084171286161542,0.005499593171225503,0.021868121668981513,0.005014713379151381,0.0003093504390090942,0.0003093504390090942,0.0,0.9984774820058822,0.0025174555639671387,0.0022081051249580445,0.9999426153422246,False
2.4210000000000003,1,80,81,0.7108437500000031,0.710843750000003,-1.1102230246251565e-16,0.02259859041898146,0.02259859041898146,0.0900150361615422,0.08341973986531667,0.005628499421225522,0.02259859041898146,0.005014713379151381,0.00031456777006261526,0.00031456777006261526,0.0,0.9985668428163181,0.0025021735642951834,0.002187605794232568,0.9999460450601624,False
2.445,1,81,82,0.7174437500000032,0.717443750000003,-1.1102230246251565e-16,0.02342359041898139,0.02342359041898139,0.0900197398653168,0.08296467794409128,0.006040999421225544,0.02342359041898139,0.005014713379151381,0.0003187684523970216,0.0003187684523970216,0.0,0.9986165413001566,0.0024220820388310346,0.002103313586434013,0.9999479100299157,False
2.4707500000000002,1,82,83,0.7245250000000032,0.7245250000000032,0.0,0.02430874666898131,0.02430874666898131,0.09004592794409137,0.08210570977286581,0.006926155671225561,0.02430874666898131,0.005014713379151381,0.00032452215364208516,0.00032452215364208516,0.0,0.9987110827178536,0.00198134534536229,0.0016568231917202046,0.9999512888796199,False
2.4995,1,83,84,0.7324312500000034,0.7324312500000034,0.0,0.025297027918981228,0.025297027918981228,0.09001195977286598,0.0816850228516404,0.0078109757297455925,0.025297027918981228,0.005014713379151381,0.00033043985761427644,0.00033043985761427644,0.0,0.9988722520810714,0.001813969963704934,0.0014835301060906574,0.9999573779112558,False
2.52975,1,84,85,0.7407500000000037,0.7407500000000037,0.0,0.026336871668981143,0.013168435834490571,0.09000377285164071,0.08063699218041506,0.00885081947974565,0.013168435834490571,0.005014713379151381,0.0003358352369194062,0.0003358352369194062,0.0,0.9989916996323988,0.001094878269331856,0.0007590430324124497,0.9999612539438415,False
2.564,1,85,86,0.750168750000004,0.750168750000004,0.0,0.014345779584490622,0.014345779584490622,0.09005574218041547,0.08498992996980262,0.005065812210612849,0.014345779584490622,0.005014713379151381,0.00033188700565625455,0.00033188700565625455,0.0,0.999110214218279,0.002931671466702951,0.0025997844610466964,0.9999670954174824,False
2.58225,1,86,87,0.7551875000000043,0.7551875000000045,1.1102230246251565e-16,0.014973123334490659,0.014973123334490659,0.09000867996980288,0.08431552400919003,0.005379484085612867,0.014973123334490659,0.005014713379151381,0.0003540670774501014,0.0003540670774501014,0.0,0.998431736344669,0.0030113664517585972,0.0026572993743084958,0.9999410894747547,False
2.603,1,87,88,0.7608937500000046,0.7608937500000046,0.0,0.01568640458449069,0.01568640458449069,0.09002177400919029,0.0839290086735774,0.005931464427372895,0.01568640458449069,0.005014713379151381,0.00035078807362512373,0.00035078807362512373,0.0,0.9985347452282705,0.0029964215636207325,0.002645633489995609,0.9999450381242074,False
2.62525,1,88,89,0.7670125000000048,0.7670125000000048,0.0,0.016451248334490628,0.016451248334490628,0.09004775867357746,0.08319014958796456,0.006313886302372917,0.016451248334490628,0.005014713379151381,0.0003580033239150851,0.0003580033239150851,0.0,0.9986669922886418,0.0029456216329490983,0.002587618309034013,0.9999500969829002,False
2.65025,1,89,90,0.7738875000000047,0.7738875000000047,0.0,0.01731062333449055,0.01731062333449055,0.09006514958796455,0.08250946641059162,0.006496503489872932,0.01731062333449055,0.005014713379151381,0.0003618508567935082,0.0003618508567935082,0.0,0.998755769839909,0.002910365643985162,0.002548514787191654,0.9999534876205697,False
2.6775,1,90,91,0.7813812500000047,0.7813812500000046,-1.1102230246251565e-16,0.01824734208449047,0.01824734208449047,0.09000321641059165,0.08151081448321867,0.006964862864872957,0.01824734208449047,0.005014713379151381,0.0003670085593267439,0.0003670085593267439,0.0,0.9987993801226369,0.002711223666308965,0.002344215106982221,0.9999550619937217,False
2.7085,1,91,92,0.7899062500000048,0.7899062500000049,1.1102230246251565e-16,0.019312967084490384,0.019312967084490384,0.09003581448321879,0.08086020943084576,0.00803048786487299,0.019312967084490384,0.005014713379151381,0.0003727040236758309,0.0003727040236758309,0.0,0.9988888403958008,0.0014668305097047946,0.0010941264860289636,0.999957651657912,False
2.74175,1,92,93,0.799050000000005,0.7990500000000049,-1.1102230246251565e-16,0.020455935834490277,0.020455935834490277,0.09000395943084602,0.08484467252965949,0.005159286901186538,0.020455935834490277,0.005014713379151381,0.00037704452719729904,0.00037704452719729904,0.0,0.9990275279140625,0.003443774224768381,0.0030667296975710823,0.9999642489158571,False
2.7605,1,93,94,0.8042062500000053,0.8042062500000053,0.0,0.021100467084490232,0.021100467084490232,0.09000092252965974,0.08419710437847318,0.005143173619936548,0.021100467084490232,0.005014713379151381,0.0003924471330550098,0.0003924471330550098,0.0,0.9984618875598382,0.0035173033322395686,0.0031248561991845587,0.9999424917162064,False
2.78175,1,94,95,0.8100500000000055,0.8100500000000055,0.0,0.02183093583449016,0.02183093583449016,0.09004085437847327,0.08416721200853672,0.005508407994936564,0.02183093583449016,0.005014713379151381,0.0003878389505798433,0.0003878389505798433,0.0,0.9984802254913151,0.003530475338865094,0.0031426363882852506,0.9999431978359298,False
2.803,1,95,96,0.8158937500000057,0.8158937500000056,-1.1102230246251565e-16,0.022561404584490106,0.022561404584490106,0.09001096200853692,0.08340685088860034,0.005639462682436582,0.022561404584490106,0.005014713379151381,0.0003938124921495202,0.0003938124921495202,0.0,0.9985693373370288,0.003567734202952935,0.003173921710803415,0.9999466370835548,False
2.827,1,96,97,0.8224937500000059,0.8224937500000058,-1.1102230246251565e-16,0.023386404584490036,0.023386404584490036,0.09000685088860047,0.08294297414366386,0.006051962682436604,0.023386404584490036,0.005014713379151381,0.000397736442993549,0.000397736442993549,0.0,0.9986193670167134,0.0035540054936360754,0.0031562690506425264,0.9999485415488063,False
2.85275,1,97,98,0.829575000000006,0.829575000000006,0.0,0.024271560834489957,0.024271560834489957,0.09002422414366397,0.08207519114872734,0.006937118932436621,0.024271560834489957,0.005014713379151381,0.00040280058537134073,0.00040280058537134073,0.0,0.9987136086302276,0.0032104429564936837,0.002807642371122343,0.9999519870538609,False
2.8817500000000003,1,98,99,0.8375500000000061,0.8375500000000061,0.0,0.02526843583448987,0.02526843583448987,0.09005019114872749,0.08170369721629084,0.007805976146122752,0.02526843583448987,0.005014713379151381,0.00040794514001315764,0.00040794514001315764,0.0,0.9988755069926402,0.002918916606418326,0.0025109714664051683,0.9999581042639066,False
2.912,1,99,100,0.8458687500000064,0.8458687500000064,0.0,0.026308279584489783,0.013154139792244892,0.09002244721629116,0.08063610953385444,0.008845819896122811,0.013154139792244892,0.005014713379151381,0.0004126791026505223,0.0004126791026505223,0.0,0.9989916484640837,0.002536501921075348,0.0021238228184248258,0.9999620574639841,False
2.94625,1,100,101,0.8552875000000066,0.8552875000000068,1.1102230246251565e-16,0.014331483542244942,0.014331483542244942,0.09005485953385486,0.08497926881763648,0.005075590716218377,0.014331483542244942,0.005014713379151381,0.00040596927161780805,0.00040596927161780805,0.0,0.9991102649429143,0.0038257180248736297,0.0034197487532558217,0.9999675962718626,False
2.96475,1,101,102,0.8603750000000071,0.8603750000000071,0.0,0.014967421042244975,0.014967421042244975,0.09006676881763673,0.08435524060141833,0.005393559466218393,0.014967421042244975,0.005014713379151381,0.00042671876043857764,0.00042671876043857764,0.0,0.9984372037061222,0.003950897337225236,0.003524178576786658,0.9999417387620698,False
2.9855,1,102,103,0.8660812500000075,0.8660812500000074,-1.1102230246251565e-16,0.015680702292245007,0.015680702292245007,0.09006149060141858,0.08395464988520018,0.005935409948061471,0.015680702292245007,0.005014713379151381,0.000426868955175882,0.000426868955175882,0.0,0.9985385451588836,0.003957439854283255,0.0035305708991073734,0.9999456377529116,False
3.0075000000000003,1,103,104,0.8721312500000072,0.8721312500000074,1.1102230246251565e-16,0.01643695229224495,0.01643695229224495,0.0900046498852003,0.08314155916898185,0.006313534948061496,0.01643695229224495,0.005014713379151381,0.0004342731728209003,0.0004342731728209003,0.0,0.998666495173481,0.003969943952234878,0.0035356707794139777,0.9999505551897202,False
3.0325,1,104,105,0.8790062500000074,0.8790062500000073,-1.1102230246251565e-16,0.017296327292244874,0.017296327292244874,0.09001655916898185,0.08246552422092032,0.006494003698061512,0.017296327292244874,0.005014713379151381,0.0004391563206938465,0.0004391563206938465,0.0,0.9987561521697125,0.003969392776377707,0.003530236455683861,0.9999539987835854,False
3.06,1,105,106,0.8865687500000073,0.8865687500000073,0.0,0.018241639792244788,0.018241639792244788,0.09002802422092032,0.08153167677285877,0.006966659948061535,0.018241639792244788,0.005014713379151381,0.000444340895972824,0.000444340895972824,0.0,0.99880081665097,0.0038107313324098266,0.0033663904364370028,0.999955644688807,False
3.091,1,106,107,0.8950937500000075,0.8950937500000075,0.0,0.0193072647922447,0.0193072647922447,0.09005667677285889,0.08087282932479728,0.008032284948061569,0.0193072647922447,0.005014713379151381,0.00044927798362098543,0.00044927798362098543,0.0,0.9988895442151932,0.002604385650527896,0.0021551076669069106,0.9999583219633049,False
3.12425,1,107,108,0.9042375000000079,0.9042375000000079,0.0,0.020450233542244612,0.020450233542244612,0.09001657932479767,0.08485317122576684,0.0051634080990308326,0.020450233542244612,0.005014713379151381,0.00045240535804963824,0.00045240535804963824,0.0,0.9990281621178098,0.004381579645088951,0.003929174287039313,0.9999647221001675,False
3.1430000000000002,1,108,109,0.9093937500000081,0.909393750000008,-1.1102230246251565e-16,0.02109476479224455,0.02109476479224455,0.09000942122576697,0.08420148187673612,0.005146220599030836,0.02109476479224455,0.005014713379151381,0.00046542347954694964,0.00046542347954694964,0.0,0.9984633889668012,0.004450513506066456,0.003985090026519506,0.9999429733837917,False
3.16425,1,109,110,0.9152375000000083,0.9152375000000083,0.0,0.021825233542244478,0.021825233542244478,0.09004523187673621,0.08416854252770538,0.0055114549740308515,0.021825233542244478,0.005014713379151381,0.00046355085945237517,0.00046355085945237517,0.0,0.9984814207706828,0.004472843483921463,0.004009292624469088,0.9999436704468816,False
3.1855,1,110,111,0.9210812500000083,0.9210812500000084,1.1102230246251565e-16,0.022555702292244423,0.022555702292244423,0.09001229252770557,0.0834051344286747,0.005640361224030871,0.022555702292244423,0.005014713379151381,0.00046922336742564406,0.00046922336742564406,0.0,0.998570448770105,0.00448522914253268,0.004016005775107036,0.9999471130760919,False
3.2095000000000002,1,111,112,0.9276812500000083,0.9276812500000085,1.1102230246251565e-16,0.023380702292244353,0.023380702292244353,0.09000513442867485,0.08293821070464395,0.006052861224030893,0.023380702292244353,0.005014713379151381,0.0004734937476349022,0.0004734937476349022,0.0,0.9986199760017097,0.004491908858205343,0.004018415110570441,0.9999490116717713,False
3.23525,1,112,113,0.9347625000000085,0.9347625000000085,0.0,0.024265858542244275,0.024265858542244275,0.09001946070464405,0.08206738073061313,0.00693801747403091,0.024265858542244275,0.005014713379151381,0.00047839314287556183,0.00047839314287556183,0.0,0.9987141944247814,0.004201403719029238,0.0037230105761536765,0.9999524864690214,False
3.26425,1,113,114,0.9427375000000087,0.9427375000000087,0.0,0.025262733542244186,0.025262733542244186,0.09004238073061327,0.08169498825658233,0.007804550573061331,0.025262733542244186,0.005014713379151381,0.00048324640874128187,0.00048324640874128187,0.0,0.9988760472440458,0.003872980872998484,0.0033897344642572023,0.9999585984084834,False
3.2945,1,114,115,0.951056250000009,0.951056250000009,0.0,0.0263025772922441,0.01315128864612205,0.09001373825658267,0.08062650203255167,0.00884439432306139,0.01315128864612205,0.005014713379151381,0.000487462632604036,0.000487462632604036,0.0,0.9989918982474548,0.003613784896648431,0.003126322264044395,0.9999626263102365,False
3.32875,1,115,116,0.9604750000000096,0.9604750000000096,0.0,0.014328632396122117,0.014328632396122117,0.0900452520325522,0.08496921204553667,0.005076039987015528,0.014328632396122117,0.005014713379151381,0.00047697123472917574,0.00047697123472917574,0.0,0.9991105282549435,0.004651010317951718,0.004174039083222542,0.9999679997303578,False
3.3472500000000003,1,116,117,0.9655625000000098,0.9655625000000098,0.0,0.01496456989612215,0.01496456989612215,0.0900567120455369,0.08434473455852136,0.0053940087370155446,0.01496456989612215,0.005014713379151381,0.0004975959482015935,0.0004975959482015935,0.0,0.9984377127134153,0.004792574933593793,0.0042949789853922,0.9999421569520254,False
3.368,1,117,118,0.9712687500000101,0.9712687500000101,0.0,0.01567785114612218,0.01567785114612218,0.09005098455852162,0.08394369457150605,0.005934697161530769,0.01567785114612218,0.005014713379151381,0.0005015158401910687,0.0005015158401910687,0.0,0.998539044541369,0.004829349334726389,0.00432783349453532,0.9999460688533182,False
3.39025,1,118,119,0.9773875000000103,0.9773875000000101,-2.220446049250313e-16,0.016442694896122118,0.016442694896122118,0.09006244457150611,0.08319031083449055,0.006317119036530791,0.016442694896122118,0.005014713379151381,0.0005082807477327431,0.0005082807477327431,0.0,0.9986684592845018,0.004836450127299406,0.0043281693795666635,0.9999510462703336,False
3.41525,1,119,120,0.98426250000001,0.9842625000000099,-1.1102230246251565e-16,0.01730206989612204,0.01730206989612204,0.09006531083449054,0.08250639492295972,0.0064975877865308075,0.01730206989612204,0.005014713379151381,0.0005134820238304376,0.0005134820238304376,0.0,0.9987571692803667,0.0048370418171251525,0.004323559793294715,0.9999544568525761,False
3.4425,1,120,121,0.9917562500000102,0.9917562500000101,-1.1102230246251565e-16,0.01823878864612196,0.01823878864612196,0.09000014492295977,0.08150451026142891,0.006965947161530832,0.01823878864612196,0.005014713379151381,0.0005190115424577107,0.0005190115424577107,0.0,0.998800402971874,0.004675606388092592,0.004156594845634881,0.9999560502251658,False
3.4735,1,121,122,1.00028125000001,1.00028125000001,0.0,0.019304413646121857,0.019304413646121857,0.0900295102614289,0.08085067247489802,0.008031572161530852,0.019304413646121857,0.005014713379151381,0.0005245214960996219,0.0005245214960996219,0.0,0.9988898411117934,0.0035003655570325642,0.0029758440609329423,0.999958789407096,False
3.507,1,122,123,1.0094937500000105,1.0094937500000103,-2.220446049250313e-16,0.02045597614612176,0.02045597614612176,0.09006317247489837,0.0848979723316329,0.005165200143265472,0.02045597614612176,0.005014713379151381,0.0005269816001389805,0.0005269816001389805,0.0,0.9990293886129017,0.005193701414160645,0.004666719814021665,0.9999651625700009,False
3.52575,1,123,124,1.0146500000000107,1.0146500000000107,0.0,0.021100507396121716,0.021100507396121716,0.09005422233163314,0.08424449093836764,0.005148012643265485,0.021100507396121716,0.005014713379151381,0.0005389494598857386,0.0005389494598857386,0.0,0.9984642538020324,0.005261274376274855,0.0047223249163891165,0.999943398983919,False
3.5467500000000003,1,124,125,1.0204250000000108,1.0204250000000108,0.0,0.02182238239612165,0.02182238239612165,0.09001949093836778,0.08414960329510228,0.005508950143265502,0.02182238239612165,0.005014713379151381,0.0005396439316219225,0.0005396439316219225,0.0,0.9984800513333898,0.0052913042216577374,0.004751660290035815,0.9999440174357117,False
3.56825,1,125,126,1.026337500000011,1.026337500000011,0.0,0.02256144489612159,0.02256144489612159,0.09006210329510245,0.08345315315183693,0.005644301705765518,0.02256144489612159,0.005014713379151381,0.0005457171219341971,0.0005457171219341971,0.0,0.9985722407614558,0.005319980445577348,0.00477426332364315,0.9999475844248569,False
3.59225,1,126,127,1.0329375000000112,1.0329375000000112,0.0,0.02338644489612152,0.02338644489612152,0.09005315315183707,0.08298014050857153,0.00605680170576554,0.02338644489612152,0.005014713379151381,0.0005484722998838068,0.0005484722998838068,0.0,0.9986212059849531,0.005303072462123103,0.004754600162239296,0.9999494529275957,False
3.618,1,127,128,1.0400187500000113,1.0400187500000113,0.0,0.02427160114612144,0.02427160114612144,0.09006139050857162,0.08210322161530606,0.006941957955765557,0.02427160114612144,0.005014713379151381,0.0005540688184102364,0.0005540688184102364,0.0,0.9987153153130597,0.00502922292856315,0.004475154110152913,0.9999529357013168,False
3.64675,1,128,129,1.0479250000000115,1.0479250000000113,-2.220446049250313e-16,0.02525988239612136,0.02525988239612136,0.09000947161530624,0.08166673240954066,0.007803837786530628,0.02525988239612136,0.005014713379151381,0.0005589733558654023,0.0005589733558654023,0.0,0.9988757755317315,0.0046638022180621255,0.004104828862196723,0.9999589820598027,False
3.67725,1,129,130,1.0563125000000118,1.0563125000000118,0.0,0.026308319896121268,0.013154159948060634,0.09005423240954094,0.0806630557037753,0.008852275286530683,0.013154159948060634,0.005014713379151381,0.000563063834846734,0.000563063834846734,0.0,0.9989931686649088,0.004417982815136102,0.0038549189802893676,0.9999630843918618,False
3.71125,1,130,131,1.0656625000000122,1.0656625000000122,0.0,0.014322909948060689,0.014322909948060689,0.09001305570377574,0.0849393423508929,0.005073713352882847,0.014322909948060689,0.005014713379151381,0.0005479363565214461,0.0005479363565214461,0.0,0.9991108112161373,0.005390849948174382,0.004842913591652937,0.9999683534867593,False
3.72975,1,131,132,1.0707500000000123,1.0707500000000123,0.0,0.014958847448060721,0.014958847448060721,0.09002684235089313,0.08431719149801027,0.005391682102882863,0.014958847448060721,0.005014713379151381,0.0005720733118205303,0.0005720733118205303,0.0,0.9984374610219696,0.005568719276001062,0.0049966459641805315,0.9999425311974907,False
3.7505,1,132,133,1.0764562500000125,1.0764562500000125,0.0,0.015672128698060752,0.015672128698060752,0.09002344149801053,0.08391847814512765,0.00593219233076541,0.015672128698060752,0.005014713379151381,0.0005765043414197537,0.0005765043414197537,0.0,0.9985388683159158,0.005612866029259873,0.0050363616878401195,0.9999464464116501,False
3.7727500000000003,1,133,134,1.0825750000000127,1.0825750000000127,0.0,0.01643697244806069,0.01643697244806069,0.09003722814512771,0.08316742104224481,0.006314614205765432,0.01643697244806069,0.005014713379151381,0.0005856871979231684,0.0005856871979231684,0.0,0.9986683540701121,0.005651889853946372,0.005066202656023203,0.9999514386587304,False
3.79775,1,134,135,1.0894500000000127,1.0894500000000127,0.0,0.017296347448060613,0.017296347448060613,0.0900424210422448,0.08248600996147937,0.006497231393265448,0.017296347448060613,0.005014713379151381,0.0005895511326054213,0.0005895511326054213,0.0,0.99875711923458,0.005619029029403831,0.00502947789679841,0.9999548377645687,False
3.82525,1,135,136,1.0970125000000128,1.0970125000000126,-2.220446049250313e-16,0.018241659948060526,0.018241659948060526,0.09004850996147934,0.08154678638071386,0.0069698876432654705,0.018241659948060526,0.005014713379151381,0.0005962041524731159,0.0005962041524731159,0.0,0.9988021208323226,0.005451621584598672,0.004855417432125556,0.9999564993070506,False
3.856,1,136,137,1.1054687500000129,1.1054687500000129,0.0,0.019298691198060446,0.019298691198060446,0.09000303638071402,0.08082670342494848,0.00802691889326551,0.019298691198060446,0.005014713379151381,0.0006011660788615772,0.0006011660788615772,0.0,0.998889571821966,0.0042723836669556065,0.0036712175880940293,0.999959140103706,False
3.8895,1,137,138,1.1146812500000132,1.1146812500000132,0.0,0.02045025369806035,0.02045025369806035,0.09003920342494884,0.08487525569706603,0.005163947727882801,0.02045025369806035,0.005014713379151381,0.0006037600750994892,0.0006037600750994892,0.0,0.9990292708285878,0.005963268357775553,0.005359508282676064,0.9999655291142614,False
3.9082500000000002,1,138,139,1.1198375000000134,1.1198375000000134,0.0,0.02109478494806029,0.02109478494806029,0.09003150569706614,0.08422302671918333,0.005147834446632804,0.02109478494806029,0.005014713379151381,0.0006171213073329677,0.0006171213073329677,0.0,0.9984643206153738,0.006047653352359197,0.005430532045026229,0.9999437920012008,False
3.9295,1,139,140,1.1256812500000135,1.1256812500000135,0.0,0.021825253698060234,0.021825253698060234,0.09006677671918356,0.08418847352255072,0.005513068821632827,0.021825253698060234,0.005014713379151381,0.0006167440342037523,0.0006167440342037523,0.0,0.9984826196798124,0.0060613421655238975,0.005444598131320145,0.9999444984443896,False
3.95075,1,140,141,1.1315250000000137,1.1315250000000137,0.0,0.022555722448060162,0.022555722448060162,0.0900322235225508,0.08342345157591798,0.005641975071632839,0.022555722448060162,0.005014713379151381,0.0006218096480455404,0.0006218096480455404,0.0,0.9985715980035567,0.0060933787860620175,0.0054715691380164775,0.9999479362818919,False
3.9747500000000002,1,141,142,1.1381250000000138,1.1381250000000138,0.0,0.023380722448060092,0.023380722448060092,0.09002345157591811,0.08295491400428526,0.006054475071632861,0.023380722448060092,0.005014713379151381,0.0006293399421581724,0.0006293399421581724,0.0,0.9986211131694708,0.006107667528831857,0.005478327586673685,0.9999498424669038,False
4.0005,1,142,143,1.1452062500000135,1.1452062500000135,0.0,0.024265878698060017,0.024265878698060017,0.09003616400428535,0.08208247018265248,0.006939631321632877,0.024265878698060017,0.005014713379151381,0.0006326811120178131,0.0006326811120178131,0.0,0.9987152731117886,0.005790594695561965,0.005157913583544152,0.9999533098219635,False
4.0295000000000005,1,143,144,1.153181250000014,1.153181250000014,0.0,0.025262753698060067,0.025262753698060067,0.09005747018265263,0.08170846386101974,0.007806704049515265,0.025262753698060067,0.005014713379151381,0.0006394942381687355,0.0006394942381687355,0.0,0.9988770661164094,0.005456176624367523,0.0048166823861987874,0.9999594077811254,False
4.05975,1,144,145,1.1615000000000144,1.1615000000000146,2.220446049250313e-16,0.02630259744806014,0.01315129872403007,0.09002721386102033,0.08063836378938737,0.008846547799515339,0.01315129872403007,0.005014713379151381,0.0006428612537285163,0.0006428612537285163,0.0,0.9989928886095206,0.00512632861127384,0.004483467357545324,0.9999634242600413,False
4.094,1,145,146,1.1709187500000149,1.1709187500000149,0.0,0.014328642474030106,0.014328642474030106,0.09005711378938765,0.08498026687857116,0.005076846910816489,0.014328642474030106,0.005014713379151381,0.0006228620658747882,0.0006228620658747882,0.0,0.9991114170300109,0.00612821949215419,0.005505357426279401,0.9999687175423857,False
4.1125,1,146,147,1.1760062500000152,1.1760062500000152,0.0,0.014964579974030154,0.014964579974030154,0.0900677668785715,0.08435498246775501,0.005394815660816513,0.014964579974030154,0.005014713379151381,0.000650252251450796,0.000650252251450796,0.0,0.9984387134392024,0.0063494459343259105,0.005699193682875114,0.9999429646010405,False
4.13325,1,147,148,1.1817125000000153,1.1817125000000153,0.0,0.015677861224030178,0.015677861224030178,0.0900612324677551,0.08395313555693862,0.005935773899757719,0.015677861224030178,0.005014713379151381,0.000656808058653284,0.000656808058653284,0.0,0.998540021295418,0.006411746919307522,0.005754938860654238,0.9999468790272664,False
4.15525,1,148,149,1.1877625000000158,1.1877625000000158,0.0,0.016434111224030226,0.016434111224030226,0.09000313555693885,0.08313878864612237,0.006313898899757743,0.016434111224030226,0.005014713379151381,0.0006643834194788663,0.0006643834194788663,0.0,0.9986677463794312,0.006431745789801824,0.005767362370322958,0.9999517961964198,False
4.18025,1,149,150,1.1946375000000158,1.1946375000000158,0.0,0.017293486224030284,0.017293486224030284,0.0900137886461226,0.08246238974636488,0.006494367649757776,0.017293486224030284,0.005014713379151381,0.0006725617995547958,0.0006725617995547958,0.0,0.9987574057744217,0.006422342376610102,0.005749780577055306,0.999955242413507,False
4.20775,1,150,151,1.202200000000016,1.202200000000016,0.0,0.01823879872403033,0.01823879872403033,0.09002488974636502,0.08152817834660726,0.006967023899757799,0.01823879872403033,0.005014713379151381,0.0006769440539642411,0.0006769440539642411,0.0,0.9988020536373121,0.006211551850429764,0.005534607796465522,0.9999568686053466,False
4.2387500000000005,1,151,152,1.210725000000016,1.210725000000016,0.0,0.019304423724030375,0.019304423724030375,0.09005317834660748,0.08086896694684967,0.008032648899757789,0.019304423724030375,0.005014713379151381,0.0006834578185686636,0.0006834578185686636,0.0,0.9988907592211245,0.005037706154258859,0.004354248335690195,0.9999595308153064,False
4.272,1,152,153,1.2198687500000165,1.2198687500000167,2.220446049250313e-16,0.020447392474030428,0.020447392474030428,0.09001271694685009,0.08484912687197119,0.0051635900748789225,0.020447392474030428,0.005014713379151381,0.0006844920372056074,0.0006844920372056074,0.0,0.9990293534516026,0.006751985093353188,0.006067493056147581,0.9999659066185586,False
4.29075,1,153,154,1.225025000000017,1.225025000000017,0.0,0.021091923724030487,0.021091923724030487,0.0900053768719716,0.08419725554709268,0.005146402574878946,0.021091923724030487,0.005014713379151381,0.000698768767946097,0.000698768767946097,0.0,0.9984646338589871,0.006844940692901258,0.006146171924955161,0.9999442004907029,False
4.312,1,154,155,1.230868750000017,1.2308687500000168,-2.220446049250313e-16,0.021822392474030502,0.021822392474030502,0.09004100554709268,0.08416413422221378,0.005511636949878954,0.021822392474030502,0.005014713379151381,0.0006994998848949308,0.0006994998848949308,0.0,0.9984826616434247,0.006864880889832441,0.00616538100493751,0.9999448952693161,False
4.3332500000000005,1,155,156,1.2367125000000172,1.2367125000000172,0.0,0.022552861224030548,0.022552861224030548,0.09000788422221401,0.0834005441473351,0.005640543199878981,0.022552861224030548,0.005014713379151381,0.0007052866079046377,0.0007052866079046377,0.0,0.9985716839792024,0.00690299243395439,0.0061977058260497524,0.9999483338137637,False
4.3572500000000005,1,156,157,1.2433125000000174,1.2433125000000174,0.0,0.023377861224030592,0.023377861224030592,0.09000054414733524,0.08293343844745629,0.006053043199879003,0.023377861224030592,0.005014713379151381,0.0007127972753643857,0.0007127972753643857,0.0,0.998621218361832,0.006920044151768952,0.006207246876404566,0.9999502431397701,False
4.383,1,157,158,1.2503937500000175,1.2503937500000177,2.220446049250313e-16,0.024263017474030653,0.024263017474030653,0.0900146884474565,0.08206242649757753,0.006938199449879005,0.024263017474030653,0.005014713379151381,0.0007185386122141164,0.0007185386122141164,0.0,0.998715427731494,0.006594347770021929,0.005875809157807812,0.9999537102455974,False
4.412,1,158,159,1.258368750000018,1.258368750000018,0.0,0.025259892474030703,0.025259892474030703,0.09003742649757769,0.08168985204769871,0.007803840306007758,0.025259892474030703,0.005014713379151381,0.0007226720750934382,0.0007226720750934382,0.0,0.9988772713444096,0.006258551855967923,0.0055358797808744845,0.9999597919915435,False
4.4422500000000005,1,159,160,1.266687500000018,1.266687500000018,0.0,0.026299736224030746,0.013149868112015373,0.09000860204769903,0.08062118384782001,0.0088436840560078,0.013149868112015373,0.005014713379151381,0.0007277539312298227,0.0007277539312298227,0.0,0.9989929584820836,0.005857252701915325,0.005129498770685502,0.9999637811092108,False
4.4765,1,160,161,1.2761062500000189,1.2761062500000184,-4.440892098500626e-16,0.01432721186201544,0.01432721186201544,0.09003993384782054,0.08496380287288098,0.0050761309749395534,0.01432721186201544,0.005014713379151381,0.0007020298420990797,0.0007020298420990797,0.0,0.9991115317538235,0.006901623999352291,0.006199594157253211,0.9999690784069853,False
4.495,1,161,162,1.2811937500000188,1.2811937500000188,0.0,0.014963149362015487,0.014963149362015487,0.09005130287288132,0.08433923439794178,0.005394099724939577,0.014963149362015487,0.005014713379151381,0.0007313732656786628,0.0007313732656786628,0.0,0.9984389208830869,0.007139460838162949,0.006408087572484286,0.9999433623742997,False
4.51575,1,162,163,1.286900000000019,1.2869000000000188,-2.220446049250313e-16,0.01567643061201551,0.01567643061201551,0.09004548439794186,0.08393810342300231,0.005934342028003965,0.01567643061201551,0.005014713379151381,0.0007431525160688123,0.0007431525160688123,0.0,0.9985402790314416,0.0072579851283785315,0.006514832612309719,0.9999472999503305,False
4.538,1,163,164,1.293018750000019,1.2930187500000192,2.220446049250313e-16,0.016441274362015538,0.016441274362015538,0.09005685342300239,0.08318462869806285,0.006316763903003979,0.016441274362015538,0.005014713379151381,0.0007497819547112876,0.0007497819547112876,0.0,0.9986695970219878,0.00725612517351705,0.006506343218805763,0.9999522686588008,False
4.563,1,164,165,1.2998937500000194,1.2998937500000194,0.0,0.017300649362015596,0.017300649362015596,0.09005962869806308,0.08250106792005915,0.006497232653004012,0.017300649362015596,0.005014713379151381,0.0007590553472382628,0.0007590553472382628,0.0,0.9987583287293982,0.007254353439779579,0.006495298092541316,0.9999556838436612,False
4.5905000000000005,1,165,166,1.3074562500000195,1.3074562500000195,0.0,0.01824596186201564,0.01824596186201564,0.09006356792005929,0.08155969464205531,0.006969888903004035,0.01824596186201564,0.005014713379151381,0.0007637692499494202,0.0007637692499494202,0.0,0.9988029401988877,0.007019727552878448,0.006255958302929028,0.9999572955983859,False
4.62125,1,166,167,1.3159125000000196,1.3159125000000196,0.0,0.019302993112015707,0.019302993112015707,0.09001594464205567,0.08083746198905162,0.008026920153004043,0.019302993112015707,0.005014713379151381,0.000770775523514712,0.000770775523514712,0.0,0.9988903831739723,0.005845666454654369,0.005074890931139657,0.9999598825307628,False
4.65475,1,167,168,1.3251250000000203,1.3251250000000203,0.0,0.02045455561201577,0.02045455561201577,0.09004996198905213,0.08488493941255008,0.005165022576502056,0.02045455561201577,0.005014713379151381,0.0007705898788951204,0.0007705898788951204,0.0,0.9990300719134684,0.007586745538825629,0.006816155659930509,0.9999663319726487,False
4.6735,1,168,169,1.3302812500000205,1.3302812500000205,0.0,0.0210990868620158,0.0210990868620158,0.09004118941255027,0.08423163558604822,0.005147835076502064,0.0210990868620158,0.005014713379151381,0.0007843883873461707,0.0007843883873461707,0.0,0.9984654383277209,0.007680257570737835,0.0068958691833916645,0.9999446409488676,False
4.6945,1,169,170,1.3360562500000208,1.3360562500000208,0.0,0.021820961862015834,0.021820961862015834,0.0900066355860484,0.08413692550954635,0.005508772576502082,0.021820961862015834,0.005014713379151381,0.0007892711281571601,0.0007892711281571601,0.0,0.9984812521767428,0.007744601551749768,0.006955330423592607,0.9999452675706877,False
4.716,1,170,171,1.341968750000021,1.341968750000021,0.0,0.02256002436201589,0.02256002436201589,0.09004942550954667,0.0834406529330446,0.005641975701502114,0.02256002436201589,0.005014713379151381,0.0007953350254618524,0.0007953350254618524,0.0,0.9985734427690106,0.007778829379260645,0.006983494353798792,0.9999488263245758,False
4.74,1,171,172,1.3485687500000212,1.3485687500000214,2.220446049250313e-16,0.023385024362015935,0.023385024362015935,0.09004065293304474,0.08296781785654267,0.006054475701502136,0.023385024362015935,0.005014713379151381,0.0007988443390451396,0.0007988443390451396,0.0,0.9986219481736716,0.007752424142892109,0.0069535798038469696,0.9999506759095808,False
4.76575,1,172,173,1.3556500000000211,1.3556500000000211,0.0,0.024270180612015965,0.024270180612015965,0.09004906785654261,0.08209107653004055,0.006939631951502107,0.024270180612015965,0.005014713379151381,0.0008078413384485141,0.0008078413384485141,0.0,0.9987161311956687,0.007440121046976923,0.006632279708528409,0.9999541474943362,False
4.7947500000000005,1,173,174,1.3636250000000212,1.3636250000000212,0.0,0.025267055612016014,0.025267055612016014,0.0900660765300407,0.08171706957853861,0.0078077795280040805,0.025267055612016014,0.005014713379151381,0.0008104161327768524,0.0008104161327768524,0.0,0.9988779061182756,0.007098215389080592,0.00628779925630374,0.9999602118031167,False
4.825,1,174,175,1.371943750000022,1.371943750000022,0.0,0.02630689936201609,0.013153449681008044,0.0900358195785392,0.08064696887703704,0.008847623278004155,0.013153449681008044,0.005014713379151381,0.0008152409815236829,0.0008152409815236829,0.0,0.998993823886469,0.006628501560819174,0.0058132605792954916,0.9999641849852987,False
4.85925,1,175,176,1.381362500000022,1.381362500000022,0.0,0.01433079343100808,0.01433079343100808,0.09006571887703732,0.08498887165128621,0.005076847225751104,0.01433079343100808,0.005014713379151381,0.0007858972576079022,0.0007858972576079022,0.0,0.9991122807490332,0.007721446157103497,0.006935548899495595,0.9999694902119796,False
4.8775,1,176,177,1.3863812500000225,1.3863812500000223,-2.220446049250313e-16,0.014958137181008116,0.014958137181008116,0.09000762165128647,0.08430343067553536,0.005390519100751123,0.014958137181008116,0.005014713379151381,0.0008169600028373058,0.0008169600028373058,0.0,0.998437184226467,0.00797880857807852,0.007161848575241213,0.9999437012347705,False
4.89825,1,177,178,1.3920875000000228,1.3920875000000228,0.0,0.015671418431008173,0.015671418431008173,0.09000968067553572,0.08390588032478458,0.005932014764002137,0.015671418431008173,0.005014713379151381,0.0008327719048598103,0.0008327719048598103,0.0,0.9985398656693538,0.008140661393849391,0.007307889488989581,0.9999477116578404,False
4.9205000000000005,1,178,179,1.3982062500000227,1.3982062500000227,0.0,0.0164362621810082,0.0164362621810082,0.09002463032478467,0.08315598622403356,0.006314436639002151,0.0164362621810082,0.005014713379151381,0.0008416174863886598,0.0008416174863886598,0.0,0.9986695881546868,0.008145233846167353,0.007303616359778694,0.999952699348237,False
4.9455,1,179,180,1.405081250000023,1.405081250000023,0.0,0.01729563718100826,0.01729563718100826,0.09003098622403378,0.08247475271003168,0.006494905389002184,0.01729563718100826,0.005014713379151381,0.0008482554865137784,0.0008482554865137784,0.0,0.99875836414719,0.008116591552741706,0.007268336066227928,0.9999561040336195,False
4.973,1,180,181,1.412643750000023,1.412643750000023,0.0,0.018240949681008305,0.018240949681008305,0.09003725271003181,0.08153570669602966,0.006967561639002207,0.018240949681008305,0.005014713379151381,0.0008560273775536046,0.0008560273775536046,0.0,0.9988030172940943,0.007895090650758496,0.007039063273204892,0.9999577222684852,False
5.0040000000000004,1,181,182,1.4211687500000234,1.4211687500000234,0.0,0.01930657468100835,0.01930657468100835,0.09006070669602986,0.08087595755702767,0.008033186639002196,0.01930657468100835,0.005014713379151381,0.0008616336547801102,0.0008616336547801102,0.0,0.998891692220526,0.006701105013660738,0.005839471358880628,0.9999603267172908,False
5.03725,1,182,183,1.430312500000024,1.430312500000024,0.0,0.020449543431008434,0.020449543431008434,0.09001970755702834,0.08485584861252721,0.0051638589445011426,0.020449543431008434,0.005014713379151381,0.0008621717890080292,0.0008621717890080292,0.0,0.9990302702908218,0.008483364831828571,0.007621193042820542,0.9999667661210799,False
5.056,1,183,184,1.435468750000024,1.435468750000024,0.0,0.021094074681008462,0.021094074681008462,0.09001209861252737,0.08420370841802625,0.00514667144450115,0.021094074681008462,0.005014713379151381,0.0008748376679766291,0.0008748376679766291,0.0,0.9984655789470951,0.008564701290488301,0.007689863622511672,0.9999450762470445,False
5.07725,1,184,185,1.4413125000000242,1.4413125000000242,0.0,0.021824543431008477,0.021824543431008477,0.09004745841802628,0.08417031822352516,0.005511905819501157,0.021824543431008477,0.005014713379151381,0.0008821553173874133,0.0008821553173874133,0.0,0.9984836387064178,0.008661918463047223,0.00777976314565981,0.9999458027754937,False
5.0985000000000005,1,185,186,1.4471562500000243,1.4471562500000243,0.0,0.022555012181008523,0.022555012181008523,0.09001406822352538,0.08340645927902426,0.005640812069501185,0.022555012181008523,0.005014713379151381,0.0008902268992541896,0.0008902268992541896,0.0,0.9985726617124585,0.008714370442601274,0.007824143543347085,0.999949248740141,False
5.1225000000000005,1,186,187,1.4537562500000245,1.4537562500000245,0.0,0.023380012181008568,0.023380012181008568,0.09000645927902441,0.08293908470952326,0.006053312069501207,0.023380012181008568,0.005014713379151381,0.0008906361671195311,0.0008906361671195311,0.0,0.998622153116292,0.008641449547880029,0.007750813380760497,0.9999511142583561,False
5.14825,1,187,188,1.4608375000000249,1.4608375000000249,0.0,0.024265168431008628,0.024265168431008628,0.09002033470952346,0.0820678038900223,0.006938468319501208,0.024265168431008628,0.005014713379151381,0.0008997214226164427,0.0008997214226164427,0.0,0.9987163674044935,0.008324905675687208,0.007425184253070765,0.9999545841769205,False
5.17725,1,188,189,1.468812500000025,1.468812500000025,0.0,0.025262043431008678,0.025262043431008678,0.09004280389002246,0.08169496057052128,0.0078043780452522514,0.025262043431008678,0.005014713379151381,0.0009045147508844569,0.0009045147508844569,0.0,0.9988782059405349,0.008008641593555896,0.007104126842671439,0.9999606552666447,False
5.2075000000000005,1,189,190,1.477131250000025,1.4771312500000253,2.220446049250313e-16,0.02630188718100872,0.01315094359050436,0.0900137105705216,0.08062602350102037,0.008844221795252294,0.01315094359050436,0.005014713379151381,0.0009074657347339191,0.0009074657347339191,0.0,0.9989938806893378,0.0074953108751904945,0.006587845140456575,0.9999645929494085,False
5.24175,1,190,191,1.4865500000000258,1.4865500000000258,0.0,0.014328287340504427,0.014328287340504427,0.0900447735010209,0.08496850809127024,0.005076265409750655,0.014328287340504427,0.005014713379151381,0.0008751822866331768,0.0008751822866331768,0.0,0.9991124096123019,0.00859901665499612,0.007723834368362944,0.9999699089284771,False
5.26025,1,191,192,1.4916375000000262,1.4916375000000262,0.0,0.014964224840504475,0.014964224840504475,0.09005600809127058,0.08434380518151993,0.005394234159750679,0.014964224840504475,0.005014713379151381,0.0009088626722456258,0.0009088626722456258,0.0,0.9984398391869059,0.00888620426695845,0.007977341594712825,0.9999442407445421,False
5.281,1,192,193,1.4973437500000262,1.4973437500000264,2.220446049250313e-16,0.0156775060905045,0.0156775060905045,0.09005005518152004,0.08394253977176938,0.005934610897626213,0.0156775060905045,0.005014713379151381,0.0009254525239612677,0.0009254525239612677,0.0,0.9985412173299597,0.009059632085558211,0.008134179561596944,0.9999482074807994,False
5.30325,1,193,194,1.5034625000000266,1.5034625000000266,0.0,0.01644234984050456,0.01644234984050456,0.09006128977176969,0.08318893061201904,0.006317032772626243,0.01644234984050456,0.005014713379151381,0.0009381905635500149,0.0009381905635500149,0.0,0.9986705849113625,0.009094890120256147,0.008156699556706132,0.9999531963706468,False
5.32825,1,194,195,1.5103375000000265,1.5103375000000265,0.0,0.017301724840504587,0.017301724840504587,0.09006393061201902,0.08250510096439283,0.006497501522626259,0.017301724840504587,0.005014713379151381,0.0009420498707121179,0.0009420498707121179,0.0,0.9987592794877453,0.00903069817904429,0.008088648308332173,0.9999565813542151,False
5.3557500000000005,1,195,196,1.5179000000000267,1.5179000000000267,0.0,0.018247037340504632,0.018247037340504632,0.09006760096439297,0.08156345881676674,0.006970157772626282,0.018247037340504632,0.005014713379151381,0.0009491056935985047,0.0009491056935985047,0.0,0.9988038959468108,0.008795930060248182,0.007846824366649676,0.999958191002985,False
5.3865,1,196,197,1.5263562500000272,1.5263562500000272,0.0,0.019304068590504698,0.019304068590504698,0.0900197088167671,0.08084095729414083,0.00802718902262629,0.019304068590504698,0.005014713379151381,0.0009487306215664856,0.0009487306215664856,0.0,0.9988912867615812,0.0075309310978717015,0.006582200476305216,0.9999606981887853,False
5.42,1,197,198,1.5355687500000277,1.5355687500000277,0.0,0.020455631090504762,0.020455631090504762,0.09005345729414134,0.08488830028282818,0.005165157011313173,0.020455631090504762,0.005014713379151381,0.000946359958252357,0.000946359958252357,0.0,0.9990309588180185,0.009314605311366984,0.008368245353114628,0.9999671893038229,False
5.43875,1,198,199,1.5407250000000277,1.5407250000000277,0.0,0.02110016234050479,0.02110016234050479,0.09004455028282835,0.0842348620215152,0.005147969511313188,0.02110016234050479,0.005014713379151381,0.0009573607965229793,0.0009573607965229793,0.0,0.9984663331212005,0.009377741502272295,0.008420380705749317,0.9999454970391486,False
5.4597500000000005,1,199,200,1.546500000000028,1.546500000000028,0.0,0.021822037340504825,0.021822037340504825,0.09000986202151537,0.0841400175102022,0.005508907011313205,0.021822037340504825,0.005014713379151381,0.0009628626772536936,0.0009628626772536936,0.0,0.9984821500672291,0.009465845975518437,0.008502983298264743,0.9999461336937762,False
5.48125,1,200,201,1.5524125000000282,1.5524125000000284,2.220446049250313e-16,0.022561099840504882,0.022561099840504882,0.09005251751020252,0.08344361049888932,0.005642110136313237,0.022561099840504882,0.005014713379151381,0.0009703999243764599,0.0009703999243764599,0.0,0.998574341953782,0.0095094502735448,0.008539050349168341,0.999949697189218,False
5.50525,1,201,202,1.5590125000000283,1.5590125000000283,0.0,0.023386099840504927,0.023386099840504927,0.09004361049888947,0.08297064098757626,0.0060546101363132595,0.023386099840504927,0.005014713379151381,0.0009707877615750781,0.0009707877615750781,0.0,0.9986228282890091,0.009421711261083314,0.008450923499508236,0.9999515170059217,False
5.531,1,202,203,1.5660937500000283,1.5660937500000283,0.0,0.024271256090504956,0.024271256090504956,0.09005189098757621,0.08209376522626302,0.0069397663863132305,0.024271256090504956,0.005014713379151381,0.000974694032281772,0.000974694032281772,0.0,0.9987169789959766,0.009049557713898412,0.00807486368161664,0.9999549573315025,False
5.55975,1,203,204,1.5740000000000287,1.5740000000000287,0.0,0.025259537340505026,0.025259537340505026,0.09000001522626334,0.0816594675899501,0.007803751522626338,0.025259537340505026,0.005014713379151381,0.0009793731899125574,0.0009793731899125574,0.0,0.9988775402867074,0.008736799497298789,0.0077574263073862315,0.9999609761251176,False
5.59025,1,204,205,1.5823875000000291,1.5823875000000291,0.0,0.02630797484050508,0.01315398742025254,0.09004696758995054,0.08065798245363724,0.008852189022626392,0.01315398742025254,0.005014713379151381,0.0009753919955770003,0.0009753919955770003,0.0,0.9989951206421402,0.008144638159644599,0.007169246164067599,0.9999649410692313,False
5.62425,1,205,206,1.5917375000000296,1.5917375000000296,0.0,0.014322737420252595,0.014322737420252595,0.09000798245363768,0.08493536488548101,0.005072617568156676,0.014322737420252595,0.005014713379151381,0.0009345677108810239,0.0009345677108810239,0.0,0.9991126411886933,0.009185612296743785,0.008251044585862762,0.9999701928762024,False
5.64275,1,206,207,1.5968250000000297,1.5968250000000297,0.0,0.014958674920252612,0.014958674920252612,0.0900228648854811,0.08431430981732445,0.005390586318156684,0.014958674920252612,0.005014713379151381,0.0009684397198783902,0.0009684397198783902,0.0,0.9984391356456211,0.009471571153229795,0.008503131433351404,0.9999444958387047,False
5.6635,1,207,208,1.60253125000003,1.60253125000003,0.0,0.015671956170252667,0.015671956170252667,0.09002055981732479,0.0839166922491681,0.00593214919881326,0.015671956170252667,0.005014713379151381,0.0009817404085195706,0.0009817404085195706,0.0,0.998540622901259,0.009616485787461132,0.008634745378941561,0.9999484536086884,False
5.6857500000000005,1,208,209,1.6086500000000301,1.6086500000000301,0.0,0.016436799920252695,0.016436799920252695,0.09003544224916818,0.08316673093101151,0.006314571073813275,0.016436799920252695,0.005014713379151381,0.00099520788372044,0.00099520788372044,0.0,0.9986703775559584,0.00965922920194412,0.00866402131822368,0.999953460979956,False
5.71075,1,209,210,1.6155250000000305,1.6155250000000305,0.0,0.017296174920252753,0.017296174920252753,0.09004173093101174,0.08248536298219851,0.006497188261313303,0.017296174920252753,0.005014713379151381,0.0009961761210460472,0.0009961761210460472,0.0,0.9987591204007,0.009553264538275326,0.008557088417229278,0.9999568278553417,False
5.73825,1,210,211,1.6230875000000307,1.6230875000000307,0.0,0.0182414874202528,0.0182414874202528,0.09004786298219865,0.08154618253338537,0.006969844511313325,0.0182414874202528,0.005014713379151381,0.0010025346937305281,0.0010025346937305281,0.0,0.9988041085694076,0.0093180148211678,0.008315480127437273,0.9999584499112614,False
5.769,1,211,212,1.631543750000031,1.631543750000031,0.0,0.019298518670252864,0.019298518670252864,0.09000243253338575,0.08082614270957239,0.008026875761313335,0.019298518670252864,0.005014713379151381,0.0010036998452369343,0.0010036998452369343,0.0,0.9988915131363512,0.008056744892118842,0.007053045046881907,0.9999609532423576,False
5.8025,1,212,213,1.6407562500000314,1.6407562500000314,0.0,0.020450081170252928,0.020450081170252928,0.0900386427095729,0.0848747165476662,0.005163926161906704,0.020450081170252928,0.005014713379151381,0.0009996706348830017,0.0009996706348830017,0.0,0.9990311876024975,0.009843060794944979,0.008843390160061977,0.9999674505532278,False
5.82125,1,213,214,1.6459125000000316,1.6459125000000316,0.0,0.021094612420252956,0.021094612420252956,0.09003096654766637,0.0842225091357597,0.005147812880656709,0.021094612420252956,0.005014713379151381,0.0010109753404139482,0.0010109753404139482,0.0,0.9984662738266831,0.009904731025380704,0.008893755684966757,0.9999457485622483,False
5.8425,1,214,215,1.6517562500000318,1.6517562500000318,0.0,0.021825081170253002,0.021825081170253002,0.09006625913575997,0.08418797750510326,0.005513047255656732,0.021825081170253002,0.005014713379151381,0.0010133040246059037,0.0010133040246059037,0.0,0.9984845866246274,0.009966686511282984,0.00895338248667708,0.9999464688624481,False
5.8637500000000005,1,215,216,1.657600000000032,1.657600000000032,0.0,0.022555549920253017,0.022555549920253017,0.09003172750510324,0.08342297712444656,0.005641953505656744,0.022555549920253017,0.005014713379151381,0.001017613414686468,0.001017613414686468,0.0,0.9985735560369017,0.009981569088333427,0.008963955673646959,0.9999498948654945,False
5.8877500000000005,1,216,217,1.664200000000032,1.664200000000032,0.0,0.02338054992025306,0.02338054992025306,0.0900229771244467,0.08295446111879001,0.006054453505656766,0.02338054992025306,0.005014713379151381,0.0010219065248953448,0.0010219065248953448,0.0,0.9986230487070608,0.009921895922853287,0.008899989397957941,0.999951766751673,False
5.9135,1,217,218,1.6712812500000322,1.6712812500000322,0.0,0.024265706170253122,0.024265706170253122,0.0900357111187902,0.0820820388631335,0.006939609755656767,0.024265706170253122,0.005014713379151381,0.0010205037436680667,0.0010205037436680667,0.0,0.9987171768775078,0.009489626444069171,0.008469122700401104,0.9999551771292169,False
5.9425,1,218,219,1.6792562500000323,1.6792562500000323,0.0,0.025262581170253172,0.025262581170253172,0.09005703886313367,0.08170805410747692,0.00780666091756337,0.025262581170253172,0.005014713379151381,0.0010269704390023593,0.0010269704390023593,0.0,0.9988789751670147,0.00920592784372136,0.008178957404719,0.9999612550387329,False
5.9727500000000004,1,219,220,1.6875750000000327,1.6875750000000327,0.0,0.026302424920253215,0.013151212460126608,0.09002680410747725,0.08063797560182046,0.008846504667563412,0.013151212460126608,0.005014713379151381,0.0010245970511093617,0.0010245970511093617,0.0,0.9989947132062209,0.008620339425255114,0.007595742374145752,0.9999651487290849,False
6.007000000000001,1,220,221,1.6969937500000332,1.6969937500000332,0.0,0.014328556210126674,0.014328556210126674,0.09005672560182099,0.08497988947399254,0.005076836127828435,0.014328556210126674,0.005014713379151381,0.0009789954050969806,0.0009789954050969806,0.0,0.9991131182742266,0.009628177393211312,0.008649181988114332,0.9999704210805542,False
6.0255,1,221,222,1.7020812500000337,1.7020812500000337,0.0,0.014964493710126722,0.014964493710126722,0.09006738947399288,0.08435461584616445,0.005394804877828459,0.014964493710126722,0.005014713379151381,0.0010147580194906675,0.0010147580194906675,0.0,0.998440522609356,0.009929887130003888,0.008915129110513221,0.9999447697253699,False
6.046250000000001,1,222,223,1.7077875000000338,1.707787500000034,2.220446049250313e-16,0.015677774960126747,0.015677774960126747,0.09006086584616455,0.08395277971833612,0.005935752333781771,0.015677774960126747,0.005014713379151381,0.0010256165227483323,0.0010256165227483323,0.0,0.9985418530226416,0.01005032622020545,0.009024709697457117,0.9999487099481454,False
6.06825,1,223,224,1.713837500000034,1.7138375000000339,-2.220446049250313e-16,0.016434024960126796,0.016434024960126796,0.09000277971833635,0.08313844359050793,0.0063138773337817955,0.016434024960126796,0.005014713379151381,0.0010386085781057778,0.0010386085781057778,0.0,0.9986695980578154,0.010094278950557985,0.009055670372452206,0.9999536408550393,False
6.09325,1,224,225,1.7207125000000338,1.720712500000034,2.220446049250313e-16,0.017293399960126823,0.017293399960126823,0.0900134435905079,0.08246206625672617,0.006494346083781813,0.017293399960126823,0.005014713379151381,0.0010421934033412452,0.0010421934033412452,0.0,0.9987592288408299,0.010003470276044639,0.008961276872703393,0.9999570491697289,False
6.12075,1,225,226,1.7282750000000342,1.7282750000000342,0.0,0.0182387124601269,0.0182387124601269,0.09002456625672656,0.08152787642294475,0.006967002333781851,0.0182387124601269,0.005014713379151381,0.001044847984019163,0.001044847984019163,0.0,0.9988038592152823,0.009738307596142123,0.00869345961212296,0.9999586407907893,False
6.15175,1,226,227,1.7368000000000345,1.7368000000000345,0.0,0.019304337460126945,0.019304337460126945,0.09005287642294495,0.0808686865891631,0.008032627333781841,0.019304337460126945,0.005014713379151381,0.0010473878710926417,0.0010473878710926417,0.0,0.9988925266832661,0.008480391014715663,0.007433003143623021,0.9999611922176198,False
6.1850000000000005,1,227,228,1.745943750000035,1.745943750000035,0.0,0.020447306210126998,0.020447306210126998,0.09001243658916352,0.08484885729727258,0.005163579291890949,0.020447306210126998,0.005014713379151381,0.0010404580107026878,0.0010404580107026878,0.0,0.9990310874018579,0.010249089371554061,0.009208631360851373,0.9999676409253871,False
6.20375,1,228,229,1.751100000000035,1.751100000000035,0.0,0.021091837460127025,0.021091837460127025,0.09000510729727276,0.08419699675538184,0.0051463917918909636,0.021091837460127025,0.005014713379151381,0.0010542343460446342,0.0010542343460446342,0.0,0.9984663975044071,0.010332836318820322,0.009278601972775687,0.9999459593343616,False
6.2250000000000005,1,229,230,1.756943750000035,1.756943750000035,0.0,0.02182230621012707,0.02182230621012707,0.0900407467553821,0.08416388621349113,0.005511626166890987,0.02182230621012707,0.005014713379151381,0.0010533332500615568,0.0010533332500615568,0.0,0.998484418552148,0.010364669643639308,0.009311336393577752,0.9999466541575466,False
6.24625,1,230,231,1.7627875000000355,1.7627875000000355,0.0,0.022552774960127118,0.022552774960127118,0.09000763621349137,0.08340030692160041,0.005640532416891007,0.022552774960127118,0.005014713379151381,0.0010567932603062252,0.0010567932603062252,0.0,0.9985734253058487,0.01036991181572023,0.009313118555414005,0.9999500770144071,False
6.27025,1,231,232,1.7693875000000356,1.7693875000000356,0.0,0.023377774960127162,0.023377774960127162,0.09000030692160055,0.08293321200470957,0.006053032416891029,0.023377774960127162,0.005014713379151381,0.0010651605908660396,0.0010651605908660396,0.0,0.9986229602532041,0.010352585165614672,0.009287424574748633,0.9999519708782758,False
6.296,1,232,233,1.7764687500000358,1.7764687500000358,0.0,0.024262931210127223,0.024262931210127223,0.09001446200470976,0.08206221083781878,0.006938188666891031,0.024262931210127223,0.005014713379151381,0.0010634219614065173,0.0010634219614065173,0.0,0.998717126748244,0.009907343650003439,0.008843921688596922,0.9999553764763464,False
6.325,1,233,234,1.784443750000036,1.784443750000036,0.0,0.025259806210127272,0.025259806210127272,0.09003721083781895,0.08168964717092793,0.0078038187400319,0.025259806210127272,0.005014713379151381,0.00106864626834479,0.00106864626834479,0.0,0.9988789808175871,0.009623484954499217,0.008554838686154427,0.9999614550921146,False
6.35525,1,234,235,1.7927625000000365,1.7927625000000365,0.0,0.026299649960127316,0.013149824980063658,0.09000839717092828,0.0806209897540372,0.008843662490031943,0.013149824980063658,0.005014713379151381,0.0010678507691980316,0.0010678507691980316,0.0,0.9989946016983494,0.009048029235412328,0.007980178466214296,0.9999653471093053,False
6.3895,1,235,236,1.802181250000037,1.802181250000037,0.0,0.014327168730063724,0.014327168730063724,0.09003973975403773,0.08496361417059217,0.005076125583445567,0.014327168730063724,0.005014713379151381,0.0010170214482483487,0.0010170214482483487,0.0,0.9991130523783499,0.01000900694893899,0.008991985500690643,0.9999705992465693,False
6.408,1,236,237,1.8072687500000368,1.8072687500000368,0.0,0.014963106230063741,0.014963106230063741,0.09005111417059226,0.08433905108714672,0.005394094333445575,0.014963106230063741,0.005014713379151381,0.0010551235066583195,0.0010551235066583195,0.0,0.9984405293649458,0.010332829682970592,0.009277706176312272,0.999944963848573,False
6.42875,1,237,238,1.8129750000000375,1.8129750000000373,-2.220446049250313e-16,0.015676387480063794,0.015676387480063794,0.09004530108714706,0.08393792550370148,0.005934331245016036,0.015676387480063794,0.005014713379151381,0.0010652180687022808,0.0010652180687022808,0.0,0.998541880545929,0.010441212785288388,0.009375994716586107,0.9999488992135158,False
6.4510000000000005,1,238,239,1.8190937500000375,1.8190937500000373,-2.220446049250313e-16,0.016441231230063823,0.016441231230063823,0.09005667550370156,0.083184456170256,0.0063167531200160505,0.016441231230063823,0.005014713379151381,0.0010783360957744752,0.0010783360957744752,0.0,0.9986712263311652,0.01049119241296962,0.009412856317195146,0.9999538945503315,False
6.476,1,239,240,1.8259687500000377,1.8259687500000377,0.0,0.01730060623006388,0.01730060623006388,0.09005945617025624,0.08250090617524022,0.0064972218700160836,0.01730060623006388,0.005014713379151381,0.0010857005912365857,0.0010857005912365857,0.0,0.9987599453177699,0.010435378448807063,0.009349677857570477,0.9999572847044184,False
6.5035,1,240,241,1.8335312500000378,1.8335312500000378,0.0,0.018245918730063926,0.018245918730063926,0.09006340617524033,0.0815595436802243,0.006969878120016106,0.018245918730063926,0.005014713379151381,0.001085811139390888,0.001085811139390888,0.0,0.9988045274552813,0.010144100495421818,0.00905828935603093,0.9999588607721772,False
6.53425,1,241,242,1.8419875000000383,1.8419875000000383,0.0,0.01930294998006399,0.01930294998006399,0.09001579368022466,0.08083732181020856,0.008026909370016115,0.01930294998006399,0.005014713379151381,0.0010909859241979322,0.0010909859241979322,0.0,0.9988919502512059,0.008909152779132762,0.00781816685493483,0.9999613740576654,False
6.56775,1,242,243,1.8512000000000386,1.8512000000000386,0.0,0.020454512480064056,0.020454512480064056,0.09004982181020907,0.08488480462520097,0.005165017185008092,0.020454512480064056,0.005014713379151381,0.001082123078864117,0.001082123078864117,0.0,0.9990315998751882,0.010664350128011146,0.009582227049147029,0.9999678596879574,False
6.5865,1,243,244,1.8563562500000388,1.8563562500000388,0.0,0.021099043730064083,0.021099043730064083,0.09004105462520115,0.08423150619019307,0.005147829685008099,0.021099043730064083,0.005014713379151381,0.0010982941704076408,0.0010982941704076408,0.0,0.9984669983749823,0.010773132145661418,0.009674837975253777,0.9999461941686787,False
6.6075,1,244,245,1.862131250000039,1.862131250000039,0.0,0.02182091873006412,0.02182091873006412,0.09000650619019326,0.08413680150518517,0.005508767185008117,0.02182091873006412,0.005014713379151381,0.0010947474577916027,0.0010947474577916027,0.0,0.9984827714134134,0.010773801048678762,0.009679053590887159,0.9999467877994026,False
6.6290000000000004,1,245,246,1.868043750000039,1.868043750000039,0.0,0.022559981230064145,0.022559981230064145,0.09004930150518524,0.08344053432017717,0.005641970310008134,0.022559981230064145,0.005014713379151381,0.0010989898135225751,0.0010989898135225751,0.0,0.998574950290527,0.010788725831914092,0.009689736018391517,0.9999503372063087,False
6.6530000000000005,1,246,247,1.8746437500000392,1.8746437500000392,0.0,0.02338498123006419,0.02338498123006419,0.0900405343201773,0.08296770463516923,0.0060544703100081565,0.02338498123006419,0.005014713379151381,0.0011089261572140158,0.0011089261572140158,0.0,0.9986234859246773,0.010794103175053651,0.009685177017839636,0.9999522037115406,False
6.67875,1,247,248,1.8817250000000394,1.8817250000000394,0.0,0.02427013748006425,0.02427013748006425,0.09004895463516942,0.08209096870016133,0.006939626560008158,0.02427013748006425,0.005014713379151381,0.00110918303191406,0.00110918303191406,0.0,0.9987176221282965,0.010357595115314915,0.009248412083400855,0.9999556123855745,False
6.70775,1,248,249,1.8897000000000395,1.8897000000000395,0.0,0.0252670124800643,0.0252670124800643,0.09006596870016148,0.08171696714015333,0.007807768745016152,0.0252670124800643,0.005014713379151381,0.001110484137278563,0.001110484137278563,0.0,0.9988793935888745,0.010041386023941265,0.008930901886662701,0.9999616711492447,False
6.738,1,249,250,1.8980187500000398,1.89801875000004,2.220446049250313e-16,0.026306856230064343,0.013153428115032171,0.09003571714015368,0.08064687183014549,0.008847612495016194,0.013153428115032171,0.005014713379151381,0.0011117532456106868,0.0011117532456106868,0.0,0.9989952696928723,0.009486927956198127,0.00837517471058744,0.9999655808436133,False
6.7722500000000005,1,250,251,1.9074375000000405,1.9074375000000405,0.0,0.014330771865032238,0.014330771865032238,0.09006562183014602,0.0849887773001419,0.00507684453000413,0.014330771865032238,0.005014713379151381,0.001056601212824796,0.001056601212824796,0.0,0.9991135989998453,0.010406901058309916,0.009350299845485119,0.9999708092611315,False
6.7905,1,251,252,1.9124562500000406,1.9124562500000408,2.220446049250313e-16,0.014958115615032274,0.014958115615032274,0.09000752730014214,0.08430333902013802,0.005390516405004148,0.014958115615032274,0.005014713379151381,0.0010973693270109601,0.0010973693270109601,0.0,0.9984385796369071,0.010757968015277897,0.009660598688266936,0.9999450934490753,False
6.81125,1,252,253,1.918162500000041,1.918162500000041,0.0,0.015671396865032328,0.015671396865032328,0.09000958902013836,0.08390579136513421,0.005932009372508172,0.015671396865032328,0.005014713379151381,0.0011082150065501886,0.0011082150065501886,0.0,0.9985412376298679,0.01086628268656039,0.009758067680010201,0.9999490791165666,False
6.8335,1,253,254,1.9242812500000412,1.9242812500000412,0.0,0.016436240615032356,0.016436240615032356,0.09002454136513428,0.08315589996013015,0.006314431247508186,0.016436240615032356,0.005014713379151381,0.0011196485232900012,0.0011196485232900012,0.0,0.9986709700066023,0.010902322383520374,0.009782673860230373,0.9999540828168791,False
6.8585,1,254,255,1.9311562500000414,1.9311562500000414,0.0,0.017295615615032414,0.017295615615032414,0.09003089996013039,0.08247467183762222,0.006494899997508219,0.017295615615032414,0.005014713379151381,0.0011308950297631544,0.0011308950297631544,0.0,0.9987597675645661,0.010887653967665965,0.009756758937902812,0.9999574959462544,False
6.886,1,255,256,1.9387187500000416,1.9387187500000413,-2.220446049250313e-16,0.01824092811503246,0.01824092811503246,0.09003717183762236,0.08153563121511419,0.006967556247508242,0.01824092811503246,0.005014713379151381,0.0011301135421261552,0.0011301135421261552,0.0,0.9988043732367617,0.010581950440611762,0.009451836898485607,0.9999590644735487,False
6.917,1,256,257,1.9472437500000417,1.9472437500000417,0.0,0.019306553115032505,0.019306553115032505,0.0900606312151144,0.08087588746760616,0.008033181247508231,0.019306553115032505,0.005014713379151381,0.0011355294439173778,0.0011355294439173778,0.0,0.9988930407583787,0.009350145084105144,0.008214615640187765,0.9999616254193416,False
6.9502500000000005,1,257,258,1.9563875000000421,1.9563875000000421,0.0,0.020449521865032558,0.020449521865032558,0.09001963746760658,0.08485578121885243,0.0051638562487541445,0.020449521865032558,0.005014713379151381,0.0011260899697228053,0.0011260899697228053,0.0,0.9990315717150231,0.011099994071234527,0.009973904101511721,0.9999680670970762,False
6.969,1,258,259,1.9615437500000423,1.9615437500000423,0.0,0.021094053115032586,0.021094053115032586,0.09001203121885261,0.08420364372009848,0.005146668748754152,0.021094053115032586,0.005014713379151381,0.0011434871683564335,0.0011434871683564335,0.0,0.9984669165352058,0.01122700083913808,0.010083513670781646,0.9999464093693912,False
6.9902500000000005,1,259,260,1.9673875000000425,1.9673875000000427,2.220446049250313e-16,0.021824521865032632,0.021824521865032632,0.09004739372009876,0.08417025622134461,0.005511903123754175,0.021824521865032632,0.005014713379151381,0.0011392303024438319,0.0011392303024438319,0.0,0.998484919360002,0.01121568652809779,0.010076456225653958,0.9999470829610962,False
7.0115,1,260,261,1.9732312500000426,1.9732312500000426,0.0,0.022554990615032678,0.022554990615032678,0.09001400622134482,0.08340639997259068,0.005640809373754202,0.022554990615032678,0.005014713379151381,0.001142856502061689,0.001142856502061689,0.0,0.9985739187993297,0.011218356931326515,0.010075500429264826,0.9999505044592424,False
7.0355,1,261,262,1.9798312500000428,1.9798312500000428,0.0,0.023379990615032722,0.023379990615032722,0.09000639997259081,0.08293902809883666,0.006053309373754224,0.023379990615032722,0.005014713379151381,0.0011519957423283573,0.0011519957423283573,0.0,0.9986234524101778,0.01122806394092201,0.010076068198593652,0.9999524116770776,False
7.06125,1,262,263,1.9869125000000432,1.9869125000000432,0.0,0.024265146865032783,0.024265146865032783,0.09002027809883685,0.08206774997508268,0.006938465623754226,0.024265146865032783,0.005014713379151381,0.0011556535082452623,0.0011556535082452623,0.0,0.9987176381765733,0.010819616543500124,0.009663963035254863,0.9999558358005834,False
7.09025,1,263,264,1.9948875000000434,1.9948875000000432,-2.220446049250313e-16,0.025262021865032833,0.025262021865032833,0.09004274997508284,0.08169490935132862,0.00780437265375829,0.025262021865032833,0.005014713379151381,0.0011525657180212249,0.0011525657180212249,0.0,0.9988794387000967,0.010459582775239673,0.009307017057218448,0.9999618731828527,False
7.1205,1,264,265,2.003206250000044,2.0032062500000434,-4.440892098500626e-16,0.026301865615032876,0.013150932807516438,0.09001365935132898,0.08062597497757472,0.008844216403758334,0.013150932807516438,0.005014713379151381,0.0011542519024880945,0.0011542519024880945,0.0,0.9989950907657744,0.009913379785726345,0.00875912788323825,0.999965776139498,False
7.15475,1,265,266,2.0126250000000443,2.0126250000000443,0.0,0.014328276557516504,0.014328276557516504,0.09004472497757525,0.08496846091569808,0.005076264061877164,0.014328276557516504,0.005014713379151381,0.0010962250362250973,0.0010962250362250973,0.0,0.9991134916913577,0.010803208638620089,0.009706983602394992,0.9999709927139057,False
7.17325,1,266,267,2.0177125000000444,2.0177125000000444,0.0,0.014964214057516521,0.014964214057516521,0.09005596091569817,0.08434375935382105,0.005394232811877172,0.014964214057516521,0.005014713379151381,0.001139239466311554,0.001139239466311554,0.0,0.9984409875234357,0.011180542173236135,0.010041302706924582,0.9999453893040102,False
7.194,1,267,268,2.0234187500000447,2.0234187500000447,0.0,0.015677495307516574,0.015677495307516574,0.09005000935382138,0.0839424952919442,0.005934608201879231,0.015677495307516574,0.005014713379151381,0.001153106222683765,0.001153106222683765,0.0,0.9985423530233629,0.01131191476180618,0.010158808539122415,0.9999493364010493,False
7.2162500000000005,1,268,269,2.0295375000000444,2.0295375000000444,0.0,0.016442339057516603,0.016442339057516603,0.09006124529194429,0.08318888748006711,0.0063170300768792455,0.016442339057516603,0.005014713379151381,0.001162613747378535,0.001162613747378535,0.0,0.9986717025252032,0.011327700916142582,0.010165087168764046,0.999954315824886,False
7.24125,1,269,270,2.0364125000000453,2.0364125000000453,0.0,0.01730171405751666,0.01730171405751666,0.09006388748006736,0.08250506052818815,0.0064974988268792794,0.01730171405751666,0.005014713379151381,0.0011752782736015935,0.0011752782736015935,0.0,0.9987604401970315,0.011334112673940994,0.0101588344003394,0.999957737066735,False
7.26875,1,270,271,2.043975000000045,2.043975000000045,0.0,0.018247026557516706,0.018247026557516706,0.09006756052818829,0.08156342107630904,0.006970155076879302,0.018247026557516706,0.005014713379151381,0.0011760142653425652,0.0011760142653425652,0.0,0.9988050214800134,0.011035937148609828,0.009859922883267263,0.9999593068298867,False
7.2995,1,271,272,2.052431250000045,2.052431250000045,0.0,0.01930405780751677,0.01930405780751677,0.0900196710763094,0.0808409222494301,0.008027186326879312,0.01930405780751677,0.005014713379151381,0.0011789929032749217,0.0011789929032749217,0.0,0.9988924248869829,0.009780706259112093,0.008601713355837171,0.9999618061659076,False
7.333,1,272,273,2.061643750000046,2.0616437500000457,-4.440892098500626e-16,0.020455620307516836,0.020455620307516836,0.09005342224943061,0.08488826658599091,0.00516515566343969,0.020455620307516836,0.005014713379151381,0.0011709825852881325,0.0011709825852881325,0.0,0.9990320707490327,0.011547336223771347,0.010376353638483214,0.9999683005282483,False
7.35175,1,273,274,2.066800000000046,2.066800000000046,0.0,0.021100151557516864,0.021100151557516864,0.0900445165859911,0.08423482967255141,0.005147968163439698,0.021100151557516864,0.005014713379151381,0.0011884971599243584,0.0011884971599243584,0.0,0.9984674855910698,0.011681266151501814,0.010492768991577455,0.9999466497695018,False
7.37275,1,274,275,2.0725750000000462,2.0725750000000462,0.0,0.0218220265575169,0.0218220265575169,0.09000982967255161,0.08413998650911192,0.005508905663439715,0.0218220265575169,0.005014713379151381,0.0011859564958831494,0.0011859564958831494,0.0,0.9984832631216398,0.01167710384975934,0.010491147353876192,0.9999472413994621,False
7.39425,1,275,276,2.0784875000000462,2.0784875000000462,0.0,0.022561089057516925,0.022561089057516925,0.09005248650911199,0.08344358084567233,0.005642108788439733,0.022561089057516925,0.005014713379151381,0.001189184679569945,0.001189184679569945,0.0,0.9985754327170392,0.011677930703005372,0.010488746023435427,0.9999507838992583,False
7.4182500000000005,1,276,277,2.0850875000000464,2.0850875000000464,0.0,0.02338608905751697,0.02338608905751697,0.09004358084567246,0.08297061268223277,0.006054608788439755,0.02338608905751697,0.005014713379151381,0.0011953165566963547,0.0011953165566963547,0.0,0.9986239463114878,0.011663204334601003,0.010467887777904649,0.9999526404403678,False
7.444,1,277,278,2.0921687500000465,2.0921687500000465,0.0,0.02427124530751703,0.02427124530751703,0.09005186268223297,0.08209373826879326,0.006939765038439756,0.02427124530751703,0.005014713379151381,0.0012024948801730795,0.0012024948801730795,0.0,0.9987181128450487,0.01128768774818726,0.010085192868014181,0.9999560797371306,False
7.473,1,278,279,2.100143750000047,2.1001437500000466,-4.440892098500626e-16,0.02526812030751708,0.02526812030751708,0.09006873826879343,0.08171959823035368,0.007808045701879347,0.02526812030751708,0.005014713379151381,0.0011978911352831208,0.0011978911352831208,0.0,0.9988798494663406,0.010904426687302765,0.009706535552019644,0.9999621020165668,False
7.50325,1,279,280,2.108462500000047,2.1084625000000474,4.440892098500626e-16,0.026307964057517123,0.013153982028758561,0.09003834823035403,0.08064936444191426,0.00884788945187939,0.013153982028758561,0.005014713379151381,0.0011982390453896391,0.0011982390453896391,0.0,0.998995726797293,0.010350689204702238,0.009152450159312599,0.9999660071500113,False
7.5375000000000005,1,280,281,2.1178812500000475,2.1178812500000475,0.0,0.014331325778758628,0.014331325778758628,0.09006811444191479,0.08499120067269485,0.005076913769219929,0.014331325778758628,0.005014713379151381,0.0011386582819475318,0.0011386582819475318,0.0,0.9991140273551561,0.011226203246539113,0.01008754496459158,0.999971213674945,False
7.55575,1,281,282,2.1229000000000475,2.1229000000000475,0.0,0.014958669528758664,0.014958669528758664,0.0900099506726951,0.08430569315347518,0.005390585644219947,0.014958669528758664,0.005014713379151381,0.001182101552526789,0.001182101552526789,0.0,0.9984390220243814,0.011613810383671833,0.010431708831145043,0.9999455223091694,False
7.5765,1,282,283,2.128606250000048,2.128606250000048,0.0,0.01567195077875872,0.01567195077875872,0.09001194315347552,0.08390807625925557,0.00593214785093977,0.01567195077875872,0.005014713379151381,0.0012005150560766061,0.0012005150560766061,0.0,0.9985417154824532,0.011784580481641799,0.010584065425565193,0.9999495395134028,False
7.59875,1,283,284,2.1347250000000484,2.1347250000000484,0.0,0.01643679452875875,0.01643679452875875,0.09002682625925565,0.08315811561503572,0.006314569725939784,0.01643679452875875,0.005014713379151381,0.001209529314995956,0.001209529314995956,0.0,0.9986714467382308,0.011790383550807658,0.010580854235811702,0.9999545289824513,False
7.62375,1,284,285,2.1416000000000484,2.1416000000000484,0.0,0.017296169528758808,0.017296169528758808,0.09003311561503595,0.0824767490140962,0.006495038475939817,0.017296169528758808,0.005014713379151381,0.0012211274950581408,0.0012211274950581408,0.0,0.9987602415165886,0.01179382437885939,0.010572696883801249,0.9999579513643796,False
7.65125,1,285,286,2.1491625000000485,2.1491625000000485,0.0,0.018241482028758853,0.018241482028758853,0.09003924901409634,0.08153756991315655,0.0069676947259398395,0.018241482028758853,0.005014713379151381,0.0012254053398725565,0.0012254053398725565,0.0,0.99880486991915,0.011527479586602718,0.010302074246730162,0.9999595361434478,False
7.68225,1,286,287,2.1576875000000486,2.1576875000000486,0.0,0.0193071070287589,0.0193071070287589,0.09006256991315677,0.08087768768721693,0.00803331972593983,0.0193071070287589,0.005014713379151381,0.0007598065871509651,0.0007598065871509651,0.0,0.9988882546941154,0.0010352869707524331,0.000275480383601468,0.9999566924290623,False
7.7155000000000005,1,287,288,2.1668312500000493,2.1668312500000493,0.0,0.02045007577875895,0.02045007577875895,0.09002143768721735,0.0848575121992474,0.005163925487969943,0.02045007577875895,0.005014713379151381,0.0009699449085503227,0.0009699449085503227,0.0,0.9990308071516879,0.009552800332790136,0.008582855424239814,0.9999672923927111,False
7.73425,1,288,289,2.1719875000000495,2.17198750000005,4.440892098500626e-16,0.02109460702875901,0.02109460702875901,0.09001376219924784,0.08420530546127789,0.0051467379879699664,0.02109460702875901,0.005014713379151381,0.0010113222220196106,0.0010113222220196106,0.0,0.9984662779824482,0.00992223548704834,0.00891091326502873,0.9999457576966179,False
7.7555000000000005,1,289,290,2.17783125000005,2.17783125000005,0.0,0.021825075778759025,0.021825075778759025,0.0900490554612779,0.08417184872330796,0.005511972362969974,0.021825075778759025,0.005014713379151381,0.0010308544709945746,0.0010308544709945746,0.0,0.9984843977046776,0.010127809306472758,0.009096954835478184,0.9999465397545575,False
7.77675,1,290,291,2.1836750000000498,2.1836750000000498,0.0,0.02255554452875907,0.02255554452875907,0.0900155987233082,0.08340792323533826,0.005640878612970001,0.02255554452875907,0.005014713379151381,0.001044215468346563,0.001044215468346563,0.0,0.9985734429517876,0.010224012301078979,0.009179796832732416,0.9999500076423318,False
7.80075,1,291,292,2.1902750000000504,2.1902750000000504,0.0,0.023380544528759116,0.023380544528759116,0.0900079232353384,0.08294048212236844,0.006053378612970024,0.023380544528759116,0.005014713379151381,0.001050840797629677,0.001050840797629677,0.0,0.9986229623472624,0.010220121663258142,0.009169280865628465,0.9999519075512723,False
7.8265,1,292,293,2.1973562500000505,2.19735625000005,-4.440892098500626e-16,0.024265700778759176,0.024265700778759176,0.09002173212236864,0.08206913475939867,0.006938534862970025,0.024265700778759176,0.005014713379151381,0.0010644579625708327,0.0010644579625708327,0.0,0.9987171956613832,0.00992405402771794,0.008859596065147107,0.9999553870142767,False
7.8555,1,293,294,2.20533125000005,2.2053312500000506,4.440892098500626e-16,0.025262575778759226,0.025262575778759226,0.09004413475939882,0.08169622489642882,0.0078045111321898885,0.025262575778759226,0.005014713379151381,0.0010828810941901023,0.0010828810941901023,0.0,0.9988791011738523,0.009756560467923892,0.008673679373733789,0.9999615231379106,False
7.88575,1,294,295,2.213650000000051,2.213650000000051,0.0,0.02630241952875927,0.013151209764379635,0.09001497489642915,0.0806272212834591,0.008844354882189931,0.013151209764379635,0.005014713379151381,0.0010979231369113542,0.0010979231369113542,0.0,0.9989948295629842,0.009352767112433172,0.008254843975521817,0.999965500680982,False
7.92,1,295,296,2.2230687500000514,2.2230687500000514,0.0,0.014328553514379701,0.014328553514379701,0.09004597128345963,0.08496967260197456,0.005076298681485064,0.014328553514379701,0.005014713379151381,0.0010477492056274336,0.0010477492056274336,0.0,0.9991132652391632,0.010312021801260195,0.00926427259563276,0.9999707514255962,False
7.9385,1,296,297,2.228156250000051,2.2281562500000516,4.440892098500626e-16,0.014964491014379718,0.014964491014379718,0.09005717260197466,0.08434493642048962,0.005394267431485072,0.014964491014379718,0.005014713379151381,0.0010967094917720436,0.0010967094917720436,0.0,0.9984407840909394,0.010762042963405723,0.009665333471633678,0.9999451801662539,False
7.95925,1,297,298,2.233862500000052,2.233862500000052,0.0,0.01567777226437977,0.01567777226437977,0.09005118642048997,0.08394363773900489,0.005934677441095031,0.01567777226437977,0.005014713379151381,0.0011243913762777004,0.0011243913762777004,0.0,0.9985422176795072,0.011026155027343915,0.009901763651066214,0.9999491934220541,False
7.9815000000000005,1,298,299,2.239981250000052,2.239981250000052,0.0,0.0164426160143798,0.0164426160143798,0.09006238773900496,0.0831899953075199,0.006317099316095046,0.0164426160143798,0.005014713379151381,0.0011315590299991166,0.0011315590299991166,0.0,0.9986715610887816,0.011014604520679198,0.009883045490680082,0.9999541593479978,False
8.0065,1,299,300,2.246856250000052,2.246856250000052,0.0,0.017301991014379858,0.017301991014379858,0.09006499530752012,0.0825060991164251,0.00649756806609507,0.017301991014379858,0.005014713379151381,0.0011437113923740496,0.0011437113923740496,0.0,0.9987602945069375,0.011027983166945157,0.009884271774571107,0.999957583714759,False
8.034,1,300,301,2.254418750000052,2.254418750000052,0.0,0.018247303514379903,0.018247303514379903,0.09006859911642509,0.08156439042533009,0.006970224316095061,0.018247303514379903,0.005014713379151381,0.0011543227045742836,0.0011543227045742836,0.0,0.998804925071509,0.01082295554532256,0.009668632840748276,0.9999592018983493,False
8.06475,1,301,302,2.262875000000052,2.262875000000052,0.0,0.019304334764379937,0.019304334764379937,0.09002064042532995,0.08084182235923495,0.008027255566095027,0.019304334764379937,0.005014713379151381,0.0011540399854765133,0.0011540399854765133,0.0,0.9988923113190198,0.009539461867729221,0.008385421882252707,0.9999616882779432,False
8.09825,1,302,303,2.272087500000052,2.272087500000052,0.0,0.02045589726438,0.02045589726438,0.09005432235923494,0.08488913207618745,0.005165190283047491,0.02045589726438,0.005014713379151381,0.0011534650036822505,0.0011534650036822505,0.0,0.9990319916093267,0.011375015824007038,0.010221550820324788,0.9999682153979336,False
8.117,1,303,304,2.277243750000052,2.277243750000052,0.0,0.02110042851438006,0.02110042851438006,0.09004538207618762,0.0842356605431401,0.00514800278304751,0.02110042851438006,0.005014713379151381,0.001164286561651089,0.001164286561651089,0.0,0.9984673734146742,0.011448150493635068,0.010283863931983979,0.9999465332934593,False
8.138,1,304,305,2.2830187500000516,2.283018750000052,4.440892098500626e-16,0.021822303514380064,0.021822303514380064,0.0900106605431398,0.08414078276009233,0.005508940283047489,0.021822303514380064,0.005014713379151381,0.0011693100950695842,0.0011693100950695842,0.0,0.998483188863865,0.011511340483974536,0.010342030388904952,0.9999471585728905,False
8.1595,1,305,306,2.2889312500000525,2.2889312500000525,0.0,0.022561366014380153,0.022561366014380153,0.0900532827600927,0.08344434247704519,0.005642143408047513,0.022561366014380153,0.005014713379151381,0.0011717153189283655,0.0011717153189283655,0.0,0.9985753535632559,0.011498801875438329,0.010327086556509964,0.9999506943424374,False
8.1835,1,306,307,2.295531250000052,2.295531250000052,0.0,0.023386366014380166,0.023386366014380166,0.09004434247704493,0.08297133969399743,0.006054643408047493,0.023386366014380166,0.005014713379151381,0.0011645792324426825,0.0011645792324426825,0.0,0.9986238006302939,0.01135116892506794,0.010186589692625259,0.9999524844159072,False
8.20925,1,307,308,2.302612500000052,2.302612500000052,0.0,0.024271522264380226,0.024271522264380226,0.09005258969399751,0.08209443066095001,0.006939799658047494,0.024271522264380226,0.005014713379151381,0.001167842893380114,0.001167842893380114,0.0,0.9987179461916285,0.010956260592978558,0.009788417699598444,0.9999559135876932,False
8.238,1,308,309,2.3105187500000524,2.3105187500000524,0.0,0.025259803514380296,0.025259803514380296,0.09000068066095011,0.08166009975290264,0.007803818066094966,0.025259803514380296,0.005014713379151381,0.0011698413551010898,0.0011698413551010898,0.0,0.9988784939468275,0.01061782539350753,0.009447984038406439,0.9999619127750721,False
8.2685,1,309,310,2.318906250000052,2.3189062500000523,4.440892098500626e-16,0.02630824101438035,0.013154120507190175,0.0900475997529026,0.08065858134485512,0.008852255566094952,0.013154120507190175,0.005014713379151381,0.0011580146670114582,0.0011580146670114582,0.0,0.9989960268356363,0.009943308499515732,0.008785293832504273,0.9999658251457246,False
8.3025,1,310,311,2.328256250000052,2.328256250000052,0.0,0.014322870507190123,0.014322870507190123,0.0900085813448547,0.084935947140831,0.005072634204023715,0.014322870507190123,0.005014713379151381,0.0010958079460702554,0.0010958079460702554,0.0,0.9991134385501212,0.010790349858031387,0.00969454191196113,0.999970983004683,False
8.321,1,311,312,2.333343750000052,2.333343750000052,0.0,0.014958808007190159,0.014958808007190159,0.09002344714083127,0.08431487543680752,0.005390602954023733,0.014958808007190159,0.005014713379151381,0.0011310478467861532,0.0011310478467861532,0.0,0.9984399518795264,0.01110788078884322,0.009976832942057067,0.9999453147501937,False
8.34175,1,312,313,2.339050000000052,2.339050000000052,0.0,0.015672089257190137,0.015672089257190137,0.09002112543680735,0.08391724123278364,0.005932182470547457,0.015672089257190137,0.005014713379151381,0.0011557433607150439,0.0011557433607150439,0.0,0.9985414964716061,0.011330114749758986,0.010174371389043943,0.9999493115774989,False
8.364,1,313,314,2.3451687500000515,2.3451687500000515,0.0,0.016436933007190166,0.016436933007190166,0.09003599123278357,0.08316726327875988,0.006314604345547446,0.016436933007190166,0.005014713379151381,0.001163401867500877,0.001163401867500877,0.0,0.9986712238022679,0.011323651305740999,0.010160249438240123,0.9999542954722684,False
8.389,1,314,315,2.352043750000052,2.352043750000052,0.0,0.017296308007190224,0.017296308007190224,0.09004226327876,0.08248586205821257,0.006497221533047446,0.017296308007190224,0.005014713379151381,0.0011647518516633031,0.0011647518516633031,0.0,0.9987599664444331,0.011232371289006247,0.010067619437342945,0.9999576701452569,False
8.416500000000001,1,315,316,2.359606250000052,2.359606250000052,0.0,0.01824162050719027,0.01824162050719027,0.09004836205821255,0.08154664833766513,0.006969877783047437,0.01824162050719027,0.005014713379151381,0.0011745909902129768,0.0011745909902129768,0.0,0.9988049691803194,0.011029179328365904,0.009854588338152927,0.9999593012954716,False
8.44725,1,316,317,2.3680625000000517,2.3680625000000517,0.0,0.019298651757190304,0.019298651757190304,0.09000289833766499,0.08082657524211759,0.008026909033047402,0.019298651757190304,0.005014713379151381,0.0011699131161208394,0.0011699131161208394,0.0,0.9988923412470637,0.009683367558517925,0.008513454442397084,0.9999617561193019,False
8.48075,1,317,318,2.377275000000052,2.377275000000052,0.0,0.020450214257190368,0.020450214257190368,0.09003907524211757,0.08487513244434389,0.005163942797773691,0.020450214257190368,0.005014713379151381,0.0011630324000772344,0.0011630324000772344,0.0,0.9990320012518691,0.011472557275987276,0.010309524875910041,0.9999682617792145,False
8.4995,1,318,319,2.382431250000052,2.3824312500000517,-4.440892098500626e-16,0.021094745507190427,0.021094745507190427,0.09003138244434405,0.08422290839657035,0.005147829516523698,0.021094745507190427,0.005014713379151381,0.0011730465757037276,0.0011730465757037276,0.0,0.9984670872001326,0.011536958120169673,0.010363911544465945,0.9999465651553099,False
8.52075,1,319,320,2.3882750000000517,2.388275000000052,4.440892098500626e-16,0.021825214257190473,0.021825214257190473,0.09006665839657037,0.08418836013004667,0.005513063891523697,0.021825214257190473,0.005014713379151381,0.0011765587005791007,0.0011765587005791007,0.0,0.9984854064644747,0.01158311502343666,0.01040655632285756,0.9999472784766285,False
8.542,1,320,321,2.394118750000052,2.3941187500000516,-4.440892098500626e-16,0.02255568300719052,0.02255568300719052,0.09003211013004671,0.08342334311352301,0.0056419701415237,0.02255568300719052,0.005014713379151381,0.0011832625280995682,0.0011832625280995682,0.0,0.9985743873770064,0.011611626700554004,0.010428364172454435,0.9999507114290185,False
8.566,1,321,322,2.4007187500000513,2.4007187500000513,0.0,0.023380683007190532,0.023380683007190532,0.09002334311352274,0.0829548104719991,0.00605447014152368,0.023380683007190532,0.005014713379151381,0.0011761166191542607,0.0011761166191542607,0.0,0.9986238212506894,0.011461178654684281,0.010285062035530021,0.9999525384192416,False
8.59175,1,322,323,2.4078000000000515,2.4078000000000515,0.0,0.024265839257190593,0.024265839257190593,0.09003606047199916,0.0820823715804755,0.0069396263915236815,0.024265839257190593,0.005014713379151381,0.0011771021992736288,0.0011771021992736288,0.0,0.9987179599860618,0.011045205452897167,0.009868103253623538,0.9999559572190136,False
8.620750000000001,1,323,324,2.4157750000000515,2.4157750000000515,0.0,0.025262714257190642,0.025262714257190642,0.09005737158047544,0.08170837018895179,0.0078066941892975476,0.025262714257190642,0.005014713379151381,0.0011825996128624716,0.0011825996128624716,0.0,0.998879753688091,0.01074667892774217,0.009564079314879698,0.9999620226686868,False
8.651,1,324,325,2.4240937500000515,2.4240937500000515,0.0,0.026302558007190717,0.013151279003595358,0.0900271201889519,0.08063827504742825,0.008846537939297553,0.013151279003595358,0.005014713379151381,0.001175068449598229,0.001175068449598229,0.0,0.9989954581466783,0.01010707916699316,0.008932010717394932,0.9999658807154076,False
8.68525,1,325,326,2.4335125000000506,2.4335125000000506,0.0,0.014328622753595286,0.014328622753595286,0.09005702504742767,0.08498018060166587,0.005076844445761799,0.014328622753595286,0.005014713379151381,0.0011056826461136456,0.0011056826461136456,0.0,0.9991137434833255,0.010883048933832656,0.009777366287719011,0.9999710383707865,False
8.70375,1,326,327,2.4386000000000507,2.4386000000000507,0.0,0.014964560253595322,0.014964560253595322,0.09006768060166616,0.08435489865590431,0.0053948131957618165,0.014964560253595322,0.005014713379151381,0.001143968313247547,0.001143968313247547,0.0,0.9984411705060252,0.011237654208311333,0.010093685895063787,0.9999454240473866,False
8.7245,1,327,328,2.444306250000051,2.444306250000051,0.0,0.015677841503595302,0.015677841503595302,0.09006114865590414,0.08395305421014235,0.0059357689696487425,0.015677841503595302,0.005014713379151381,0.0011674317176073698,0.0011674317176073698,0.0,0.998542563817869,0.011463083433568576,0.010295651715961206,0.9999494174410032,False
8.746500000000001,1,328,329,2.450356250000051,2.450356250000051,0.0,0.01643409150359535,0.01643409150359535,0.09000305421014244,0.08313870976438065,0.006313893969648742,0.01643409150359535,0.005014713379151381,0.0011796314566630776,0.0011796314566630776,0.0,0.9986703060128816,0.011487912220066607,0.01030828076340353,0.999954339438164,False
8.7715,1,329,330,2.457231250000051,2.457231250000051,0.0,0.01729346650359541,0.01729346650359541,0.09001370976438078,0.08246231579473204,0.006494362719648746,0.01729346650359541,0.005014713379151381,0.0011777114158696336,0.0011777114158696336,0.0,0.9987599077619799,0.011354472291647169,0.010176760875777536,0.9999577269116864,False
8.799,1,330,331,2.464793750000051,2.464793750000051,0.0,0.018238779003595454,0.018238779003595454,0.09002481579473202,0.0815281093250833,0.006967018969648737,0.018238779003595454,0.005014713379151381,0.0011314692107781098,0.0011314692107781098,0.0,0.9988042912531317,0.010612295962165189,0.009480826751387079,0.9999590745842251,False
8.83,1,331,332,2.473318750000051,2.473318750000051,0.0,0.01930440400359547,0.01930440400359547,0.090053109325083,0.08086890285543433,0.008032643969648683,0.01930440400359547,0.005014713379151381,0.0010590153079769922,0.0010590153079769922,0.0,0.9988925838135536,0.008556364121862337,0.007497348813885345,0.9999612228439564,False
8.86325,1,332,333,2.482462500000051,2.482462500000051,0.0,0.020447372753595552,0.020447372753595552,0.09001265285543446,0.08484906524561012,0.005163587609824339,0.020447372753595552,0.005014713379151381,0.001016559577820681,0.001016559577820681,0.0,0.9990309669775614,0.010007332387455048,0.008990772809634368,0.9999675181233931,False
8.882,1,333,334,2.4876187500000513,2.4876187500000513,0.0,0.02109190400359561,0.02109190400359561,0.09000531524561028,0.08419719638578593,0.005146400109824349,0.02109190400359561,0.005014713379151381,0.0010155555631450783,0.0010155555631450783,0.0,0.9984662082100332,0.00996017227859991,0.008944616715454832,0.9999457732701643,False
8.90325,1,334,335,2.4934625000000508,2.4934625000000508,0.0,0.021822372753595595,0.021822372753595595,0.09004094638578548,0.0841640775259612,0.0055116344848243175,0.021822372753595595,0.005014713379151381,0.0010111729775483071,0.0010111729775483071,0.0,0.9984842118472973,0.009933699818076978,0.008922526840528671,0.9999464394186147,False
8.9245,1,335,336,2.4993062500000507,2.4993062500000507,0.0,0.02255284150359564,0.02255284150359564,0.09000782752596122,0.08340048991613694,0.005640540734824321,0.02255284150359564,0.005014713379151381,0.0010099078747296613,0.0010099078747296613,0.0,0.9985731943412208,0.009887718523709385,0.008877810648979724,0.9999498364610037,False
8.948500000000001,1,336,337,2.505906250000051,2.5059062500000513,4.440892098500626e-16,0.023377841503595717,0.023377841503595717,0.09000048991613716,0.08293338668131281,0.006053040734824331,0.023377841503595717,0.005014713379151381,0.0009998554964153695,0.0009998554964153695,0.0,0.9986226364678151,0.009694779011351524,0.008694923514936155,0.9999516421326301,False
8.97425,1,337,338,2.512987500000051,2.5129875000000514,4.440892098500626e-16,0.024262997753595777,0.024262997753595777,0.09001463668131289,0.08206237719648857,0.006938196984824332,0.024262997753595777,0.005014713379151381,0.0009839190566880386,0.0009839190566880386,0.0,0.9987167320902512,0.00910270301213633,0.008118783955448291,0.9999549736709931,False
9.00325,1,338,339,2.520962500000051,2.5209625000000515,4.440892098500626e-16,0.025259872753595827,0.025259872753595827,0.0900373771964885,0.08168980521166416,0.007803835375898849,0.025259872753595827,0.005014713379151381,0.0009932880118680753,0.0009932880118680753,0.0,0.9988786058944216,0.008871652348555567,0.007878364336687493,0.9999610786191268,False
9.0335,1,339,340,2.529281250000051,2.529281250000051,0.0,0.02629971650359584,0.01314985825179792,0.09000855521166379,0.08062113947683952,0.008843679125898793,0.01314985825179792,0.005014713379151381,0.0009778502296581136,0.0009778502296581136,0.0,0.9989941566954913,0.00814943886620613,0.007171588636548016,0.9999648983137428,False
9.06775,1,340,341,2.538700000000051,2.538700000000051,0.0,0.014327202001797908,0.014327202001797908,0.09003988947683941,0.0849637597344273,0.005076129742412124,0.014327202001797908,0.005014713379151381,0.0009067462761238928,0.0009067462761238928,0.0,0.9991125053872072,0.008899267350546448,0.007992521074422556,0.9999700470310016,False
9.08625,1,341,342,2.543787500000051,2.543787500000051,0.0,0.014963139501797944,0.014963139501797944,0.0900512597344276,0.08433919249201544,0.005394098492412142,0.014963139501797944,0.005014713379151381,0.0009332876741198059,0.0009332876741198059,0.0,0.9984399227775429,0.009128311708964741,0.008195024034844935,0.999944361433677,False
9.107,1,342,343,2.549493750000051,2.549493750000051,0.0,0.015676420751797926,0.015676420751797926,0.09004544249201525,0.08393806274960314,0.005934339562949393,0.015676420751797926,0.005014713379151381,0.0009553067815996296,0.0009553067815996296,0.0,0.9985413335708082,0.009343265737351648,0.008387958955752018,0.9999483499243653,False
9.12925,1,343,344,2.555612500000051,2.5556125000000507,-4.440892098500626e-16,0.016441264501797954,0.016441264501797954,0.09005681274960306,0.08318458925719097,0.006316761437949382,0.016441264501797954,0.005014713379151381,0.0009709462059318652,0.0009709462059318652,0.0,0.9986706925685803,0.00941046912535523,0.008439522919423365,0.9999533535828402,False
9.15425,1,344,345,2.562487500000051,2.562487500000051,0.0,0.017300639501798012,0.017300639501798012,0.09005958925719108,0.08250103094424172,0.006497230187949387,0.017300639501798012,0.005014713379151381,0.0009615846795325963,0.0009615846795325963,0.0,0.9987593276530615,0.009199846171328178,0.008238261491795582,0.9999566655159757,False
9.181750000000001,1,345,346,2.570050000000051,2.570050000000051,0.0,0.018245952001798058,0.018245952001798058,0.09006353094424169,0.08155966013129234,0.006969886437949378,0.018245952001798058,0.005014713379151381,0.0009671930868667213,0.0009671930868667213,0.0,0.9988039385505186,0.008961956983937078,0.007994763897070356,0.9999582717596237,False
9.2125,1,346,347,2.578506250000051,2.578506250000051,0.0,0.019302983251798092,0.019302983251798092,0.0900159101312922,0.08083742994334286,0.008026917687949343,0.019302983251798092,0.005014713379151381,0.0009722542784338606,0.0009722542784338606,0.0,0.9988913625085637,0.007737507259372542,0.006765252980938681,0.999960793727991,False
9.246,1,347,348,2.5877187500000507,2.5877187500000507,0.0,0.020454545751798156,0.020454545751798156,0.09004992994334285,0.08488490859936819,0.005165021343974659,0.020454545751798156,0.005014713379151381,0.0009506131226777367,0.0009506131226777367,0.0,0.999030947421615,0.009351315107611988,0.00840070198493425,0.9999672056785839,False
9.26475,1,348,349,2.592875000000051,2.592875000000051,0.0,0.021099077001798215,0.021099077001798215,0.09004115859936836,0.08423160600539369,0.005147833843974669,0.021099077001798215,0.005014713379151381,0.0009551759019719635,0.0009551759019719635,0.0,0.9984662849726185,0.009352665150557833,0.00839748924858587,0.9999454835515846,False
9.28575,1,349,350,2.5986500000000508,2.5986500000000508,0.0,0.02182095200179822,0.02182095200179822,0.09000660600539338,0.08413689716141876,0.005508771343974647,0.02182095200179822,0.005014713379151381,0.00095290191813025,0.00095290191813025,0.0,0.9984820648587907,0.009352452461679601,0.008399550543549352,0.9999460761485819,False
9.30725,1,350,351,2.604562500000051,2.6045625000000507,-4.440892098500626e-16,0.022560014501798308,0.022560014501798308,0.09004939716141912,0.08344062581744445,0.005641974468974671,0.022560014501798308,0.005014713379151381,0.0009358923976025018,0.0009358923976025018,0.0,0.9985741370818448,0.009166805995301383,0.008230913597698881,0.9999495248894965,False
9.33125,1,351,352,2.6111625000000505,2.6111625000000505,0.0,0.02338501450179832,0.02338501450179832,0.09004062581744418,0.08296779197346954,0.006054474468974651,0.02338501450179832,0.005014713379151381,0.0009358181432332961,0.0009358181432332961,0.0,0.9986226236766909,0.009061559969264714,0.008125741826031417,0.9999513356429426,False
9.357,1,352,353,2.6182437500000506,2.618243750000051,4.440892098500626e-16,0.02427017075179838,0.02427017075179838,0.0900490419734696,0.08209105187949498,0.006939630718974652,0.02427017075179838,0.005014713379151381,0.00094201165753851,0.00094201165753851,0.0,0.9987167905250904,0.008694655591926934,0.0077526439343884234,0.9999547782641379,False
9.386000000000001,1,353,354,2.6262187500000507,2.6262187500000507,0.0,0.02526704575179843,0.02526704575179843,0.09006605187949489,0.08171704616052028,0.007807777062949495,0.02526704575179843,0.005014713379151381,0.0009482488207112239,0.0009482488207112239,0.0,0.9988785851802772,0.008437022629448718,0.007488773808737494,0.9999608713594491,False
9.41625,1,354,355,2.634537500000051,2.634537500000051,0.0,0.026306889501798505,0.013153444750899253,0.09003579616052039,0.08064694669154576,0.0088476208129495,0.013153444750899253,0.005014713379151381,0.0009493713085480205,0.0009493713085480205,0.0,0.9989944705877932,0.007882365068863265,0.006932993760315244,0.999964789554186,False
9.4505,1,355,356,2.64395625000005,2.64395625000005,0.0,0.01433078850089918,0.01433078850089918,0.09006569669154518,0.0849888500820579,0.005076846609487284,0.01433078850089918,0.005014713379151381,0.0008779226720734975,0.0008779226720734975,0.0,0.9991127164900422,0.008622166823626647,0.007744244151553149,0.9999699267688051,False
9.46875,1,356,357,2.64897500000005,2.64897500000005,0.0,0.014958132250899175,0.014958132250899175,0.09000760008205787,0.08430340972257058,0.005390518484487281,0.014958132250899175,0.005014713379151381,0.0009140383094227058,0.0009140383094227058,0.0,0.9984376650687192,0.008928915105827759,0.008014876796405054,0.9999441783332739,False
9.4895,1,357,358,2.65468125000005,2.65468125000005,0.0,0.015671413500899217,0.015671413500899217,0.0900096597225709,0.08390585998808359,0.005932013531474726,0.015671413500899217,0.005014713379151381,0.0009382054454904259,0.0009382054454904259,0.0,0.9985403894094617,0.009181457876374984,0.008243252430884557,0.9999482353357182,False
9.511750000000001,1,358,359,2.6608000000000502,2.6608000000000502,0.0,0.016436257250899245,0.016436257250899245,0.09002460998808351,0.0831559665035962,0.006314435406474715,0.016436257250899245,0.005014713379151381,0.0009571915422591749,0.0009571915422591749,0.0,0.9986701602618094,0.009285109004383355,0.00832791746212418,0.9999532722795589,False
9.53675,1,359,360,2.6676750000000506,2.6676750000000506,0.0,0.017295632250899303,0.017295632250899303,0.09003096650359632,0.08247473422212162,0.00649490415647472,0.017295632250899303,0.005014713379151381,0.0009640099275993199,0.0009640099275993199,0.0,0.9987589365651262,0.009221808507596269,0.008257798579996948,0.999956660203661,False
9.56425,1,360,361,2.6752375000000503,2.6752375000000503,0.0,0.018240944750899348,0.018240944750899348,0.0900372342221216,0.08153568944064692,0.006967560406474711,0.018240944750899348,0.005014713379151381,0.000958441496448372,0.000958441496448372,0.0,0.9988035206618894,0.008876971506966168,0.007918530010517795,0.9999582152583775,False
9.59525,1,361,362,2.68376250000005,2.68376250000005,0.0,0.019306569750899363,0.019306569750899363,0.09006068944064662,0.08087594153417196,0.008033185406474656,0.019306569750899363,0.005014713379151381,0.0009689435656871877,0.0009689435656871877,0.0,0.998892216524475,0.00771784583220797,0.006748902266520782,0.9999608199512021,False
9.6285,1,362,363,2.6929062500000507,2.6929062500000502,-4.440892098500626e-16,0.020449538500899447,0.020449538500899447,0.09001969153417211,0.08485583320593479,0.005163858328237326,0.020449538500899447,0.005014713379151381,0.0009542115089338286,0.0009542115089338286,0.0,0.9990307198517582,0.009383711206092313,0.008429499697158484,0.9999672131110555,False
9.64725,1,363,364,2.6980625000000504,2.6980625000000504,0.0,0.021094069750899506,0.021094069750899506,0.09001208320593496,0.08420369362769761,0.005146670828237335,0.021094069750899506,0.005014713379151381,0.0009630368967832827,0.0009630368967832827,0.0,0.9984660158798595,0.009434890291404527,0.008471853394621243,0.9999455125276859,False
9.6685,1,364,365,2.703906250000051,2.703906250000051,0.0,0.021824538500899552,0.021824538500899552,0.09004744362769765,0.08417030404946031,0.005511905203237334,0.021824538500899552,0.005014713379151381,0.0009692320527115221,0.0009692320527115221,0.0,0.9984840711005569,0.009526963839913909,0.008557731787202387,0.9999462371900031,False
9.68975,1,365,366,2.7097500000000503,2.7097500000000503,0.0,0.022555007250899536,0.022555007250899536,0.09001405404945986,0.08340644572122258,0.005640811453237307,0.022555007250899536,0.005014713379151381,0.0009704779478346444,0.0009704779478346444,0.0,0.9985730587472873,0.009515547893593788,0.008545069945759143,0.9999496510334386,False
9.713750000000001,1,366,367,2.7163500000000504,2.71635000000005,-4.440892098500626e-16,0.02338000725089961,0.02338000725089961,0.0900064457212228,0.08293907176798551,0.006053311453237317,0.02338000725089961,0.005014713379151381,0.0009632863347242025,0.0009632863347242025,0.0,0.9986225121997236,0.009338222979638537,0.008374936644914335,0.9999514643196962,False
9.7395,1,367,368,2.7234312500000506,2.7234312500000506,0.0,0.024265163500899672,0.024265163500899672,0.09002032176798558,0.08206779156474829,0.0069384677032373184,0.024265163500899672,0.005014713379151381,0.0009544744438744425,0.0009544744438744425,0.0,0.9987166371255183,0.008814493549316925,0.007860019105442482,0.9999548300889558,False
9.7685,1,368,369,2.7314062500000498,2.73140625000005,4.440892098500626e-16,0.02526203850089972,0.02526203850089972,0.09004279156474823,0.08169494886151091,0.007804376812724822,0.02526203850089972,0.005014713379151381,0.0009424119256435482,0.0009424119256435482,0.0,0.9988783913721611,0.008375229021773414,0.007432817096129866,0.9999608345665476,False
9.79875,1,369,370,2.7397250000000497,2.7397250000000497,0.0,0.026301882250899734,0.013150941125449867,0.09001369886151053,0.08062601240827327,0.008844220562724768,0.013150941125449867,0.005014713379151381,0.0009440498164214932,0.0009440498164214932,0.0,0.9989940555951641,0.007840926746375293,0.006896876929953799,0.999964754474799,False
9.833,1,370,371,2.7491437500000497,2.7491437500000497,0.0,0.014328284875449855,0.014328284875449855,0.0900447624082732,0.08496849730665457,0.005076265101618617,0.014328284875449855,0.005014713379151381,0.0008749746966064805,0.0008749746966064805,0.0,0.9991123996181944,0.008593114799381331,0.00771814010277485,0.9999699007361016,False
9.8515,1,371,372,2.75423125000005,2.75423125000005,0.0,0.014964222375449891,0.014964222375449891,0.09005599730665485,0.0843437947050362,0.005394233851618635,0.014964222375449891,0.005014713379151381,0.0009026372506672192,0.0009026372506672192,0.0,0.9984398067823989,0.008817991886772049,0.00791535463610483,0.9999442073092043,False
9.872250000000001,1,372,373,2.7599375000000497,2.7599375000000497,0.0,0.01567750362544987,0.01567750362544987,0.09005004470503603,0.08394252960341742,0.00593461028136238,0.01567750362544987,0.005014713379151381,0.0009230130529379129,0.0009230130529379129,0.0,0.998541204557341,0.009030237884734657,0.008107224831796744,0.999948193804263,False
9.8945,1,373,374,2.76605625000005,2.76605625000005,0.0,0.0164423473754499,0.0164423473754499,0.09006127960341734,0.08318892075179876,0.0063170321563623694,0.0164423473754499,0.005014713379151381,0.0009405216012456191,0.0009405216012456191,0.0,0.9986705945540856,0.009124247184456848,0.008183725583211229,0.999953211472479,False
9.919500000000001,1,374,375,2.77293125000005,2.77293125000005,0.0,0.017301722375449958,0.017301722375449958,0.09006392075179886,0.08250509172043652,0.006497500906362374,0.017301722375449958,0.005014713379151381,0.000954671744887595,0.000954671744887595,0.0,0.9987593410593804,0.009130986913178159,0.008176315168290564,0.9999566318135942,False
9.947000000000001,1,375,376,2.7804937500000495,2.78049375000005,4.440892098500626e-16,0.018247034875450003,0.018247034875450003,0.0900675917204365,0.08156345018907415,0.006970157156362365,0.018247034875450003,0.005014713379151381,0.0009410209685314254,0.0009410209685314254,0.0,0.9988038539654687,0.008691703427692286,0.007750682459160861,0.999958138631816,False
9.97775,1,376,377,2.7889500000000496,2.7889500000000496,0.0,0.019304066125450037,0.019304066125450037,0.09001970018907401,0.0808409492827117,0.00802718840636233,0.019304066125450037,0.005014713379151381,0.0009397944461496637,0.0009397944461496637,0.0,0.9988912400841131,0.007433849464589248,0.006494055018439584,0.9999606468510783,False
10.01125,1,377,378,2.79816250000005,2.79816250000005,0.0,0.0204556286254501,0.0204556286254501,0.09005344928271167,0.08488829257953051,0.005165156703181153,0.0204556286254501,0.005014713379151381,0.0009243172814355882,0.0009243172814355882,0.0,0.9990308472069807,0.00908393142851549,0.008159614147079903,0.9999670743927539,False
10.03,1,378,379,2.8033187500000496,2.8033187500000496,0.0,0.02110015987545016,0.02110015987545016,0.09004454257953069,0.08423485462634953,0.0051479692031811625,0.02110015987545016,0.005014713379151381,0.0009280550029567466,0.0009280550029567466,0.0,0.9984661854164373,0.009087921853331508,0.008159866850374762,0.9999453520835959,False
10.051,1,379,380,2.8090937500000495,2.8090937500000495,0.0,0.021822034875450164,0.021822034875450164,0.09000985462634922,0.0841400104231681,0.005508906703181141,0.021822034875450164,0.005014713379151381,0.0009275848856558852,0.0009275848856558852,0.0,0.9984819732061294,0.009119121415749547,0.008191536530093661,0.9999459603639781,False
10.0725,1,380,381,2.81500625000005,2.81500625000005,0.0,0.022561097375450253,0.022561097375450253,0.09005251042316846,0.0834436037199873,0.0056421098281811645,0.022561097375450253,0.005014713379151381,0.0009248123703451829,0.0009248123703451829,0.0,0.9985741130965013,0.009068344755039433,0.00814353238469425,0.9999494762771769,False
10.0965,1,381,382,2.8216062500000496,2.8216062500000496,0.0,0.023386097375450266,0.023386097375450266,0.09004360371998703,0.08297063451680589,0.006054609828181144,0.023386097375450266,0.005014713379151381,0.0009299515905222527,0.0009299515905222527,0.0,0.9986226231217932,0.009027993049584182,0.00809804145906193,0.9999513190350557,False
10.122250000000001,1,382,383,2.8286875000000498,2.8286875000000498,0.0,0.024271253625450327,0.024271253625450327,0.09005188451680596,0.08209375906362482,0.006939766078181146,0.024271253625450327,0.005014713379151381,0.0009255586946342612,0.0009255586946342612,0.0,0.9987167334549257,0.008548449568369365,0.007622890873735104,0.9999547053827684,False
10.151,1,383,384,2.8365937500000498,2.83659375000005,4.440892098500626e-16,0.025259534875450396,0.025259534875450396,0.09000000906362493,0.08165946173544379,0.007803750906362491,0.025259534875450396,0.005014713379151381,0.0009034073283487418,0.0009034073283487418,0.0,0.9988771605604385,0.007981784211731277,0.0070783768833825355,0.999960598606977,False
10.1815,1,384,385,2.8449812500000498,2.8449812500000498,0.0,0.02630797237545045,0.013153986187725225,0.09004696173544374,0.08065797690726262,0.008852188406362475,0.013153986187725225,0.005014713379151381,0.0009139190745411175,0.0009139190745411175,0.0,0.9989948190593134,0.007525858327377344,0.006611939252836227,0.9999646353451579,False
10.2155,1,385,386,2.8543312500000493,2.8543312500000493,0.0,0.014322736187725173,0.014322736187725173,0.0900079769072622,0.08493535949317166,0.005072617414090541,0.014322736187725173,0.005014713379151381,0.0008564205110218479,0.0008564205110218479,0.0,0.9991122520297714,0.008409476280973452,0.007553055769951604,0.9999698079083816,False
10.234,1,386,387,2.8594187500000494,2.8594187500000494,0.0,0.014958673687725148,0.014958673687725148,0.09002285949317146,0.08431430457908094,0.005390586164090529,0.014958673687725148,0.005014713379151381,0.0008950725713641364,0.0008950725713641364,0.0,0.9984387689021313,0.008742938318936987,0.00784786574757285,0.9999441312510307,False
10.25475,1,387,388,2.8651250000000497,2.8651250000000497,0.0,0.01567195493772519,0.01567195493772519,0.09002055457908126,0.08391668716499069,0.005932148890681219,0.01567195493772519,0.005014713379151381,0.0009163182619208725,0.0009163182619208725,0.0,0.9985402964205534,0.008965209558864248,0.008048891296943375,0.9999481274706161,False
10.277000000000001,1,388,389,2.8712437500000494,2.8712437500000494,0.0,0.01643679868772522,0.01643679868772522,0.09003543716499063,0.08316672600090008,0.006314570765681208,0.01643679868772522,0.005014713379151381,0.0009351315206055761,0.0009351315206055761,0.0,0.9986700769822726,0.009080898467543272,0.008145766946937695,0.9999531706440413,False
10.302,1,389,390,2.87811875000005,2.87811875000005,0.0,0.017296173687725278,0.017296173687725278,0.0900417260009002,0.082485358360219,0.006497187953181207,0.017296173687725278,0.005014713379151381,0.0009400152761348302,0.0009400152761348302,0.0,0.9987588400300431,0.009000411723109468,0.008060396446974637,0.9999565496063063,False
10.3295,1,390,391,2.88568125000005,2.88568125000005,0.0,0.018241486187725323,0.018241486187725323,0.09004785836021899,0.0815461782195378,0.006969844203181199,0.018241486187725323,0.005014713379151381,0.0009310322310696124,0.0009310322310696124,0.0,0.9988037536677717,0.008597239727292455,0.007666207496222843,0.9999580890890737,False
10.36025,1,391,392,2.89413750000005,2.89413750000005,0.0,0.019298517437725357,0.019298517437725357,0.09000242821953766,0.0808261387038565,0.008026875453181164,0.019298517437725357,0.005014713379151381,0.0009261751922607342,0.0009261751922607342,0.0,0.9988911289917641,0.007311503578119785,0.0063853283858590505,0.9999605849143334,False
10.39375,1,392,393,2.9033500000000494,2.9033500000000494,0.0,0.02045007993772542,0.02045007993772542,0.09003863870385648,0.0848747126960159,0.005163926007840572,0.02045007993772542,0.005014713379151381,0.0009255847166563274,0.0009255847166563274,0.0,0.999030820532559,0.009100004947889678,0.00817442023123335,0.9999670813267781,False
10.4125,1,393,394,2.90850625000005,2.90850625000005,0.0,0.02109461118772548,0.02109461118772548,0.0900309626960161,0.0842225054381755,0.005147812726590579,0.02109461118772548,0.005014713379151381,0.0009314510623817792,0.0009314510623817792,0.0,0.9984658765708446,0.009113196788023387,0.008181745725641607,0.999945352288452,False
10.43375,1,394,395,2.9143500000000495,2.9143500000000495,0.0,0.021825079937725526,0.021825079937725526,0.09006625543817554,0.08418797396158495,0.005513047101590578,0.021825079937725526,0.005014713379151381,0.0009332349983404989,0.0009332349983404989,0.0,0.9984841870834469,0.009166796692266492,0.008233561693925993,0.9999460681004841,False
10.455,1,395,396,2.920193750000049,2.920193750000049,0.0,0.02255554868772551,0.02255554868772551,0.09003172396158449,0.08342297373499397,0.005641953351590551,0.02255554868772551,0.005014713379151381,0.0009321665425484153,0.0009321665425484153,0.0,0.9985731299881997,0.009126480983113285,0.008194314440564869,0.9999494662358526,False
10.479000000000001,1,396,397,2.9267937500000496,2.9267937500000496,0.0,0.023380548687725586,0.023380548687725586,0.09002297373499418,0.08295445788340366,0.006054453351590561,0.023380548687725586,0.005014713379151381,0.0009381736885278975,0.0009381736885278975,0.0,0.9986226303921442,0.00911634266380551,0.008178168975277612,0.9999513619161582,False
10.50475,1,397,398,2.9338750000000493,2.9338750000000493,0.0,0.024265704937725646,0.024265704937725646,0.09003570788340373,0.0820820357818132,0.006939609601590562,0.024265704937725646,0.005014713379151381,0.000955606640003795,0.000955606640003795,0.0,0.998716854315567,0.008851988400373552,0.007896381760369758,0.9999548561853252,False
10.53375,1,398,399,2.9418500000000494,2.9418500000000494,0.0,0.025262579937725696,0.025262579937725696,0.09005703578181312,0.08170805118022256,0.007806660609431311,0.025262579937725696,0.005014713379151381,0.0009331257600454978,0.0009331257600454978,0.0,0.998878508072164,0.008268669218101682,0.007335543458056184,0.9999607887881534,False
10.564,1,399,400,2.9501687500000493,2.9501687500000493,0.0,0.026302423687725708,0.013151211843862854,0.0900268011802222,0.0806379728286317,0.008846504359431255,0.013151211843862854,0.005014713379151381,0.0009245228883055368,0.0009245228883055368,0.0,0.9989942211789696,0.007643958640857679,0.006719435752552142,0.9999646684937755,False
10.59825,1,400,401,2.959587500000049,2.959587500000049,0.0,0.014328555593862842,0.014328555593862842,0.0900567228286316,0.08497988677783636,0.00507683605079524,0.014328555593862842,0.005014713379151381,0.0008514681200823668,0.0008514681200823668,0.0,0.9991124861850957,0.008367372432498216,0.007515904312415849,0.9999697965379475,False
10.61675,1,401,402,2.9646750000000495,2.9646750000000495,0.0,0.014964493093862878,0.014964493093862878,0.09006738677783666,0.08435461322704138,0.005394804800795258,0.014964493093862878,0.005014713379151381,0.0008912514438443867,0.0008912514438443867,0.0,0.998439906832089,0.008687443549896229,0.007796192106051842,0.9999441480935275,False
10.637500000000001,1,402,403,2.970381250000049,2.970381250000049,0.0,0.01567777434386286,0.01567777434386286,0.0900608632270412,0.08395277717624597,0.005935752179715624,0.01567777434386286,0.005014713379151381,0.0009077094824932854,0.0009077094824932854,0.0,0.9985412656901153,0.008857503126680696,0.007949793644187412,0.9999481125161277,False
10.6595,1,403,404,2.976431250000049,2.976431250000049,0.0,0.01643402434386291,0.01643402434386291,0.09000277717624605,0.08313844112545082,0.006313877179715623,0.01643402434386291,0.005014713379151381,0.0009208171268301722,0.0009208171268301722,0.0,0.9986690114737654,0.008911487276026558,0.007990670149196386,0.9999530478189685,False
10.6845,1,404,405,2.9833062500000493,2.9833062500000493,0.0,0.017293399343862967,0.017293399343862967,0.09001344112545094,0.08246206394573531,0.006494345929715628,0.017293399343862967,0.005014713379151381,0.0009454294102224055,0.0009454294102224055,0.0,0.9987587472406041,0.009047173404367316,0.00810174399414491,0.9999565684736867,False
10.712,1,405,406,2.9908687500000495,2.9908687500000495,0.0,0.018238711843863012,0.018238711843863012,0.0900245639457353,0.08152787426601969,0.006967002179715619,0.018238711843863012,0.005014713379151381,0.0009492435648773581,0.0009492435648773581,0.0,0.9988033871726993,0.008754692148746357,0.007805448583868999,0.999958150729122,False
10.743,1,406,407,2.999393750000049,2.999393750000049,0.0,0.019304336843863026,0.019304336843863026,0.09005287426601939,0.08086868458630384,0.008032627179715564,0.019304336843863026,0.005014713379151381,0.0009330959886489352,0.0009330959886489352,0.0,0.9988919617865737,0.007363025415984922,0.006429929427335987,0.9999606414154115,False
10.776250000000001,1,407,408,3.008537500000049,3.008537500000049,0.0,0.02044730559386311,0.02044730559386311,0.09001243458630398,0.08484885537144621,0.00516357921485778,0.02044730559386311,0.005014713379151381,0.0009311858503400863,0.0009311858503400863,0.0,0.9990305463888778,0.009155925805331241,0.008224739954991156,0.9999670973112278,False
10.795,1,408,409,3.0136937500000487,3.0136937500000487,0.0,0.021091836843863107,0.021091836843863107,0.09000510537144588,0.08419699490658815,0.005146391714857759,0.021091836843863107,0.005014713379151381,0.0009465473112737646,0.0009465473112737646,0.0,0.9984658599322159,0.00926372806862371,0.008317180757349945,0.9999454240723621,False
10.81625,1,409,410,3.019537500000049,3.019537500000049,0.0,0.021822305593863153,0.021822305593863153,0.09004074490658817,0.08416388444173042,0.005511626089857758,0.021822305593863153,0.005014713379151381,0.0009478814699285982,0.0009478814699285982,0.0,0.9984838925257081,0.00931182508176559,0.008363943611836991,0.9999461266876553,False
10.8375,1,410,411,3.025381250000049,3.025381250000049,0.0,0.0225527743438632,0.0225527743438632,0.09000763444173045,0.0834003052268727,0.005640532339857761,0.0225527743438632,0.005014713379151381,0.0009465272929926028,0.0009465272929926028,0.0,0.9985728758989902,0.009265092256000279,0.008318564963007676,0.9999495232086344,False
10.8615,1,411,412,3.031981250000049,3.031981250000049,0.0,0.023377774343863275,0.023377774343863275,0.09000030522687291,0.08293321038701514,0.006053032339857771,0.023377774343863275,0.005014713379151381,0.0009504212600822803,0.0009504212600822803,0.0,0.9986223877266698,0.009236893163696483,0.008286471903614203,0.9999514107813097,False
10.88725,1,412,413,3.039062500000049,3.039062500000049,0.0,0.024262930593863336,0.024262930593863336,0.09001446038701522,0.08206220929715743,0.0069381885898577725,0.024262930593863336,0.005014713379151381,0.0009524638964526149,0.0009524638964526149,0.0,0.9987165739948053,0.008832936893951551,0.007880472997498937,0.9999548364984071,False
10.91625,1,413,414,3.047037500000049,3.047037500000049,0.0,0.025259805593863385,0.025259805593863385,0.09003720929715736,0.0816896457072996,0.007803818585965738,0.025259805593863385,0.005014713379151381,0.0009358112375921949,0.0009358112375921949,0.0,0.9988783200743391,0.00828167112186004,0.007345859884267845,0.9999607876229393,False
10.9465,1,414,415,3.055356250000049,3.055356250000049,0.0,0.026299649343863397,0.013149824671931699,0.09000839570729924,0.08062098836744153,0.008843662335965683,0.013149824671931699,0.005014713379151381,0.0009082328091020766,0.0009082328091020766,0.0,0.998993816021291,0.007453684892559639,0.006545452083457563,0.9999645611861799,False
10.98075,1,415,416,3.064775000000049,3.064775000000049,0.0,0.014327168421931687,0.014327168421931687,0.09003973836744142,0.08496361282251258,0.005076125544928845,0.014327168421931687,0.005014713379151381,0.0008319567954933008,0.0008319567954933008,0.0,0.9991121371775308,0.008150732984799194,0.007318776189305894,0.9999696793105581,False
10.99925,1,416,417,3.069862500000048,3.0698625000000486,4.440892098500626e-16,0.014963105921931662,0.014963105921931662,0.09005111282251238,0.08433904977758355,0.0053940942949288325,0.014963105921931662,0.005014713379151381,0.0008824791232662745,0.0008824791232662745,0.0,0.9984396687398849,0.008596295398527194,0.00771381627526092,0.9999440950979925,False
11.02,1,417,418,3.075568750000049,3.075568750000049,0.0,0.015676387171931705,0.015676387171931705,0.09004529977758387,0.083937924232655,0.005934331167982838,0.015676387171931705,0.005014713379151381,0.0009013383307813908,0.0009013383307813908,0.0,0.998541063897889,0.008788114467143643,0.007886776136362253,0.9999480714498036,False
11.042250000000001,1,418,419,3.0816875000000485,3.0816875000000485,0.0,0.016441230921931733,0.016441230921931733,0.09005667423265493,0.08318445493772608,0.006316753042982827,0.016441230921931733,0.005014713379151381,0.0009183876449428631,0.0009183876449428631,0.0,0.9986704295558783,0.008884885872105286,0.007966498227162423,0.9999530895211123,False
11.06725,1,419,420,3.088562500000049,3.088562500000049,0.0,0.01730060592193179,0.01730060592193179,0.0900594549377262,0.08250090501974339,0.006497221792982831,0.01730060592193179,0.005014713379151381,0.0009490289288558403,0.0009490289288558403,0.0,0.9987592642877214,0.009092018334251412,0.008142989405395571,0.9999566100317357,False
11.09475,1,420,421,3.0961250000000486,3.0961250000000486,0.0,0.018245918421931837,0.018245918421931837,0.09006340501974336,0.08155954260176057,0.006969878042982823,0.018245918421931837,0.005014713379151381,0.0009699602156065576,0.0009699602156065576,0.0,0.9988039549053527,0.008965673204116273,0.007995712988509715,0.999958274036924,False
11.1255,1,421,422,3.1045812500000487,3.1045812500000487,0.0,0.01930294967193187,0.01930294967193187,0.09001579260176043,0.08083732080877765,0.008026909292982788,0.01930294967193187,0.005014713379151381,0.0009452906785558907,0.0009452906785558907,0.0,0.9988912309266179,0.007468475038184402,0.0065231843596285114,0.9999606646274574,False
11.159,1,422,423,3.1137937500000485,3.1137937500000485,0.0,0.020454512171931935,0.020454512171931935,0.09004982080877763,0.08488480366228625,0.005165017146491382,0.020454512171931935,0.005014713379151381,0.000937704992861307,0.000937704992861307,0.0,0.9990308848575127,0.009213367880338476,0.00827566288747717,0.9999671380440504,False
11.17775,1,423,424,3.1189500000000487,3.1189500000000487,0.0,0.021099043421931994,0.021099043421931994,0.09004105366228642,0.08423150526579502,0.005147829646491391,0.021099043421931994,0.005014713379151381,0.0009496524830149333,0.0009496524830149333,0.0,0.9984662564545554,0.009293063467934175,0.00834341098491924,0.9999454534064047,False
11.19875,1,424,425,3.1247250000000486,3.1247250000000486,0.0,0.021820918421931998,0.021820918421931998,0.09000650526579472,0.08413680061930337,0.00550876714649137,0.021820918421931998,0.005014713379151381,0.0009475072641538869,0.0009475072641538869,0.0,0.9984820368378661,0.009303596624846248,0.008356089360692362,0.9999460513886568,False
11.22025,1,425,426,3.130637500000048,3.1306375000000486,4.440892098500626e-16,0.022559980921932024,0.022559980921932024,0.09004930061930325,0.08344053347281191,0.005641970271491363,0.022559980921932024,0.005014713379151381,0.0009446964228327372,0.0009446964228327372,0.0,0.9985741812604033,0.009243284792502138,0.0082985883696694,0.9999495627995089,False
11.244250000000001,1,426,427,3.1372375000000483,3.1372375000000488,4.440892098500626e-16,0.0233849809219321,0.0233849809219321,0.09004053347281213,0.08296770382632077,0.006054470271491373,0.0233849809219321,0.005014713379151381,0.0009482266450076254,0.0009482266450076254,0.0,0.9986226842663207,0.009221440734112463,0.008273214089104837,0.9999514148317724,False
11.27,1,427,428,3.1443187500000485,3.1443187500000485,0.0,0.02427013717193216,0.02427013717193216,0.09004895382632083,0.08209096792982948,0.006939626521491374,0.02427013717193216,0.005014713379151381,0.0009629889076963737,0.0009629889076963737,0.0,0.9987168933463096,0.008945682073741336,0.007982693166044962,0.9999549031248601,False
11.299,1,428,429,3.1522937500000485,3.1522937500000485,0.0,0.02526701217193221,0.02526701217193221,0.0900659679298294,0.08171696640833803,0.0078077686679829394,0.02526701217193221,0.005014713379151381,0.0009575322121685709,0.0009575322121685709,0.0,0.9988786326716009,0.00849576224007012,0.00753823002790155,0.9999609025674531,False
11.32925,1,429,430,3.1606125000000485,3.160612500000048,-4.440892098500626e-16,0.026306855921932222,0.013153427960966111,0.09003571640833766,0.08064687113684635,0.008847612417982884,0.013153427960966111,0.005014713379151381,0.0009394360448939068,0.0009394360448939068,0.0,0.9989944221230634,0.007771349383619092,0.006831913338725185,0.9999647366160879,False
11.3635,1,430,431,3.170031250000048,3.170031250000048,0.0,0.0143307717109661,0.0143307717109661,0.09006562113684624,0.0849887766261006,0.005076844510745645,0.0143307717109661,0.005014713379151381,0.0008594153920836257,0.0008594153920836257,0.0,0.9991126247387208,0.008421989558104442,0.007562574166020817,0.9999698275127304,False
11.38175,1,431,432,3.1750500000000486,3.1750500000000486,0.0,0.014958115460966094,0.014958115460966094,0.09000752662610056,0.08430333836535492,0.005390516385745643,0.014958115460966094,0.005014713379151381,0.0009061869665271199,0.0009061869665271199,0.0,0.9984376258994453,0.008842585378631071,0.00793639841210395,0.9999441352087393,False
11.4025,1,432,433,3.180756250000049,3.180756250000049,0.0,0.015671396710966137,0.015671396710966137,0.09000958836535525,0.08390579072960956,0.0059320093339914485,0.015671396710966137,0.005014713379151381,0.0009199164159703243,0.0009199164159703243,0.0,0.998540298633484,0.008978425075864264,0.00805850865989394,0.9999481335629451,False
11.42475,1,433,434,3.1868750000000485,3.1868750000000485,0.0,0.016436240460966166,0.016436240460966166,0.0900245407296095,0.08315589934386383,0.0063144312089914376,0.016436240460966166,0.005014713379151381,0.0009263931105178873,0.0009263931105178873,0.0,0.99867000720295,0.008959771042763139,0.008033377932245251,0.9999531091799244,False
11.44975,1,434,435,3.1937500000000485,3.1937500000000485,0.0,0.017295615460966224,0.017295615460966224,0.09003089934386395,0.08247467125987253,0.006494899958991442,0.017295615460966224,0.005014713379151381,0.0009226410478343026,0.0009226410478343026,0.0,0.9987587294091196,0.008828395893601924,0.007905754845767622,0.9999564628870949,False
11.47725,1,435,436,3.2013125000000486,3.2013125000000486,0.0,0.01824092796096627,0.01824092796096627,0.09003717125987251,0.0815356306758811,0.006967556208991433,0.01824092796096627,0.005014713379151381,0.0009379779211947426,0.0009379779211947426,0.0,0.9988034182232903,0.008672527205731716,0.007734549284536973,0.9999581126395496,False
11.50825,1,436,437,3.2098375000000483,3.2098375000000483,0.0,0.019306552960966283,0.019306552960966283,0.0900606306758808,0.08087588696688944,0.008033181208991378,0.019306552960966283,0.005014713379151381,0.0009146197233636996,0.0009146197233636996,0.0,0.998891946609328,0.0071701792200810355,0.006255559496717336,0.9999605480645991,False
11.541500000000001,1,437,438,3.2189812500000485,3.2189812500000485,0.0,0.020449521710966367,0.020449521710966367,0.09001963696688957,0.08485578073739389,0.005163856229495687,0.020449521710966367,0.005014713379151381,0.0009053274545328913,0.0009053274545328913,0.0,0.9990304755160718,0.00891566677018716,0.008010339315654268,0.9999669790854914,False
11.56025,1,438,439,3.2241375000000483,3.2241375000000483,0.0,0.021094052960966427,0.021094052960966427,0.09001203073739406,0.08420364325789835,0.0051466687294956966,0.021094052960966427,0.005014713379151381,0.0009287097023190861,0.0009287097023190861,0.0,0.9984658447171659,0.009078573266724815,0.008149863564405729,0.9999453344424295,False
11.5815,1,439,440,3.2299812500000478,3.2299812500000478,0.0,0.02182452171096641,0.02182452171096641,0.09004739325789789,0.08417025577840226,0.005511903104495665,0.02182452171096641,0.005014713379151381,0.0009256827056885019,0.0009256827056885019,0.0,0.9984838540681032,0.009072558491645455,0.008146875785956954,0.9999460098585773,False
11.60275,1,440,441,3.235825000000048,3.235825000000048,0.0,0.022554990460966456,0.022554990460966456,0.0900140057784023,0.08340639954890666,0.005640809354495668,0.022554990460966456,0.005014713379151381,0.0009332292166865985,0.0009332292166865985,0.0,0.9985728741038629,0.009098798292411829,0.008165569075725231,0.9999494427258321,False
11.62675,1,441,442,3.2424250000000483,3.2424250000000483,0.0,0.023379990460966532,0.023379990460966532,0.09000639954890688,0.0829390276944112,0.006053309354495678,0.023379990460966532,0.005014713379151381,0.0009280528476598284,0.0009280528476598284,0.0,0.9986223364731096,0.00900624335226339,0.008078190504603561,0.9999512972871744,False
11.6525,1,442,443,3.2495062500000484,3.2495062500000484,0.0,0.024265146710966592,0.024265146710966592,0.09002027769441126,0.08206774958991557,0.00693846560449568,0.024265146710966592,0.005014713379151381,0.0009488568621316058,0.0009488568621316058,0.0,0.998716607326076,0.00880998411546087,0.007861127253329265,0.9999548268013005,False
11.6815,1,443,444,3.2574812500000485,3.2574812500000485,0.0,0.025262021710966642,0.025262021710966642,0.09004274958991551,0.08169490898541984,0.0078043726152415525,0.025262021710966642,0.005014713379151381,0.0009663864671637784,0.0009663864671637784,0.0,0.9988785118447343,0.008587968533122839,0.00762158206595906,0.9999609425991732,False
11.71175,1,444,445,3.265800000000048,3.265800000000048,0.0,0.026301865460966654,0.013150932730483327,0.09001365898541946,0.08062597463092383,0.008844216365241497,0.013150932730483327,0.005014713379151381,0.0009504576879825884,0.0009504576879825884,0.0,0.9989940898578794,0.007872471991080876,0.0069220143030982876,0.999964773578165,False
11.746,1,445,446,3.2752187500000476,3.2752187500000476,0.0,0.014328276480483315,0.014328276480483315,0.09004472463092375,0.08496846057867595,0.005076264052247798,0.014328276480483315,0.005014713379151381,0.0008710120493302428,0.0008710120493302428,0.0,0.9991123799188406,0.00854383807680259,0.007672826027472347,0.9999698766816594,False
11.7645,1,446,447,3.2803062500000477,3.2803062500000477,0.0,0.01496421398048329,0.01496421398048329,0.09005596057867575,0.08434375902642799,0.005394232802247785,0.01496421398048329,0.005014713379151381,0.000908744082484859,0.000908744082484859,0.0,0.9984398373531937,0.008861686900132483,0.007952942817647624,0.9999442293710867,False
11.78525,1,447,448,3.286012500000048,3.286012500000048,0.0,0.015677495230483333,0.015677495230483333,0.09005000902642829,0.08394249497418046,0.005934608182620745,0.015677495230483333,0.005014713379151381,0.0009246672165148073,0.0009246672165148073,0.0,0.9985412131526025,0.009029146582419996,0.00810447936590519,0.99994819339642,False
11.807500000000001,1,448,449,3.2921312500000477,3.2921312500000477,0.0,0.016442338980483362,0.016442338980483362,0.09006124497418039,0.0831888871719326,0.006317030057620734,0.016442338980483362,0.005014713379151381,0.0009346961880049125,0.0009346961880049125,0.0,0.9986705659647288,0.009049668325568277,0.008114972137563365,0.9999531742571528,False
11.8325,1,449,450,3.2990062500000477,3.2990062500000477,0.0,0.01730171398048342,0.01730171398048342,0.09006388717193271,0.08250506023931199,0.0064974988076207385,0.01730171398048342,0.005014713379151381,0.0009459153284832947,0.0009459153284832947,0.0,0.9987592959727194,0.00907731315416957,0.008131397825686275,0.9999566047769441,False
11.86,1,450,451,3.3065687500000482,3.3065687500000482,0.0,0.018247026480483465,0.018247026480483465,0.09006756023931198,0.08156342080669127,0.00697015505762073,0.018247026480483465,0.005014713379151381,0.0009619663274423555,0.0009619663274423555,0.0,0.9988039569949031,0.008922483819577443,0.007960517492135086,0.9999582538109866,False
11.89075,1,451,452,3.315025000000048,3.315025000000048,0.0,0.0193040577304835,0.0193040577304835,0.09001967080669113,0.08084092199907045,0.008027186307620695,0.0193040577304835,0.005014713379151381,0.0009492803403509431,0.0009492803403509431,0.0,0.9988912878757767,0.0075154221014427786,0.0065661417610918356,0.9999606881528808,False
11.92425,1,452,453,3.3242375000000477,3.3242375000000477,0.0,0.020455620230483564,0.020455620230483564,0.09005342199907042,0.08488826634526009,0.005165155653810335,0.020455620230483564,0.005014713379151381,0.0009422048198538549,0.0009422048198538549,0.0,0.9990309352594313,0.009280495706240288,0.008338290886386433,0.9999671719223118,False
11.943,1,453,454,3.329393750000048,3.329393750000048,0.0,0.021100151480483623,0.021100151480483623,0.09004451634526026,0.08423482944144992,0.005147968153810345,0.021100151480483623,0.005014713379151381,0.0009541006730876033,0.0009541006730876033,0.0,0.9984663156101007,0.009332512556697647,0.008378411883610045,0.9999454746888929,False
11.964,1,454,455,3.3351687500000478,3.3351687500000473,-4.440892098500626e-16,0.021822026480483626,0.021822026480483626,0.09000982944144961,0.0841399862876393,0.005508905653810323,0.021822026480483626,0.005014713379151381,0.0009488064132551829,0.0009488064132551829,0.0,0.998482079712857,0.009303283034608444,0.00835447662135326,0.9999460526088304,False
11.9855,1,455,456,3.3410812500000477,3.3410812500000477,0.0,0.022561088980483653,0.022561088980483653,0.09005248628763918,0.0834435806338289,0.005642108778810316,0.022561088980483653,0.005014713379151381,0.0009485590208122568,0.0009485590208122568,0.0,0.9985742330469645,0.009258940708422828,0.008310381687610571,0.9999495719744256,False
