time,inserted_nodes,node_count_before,node_count_after,rest_length_before,rest_length_after,rest_length_error,tail_rest_length_before,tail_rest_length_after,payout_buffer_rest_length_before,payout_buffer_rest_length_after,payout_buffer_min_rest_length_after,payout_buffer_max_rest_length_after,minimum_physical_rest_length_after,peak_tension_before,peak_tension_after,peak_tension_jump,minimum_geometric_ratio_after,peak_tension_post_step,peak_tension_post_step_jump,minimum_standard_ratio_post_step,remeshed_in_same_step
0.556,1,103,104,1.0300019677819496,1.0300019677819496,0.0,0.011250245972743704,0.011250245972743704,0.09000196778194963,0.08437684479557778,0.005625122986371852,0.011250245972743704,0.005625122986371852,0.0,0.0,0.0,0.9998519689196724,0.0,0.0,0.9999862177475387,False
0.65125,1,104,105,1.035625622646821,1.0356256226468208,-2.220446049250313e-16,0.011953202830852628,0.011953202830852628,0.09000049966044918,0.0836724198159684,0.005976601415426314,0.011953202830852628,0.005625122986371852,0.0,0.0,0.0,0.9996513107809124,0.0,0.0,0.9999832174870787,False
0.73575,1,105,106,1.04195974864989,1.0419597486498897,-2.220446049250313e-16,0.012744968581236232,0.006372484290618116,0.09000654581903728,0.08323817865322733,0.006372484290618116,0.012744968581236232,0.005625122986371852,0.0,0.0,0.0,0.9995982014850406,0.0,0.0,0.9999802515497762,False
0.811,1,106,107,1.0487295203178184,1.0487295203178184,0.0,0.007218705749109185,0.007218705749109185,0.09000795032115586,0.08239336169685485,0.006795595019863648,0.013591190039727296,0.005625122986371852,0.0,0.0,0.0,0.9995587842306005,0.0,0.0,0.9999792099829211,False
0.884,1,107,108,1.0563522741090174,1.0563522741090174,0.0,0.008171549973009078,0.008171549973009078,0.09001611548805401,0.0754720812244268,0.007272017131813597,0.014544034263627194,0.005625122986371852,0.0,0.0,0.0,0.9995280496599342,0.0,0.0,0.9999781069601912,False
1.00175,1,108,109,1.0708954044723884,1.0708954044723884,0.0,0.009989441268430424,0.009989441268430424,0.0900152115877976,0.07365328602874904,0.008180962779524275,0.009989441268430424,0.005625122986371852,0.0,0.0,0.0,0.9995125880018921,0.0,0.0,0.9999778281434675,False
1.11325,1,109,110,1.087249026845789,1.087249026845789,0.0,0.012033644065105526,0.012033644065105526,0.09000690840214987,0.07978174282595049,0.006016822032552763,0.012033644065105526,0.005625122986371852,0.0,0.0,0.0,0.9994952374142041,0.0,0.0,0.9999776804368451,False
1.17575,1,110,111,1.0975051277142711,1.0975051277142711,0.0,0.013315656673665782,0.013315656673665782,0.09003784369443255,0.07853066550967291,0.006446272972210121,0.013315656673665782,0.005625122986371852,0.0,0.0,0.0,0.9992401083290412,0.0,0.0,0.9999690109569167,False
1.24075,1,111,112,1.108983774585068,1.108983774585068,0.0,0.014750487532515379,0.014750487532515379,0.09000931238046969,0.07615835768914979,0.007163688401634919,0.014750487532515379,0.005625122986371852,0.0,0.0,0.0,0.999244405042089,0.0,0.0,0.9999693598934796,False
1.31375,1,112,113,1.1228337997603801,1.1228337997603801,0.0,0.01648174067942941,0.01648174067942941,0.09000838286446192,0.07442617502622802,0.005232459323438317,0.01648174067942941,0.005232459323438317,0.0,0.0,0.0,0.9992806902341885,0.0,0.0,0.999970930395993,False
1.3905,1,113,114,1.1384422578894924,1.1384422578894924,0.0,0.018432797945568437,0.018432797945568437,0.09003463315534027,0.07918863434065229,0.005781707122056382,0.018432797945568437,0.005625122986371852,0.0,0.0,0.0,0.999048785797025,0.0,0.0,0.9999626667293904,False
1.441,1,114,115,1.149267573492282,1.1492675734922817,-2.220446049250313e-16,0.0197859623959171,0.0197859623959171,0.09001394994344164,0.08391436831092333,0.006099581632518317,0.0197859623959171,0.005625122986371852,0.0,0.0,0.0,0.9990038043923679,0.0,0.0,0.9999609502373129,False
1.46875,1,115,116,1.155394590387984,1.155394590387984,0.0,0.02055183950787992,0.02055183950787992,0.09004138520662588,0.08317592646214475,0.006841227903212125,0.02055183950787992,0.005625122986371852,0.0,0.0,0.0,0.998943695652318,0.0,0.0,0.9999586785476733,False
1.49925,1,116,117,1.162268924842821,1.162268924842821,0.0,0.021411131314734527,0.021411131314734527,0.09005026091698164,0.08129022042575915,0.005080924979371725,0.021411131314734527,0.005080924979371725,0.0,0.0,0.0,0.9990385365518378,0.0,0.0,0.999962635332467,False
1.53725,1,117,118,1.171030754828256,1.171030754828256,0.0,0.022506360062913882,0.022506360062913882,0.09005205041119403,0.08019678117179219,0.005628539353461406,0.022506360062913882,0.005625122986371852,0.0,0.0,0.0,0.9987719670871937,0.0,0.0,0.9999526002294192,False
1.57875,1,118,119,1.1808366282380767,1.1808366282380767,0.0,0.02373209423914145,0.02373209423914145,0.09000265458161257,0.08499191326437575,0.005010741317236818,0.02373209423914145,0.005010741317236818,0.0,0.0,0.0,0.9988662499244856,0.00035898779074757664,0.00035898779074757664,0.9999564798399374,False
1.59975,1,119,120,1.1858879996625002,1.1858879996625005,2.220446049250313e-16,0.02436351566719437,0.02436351566719437,0.09004328468879916,0.08440112194350942,0.005326452031263284,0.02436351566719437,0.005010741317236818,0.0,0.0,0.0,0.9986066009203263,0.0005793559184339506,0.0005793559184339506,0.9999464148217118,False
1.623,1,120,121,1.191547154189327,1.1915471541893268,-2.220446049250313e-16,0.025070909983047753,0.025070909983047753,0.0900602764703364,0.08402643012321975,0.0060338463471166556,0.025070909983047753,0.005010741317236818,2.8021253263098483e-05,2.8021253263098483e-05,0.0,0.9986813067151493,0.00020468520798860856,0.00017666395472551007,0.999949195424018,False
1.64725,1,121,122,1.1975209783278546,1.1975209783278544,-2.220446049250313e-16,0.025817638000363737,0.025817638000363737,0.09000025426174757,0.08321967989731494,0.005136885996281733,0.025817638000363737,0.005010741317236818,4.634530099639454e-05,4.634530099639454e-05,0.0,0.9988125990548486,0.0007986281556050245,0.00075228285460863,0.9999545127507349,False
1.6745,1,122,123,1.2043161512638025,1.2043161512638025,0.0,0.026667034617357258,0.026667034617357258,0.09001485283326302,0.0848464386922658,0.005168414140997209,0.026667034617357258,0.005010741317236818,8.703915608242753e-05,8.703915608242753e-05,0.0,0.9986385154960603,0.0012560560405880036,0.0011690168845055761,0.9999482132359558,False
1.695,1,123,124,1.2094823942289339,1.2094823942289339,0.0,0.027312814987998663,0.027312814987998663,0.09001268165739701,0.0841984871457584,0.005491304326317909,0.027312814987998663,0.005010741317236818,0.00011414877077117478,0.00011414877077117478,0.0,0.9985858419640224,0.0014677606520153569,0.001353611881244182,0.9999461367157328,False
1.718,1,124,125,1.2153308760586359,1.215330876058636,2.220446049250313e-16,0.02804387521671145,0.02804387521671145,0.09004696897546059,0.08382460442042991,0.005583027253629451,0.02804387521671145,0.005010741317236818,0.00014238552690618283,0.00014238552690618283,0.0,0.9986666090699563,0.0017176787199073285,0.0015752931930011456,0.9999493722026779,False
1.74225,1,125,126,1.2215532940166312,1.2215532940166312,0.0,0.028821677461460807,0.028821677461460807,0.09004702237842482,0.08304685557864477,0.0059719283760041346,0.028821677461460807,0.005010741317236818,0.0001705138563017464,0.0001705138563017464,0.0,0.9986841121097609,0.0019300782523532511,0.0017595643960515047,0.9999501923350752,False
1.76925,1,126,127,1.2285440049161267,1.2285440049161267,0.0,0.029695516323897775,0.029695516323897775,0.09003756647814062,0.08280289811732483,0.006845767238441117,0.029695516323897775,0.005010741317236818,0.00021315106929265104,0.00021315106929265104,0.0,0.9987665044163382,0.0020947469951307363,0.0018815959258380852,0.9999534651694211,False
1.797,1,127,128,1.235791566583031,1.235791566583031,0.0,0.030601461532260794,0.015300730766130397,0.09005045978422888,0.08190984621505007,0.007751712446804119,0.015300730766130397,0.005010741317236818,0.0002576233729466209,0.0002576233729466209,0.0,0.9989018824966212,0.0016677179595593582,0.0014100945866127373,0.9999583453699515,False
1.82775,1,128,129,1.2438887008538744,1.2438887008538746,2.220446049250313e-16,0.01631287254998587,0.01631287254998587,0.09000698048589376,0.0812431262552342,0.005466425656017113,0.01631287254998587,0.005010741317236818,0.0002728817817055618,0.0002728817817055618,0.0,0.9990210471145557,0.002774587965251901,0.0025017061835463394,0.9999636158661469,False
1.861,1,129,130,1.252711548521488,1.252711548521488,0.0,0.01741572850843753,0.01741572850843753,0.09006597392284749,0.08019926373373626,0.006017853635242945,0.01741572850843753,0.005010741317236818,0.0003439174790847233,0.0003439174790847233,0.0,0.9986844007037932,0.0034572784857769823,0.003113361006692259,0.9999510061591622,False
1.89775,1,130,131,1.2625298048336386,1.2625298048336384,-2.220446049250313e-16,0.01864301054745633,0.01864301054745633,0.09001752004588667,0.0822209563923991,0.005662025073868838,0.01864301054745633,0.005010741317236818,0.00040683534708291826,0.00040683534708291826,0.0,0.9988000561621254,0.0040680527325370475,0.003661217385454129,0.9999557547072832,False
1.92675,1,131,132,1.2703157793530013,1.2703157793530013,0.0,0.01961625736237666,0.01961625736237666,0.09000693091176186,0.08123712044335393,0.006148648481329014,0.01961625736237666,0.005010741317236818,0.00045900833863652004,0.00045900833863652004,0.0,0.9986850233808264,0.0044385978462714235,0.003979589507634903,0.9999515181429393,False
1.9595,1,132,133,1.2791368571755406,1.2791368571755406,0.0,0.020718892090194094,0.020718892090194094,0.09005819826589337,0.08073718104889382,0.007251283209146443,0.020718892090194094,0.005010741317236818,0.0005183379515628374,0.0005183379515628374,0.0,0.9987939503279629,0.0035728119520723606,0.003054474000509523,0.9999551558428866,False
1.994,1,133,134,1.2884475128078892,1.2884475128078894,2.220446049250313e-16,0.021882724044237658,0.021882724044237658,0.09004783668124247,0.08480541209572093,0.005242424585521559,0.021882724044237658,0.005010741317236818,0.0005794905365564598,0.0005794905365564598,0.0,0.9989601716071012,0.00578722854926679,0.00520773801271033,0.9999627879662748,False
2.01325,1,134,135,1.2936450000000002,1.2936450000000002,0.0,0.022532409943251546,0.022532409943251546,0.09000289928783156,0.08411078880329616,0.006086481949077226,0.022532409943251546,0.005010741317236818,0.0006211033972753681,0.0006211033972753681,0.0,0.9985137768098274,0.005884600839467263,0.005263497442191895,0.9999456328147173,False
2.03525,1,135,136,1.2995849999999995,1.2995849999999995,0.0,0.023274909943251595,0.023274909943251595,0.09005078880329591,0.08490382656846393,0.00514696223483198,0.023274909943251595,0.005010741317236818,0.0006561306507042977,0.0006561306507042977,0.0,0.9987182994717426,0.006508111679817817,0.00585198102911352,0.9999538159795364,False
2.05425,1,136,137,1.3047149999999998,1.3047149999999994,-4.440892098500626e-16,0.023916159943251646,0.023916159943251646,0.09003382656846384,0.08424561433363187,0.005467587234831961,0.023916159943251646,0.005010741317236818,0.0007016331237942599,0.0007016331237942599,0.0,0.998487444715295,0.0069311251081388275,0.006229491984344568,0.9999451183394582,False
2.07575,1,137,138,1.3105199999999995,1.3105199999999995,0.0,0.024641784943251702,0.024641784943251702,0.09005061433363173,0.08385740209879977,0.005587088031101847,0.024641784943251702,0.005010741317236818,0.0007396654144058708,0.0007396654144058708,0.0,0.9985867881321658,0.00731605760671724,0.006576392192311369,0.9999491187242299,False
2.09875,1,138,139,1.3167299999999993,1.3167299999999993,0.0,0.025418034943251764,0.025418034943251764,0.09006740209879967,0.0830979398639677,0.005975213031101823,0.025418034943251764,0.005010741317236818,0.0007840200371958628,0.0007840200371958628,0.0,0.9986249028272572,0.007723641400533818,0.006939621363337955,0.9999507812357505,False
2.1245,1,139,140,1.3236824999999994,1.3236824999999994,0.0,0.026287097443251826,0.026287097443251826,0.09005043986396763,0.08281803933286577,0.006844275531101824,0.026287097443251826,0.005010741317236818,0.0008399409287113444,0.0008399409287113444,0.0,0.9987220967403989,0.007545001682677327,0.006705060753965982,0.9999544603950423,False
2.15125,1,140,141,1.3309049999999991,1.3309049999999991,0.0,0.027189909943251888,0.027189909943251888,0.09004053933286554,0.0819053263017637,0.005371990974538515,0.027189909943251888,0.005010741317236818,0.000893160173305713,0.000893160173305713,0.0,0.9988717618943173,0.00881175856364079,0.007918598390335077,0.9999608088964757,False
2.18125,1,141,142,1.339004999999999,1.339004999999999,0.0,0.02820240994325197,0.02820240994325197,0.09000532630176353,0.08124573827066175,0.005878240974538485,0.02820240994325197,0.005010741317236818,0.0009513607087154423,0.0009513607087154423,0.0,0.9986303222792509,0.009325081562111315,0.008373720853395872,0.9999517718315108,False
2.21375,1,142,143,1.3477799999999989,1.3477799999999986,-2.220446049250313e-16,0.029299284943252044,0.029299284943252044,0.09002073827066157,0.08016427523955988,0.005488006599538456,0.029299284943252044,0.005010741317236818,0.001018837546088727,0.001018837546088727,0.0,0.9987470447898896,0.009978325019699127,0.0089594874736104,0.9999565823415233,False
2.25025,1,143,144,1.3576349999999988,1.3576349999999988,0.0,0.030531159943252142,0.030531159943252142,0.09001927523955978,0.08130603426502131,0.006103944099538418,0.030531159943252142,0.005010741317236818,0.0010917321878178353,0.0010917321878178353,0.0,0.9986996176085073,0.010525906940725319,0.009434174752907483,0.9999550143800532,False
2.2825,1,144,145,1.3663424999999982,1.3663424999999982,0.0,0.03161959744325216,0.01580979872162608,0.0900135342650211,0.0802118557904827,0.007192381599538418,0.01580979872162608,0.005010741317236818,0.001155787450670484,0.001155787450670484,0.0,0.9987856838338105,0.009158054095958245,0.008002266645287762,0.9999572742977522,False
2.319,1,145,146,1.3761974999999982,1.3761974999999982,0.0,0.01704167372162618,0.01704167372162618,0.09006685579048254,0.08480320405321337,0.005263651737269156,0.01704167372162618,0.005010741317236818,0.0012009938095811363,0.0012009938095811363,0.0,0.998964286403476,0.011901109155329215,0.010700115345748079,0.999965838324297,False
2.33825,1,146,147,1.381394999999998,1.381394999999998,0.0,0.017691361221626227,0.017691361221626227,0.09000070405321325,0.0840873648159441,0.005588495487269134,0.017691361221626227,0.005010741317236818,0.001255153934094381,0.001255153934094381,0.0,0.9985222840993293,0.012399063356441246,0.011143909422346866,0.9999490997112531,False
2.36025,1,147,148,1.387334999999998,1.3873349999999978,-2.220446049250313e-16,0.018433861221626276,0.018433861221626276,0.09002736481594395,0.08369636932867483,0.005216190799769145,0.018433861221626276,0.005010741317236818,0.0013004107507388167,0.0013004107507388167,0.0,0.9986204227250731,0.012908076434964208,0.011607665684225391,0.9999531104849217,False
2.38375,1,148,149,1.3936799999999978,1.3936799999999978,0.0,0.01922698622162633,0.01922698622162633,0.09004136932867475,0.08291724884140562,0.005612753299769116,0.01922698622162633,0.005010741317236818,0.0013496543848193062,0.0013496543848193062,0.0,0.9985464814840955,0.013356228807887699,0.012006574423068392,0.999950481284142,False
2.41,1,149,150,1.400767499999998,1.400767499999998,0.0,0.0201129237216264,0.0201129237216264,0.09000474884140568,0.08310949554163653,0.005747753299769085,0.0201129237216264,0.005010741317236818,0.0013966884093555413,0.0013966884093555413,0.0,0.9986566881914591,0.013783516177685251,0.01238682776832971,0.9999549263974445,False
2.43575,1,150,151,1.407719999999998,1.407719999999998,0.0,0.02098198622162646,0.02098198622162646,0.0900619955416366,0.08229767974186744,0.006182284549769055,0.02098198622162646,0.005010741317236818,0.0014436201399299431,0.0014436201399299431,0.0,0.998681032333922,0.01410236783994992,0.012658747700019977,0.9999560206175394,False
2.4645,1,151,152,1.4154824999999978,1.4154824999999978,0.0,0.021952298721626535,0.021952298721626535,0.09006017974186756,0.08172211394209847,0.00715259704976906,0.021952298721626535,0.005010741317236818,0.0014966798543251877,0.0014966798543251877,0.0,0.99878062872028,0.012600057013718954,0.011103377159393767,0.9999588838813781,False
2.49525,1,152,153,1.4237849999999976,1.4237849999999979,2.220446049250313e-16,0.02299011122162662,0.02299011122162662,0.09002461394209826,0.08064873564232922,0.006006980930406604,0.02299011122162662,0.005010741317236818,0.0015407585556551841,0.0015407585556551841,0.0,0.9989362937918138,0.014985892796542805,0.01344513424088762,0.999966261174855,False
2.5300000000000002,1,153,154,1.4331674999999975,1.4331674999999975,0.0,0.024162923721626702,0.024162923721626702,0.09003123564232887,0.0802334823425599,0.006593387180406561,0.024162923721626702,0.005010741317236818,0.001601373841040609,0.001601373841040609,0.0,0.9987857642064566,0.015425088677441003,0.013823714836400394,0.999960610463523,False
2.56625,1,154,155,1.4429549999999973,1.442954999999997,-2.220446049250313e-16,0.02538636122162679,0.02538636122162679,0.09002098234255965,0.08451038694267521,0.005510595399884438,0.02538636122162679,0.005010741317236818,0.001657284487192186,0.001657284487192186,0.0,0.9988855705202128,0.01645588987941423,0.014798605392222044,0.999964948850517,False
2.58675,1,155,156,1.448489999999997,1.448489999999997,0.0,0.026078236221626847,0.026078236221626847,0.09004538694267504,0.0838429165427906,0.005639267274884418,0.026078236221626847,0.005010741317236818,0.001694775405070614,0.001694775405070614,0.0,0.9985936519988584,0.016784652872851143,0.01508987746778053,0.9999539527564583,False
2.60975,1,156,157,1.4546999999999968,1.4546999999999968,0.0,0.026854486221626894,0.026854486221626894,0.09005291654279031,0.0836373992679059,0.006027392274884386,0.026854486221626894,0.005010741317236818,0.0017255251501726019,0.0017255251501726019,0.0,0.9986408049433265,0.017078880801345127,0.015353355651172525,0.9999558960011949,False
2.6335,1,157,158,1.461112499999997,1.461112499999997,0.0,0.02765604872162696,0.02765604872162696,0.0900498992679058,0.08283281949302138,0.005336459215203204,0.02765604872162696,0.005010741317236818,0.0017576269698400169,0.0017576269698400169,0.0,0.9987237825987704,0.017431843872746815,0.0156742169029068,0.9999592647653366,False
2.66025,1,158,159,1.4683349999999966,1.4683349999999966,0.0,0.02855886122162702,0.02855886122162702,0.09005531949302123,0.08232355221813684,0.005787865465203171,0.02855886122162702,0.005010741317236818,0.0017972337977459456,0.0017972337977459456,0.0,0.9986025452678953,0.01775529314715861,0.015958059349412666,0.9999547578108668,False
2.68875,1,159,160,1.4760299999999962,1.4760299999999962,0.0,0.029520736221627097,0.029520736221627097,0.09001855221813679,0.08132490994325245,0.005975599840203142,0.029520736221627097,0.005010741317236818,0.0018325360272831248,0.0018325360272831248,0.0,0.9987090900212972,0.017996004783379344,0.016163468756096217,0.9999589753870789,False
2.721,1,160,161,1.4847374999999963,1.4847374999999965,2.220446049250313e-16,0.030609173721627175,0.030609173721627175,0.09003240994325237,0.0817428257280492,0.0065198185902031035,0.030609173721627175,0.005010741317236818,0.001872939693641482,0.001872939693641482,0.0,0.9987671221924442,0.018201204548141003,0.016328264854499522,0.9999612819334551,False
2.75175,1,161,162,1.4930399999999961,1.4930399999999961,0.0,0.0316469862216272,0.0158234931108136,0.09004532572804905,0.08071792901284593,0.007557631090203116,0.0158234931108136,0.005010741317236818,0.0019066667239912303,0.0019066667239912303,0.0,0.998848369410393,0.01646669966228586,0.01456003293829463,0.9999631476058752,False
2.78625,1,162,163,1.5023549999999959,1.5023549999999959,0.0,0.016987868110813684,0.016987868110813684,0.09003292901284567,0.08501274628024415,0.005020182732601519,0.016987868110813684,0.005010741317236818,0.0019004187560005023,0.0019004187560005023,0.0,0.9990033075257198,0.018888267834552733,0.01698784907855223,0.9999706733982405,False
2.80475,1,163,164,1.507349999999996,1.507349999999996,0.0,0.01761224311081373,0.01761224311081373,0.09000774628024402,0.08436318854764249,0.005332370232601497,0.01761224311081373,0.005010741317236818,0.0019408561278764665,0.0019408561278764665,0.0,0.9984550445149757,0.01925570025621815,0.017314844128341684,0.9999498132994388,False
2.82575,1,164,165,1.5130199999999958,1.5130199999999958,0.0,0.01832099311081378,0.01832099311081378,0.09003318854764239,0.0839920683150409,0.00529967492010148,0.01832099311081378,0.005010741317236818,0.001976147320398546,0.001976147320398546,0.0,0.9985572897692816,0.019646236879713383,0.017670089559314837,0.9999539238152392,False
2.84825,1,165,166,1.5190949999999956,1.5190949999999956,0.0,0.019080368110813834,0.019080368110813834,0.09006706831504085,0.08326657308243936,0.005679362420101454,0.019080368110813834,0.005010741317236818,0.0020024175442440724,0.0020024175442440724,0.0,0.998561725708951,0.019850504119080042,0.01784808657483597,0.9999541918734361,False
2.87325,1,166,167,1.5258449999999955,1.5258449999999955,0.0,0.019924118110813894,0.019924118110813894,0.09001657308243935,0.08311377316233787,0.005829128045101425,0.019924118110813894,0.005010741317236818,0.0020271768048250563,0.0020271768048250563,0.0,0.9986648894890225,0.020056040849376247,0.01802886404455119,0.9999582612300708,False
2.899,1,167,168,1.5327974999999958,1.5327974999999958,0.0,0.020793180610813956,0.020793180610813956,0.09006627316233795,0.08229441074223645,0.006263659295101394,0.020793180610813956,0.005010741317236818,0.0020531061411880993,0.0020531061411880993,0.0,0.9987001833641073,0.020140510366402,0.0180874042252139,0.9999596642429252,False
2.92775,1,168,169,1.5405599999999962,1.5405599999999957,-4.440892098500626e-16,0.02176349311081403,0.02176349311081403,0.09005691074223657,0.08169442332213514,0.007233971795101399,0.02176349311081403,0.005010741317236818,0.0020760824778248126,0.0020760824778248126,0.0,0.9987973106662861,0.018309624796513713,0.0162335423186889,0.9999622467027919,False
2.95875,1,169,170,1.5489299999999955,1.5489299999999955,0.0,0.022809743110814112,0.022809743110814112,0.09006442332213487,0.08065568590203351,0.005963998277703475,0.022809743110814112,0.005010741317236818,0.002093577903309013,0.002093577903309013,0.0,0.9989506667889367,0.0205024197819062,0.018408841878597187,0.9999694565748676,False
2.9935,1,170,171,1.558312499999995,1.558312499999995,0.0,0.023982555610814194,0.023982555610814194,0.09003818590203316,0.08015062035693188,0.006550404527703432,0.023982555610814194,0.005010741317236818,0.002121113144253838,0.002121113144253838,0.0,0.9987809826569204,0.020606647446681607,0.018485534302427768,0.9999628985554915,False
3.0300000000000002,1,171,172,1.568167499999995,1.568167499999995,0.0,0.02521443061081429,0.02521443061081429,0.09000562035693171,0.0844459000843811,0.005559720272550607,0.02521443061081429,0.005010741317236818,0.0021455647480598263,0.0021455647480598263,0.0,0.9988829984505492,0.021328341322560236,0.01918277657450041,0.9999671676821981,False
3.05075,1,172,173,1.5737699999999948,1.5737699999999948,0.0,0.025914743110814344,0.025914743110814344,0.09004840008438089,0.08378836731183029,0.005692610897550584,0.025914743110814344,0.005010741317236818,0.002166872646123111,0.002166872646123111,0.0,0.9986090199669283,0.02149646377385496,0.01932959112773185,0.9999568093823507,False
3.074,1,173,174,1.5800474999999947,1.5800474999999947,0.0,0.026699430610814402,0.026699430610814402,0.09006586731183008,0.08358856891427949,0.0060849546475505575,0.026699430610814402,0.005010741317236818,0.0021754322620264385,0.0021754322620264385,0.0,0.9986560989542328,0.0215643826349046,0.01938895037287816,0.9999586417086999,False
3.09775,1,174,175,1.5864599999999944,1.5864599999999944,0.0,0.027500993110814453,0.027500993110814453,0.09000106891427925,0.08272220801672868,0.0053276241388516415,0.027500993110814453,0.005010741317236818,0.002187405562742646,0.002187405562742646,0.0,0.9987366703399037,0.021717786413682875,0.019530380850940228,0.9999618232718506,False
3.12475,1,175,176,1.5937499999999942,1.5937499999999942,0.0,0.028412243110814524,0.028412243110814524,0.09001220801672863,0.08221444086917806,0.005783249138851613,0.028412243110814524,0.005010741317236818,0.0022050276942604877,0.0022050276942604877,0.0,0.9986044914276243,0.021818523630694468,0.01961349593643398,0.9999567891452928,False
3.15375,1,176,177,1.601579999999994,1.601579999999994,0.0,0.029390993110814594,0.029390993110814594,0.09004444086917793,0.08126792372162744,0.005979421013851578,0.029390993110814594,0.005010741317236818,0.0022165294840665517,0.0022165294840665517,0.0,0.99871336201481,0.021809507325645704,0.01959297784157915,0.9999609759112164,False
3.1862500000000002,1,177,178,1.610354999999994,1.610354999999994,0.0,0.03048786811081468,0.03048786811081468,0.09004292372162745,0.08172842458277582,0.006527858513851545,0.03048786811081468,0.005010741317236818,0.0022307450918929448,0.0022307450918929448,0.0,0.9987710549459052,0.02176366351313236,0.019532918421239415,0.9999631380174604,False
3.217,1,178,179,1.6186574999999939,1.6186574999999939,0.0,0.03152568061081471,0.015762840305407356,0.09003092458277556,0.08067861294392402,0.007565671013851543,0.015762840305407356,0.005010741317236818,0.002238255618438043,0.002238255618438043,0.0,0.9988512467687434,0.019745192387950812,0.01750693676951277,0.9999648201706817,False
3.25175,1,179,180,1.6280399999999937,1.6280399999999937,0.0,0.01693565280540745,0.01693565280540745,0.09006111294392383,0.08502636337449809,0.005034749569425738,0.01693565280540745,0.005010741317236818,0.0021920903401306028,0.0021920903401306028,0.0,0.9990066510729442,0.021801714267641895,0.019609623927511293,0.9999721918421481,False
3.27025,1,180,181,1.6330349999999936,1.6330349999999936,0.0,0.017560027805407497,0.017560027805407497,0.09002136337449797,0.08436223880507224,0.0053469370694257164,0.017560027805407497,0.005010741317236818,0.002228172781104405,0.002228172781104405,0.0,0.9984604822368287,0.022121665940577545,0.01989349315947314,0.9999514004784936,False
3.2912500000000002,1,181,182,1.6387049999999936,1.6387049999999934,-2.220446049250313e-16,0.018268777805407546,0.018268777805407546,0.09003223880507212,0.0839765517356464,0.005310023006925701,0.018268777805407546,0.005010741317236818,0.0022520305716870015,0.0022520305716870015,0.0,0.9985621623491052,0.022409018636363083,0.02015698806467608,0.9999554401164469,False
3.31375,1,182,183,1.6447799999999935,1.6447799999999935,0.0,0.0190281528054076,0.0190281528054076,0.09005155173564636,0.08323648966622064,0.005689710506925675,0.0190281528054076,0.005010741317236818,0.0022709797868137867,0.0022709797868137867,0.0,0.9985655364510277,0.02253491226125868,0.02026393247444489,0.9999556297193657,False
3.339,1,183,184,1.6515974999999936,1.6515974999999934,-2.220446049250313e-16,0.01988034030540767,0.01988034030540767,0.09005398966622073,0.08313240415929501,0.005841585506925647,0.01988034030540767,0.005010741317236818,0.0022775913695285157,0.0022775913695285157,0.0,0.9986700032878834,0.022546845551918056,0.02026925418238954,0.9999596567530186,False
3.3645,1,184,185,1.6584824999999934,1.6584824999999936,2.220446049250313e-16,0.020740965305407724,0.020740965305407724,0.090017404159295,0.0822351936523693,0.006271898006925612,0.020740965305407724,0.005010741317236818,0.002286682572492658,0.002286682572492658,0.0,0.9987021342209502,0.02245688998468026,0.020170207412187603,0.9999608546353734,False
3.3935,1,185,186,1.6663124999999936,1.6663124999999936,0.0,0.021719715305407807,0.021719715305407807,0.09006519365236948,0.08168392064544383,0.007250648006925627,0.021719715305407807,0.005010741317236818,0.002299634129029069,0.002299634129029069,0.0,0.9988012138339617,0.020511520584092807,0.018211886455063737,0.9999634477610928,False
3.4245,1,186,187,1.6746824999999932,1.6746824999999932,0.0,0.022765965305407875,0.022765965305407875,0.09005392064544343,0.08062639763851785,0.005953053826351911,0.022765965305407875,0.005010741317236818,0.00229528587749116,0.00229528587749116,0.0,0.9989538016619561,0.02251404191703736,0.0202187560395462,0.999970541178296,False
3.45925,1,187,188,1.6840649999999933,1.684064999999993,-2.220446049250313e-16,0.02393877780540797,0.02393877780540797,0.09000889763851763,0.08010887463159212,0.006539460076351877,0.02393877780540797,0.005010741317236818,0.002312946105549259,0.002312946105549259,0.0,0.9987800475841325,0.022517984671025906,0.020205038565476646,0.9999637757431874,False
3.496,1,188,189,1.6939874999999929,1.6939874999999929,0.0,0.02517909030540805,0.02517909030540805,0.0900313746315918,0.08446120687812908,0.005570167753462708,0.02517909030540805,0.005010741317236818,0.0023232889250137732,0.0023232889250137732,0.0,0.9988835146224796,0.02310281758349244,0.020779528658478666,0.9999680324984026,False
3.51675,1,189,190,1.6995899999999926,1.6995899999999926,0.0,0.025879402805408104,0.025879402805408104,0.09006370687812887,0.08379322662466616,0.005705167753462687,0.025879402805408104,0.005010741317236818,0.0023352403214322347,0.0023352403214322347,0.0,0.9986121965469718,0.023182686823143325,0.02084744650171109,0.9999577422978155,False
3.53975,1,190,191,1.7057999999999924,1.7057999999999924,0.0,0.026655652805408166,0.026655652805408166,0.090003226624666,0.0835218088712033,0.006093292753462663,0.026655652805408166,0.005010741317236818,0.002345819410527426,0.002345819410527426,0.0,0.9986578111424489,0.02326681524584289,0.020920995835315464,0.9999595260711287,False
3.56375,1,191,192,1.7122799999999923,1.7122799999999923,0.0,0.027465652805408226,0.027465652805408226,0.09000180887120315,0.08271039111774045,0.0053263706631758645,0.027465652805408226,0.005010741317236818,0.0023518123088710386,0.0023518123088710386,0.0,0.9987405884424707,0.02335301786674933,0.02100120555787829,0.9999627603823795,False
3.59075,1,192,193,1.7195699999999923,1.719569999999992,-2.220446049250313e-16,0.028376902805408298,0.028376902805408298,0.09000039111774039,0.08218584836427772,0.005781995663175836,0.028376902805408298,0.005010741317236818,0.002355895701543151,0.002355895701543151,0.0,0.9986049618650032,0.023330026064781212,0.02097413036323806,0.9999575347196149,False
3.6197500000000002,1,193,194,1.727399999999992,1.727399999999992,0.0,0.029355652805408368,0.029355652805408368,0.09001584836427759,0.08122255561081498,0.005978167538175799,0.029355652805408368,0.005010741317236818,0.002368418759408571,0.002368418759408571,0.0,0.9987138792355856,0.02332565534458924,0.02095723658518067,0.9999617255187296,False
3.6525,1,194,195,1.736242499999992,1.736242499999992,0.0,0.03046096530540845,0.03046096530540845,0.09006505561081495,0.0817433724476391,0.006530823788175762,0.03046096530540845,0.005010741317236818,0.0023730092661724198,0.0023730092661724198,0.0,0.9987730215735647,0.02318288028641749,0.02080987102024507,0.9999638938817751,False
3.68325,1,195,196,1.7445449999999916,1.7445449999999918,2.220446049250313e-16,0.03149877780540848,0.01574938890270424,0.09004587244763886,0.08068637678446308,0.00756863628817576,0.01574938890270424,0.005010741317236818,0.0023813427294917984,0.0023813427294917984,0.0,0.998852412994373,0.021154271959775407,0.01877292923028361,0.9999655389435171,False
3.71775,1,196,197,1.7538599999999915,1.7538599999999915,0.0,0.016913763902704326,0.016913763902704326,0.09000137678446282,0.08496725395287497,0.005034122831587841,0.016913763902704326,0.005010741317236818,0.002317804775795028,0.002317804775795028,0.0,0.9990066452826097,0.023057928932760652,0.020740124156965623,0.9999727917580691,False
3.7365,1,197,198,1.7589224999999913,1.7589224999999913,0.0,0.01754657640270438,0.01754657640270438,0.09002975395287492,0.08436281862128707,0.005350529081587825,0.01754657640270438,0.005010741317236818,0.0023610124386593137,0.0023610124386593137,0.0,0.998463283565916,0.02344557019922653,0.021084557760567217,0.9999521445650836,False
3.7575000000000003,1,198,199,1.7645924999999916,1.7645924999999913,-2.220446049250313e-16,0.01825532640270443,0.01825532640270443,0.09003281862128698,0.08397353953969915,0.005313615019087808,0.01825532640270443,0.005010741317236818,0.002367227301197575,0.002367227301197575,0.0,0.998563596832913,0.02356042931641103,0.021193202015213457,0.9999560489986218,False
3.7800000000000002,1,199,200,1.7706674999999912,1.7706674999999912,0.0,0.019014701402704486,0.019014701402704486,0.0900485395396991,0.08322988545811127,0.005693302519087782,0.019014701402704486,0.005010741317236818,0.002383766621211315,0.002383766621211315,0.0,0.9985669546437731,0.02367341674292641,0.021289650121715097,0.999956231779892,False
3.80525,1,200,201,1.777484999999991,1.777484999999991,0.0,0.019866888902704542,0.019866888902704542,0.09004738545811125,0.08312220793902345,0.005843068144087748,0.019866888902704542,0.005010741317236818,0.0023889353161996537,0.0023889353161996537,0.0,0.9986712958737922,0.02364975385151713,0.021260818535317475,0.9999602369432752,False
3.83075,1,201,202,1.7843699999999914,1.7843699999999914,0.0,0.02072751390270461,0.02072751390270461,0.09000720793902355,0.08222140541993572,0.00627338064408772,0.02072751390270461,0.005010741317236818,0.0023935565829210845,0.0023935565829210845,0.0,0.9987029577150799,0.023510800969118294,0.02111724438619721,0.9999613934499343,False
3.85975,1,202,203,1.7921999999999914,1.7921999999999914,0.0,0.02170626390270468,0.02170626390270468,0.09005140541993578,0.08166654040084806,0.0072521306440877205,0.02170626390270468,0.005010741317236818,0.0023997115800573694,0.0023997115800573694,0.0,0.9988019598415124,0.02150800121435177,0.019108289634294402,0.9999639532693733,False
3.89075,1,203,204,1.8005699999999911,1.8005699999999911,0.0,0.02275251390270476,0.02275251390270476,0.09003654040084777,0.08060542538176009,0.005949690975676137,0.02275251390270476,0.005010741317236818,0.0023853734629237285,0.0023853734629237285,0.0,0.9989544403771144,0.02340359906200104,0.02101822559907731,0.9999709927172603,False
3.9257500000000003,1,204,205,1.8100199999999909,1.8100199999999909,0.0,0.023933763902704852,0.023933763902704852,0.09005542538175983,0.0801454822376722,0.0065403159756760995,0.023933763902704852,0.005010741317236818,0.0023924909487931176,0.0023924909487931176,0.0,0.9987813201531867,0.023313689652320467,0.02092119870352735,0.9999642055838834,False
3.96225,1,205,206,1.8198749999999904,1.8198749999999904,0.0,0.025165638902704936,0.025165638902704936,0.09000048223767192,0.08442957316562816,0.005570909072043766,0.025165638902704936,0.005010741317236818,0.0023954654569621554,0.0023954654569621554,0.0,0.9988827723195388,0.02382265599507548,0.021427190538113323,0.9999683475216848,False
3.983,1,206,207,1.8254774999999903,1.8254774999999903,0.0,0.02586595140270499,0.02586595140270499,0.09003207316562793,0.08376085159358417,0.005705909072043741,0.02586595140270499,0.005010741317236818,0.0023991200107230178,0.0023991200107230178,0.0,0.9986126812429812,0.023811913121102125,0.021412793110379108,0.9999580634336743,False
4.00625,1,207,208,1.83175499999999,1.83175499999999,0.0,0.026650638902705016,0.026650638902705016,0.090038351593584,0.08354775502154027,0.006098252822043722,0.026650638902705016,0.005010741317236818,0.0024026673606274457,0.0024026673606274457,0.0,0.9986600095165904,0.0238462311513229,0.021443563790695456,0.9999598890357081,False
4.03025,1,208,209,1.8382349999999903,1.8382349999999903,0.0,0.027460638902704962,0.027460638902704962,0.09002775502154024,0.08272715844949649,0.005328907987838011,0.027460638902704962,0.005010741317236818,0.0024058311164784113,0.0024058311164784113,0.0,0.9987417709244114,0.02390297886816893,0.02149714775169052,0.999963070106757,False
4.05725,1,209,210,1.8455249999999903,1.8455249999999903,0.0,0.028371888902704905,0.028371888902704905,0.09001715844949648,0.08219765562745275,0.005784532987838015,0.028371888902704905,0.005010741317236818,0.0023963917531919336,0.0023963917531919336,0.0,0.9986057366151542,0.023724026470498018,0.021327634717306084,0.9999577538761645,False
4.08625,1,210,211,1.8533549999999903,1.8533549999999903,0.0,0.029350638902704836,0.029350638902704836,0.09002765562745269,0.08122940280540895,0.005978595487838013,0.029350638902704836,0.005010741317236818,0.0023994373750517344,0.0023994373750517344,0.0,0.998714520853332,0.02364397164621955,0.021244534271167816,0.9999619032462617,False
4.11875,1,211,212,1.86212999999999,1.86212999999999,0.0,0.030447513902704754,0.030447513902704754,0.09000440280540885,0.08168861981757082,0.0065270329878380105,0.030447513902704754,0.005010741317236818,0.0024000939307451392,0.0024000939307451392,0.0,0.9987717546923185,0.023443669680427458,0.021043575749682318,0.9999639705003623,False
4.14975,1,212,213,1.8704999999999903,1.8704999999999905,2.220446049250313e-16,0.03149376390270477,0.015746881951352387,0.090058619817571,0.08069658682973296,0.007573282987838033,0.015746881951352387,0.005010741317236818,0.0024025753432054715,0.0024025753432054715,0.0,0.9988532306930933,0.021368613079294753,0.01896603773608928,0.999965673401775,False
4.1842500000000005,1,213,214,1.87981499999999,1.87981499999999,0.0,0.01691125695135229,0.01691125695135229,0.0900115868297327,0.0849761953358137,0.005035391493919011,0.01691125695135229,0.005010741317236818,0.0023113079442538577,0.0023113079442538577,0.0,0.9990071467786888,0.022999044533260807,0.02068773658900695,0.9999727827464389,False
4.203,1,214,215,1.8848774999999898,1.8848774999999898,0.0,0.017544069451352243,0.017544069451352243,0.09003869533581357,0.08437049134189457,0.005351797743919009,0.017544069451352243,0.005010741317236818,0.0023590573752104924,0.0023590573752104924,0.0,0.9984636204695384,0.023430229865310327,0.021071172490099835,0.9999521500257303,False
4.224,1,215,216,1.89054749999999,1.89054749999999,0.0,0.018252819451352223,0.018252819451352223,0.09004049134189471,0.08397994359797567,0.005313828993919022,0.018252819451352223,0.005010741317236818,0.002371762251330814,0.002371762251330814,0.0,0.9985639231823874,0.02359383107935497,0.021222068828024156,0.9999560773764198,False
4.2465,1,216,217,1.89662249999999,1.89662249999999,0.0,0.01901219445135217,0.01901219445135217,0.09005494359797557,0.08323502085405654,0.005693516493919023,0.01901219445135217,0.005010741317236818,0.002385231042340232,0.002385231042340232,0.0,0.998567012894591,0.02369027727386861,0.02130504623152838,0.9999562419515555,False
4.27175,1,217,218,1.9034399999999898,1.9034399999999898,0.0,0.019864381951352105,0.019864381951352105,0.09005252085405638,0.08312712936013736,0.005845391493919022,0.019864381951352105,0.005010741317236818,0.0023986518842666455,0.0023986518842666455,0.0,0.9986713883238166,0.023750431399442794,0.02135177951517615,0.9999602884244635,False
4.29725,1,218,219,1.9103249999999896,1.9103249999999896,0.0,0.02072500695135205,0.02072500695135205,0.09001212936013728,0.08222611286621825,0.006275703993919025,0.02072500695135205,0.005010741317236818,0.002401631641136146,0.002401631641136146,0.0,0.9987034520834043,0.02359436011597467,0.021192728474838524,0.9999614522052387,False
4.32625,1,219,220,1.9181549999999896,1.9181549999999896,0.0,0.02170375695135198,0.02170375695135198,0.09005611286621812,0.0816710338722991,0.007254453993919025,0.02170375695135198,0.005010741317236818,0.0023955076236092257,0.0023955076236092257,0.0,0.9988023269825875,0.021469066849640735,0.01907355922603151,0.99996394955366,False
4.3572500000000005,1,220,221,1.9265249999999894,1.9265249999999896,2.220446049250313e-16,0.0227500069513519,0.0227500069513519,0.09004103387229896,0.08060970487837996,0.005949064237837992,0.0227500069513519,0.005010741317236818,0.0023893031107528637,0.0023893031107528637,0.0,0.9989547565960215,0.023447758016785003,0.02105845490603214,0.9999710268094897,False
4.39225,1,221,222,1.9359749999999893,1.9359749999999893,0.0,0.023931256951351825,0.023931256951351825,0.09005970487837994,0.08014743838446091,0.006539689237837996,0.023931256951351825,0.005010741317236818,0.002389524590526364,0.002389524590526364,0.0,0.9987811983483951,0.023283206065369787,0.020893681474843422,0.9999641874872787,False
4.42875,1,222,223,1.9458299999999893,1.9458299999999895,2.220446049250313e-16,0.02516313195135175,0.02516313195135175,0.0900024383844609,0.08443036763750139,0.00557207074695952,0.02516313195135175,0.005010741317236818,0.002390518992656656,0.002390518992656656,0.0,0.9988826582573461,0.02377585700741948,0.021385338014762823,0.9999683224923203,False
4.4495000000000005,1,223,224,1.9514324999999892,1.9514324999999892,0.0,0.025863444451351688,0.025863444451351688,0.09003286763750125,0.08376048439054173,0.005707070746959514,0.025863444451351688,0.005010741317236818,0.0023975746179314855,0.0023975746179314855,0.0,0.998612932772611,0.02378416086953919,0.021386586251607703,0.9999580595034329,False
4.4727500000000004,1,224,225,1.9577099999999894,1.9577099999999894,0.0,0.026648131951351635,0.026648131951351635,0.0900379843905417,0.08354622614358219,0.006099414496959515,0.026648131951351635,0.005010741317236818,0.002395804560443661,0.002395804560443661,0.0,0.9986602170211232,0.02378152130929269,0.021385716748849027,0.9999598657362182,False
4.4967500000000005,1,225,226,1.9641899999999892,1.9641899999999892,0.0,0.02745813195135158,0.02745813195135158,0.09002622614358216,0.08272446789662263,0.005328594618919003,0.02745813195135158,0.005010741317236818,0.0024005896973421734,0.0024005896973421734,0.0,0.9987419579088604,0.023864877166682945,0.021464287469340773,0.9999630587544953,False
4.52375,1,226,227,1.9714799999999895,1.9714799999999895,0.0,0.028369381951351524,0.028369381951351524,0.09001446789662262,0.0821938033996631,0.0057842196189190065,0.028369381951351524,0.005010741317236818,0.0024010757329155532,0.0024010757329155532,0.0,0.9986056898699681,0.023763956899203055,0.0213628811662875,0.9999577707333244,False
4.5527500000000005,1,227,228,1.9793099999999892,1.9793099999999892,0.0,0.029348131951351455,0.029348131951351455,0.09002380339966304,0.0812243889027035,0.005978282118919005,0.029348131951351455,0.005010741317236818,0.0023958326464735813,0.0023958326464735813,0.0,0.9987144434060369,0.023603838057066368,0.021208005410592787,0.999961880658631,False
4.5855,1,228,229,1.9881524999999893,1.9881524999999893,0.0,0.030453444451351383,0.030453444451351383,0.09006688890270348,0.08174298178378446,0.006530938368919008,0.030453444451351383,0.005010741317236818,0.0024025673974628066,0.0024025673974628066,0.0,0.9987731907355163,0.02347136729153372,0.021068799894070914,0.9999640400768399,False
4.61625,1,229,230,1.9964549999999894,1.9964549999999894,0.0,0.03149125695135139,0.015745628475675694,0.09004548178378455,0.08068376216486553,0.007568750868919021,0.015745628475675694,0.005010741317236818,0.002393890153491217,0.002393890153491217,0.0,0.9988524941288163,0.021299510862948366,0.01890562070945715,0.9999656137118731,False
4.651,1,230,231,2.0058374999999895,2.0058374999999895,0.0,0.01691844097567561,0.01691844097567561,0.09006626216486535,0.08502680860540585,0.005039453559459512,0.01691844097567561,0.005010741317236818,0.0022962025152171487,0.0022962025152171487,0.0,0.999007521842233,0.02284641125515617,0.020550208739939024,0.9999727253225071,False
4.6695,1,231,232,2.010832499999989,2.010832499999989,0.0,0.017542815975675582,0.017542815975675582,0.09002180860540587,0.08435798004594634,0.00535164105945952,0.017542815975675582,0.005010741317236818,0.0023515084671486453,0.0023515084671486453,0.0,0.998462386040688,0.023367847916081777,0.021016339448933132,0.9999520725008681,False
4.6905,1,232,233,2.016502499999989,2.016502499999989,0.0,0.01825156597567553,0.01825156597567553,0.09002798004594624,0.08396758898648672,0.005313672309459518,0.01825156597567553,0.005010741317236818,0.0023737289229980385,0.0023737289229980385,0.0,0.9985638957998838,0.02360600830091395,0.021232279377915914,0.9999560818177915,False
4.713,1,233,234,2.022577499999989,2.022577499999989,0.0,0.01901094097567548,0.01901094097567548,0.09004258898648662,0.0832228229270271,0.005693359809459519,0.01901094097567548,0.005010741317236818,0.002382911042470513,0.002382911042470513,0.0,0.9985669643603027,0.023657074333321662,0.021274163290851147,0.9999562237948885,False
4.73825,1,234,235,2.029394999999989,2.029394999999989,0.0,0.019863128475675413,0.019863128475675413,0.09004032292702695,0.08311508811756743,0.0058431254344595155,0.019863128475675413,0.005010741317236818,0.0023973019359938936,0.0023973019359938936,0.0,0.9986713492761427,0.02374861662395631,0.021351314687962416,0.9999602857771549,False
4.76375,1,235,236,2.0362799999999885,2.0362799999999885,0.0,0.020723753475675358,0.020723753475675358,0.09000008811756735,0.08221422830810783,0.006273437934459518,0.020723753475675358,0.005010741317236818,0.0024004322566517798,0.0024004322566517798,0.0,0.9987030037456696,0.023596988245083595,0.021196555988431814,0.9999614359865185,False
4.79275,1,236,237,2.0441099999999883,2.0441099999999883,0.0,0.02170250347567529,0.02170250347567529,0.0900442283081077,0.08165930599864818,0.007252187934459519,0.02170250347567529,0.005010741317236818,0.0023947777074049587,0.0023947777074049587,0.0,0.998801946558178,0.02145698931285169,0.019062211605446733,0.999963930703826,False
4.82375,1,237,238,2.0524799999999885,2.0524799999999885,0.0,0.022748753475675208,0.022748753475675208,0.09002930599864806,0.08059813368918853,0.005948750868918819,0.022748753475675208,0.005010741317236818,0.002383900689320706,0.002383900689320706,0.0,0.9989544410207055,0.02340687966693919,0.021022978977618484,0.9999709955107328,False
4.85875,1,238,239,2.0619299999999887,2.0619299999999887,0.0,0.023930003475675133,0.023930003475675133,0.09004813368918851,0.08013813325472899,0.006539375868918823,0.023930003475675133,0.005010741317236818,0.002390486826837425,0.002390486826837425,0.0,0.998781150279636,0.02329069640568835,0.020900209578850925,0.9999641905030738,False
4.8955,1,239,240,2.0718524999999888,2.0718524999999883,-4.440892098500626e-16,0.025170315975675067,0.025170315975675067,0.09006063325472907,0.0844854767874993,0.005575156467229772,0.025170315975675067,0.005010741317236818,0.0023889617614856447,0.0023889617614856447,0.0,0.9988838316022675,0.02375940839899044,0.021370446637504797,0.9999683615084701,False
4.916,1,240,241,2.0773874999999884,2.077387499999988,-4.440892098500626e-16,0.025862190975674996,0.025862190975674996,0.0900204767874991,0.08375344532026935,0.00570593771722976,0.025862190975674996,0.005010741317236818,0.002404265219299411,0.002404265219299411,0.0,0.9986117710137261,0.023848431111970256,0.021444165892670845,0.9999580455074869,False
4.93925,1,241,242,2.0836649999999883,2.0836649999999883,0.0,0.026646878475674943,0.026646878475674943,0.09003094532026931,0.08354032010303954,0.0060982814672297615,0.026646878475674943,0.005010741317236818,0.0023924500285606915,0.0023924500285606915,0.0,0.9986599645153784,0.0237405756740921,0.02134812564553141,0.9999598361218606,False
4.96325,1,242,243,2.090144999999988,2.090144999999988,0.0,0.02745687847567489,0.02745687847567489,0.09002032010303951,0.08271969488580974,0.005328437934459416,0.02745687847567489,0.005010741317236818,0.0023944515701689356,0.0023944515701689356,0.0,0.9987417190264651,0.023803368350599527,0.021408916780430592,0.9999630198084635,False
4.9902500000000005,1,243,244,2.097434999999988,2.097434999999988,0.0,0.028368128475674832,0.028368128475674832,0.09000969488580973,0.08219016341857996,0.00578406293445942,0.028368128475674832,0.005010741317236818,0.0024050037570970714,0.0024050037570970714,0.0,0.9986056741909034,0.023811028469960777,0.021406024712863705,0.9999577924292836,False
5.01925,1,244,245,2.1052649999999877,2.1052649999999877,0.0,0.029346878475674763,0.029346878475674763,0.0900201634185799,0.08122188195135012,0.005978125434459418,0.029346878475674763,0.005010741317236818,0.0023986496950380125,0.0023986496950380125,0.0,0.9987144283628735,0.023622792129542693,0.02122414243450468,0.9999618889062777,False
5.0520000000000005,1,245,246,2.114107499999988,2.114107499999988,0.0,0.03045219097567469,0.03045219097567469,0.0900643819513501,0.08174063151689065,0.006530781684459421,0.03045219097567469,0.005010741317236818,0.0024004663332843363,0.0024004663332843363,0.0,0.9987731531886769,0.023460489154950158,0.021060022821665823,0.9999640339861369,False
5.08275,1,246,247,2.122409999999988,2.122409999999988,0.0,0.0314900034756747,0.01574500173783735,0.09004313151689075,0.0806815685824313,0.0075685941844594335,0.01574500173783735,0.005010741317236818,0.0023901923789951523,0.0023901923789951523,0.0,0.9988524528374071,0.021261324881624785,0.01887113250262963,0.9999655953541049,False
5.1175,1,247,248,2.131792499999988,2.131792499999988,0.0,0.016917814237837264,0.016917814237837264,0.09006406858243113,0.08502469336520141,0.005039375217229718,0.016917814237837264,0.005010741317236818,0.002290943780850406,0.002290943780850406,0.0,0.9990074787304483,0.022781815946478434,0.02049087216562803,0.9999726935285977,False
5.136,1,248,249,2.136787499999988,2.136787499999988,0.0,0.017542189237837236,0.017542189237837236,0.09001969336520145,0.08435594314797172,0.005351562717229726,0.017542189237837236,0.005010741317236818,0.0023438632950776622,0.0023438632950776622,0.0,0.998462326327954,0.023299568140768674,0.020955704845691012,0.9999520373635961,False
5.157,1,249,250,2.1424574999999875,2.1424574999999875,0.0,0.018250939237837185,0.018250939237837185,0.09002594314797162,0.08396563043074189,0.005313593967229724,0.018250939237837185,0.005010741317236818,0.002377910182225598,0.002377910182225598,0.0,0.9985638979198849,0.023651546266671757,0.021273636084446157,0.9999561035845235,False
5.1795,1,250,251,2.1485324999999875,2.1485324999999875,0.0,0.019010314237837132,0.019010314237837132,0.09004063043074179,0.08322094271351206,0.005693281467229725,0.019010314237837132,0.005010741317236818,0.0023887337543280268,0.0023887337543280268,0.0,0.9985669752341207,0.023707296666147654,0.021318562911819626,0.9999562478900624,False
5.20475,1,251,252,2.1553499999999874,2.1553499999999874,0.0,0.019862501737837067,0.019862501737837067,0.0900384427135119,0.08311328624628218,0.005843047092229722,0.019862501737837067,0.005010741317236818,0.0023928012737125704,0.0023928012737125704,0.0,0.9986713107830516,0.023708594336677685,0.021315793062965115,0.9999602648951187,False
5.2305,1,252,253,2.1623024999999876,2.1623024999999876,0.0,0.020731564237837022,0.020731564237837022,0.09006578624628218,0.08227156727905245,0.00627757834222973,0.020731564237837022,0.005010741317236818,0.0023968675659462374,0.0023968675659462374,0.0,0.9987046165789875,0.023568589043993598,0.02117172147804736,0.9999614841382886,False
5.25925,1,253,254,2.1700649999999873,2.1700649999999873,0.0,0.021701876737836943,0.021701876737836943,0.09003406727905224,0.0816492233118225,0.00724789084222972,0.021701876737836943,0.005010741317236818,0.002400650957866477,0.002400650957866477,0.0,0.9988012593913848,0.021514288814356297,0.01911363785648982,0.9999639330468912,False
5.29025,1,254,255,2.178434999999987,2.178434999999987,0.0,0.02274812673783686,0.02274812673783686,0.09001922331182238,0.08058812934459267,0.005948594184459232,0.02274812673783686,0.005010741317236818,0.0023777466947424077,0.0023777466947424077,0.0,0.9989538628151949,0.02334589442601974,0.02096814773127733,0.9999709442623994,False
5.3252500000000005,1,255,256,2.187884999999987,2.187884999999987,0.0,0.023929376737836787,0.023929376737836787,0.09003812934459265,0.08012820725236292,0.006539219184459237,0.023929376737836787,0.005010741317236818,0.0023921957998139843,0.0023921957998139843,0.0,0.9987811324214635,0.023309661548862146,0.02091746574904816,0.9999641997178195,False
5.362,1,256,257,2.1978074999999873,2.1978074999999873,0.0,0.02516968923783672,0.02516968923783672,0.090050707252363,0.08447558995624811,0.005575117296114876,0.02516968923783672,0.005010741317236818,0.002391746453803952,0.002391746453803952,0.0,0.9988838239292739,0.02378319032644393,0.021391443872639977,0.9999683735844066,False
5.3825,1,257,258,2.203342499999987,2.2033424999999873,4.440892098500626e-16,0.02586156423783665,0.02586156423783665,0.0900105899562479,0.08374359766013305,0.005703789171114861,0.02586156423783665,0.005010741317236818,0.0024091340776528137,0.0024091340776528137,0.0,0.9986117862871147,0.023906163463901432,0.021497029386248617,0.9999580737861034,False
5.40575,1,258,259,2.209619999999987,2.209619999999987,0.0,0.026646251737836597,0.026646251737836597,0.09002109766013303,0.08353262098901815,0.006096132921114862,0.026646251737836597,0.005010741317236818,0.002396804287749603,0.002396804287749603,0.0,0.9986595388757518,0.02377256516788799,0.021375760880138386,0.9999598348994753,False
5.42975,1,259,260,2.216099999999987,2.216099999999987,0.0,0.027456251737836543,0.027456251737836543,0.09001262098901813,0.08271414431790325,0.005328359592229623,0.027456251737836543,0.005010741317236818,0.002394903193859088,0.002394903193859088,0.0,0.9987413265240611,0.023796233367322353,0.021401330173463264,0.9999630010658935,False
5.45675,1,260,261,2.223389999999987,2.223389999999987,0.0,0.028367501737836486,0.028367501737836486,0.09000414431790324,0.08218676139678838,0.005783984592229627,0.028367501737836486,0.005010741317236818,0.0024054688762248718,0.0024054688762248718,0.0,0.9986056586289581,0.023828042876004825,0.021422573999779954,0.999957799920192,False
5.48575,1,261,262,2.231219999999987,2.231219999999987,0.0,0.029346251737836417,0.029346251737836417,0.09001676139678831,0.08122062847567343,0.005978047092229625,0.029346251737836417,0.005010741317236818,0.0024069071408617184,0.0024069071408617184,0.0,0.9987144549300561,0.023707055293756787,0.02130014815289507,0.999961930289501,False
5.5185,1,262,263,2.2400624999999867,2.2400624999999867,0.0,0.030451564237836345,0.030451564237836345,0.09006312847567341,0.08173945638344376,0.006530703342229628,0.030451564237836345,0.005010741317236818,0.002399662729796518,0.002399662729796518,0.0,0.9987731358143416,0.023454339991368242,0.021054677261571723,0.999964030653732,False
5.54925,1,263,264,2.248364999999987,2.248364999999987,0.0,0.03148937673783635,0.015744688368918174,0.09004195638344387,0.08068047179121421,0.007568515842229641,0.015744688368918174,0.005010741317236818,0.002395502082564578,0.002395502082564578,0.0,0.9988524685708334,0.021303063745131093,0.018907561662566515,0.9999656173248302,False
5.5840000000000005,1,264,265,2.257747499999987,2.257747499999987,0.0,0.01691750086891809,0.01691750086891809,0.09006297179121403,0.08502363574509922,0.005039336046114822,0.01691750086891809,0.005010741317236818,0.002292164920383039,0.002292164920383039,0.0,0.999007476206904,0.022790301502314092,0.020498136581931052,0.9999726979709036,False
5.6025,1,265,266,2.2627424999999866,2.2627424999999866,0.0,0.01754187586891806,0.01754187586891806,0.09001863574509925,0.08435492469898441,0.00535152354611483,0.01754187586891806,0.005010741317236818,0.0023363036098058678,0.0023363036098058678,0.0,0.9984622780424811,0.023225264201648464,0.020888960591842597,0.9999519997852419,False
5.6235,1,266,267,2.268412499999987,2.268412499999987,0.0,0.01825062586891801,0.01825062586891801,0.0900249246989843,0.08396465115286947,0.005313554796114828,0.01825062586891801,0.005010741317236818,0.0023794881930172215,0.0023794881930172215,0.0,0.9985638963165689,0.02367679188329328,0.02129730369027606,0.9999561156052205,False
5.646,1,267,268,2.2744874999999865,2.2744874999999865,0.0,0.019010000868917958,0.019010000868917958,0.09003965115286938,0.08322000260675455,0.005693242296114829,0.019010000868917958,0.005010741317236818,0.002395670702392742,0.002395670702392742,0.0,0.9985670006527646,0.02377413516510104,0.021378464462708295,0.9999562809643847,False
5.67125,1,268,269,2.2813049999999864,2.2813049999999864,0.0,0.019862188368917892,0.019862188368917892,0.09003750260675439,0.08311238531063955,0.005843007921114826,0.019862188368917892,0.005010741317236818,0.0023943034071279975,0.0023943034071279975,0.0,0.9986713106106453,0.023718470987450987,0.02132416758032299,0.9999602694990263,False
5.697,1,269,270,2.2882574999999865,2.2882574999999865,0.0,0.020731250868917847,0.020731250868917847,0.09006488531063957,0.08227070551452473,0.006277539171114834,0.020731250868917847,0.005010741317236818,0.002396667822888204,0.002396667822888204,0.0,0.9987046083308083,0.023564210463857437,0.021167542640969234,0.9999614816719524,False
5.725750000000001,1,270,271,2.296019999999986,2.296019999999986,0.0,0.021701563368917768,0.021701563368917768,0.09003320551452451,0.08164840071840967,0.007247851671114824,0.021701563368917768,0.005010741317236818,0.002406253784297432,0.002406253784297432,0.0,0.9988012808536209,0.02157892232275243,0.019172668538454996,0.9999639653982906,False
5.75675,1,271,272,2.3043899999999864,2.3043899999999864,0.0,0.022747813368917718,0.022747813368917718,0.09001840071840979,0.08058734592229494,0.005948515842229453,0.022747813368917718,0.005010741317236818,0.0023788643395670364,0.0023788643395670364,0.0,0.9989538642119787,0.023344656228606923,0.020965791889039888,0.9999709440224805,False
5.79175,1,272,273,2.313839999999986,2.3138399999999866,4.440892098500626e-16,0.023929063368917612,0.023929063368917612,0.09003734592229468,0.08012746300117984,0.006539140842229443,0.023929063368917612,0.005010741317236818,0.0023943429334962784,0.0023943429334962784,0.0,0.9987811297574778,0.023336375587545137,0.02094203265404886,0.9999642127072343,False
5.8285,1,273,274,2.3237624999999866,2.3237624999999866,0.0,0.025169375868917546,0.025169375868917546,0.09004996300117993,0.08447486529062251,0.005575097710557427,0.025169375868917546,0.005010741317236818,0.002397409026739045,0.002397409026739045,0.0,0.9988838412735787,0.023840228430077985,0.02144281940333894,0.9999684020370286,False
5.849,1,274,275,2.3292974999999867,2.3292974999999867,0.0,0.025861250868917506,0.025861250868917506,0.09000986529062252,0.08374289258006508,0.005703769585557428,0.025861250868917506,0.005010741317236818,0.0024121061807011496,0.0024121061807011496,0.0,0.9986117965086674,0.023947369280252484,0.021535263099551335,0.9999580940010138,False
5.87225,1,275,276,2.3355749999999866,2.335574999999986,-4.440892098500626e-16,0.026645938368917453,0.026645938368917453,0.09002039258006504,0.08353193549450762,0.006096113335557429,0.026645938368917453,0.005010741317236818,0.0024072170971968032,0.0024072170971968032,0.0,0.9986595869409343,0.023871386713735364,0.02146416961653856,0.9999598840882212,False
5.89625,1,276,277,2.3420549999999865,2.3420549999999865,0.0,0.0274559383689174,0.0274559383689174,0.09001193549450759,0.08271347840895016,0.0053283204211147335,0.0274559383689174,0.005010741317236818,0.0024044043745072474,0.0024044043745072474,0.0,0.9987413707911191,0.02387945051312331,0.021475046138616064,0.9999630425869434,False
5.92325,1,277,278,2.3493449999999862,2.3493449999999862,0.0,0.02836718836891731,0.02836718836891731,0.09000347840894991,0.0821861150733925,0.0057839454211147225,0.02836718836891731,0.005010741317236818,0.00240601195612202,0.00240601195612202,0.0,0.9986056524794774,0.023838781343596134,0.021432769387474113,0.9999578048539381,False
5.95225,1,278,279,2.3571749999999865,2.357174999999986,-4.440892098500626e-16,0.029345938368917242,0.029345938368917242,0.09001611507339244,0.08122000173783503,0.005978007921114728,0.029345938368917242,0.005010741317236818,0.0024141588568381157,0.0024141588568381157,0.0,0.9987144834303225,0.02379001665426672,0.021375857797428607,0.9999619712770655,False
5.985,1,279,280,2.366017499999986,2.366017499999986,0.0,0.03045125086891717,0.03045125086891717,0.09006250173783499,0.08173886881672028,0.006530664171114731,0.03045125086891717,0.005010741317236818,0.0024048189311802934,0.0024048189311802934,0.0,0.9987731553015229,0.023497374050003732,0.02109255511882344,0.9999640523470558,False
6.01575,1,280,281,2.374319999999986,2.374319999999986,0.0,0.03148906336891717,0.015744531684458586,0.09004136881672037,0.08067992339560565,0.007568476671114744,0.015744531684458586,0.005010741317236818,0.0024081145021529423,0.0024081145021529423,0.0,0.9988525260064802,0.02142566660988096,0.019017552107728018,0.9999656791317335,False
6.0505,1,281,282,2.383702499999986,2.383702499999986,0.0,0.0169173441844585,0.0169173441844585,0.09006242339560547,0.08502310693504808,0.00503931646055737,0.0169173441844585,0.005010741317236818,0.0022948690987634203,0.0022948690987634203,0.0,0.9990074843901484,0.02282894878829407,0.02053407968953065,0.9999727166309231,False
6.069,1,282,283,2.388697499999986,2.388697499999986,0.0,0.017541719184458474,0.017541719184458474,0.09001810693504812,0.08435441547449074,0.005351503960557378,0.017541719184458474,0.005010741317236818,0.002334598444923892,0.002334598444923892,0.0,0.9984622645282727,0.023202509002867938,0.020867910557944045,0.9999519883109849,False
6.09,1,283,284,2.3943674999999858,2.3943674999999858,0.0,0.018250469184458423,0.018250469184458423,0.09002441547449064,0.08396416151393327,0.00531353521055738,0.018250469184458423,0.005010741317236818,0.002381119381005902,0.002381119381005902,0.0,0.9985638996878765,0.02370244063776849,0.021321321256762588,0.9999561281177647,False
6.1125,1,284,285,2.400442499999986,2.400442499999986,0.0,0.01900984418445837,0.01900984418445837,0.09003916151393315,0.08321953255337577,0.005693222710557381,0.01900984418445837,0.005010741317236818,0.0024039964179771514,0.0024039964179771514,0.0,0.9985670374313255,0.023864912145121854,0.021460915727144703,0.999956326018066,False
6.1377500000000005,1,285,286,2.4072599999999857,2.4072599999999857,0.0,0.019862031684458305,0.019862031684458305,0.09003703255337563,0.08311193484281824,0.005842988335557377,0.019862031684458305,0.005010741317236818,0.0024017352451655982,0.0024017352451655982,0.0,0.9986713441336553,0.02378376867589036,0.021382033430724763,0.9999603020683501,False
6.1635,1,286,287,2.4142124999999854,2.4142124999999854,0.0,0.02073109418445826,0.02073109418445826,0.09006443484281826,0.08227027463226086,0.006277519585557385,0.02073109418445826,0.005010741317236818,0.002402639602068705,0.002402639602068705,0.0,0.9987046348765192,0.02361471838161492,0.021212078779546215,0.9999615069489035,False
6.1922500000000005,1,287,288,2.4219749999999856,2.421974999999985,-4.440892098500626e-16,0.02170140668445818,0.02170140668445818,0.09003277463226064,0.08164798942170326,0.0072478320855573755,0.02170140668445818,0.005010741317236818,0.0024106015150712375,0.0024106015150712375,0.0,0.9988012990040152,0.021631446963039376,0.01922084544796814,0.9999639913030683,False
6.22325,1,288,289,2.4303449999999853,2.4303449999999853,0.0,0.02274765668445813,0.02274765668445813,0.09001798942170336,0.08058695421114596,0.005948476671114557,0.02274765668445813,0.005010741317236818,0.002389971933156296,0.002389971933156296,0.0,0.998953917772686,0.02344401311120188,0.021054041178045584,0.9999709940429281,False
6.25825,1,289,290,2.439794999999985,2.439794999999985,0.0,0.023928906684458025,0.023928906684458025,0.09003695421114571,0.08012709087558832,0.006539101671114546,0.023928906684458025,0.005010741317236818,0.0023982730593504354,0.0023982730593504354,0.0,0.998781142602536,0.023377431075916222,0.020979158016565788,0.9999642328759103,False
6.295,1,290,291,2.449717499999985,2.449717499999985,0.0,0.02516921918445796,0.02516921918445796,0.0900495908755884,0.0844745029578097,0.005575087917778703,0.02516921918445796,0.005010741317236818,0.0024042514490842564,0.0024042514490842564,0.0,0.9988838694951194,0.0239129938675876,0.021508742418503344,0.9999684379036017,False
6.3155,1,291,292,2.455252499999985,2.455252499999985,0.0,0.02586109418445792,0.02586109418445792,0.09000950295780973,0.08374254004003101,0.005703759792778703,0.02586109418445792,0.005010741317236818,0.00241510062145324,0.00241510062145324,0.0,0.9986118091823541,0.02398471321480465,0.02156961259335141,0.9999581124730157,False
6.33875,1,292,293,2.461529999999985,2.461529999999985,0.0,0.026645781684457866,0.026645781684457866,0.09002004004003097,0.08353159274725228,0.006096103542778704,0.026645781684457866,0.005010741317236818,0.0024192380941867554,0.0024192380941867554,0.0,0.9986596448597362,0.023994685505602416,0.02157544741141566,0.9999599455637597,False
6.36275,1,293,294,2.468009999999985,2.468009999999985,0.0,0.027455781684457812,0.027455781684457812,0.09001159274725223,0.08271314545447353,0.005328300835557286,0.027455781684457812,0.005010741317236818,0.0024185402188161846,0.0024185402188161846,0.0,0.9987414397181907,0.02401717060031828,0.021598630381502094,0.9999631113771213,False
6.38975,1,294,295,2.4752999999999847,2.4752999999999847,0.0,0.028367031684457755,0.028367031684457755,0.09000314545447353,0.08218579191169481,0.00578392583555729,0.028367031684457755,0.005010741317236818,0.002409725454596222,0.002409725454596222,0.0,0.9986056668654837,0.02387116190766774,0.021461436453071518,0.9999578209800236,False
6.41875,1,295,296,2.483129999999985,2.483129999999985,0.0,0.029345781684457686,0.029345781684457686,0.09001579191169475,0.08121968836891602,0.005977988335557295,0.029345781684457686,0.005010741317236818,0.0024185150326885988,0.0024185150326885988,0.0,0.9987145011416966,0.023842435999648137,0.02142392096695954,0.9999619972531889,False
6.4515,1,296,297,2.491972499999985,2.491972499999985,0.0,0.030451094184457614,0.030451094184457614,0.090062188368916,0.0817385750333587,0.0065306445855572975,0.030451094184457614,0.005010741317236818,0.002416215216994489,0.002416215216994489,0.0,0.9987732090257833,0.02360528734980579,0.021189072132811303,0.999964106286372,False
6.4822500000000005,1,297,298,2.5002749999999847,2.5002749999999847,0.0,0.031488906684457585,0.015744453342228792,0.09004107503335856,0.08067964919780127,0.007568457085557281,0.015744453342228792,0.005010741317236818,0.0024212619593183935,0.0024212619593183935,0.0,0.9988525882092977,0.02156513960082391,0.019143877641505515,0.9999657485235823,False
6.517,1,298,299,2.5096574999999843,2.5096574999999848,4.440892098500626e-16,0.016917265842228708,0.016917265842228708,0.09006214919780109,0.08502284253002246,0.005039306667778639,0.016917265842228708,0.005010741317236818,0.0022925643802983774,0.0022925643802983774,0.0,0.9990074692742033,0.022822052452773224,0.020529488072474848,0.999972712020987,False
6.5355,1,299,300,2.5146524999999844,2.5146524999999844,0.0,0.01754164084222868,0.01754164084222868,0.0900178425300225,0.08435416086224384,0.005351494167778647,0.01754164084222868,0.005010741317236818,0.0023386100249861777,0.0023386100249861777,0.0,0.9984622822678231,0.023234837870964115,0.020896227845977937,0.9999520045188842,False
6.5565,1,300,301,2.5203224999999847,2.5203224999999847,0.0,0.01825039084222863,0.01825039084222863,0.09002416086224374,0.0839639166944651,0.005313525417778649,0.01825039084222863,0.005010741317236818,0.0023838418494667255,0.0023838418494667255,0.0,0.9985639109594633,0.023735439844034645,0.02135159799456792,0.9999561444913634,False
6.579,1,301,302,2.5263974999999843,2.5263974999999843,0.0,0.019009765842228576,0.019009765842228576,0.090038916694465,0.08321929752668634,0.0056932129177786495,0.019009765842228576,0.005010741317236818,0.002412266923099306,0.002412266923099306,0.0,0.9985670761884127,0.02395746698373069,0.021545200060631386,0.9999563721136837,False
6.60425,1,302,303,2.5332149999999842,2.5332149999999842,0.0,0.01986195334222851,0.01986195334222851,0.0900367975266862,0.08311170960890754,0.005842978542778645,0.01986195334222851,0.005010741317236818,0.002416015562178762,0.002416015562178762,0.0,0.9986714136615672,0.023920965787210043,0.02150495022503128,0.9999603706789941,False
6.63,1,303,304,2.5401674999999844,2.5401674999999844,0.0,0.020731015842228466,0.020731015842228466,0.09006420960890754,0.08227005919112888,0.006277509792778653,0.020731015842228466,0.005010741317236818,0.002417184072443553,0.002417184072443553,0.0,0.9987047059614581,0.02375147074520569,0.021334286672762135,0.9999615754597145,False
6.65875,1,304,305,2.547929999999984,2.547929999999984,0.0,0.021701328342228387,0.021701328342228387,0.09003255919112865,0.08164778377335001,0.0072478222927786435,0.021701328342228387,0.005010741317236818,0.0024177563892005924,0.0024177563892005924,0.0,0.9988013328904894,0.021705392923188536,0.019287636533987945,0.9999640278613787,False
6.68975,1,305,306,2.5562999999999843,2.5562999999999843,0.0,0.022747578342228337,0.022747578342228337,0.09001778377335012,0.08058675835557144,0.005948457085557108,0.022747578342228337,0.005010741317236818,0.002408010710425465,0.002408010710425465,0.0,0.9989540065262099,0.023622583966402502,0.02121457325597704,0.999971083245472,False
6.72475,1,306,307,2.565749999999984,2.5657499999999844,4.440892098500626e-16,0.023928828342228262,0.023928828342228262,0.09003675835557143,0.08012690481279275,0.0065390820855571125,0.023928828342228262,0.005010741317236818,0.002407638672802612,0.002407638672802612,0.0,0.9987811859287022,0.02346757225928353,0.02105993358648092,0.9999642776128673,False
6.7615,1,307,308,2.575672499999984,2.575672499999984,0.0,0.025169140842228165,0.025169140842228165,0.09004940481279258,0.08447432179140327,0.005575083021389337,0.025169140842228165,0.005010741317236818,0.002412811494683087,0.002412811494683087,0.0,0.998883908754003,0.024001511609239565,0.021588700114556478,0.9999684813316538,False
6.782,1,308,309,2.581207499999984,2.581207499999984,0.0,0.025861015842228125,0.025861015842228125,0.09000932179140328,0.08374236377001393,0.005703754896389337,0.025861015842228125,0.005010741317236818,0.0024210065526188117,0.0024210065526188117,0.0,0.9986118376627782,0.024045440967002438,0.021624434414383626,0.9999581427916256,False
6.80525,1,309,310,2.587484999999984,2.587484999999984,0.0,0.026645703342228072,0.026645703342228072,0.09001986377001389,0.08353142137362456,0.006096098646389338,0.026645703342228072,0.005010741317236818,0.002431362118310667,0.002431362118310667,0.0,0.99865970421172,0.02412354689083515,0.021692184772524485,0.9999600098859841,False
6.82925,1,310,311,2.593964999999984,2.593964999999984,0.0,0.027455703342228018,0.027455703342228018,0.09001142137362453,0.08271297897723519,0.005328291042778562,0.027455703342228018,0.005010741317236818,0.002433693827893056,0.002433693827893056,0.0,0.998741514331482,0.024174029678177396,0.02174033585028434,0.9999631897392397,False
6.85625,1,311,312,2.601254999999984,2.601254999999984,0.0,0.02836695334222796,0.02836695334222796,0.09000297897723519,0.08218563033084583,0.0057839160427785655,0.02836695334222796,0.005010741317236818,0.0024201561154959077,0.0024201561154959077,0.0,0.9986057171022815,0.023965514080949088,0.02154535796545318,0.9999578682884566,False
6.88525,1,312,313,2.6090849999999834,2.609084999999984,4.440892098500626e-16,0.029345703342227893,0.029345703342227893,0.09001563033084577,0.08121953168445642,0.0059779785427785635,0.029345703342227893,0.005010741317236818,0.002423713215866031,0.002423713215866031,0.0,0.9987145251403539,0.02389568918914542,0.02147197597327939,0.9999620239052344,False
6.918,1,313,314,2.6179274999999835,2.6179274999999835,0.0,0.03045101584222782,0.03045101584222782,0.09006203168445638,0.08173842814167781,0.006530634792778566,0.03045101584222782,0.005010741317236818,0.002430439481620384,0.002430439481620384,0.0,0.9987732781349343,0.023748018484739425,0.02131757900311904,0.9999641773767937,False
6.94875,1,314,315,2.6262299999999836,2.6262299999999836,0.0,0.03148882834222779,0.015744414171113896,0.09004092814167766,0.0806795120988991,0.0075684472927785495,0.015744414171113896,0.005010741317236818,0.0024298052526145054,0.0024298052526145054,0.0,0.9988526284468231,0.02166158210225099,0.019231776849636485,0.9999657957774011,False
6.9835,1,315,316,2.6356124999999837,2.6356124999999837,0.0,0.016917226671113842,0.016917226671113842,0.09006201209889916,0.08502271032750987,0.005039301771389291,0.016917226671113842,0.005010741317236818,0.002286901281341499,0.002286901281341499,0.0,0.999007438869703,0.02277200783725481,0.02048510655591331,0.9999726860220135,False
7.002,1,316,317,2.6406074999999833,2.6406074999999833,0.0,0.017541601671113783,0.017541601671113783,0.09001771032750966,0.0843540335561204,0.005351489271389284,0.017541601671113783,0.005010741317236818,0.0023455115682313988,0.0023455115682313988,0.0,0.9984623156899815,0.02329848299865854,0.020952971430427143,0.9999520364041129,False
7.023000000000001,1,317,318,2.6462774999999836,2.6462774999999836,0.0,0.018250351671113732,0.018250351671113732,0.09002403355612029,0.08396379428473101,0.005313520521389283,0.018250351671113732,0.005010741317236818,0.0023869589329198093,0.0023869589329198093,0.0,0.9985639255034722,0.02376756403236071,0.0213806050994409,0.9999561605627646,False
7.0455000000000005,1,318,319,2.6523524999999832,2.6523524999999832,0.0,0.01900972667111368,0.01900972667111368,0.09003879428473091,0.08321918001334162,0.0056932080213892835,0.01900972667111368,0.005010741317236818,0.0024181782491868647,0.0024181782491868647,0.0,0.9985671044219876,0.024023778286679447,0.02160560003749258,0.999956405209363,False
7.07075,1,319,320,2.659169999999983,2.659169999999983,0.0,0.019861914171113614,0.019861914171113614,0.09003668001334146,0.08311159699195218,0.005842973646389279,0.019861914171113614,0.005010741317236818,0.0024315457718350505,0.0024315457718350505,0.0,0.9986714901548949,0.024076999254963115,0.021645453483128064,0.9999604487244873,False
7.0965,1,320,321,2.6661224999999833,2.6661224999999833,0.0,0.02073097667111357,0.02073097667111357,0.0900640969919522,0.0822699514705629,0.006277504896389287,0.02073097667111357,0.005010741317236818,0.0024342107830004796,0.0024342107830004796,0.0,0.99870479001315,0.02391861381559299,0.02148440303259251,0.9999616591384136,False
7.12525,1,321,322,2.6738849999999834,2.6738849999999834,0.0,0.02170128917111349,0.02170128917111349,0.09003245147056269,0.08164768094917338,0.0072478173963892775,0.02170128917111349,0.005010741317236818,0.0024264406435332516,0.0024264406435332516,0.0,0.9988013754543952,0.021786877489501456,0.019360436845968203,0.9999640683154785,False
7.15625,1,322,323,2.682254999999983,2.682254999999983,0.0,0.02274753917111344,0.02274753917111344,0.0900176809491735,0.0805866604277842,0.005948447292778384,0.02274753917111344,0.005010741317236818,0.002424457801270916,0.002424457801270916,0.0,0.9989540873859886,0.023795011274149007,0.02137055347287809,0.9999711689633786,False
7.19125,1,323,324,2.6917049999999834,2.6917049999999834,0.0,0.023928789171113365,0.023928789171113365,0.09003666042778419,0.08012681178139487,0.006539072292778388,0.023928789171113365,0.005010741317236818,0.002421490442805334,0.002421490442805334,0.0,0.9987812532340129,0.02360122734735296,0.02117973690454763,0.9999643440791646,False
7.228,1,324,325,2.701627499999983,2.701627499999983,0.0,0.02516910167111327,0.02516910167111327,0.0900493117813947,0.08447423120820005,0.0055750805731946546,0.02516910167111327,0.005010741317236818,0.0024248047074585726,0.0024248047074585726,0.0,0.9988839665285619,0.024120427069093342,0.02169562236163477,0.9999685399365903,False
7.2485,1,325,326,2.707162499999983,2.707162499999983,0.0,0.02586097667111323,0.02586097667111323,0.09000923120820006,0.0837422756350054,0.0057037524481946544,0.02586097667111323,0.005010741317236818,0.002431877894176504,0.002431877894176504,0.0,0.9986118915758453,0.02415133307253791,0.021719455178361408,0.9999581957957608,False
7.27175,1,326,327,2.713439999999983,2.713439999999983,0.0,0.026645664171113175,0.026645664171113175,0.09001977563500536,0.0835313356868107,0.006096096198194656,0.026645664171113175,0.005010741317236818,0.0024452842248943677,0.0024452842248943677,0.0,0.9986597730398707,0.024270801397521045,0.02182551717262668,0.9999600834598505,False
7.29575,1,327,328,2.7199199999999832,2.7199199999999832,0.0,0.02745566417111312,0.02745566417111312,0.09001133568681069,0.08271289573861602,0.005328286146389199,0.02745566417111312,0.005010741317236818,0.0024500689402322485,0.0024500689402322485,0.0,0.9987415953482836,0.02434742980739403,0.02189736086716178,0.999963276400123,False
7.32275,1,328,329,2.727209999999983,2.727209999999983,0.0,0.028366914171113065,0.028366914171113065,0.09000289573861603,0.08218554954042134,0.005783911146389203,0.028366914171113065,0.005010741317236818,0.0024396977570606657,0.0024396977570606657,0.0,0.9986058137838095,0.02415276300538393,0.021713065248323265,0.9999579621094453,False
7.35175,1,329,330,2.735039999999983,2.735039999999983,0.0,0.029345664171112996,0.029345664171112996,0.09001554954042129,0.08121945334222662,0.005977973646389201,0.029345664171112996,0.005010741317236818,0.0024362429426926444,0.0024362429426926444,0.0,0.9987145868798115,0.02401495071602916,0.021578707773336515,0.9999620837762115,False
7.3845,1,330,331,2.743882499999983,2.743882499999983,0.0,0.030450976671112923,0.030450976671112923,0.09006195334222658,0.08173835469583737,0.006530629896389204,0.030450976671112923,0.005010741317236818,0.002447917045047643,0.002447917045047643,0.0,0.9987733639335797,0.02392875987728195,0.021480842832234306,0.9999642671456748,False
7.41525,1,331,332,2.752184999999983,2.752184999999983,0.0,0.0314887891711129,0.01574439458555645,0.09004085469583724,0.08067944354944803,0.007568442396389187,0.01574439458555645,0.005010741317236818,0.0024403285172803846,0.0024403285172803846,0.0,0.9988526792733484,0.021771850234298937,0.019331521717018553,0.9999658497654593,False
7.45,1,332,333,2.761567499999983,2.761567499999983,0.0,0.016917207085556395,0.016917207085556395,0.0900619435494481,0.08502264422625348,0.0050392993231946105,0.016917207085556395,0.005010741317236818,0.002289017803718918,0.002289017803718918,0.0,0.9990074484660065,0.02278450369806611,0.02049548589434719,0.999972691712534,False
7.468500000000001,1,333,334,2.7665624999999827,2.7665624999999827,0.0,0.017541582085556336,0.017541582085556336,0.09001764422625329,0.0843539699030587,0.0053514868231946035,0.017541582085556336,0.005010741317236818,0.002358423932582169,0.002358423932582169,0.0,0.9984623797037463,0.023425129619157554,0.021066705686575385,0.9999520997911397,False
7.4895000000000005,1,334,335,2.7722324999999826,2.7722324999999826,0.0,0.018250332085556285,0.018250332085556285,0.09002396990305858,0.08396373307986399,0.005313518073194602,0.018250332085556285,0.005010741317236818,0.0023968740247703136,0.0023968740247703136,0.0,0.9985639746813382,0.023863261960186163,0.02146638793541585,0.9999562085296317,False
7.5120000000000005,1,335,336,2.7783074999999826,2.7783074999999826,0.0,0.019009707085556233,0.019009707085556233,0.09003873307986389,0.08321912125666928,0.005693205573194603,0.019009707085556233,0.005010741317236818,0.0024287472494404754,0.0024287472494404754,0.0,0.9985671566238251,0.024132551580287168,0.02170380433084669,0.999956459646034,False
7.53725,1,336,337,2.7851249999999825,2.7851249999999825,0.0,0.0198618945855562,0.0198618945855562,0.09003662125666936,0.08311154068347473,0.005842971198194613,0.0198618945855562,0.005010741317236818,0.002449677209225098,0.002449677209225098,0.0,0.9986715799378982,0.02426346487682498,0.02181378766759988,0.9999605420468898,False
7.563,1,337,338,2.7920774999999822,2.7920774999999822,0.0,0.020730957085556122,0.020730957085556122,0.0900640406834745,0.08226989761027989,0.006277502448194606,0.020730957085556122,0.005010741317236818,0.0024543572673042992,0.0024543572673042992,0.0,0.998704889690871,0.024123133281392338,0.021668776014088037,0.9999617615005976,False
7.59175,1,338,339,2.7998399999999823,2.7998399999999823,0.0,0.021701269585556075,0.021701269585556075,0.0900323976102799,0.08164762953708528,0.007247814948194626,0.021701269585556075,0.005010741317236818,0.0024424067157870393,0.0024424067157870393,0.0,0.9988014547912623,0.021935994490836164,0.019493587775049125,0.9999641424865054,False
7.62275,1,339,340,2.808209999999982,2.808209999999982,0.0,0.022747519585555993,0.022747519585555993,0.09001762953708514,0.08058661146389053,0.005948442396389015,0.022747519585555993,0.005010741317236818,0.0024400027481600584,0.0024400027481600584,0.0,0.9989541637641557,0.023962575070957406,0.021522572322797348,0.9999712519718048,False
7.65775,1,340,341,2.8176599999999823,2.8176599999999823,0.0,0.02392876958555592,0.02392876958555592,0.09003661146389051,0.08012676526569588,0.00653906739638902,0.02392876958555592,0.005010741317236818,0.0024395567192410155,0.0024395567192410155,0.0,0.9987813420294143,0.02377966160773358,0.021340104888492563,0.9999644325858732,False
7.694500000000001,1,341,342,2.827582499999982,2.8275824999999823,4.440892098500626e-16,0.02516908208555582,0.02516908208555582,0.09004926526569573,0.08447418591659842,0.005575079349097307,0.02516908208555582,0.005010741317236818,0.0024403999874057767,0.0024403999874057767,0.0,0.9988840427848086,0.024272870386588728,0.02183247039918295,0.9999686151112857,False
7.715,1,342,343,2.8331174999999824,2.8331174999999824,0.0,0.02586095708555578,0.02586095708555578,0.09000918591659846,0.08374223156750113,0.0057037512240973144,0.02586095708555578,0.005010741317236818,0.0024458412979944284,0.0024458412979944284,0.0,0.9986119612955092,0.024285186599265783,0.021839345301271355,0.9999582628434954,False
7.73825,1,343,344,2.839394999999982,2.839394999999982,0.0,0.02664564458555573,0.02664564458555573,0.0900197315675011,0.08353129284340377,0.006096094974097316,0.02664564458555573,0.005010741317236818,0.002458369945810329,0.002458369945810329,0.0,0.9986598380297114,0.02440771034000822,0.02194934039419789,0.9999601519243614,False
7.76225,1,344,345,2.845874999999982,2.845874999999982,0.0,0.027455644585555675,0.027455644585555675,0.09001129284340374,0.08271285411930643,0.005328283698194515,0.027455644585555675,0.005010741317236818,0.002463755195004697,0.002463755195004697,0.0,0.9987416632184891,0.024493171128767317,0.02202941593376262,0.9999633492854572,False
7.78925,1,345,346,2.853164999999982,2.853164999999982,0.0,0.028366894585555618,0.028366894585555618,0.09000285411930642,0.08218550914520908,0.005783908698194519,0.028366894585555618,0.005010741317236818,0.0024608497693943297,0.0024608497693943297,0.0,0.9986059187869926,0.024362005983730152,0.02190115621433582,0.999958066914913,False
7.81825,1,346,347,2.860994999999982,2.860994999999982,0.0,0.02934564458555555,0.02934564458555555,0.09001550914520903,0.0812194141711117,0.005977971198194517,0.02934564458555555,0.005010741317236818,0.0024526648484694126,0.0024526648484694126,0.0,0.998714668561637,0.02416949688815196,0.021716832039682547,0.999962161378402,False
7.851,1,347,348,2.8698374999999823,2.8698374999999823,0.0,0.030450957085555477,0.030450957085555477,0.09006191417111167,0.08173831797291714,0.0065306274481945195,0.030450957085555477,0.005010741317236818,0.0024624942422971957,0.0024624942422971957,0.0,0.9987734355858977,0.024080997623962354,0.02161850338166516,0.9999643425560178,False
7.88175,1,348,349,2.8781399999999824,2.8781399999999824,0.0,0.031488769585555486,0.015744384792777743,0.09004081797291724,0.0806794092747227,0.007568439948194532,0.015744384792777743,0.005010741317236818,0.0024513758016246135,0.0024513758016246135,0.0,0.9988527333493401,0.021878622217252536,0.019427246415627923,0.9999659021281339,False
7.9165,1,349,350,2.887522499999982,2.887522499999982,0.0,0.016917197292777658,0.016917197292777658,0.09006190927472252,0.08502261117562525,0.005039298099097268,0.016917197292777658,0.005010741317236818,0.0022989452451177422,0.0022989452451177422,0.0,0.9990074978104078,0.022863813065783445,0.020564867820665703,0.9999727312475323,False
7.9350000000000005,1,350,351,2.8925174999999816,2.8925174999999816,0.0,0.0175415722927776,0.0175415722927776,0.09001761117562504,0.0843539380765278,0.005351485599097261,0.0175415722927776,0.005010741317236818,0.0023719109804555155,0.0023719109804555155,0.0,0.9984624468820192,0.023558218422308194,0.021186307441852677,0.9999521664303627,False
7.956,1,351,352,2.8981874999999815,2.898187499999982,4.440892098500626e-16,0.018250322292777548,0.018250322292777548,0.09002393807652768,0.08396370247743043,0.005313516849097259,0.018250322292777548,0.005010741317236818,0.0024092420961864063,0.0024092420961864063,0.0,0.9985640364594314,0.023980574749395224,0.02157133265320882,0.9999562673531602,False
7.9785,1,352,353,2.9042624999999815,2.904262499999981,-4.440892098500626e-16,0.019009697292777496,0.019009697292777496,0.09003870247743033,0.08321909187833307,0.00569320434909726,0.019009697292777496,0.005010741317236818,0.002440273820000453,0.002440273820000453,0.0,0.9985672139982859,0.024246887222985354,0.0218066134029849,0.9999565169504425,False
8.00375,1,353,354,2.911079999999981,2.911079999999981,0.0,0.01986188479277743,0.01986188479277743,0.09003659187833293,0.08311151252923567,0.005842969974097257,0.01986188479277743,0.005010741317236818,0.0024659499217095666,0.0024659499217095666,0.0,0.9986716606512734,0.024432473129919773,0.021966523208210208,0.9999606266726601,False
8.0295,1,354,355,2.918032499999981,2.918032499999981,0.0,0.020730947292777385,0.020730947292777385,0.09006401252923582,0.08226987068013852,0.006277501224097265,0.020730947292777385,0.005010741317236818,0.002472838021665497,0.002472838021665497,0.0,0.9987049811056419,0.02431436272914391,0.021841524707478414,0.9999618572136504,False
8.058250000000001,1,355,356,2.9257949999999813,2.9257949999999813,0.0,0.021701259792777337,0.021701259792777337,0.0900323706801387,0.08164760383104136,0.007247813724097317,0.021701259792777337,0.005010741317236818,0.00246297549813547,0.00246297549813547,0.0,0.9988015571707458,0.022131244933850665,0.019668269435715195,0.999964239606431,False
8.08925,1,356,357,2.9341649999999815,2.9341649999999815,0.0,0.022747509792777287,0.022747509792777287,0.09001760383104151,0.08058658698194415,0.005948439948194346,0.022747509792777287,0.005010741317236818,0.0024530321262039314,0.0024530321262039314,0.0,0.9989542278238487,0.024103253570856846,0.021650221444652916,0.9999713215529997,False
8.12425,1,357,358,2.943614999999981,2.943614999999981,0.0,0.02392875979277715,0.02392875979277715,0.09003658698194375,0.08012674200784642,0.006539064948194321,0.02392875979277715,0.005010741317236818,0.0024590847966485772,0.0024590847966485772,0.0,0.9987814382346804,0.023976549869975883,0.021517465073327306,0.9999645300490437,False
8.161,1,358,359,2.9535374999999817,2.9535374999999817,0.0,0.025169072292777116,0.025169072292777116,0.09004924200784686,0.08447416327079818,0.005575078737048691,0.025169072292777116,0.005010741317236818,0.0024606021620944786,0.0024606021620944786,0.0,0.9988841421404837,0.024472110629292915,0.022011508467198435,0.9999687134911873,False
8.1815,1,359,360,2.959072499999982,2.959072499999982,0.0,0.025860947292777076,0.025860947292777076,0.09000916327079822,0.0837422095337495,0.005703750612048684,0.025860947292777076,0.005010741317236818,0.002464995680869178,0.002464995680869178,0.0,0.9986120570732584,0.024469960510675487,0.02200496482980631,0.9999583553642873,False
8.20475,1,360,361,2.9653499999999813,2.9653499999999813,0.0,0.02664563479277699,0.02664563479277699,0.09001970953374927,0.08353127142170058,0.00609609436204867,0.02664563479277699,0.005010741317236818,0.0024742618952941866,0.0024742618952941866,0.0,0.9986599172266187,0.024569922026229638,0.02209566013093545,0.9999602330988885,False
8.22875,1,361,362,2.9718299999999815,2.9718299999999815,0.0,0.02745563479277697,0.02745563479277697,0.09001127142170087,0.08271283330965214,0.005328282474097211,0.02745563479277697,0.005010741317236818,0.0024795274125077485,0.0024795274125077485,0.0,0.9987417417211826,0.024656665921460992,0.022177138508953243,0.999963431102236,False
8.25575,1,362,363,2.9791199999999813,2.9791199999999813,0.0,0.02836688479277688,0.02836688479277688,0.090002833309652,0.08218548894760327,0.0057839074740972,0.02836688479277688,0.005010741317236818,0.002484732294056259,0.002484732294056259,0.0,0.9986060374629595,0.0246040000771802,0.022119267783123942,0.9999581880966638,False
8.28475,1,363,364,2.9869499999999816,2.9869499999999816,0.0,0.029345634792776812,0.029345634792776812,0.09001548894760335,0.0812193945855546,0.005977969974097204,0.029345634792776812,0.005010741317236818,0.0024766470862825013,0.0024766470862825013,0.0,0.9987147880642994,0.02440070390826244,0.02192405682197994,0.9999622773369552,False
8.3175,1,364,365,2.9957924999999817,2.9957924999999817,0.0,0.03045094729277674,0.03045094729277674,0.09006189458555475,0.08173829961145747,0.006530626224097206,0.03045094729277674,0.005010741317236818,0.002479410062673309,0.002479410062673309,0.0,0.9987735192026306,0.024253371909788525,0.021773961847115216,0.9999644280488289,False
8.34825,1,365,366,3.0040949999999818,3.0040949999999818,0.0,0.03148875979277665,0.015744379896388324,0.09004079961145739,0.08067939213736011,0.007568438724097224,0.015744379896388324,0.005010741317236818,0.0024695676021798283,0.0024695676021798283,0.0,0.9988528233277947,0.02205036825415896,0.01958080065197913,0.9999659869834492,False
8.383000000000001,1,366,367,3.013477499999982,3.013477499999982,0.0,0.01691719239638827,0.01691719239638827,0.0900618921373602,0.08502259465031156,0.005039297487048643,0.01691719239638827,0.005010741317236818,0.002322012740427004,0.002322012740427004,0.0,0.9990076126812187,0.023072609484117226,0.020750596743690224,0.9999728354205626,False
8.4015,1,367,368,3.0184724999999815,3.018472499999982,4.440892098500626e-16,0.01754156739638821,0.01754156739638821,0.09001759465031137,0.08435392216326272,0.005351484987048636,0.01754156739638821,0.005010741317236818,0.0023904443127103878,0.0023904443127103878,0.0,0.998462539415144,0.02374150087108349,0.0213510565583731,0.9999522582083175,False
8.4225,1,368,369,3.0241424999999817,3.024142499999982,4.440892098500626e-16,0.01825031739638819,0.01825031739638819,0.09002392216326291,0.08396368717621422,0.005313516237048649,0.01825031739638819,0.005010741317236818,0.0024277384493098454,0.0024277384493098454,0.0,0.9985641289795141,0.02415874470719906,0.021731006257889214,0.9999563566109341,False
8.445,1,369,370,3.0302174999999814,3.030217499999982,4.440892098500626e-16,0.019009692396388108,0.019009692396388108,0.09003868717621395,0.08321907718916527,0.005693203737048635,0.019009692396388108,0.005010741317236818,0.0024570322660812,0.0024570322660812,0.0,0.9985672977480103,0.024409627261408023,0.021952594995326823,0.9999565985439053,False
8.47025,1,370,371,3.0370349999999817,3.0370349999999817,0.0,0.019861879896388043,0.019861879896388043,0.09003657718916523,0.08311149845211656,0.005842969362048621,0.019861879896388043,0.005010741317236818,0.002484206697907277,0.002484206697907277,0.0,0.9986717514593151,0.024620261679571348,0.02213605498166407,0.9999607207411143,False
8.496,1,371,372,3.0439874999999814,3.0439874999999814,0.0,0.020730942396387998,0.020730942396387998,0.09006399845211671,0.08226985721506799,0.006277500612048629,0.020730942396387998,0.005010741317236818,0.002492099304676717,0.002492099304676717,0.0,0.9987050765485798,0.02451310443440044,0.022021005129723725,0.9999619567450895,False
8.524750000000001,1,372,373,3.051749999999982,3.051749999999982,0.0,0.02170125489638795,0.02170125489638795,0.09003235721506817,0.08164759097801944,0.007247813112048682,0.02170125489638795,0.005010741317236818,0.002488650264332914,0.002488650264332914,0.0,0.9988016847774587,0.022380896198668156,0.01989224593433524,0.9999643635429357,False
8.55575,1,373,374,3.060119999999982,3.060119999999982,0.0,0.0227475048963879,0.0227475048963879,0.0900175909780196,0.08058657474097083,0.005948438724096999,0.0227475048963879,0.005010741317236818,0.002467429725499963,0.002467429725499963,0.0,0.9989542990499743,0.024251595187933628,0.021784165462433665,0.9999713950914886,False
8.59075,1,374,375,3.069569999999982,3.069569999999982,0.0,0.023928754896387763,0.023928754896387763,0.09003657474097043,0.08012673037892173,0.006539063724096974,0.023928754896387763,0.005010741317236818,0.0024797891750504087,0.0024797891750504087,0.0,0.998781540296501,0.0241868785974371,0.021707089422386694,0.999964633967933,False
8.6275,1,375,376,3.079492499999982,3.079492499999982,0.0,0.025169067396387728,0.025169067396387728,0.09004923037892218,0.08447415194789781,0.005575078431024373,0.025169067396387728,0.005010741317236818,0.0024837919853264636,0.0024837919853264636,0.0,0.9988842561583924,0.024703959012091742,0.022220167026765276,0.999968827789132,False
8.648,1,376,377,3.085027499999982,3.085027499999982,0.0,0.025860942396387688,0.025860942396387688,0.09000915194789785,0.08374219851687345,0.005703750306024366,0.025860942396387688,0.005010741317236818,0.002488158120777292,0.002488158120777292,0.0,0.9986121729019344,0.024695860664049725,0.022207702543272433,0.9999584684475209,False
8.67125,1,377,378,3.0913049999999815,3.091304999999982,4.440892098500626e-16,0.026645629896387604,0.026645629896387604,0.09001969851687322,0.08353126071084885,0.0060960940560243525,0.026645629896387604,0.005010741317236818,0.002492262083850923,0.002492262083850923,0.0,0.9986600071174514,0.024749681113519325,0.0222574190296684,0.9999603231302875,False
8.69525,1,378,379,3.0977849999999822,3.0977849999999822,0.0,0.02745562989638758,0.02745562989638758,0.09001126071084914,0.08271282290482472,0.005328281862048537,0.02745562989638758,0.005010741317236818,0.0024968390182971223,0.0024968390182971223,0.0,0.9987418280810709,0.024831606303290468,0.022334767284993347,0.9999635187310323,False
8.72225,1,379,380,3.105074999999982,3.105074999999982,0.0,0.028366879896387493,0.028366879896387493,0.0900028229048246,0.08218547884880018,0.005783906862048526,0.028366879896387493,0.005010741317236818,0.002508028991628136,0.002508028991628136,0.0,0.9986061532714829,0.024842413873419962,0.022334384881791826,0.9999583075135098,False
8.75125,1,380,381,3.1129049999999823,3.1129049999999823,0.0,0.029345629896387424,0.029345629896387424,0.09001547884880023,0.08121938479277582,0.00597796936204853,0.029345629896387424,0.005010741317236818,0.0025040172292573565,0.0025040172292573565,0.0,0.9987149242887855,0.02467034197509433,0.022166324745836973,0.9999624124675798,False
8.784,1,381,382,3.1217474999999824,3.1217474999999824,0.0,0.03045094239638735,0.03045094239638735,0.09006188479277596,0.08173829043072736,0.0065306256120485325,0.03045094239638735,0.005010741317236818,0.0024982290253344848,0.0024982290253344848,0.0,0.9987736125608051,0.024440042175617085,0.0219418131502826,0.9999645207671478,False
8.81475,1,382,383,3.130049999999982,3.130049999999982,0.0,0.031488754896387264,0.015744377448193632,0.09004079043072727,0.0806793835686787,0.00756843811204855,0.015744377448193632,0.005010741317236818,0.002493320006288493,0.002493320006288493,0.0,0.9988529410720908,0.02227555112696713,0.019782231120678635,0.9999660984349583,False
8.8495,1,383,384,3.139432499999982,3.139432499999982,0.0,0.01691718994819358,0.01691718994819358,0.09006188356867877,0.08502258638765446,0.005039297181024306,0.01691718994819358,0.005010741317236818,0.002353886455849975,0.002353886455849975,0.0,0.9990077708842665,0.023376856637100582,0.021022970181250607,0.9999729868253546,False
8.868,1,384,385,3.144427499999982,3.144427499999982,0.0,0.01754156494819352,0.01754156494819352,0.09001758638765428,0.08435391420662997,0.005351484681024299,0.01754156494819352,0.005010741317236818,0.0024122472345954418,0.0024122472345954418,0.0,0.9984626483122888,0.023958390409240353,0.02154614317464491,0.9999523667937232,False
8.889,1,385,386,3.1500974999999825,3.1500974999999825,0.0,0.0182503149481935,0.0182503149481935,0.09002391420663015,0.08396367952560581,0.005313515931024312,0.0182503149481935,0.005010741317236818,0.0024499861346057223,0.0024499861346057223,0.0,0.9985642402336655,0.024376300527128844,0.02192631439252312,0.9999564655533658,False
8.9115,1,386,387,3.156172499999982,3.156172499999982,0.0,0.019009689948193416,0.019009689948193416,0.09003867952560554,0.08321906984458119,0.005693203431024298,0.019009689948193416,0.005010741317236818,0.0024779894672923466,0.0024779894672923466,0.0,0.9985674026045441,0.02461185272680639,0.022133863259514042,0.9999566999148505,False
8.93675,1,387,388,3.162989999999982,3.162989999999982,0.0,0.01986187744819335,0.01986187744819335,0.09003656984458114,0.08311149141355681,0.005842969056024284,0.01986187744819335,0.005010741317236818,0.0025036508294338958,0.0025036508294338958,0.0,0.9986718483289851,0.024818213330711762,0.022314562501277866,0.9999608199311376,False
8.9625,1,388,389,3.169942499999982,3.169942499999982,0.0,0.020730939948193305,0.020730939948193305,0.09006399141355696,0.08226985048253259,0.006277500306024292,0.020730939948193305,0.005010741317236818,0.0025118961410217425,0.0025118961410217425,0.0,0.9987051748435458,0.02471523929716284,0.022203343156141097,0.9999620580320719,False
8.99125,1,389,390,3.1777049999999822,3.1777049999999822,0.0,0.021701252448193258,0.021701252448193258,0.09003235048253277,0.08164758455150836,0.007247812806024345,0.021701252448193258,0.005010741317236818,0.0025163476070232107,0.0025163476070232107,0.0,0.998801822156027,0.022655091536187624,0.020138743929164413,0.9999644993635869,False
9.02225,1,390,391,3.1860749999999824,3.186074999999983,4.440892098500626e-16,0.022747502448193208,0.022747502448193208,0.09001758455150852,0.0805865686204841,0.005948438112048326,0.022747502448193208,0.005010741317236818,0.002485057418385376,0.002485057418385376,0.0,0.9989543867692777,0.024425158758935417,0.02194010134055004,0.9999714814486294,False
9.05725,1,391,392,3.195524999999983,3.195524999999983,0.0,0.023928752448193133,0.023928752448193133,0.09003656862048418,0.08012672456445974,0.00653906311204833,0.023928752448193133,0.005010741317236818,0.002501567830719865,0.002501567830719865,0.0,0.9987816477937119,0.02440717497708865,0.021905607146368786,0.999964742785519,False
9.094,1,392,393,3.2054474999999822,3.2054474999999822,0.0,0.025169064948193036,0.025169064948193036,0.09004922456445971,0.08447414628644752,0.005575078278012204,0.025169064948193036,0.005010741317236818,0.002508826456430742,0.002508826456430742,0.0,0.9988843791307122,0.02495679353120704,0.0224479670747763,0.9999689522551497,False
9.1145,1,393,394,3.2109824999999823,3.2109824999999823,0.0,0.025860939948192996,0.025860939948192996,0.09000914628644754,0.08374219300843531,0.005703750153012197,0.025860939948192996,0.005010741317236818,0.0025150501505487514,0.0025150501505487514,0.0,0.9986123073103385,0.02496126970301385,0.022446219552465098,0.9999586012868488,False
9.13775,1,394,395,3.2172599999999827,3.2172599999999827,0.0,0.02664562744819291,0.02664562744819291,0.0900196930084351,0.0835312553554229,0.006096093903012184,0.02664562744819291,0.005010741317236818,0.0025138911491767784,0.0025138911491767784,0.0,0.9986601152609041,0.02496200667096008,0.0224481155217833,0.9999604295023822,False
9.16175,1,395,396,3.2237399999999825,3.2237399999999825,0.0,0.02745562744819289,0.02745562744819289,0.09001125535542319,0.08271281770241093,0.005328281556024201,0.02745562744819289,0.005010741317236818,0.002517540159653059,0.002517540159653059,0.0,0.9987419315075684,0.025036037465961468,0.022518497306308408,0.9999636212058735,False
9.18875,1,396,397,3.2310299999999827,3.2310299999999827,0.0,0.0283668774481928,0.0283668774481928,0.09000281770241081,0.08218547379939856,0.00578390655602419,0.0283668774481928,0.005010741317236818,0.0025317549597428986,0.0025317549597428986,0.0,0.9986062713432086,0.025084855102490998,0.022553100142748098,0.9999584289687943,False
9.21775,1,397,398,3.238859999999982,3.2388599999999825,4.440892098500626e-16,0.029345627448192732,0.029345627448192732,0.09001547379939863,0.08121937989638638,0.005977969056024178,0.029345627448192732,0.005010741317236818,0.0025331880912995578,0.0025331880912995578,0.0,0.9987150692477723,0.024962795747538166,0.02242960765623861,0.9999625589723425,False
9.2505,1,398,399,3.247702499999983,3.247702499999983,0.0,0.03045093994819266,0.03045093994819266,0.09006187989638653,0.08173828584036226,0.006530625306024181,0.03045093994819266,0.005010741317236818,0.0025212898889694323,0.0025212898889694323,0.0,0.998773727232456,0.02466476600269691,0.022143476113727478,0.9999646325652067,False
9.28125,1,399,400,3.256004999999983,3.256004999999983,0.0,0.03148875244819257,0.015744376224096284,0.09004078584036217,0.08067937928433792,0.007568437806024199,0.015744376224096284,0.005010741317236818,0.0025221357739865216,0.0025221357739865216,0.0,0.9988530838622397,0.022553167723900036,0.020031031949913514,0.9999662358296457,False
9.316,1,400,401,3.2653874999999823,3.2653874999999823,0.0,0.01691718872409623,0.01691718872409623,0.090061879284338,0.08502258225632586,0.005039297028012138,0.01691718872409623,0.005010741317236818,0.002390273445055641,0.002390273445055641,0.0,0.9990079506736536,0.02373923452420163,0.02134896107914599,0.9999731665306459,False
9.3345,1,401,402,3.2703824999999824,3.2703824999999824,0.0,0.01754156372409617,0.01754156372409617,0.09001758225632567,0.08435391022831353,0.005351484528012131,0.01754156372409617,0.005010741317236818,0.0024366199622035127,0.0024366199622035127,0.0,0.9984627699909439,0.024204026876726445,0.021767406914522933,0.999952489702546,False
9.355500000000001,1,402,403,3.2760524999999827,3.2760524999999827,0.0,0.018250313724096152,0.018250313724096152,0.09002391022831371,0.08396367570030153,0.005313515778012136,0.018250313724096152,0.005010741317236818,0.002475385185821158,0.002475385185821158,0.0,0.9985643671617879,0.024628243071760383,0.022152857885939226,0.99995659171104,False
9.378,1,403,404,3.2821274999999828,3.2821274999999823,-4.440892098500626e-16,0.019009688724096068,0.019009688724096068,0.09003867570030127,0.08321906617228908,0.005693203278012122,0.019009688724096068,0.005010741317236818,0.002503380181570507,0.002503380181570507,0.0,0.9985675296332878,0.024858375639578538,0.02235499545800803,0.9999568234229537,False
9.40325,1,404,405,3.288944999999983,3.288944999999983,0.0,0.019861876224096065,0.019861876224096065,0.09003656617228953,0.08311148789427732,0.005842968903012138,0.019861876224096065,0.005010741317236818,0.0025249811785062184,0.0025249811785062184,0.0,0.9986719547102483,0.02503260815613688,0.02250762697763066,0.9999609274120882,False
9.429,1,405,406,3.2958974999999824,3.2958974999999824,0.0,0.020730938724095958,0.020730938724095958,0.09006398789427697,0.08226984711626478,0.006277500153012116,0.020730938724095958,0.005010741317236818,0.0025332464227803744,0.0025332464227803744,0.0,0.9987052810085544,0.024930227831154596,0.02239698140837422,0.9999621658208527,False
9.45775,1,406,407,3.303659999999983,3.303659999999983,0.0,0.02170125122409591,0.02170125122409591,0.09003234711626495,0.08164758133825273,0.007247812653012169,0.02170125122409591,0.005010741317236818,0.002544705378173542,0.002544705378173542,0.0,0.9988019626285725,0.022938177575997663,0.02039347219782412,0.9999646393298189,False
9.48875,1,407,408,3.312029999999983,3.312029999999983,0.0,0.02274750122409586,0.02274750122409586,0.09001758133825288,0.08058656556024063,0.005948437806023989,0.02274750122409586,0.005010741317236818,0.002507566173429503,0.002507566173429503,0.0,0.9989544990628861,0.024642613432735758,0.022135047259306255,0.9999715898870628,False
9.52375,1,408,409,3.3214799999999833,3.3214799999999833,0.0,0.023928751224095785,0.023928751224095785,0.0900365655602407,0.08012672165722849,0.006539062806023993,0.023928751224095785,0.005010741317236818,0.002525058124677128,0.002525058124677128,0.0,0.9987817639164807,0.024642486334934002,0.022117428210256876,0.9999648590888296,False
9.5605,1,409,410,3.331402499999983,3.3314024999999834,4.440892098500626e-16,0.025169063724095688,0.025169063724095688,0.09004922165722848,0.08447414345572236,0.0055750782015061015,0.025169063724095688,0.005010741317236818,0.002534872100360248,0.002534872100360248,0.0,0.9988845069942416,0.02522063898556779,0.022685766885207542,0.9999690820037755,False
9.581,1,410,411,3.3369374999999835,3.3369374999999835,0.0,0.025860938724095648,0.025860938724095648,0.09000914345572242,0.08374219025421628,0.005703750076506109,0.025860938724095648,0.005010741317236818,0.002544578897436697,0.002544578897436697,0.0,0.9986124548412262,0.02525490306142554,0.022710324163988844,0.9999587482529466,False
9.60425,1,411,412,3.343214999999983,3.343214999999983,0.0,0.026645626224095564,0.026645626224095564,0.09001969025421605,0.08353125267770994,0.006096093826506096,0.026645626224095564,0.005010741317236818,0.0025396346595270946,0.0025396346595270946,0.0,0.9986602440281623,0.02521308188814209,0.022673447228614994,0.9999605552611912,False
9.62825,1,412,413,3.349694999999983,3.349694999999983,0.0,0.02745562622409554,0.02745562622409554,0.09001125267771024,0.08271281510120407,0.005328281403012032,0.02745562622409554,0.005010741317236818,0.002542330049656302,0.002542330049656302,0.0,0.9987420554774947,0.025277466158720382,0.02273513610906408,0.9999637422466444,False
9.65525,1,413,414,3.356984999999983,3.356984999999983,0.0,0.028366876224095453,0.028366876224095453,0.09000281510120395,0.08218547127469779,0.0057839064030120214,0.028366876224095453,0.005010741317236818,0.002556388392464439,0.002556388392464439,0.0,0.9986063940599734,0.02533536364468572,0.022778975252221282,0.9999585544744355,False
9.68425,1,414,415,3.3648149999999832,3.3648149999999832,0.0,0.029345626224095384,0.029345626224095384,0.09001547127469785,0.08121937744819169,0.00597796890301201,0.029345626224095384,0.005010741317236818,0.0025626488103675958,0.0025626488103675958,0.0,0.9987152155354195,0.02526065271810794,0.022698003907740343,0.9999627081801709,False
9.717,1,415,416,3.3736574999999833,3.3736574999999833,0.0,0.030450938724095312,0.030450938724095312,0.09006187744819183,0.08173828354517973,0.006530625153012013,0.030450938724095312,0.005010741317236818,0.0025494989321319652,0.0025494989321319652,0.0,0.9987738676223669,0.024938759238521326,0.02238926030638936,0.9999647689893962,False
9.74775,1,416,417,3.3819599999999834,3.381959999999983,-4.440892098500626e-16,0.031488751224095224,0.015744375612047612,0.09004078354517965,0.08067937714216757,0.007568437653012031,0.015744375612047612,0.005010741317236818,0.002554229789966186,0.002554229789966186,0.0,0.9988532426255028,0.022867445922678552,0.020313216132712364,0.9999663911552723,False
9.7825,1,417,418,3.391342499999983,3.391342499999983,0.0,0.01691718811204756,0.01691718811204756,0.09006187714216764,0.08502258019066158,0.005039296951506053,0.01691718811204756,0.005010741317236818,0.002426191818685766,0.002426191818685766,0.0,0.9990081272148031,0.024110412950284467,0.0216842211315987,0.9999733498576104,False
9.801,1,418,419,3.3963374999999827,3.3963374999999827,0.0,0.0175415631120475,0.0175415631120475,0.09001758019066142,0.08435390823915534,0.005351484451506046,0.0175415631120475,0.005010741317236818,0.002461937605904157,0.002461937605904157,0.0,0.9984628963093671,0.02446310260381182,0.022001164997907663,0.9999526192571525,False
9.822000000000001,1,419,420,3.402007499999983,3.402007499999983,0.0,0.01825031311204748,0.01825031311204748,0.09002390823915553,0.08396367378764943,0.005313515701506052,0.01825031311204748,0.005010741317236818,0.0025030602657468352,0.0025030602657468352,0.0,0.9985645053908995,0.024905301852435176,0.02240224158668834,0.9999567304755711,False
9.8445,1,420,421,3.408082499999983,3.408082499999983,0.0,0.019009688112047396,0.019009688112047396,0.09003867378764917,0.08321906433614307,0.0056932032015060375,0.019009688112047396,0.005010741317236818,0.0025326987207011185,0.0025326987207011185,0.0,0.9985676761932111,0.02514656974071417,0.022613871020013054,0.999956967748686,False
9.86975,1,421,422,3.4148999999999834,3.4148999999999834,0.0,0.019861875612047393,0.019861875612047393,0.09003656433614352,0.08311148613463737,0.005842968826506054,0.019861875612047393,0.005010741317236818,0.0025489766049866702,0.0025489766049866702,0.0,0.9986720745071299,0.025270172542128877,0.022721195937142207,0.9999610465663872,False
9.8955,1,422,423,3.421852499999983,3.421852499999983,0.0,0.020730938112047285,0.020730938112047285,0.09006398613463704,0.08226984543313093,0.0062775000765060325,0.020730938112047285,0.005010741317236818,0.00255712641018641,0.00255712641018641,0.0,0.9987053998862957,0.02516692801081283,0.022609801600626422,0.9999622845645676,False
9.92425,1,423,424,3.429614999999983,3.429614999999983,0.0,0.021701250612047238,0.021701250612047238,0.09003234543313111,0.08164757973162498,0.007247812576506085,0.021701250612047238,0.005010741317236818,0.002573662334922808,0.002573662334922808,0.0,0.9988021060763004,0.02322725602353603,0.02065359368861322,0.9999647821585015,False
9.95525,1,424,425,3.4379849999999834,3.4379849999999834,0.0,0.022747500612047188,0.022747500612047188,0.09001757973162514,0.08058656403011896,0.005948437653011821,0.022747500612047188,0.005010741317236818,0.0025354644924790695,0.0025354644924790695,0.0,0.9989546382352461,0.024912134464060105,0.022376669971581036,0.9999717243531879,False
9.99025,1,425,426,3.4474349999999836,3.4474349999999836,0.0,0.023928750612047113,0.023928750612047113,0.09003656403011903,0.08012672020361289,0.006539062653011825,0.023928750612047113,0.005010741317236818,0.0025512621718236585,0.0025512621718236585,0.0,0.9987818936273688,0.02490246140400379,0.02235119923218013,0.9999649876990878,False
10.027000000000001,1,426,427,3.4573574999999837,3.4573574999999837,0.0,0.025169063112047016,0.025169063112047016,0.09004922020361288,0.08447414204035981,0.005575078163253059,0.025169063112047016,0.005010741317236818,0.0025623134451882978,0.0025623134451882978,0.0,0.9988846417435201,0.025497924953053558,0.02293561150786526,0.9999692183302507,False
10.0475,1,427,428,3.4628924999999833,3.4628924999999833,0.0,0.025860938112046976,0.025860938112046976,0.09000914204035985,0.08374218887710677,0.005703750038253068,0.025860938112046976,0.005010741317236818,0.0025764450329025493,0.0025764450329025493,0.0,0.9986126140297008,0.02557265222974607,0.022996207196843522,0.9999589072940304,False
10.07075,1,428,429,3.469169999999983,3.469169999999983,0.0,0.02664562561204689,0.02664562561204689,0.09001968887710654,0.08353125133885347,0.006096093788253054,0.02664562561204689,0.005010741317236818,0.002569849201670986,0.002569849201670986,0.0,0.9986603951260724,0.025508823239299754,0.02293897403762877,0.9999607033376204,False
10.09475,1,429,430,3.4756499999999835,3.4756499999999835,0.0,0.02745562561204687,0.02745562561204687,0.09001125133885376,0.08271281380060064,0.005328281326505949,0.02745562561204687,0.005010741317236818,0.0025718673213305514,0.0025718673213305514,0.0,0.9987422032306631,0.025564466049499662,0.02299259872816911,0.9999638860822894,False
10.12175,1,430,431,3.4829399999999833,3.4829399999999833,0.0,0.02836687561204678,0.02836687561204678,0.09000281380060052,0.0821854700123474,0.005783906326505938,0.02836687561204678,0.005010741317236818,0.002582637486539408,0.002582637486539408,0.0,0.9986065249051472,0.02560079428337335,0.02301815679683394,0.9999586874785886,False
10.15075,1,431,432,3.4907699999999835,3.4907699999999835,0.0,0.029345625612046712,0.029345625612046712,0.09001547001234747,0.08121937622409434,0.0059779688265059255,0.029345625612046712,0.005010741317236818,0.0025925237451406968,0.0025925237451406968,0.0,0.9987153639407543,0.025562883594357357,0.022970359849216658,0.9999628596006093,False
10.1835,1,432,433,3.4996124999999836,3.4996124999999836,0.0,0.03045093811204664,0.03045093811204664,0.09006187622409449,0.08173828239758849,0.006530625076505928,0.03045093811204664,0.005010741317236818,0.002582897790981941,0.002582897790981941,0.0,0.9987740337744485,0.02526568948613348,0.02268279169515154,0.999964931767117,False
10.21425,1,433,434,3.5079149999999846,3.5079149999999846,0.0,0.03148875061204661,0.015744375306023305,0.09004078239758886,0.0806793760710828,0.007568437576506006,0.015744375306023305,0.005010741317236818,0.002588387066756161,0.002588387066756161,0.0,0.9988534112864544,0.0232056161374911,0.02061722907073494,0.9999665579930552,False
10.249,1,434,435,3.5172974999999838,3.5172974999999838,0.0,0.01691718780602319,0.01691718780602319,0.0900618760710824,0.08502257915782939,0.005039296913253012,0.01691718780602319,0.005010741317236818,0.0024584016243642186,0.0024584016243642186,0.0,0.9990082846487784,0.024453951870962373,0.021995550246598154,0.9999735187844547,False
10.2675,1,435,436,3.522292499999984,3.522292499999984,0.0,0.01754156280602313,0.01754156280602313,0.09001757915782921,0.08435390724457618,0.005351484413253005,0.01754156280602313,0.005010741317236818,0.0024873970020838697,0.0024873970020838697,0.0,0.9984630232920678,0.02472649453376366,0.02223909753167979,0.9999527509156928,False
10.2885,1,436,437,3.5279624999999837,3.5279624999999837,0.0,0.01825031280602311,0.01825031280602311,0.09002390724457637,0.0839636728313233,0.005313515663253009,0.01825031280602311,0.005010741317236818,0.0025327325665273734,0.0025327325665273734,0.0,0.9985646535689412,0.025203244214171236,0.022670511647643863,0.9999568797281808,False
10.311,1,437,438,3.5340374999999833,3.5340374999999833,0.0,0.019009687806023027,0.019009687806023027,0.09003867283132305,0.08321906341806999,0.005693203163252995,0.019009687806023027,0.005010741317236818,0.002565300787821002,0.002565300787821002,0.0,0.9985678390045712,0.025470939488231766,0.022905638700410763,0.9999571301801198,False
10.33625,1,438,439,3.5408549999999837,3.5408549999999837,0.0,0.019861875306023024,0.019861875306023024,0.09003656341807043,0.08311148525481735,0.005842968788253012,0.019861875306023024,0.005010741317236818,0.0025769423993459223,0.0025769423993459223,0.0,0.998672214265702,0.025543564004271116,0.022966621604925193,0.9999611837073337,False
10.362,1,439,440,3.5478074999999833,3.5478074999999833,0.0,0.020730937806022916,0.020730937806022916,0.09006398525481701,0.08226984459156393,0.00627750003825299,0.020730937806022916,0.005010741317236818,0.0025849152022585763,0.0025849152022585763,0.0,0.9987055384048009,0.025438288553553134,0.02285337335129456,0.9999624207489852,False
10.39075,1,440,441,3.5555699999999835,3.5555699999999835,0.0,0.02170125030602287,0.02170125030602287,0.09003234459156412,0.08164757892831102,0.007247812538253043,0.02170125030602287,0.005010741317236818,0.0026033347897088123,0.0026033347897088123,0.0,0.9988022531403637,0.023522863972367684,0.020919529182658873,0.9999649281949355,False
10.42175,1,441,442,3.5639399999999837,3.5639399999999837,0.0,0.02274750030602282,0.02274750030602282,0.09001757892831116,0.08058656326505806,0.005948437576505729,0.02274750030602282,0.005010741317236818,0.002568343336203806,0.002568343336203806,0.0,0.998954802099533,0.025231272887477486,0.02266292955127368,0.999971883515923,False
10.45675,1,442,443,3.573389999999984,3.573389999999984,0.0,0.023928750306022744,0.023928750306022744,0.09003656326505811,0.08012671947680504,0.006539062576505733,0.023928750306022744,0.005010741317236818,0.0025808803709069217,0.0025808803709069217,0.0,0.9987820403915918,0.025194166881460013,0.022613286510553093,0.9999651321350604,False
10.493500000000001,1,443,444,3.583312499999984,3.583312499999984,0.0,0.025169062806022647,0.025169062806022647,0.090049219476805,0.08447414133267847,0.005575078144126539,0.025169062806022647,0.005010741317236818,0.0025911915186272896,0.0025911915186272896,0.0,0.9988847835929018,0.025788197508332694,0.023197005989705404,0.9999693610348664,False
10.514,1,444,445,3.588847499999984,3.588847499999984,0.0,0.025860937806022607,0.025860937806022607,0.09000914133267851,0.08374218818855195,0.005703750019126546,0.025860937806022607,0.005010741317236818,0.002609737971638488,0.002609737971638488,0.0,0.9986127803575283,0.025904687935119873,0.023294949963481384,0.9999590734790196,False
10.53725,1,445,446,3.595124999999984,3.5951249999999835,-4.440892098500626e-16,0.026645625306022522,0.026645625306022522,0.09001968818855172,0.08353125066942517,0.006096093769126533,0.026645625306022522,0.005010741317236818,0.0026026683677994582,0.0026026683677994582,0.0,0.9986605591742493,0.025832553779435993,0.023229885411636536,0.99996086540664,False
10.56125,1,446,447,3.601604999999984,3.601604999999984,0.0,0.0274556253060225,0.0274556253060225,0.09001125066942547,0.08271281315029885,0.005328281288252902,0.0274556253060225,0.005010741317236818,0.0026041779788728626,0.0026041779788728626,0.0,0.9987423648124125,0.025880179144082992,0.023276001165210128,0.9999640442438106,False
10.58825,1,447,448,3.608894999999984,3.608894999999984,0.0,0.028366875306022412,0.028366875306022412,0.09000281315029875,0.08218546938117213,0.005783906288252891,0.028366875306022412,0.005010741317236818,0.0026088268670116537,0.0026088268670116537,0.0,0.9986066555089333,0.025863258083336123,0.023254431216324468,0.9999588190680614,False
10.61725,1,448,449,3.6167249999999838,3.6167249999999838,0.0,0.029345625306022343,0.029345625306022343,0.0900154693811722,0.0812193756120456,0.00597796878825288,0.029345625306022343,0.005010741317236818,0.002620808922950404,0.002620808922950404,0.0,0.9987155045231139,0.02584873556119839,0.023227926638247985,0.9999630028370887,False
10.65,1,449,450,3.625567499999984,3.625567499999984,0.0,0.03045093780602227,0.03045093780602227,0.09006187561204576,0.08173828182379278,0.006530625038252883,0.03045093780602227,0.005010741317236818,0.002617342709666787,0.002617342709666787,0.0,0.9987742048783994,0.02560676111560379,0.022989418405937004,0.9999651013849421,False
10.68075,1,450,451,3.633869999999985,3.633869999999985,0.0,0.031488750306022245,0.015744375153011123,0.09004078182379317,0.08067937553554017,0.00756843753825296,0.015744375153011123,0.005010741317236818,0.0026208579014342643,0.0026208579014342643,0.0,0.998853571386229,0.023528270438414323,0.020907412536980058,0.9999667168291873,False
10.7155,1,451,452,3.643252499999984,3.643252499999984,0.0,0.016917187653011007,0.016917187653011007,0.09006187553553975,0.08502257864141327,0.0050392968941264885,0.016917187653011007,0.005010741317236818,0.0024824306442745234,0.0024824306442745234,0.0,0.9990084012239785,0.024718828134215776,0.022236397489941252,0.9999736482515039,False
10.734,1,452,453,3.648247499999984,3.648247499999984,0.0,0.017541562653010948,0.017541562653010948,0.09001757864141309,0.0843539067472866,0.0053514843941264816,0.017541562653010948,0.005010741317236818,0.0025096766631069077,0.0025096766631069077,0.0,0.9984631344278548,0.024958258415759382,0.022448581752652474,0.9999528667573687,False
10.755,1,453,454,3.6539174999999844,3.6539174999999844,0.0,0.018250312653010928,0.018250312653010928,0.09002390674728677,0.08396367235316024,0.005313515644126487,0.018250312653010928,0.005010741317236818,0.0025608490024487856,0.0025608490024487856,0.0,0.998564793995014,0.025485392027528656,0.02292454302507987,0.9999570210875126,False
10.7775,1,454,455,3.6599924999999844,3.6599924999999844,0.0,0.019009687653010907,0.019009687653010907,0.09003867235316046,0.08321906295903386,0.005693203144126502,0.019009687653010907,0.005010741317236818,0.002596704312356285,0.002596704312356285,0.0,0.9985679957114658,0.025785690302979454,0.02318898599062317,0.9999572878447913,False
10.80275,1,455,456,3.666809999999985,3.666809999999985,0.0,0.01986187515301084,0.01986187515301084,0.09003656295903383,0.08311148481490727,0.005842968769126489,0.01986187515301084,0.005010741317236818,0.002605906439352188,0.002605906439352188,0.0,0.9986723591144517,0.025824552830143607,0.02321864639079142,0.9999613246463657,False
10.8285,1,456,457,3.6737624999999836,3.673762499999984,4.440892098500626e-16,0.020730937653010734,0.020730937653010734,0.09006398481490692,0.08226984417078037,0.006277500019126467,0.020730937653010734,0.005010741317236818,0.00261361426119883,0.00261361426119883,0.0,0.9987056816399653,0.025715221215541602,0.02310160695434277,0.9999625597591161,False
10.85725,1,457,458,3.6815249999999846,3.6815249999999846,0.0,0.021701250153010686,0.021701250153010686,0.09003234417078054,0.081647578526654,0.00724781251912652,0.021701250153010686,0.005010741317236818,0.002631778460160242,0.002631778460160242,0.0,0.9988023941671548,0.02380558977004374,0.021173811309883498,0.9999650678657043,False
10.888250000000001,1,458,459,3.689894999999985,3.689894999999985,0.0,0.022747500153010636,0.022747500153010636,0.09001757852665415,0.0805865628825276,0.005948437538252683,0.022747500153010636,0.005010741317236818,0.0026026336528593456,0.0026026336528593456,0.0,0.9989549728938465,0.025564583440798636,0.02296194978793929,0.9999720497043396,False
10.92325,1,459,460,3.699344999999984,3.699344999999984,0.0,0.02392875015301056,0.02392875015301056,0.09003656288252766,0.08012671911340111,0.006539062538252687,0.02392875015301056,0.005010741317236818,0.0026112421893094424,0.0026112421893094424,0.0,0.9987821909242727,0.02549195164761639,0.022880709458306947,0.9999652796682621,False
10.96,1,460,461,3.709267499999984,3.7092674999999846,4.440892098500626e-16,0.025169062653010464,0.025169062653010464,0.09004921911340107,0.08447414097883779,0.005575078134563277,0.025169062653010464,0.005010741317236818,0.0026201929746722556,0.0026201929746722556,0.0,0.9988849261565717,0.026077837636280327,0.02345764466160807,0.9999695035013879,False
10.980500000000001,1,461,462,3.7148024999999847,3.7148024999999847,0.0,0.025860937653010424,0.025860937653010424,0.09000914097883783,0.08374218784427453,0.005703750009563285,0.025860937653010424,0.005010741317236818,0.0026435856004182025,0.0026435856004182025,0.0,0.9986129494442757,0.02624266184114598,0.023599076240727778,0.9999592426027275,False
11.00375,1,462,463,3.7210799999999846,3.7210799999999846,0.0,0.02664562515301034,0.02664562515301034,0.0900196878442743,0.08353125033471102,0.006096093759563271,0.02664562515301034,0.005010741317236818,0.002637430235316007,0.002637430235316007,0.0,0.9986607328261656,0.02617828267720395,0.023540852441887944,0.9999610384930249,False
11.027750000000001,1,463,464,3.7275599999999844,3.7275599999999844,0.0,0.027455625153010317,0.027455625153010317,0.09001125033471132,0.08271281282514797,0.00532828126912638,0.027455625153010317,0.005010741317236818,0.0026397316190566126,0.0026397316190566126,0.0,0.9987425424618505,0.026231386488212466,0.023591654869155855,0.9999642201157218,False
11.05475,1,464,465,3.7348499999999847,3.7348499999999842,-4.440892098500626e-16,0.02836687515301023,0.02836687515301023,0.09000281282514785,0.08218546906558451,0.005783906269126369,0.02836687515301023,0.005010741317236818,0.0026379626448254814,0.0026379626448254814,0.0,0.9986068009202376,0.026151565059965708,0.023513602415140226,0.9999589636591195,False
11.08375,1,465,466,3.7426799999999845,3.7426799999999845,0.0,0.02934562515301016,0.02934562515301016,0.09001546906558458,0.08121937530602123,0.0059779687691263565,0.02934562515301016,0.005010741317236818,0.0026509681674127964,0.0026509681674127964,0.0,0.9987156545352125,0.02615289034038137,0.023501922172968575,0.9999631552478722,False
11.1165,1,466,467,3.7515224999999846,3.7515224999999846,0.0,0.030450937653010088,0.030450937653010088,0.09006187530602139,0.08173828153689494,0.006530625019126359,0.030450937653010088,0.005010741317236818,0.002654858752639464,0.002654858752639464,0.0,0.9987743910307825,0.025982543248226346,0.023327684495586882,0.9999652880351682,False
11.14725,1,467,468,3.759824999999985,3.759824999999985,0.0,0.03148875015301006,0.01574437507650503,0.09004078153689532,0.08067937526776883,0.007568437519126437,0.01574437507650503,0.005010741317236818,0.002655569632388079,0.002655569632388079,0.0,0.9988537426654538,0.02387360773275124,0.02121803810036316,0.9999668869605579,False
11.182,1,468,469,3.7692074999999847,3.7692074999999847,0.0,0.016917187576504913,0.016917187576504913,0.09006187526776843,0.0850225783832052,0.005039296884563227,0.016917187576504913,0.005010741317236818,0.002503385301850406,0.002503385301850406,0.0,0.999008502774017,0.02495082228187559,0.022447436980025184,0.9999737614108778,False
11.2005,1,469,470,3.7742024999999852,3.774202499999985,-4.440892098500626e-16,0.017541562576504917,0.017541562576504917,0.09001757838320551,0.08435390649864222,0.005351484384563249,0.017541562576504917,0.005010741317236818,0.002534507365290821,0.002534507365290821,0.0,0.9984632583894784,0.025213152147158246,0.022678644781867426,0.9999529942119606,False
11.2215,1,470,471,3.7798724999999846,3.7798724999999846,0.0,0.018250312576504835,0.018250312576504835,0.0900239064986419,0.08396367211407867,0.005313515634563225,0.018250312576504835,0.005010741317236818,0.002592544155346374,0.002592544155346374,0.0,0.9985649523097374,0.02580301903561072,0.023210474880264346,0.999957180154435,False
11.244,1,471,472,3.7859474999999847,3.7859474999999847,0.0,0.019009687576504813,0.019009687576504813,0.0900386721140789,0.0832190627295156,0.005693203134563241,0.019009687576504813,0.005010741317236818,0.0026316146112832423,0.0026316146112832423,0.0,0.9985681698756091,0.0261361907820183,0.023504576170735057,0.9999574634494613,False
11.26925,1,472,473,3.792764999999985,3.792764999999985,0.0,0.019861875076504748,0.019861875076504748,0.09003656272951555,0.08311148459495224,0.005842968759563227,0.019861875076504748,0.005010741317236818,0.0026414308556839375,0.0026414308556839375,0.0,0.9986725367204353,0.02617130356350566,0.02352987270782172,0.9999614984642483,False
11.295,1,473,474,3.7997174999999848,3.7997174999999848,0.0,0.020730937576504703,0.020730937576504703,0.09006398459495239,0.08226984396038904,0.006277500009563235,0.020730937576504703,0.005010741317236818,0.0026493228955668385,0.0026493228955668385,0.0,0.9987058599418487,0.02606097271425211,0.023411649818685272,0.9999627332189899,False
11.32375,1,474,475,3.807479999999985,3.807479999999985,0.0,0.021701250076504593,0.021701250076504593,0.09003234396038873,0.08164757832582545,0.007247812509563228,0.021701250076504593,0.005010741317236818,0.002663304134811535,0.002663304134811535,0.0,0.9988025505211157,0.024118146342987486,0.02145484220817595,0.9999652223186344,False
11.354750000000001,1,475,476,3.815849999999985,3.8158499999999846,-4.440892098500626e-16,0.022747500076504543,0.022747500076504543,0.09001757832582562,0.0805865626912623,0.00594843751912616,0.022747500076504543,0.005010741317236818,0.002643321377944404,0.002643321377944404,0.0,0.9989551755037582,0.025962619476759256,0.02331929809881485,0.9999722481416966,False
11.38975,1,476,477,3.825299999999985,3.825299999999985,0.0,0.023928750076504468,0.023928750076504468,0.09003656269126237,0.08012671893169906,0.006539062519126164,0.023928750076504468,0.005010741317236818,0.0026479069255887014,0.0026479069255887014,0.0,0.9987823727553646,0.0258529443632131,0.0232050374376244,0.9999654586314746,False
11.4265,1,477,478,3.835222499999985,3.835222499999985,0.0,0.02516906257650437,0.02516906257650437,0.09004921893169904,0.0844741408019174,0.005575078129781646,0.02516906257650437,0.005010741317236818,0.002654610505158913,0.002654610505158913,0.0,0.9988850955837759,0.02641965788601866,0.023765047380859747,0.9999696718415984,False
11.447000000000001,1,478,479,3.840757499999985,3.840757499999985,0.0,0.02586093757650433,0.02586093757650433,0.09000914080191744,0.08374218767213576,0.005703750004781639,0.02586093757650433,0.005010741317236818,0.002681803077753029,0.002681803077753029,0.0,0.9986131403351609,0.026625693049605194,0.023943889971852164,0.999959434217185,False
11.47025,1,479,480,3.8470349999999844,3.8470349999999844,0.0,0.026645625076504247,0.026645625076504247,0.09001968767213553,0.0835312501673539,0.006096093754781626,0.026645625076504247,0.005010741317236818,0.002676333185923677,0.002676333185923677,0.0,0.9986609271100555,0.026566859624129375,0.023890526438205696,0.9999612330735848,False
11.494250000000001,1,480,481,3.853514999999985,3.8535149999999847,-4.440892098500626e-16,0.027455625076504224,0.027455625076504224,0.0900112501673542,0.0827128126625725,0.005328281259563118,0.027455625076504224,0.005010741317236818,0.0026795588113890647,0.0026795588113890647,0.0,0.99874274131687,0.026628281754919304,0.02394872294353024,0.9999644188705286,False
11.52125,1,481,482,3.8608049999999845,3.860804999999985,4.440892098500626e-16,0.028366875076504136,0.028366875076504136,0.09000281266257237,0.08218546890779067,0.005783906259563107,0.028366875076504136,0.005010741317236818,0.002671392321822769,0.002671392321822769,0.0,0.998606967900821,0.026478928538105177,0.02380753621628241,0.9999591278669181,False
11.55025,1,482,483,3.8686349999999847,3.8686349999999847,0.0,0.029345625076504067,0.029345625076504067,0.09001546890779073,0.08121937515300903,0.005977968759563095,0.029345625076504067,0.005010741317236818,0.002683485420736798,0.002683485420736798,0.0,0.9987158163175538,0.026479237153610533,0.023795751732873734,0.9999633188225274,False
11.583,1,483,484,3.877477499999985,3.877477499999985,0.0,0.030450937576503995,0.030450937576503995,0.0900618751530092,0.08173828139344602,0.006530625009563098,0.030450937576503995,0.005010741317236818,0.002694297961924884,0.002694297961924884,0.0,0.998774586587088,0.026379486956892316,0.02368518899496743,0.9999654850310172,False
11.61375,1,484,485,3.8857799999999854,3.8857799999999854,0.0,0.031488750076503966,0.015744375038251983,0.0900407813934464,0.08067937513388317,0.007568437509563175,0.015744375038251983,0.005010741317236818,0.0026917460543559287,0.0026917460543559287,0.0,0.9988539212305354,0.02423363337916499,0.02154188732480906,0.9999670643186592,False
11.6485,1,485,486,3.895162499999985,3.895162499999985,0.0,0.016917187538251867,0.016917187538251867,0.09006187513388278,0.08502257825410117,0.005039296879781596,0.016917187538251867,0.005010741317236818,0.0025213109554082934,0.0025213109554082934,0.0,0.9990085897111775,0.025146587221186616,0.022625276265778323,0.999973856744835,False
11.667,1,486,487,3.900157499999985,3.900157499999985,0.0,0.01754156253825187,0.01754156253825187,0.09001757825410148,0.0843539063743198,0.005351484379781619,0.01754156253825187,0.005010741317236818,0.002561294525023476,0.002561294525023476,0.0,0.998463392263884,0.025483421665124427,0.022922127140100952,0.9999531294440311,False
11.688,1,487,488,3.905827499999985,3.905827499999985,0.0,0.018250312538251788,0.018250312538251788,0.0900239063743195,0.0839636719945379,0.0053135156297815945,0.018250312538251788,0.005010741317236818,0.0026253922920388357,0.0026253922920388357,0.0,0.9985651163962773,0.02613257454327092,0.023507182251232085,0.9999573451437705,False
11.7105,1,488,489,3.911902499999985,3.911902499999985,0.0,0.019009687538251767,0.019009687538251767,0.09003867199453812,0.08321906261475645,0.00569320312978161,0.019009687538251767,0.005010741317236818,0.0026668596262886075,0.0026668596262886075,0.0,0.9985683457404858,0.02648927936734735,0.023822419741058743,0.9999576403964879,False
11.73575,1,489,490,3.918719999999985,3.918719999999985,0.0,0.0198618750382517,0.0198618750382517,0.0900365626147564,0.08311148448497474,0.005842968754781596,0.0198618750382517,0.005010741317236818,0.0026792700770763215,0.0026792700770763215,0.0,0.998672725769693,0.026543563926436982,0.02386429384936066,0.9999616850251961,False
11.7615,1,490,491,3.925672499999985,3.925672499999985,0.0,0.020730937538251656,0.020730937538251656,0.09006398448497488,0.08226984385519316,0.006277500004781604,0.020730937538251656,0.005010741317236818,0.0026874933199312603,0.0026874933199312603,0.0,0.9987060504464259,0.026432911384532645,0.023745418064601384,0.9999629197407285,False
11.79025,1,491,492,3.9334349999999847,3.9334349999999847,0.0,0.021701250038251546,0.021701250038251546,0.09003234385519286,0.08164757822541122,0.007247812504781597,0.021701250038251546,0.005010741317236818,0.002694239339139867,0.002694239339139867,0.0,0.998802703946778,0.024422223879181408,0.02172798454004154,0.9999653724649469,False
11.821250000000001,1,492,493,3.9418049999999853,3.9418049999999853,0.0,0.022747500038251496,0.022747500038251496,0.09001757822541137,0.08058656259562968,0.005948437509562898,0.022747500038251496,0.005010741317236818,0.0026851460777435592,0.0026851460777435592,0.0,0.9989553836411585,0.026374874535006997,0.023689728457263436,0.9999724534480875,False
11.856250000000001,1,493,494,3.951254999999985,3.951254999999985,0.0,0.02392875003825142,0.02392875003825142,0.09003656259562975,0.08012671884084807,0.006539062509562902,0.02392875003825142,0.005010741317236818,0.002685027526443516,0.002685027526443516,0.0,0.9987825566679166,0.026220178760515148,0.02353515123407163,0.9999656405534079,False
11.893,1,494,495,3.9611774999999847,3.9611774999999847,0.0,0.025169062538251324,0.025169062538251324,0.09004921884084806,0.08447414071345723,0.005575078127390831,0.025169062538251324,0.005010741317236818,0.002689465183605574,0.002689465183605574,0.0,0.9988852672112958,0.026764658796037753,0.02407519361243218,0.9999698417863246,False
11.9135,1,495,496,3.9667124999999848,3.9667124999999848,0.0,0.025860937538251284,0.025860937538251284,0.09000914071345725,0.0837421875860664,0.005703750002390823,0.025860937538251284,0.005010741317236818,0.002718644397385954,0.002718644397385954,0.0,0.9986133243088269,0.026997132717341152,0.0242784883199552,0.9999596199927681,False
11.93675,1,496,497,3.9729899999999847,3.972989999999985,4.440892098500626e-16,0.0266456250382512,0.0266456250382512,0.09001968758606618,0.08353125008367536,0.00609609375239081,0.0266456250382512,0.005010741317236818,0.002713718620162182,0.002713718620162182,0.0,0.9986611138086703,0.026940254249438095,0.024226535629275913,0.9999614201221281,False
11.96075,1,497,498,3.979469999999985,3.9794699999999854,4.440892098500626e-16,0.027455625038251177,0.027455625038251177,0.09001125008367565,0.08271281258128477,0.005328281254781487,0.027455625038251177,0.005010741317236818,0.002717626160041434,0.002717626160041434,0.0,0.9987429312810642,0.02700910504801539,0.024291478887973957,0.9999646096429032,False
11.98775,1,498,499,3.986759999999985,3.986759999999985,0.0,0.02836687503825109,0.02836687503825109,0.09000281258128465,0.08218546882889377,0.005783906254781476,0.02836687503825109,0.005010741317236818,0.0027067903702308674,0.0027067903702308674,0.0,0.998607144836125,0.026823079161915224,0.024116288791684357,0.9999593004780142,False
