time,inserted_nodes,node_count_before,node_count_after,rest_length_before,rest_length_after,rest_length_error,tail_rest_length_before,tail_rest_length_after,payout_buffer_rest_length_before,payout_buffer_rest_length_after,payout_buffer_min_rest_length_after,payout_buffer_max_rest_length_after,minimum_physical_rest_length_after,peak_tension_before,peak_tension_after,peak_tension_jump,minimum_geometric_ratio_after,peak_tension_post_step,peak_tension_post_step_jump,minimum_standard_ratio_post_step,remeshed_in_same_step
0.5357500000000001,1,53,54,0.5300016926474127,0.5300016926474127,0.0,0.011250211580926591,0.0056251057904632955,0.09000169264741273,0.07875148106648613,0.0056251057904632955,0.011250211580926591,0.0056251057904632955,0.0,0.0,0.0,0.999836937993392,0.0,0.0,0.999984289038172,False
0.70025,1,54,55,0.5412654125631827,0.5412654125631828,1.1102230246251565e-16,0.007033070779934558,0.007033070779934558,0.09001520098225621,0.07735702441185838,0.006329088285198925,0.01265817657039785,0.006329088285198925,0.0,0.0,0.0,0.9995856497173751,0.0,0.0,0.9999614842441279,False
0.82925,1,55,56,0.5539295573166888,0.5539295573166889,1.1102230246251565e-16,0.008616088874122792,0.008616088874122792,0.09002116916536426,0.07577997450077817,0.007120597332293042,0.014241194664586085,0.007120597332293042,0.0,0.0,0.0,0.9995127666992901,0.0,0.0,0.9999548677856671,False
0.9435,1,56,57,0.5681682687354511,0.568168268735451,-1.1102230246251565e-16,0.010395927801468098,0.010395927801468098,0.09001868591954057,0.0739976523276092,0.005197963900734049,0.016021033591931372,0.005197963900734049,0.0,0.0,0.0,0.9994690104054799,0.0,0.0,0.9999509755446842,False
1.05075,1,57,58,0.5841924850680682,0.5841924850680682,0.0,0.012398954843045241,0.012398954843045241,0.09002186866022628,0.07199780802671779,0.005847486174154807,0.012398954843045241,0.005847486174154807,0.0,0.0,0.0,0.9992288850521845,0.0,0.0,0.9999294425119691,False
1.155,1,58,59,0.6022381452059532,0.6022381452059532,0.0,0.014654662360280866,0.014654662360280866,0.09004346816460276,0.07688429734615165,0.006975339932772619,0.014654662360280866,0.006975339932772619,0.0,0.0,0.0,0.9992164451681756,0.0,0.0,0.9999283556430646,False
1.2235,1,59,60,0.61539771128051,0.61539771128051,0.0,0.016299608119600493,0.016299608119600493,0.0900438634207085,0.08264180513182313,0.007402058288885357,0.016299608119600493,0.007402058288885357,0.0,0.0,0.0,0.9992042619537078,0.0,0.0,0.9999272197337136,False
1.25975,1,60,61,0.6227693164536724,0.6227693164536724,0.0,0.017221058766245807,0.017221058766245807,0.09001341030498564,0.08168990136945496,0.005334795048677664,0.017221058766245807,0.005334795048677664,0.0,0.0,0.0,0.9991441783317797,0.0,0.0,0.9999219042513569,False
1.29925,1,61,62,0.6311154125631833,0.6311154125631832,-1.1102230246251565e-16,0.01826432077993464,0.01826432077993464,0.09003599747896565,0.07832314536792148,0.005292499176213185,0.01826432077993464,0.005292499176213185,0.0,0.0,0.0,0.9988391247369753,0.0,0.0,0.9998942125548946,False
1.35225,1,62,63,0.6428143348181684,0.6428143348181684,0.0,0.01972668606180779,0.01972668606180779,0.09002206762290663,0.08218164527866698,0.006023681817149753,0.01972668606180779,0.006023681817149753,0.0,0.0,0.0,0.9988496792347122,0.0,0.0,0.9998951760541066,False
1.3865,1,63,64,0.6506702593661328,0.6506702593661328,0.0,0.020708676630303333,0.020708676630303333,0.09003756982663133,0.08121515691389614,0.007005672385645295,0.020708676630303333,0.007005672385645295,0.0,0.0,0.0,0.9988582288022526,0.0,0.0,0.9998957489721314,False
1.42375,1,64,65,0.6594688105786005,0.6594688105786006,1.1102230246251565e-16,0.02180849553186184,0.02180849553186184,0.09001370812636406,0.08117703419822371,0.008105491287203784,0.02180849553186184,0.007402058288885357,0.0,0.0,0.0,0.9989834318046078,0.0,0.0,0.9999066339711729,False
1.46025,1,65,66,0.6683385986077536,0.6683385986077537,1.1102230246251565e-16,0.022917219035505944,0.011458609517752972,0.09004682222737667,0.08010142479559221,0.009214214790847908,0.011458609517752972,0.007402058288885357,0.0,0.0,0.0,0.9990810911146566,0.0,0.0,0.9999152328272786,False
1.5,1,66,67,0.6782664110835456,0.6782664110835456,0.0,0.012699586077226968,0.012699586077226968,0.09002923727138418,0.08480164159622322,0.005227595675160952,0.012699586077226968,0.005227595675160952,0.0,0.0,0.0,0.9991675085048103,0.0,0.0,0.9999241341588891,False
1.5205,1,67,68,0.683491458526499,0.683491458526499,0.0,0.01335271700759615,0.01335271700759615,0.09002668903917665,0.08414596243364653,0.005554161140345543,0.01335271700759615,0.005227595675160952,0.0,0.0,0.0,0.9985001789750741,0.0,0.0,0.999863488613339,False
1.54325,1,68,69,0.6893705668116434,0.6893705668116434,0.0,0.014087605543239203,0.014087605543239203,0.09002507071879096,0.08373602104280237,0.006289049675988596,0.014087605543239203,0.005227595675160952,0.0,0.0,0.0,0.9985774974900847,0.0,0.0,0.9998705022128692,False
1.56725,1,69,70,0.6956615734496918,0.6956615734496919,1.1102230246251565e-16,0.014873981372995263,0.014873981372995263,0.09002702768085084,0.08295160217510619,0.006689635312614759,0.014873981372995263,0.005227595675160952,0.0,0.0,0.0,0.9987174429220352,0.0,0.0,0.999883181594856,False
1.594,1,70,71,0.7027767886554028,0.7027767886554027,-1.1102230246251565e-16,0.015763383273709124,0.015763383273709124,0.0900668173808171,0.08209459225261044,0.006859381537582073,0.015763383273709124,0.005227595675160952,0.0,0.0,0.0,0.9987845752162274,0.0,0.0,0.9998891771527849,False
1.6235,1,71,72,0.7107440033346116,0.7107440033346117,1.1102230246251565e-16,0.01675928510861022,0.01675928510861022,0.09006180693181923,0.08109367996871147,0.007357332455032621,0.01675928510861022,0.005227595675160952,0.0,0.0,0.0,0.9988090486285828,0.0,0.0,0.9998911836261821,False
1.6560000000000001,1,72,73,0.7196596154214865,0.7196596154214867,2.220446049250313e-16,0.017873736619469584,0.017873736619469584,0.09000929205558647,0.08031990149649737,0.008471783965891995,0.017873736619469584,0.005227595675160952,0.0,0.0,0.0,0.9988782042870572,0.0,0.0,0.9998965149849405,False
1.69075,1,73,74,0.7293418352183185,0.7293418352183185,0.0,0.019084014094073565,0.019084014094073565,0.09000212129332924,0.08455228727648269,0.00544983401684654,0.019084014094073565,0.005227595675160952,2.3307805036503577e-07,2.3307805036503577e-07,0.0,0.9990032473148119,2.288866999042142e-07,-4.191350460821565e-09,0.9999092571648064,False
1.71025,1,74,75,0.7348380268003806,0.7348380268003806,0.0,0.019771038041831324,0.019771038041831324,0.09004847885854478,0.08391162089394047,0.005433518152852149,0.019771038041831324,0.005227595675160952,5.441573188992815e-07,5.441573188992815e-07,0.0,0.9984149892693476,5.274144760561276e-07,-1.6742842843153923e-08,0.9998557627478325,False
1.7317500000000001,1,75,76,0.7409469367472226,0.7409469367472226,0.0,0.02053465178518657,0.02053465178518657,0.09002053084078246,0.08382339894457505,0.005815325024529773,0.02053465178518657,0.005227595675160952,7.44642945353714e-07,7.44642945353714e-07,0.0,0.9984175262348509,7.236723503507413e-07,-2.097059500297271e-08,0.9998559661924848,False
1.7535,1,76,77,0.7471759818843626,0.7471759818843625,-1.1102230246251565e-16,0.021313282427329074,0.021313282427329074,0.09005244408171512,0.0830766815433652,0.005955664886875746,0.021313282427329074,0.005227595675160952,9.326037230340391e-07,9.326037230340391e-07,0.0,0.9985013145930394,8.944223803343304e-07,-3.8181342699708705e-08,0.9998635480796246,False
1.7775,1,77,78,0.7541026061128023,0.7541026061128022,-1.1102230246251565e-16,0.022179110455884048,0.022179110455884048,0.09000330577180499,0.08254352207657772,0.006388578901153231,0.022179110455884048,0.005227595675160952,1.1720962555303695e-06,1.1720962555303695e-06,0.0,0.9985400454566631,1.1147114467737366e-06,-5.738480875663296e-08,0.99986700214151,False
1.80325,1,78,79,0.7615910933420379,0.7615910933420379,0.0,0.023115171359538493,0.023115171359538493,0.09003200930581329,0.0816361647069316,0.007089151524901854,0.023115171359538493,0.005227595675160952,1.5027048538621666e-06,1.5027048538621666e-06,0.0,0.9986301336561523,1.381551071179607e-06,-1.2115378268255953e-07,0.9998750310908338,False
1.832,1,79,80,0.7700141895477816,0.7700141895477817,1.1102230246251565e-16,0.024168058385256472,0.024168058385256472,0.09005926091267547,0.08124882006787232,0.007615595037760847,0.024168058385256472,0.005227595675160952,1.954066707439677e-06,1.954066707439677e-06,0.0,0.9987586169707452,1.695847699672979e-06,-2.5821900776669816e-07,0.9998863390119074,False
1.86175,1,80,81,0.7787903051131405,0.7787903051131405,0.0,0.02526507283092632,0.01263253641546316,0.09002493563323102,0.08011748034275804,0.008712609483430684,0.01263253641546316,0.005227595675160952,2.3854401286671663e-06,2.3854401286671663e-06,0.0,0.9988324659377723,1.9289553625913367e-06,-4.5648476607582956e-07,0.9998923255190783,False
1.89525,1,81,82,0.7887333513709371,0.7887333513709371,0.0,0.013875417197687737,0.013875417197687737,0.09006052660055465,0.08470181557134462,0.005358711029210037,0.013875417197687737,0.005227595675160952,2.5649836144386894e-06,2.5649836144386894e-06,0.0,0.998972218792748,2.5526575201943367e-06,-1.2326094244352777e-08,0.9999064148430878,False
1.9132500000000001,1,82,83,0.7940974912986727,0.7940974912986727,0.0,0.01454593468865468,0.01454593468865468,0.09006595549908017,0.08403672697890319,0.005693969774693508,0.01454593468865468,0.005227595675160952,3.1467040411407485e-06,3.1467040411407485e-06,0.0,0.9982988180360162,3.1267142919030205e-06,-1.9989749237728054e-08,0.999845189519293,False
1.9332500000000001,1,83,84,0.8000716892160046,0.8000716892160047,1.1102230246251565e-16,0.01529270942832118,0.01529270942832118,0.09001092489623519,0.08357018038187518,0.0059496130045738485,0.01529270942832118,0.005227595675160952,3.5634424488248037e-06,3.5634424488248037e-06,0.0,0.998403974827798,3.527320624631793e-06,-3.6121824193010785e-08,0.9998547364447491,False
1.95475,1,84,85,0.8065067574367341,0.8065067574367341,0.0,0.016097092955912363,0.016097092955912363,0.09000524860260457,0.08276012056065338,0.006351804768369434,0.016097092955912363,0.005227595675160952,3.8028847923940977e-06,3.8028847923940977e-06,0.0,0.9984753200155382,3.7455636244889713e-06,-5.732116790512637e-08,0.9998611796448663,False
1.979,1,85,86,0.813775666562876,0.8137756665628759,-1.1102230246251565e-16,0.017005706596680104,0.017005706596680104,0.09002902968679524,0.08236641951386249,0.006542889832323801,0.017005706596680104,0.005227595675160952,3.994924769306165e-06,3.994924769306165e-06,0.0,0.9985799889974311,3.910551192334649e-06,-8.437357697151657e-08,0.9998706399101531,False
2.0045,1,86,87,0.8214250000000007,0.8214250000000007,0.0,0.01796187327632072,0.01796187327632072,0.09001575295098733,0.08139697609841398,0.0070209731721441035,0.01796187327632072,0.005227595675160952,4.159179843555845e-06,4.159179843555845e-06,0.0,0.9986247306094975,4.012510247513202e-06,-1.4666959604264307e-07,0.9998745697282125,False
2.0332500000000002,1,87,88,0.8300500000000011,0.830050000000001,-1.1102230246251565e-16,0.019039998276320826,0.019039998276320826,0.09002197609841432,0.0807272660096365,0.008099098172144098,0.019039998276320826,0.005227595675160952,4.395848055236198e-06,4.395848055236198e-06,0.0,0.9987266291284014,3.859870146249588e-06,-5.359779089866108e-07,0.9998828976760887,False
2.06425,1,88,89,0.8393500000000015,0.8393500000000016,1.1102230246251565e-16,0.020202498276320945,0.020202498276320945,0.09002726600963698,0.08479866096524805,0.0052286050443889325,0.020202498276320945,0.005227595675160952,4.678333743763513e-06,4.678333743763513e-06,0.0,0.9988864419868397,4.655631426531018e-06,-2.2702317232494926e-08,0.9998986498524306,False
2.08175,1,89,90,0.8446000000000017,0.8446000000000016,-1.1102230246251565e-16,0.020858748276320994,0.020858748276320994,0.09004866096524813,0.08416380592085923,0.005197965755982241,0.020858748276320994,0.005197965755982241,4.866089734881381e-06,4.866089734881381e-06,0.0,0.9982475291745396,4.839765194555477e-06,-2.6324540325904124e-08,0.999840555106457,False
2.10125,1,90,91,0.8504500000000019,0.8504500000000019,0.0,0.021589998276321076,0.021589998276321076,0.0900138059208595,0.08408459016487727,0.0055635907559822605,0.021589998276321076,0.005227595675160952,4.959791557190309e-06,4.959791557190309e-06,0.0,0.9982606372671443,4.927646997939872e-06,-3.214455925043677e-08,0.9998417274437562,False
2.121,1,91,92,0.856375000000002,0.8563750000000021,1.1102230246251565e-16,0.022330623276321137,0.022330623276321137,0.0900095901648773,0.0833397494088951,0.00569486158607211,0.022330623276321137,0.005227595675160952,5.013970942944698e-06,5.013970942944698e-06,0.0,0.9983640915525244,4.977327694917998e-06,-3.664324802670014e-08,0.9998511114066505,False
2.14325,1,92,93,0.8630500000000021,0.863050000000002,-1.1102230246251565e-16,0.023164998276321222,0.023164998276321222,0.09001474940889524,0.08287615865291302,0.006112049086072128,0.023164998276321222,0.005227595675160952,5.118614093188654e-06,5.118614093188654e-06,0.0,0.9984204709820806,5.065041629856849e-06,-5.357246333180521e-08,0.9998561972090247,False
2.1670000000000003,1,93,94,0.870175000000002,0.8701750000000021,1.1102230246251565e-16,0.024055623276321315,0.024055623276321315,0.09000115865291314,0.08197194289693092,0.0070026740860721125,0.024055623276321315,0.005227595675160952,5.228838345456774e-06,5.228838345456774e-06,0.0,0.998527257670589,5.115929243723616e-06,-1.1290910173315793e-07,0.9998657551341112,False
2.194,1,94,95,0.8782750000000025,0.8782750000000026,1.1102230246251565e-16,0.02506812327632142,0.02506812327632142,0.09007194289693111,0.08163958131085902,0.007774062069080328,0.02506812327632142,0.005227595675160952,5.417053157603501e-06,5.417053157603501e-06,0.0,0.9987132847136445,5.180149037399746e-06,-2.369041202037554e-07,0.9998823895396414,False
2.222,1,95,96,0.8866750000000025,0.8866750000000025,0.0,0.026118123276321504,0.013059061638160752,0.09003958131085929,0.08055721972478716,0.008824062069080351,0.013059061638160752,0.005227595675160952,5.554915031931473e-06,5.554915031931473e-06,0.0,0.9988312691034779,5.13664696781557e-06,-4.18268064115903e-07,0.9998923363873911,False
2.2535,1,96,97,0.8961250000000034,0.8961250000000032,-2.220446049250313e-16,0.01424031163816081,0.01424031163816081,0.09000721972478762,0.08488400768175153,0.005123212043036095,0.01424031163816081,0.005123212043036095,5.354197641412517e-06,5.354197641412517e-06,0.0,0.9989691549727695,5.340921091450128e-06,-1.3276549962388563e-08,0.9999061326881671,False
2.27075,1,97,98,0.9013000000000032,0.9013000000000033,1.1102230246251565e-16,0.014887186638160826,0.014887186638160826,0.09005900768175162,0.08428892063871554,0.0054466495430361035,0.014887186638160826,0.005123212043036095,5.647718700282022e-06,5.647718700282022e-06,0.0,0.9982126318125824,5.638078769932501e-06,-9.639930349521035e-09,0.9998373560700244,False
2.29,1,98,99,0.9070750000000034,0.9070750000000035,1.1102230246251565e-16,0.015609061638160854,0.015609061638160854,0.09006392063871568,0.08389539609567959,0.0059401560345402225,0.015609061638160854,0.005123212043036095,5.9292702997163155e-06,5.9292702997163155e-06,0.0,0.9983280934135506,5.913334572734178e-06,-1.593572698213759e-08,0.999847853818988,False
2.3105,1,99,100,0.9132250000000037,0.9132250000000037,0.0,0.016377811638160933,0.016377811638160933,0.09004539609567982,0.08310812155264374,0.006324531034540241,0.016377811638160933,0.005123212043036095,6.088830378250115e-06,6.088830378250115e-06,0.0,0.9984627586674095,6.0603561834345326e-06,-2.8474194815582624e-08,0.9998600717384603,False
2.3335,1,100,101,0.9201250000000037,0.9201250000000037,0.0,0.017240311638161022,0.017240311638161022,0.09000812155264394,0.08243671551810375,0.006502656034540265,0.017240311638161022,0.005123212043036095,6.225579343733254e-06,6.225579343733254e-06,0.0,0.9985650271761809,6.185178129979648e-06,-4.0401213753605766e-08,0.9998693275405759,False
2.35875,1,101,102,0.9277000000000039,0.927700000000004,1.1102230246251565e-16,0.018187186638161105,0.018187186638161105,0.09001171551810387,0.08149343448356366,0.006976093534540279,0.018187186638161105,0.005123212043036095,6.353579161740008e-06,6.353579161740008e-06,0.0,0.9986155967635009,6.2786189045649365e-06,-7.496025717507182e-08,0.999873806667614,False
2.38725,1,102,103,0.9362500000000042,0.9362500000000044,1.1102230246251565e-16,0.019255936638161216,0.019255936638161216,0.09004343448356403,0.08084077844902376,0.008044843534540274,0.019255936638161216,0.005123212043036095,6.519953657242879e-06,6.519953657242879e-06,0.0,0.9987180542545464,6.197067579153206e-06,-3.228860780896733e-07,0.9998822012040998,False
2.418,1,103,104,0.9454750000000047,0.9454750000000047,0.0,0.02040906163816132,0.02040906163816132,0.09006577844902415,0.084887887931754,0.005177890517270151,0.02040906163816132,0.005123212043036095,6.696260054782225e-06,6.696260054782225e-06,0.0,0.9988787523263866,6.688441544780693e-06,-7.818510001532039e-09,0.9998979747481794,False
2.43525,1,104,105,0.9506500000000049,0.9506500000000049,0.0,0.021055936638161393,0.021055936638161393,0.09006288793175424,0.0842381224144841,0.0051591405172701655,0.021055936638161393,0.005123212043036095,6.804114249336023e-06,6.804114249336023e-06,0.0,0.9982294627102488,6.795464393561561e-06,-8.649855774462041e-09,0.9998389386566839,False
2.4545,1,105,106,0.956425000000005,0.9564250000000051,1.1102230246251565e-16,0.021777811638161462,0.021777811638161462,0.09001312241448428,0.08413210689721413,0.0055200780172701795,0.021777811638161462,0.005123212043036095,6.815444099967922e-06,6.815444099967922e-06,0.0,0.9982463932338579,6.807860386608697e-06,-7.583713359225232e-09,0.999840463088749,False
2.47425,1,106,107,0.9623500000000051,0.9623500000000051,0.0,0.022518436638161523,0.022518436638161523,0.09005710689721419,0.08343546637994406,0.005653671767270197,0.022518436638161523,0.005123212043036095,6.791480976975827e-06,6.791480976975827e-06,0.0,0.9983527325180115,6.785552579608952e-06,-5.928397366875178e-09,0.9998501119713014,False
2.49625,1,107,108,0.9689500000000053,0.9689500000000053,0.0,0.023343436638161612,0.023343436638161612,0.09003546637994424,0.0829497633626741,0.006066171767270217,0.023343436638161612,0.005123212043036095,6.804625843098602e-06,6.804625843098602e-06,0.0,0.9984081510599406,6.780250143910535e-06,-2.437569918806691e-08,0.9998551156749601,False
2.52,1,108,109,0.9760750000000052,0.9760750000000051,-1.1102230246251565e-16,0.024234061638161688,0.024234061638161688,0.09007476336267407,0.08209843534540395,0.006956796767270185,0.024234061638161688,0.005123212043036095,6.812807477909219e-06,6.812807477909219e-06,0.0,0.9985175526962893,6.76747985013128e-06,-4.532762777793853e-08,0.9998649210676529,False
2.5465,1,109,110,0.9840250000000054,0.9840250000000055,1.1102230246251565e-16,0.025227811638161783,0.025227811638161783,0.09004843534540408,0.08168538857813393,0.007799921659540416,0.025227811638161783,0.005123212043036095,6.9233352649021454e-06,6.9233352649021454e-06,0.0,0.9987028329288286,6.804930007870639e-06,-1.1840525703150657e-07,0.999881475327738,False
2.57425,1,110,111,0.9923500000000058,0.9923500000000057,-1.1102230246251565e-16,0.02626843663816189,0.013134218319080945,0.09001038857813436,0.08060671681086415,0.008840546659540462,0.013134218319080945,0.005123212043036095,6.966445358535492e-06,6.966445358535492e-06,0.0,0.9988334554885522,6.749213527880828e-06,-2.17231830654664e-07,0.9998925597343641,False
2.60575,1,111,112,1.0018000000000062,1.001800000000006,-2.220446049250313e-16,0.014315468319080987,0.014315468319080987,0.09005671681086447,0.08497050592722935,0.0050862108836351285,0.014315468319080987,0.0050862108836351285,6.672193404199333e-06,6.672193404199333e-06,0.0,0.9989708382990345,6.666272299336406e-06,-5.92110486292638e-09,0.9999062843131625,False
2.62275,1,112,113,1.0069000000000063,1.0069000000000066,2.220446049250313e-16,0.014952968319081024,0.014952968319081024,0.09007050592722961,0.08434679504359449,0.005404960883635147,0.014952968319081024,0.0050862108836351285,6.834043583901946e-06,6.834043583901946e-06,0.0,0.9981981358228388,6.837924404820258e-06,3.880820918312003e-09,0.999836038733195,False
2.64175,1,113,114,1.0126000000000064,1.0126000000000064,0.0,0.01566546831908104,0.01566546831908104,0.09004679504359453,0.0839293341599594,0.005934335829770273,0.01566546831908104,0.0050862108836351285,7.051882029329671e-06,7.051882029329671e-06,0.0,0.9983141294803849,7.047547566621753e-06,-4.334462707917923e-09,0.9998465936043248,False
2.662,1,114,115,1.0186750000000069,1.0186750000000069,0.0,0.016424843319081128,0.016424843319081128,0.09000433415995968,0.08312749827632457,0.006314023329770294,0.016424843319081128,0.0050862108836351285,7.142876235658271e-06,7.142876235658271e-06,0.0,0.9984592637855455,7.141586601551735e-06,-1.2896341065361805e-09,0.9998597701247232,False
2.685,1,115,116,1.0255750000000068,1.0255750000000068,0.0,0.0172873433190812,0.0172873433190812,0.09002749827632464,0.08247128744655441,0.006496835829770311,0.0172873433190812,0.0050862108836351285,7.251277984516701e-06,7.251277984516701e-06,0.0,0.9985629241329576,7.233910175452303e-06,-1.7367809064397846e-08,0.9998691566669055,False
2.7102500000000003,1,116,117,1.0331500000000071,1.0331500000000071,0.0,0.0182342183190813,0.0182342183190813,0.09004628744655466,0.0815432016167844,0.006970273329770333,0.0182342183190813,0.0050862108836351285,7.3253602203671815e-06,7.3253602203671815e-06,0.0,0.9986145154936072,7.297686022418527e-06,-2.7674197948654097e-08,0.9998737306874144,False
2.7385,1,117,118,1.0416250000000071,1.0416250000000071,0.0,0.019293593319081398,0.019293593319081398,0.09001820161678466,0.08083542828701434,0.008029648329770317,0.019293593319081398,0.0050862108836351285,7.441905801095546e-06,7.441905801095546e-06,0.0,0.9987156323842078,7.2941942621151034e-06,-1.4771153898044277e-07,0.9998819921138723,False
2.76925,1,118,119,1.0508500000000076,1.0508500000000076,0.0,0.020446718319081503,0.020446718319081503,0.09006042828701473,0.08489247912212956,0.005167949164885172,0.020446718319081503,0.0050862108836351285,7.580560975998379e-06,7.580560975998379e-06,0.0,0.9988769048506267,7.580266632907788e-06,-2.94343090591169e-10,0.9998978220910876,False
2.7865,1,119,120,1.0560250000000082,1.0560250000000082,0.0,0.021093593319081574,0.021093593319081574,0.09006747912212983,0.08425265495724465,0.005151542914885191,0.021093593319081574,0.0050862108836351285,7.653654547583929e-06,7.653654547583929e-06,0.0,0.9982264446865448,7.650794017884967e-06,-2.8605296989621387e-09,0.9998386812756243,False
2.80575,1,120,121,1.0618000000000083,1.0618000000000083,0.0,0.021815468319081644,0.021815468319081644,0.09002765495724484,0.08415423704235966,0.005512480414885205,0.021815468319081644,0.0050862108836351285,7.66621144080088e-06,7.66621144080088e-06,0.0,0.9982441354129709,7.657545571582592e-06,-8.665869218288207e-09,0.9998402771281134,False
2.82525,1,121,122,1.0676500000000082,1.0676500000000082,0.0,0.02254671831908171,0.02254671831908171,0.09000423704235976,0.0833995691274746,0.005641386664885221,0.02254671831908171,0.0050862108836351285,7.629278995225893e-06,7.629278995225893e-06,0.0,0.9983482651327299,7.612874931230162e-06,-1.6404063995730835e-08,0.9998497243017438,False
2.8475,1,122,123,1.0743250000000084,1.0743250000000084,0.0,0.023381093319081794,0.023381093319081794,0.09007456912747472,0.08299646371258956,0.006058574164885239,0.023381093319081794,0.0050862108836351285,7.5361640998622154e-06,7.5361640998622154e-06,0.0,0.998407441992367,7.542094588484753e-06,5.930488622537741e-09,0.9998550685256157,False
2.871,1,123,124,1.0813750000000082,1.0813750000000082,0.0,0.024262343319081874,0.024262343319081874,0.09004646371258958,0.08208710829770444,0.006939824164885212,0.024262343319081874,0.0050862108836351285,7.572934938854161e-06,7.572934938854161e-06,0.0,0.9985139348383588,7.560415701155345e-06,-1.2519237698816257e-08,0.999864609381316,False
2.8975,1,124,125,1.0893250000000088,1.0893250000000088,0.0,0.025256093319081987,0.025256093319081987,0.09003710829770468,0.08168634663281948,0.007804648329770471,0.025256093319081987,0.0050862108836351285,7.570732616963118e-06,7.570732616963118e-06,0.0,0.9987000632143985,7.518653027431695e-06,-5.2079589531422825e-08,0.9998812275175334,False
2.92525,1,125,126,1.0976500000000091,1.097650000000009,-2.220446049250313e-16,0.026296718319082077,0.013148359159541038,0.09001134663281979,0.08061995996793456,0.008845273329770502,0.013148359159541038,0.0050862108836351285,7.583511801863936e-06,7.583511801863936e-06,0.0,0.9988340832833896,7.493477612737355e-06,-9.003418912658084e-08,0.9998926052815397,False
2.95675,1,126,127,1.107100000000009,1.107100000000009,0.0,0.01432960915954108,0.01432960915954108,0.09006995996793489,0.08499223538549225,0.0050777245824426415,0.01432960915954108,0.0050777245824426415,7.281873037148692e-06,7.281873037148692e-06,0.0,0.9989713165902135,7.2764260438133634e-06,-5.446993335328151e-09,0.9999063254390408,False
2.9735,1,127,128,1.1121250000000091,1.1121250000000091,0.0,0.014957734159541106,0.014957734159541106,0.09001723538549242,0.0843113858030498,0.005391787082442655,0.014957734159541106,0.0050777245824426415,7.3600076070115756e-06,7.3600076070115756e-06,0.0,0.9981924829686308,7.3533294126442795e-06,-6.678194367296109e-09,0.9998355180779298,False
2.9925,1,128,129,1.1178250000000098,1.1178250000000096,-2.220446049250313e-16,0.01567023415954114,0.01567023415954114,0.09001138580304996,0.08390709872060732,0.005932011664885299,0.01567023415954114,0.0050777245824426415,7.524034027770257e-06,7.524034027770257e-06,0.0,0.9983104820212025,7.533069815240934e-06,9.03578747067646e-09,0.9998462598599928,False
3.013,1,129,130,1.12397500000001,1.12397500000001,0.0,0.01643898415954122,0.01643898415954122,0.09005709872060755,0.08318406163816493,0.006316386664885317,0.01643898415954122,0.0050777245824426415,7.627179431999491e-06,7.627179431999491e-06,0.0,0.9984608804956403,7.616669371376689e-06,-1.051006062280195e-08,0.9998599183915027,False
3.03575,1,130,131,1.13080000000001,1.13080000000001,0.0,0.017292109159541297,0.017292109159541297,0.09000906163816502,0.08245517497327977,0.006494511664885333,0.017292109159541297,0.0050777245824426415,7.619428320343544e-06,7.619428320343544e-06,0.0,0.9985615112479685,7.625122328644538e-06,5.694008300993238e-09,0.9998690260284812,False
3.061,1,131,132,1.1383750000000101,1.1383750000000101,0.0,0.018238984159541397,0.018238984159541397,0.09003017497328002,0.08152941330839474,0.0069679491648853556,0.018238984159541397,0.0050777245824426415,7.749978636106868e-06,7.749978636106868e-06,0.0,0.9986140799041753,7.735889461360826e-06,-1.4089174746041537e-08,0.9998736888270702,False
3.0892500000000003,1,132,133,1.1468500000000104,1.1468500000000104,0.0,0.019298359159541496,0.019298359159541496,0.090004413308395,0.08082865164350966,0.008027324164885339,0.019298359159541496,0.0050777245824426415,7.800789673208957e-06,7.800789673208957e-06,0.0,0.9987152572162071,7.74060320603428e-06,-6.018646717467768e-08,0.9998819410364104,False
3.12,1,133,134,1.1560750000000108,1.1560750000000108,0.0,0.0204514841595416,0.0204514841595416,0.09005365164351005,0.08488920831106736,0.005164443332442686,0.0204514841595416,0.0050777245824426415,7.97689484098845e-06,7.97689484098845e-06,0.0,0.9988766219735995,7.976284856142071e-06,-6.099848463793009e-10,0.9998978002925978,False
3.13725,1,134,135,1.1612500000000112,1.161250000000011,-2.220446049250313e-16,0.021098359159541672,0.021098359159541672,0.09006420831106762,0.08425288997862496,0.005150380832442702,0.021098359159541672,0.0050777245824426415,8.070984757081972e-06,8.070984757081972e-06,0.0,0.9982253786334696,8.068242112974165e-06,-2.742644107807911e-09,0.9998385904550982,False
3.1565,1,135,136,1.1670250000000113,1.1670250000000113,0.0,0.021820234159541742,0.021820234159541742,0.09002788997862513,0.08415563414618243,0.005511318332442716,0.021820234159541742,0.0050777245824426415,8.001122296819258e-06,8.001122296819258e-06,0.0,0.9982437883989295,8.014117075147518e-06,1.2994778328260029e-08,0.9998402492662466,False
3.176,1,136,137,1.1728750000000114,1.1728750000000114,0.0,0.022551484159541807,0.022551484159541807,0.09000563414618253,0.08340212831373986,0.005640224582442731,0.022551484159541807,0.0050777245824426415,7.917307808755344e-06,7.917307808755344e-06,0.0,0.9983479551307903,7.945200938852342e-06,2.78931300969976e-08,0.9998496973241614,False
3.198,1,137,138,1.1794750000000116,1.1794750000000116,0.0,0.023376484159541897,0.023376484159541897,0.09000212831374002,0.08293455998129734,0.006052724582442752,0.023376484159541897,0.0050777245824426415,8.01807965971615e-06,8.01807965971615e-06,0.0,0.9984048519003776,7.997428170880517e-06,-2.0651488835633433e-08,0.9998548375692697,False
3.22175,1,138,139,1.1866000000000114,1.1866000000000114,0.0,0.024267109159541972,0.024267109159541972,0.09005955998129733,0.08210136664885467,0.00694334958244272,0.024267109159541972,0.0050777245824426415,7.857980645317232e-06,7.857980645317232e-06,0.0,0.9985146863508984,7.844002495868653e-06,-1.397814944857894e-08,0.9998646725989805,False
3.24825,1,139,140,1.1945500000000115,1.1945500000000115,0.0,0.025260859159542067,0.025260859159542067,0.0900513666488548,0.0817017670664121,0.007805839789885488,0.025260859159542067,0.0050777245824426415,8.008314514910205e-06,8.008314514910205e-06,0.0,0.9987006444059019,7.996152265126962e-06,-1.216224978324229e-08,0.9998812778177509,False
3.2760000000000002,1,140,141,1.2028750000000121,1.2028750000000121,0.0,0.026301484159542175,0.013150742079771087,0.09002676706641254,0.08063654248396979,0.008846464789885536,0.013150742079771087,0.0050777245824426415,8.00122031692339e-06,8.00122031692339e-06,0.0,0.9988342435062766,7.947139566062385e-06,-5.4080750861004636e-08,0.9998926082173737,False
3.3072500000000002,1,141,142,1.2122500000000125,1.2122500000000125,0.0,0.014322617079771133,0.014322617079771133,0.09001154248397017,0.08493674269274876,0.005074799791221398,0.014322617079771133,0.005074799791221398,7.69998732705736e-06,7.69998732705736e-06,0.0,0.9989704748494901,7.691246429552536e-06,-8.740897504823202e-09,0.9999062478396927,False
3.32425,1,142,143,1.2173500000000126,1.2173500000000126,0.0,0.014960117079771155,0.014960117079771155,0.09003674269274889,0.08432444290152752,0.005393549791221409,0.014960117079771155,0.005074799791221398,7.710274873439892e-06,7.710274873439892e-06,0.0,0.9981945127681482,7.722367949646871e-06,1.2093076206978574e-08,0.9998356943340113,False
3.3432500000000003,1,143,144,1.2230500000000128,1.2230500000000128,0.0,0.01567261707977119,0.01567261707977119,0.09002444290152768,0.08391839311030629,0.005932607394942811,0.01567261707977119,0.005074799791221398,7.776111638343238e-06,7.776111638343238e-06,0.0,0.9983109576744857,7.774033789267984e-06,-2.077849075253751e-09,0.9998462923734768,False
3.36375,1,144,145,1.2292000000000132,1.229200000000013,-2.220446049250313e-16,0.016441367079771254,0.016441367079771254,0.0900683931103064,0.08319359331908503,0.006316982394942822,0.016441367079771254,0.005074799791221398,7.881473490844895e-06,7.881473490844895e-06,0.0,0.9984610072398485,7.907655238006245e-06,2.6181747161350272e-08,0.999859922064761,False
3.3865000000000003,1,145,146,1.236025000000013,1.236025000000013,0.0,0.017294492079771347,0.017294492079771347,0.09001859331908527,0.08246411092414249,0.00649510739494285,0.017294492079771347,0.005074799791221398,7.997504145370075e-06,7.997504145370075e-06,0.0,0.9985616284275289,7.979714664753238e-06,-1.778948061683652e-08,0.9998690321082625,False
3.41175,1,146,147,1.2436000000000131,1.2436000000000131,0.0,0.01824136707977143,0.01824136707977143,0.0900391109241426,0.08153775352919983,0.006968544894942865,0.01824136707977143,0.005074799791221398,7.935579322788347e-06,7.935579322788347e-06,0.0,0.9986141819490773,7.944975000492849e-06,9.395677704501608e-09,0.9998736869745537,False
3.44,1,147,148,1.2520750000000136,1.2520750000000136,0.0,0.019300742079771546,0.019300742079771546,0.09001275352920023,0.08083639613425737,0.008027919894942864,0.019300742079771546,0.005074799791221398,8.11795130523942e-06,8.11795130523942e-06,0.0,0.9987153511175973,8.084612986512568e-06,-3.3338318726852147e-08,0.9998819373545013,False
3.4707500000000002,1,148,149,1.261300000000014,1.261300000000014,0.0,0.02045386707977165,0.02045386707977165,0.09006139613425776,0.0848966549367863,0.005164741197471446,0.02045386707977165,0.005074799791221398,8.205622943792314e-06,8.205622943792314e-06,0.0,0.9988766931364037,8.209210926723206e-06,3.587982930891836e-09,0.9998978055641679,False
3.488,1,149,150,1.266475000000014,1.266475000000014,0.0,0.021100742079771705,0.021100742079771705,0.09007165493678644,0.08426003873931502,0.005150678697471453,0.021100742079771705,0.005074799791221398,8.286091205569716e-06,8.286091205569716e-06,0.0,0.9982254686379608,8.29929503404843e-06,1.3203828478714277e-08,0.9998385985535099,False
3.50725,1,150,151,1.2722500000000145,1.2722500000000148,2.220446049250313e-16,0.021822617079771792,0.021822617079771792,0.09003503873931532,0.08416248504184387,0.0055116161974714745,0.021822617079771792,0.005074799791221398,8.280610299583001e-06,8.280610299583001e-06,0.0,0.9982438804885556,8.262002232127226e-06,-1.8608067455774726e-08,0.9998402585991926,False
3.5267500000000003,1,151,152,1.2781000000000144,1.2781000000000144,0.0,0.022553867079771858,0.022553867079771858,0.09001248504184396,0.08340868134437253,0.005640522447471494,0.022553867079771858,0.005074799791221398,8.173768065524584e-06,8.173768065524584e-06,0.0,0.9983480353441768,8.141839183385517e-06,-3.192888213906673e-08,0.9998497023713794,False
3.54875,1,152,153,1.2847000000000146,1.2847000000000146,0.0,0.02337886707977193,0.02337886707977193,0.09000868134437257,0.08294081514690115,0.006053022447471507,0.02337886707977193,0.005074799791221398,8.134043651034529e-06,8.134043651034529e-06,0.0,0.9984049185201266,8.173853887383589e-06,3.981023634906005e-08,0.9998548389145272,False
3.5725000000000002,1,153,154,1.2918250000000149,1.2918250000000147,-2.220446049250313e-16,0.024269492079772022,0.024269492079772022,0.09006581514690126,0.08210732394942984,0.006943647447471491,0.024269492079772022,0.005074799791221398,8.27844888581184e-06,8.27844888581184e-06,0.0,0.9985147582172598,8.270087948884992e-06,-8.360936926848396e-09,0.9998646837580821,False
3.599,1,154,155,1.2997750000000148,1.299775000000015,2.220446049250313e-16,0.025263242079772118,0.025263242079772118,0.09005732394942996,0.0817074265019585,0.007806435519943001,0.025263242079772118,0.005074799791221398,8.051647445988228e-06,8.051647445988228e-06,0.0,0.9987006835599023,8.042843807136457e-06,-8.803638851771767e-09,0.999881268257176,False
3.62675,1,155,156,1.3081000000000154,1.3081000000000151,-2.220446049250313e-16,0.026303867079772225,0.013151933539886113,0.09003242650195895,0.08064190405448743,0.008847060519943047,0.013151933539886113,0.005074799791221398,8.094894484673553e-06,8.094894484673553e-06,0.0,0.9988343142817943,8.104335688477221e-06,9.441203803668176e-09,0.9998926043687164,False
3.658,1,156,157,1.3174750000000155,1.3174750000000155,0.0,0.014323808539886159,0.014323808539886159,0.0900169040544878,0.08494195533075202,0.005074948723735783,0.014323808539886159,0.005074799791221398,7.957344763852021e-06,7.957344763852021e-06,0.0,0.9989705374457463,7.947353847500302e-06,-9.990916351718983e-09,0.9999062543827959,False
3.6750000000000003,1,157,158,1.3225750000000158,1.3225750000000158,0.0,0.01496130853988618,0.01496130853988618,0.09004195533075215,0.08432950660701638,0.005393698723735794,0.01496130853988618,0.005074799791221398,7.749593631214155e-06,7.749593631214155e-06,0.0,0.998194543654416,7.77173462898948e-06,2.214099777532539e-08,0.9998356824496173,False
3.694,1,158,159,1.3282750000000159,1.3282750000000159,0.0,0.015673808539886216,0.015673808539886216,0.09002950660701656,0.08392330788328078,0.005932905259971567,0.015673808539886216,0.005074799791221398,8.043237651605376e-06,8.043237651605376e-06,0.0,0.9983109933239125,8.029692110701162e-06,-1.3545540904214004e-08,0.9998462897636494,False
3.7145,1,159,160,1.3344250000000162,1.3344250000000162,0.0,0.01644255853988628,0.01644255853988628,0.09007330788328088,0.08319835915954514,0.006317280259971578,0.01644255853988628,0.005074799791221398,7.92474504663108e-06,7.92474504663108e-06,0.0,0.9984610630827073,7.912820285718204e-06,-1.1924760912876073e-08,0.999859912837445,False
3.73725,1,160,161,1.3412500000000165,1.3412500000000163,-2.220446049250313e-16,0.017295683539886374,0.017295683539886374,0.09002335915954536,0.08246857889957385,0.006495405259971606,0.017295683539886374,0.005074799791221398,8.061897067023491e-06,8.061897067023491e-06,0.0,0.9985616765269415,8.098312619620569e-06,3.641555259707762e-08,0.99986902647772,False
3.7625,1,161,162,1.3488250000000164,1.3488250000000164,0.0,0.018242558539886457,0.018242558539886457,0.09004357889957396,0.08154192363960241,0.006968842759971621,0.018242558539886457,0.005074799791221398,8.165274038952826e-06,8.165274038952826e-06,0.0,0.9986142363248754,8.140098788340396e-06,-2.5175250612430224e-08,0.9998736869367771,False
3.79075,1,162,163,1.3573000000000168,1.3573000000000166,-2.220446049250313e-16,0.019301933539886556,0.019301933539886556,0.09001692363960269,0.0808402683796311,0.008028217759971605,0.019301933539886556,0.005074799791221398,8.131605669572906e-06,8.131605669572906e-06,0.0,0.9987153886238506,8.143630469446323e-06,1.2024799873417086e-08,0.9998819290849691,False
3.8215,1,163,164,1.366525000000017,1.3665250000000173,2.220446049250313e-16,0.02045505853988668,0.02045505853988668,0.09006526837963161,0.08490037824964577,0.005164890129985824,0.02045505853988668,0.005074799791221398,8.367730107169204e-06,8.367730107169204e-06,0.0,0.9988767303260734,8.36225117637157e-06,-5.47893079763293e-09,0.9998978088157453,False
3.8385000000000002,1,164,165,1.3716250000000172,1.3716250000000172,0.0,0.021092558539886737,0.021092558539886737,0.09000037824964595,0.08419798811966014,0.005146140129985833,0.021092558539886737,0.005074799791221398,8.325775392326517e-06,8.325775392326517e-06,0.0,0.9982226428250179,8.325588782550735e-06,-1.8660977578184405e-10,0.9998383364131647,False
3.858,1,165,166,1.3774750000000173,1.3774750000000173,0.0,0.021823808539886802,0.021823808539886802,0.09004798811966028,0.08417059798967447,0.005511765129985845,0.021823808539886802,0.005074799791221398,8.489794006657115e-06,8.489794006657115e-06,0.0,0.9982453301536358,8.487976021182036e-06,-1.8179854750788055e-09,0.9998403948513952,False
3.8775,1,166,167,1.3833250000000177,1.383325000000018,2.220446049250313e-16,0.022555058539886885,0.022555058539886885,0.0900205979896747,0.08341195785968888,0.0056406713799858725,0.022555058539886885,0.005074799791221398,8.52674352163008e-06,8.52674352163008e-06,0.0,0.9983480864125351,8.513997485726753e-06,-1.2746035903327731e-08,0.9998497180711176,False
3.8995,1,167,168,1.3899250000000176,1.3899250000000176,0.0,0.023380058539886957,0.023380058539886957,0.09001195785968891,0.08294394272970311,0.006053171379985885,0.023380058539886957,0.005074799791221398,8.10018546544596e-06,8.10018546544596e-06,0.0,0.9984049467536196,8.088889076583548e-06,-1.129638886241107e-08,0.9998548298006934,False
3.92325,1,168,169,1.3970500000000177,1.3970500000000179,2.220446049250313e-16,0.02427068353988705,0.02427068353988705,0.09006894272970323,0.08211030259971741,0.0069437963799858695,0.02427068353988705,0.005074799791221398,8.099145960313543e-06,8.099145960313543e-06,0.0,0.9985147718036802,8.146466542617472e-06,4.7320582303929685e-08,0.9998646697341845,False
3.94975,1,169,170,1.405000000000018,1.405000000000018,0.0,0.025264433539887145,0.025264433539887145,0.09006030259971753,0.0817102562197317,0.007806733384971761,0.025264433539887145,0.005074799791221398,8.40932008167817e-06,8.40932008167817e-06,0.0,0.9987007196946425,8.384988141091202e-06,-2.4331940586967736e-08,0.9998812803750065,False
3.9775,1,170,171,1.4133250000000182,1.4133250000000182,0.0,0.026305058539887235,0.013152529269943617,0.09003525621973202,0.08064458483974614,0.008847358384971792,0.013152529269943617,0.005074799791221398,8.193772080558972e-06,8.193772080558972e-06,0.0,0.998834351782959,8.159557564948219e-06,-3.4214515610752954e-08,0.9998926033587595,False
4.00875,1,171,172,1.4227000000000185,1.4227000000000185,0.0,0.014324404269943658,0.014324404269943658,0.09001958483974647,0.0849445616497535,0.005075023189992962,0.014324404269943658,0.005074799791221398,8.066421290875572e-06,8.066421290875572e-06,0.0,0.9989705678897255,8.065891687986359e-06,-5.296028892124924e-10,0.9999062568165449,False
4.02575,1,172,173,1.4278000000000182,1.4278000000000182,0.0,0.014961904269943623,0.014961904269943623,0.09004456164975322,0.0843320384597603,0.005393773189992944,0.014961904269943623,0.005074799791221398,7.827967005465331e-06,7.827967005465331e-06,0.0,0.9981945577142208,7.813394276134529e-06,-1.4572729330802263e-08,0.9998356729142069,False
4.0447500000000005,1,173,174,1.4335000000000182,1.4335000000000182,0.0,0.015674404269943615,0.015674404269943615,0.09003203845976021,0.08392576526976728,0.005933054192485886,0.015674404269943615,0.005074799791221398,8.054200229077379e-06,8.054200229077379e-06,0.0,0.9983109990165291,8.088953888260163e-06,3.475365918278442e-08,0.9998462785150869,False
4.065,1,174,175,1.4395750000000183,1.4395750000000183,0.0,0.016433779269943685,0.016433779269943685,0.09000076526976727,0.08313511707977436,0.006312741692485874,0.016433779269943685,0.005074799791221398,8.265562029115145e-06,8.265562029115145e-06,0.0,0.9984589441470059,8.237791957237924e-06,-2.7770071877221555e-08,0.9998597214610192,False
4.088,1,175,176,1.4464750000000186,1.4464750000000186,0.0,0.01729627926994379,0.01729627926994379,0.09003511707977457,0.08248018788728873,0.006495554192485881,0.01729627926994379,0.005074799791221398,7.907600776516857e-06,7.907600776516857e-06,0.0,0.998562628689088,7.925628181782738e-06,1.8027405265880962e-08,0.9998690955213039,False
4.11325,1,176,177,1.4540500000000183,1.4540500000000183,0.0,0.018243154269943874,0.018243154269943874,0.0900551878872887,0.08155338369480286,0.006968991692485865,0.018243154269943874,0.005074799791221398,8.252835671865015e-06,8.252835671865015e-06,0.0,0.998614257229497,8.281070357033026e-06,2.8234685168011033e-08,0.9998736845065914,False
4.1415,1,177,178,1.4625250000000185,1.4625250000000185,0.0,0.019302529269943972,0.019302529269943972,0.09002838369480289,0.08084689200231707,0.008028366692485836,0.019302529269943972,0.005074799791221398,8.177837434574537e-06,8.177837434574537e-06,0.0,0.9987154077076256,8.151265095766753e-06,-2.6572338807784104e-08,0.9998819243523274,False
4.17225,1,178,179,1.4717500000000183,1.4717500000000183,0.0,0.020455654269944095,0.020455654269944095,0.09007189200231708,0.08490458365607417,0.005167308346242898,0.020455654269944095,0.005074799791221398,8.355811276637541e-06,8.355811276637541e-06,0.0,0.9988767423575079,8.371294745366884e-06,1.5483468729342653e-08,0.9998978048926304,False
4.18925,1,179,180,1.4768500000000182,1.4768500000000182,0.0,0.021093154269944136,0.021093154269944136,0.09000458365607397,0.08419977530983111,0.005146214596242884,0.021093154269944136,0.005074799791221398,8.443987241403287e-06,8.443987241403287e-06,0.0,0.9982233856531995,8.420721783722548e-06,-2.3265457680739e-08,0.999838404424107,False
4.20875,1,180,181,1.4827000000000183,1.4827000000000183,0.0,0.021824404269944236,0.021824404269944236,0.09004977530983127,0.08417231071358838,0.0055118395962428885,0.021824404269944236,0.005074799791221398,8.410570445724619e-06,8.410570445724619e-06,0.0,0.9982453427488577,8.446104794687929e-06,3.5534348963309816e-08,0.9998403887292563,False
4.22825,1,181,182,1.4885500000000182,1.4885500000000182,0.0,0.0225556542699443,0.0225556542699443,0.0900223107135883,0.08341359611734542,0.005640745846242885,0.0225556542699443,0.005074799791221398,8.38672833020738e-06,8.38672833020738e-06,0.0,0.9983480912722313,8.44683321480687e-06,6.010488459948926e-08,0.9998497084976469,False
4.25025,1,182,183,1.495150000000018,1.495150000000018,0.0,0.023380654269944356,0.023380654269944356,0.09001359611734515,0.08294550652110234,0.006053245846242863,0.023380654269944356,0.005074799791221398,8.518898926569306e-06,8.518898926569306e-06,0.0,0.9984049823956225,8.470836428478161e-06,-4.806249809114469e-08,0.9998548464502467,False
4.274,1,183,184,1.502275000000018,1.5022750000000182,2.220446049250313e-16,0.024271279269944466,0.024271279269944466,0.09007050652110246,0.08211179192485962,0.0069438708462428635,0.024271279269944466,0.005074799791221398,8.118327677105765e-06,8.118327677105765e-06,0.0,0.9985147811802283,8.08989563387907e-06,-2.8432043226695554e-08,0.9998646600783744,False
4.3005,1,184,185,1.510225000000018,1.510225000000018,0.0,0.025265029269944544,0.025265029269944544,0.09006179192485941,0.08171167107861663,0.007806882317485917,0.025265029269944544,0.005074799791221398,8.352456453589394e-06,8.352456453589394e-06,0.0,0.9987007168956841,8.401877346166857e-06,4.9420892577462894e-08,0.9998812711582464,False
4.32825,1,185,186,1.5185500000000178,1.518550000000018,2.220446049250313e-16,0.02630565426994465,0.013152827134972326,0.09003667107861658,0.08064592523237381,0.008847507317485898,0.013152827134972326,0.005074799791221398,8.58066537011941e-06,8.58066537011941e-06,0.0,0.9988343819589466,8.573995041739164e-06,-6.670328380246025e-09,0.9998926185263509,False
4.3595,1,186,187,1.5279250000000175,1.5279250000000175,0.0,0.014324702134972297,0.014324702134972297,0.09002092523237358,0.0849458648092522,0.005075060423121387,0.014324702134972297,0.005074799791221398,8.327271429542339e-06,8.327271429542339e-06,0.0,0.9989705849280626,8.318684886413747e-06,-8.586543128591678e-09,0.9999062589892947,False
4.3765,1,187,188,1.5330250000000176,1.5330250000000176,0.0,0.014962202134972295,0.014962202134972295,0.09004586480925217,0.08433330438613079,0.005393810423121386,0.014962202134972295,0.005074799791221398,8.253089764523509e-06,8.253089764523509e-06,0.0,0.9981945695395499,8.218753586444082e-06,-3.4336178079426684e-08,0.9998356730099498,False
4.3955,1,188,189,1.5387250000000174,1.5387250000000174,0.0,0.01567470213497229,0.01567470213497229,0.0900333043861307,0.08392699396300933,0.005933128658742917,0.01567470213497229,0.005074799791221398,8.066308879452926e-06,8.066308879452926e-06,0.0,0.9983109868920491,8.104878536104612e-06,3.856965665168595e-08,0.999846256659486,False
4.41575,1,189,190,1.5448000000000177,1.5448000000000177,0.0,0.016434077134972358,0.016434077134972358,0.09000199396300934,0.08313630853988799,0.006312816158742906,0.016434077134972358,0.005074799791221398,8.459920085819323e-06,8.459920085819323e-06,0.0,0.9984589450916216,8.510161519351508e-06,5.0241433532184675e-08,0.9998597105916831,False
4.43875,1,190,191,1.5517000000000176,1.5517000000000176,0.0,0.01729657713497243,0.01729657713497243,0.09003630853988792,0.08248130488114506,0.0064956286587428995,0.01729657713497243,0.005074799791221398,8.363299413446132e-06,8.363299413446132e-06,0.0,0.9985626451542781,8.310407380655095e-06,-5.289203279103629e-08,0.9998690946141368,False
4.464,1,191,192,1.5592750000000173,1.5592750000000175,2.220446049250313e-16,0.018243452134972513,0.018243452134972513,0.09005630488114505,0.08155442622240222,0.006969066158742884,0.018243452134972513,0.005074799791221398,8.238541445481317e-06,8.238541445481317e-06,0.0,0.9986142479039974,8.28686772602082e-06,4.832628053950288e-08,0.9998736630336165,False
4.49225,1,192,193,1.5677500000000177,1.5677500000000175,-2.220446049250313e-16,0.01930282713497261,0.01930282713497261,0.09002942622240223,0.08084786006365943,0.008028441158742855,0.01930282713497261,0.005074799791221398,8.736347014211087e-06,8.736347014211087e-06,0.0,0.9987154250323153,8.72243229595068e-06,-1.391471826040695e-08,0.9998819319729613,False
4.523,1,193,194,1.5769750000000176,1.5769750000000176,0.0,0.020455952134972734,0.020455952134972734,0.09007286006365942,0.08490551448428803,0.0051673455793713975,0.020455952134972734,0.005074799791221398,8.634544102187471e-06,8.634544102187471e-06,0.0,0.998876745094466,8.631581940515978e-06,-2.9621616714939174e-09,0.9998977979833045,False
4.54,1,194,195,1.5820750000000177,1.5820750000000179,2.220446049250313e-16,0.02109345213497281,0.02109345213497281,0.09000551448428808,0.08420066890491668,0.005146251829371409,0.02109345213497281,0.005074799791221398,8.926481487179204e-06,8.926481487179204e-06,0.0,0.9982234017685824,8.912201779939273e-06,-1.4279707239930753e-08,0.9998384106902349,False
4.5595,1,195,196,1.5879250000000176,1.5879250000000176,0.0,0.021824702134972875,0.021824702134972875,0.09005066890491659,0.0841731670755452,0.005511876829371398,0.021824702134972875,0.005074799791221398,8.595426096352614e-06,8.595426096352614e-06,0.0,0.9982453411530237,8.617952564676242e-06,2.25264683236285e-08,0.9998403758745091,False
4.579,1,196,197,1.5937750000000173,1.5937750000000173,0.0,0.02255595213497294,0.02255595213497294,0.09002316707554511,0.08341441524617374,0.005640783079371394,0.02255595213497294,0.005074799791221398,8.434661592066078e-06,8.434661592066078e-06,0.0,0.9983480801081387,8.47912193899838e-06,4.446034693230132e-08,0.9998496869011357,False
4.601,1,197,198,1.6003750000000174,1.6003750000000174,0.0,0.02338095213497303,0.02338095213497303,0.09001441524617375,0.08294628841680238,0.006053283079371388,0.02338095213497303,0.005074799791221398,9.019290144658655e-06,9.019290144658655e-06,0.0,0.9984049939508085,9.037918622385721e-06,1.8628477727066807e-08,0.9998548539842045,False
4.62475,1,198,199,1.6075000000000172,1.6075000000000175,2.220446049250313e-16,0.024271577134973105,0.024271577134973105,0.09007128841680224,0.08211253658743091,0.006943908079371356,0.024271577134973105,0.005074799791221398,8.889026543434811e-06,8.889026543434811e-06,0.0,0.9985148098311958,8.823629367559865e-06,-6.539717587494592e-08,0.9998646793094778,False
4.65125,1,199,200,1.6154500000000174,1.6154500000000174,0.0,0.025265327134973217,0.025265327134973217,0.09006253658743096,0.08171237850805962,0.007806956783743093,0.025265327134973217,0.005074799791221398,8.438369826730969e-06,8.438369826730969e-06,0.0,0.998700701466225,8.462871774949526e-06,2.4501948218556748e-08,0.9998812490812234,False
4.679,1,200,201,1.623775000000017,1.623775000000017,0.0,0.02630595213497329,0.013152976067486645,0.09003737850805933,0.08064659542868804,0.008847581783743041,0.013152976067486645,0.005074799791221398,8.717316519898634e-06,8.717316519898634e-06,0.0,0.9988343709486045,8.770742444879894e-06,5.342592498125951e-08,0.9998926033129676,False
4.71025,1,201,202,1.633150000000017,1.633150000000017,0.0,0.014324851067486617,0.014324851067486617,0.09002159542868782,0.08494651638900218,0.005075079039685634,0.014324851067486617,0.005074799791221398,8.911889994203751e-06,8.911889994203751e-06,0.0,0.9989706015282351,8.887595342138826e-06,-2.42946520649255e-08,0.9999062676856674,False
4.72725,1,202,203,1.6382500000000169,1.6382500000000169,0.0,0.014962351067486614,0.014962351067486614,0.09004651638900216,0.08433393734931652,0.0053938290396856325,0.014962351067486614,0.005074799791221398,8.837889391756731e-06,8.837889391756731e-06,0.0,0.9981945746565353,8.824695141519592e-06,-1.319425023713983e-08,0.9998356740941244,False
4.74625,1,203,204,1.6439500000000167,1.6439500000000167,0.0,0.015674851067486607,0.015674851067486607,0.09003393734931643,0.08392760830963081,0.005933165891871497,0.015674851067486607,0.005074799791221398,8.448055619440298e-06,8.448055619440298e-06,0.0,0.9983109823825732,8.431592164929682e-06,-1.6463454510616407e-08,0.999846244483376,False
4.7665,1,204,205,1.6500250000000167,1.6500250000000167,0.0,0.016434226067486676,0.016434226067486676,0.09000260830963082,0.08313690426994522,0.006312853391871485,0.016434226067486676,0.005074799791221398,8.443708787235894e-06,8.443708787235894e-06,0.0,0.9984589234064687,8.515991838417423e-06,7.228305118152823e-08,0.9998596815006985,False
4.7895,1,205,206,1.6569250000000166,1.6569250000000166,0.0,0.017296726067486747,0.017296726067486747,0.09003690426994518,0.08248186337807373,0.006495665891871471,0.017296726067486747,0.005074799791221398,9.093241707051349e-06,9.093241707051349e-06,0.0,0.9985626620795104,9.066179927917168e-06,-2.7061779134181533e-08,0.9998691065499006,False
4.81475,1,206,207,1.664500000000017,1.6645000000000172,2.220446049250313e-16,0.018243601067486865,0.018243601067486865,0.09005686337807398,0.08155494748620254,0.006969103391871472,0.018243601067486865,0.005074799791221398,8.562647576191987e-06,8.562647576191987e-06,0.0,0.9986142481316124,8.53407833883917e-06,-2.8569237352818163e-08,0.9998736528282309,False
4.843,1,207,208,1.672975000000017,1.672975000000017,0.0,0.019302976067486963,0.019302976067486963,0.09002994748620255,0.08084834409433111,0.008028478391871442,0.019302976067486963,0.005074799791221398,8.907273046701082e-06,8.907273046701082e-06,0.0,0.9987154138908753,8.964852639606167e-06,5.75795929050858e-08,0.9998819187233138,False
4.87375,1,208,209,1.6822000000000168,1.6822000000000163,-4.440892098500626e-16,0.02045610106748705,0.02045610106748705,0.09007334409433085,0.08490597989839517,0.005167364195935687,0.02045610106748705,0.005074799791221398,9.11792272304275e-06,9.11792272304275e-06,0.0,0.9988767562625053,9.09562375559666e-06,-2.229896744608984e-08,0.9998978040213479,False
4.89075,1,209,210,1.6873000000000165,1.6873000000000165,0.0,0.021093601067487127,0.021093601067487127,0.09000597989839523,0.08420111570245956,0.005146270445935695,0.021093601067487127,0.005074799791221398,9.243905377627937e-06,9.243905377627937e-06,0.0,0.9982234044245839,9.253424336650888e-06,9.518959022950706e-09,0.9998384096708115,False
4.9102500000000004,1,210,211,1.6931500000000166,1.6931500000000166,0.0,0.021824851067487192,0.021824851067487192,0.09005111570245944,0.08417359525652376,0.0055118954459356835,0.021824851067487192,0.005074799791221398,8.916823647407663e-06,8.916823647407663e-06,0.0,0.9982453470471973,8.892211971148217e-06,-2.461167625944635e-08,0.9998403735553896,False
4.92975,1,211,212,1.6990000000000163,1.6990000000000163,0.0,0.022556101067487257,0.022556101067487257,0.09002359525652368,0.08341482481058803,0.005640801695935671,0.022556101067487257,0.005074799791221398,8.75551130409411e-06,8.75551130409411e-06,0.0,0.998348085078263,8.722480562386314e-06,-3.303074170779509e-08,0.9998496827732231,False
4.9517500000000005,1,212,213,1.7056000000000164,1.7056000000000164,0.0,0.023381101067487347,0.023381101067487347,0.09001482481058805,0.08294667936465239,0.0060533016959356655,0.023381101067487347,0.005074799791221398,8.953947570314687e-06,8.953947570314687e-06,0.0,0.9984049723046207,9.039625665493772e-06,8.56780951790845e-08,0.9998548314808473,False
4.9755,1,213,214,1.7127250000000163,1.7127250000000163,0.0,0.024271726067487422,0.024271726067487422,0.09007167936465224,0.08211290891871662,0.006943926695935633,0.024271726067487422,0.005074799791221398,9.412481343701779e-06,9.412481343701779e-06,0.0,0.9985148250348538,9.409804659051213e-06,-2.6766846505650414e-09,0.9998646954393191,False
5.002,1,214,215,1.7206750000000164,1.7206750000000164,0.0,0.025265476067487535,0.025265476067487535,0.09006290891871667,0.08171273222278105,0.007806994016871665,0.025265476067487535,0.005074799791221398,8.860909885326609e-06,8.860909885326609e-06,0.0,0.9987007130360454,8.804420756745288e-06,-5.6489128581321e-08,0.999881252890647,False
5.02975,1,215,216,1.7290000000000165,1.7290000000000165,0.0,0.026306101067487642,0.013153050533743821,0.09003773222278103,0.08064693052684543,0.008847619016871646,0.013153050533743821,0.005074799791221398,8.695450485552884e-06,8.695450485552884e-06,0.0,0.9988343564148326,8.706882957561376e-06,1.1432472008491993e-08,0.9998925819517364,False
5.061,1,216,217,1.738375000000016,1.738375000000016,0.0,0.014324925533743793,0.014324925533743793,0.0900219305268452,0.08494684217887741,0.005075088347967788,0.014324925533743793,0.005074799791221398,9.34821012473584e-06,9.34821012473584e-06,0.0,0.9989706163252593,9.32784513882275e-06,-2.0364985913091547e-08,0.9999062789698226,False
5.078,1,217,218,1.7434750000000157,1.7434750000000157,0.0,0.014962425533743757,0.014962425533743757,0.09004684217887712,0.08433425383090937,0.005393838347967771,0.014962425533743757,0.005074799791221398,9.113429397431937e-06,9.113429397431937e-06,0.0,0.9981945691967349,9.13297808775805e-06,1.9548690326112554e-08,0.9998356679279059,False
5.097,1,218,219,1.7491750000000157,1.7491750000000157,0.0,0.01567492553374375,0.01567492553374375,0.09003425383090928,0.08392791548294153,0.005933184508435782,0.01567492553374375,0.005074799791221398,8.949579136348454e-06,8.949579136348454e-06,0.0,0.998310991062839,8.886694706531582e-06,-6.288442981687266e-08,0.9998462486004821,False
5.11725,1,219,220,1.7552500000000157,1.7552500000000157,0.0,0.01643430053374382,0.01643430053374382,0.09000291548294152,0.08313720213497379,0.006312872008435771,0.01643430053374382,0.005074799791221398,8.48989953171434e-06,8.48989953171434e-06,0.0,0.9984589101131698,8.496988990650884e-06,7.089458936543986e-09,0.9998596607568659,False
5.14025,1,220,221,1.7621500000000159,1.762150000000016,2.220446049250313e-16,0.017296800533743925,0.017296800533743925,0.09003720213497401,0.08248214262653825,0.006495684508435773,0.017296800533743925,0.005074799791221398,9.306112696175602e-06,9.306112696175602e-06,0.0,0.9985626516636679,9.349394569639326e-06,4.328187346372414e-08,0.999869096861779,False
5.1655,1,221,222,1.7697250000000158,1.769725000000016,2.220446049250313e-16,0.018243675533744008,0.018243675533744008,0.09005714262653823,0.08155520811810249,0.006969122008435758,0.018243675533744008,0.005074799791221398,9.18173928408594e-06,9.18173928408594e-06,0.0,0.9986142677930938,9.114154364869555e-06,-6.758491921638561e-08,0.9998736667220895,False
5.1937500000000005,1,222,223,1.778200000000016,1.778200000000016,0.0,0.019303050533744107,0.019303050533744107,0.09003020811810251,0.0808485861096668,0.008028497008435729,0.019303050533744107,0.005074799791221398,8.741901339496275e-06,8.741901339496275e-06,0.0,0.9987153914505684,8.782238620558193e-06,4.033728106191841e-08,0.9998818919937082,False
5.2245,1,223,224,1.787425000000016,1.787425000000016,0.0,0.02045617553374423,0.02045617553374423,0.09007358610966681,0.08490621260544896,0.005167373504217847,0.02045617553374423,0.005074799791221398,9.412791823409044e-06,9.412791823409044e-06,0.0,0.9988767604989046,9.40191964383686e-06,-1.0872179572184474e-08,0.9998978070388284,False
5.2415,1,224,225,1.792525000000016,1.792525000000016,0.0,0.02109367553374427,0.02109367553374427,0.09000621260544875,0.08420133910123095,0.00514627975421783,0.02109367553374427,0.005074799791221398,9.352976626701535e-06,9.352976626701535e-06,0.0,0.9982233984009353,9.384341643721455e-06,3.136501701991954e-08,0.9998384022822576,False
5.261,1,225,226,1.798375000000016,1.798375000000016,0.0,0.02182492553374437,0.02182492553374437,0.09005133910123111,0.08417380934701327,0.005511904754217835,0.02182492553374437,0.005074799791221398,9.327709082029828e-06,9.327709082029828e-06,0.0,0.998245362742177,9.275007160390738e-06,-5.2701921639090616e-08,0.9998403849879804,False
5.2805,1,226,227,1.8042250000000157,1.8042250000000157,0.0,0.022556175533744435,0.022556175533744435,0.09002380934701318,0.08341502959279536,0.005640811004217831,0.022556175533744435,0.005074799791221398,9.19154163006396e-06,9.19154163006396e-06,0.0,0.9983481017941127,9.11946413134873e-06,-7.207749871523126e-08,0.9998496944726023,False
5.3025,1,227,228,1.810825000000016,1.810825000000016,0.0,0.023381175533744525,0.023381175533744525,0.09001502959279538,0.08294687483857757,0.006053311004217825,0.023381175533744525,0.005074799791221398,8.773181183498359e-06,8.773181183498359e-06,0.0,0.9984049501765496,8.836099108757003e-06,6.291792525864445e-08,0.9998548057761988,False
5.32625,1,228,229,1.8179500000000157,1.8179500000000157,0.0,0.0242718005337446,0.0242718005337446,0.09007187483857741,0.08211309508435966,0.006943936004217793,0.0242718005337446,0.005074799791221398,9.32600463582971e-06,9.32600463582971e-06,0.0,0.9985148012114403,9.405889989129955e-06,7.988535330024564e-08,0.9998646751690996,False
5.35275,1,229,230,1.8259000000000154,1.8259000000000154,0.0,0.025265550533744678,0.025265550533744678,0.09006309508435943,0.0817129090801417,0.007807012633435951,0.025265550533744678,0.005074799791221398,9.512147008525158e-06,9.512147008525158e-06,0.0,0.9987007442100764,9.450539766291951e-06,-6.1607242233207e-08,0.9998812819012514,False
5.3805000000000005,1,230,231,1.8342250000000155,1.8342250000000155,0.0,0.026306175533744786,0.013153087766872393,0.09003790908014167,0.08064709807592393,0.008847637633435932,0.013153087766872393,0.005074799791221398,9.066992940527554e-06,9.066992940527554e-06,0.0,0.9988343699603536,9.010739271424998e-06,-5.625366910255638e-08,0.999892588732794,False
5.4117500000000005,1,231,232,1.8436000000000152,1.843600000000015,-2.220446049250313e-16,0.014324962766872364,0.014324962766872364,0.0900220980759237,0.08494700507381486,0.005075093002108852,0.014324962766872364,0.005074799791221398,9.617838162135549e-06,9.617838162135549e-06,0.0,0.998970626553323,9.6116739680717e-06,-6.164194063848884e-09,0.9999062881403818,False
5.42875,1,232,233,1.848700000000015,1.848700000000015,0.0,0.014962462766872362,0.014962462766872362,0.09004700507381483,0.08433441207170599,0.005393843002108851,0.014962462766872362,0.005074799791221398,9.197693519023717e-06,9.197693519023717e-06,0.0,0.9981945569256663,9.23939514394515e-06,4.170162492143285e-08,0.9998356554826396,False
5.44775,1,233,234,1.8544000000000151,1.8544000000000151,0.0,0.015674962766872358,0.015674962766872358,0.0900344120717059,0.08392806906959707,0.0059331938167179335,0.015674962766872358,0.005074799791221398,9.453175206824071e-06,9.453175206824071e-06,0.0,0.9983110008048968,9.393654494878551e-06,-5.9520711945520305e-08,0.9998462583448051,False
5.468,1,234,235,1.8604750000000152,1.8604750000000152,0.0,0.016434337766872427,0.016434337766872427,0.09000306906959707,0.08313735106748825,0.006312881316717922,0.016434337766872427,0.005074799791221398,8.91179916513352e-06,8.91179916513352e-06,0.0,0.9984589183731156,8.835906985857952e-06,-7.589217927556871e-08,0.9998596627426883,False
5.4910000000000005,1,235,236,1.867375000000015,1.867375000000015,0.0,0.0172968377668725,0.0172968377668725,0.0900373510674882,0.08248228225077033,0.006495693816717917,0.0172968377668725,0.005074799791221398,8.957846049228156e-06,8.957846049228156e-06,0.0,0.9985626155315175,9.070706500353113e-06,1.128604511249577e-07,0.9998690607646676,False
5.51625,1,236,237,1.8749500000000148,1.8749500000000148,0.0,0.01824371276687258,0.01824371276687258,0.09005728225077031,0.08155533843405245,0.006969131316717901,0.01824371276687258,0.005074799791221398,9.669422502690215e-06,9.669422502690215e-06,0.0,0.9986142780610031,9.633654606665037e-06,-3.5767896025177366e-08,0.9998736777303053,False
5.5445,1,237,238,1.8834250000000154,1.8834250000000154,0.0,0.019303087766872715,0.019303087766872715,0.09003033843405273,0.08084870711733488,0.008028506316717903,0.019303087766872715,0.005074799791221398,8.89575956944608e-06,8.89575956944608e-06,0.0,0.9987153881009968,8.860312718174699e-06,-3.5446851271380385e-08,0.9998818826083269,False
5.5752500000000005,1,238,239,1.8926500000000153,1.8926500000000153,0.0,0.020456212766872803,0.020456212766872803,0.09007370711733462,0.08490632895897571,0.005167378158358905,0.020456212766872803,0.005074799791221398,9.506596596479548e-06,9.506596596479548e-06,0.0,0.9988767515179716,9.53766043517473e-06,3.1063838695181024e-08,0.9998977995010876,False
5.59225,1,239,240,1.8977500000000151,1.8977500000000151,0.0,0.02109371276687288,0.02109371276687288,0.09000632895897576,0.08420145080061686,0.005146284408358918,0.02109371276687288,0.005074799791221398,9.34484123025551e-06,9.34484123025551e-06,0.0,0.9982233858385332,9.389561200013192e-06,4.47199697576825e-08,0.999838388881912,False
5.61175,1,240,241,1.903600000000015,1.903600000000015,0.0,0.021824962766872943,0.021824962766872943,0.09005145080061677,0.08417391639225787,0.005511909408358906,0.021824962766872943,0.005074799791221398,9.724905623148484e-06,9.724905623148484e-06,0.0,0.9982453774933501,9.686445368716558e-06,-3.846025443192641e-08,0.9998403998146167,False
5.6312500000000005,1,241,242,1.909450000000015,1.9094500000000152,2.220446049250313e-16,0.02255621276687301,0.02255621276687301,0.09002391639225776,0.0834151319838989,0.005640815658358902,0.02255621276687301,0.005074799791221398,9.589731584937357e-06,9.589731584937357e-06,0.0,0.9983481177889094,9.513194676475436e-06,-7.653690846192145e-08,0.99984970868481,False
5.65325,1,242,243,1.9160500000000151,1.9160500000000151,0.0,0.023381212766873098,0.023381212766873098,0.0900151319838989,0.08294697257554004,0.006053315658358896,0.023381212766873098,0.005074799791221398,8.797446082606648e-06,8.797446082606648e-06,0.0,0.9984049408845151,8.803760242932426e-06,6.314160325778147e-09,0.9998547922198013,False
5.6770000000000005,1,243,244,1.9231750000000147,1.9231750000000147,0.0,0.024271837766873174,0.024271837766873174,0.0900719725755399,0.08211318816718105,0.006943940658358864,0.024271837766873174,0.005074799791221398,8.986514110533711e-06,8.986514110533711e-06,0.0,0.9985147664927165,9.088918444661312e-06,1.0240433412760119e-07,0.9998646396792877,False
5.7035,1,244,245,1.9311250000000149,1.9311250000000149,0.0,0.025265587766873286,0.025265587766873286,0.0900631881671811,0.08171299750882224,0.007807021941718103,0.025265587766873286,0.005074799791221398,9.851962292391751e-06,9.851962292391751e-06,0.0,0.9987007536837611,9.848541832289612e-06,-3.420460102139403e-09,0.99988129532695,False
5.73125,1,245,246,1.939450000000015,1.939450000000015,0.0,0.026306212766873394,0.013153106383436697,0.09003799750882224,0.0806471818504634,0.008847646941718084,0.013153106383436697,0.005074799791221398,9.637875819953971e-06,9.637875819953971e-06,0.0,0.9988343977517514,9.576806537789183e-06,-6.106928216478803e-08,0.9998926140408577,False
5.7625,1,246,247,1.9488250000000147,1.9488250000000145,-2.220446049250313e-16,0.014324981383436668,0.014324981383436668,0.09002218185046318,0.08494708652128377,0.005075095329179404,0.014324981383436668,0.005074799791221398,9.812478349455119e-06,9.812478349455119e-06,0.0,0.9989706324938812,9.812852813389508e-06,3.7446393438855287e-10,0.9999062937741592,False
5.7795000000000005,1,247,248,1.9539250000000143,1.9539250000000143,0.0,0.014962481383436633,0.014962481383436633,0.09004708652128349,0.08433449119210412,0.005393845329179386,0.014962481383436633,0.005074799791221398,9.234965248397135e-06,9.234965248397135e-06,0.0,0.9981945443732797,9.279373110597083e-06,4.4407862199947936e-08,0.9998356418521367,False
5.7985,1,248,249,1.9596250000000142,1.9596250000000144,2.220446049250313e-16,0.015674981383436627,0.015674981383436627,0.09003449119210402,0.08392814586292466,0.005933198470859002,0.015674981383436627,0.005074799791221398,9.805430167353471e-06,9.805430167353471e-06,0.0,0.9983109984816283,9.7919123015298e-06,-1.3517865823670788e-08,0.9998462591145173,False
5.8187500000000005,1,249,250,1.9657000000000142,1.9657000000000142,0.0,0.016434356383436696,0.016434356383436696,0.09000314586292466,0.0831374255337453,0.00631288597085899,0.016434356383436696,0.005074799791221398,9.44496890814401e-06,9.44496890814401e-06,0.0,0.9984589336347228,9.351343323492735e-06,-9.362558465127505e-08,0.9998596752876622,False
5.84175,1,250,251,1.9726000000000146,1.9726000000000146,0.0,0.017296856383436802,0.017296856383436802,0.09003742553374551,0.08248235206288654,0.006495698470858993,0.017296856383436802,0.005074799791221398,8.735074010867534e-06,8.735074010867534e-06,0.0,0.9985625904288764,8.810192165553834e-06,7.51181546862999e-08,0.999869032782601,False
5.867,1,251,252,1.9801750000000145,1.9801750000000145,0.0,0.018243731383436886,0.018243731383436886,0.09005735206288651,0.08155540359202756,0.006969135970858977,0.018243731383436886,0.005074799791221398,9.759697786612887e-06,9.759697786612887e-06,0.0,0.9986142586291328,9.811486683609162e-06,5.178889699627553e-08,0.999873662729045,False
5.89525,1,252,253,1.9886500000000145,1.9886500000000145,0.0,0.019303106383436984,0.019303106383436984,0.09003040359202759,0.08084876762116866,0.008028510970858948,0.019303106383436984,0.005074799791221398,9.49535118823232e-06,9.49535118823232e-06,0.0,0.9987154096889992,9.414846125905223e-06,-8.050506232709729e-08,0.999881899408837,False
5.926,1,253,254,1.9978750000000147,1.9978750000000147,0.0,0.020456231383437107,0.020456231383437107,0.09007376762116864,0.0849063871357392,0.005167380485429456,0.020456231383437107,0.005074799791221398,9.408284795770573e-06,9.408284795770573e-06,0.0,0.9988767328783269,9.450077325568026e-06,4.179252979745322e-08,0.9998977803438172,False
5.9430000000000005,1,254,255,2.0029750000000144,2.0029750000000144,0.0,0.021093731383437148,0.021093731383437148,0.090006387135739,0.08420150665030957,0.0051462867354294395,0.021093731383437148,0.005074799791221398,9.336144054778936e-06,9.336144054778936e-06,0.0,0.9982233734357671,9.366174325583392e-06,3.003027080445645e-08,0.9998383745742128,False
5.9625,1,255,256,2.008825000000014,2.008825000000014,0.0,0.021824981383437213,0.021824981383437213,0.09005150665030948,0.08417396991488005,0.005511911735429428,0.021824981383437213,0.005074799791221398,9.964759327819021e-06,9.964759327819021e-06,0.0,0.9982453781824943,9.961901993320863e-06,-2.8573344981578947e-09,0.9998404031618635,False
5.982,1,256,257,2.0146750000000146,2.014675000000014,-4.440892098500626e-16,0.022556231383437313,0.022556231383437313,0.09002396991488024,0.0834151831794508,0.0056408179854294405,0.022556231383437313,0.005074799791221398,9.98914069967751e-06,9.98914069967751e-06,0.0,0.9983481351103453,9.943889043672363e-06,-4.5251656005147614e-08,0.9998497277052936,False
6.0040000000000004,1,257,258,2.0212750000000144,2.0212750000000144,0.0,0.023381231383437368,0.023381231383437368,0.09001518317945055,0.08294702144402115,0.0060533179854294185,0.023381231383437368,0.005074799791221398,9.136482350696306e-06,9.136482350696306e-06,0.0,0.9984049494165796,9.071799847344263e-06,-6.468250335204314e-08,0.9998547961444539,False
6.02775,1,258,259,2.028400000000014,2.028400000000014,0.0,0.024271856383437478,0.024271856383437478,0.09007202144402128,0.08211323470859187,0.006943942985429419,0.024271856383437478,0.005074799791221398,8.786357057394387e-06,8.786357057394387e-06,0.0,0.9985147472780053,8.833543765782457e-06,4.7186708388070485e-08,0.9998646163949259,False
6.05425,1,259,260,2.036350000000014,2.036350000000014,0.0,0.025265606383437555,0.025265606383437555,0.09006323470859166,0.08171304172316231,0.00780702659585917,0.025265606383437555,0.005074799791221398,9.782496673104319e-06,9.782496673104319e-06,0.0,0.9987007237921675,9.846876606683333e-06,6.437993357901448e-08,0.9998812706327928,False
6.082,1,260,261,2.044675000000014,2.044675000000014,0.0,0.026306231383437663,0.013153115691718831,0.09003804172316228,0.08064722373773295,0.008847651595859152,0.013153115691718831,0.005074799791221398,1.0005137849463503e-05,1.0005137849463503e-05,0.0,0.9988344112749827,9.993094911039095e-06,-1.2042938424408145e-08,0.9998926305743974,False
6.11325,1,261,262,2.0540500000000135,2.0540500000000135,0.0,0.014324990691718803,0.014324990691718803,0.09002222373773272,0.08494712724501804,0.005075096492714665,0.014324990691718803,0.005074799791221398,9.978797889379192e-06,9.978797889379192e-06,0.0,0.9989706377411781,9.982599851933276e-06,3.801962554083205e-09,0.9999062982446836,False
6.13025,1,262,263,2.0591500000000136,2.0591500000000136,0.0,0.0149624906917188,0.0149624906917188,0.09004712724501804,0.08433453075230338,0.005393846492714664,0.0149624906917188,0.005074799791221398,9.314271502566319e-06,9.314271502566319e-06,0.0,0.9981945383072254,9.34102871119361e-06,2.6757208627291524e-08,0.9998356337235805,False
6.14925,1,263,264,2.064850000000013,2.064850000000013,0.0,0.015674990691718762,0.015674990691718762,0.09003453075230303,0.0839281842595884,0.005933200797929527,0.015674990691718762,0.005074799791221398,9.873137418773984e-06,9.873137418773984e-06,0.0,0.998310979528244,9.921810206667438e-06,4.8672787893454294e-08,0.9998462431656199,False
6.1695,1,264,265,2.0709250000000137,2.0709250000000132,-4.440892098500626e-16,0.016434365691718866,0.016434365691718866,0.09000318425958867,0.08313746276687403,0.006312888297929532,0.016434365691718866,0.005074799791221398,9.952527599775665e-06,9.952527599775665e-06,0.0,0.9984589502356737,9.876267008301047e-06,-7.626059147461828e-08,0.9998596927237363,False
6.1925,1,265,266,2.0778250000000136,2.0778250000000136,0.0,0.017296865691718937,0.017296865691718937,0.090037462766874,0.08248238696894448,0.006495700797929526,0.017296865691718937,0.005074799791221398,8.799136233132178e-06,8.799136233132178e-06,0.0,0.998562578788676,8.786709118304109e-06,-1.2427114828069546e-08,0.9998690171856717,False
6.2177500000000006,1,266,267,2.0854000000000132,2.0854000000000132,0.0,0.01824374069171902,0.01824374069171902,0.09005738696894447,0.08155543617101499,0.006969138297929511,0.01824374069171902,0.005074799791221398,9.515596402916073e-06,9.515596402916073e-06,0.0,0.9986142243002769,9.643989022450704e-06,1.2839261953463102e-07,0.9998736299587029,False
6.246,1,267,268,2.093875000000014,2.093875000000014,0.0,0.01930311569171912,0.01930311569171912,0.090030436171015,0.08084879787308558,0.00802851329792948,0.01930311569171912,0.005074799791221398,1.0019603832482225e-05,1.0019603832482225e-05,0.0,0.9987154288046973,9.96800555678448e-06,-5.1598275697744504e-08,0.9998819183738787,False
6.27675,1,268,269,2.1031000000000137,2.1031000000000137,0.0,0.02045624069171924,0.02045624069171924,0.09007379787308556,0.08490641622412085,0.0051673816489647105,0.02045624069171924,0.005074799791221398,9.491402833874149e-06,9.491402833874149e-06,0.0,0.9988767281476703,9.4694790440488e-06,-2.1923789825348435e-08,0.9998977717866296,False
6.29375,1,269,270,2.1082000000000134,2.1082000000000134,0.0,0.021093740691719317,0.021093740691719317,0.09000641622412092,0.08420153457515621,0.005146287898964722,0.021093740691719317,0.005074799791221398,9.500013812258073e-06,9.500013812258073e-06,0.0,0.998223373245859,9.493156148439731e-06,-6.8576638183423955e-09,0.9998383714941373,False
6.31325,1,270,271,2.114050000000013,2.114050000000013,0.0,0.021824990691719382,0.021824990691719382,0.0900515345751561,0.08417399667619141,0.005511912898964711,0.021824990691719382,0.005074799791221398,1.0064150107031599e-05,1.0064150107031599e-05,0.0,0.9982453663459415,1.0093375627485279e-05,2.9225520453680064e-08,0.999840393525444,False
6.33275,1,271,272,2.119900000000013,2.1199000000000137,4.440892098500626e-16,0.022556240691719447,0.022556240691719447,0.0900239966761913,0.08341520877722663,0.005640819148964707,0.022556240691719447,0.005074799791221398,1.0259984271033829e-05,1.0259984271033829e-05,0.0,0.9983481404623599,1.024010671459095e-05,-1.9877556442878712e-08,0.9998497358155765,False
6.35475,1,272,273,2.1265000000000134,2.1265000000000134,0.0,0.023381240691719537,0.023381240691719537,0.09001520877722666,0.08294704587826197,0.006053319148964701,0.023381240691719537,0.005074799791221398,9.65190917408276e-06,9.65190917408276e-06,0.0,0.9984049715652382,9.567146723204561e-06,-8.476245087819822e-08,0.9998548150485219,False
6.3785,1,273,274,2.133625000000013,2.133625000000013,0.0,0.024271865691719612,0.024271865691719612,0.09007204587826181,0.08211325797929718,0.006943944148964669,0.024271865691719612,0.005074799791221398,8.92368499036419e-06,8.92368499036419e-06,0.0,0.9985147448446874,8.857653243188112e-06,-6.603174717607777e-08,0.9998646103526345,False
6.405,1,274,275,2.1415750000000133,2.1415750000000133,0.0,0.025265615691719725,0.025265615691719725,0.09006325797929722,0.08171306383033258,0.00780702892292972,0.025265615691719725,0.005074799791221398,9.66296206294937e-06,9.66296206294937e-06,0.0,0.9987006931404498,9.758315911281737e-06,9.535384833236752e-08,0.9998812401424819,False
6.43275,1,275,276,2.149900000000013,2.149900000000013,0.0,0.026306240691719798,0.013153120345859899,0.09003806383033228,0.08064724468136768,0.008847653922929667,0.013153120345859899,0.005074799791221398,1.001900587087223e-05,1.001900587087223e-05,0.0,0.9988343876868072,1.006578812441769e-05,4.678225354546044e-08,0.9998926121814664,False
6.464,1,276,277,2.1592750000000125,2.1592750000000125,0.0,0.01432499534585987,0.01432499534585987,0.09002224468136745,0.08494714760688515,0.00507509707448229,0.01432499534585987,0.005074799791221398,1.0126713626186468e-05,1.0126713626186468e-05,0.0,0.9989706466487253,1.0132786423239833e-05,6.072797053364911e-09,0.9999063058242745,False
6.481,1,277,278,2.164375000000013,2.164375000000013,0.0,0.014962495345859868,0.014962495345859868,0.09004714760688513,0.08433455053240285,0.005393847074482289,0.014962495345859868,0.005074799791221398,9.50222779279471e-06,9.50222779279471e-06,0.0,0.998194541236009,9.501426210549468e-06,-8.015822452415305e-10,0.9998356346031617,False
6.5,1,278,279,2.1700750000000126,2.1700750000000126,0.0,0.015674995345859862,0.015674995345859862,0.09003455053240275,0.08392820345792049,0.00593320196146481,0.015674995345859862,0.005074799791221398,9.735251941446954e-06,9.735251941446954e-06,0.0,0.9983109537743151,9.82366593676876e-06,8.841399532180552e-08,0.9998462183434104,False
6.52025,1,279,280,2.1761500000000127,2.1761500000000127,0.0,0.01643437034585993,0.01643437034585993,0.09000320345792048,0.08313748138343824,0.006312889461464798,0.01643437034585993,0.005074799791221398,1.0339566019754149e-05,1.0339566019754149e-05,0.0,0.9984589533079792,1.0302578048304383e-05,-3.698797144976551e-08,0.9998597010720573,False
6.5432500000000005,1,280,281,2.1830500000000126,2.1830500000000126,0.0,0.017296870345860003,0.017296870345860003,0.09003748138343817,0.08248240442197342,0.006495701961464784,0.017296870345860003,0.005074799791221398,9.169248961740119e-06,9.169248961740119e-06,0.0,0.9985625816777545,9.08219304579237e-06,-8.705591594774923e-08,0.9998690160579389,False
6.5685,1,281,282,2.190625000000013,2.190625000000013,0.0,0.01824374534586012,0.01824374534586012,0.09005740442197367,0.08155545246050892,0.006969139461464785,0.01824374534586012,0.005074799791221398,9.013651141895519e-06,9.013651141895519e-06,0.0,0.9986141887503792,9.128486073573872e-06,1.1483493167835303e-07,0.9998735919617496,False
6.59675,1,282,283,2.199100000000013,2.199100000000013,0.0,0.01930312034586022,0.01930312034586022,0.09003045246050895,0.0808488129990442,0.008028514461464756,0.01930312034586022,0.005074799791221398,1.0294257052310122e-05,1.0294257052310122e-05,0.0,0.9987154215789084,1.0296725102516412e-05,2.468050206290125e-09,0.9998819157643318,False
6.6275,1,283,284,2.2083250000000127,2.2083250000000127,0.0,0.020456245345860307,0.020456245345860307,0.09007381299904393,0.08490643076831159,0.005167382230732344,0.020456245345860307,0.005074799791221398,9.878010613784756e-06,9.878010613784756e-06,0.0,0.9988767393083484,9.831183309098174e-06,-4.682730468658211e-08,0.9998977810113556,False
6.6445,1,284,285,2.213425000000013,2.213425000000013,0.0,0.021093745345860383,0.021093745345860383,0.09000643076831163,0.0842015485375793,0.005146288480732351,0.021093745345860383,0.005074799791221398,9.73331580740602e-06,9.73331580740602e-06,0.0,0.9982233779223394,9.714733385359978e-06,-1.8582422046042272e-08,0.9998383751317874,False
6.664,1,285,286,2.2192750000000125,2.2192750000000125,0.0,0.021824995345860448,0.021824995345860448,0.09005154853757921,0.08417401005684688,0.00551191348073234,0.021824995345860448,0.005074799791221398,1.0029662686932234e-05,1.0029662686932234e-05,0.0,0.9982453470833889,1.009012800625087e-05,6.046531931863577e-08,0.9998403747321439,False
6.6835,1,286,287,2.2251250000000127,2.2251250000000127,0.0,0.022556245345860513,0.022556245345860513,0.09002401005684678,0.08341522157611447,0.005640819730732328,0.022556245345860513,0.005074799791221398,1.037774451844036e-05,1.037774451844036e-05,0.0,0.9983481281097639,1.0393564669028936e-05,1.582015058857562e-08,0.9998497279450632,False
6.7055,1,287,288,2.231725000000013,2.231725000000013,0.0,0.023381245345860602,0.023381245345860602,0.0900152215761145,0.08294705809538219,0.0060533197307323225,0.023381245345860602,0.005074799791221398,1.0004601964770329e-05,1.0004601964770329e-05,0.0,0.9984049912471492,9.967962022492966e-06,-3.6639942277362676e-08,0.9998548329762784,False
6.72925,1,288,289,2.2388500000000127,2.2388500000000127,0.0,0.024271870345860678,0.024271870345860678,0.09007205809538205,0.08211326961464976,0.00694394473073229,0.024271870345860678,0.005074799791221398,9.549647007715822e-06,9.549647007715822e-06,0.0,0.9985147538379959,9.400932914513393e-06,-1.4871409320242916e-07,0.9998646160575605,False
6.75575,1,289,290,2.246800000000013,2.246800000000013,0.0,0.02526562034586079,0.02526562034586079,0.0900632696146498,0.08171307488391753,0.007807030086464979,0.02526562034586079,0.005074799791221398,9.120476688549657e-06,9.120476688549657e-06,0.0,0.9987006669580513,9.272617762288348e-06,1.5214107373869067e-07,0.9998812111454298,False
6.7835,1,290,291,2.2551250000000125,2.2551250000000125,0.0,0.026306245345860898,0.013153122672930449,0.0900380748839175,0.08064725515318524,0.00884765508646496,0.013153122672930449,0.005074799791221398,9.797618633935936e-06,9.797618633935936e-06,0.0,0.9988343512992635,9.88312004896724e-06,8.550141503130466e-08,0.9998925763798522,False
6.81475,1,291,292,2.2645000000000124,2.2645000000000124,0.0,0.01432499767293042,0.01432499767293042,0.09002225515318502,0.0849471577878189,0.0050750973653661165,0.01432499767293042,0.005074799791221398,1.0292775112169316e-05,1.0292775112169316e-05,0.0,0.9989706600033859,1.0287585579141592e-05,-5.189533027724668e-09,0.9999063179852881,False
6.83175,1,292,293,2.269600000000012,2.269600000000012,0.0,0.014962497672930385,0.014962497672930385,0.09004715778781862,0.08433456042245253,0.005393847365366099,0.014962497672930385,0.005074799791221398,9.780325817633349e-06,9.780325817633349e-06,0.0,0.9981945499209754,9.753482727024897e-06,-2.6843090608451433e-08,0.9998356421003193,False
6.850750000000001,1,293,294,2.275300000000012,2.275300000000012,0.0,0.015674997672930378,0.015674997672930378,0.09003456042245245,0.08392821305708636,0.005933202543232439,0.015674997672930378,0.005074799791221398,9.566112962157392e-06,9.566112962157392e-06,0.0,0.9983109326222754,9.666195929114755e-06,1.0008296695736274e-07,0.9998461964421281,False
6.871,1,294,295,2.281375000000012,2.281375000000012,0.0,0.016434372672930447,0.016434372672930447,0.09000321305708636,0.0831374906917203,0.006312890043232428,0.016434372672930447,0.005074799791221398,1.0527248245781519e-05,1.0527248245781519e-05,0.0,0.9984589279799544,1.0537306524269425e-05,1.0058278487905985e-08,0.9998596816508716,False
6.894,1,295,296,2.288275000000012,2.288275000000012,0.0,0.017296872672930553,0.017296872672930553,0.09003749069172051,0.0824824131484881,0.00649570254323243,0.017296872672930553,0.005074799791221398,9.833133258545256e-06,9.833133258545256e-06,0.0,0.998562604851405,9.727462260734611e-06,-1.056709978106455e-07,0.9998690354579144,False
6.91925,1,296,297,2.295850000000012,2.295850000000012,0.0,0.018243747672930636,0.018243747672930636,0.09005741314848809,0.08155546060525569,0.006969140043232415,0.018243747672930636,0.005074799791221398,8.856039668476414e-06,8.856039668476414e-06,0.0,0.9986141727623509,8.884178327032169e-06,2.813865855575445e-08,0.9998735725259026,False
6.9475,1,297,298,2.304325000000012,2.304325000000012,0.0,0.019303122672930734,0.019303122672930734,0.09003046060525571,0.08084882056202333,0.008028515043232385,0.019303122672930734,0.005074799791221398,1.0373438702072652e-05,1.0373438702072652e-05,0.0,0.9987153929871168,1.0413712852847982e-05,4.0274150775329804e-08,0.9998818897213246,False
6.97825,1,298,299,2.313550000000012,2.313550000000012,0.0,0.020456247672930857,0.020456247672930857,0.09007382056202334,0.08490643804040718,0.005167382521616175,0.020456247672930857,0.005074799791221398,1.015423588359007e-05,1.015423588359007e-05,0.0,0.9988767447155075,1.0107390927681072e-05,-4.684495590899832e-08,0.9998977858084762,False
6.99525,1,299,300,2.318650000000012,2.318650000000012,0.0,0.021093747672930898,0.021093747672930898,0.09000643804040695,0.08420155551879083,0.005146288771616158,0.021093747672930898,0.005074799791221398,9.955543234576052e-06,9.955543234576052e-06,0.0,0.9982233807006464,9.925275407685736e-06,-3.026782689031582e-08,0.9998383776947273,False
7.01475,1,300,301,2.324500000000012,2.324500000000012,0.0,0.021824997672930998,0.021824997672930998,0.09005155551879099,0.08417401674717483,0.005511913771616163,0.021824997672930998,0.005074799791221398,9.977235928665618e-06,9.977235928665618e-06,0.0,0.9982453318867347,1.0059174232656656e-05,8.193830399103844e-08,0.9998403587739624,False
7.03425,1,301,302,2.330350000000012,2.330350000000012,0.0,0.022556247672931063,0.022556247672931063,0.09002401674717472,0.08341522797555859,0.005640820021616159,0.022556247672931063,0.005074799791221398,1.0510357724216086e-05,1.0510357724216086e-05,0.0,0.9983481114006323,1.053704840515144e-05,2.6690680935353246e-08,0.9998497130053663,False
7.05625,1,302,303,2.336950000000012,2.336950000000012,0.0,0.023381247672931118,0.023381247672931118,0.09001522797555832,0.08294706420394223,0.006053320021616137,0.023381247672931118,0.005074799791221398,1.0442438344654404e-05,1.0442438344654404e-05,0.0,0.9984050220100287,1.0335359252130853e-05,-1.070790925235504e-07,0.999854864022563,False
7.08,1,303,304,2.3440750000000117,2.3440750000000117,0.0,0.024271872672931228,0.024271872672931228,0.09007206420394234,0.08211327543232624,0.006943945021616138,0.024271872672931228,0.005074799791221398,1.0143719956595102e-05,1.0143719956595102e-05,0.0,0.9985147774937387,1.0087805932962958e-05,-5.591402363214356e-08,0.9998646376143534,False
7.1065000000000005,1,304,305,2.352025000000012,2.352025000000012,0.0,0.025265622672931306,0.025265622672931306,0.09006327543232603,0.08171308041070996,0.007807030668232608,0.025265622672931306,0.005074799791221398,8.953643021191354e-06,8.953643021191354e-06,0.0,0.9987006582763789,8.986187413561909e-06,3.254439237055425e-08,0.9998812007264807,False
7.13425,1,305,306,2.3603500000000115,2.3603500000000115,0.0,0.026306247672931413,0.013153123836465707,0.09003808041070993,0.08064726038909388,0.008847655668232588,0.013153123836465707,0.005074799791221398,9.378603410667858e-06,9.378603410667858e-06,0.0,0.9988343278266774,9.484695727348974e-06,1.0609231668111635e-07,0.9998925507502617,False
7.1655,1,306,307,2.3697250000000114,2.3697250000000114,0.0,0.014324998836465678,0.014324998836465678,0.09002226038909365,0.08494716287828563,0.005075097510808024,0.014324998836465678,0.005074799791221398,1.0530778894085835e-05,1.0530778894085835e-05,0.0,0.9989706761827024,1.050336053855629e-05,-2.741835552954523e-08,0.9999063335271795,False
7.1825,1,307,308,2.374825000000011,2.374825000000011,0.0,0.014962498836465676,0.014962498836465676,0.0900471628782856,0.08433456536747758,0.005393847510808023,0.014962498836465676,0.005074799791221398,1.0094142547683254e-05,1.0094142547683254e-05,0.0,0.998194559613528,1.005025535313252e-05,-4.388719455073451e-08,0.9998356515666986,False
7.2015,1,308,309,2.380525000000011,2.380525000000011,0.0,0.01567499883646567,0.01567499883646567,0.0900345653674775,0.08392821785666948,0.0059332028341162624,0.01567499883646567,0.005074799791221398,9.478378627467507e-06,9.478378627467507e-06,0.0,0.9983109180958826,9.546305365856333e-06,6.792673838882626e-08,0.9998461800673217,False
7.22175,1,309,310,2.386600000000011,2.386600000000011,0.0,0.01643437383646574,0.01643437383646574,0.09000321785666948,0.0831374953458615,0.006312890334116251,0.01643437383646574,0.005074799791221398,1.0566653237288989e-05,1.0566653237288989e-05,0.0,0.9984588935086437,1.0621882760568114e-05,5.522952327912485e-08,0.9998596488590619,False
7.24475,1,310,311,2.393500000000011,2.393500000000011,0.0,0.01729687383646581,0.01729687383646581,0.09003749534586145,0.08248241751174525,0.006495702834116245,0.01729687383646581,0.005074799791221398,1.0300924681946254e-05,1.0300924681946254e-05,0.0,0.9985626279165107,1.0205871323346592e-05,-9.505335859966179e-08,0.9998690568445527,False
7.2700000000000005,1,311,312,2.401075000000011,2.401075000000011,0.0,0.018243748836465894,0.018243748836465894,0.09005741751174523,0.08155546467762906,0.006969140334116229,0.018243748836465894,0.005074799791221398,9.16699398126756e-06,9.16699398126756e-06,0.0,0.998614170184214,9.08481879112832e-06,-8.217519013924103e-08,0.9998735664584153,False
7.29825,1,312,313,2.409550000000011,2.409550000000011,0.0,0.019303123836465992,0.019303123836465992,0.09003046467762907,0.0808488243435129,0.008028515334116198,0.019303123836465992,0.005074799791221398,1.003164808658082e-05,1.003164808658082e-05,0.0,0.9987153531686747,1.0170444808732944e-05,1.3879672215212375e-07,0.9998818485202734,False
7.329,1,313,314,2.4187750000000108,2.4187750000000108,0.0,0.020456248836466115,0.020456248836466115,0.09007382434351291,0.08490644167645484,0.00516738266705807,0.020456248836466115,0.005074799791221398,1.05255647185069e-05,1.05255647185069e-05,0.0,0.9988767611518476,1.0501417533527853e-05,-2.4147184979046808e-08,0.9998978041339549,False
7.346,1,314,315,2.4238750000000113,2.4238750000000113,0.0,0.02109374883646619,0.02109374883646619,0.09000644167645488,0.08420155900939683,0.005146288917058082,0.02109374883646619,0.005074799791221398,1.0110211820034545e-05,1.0110211820034545e-05,0.0,0.9982233763328174,1.0072653091754824e-05,-3.755872827972042e-08,0.999838372958879,False
7.3655,1,315,316,2.429725000000011,2.429725000000011,0.0,0.021824998836466256,0.021824998836466256,0.09005155900939674,0.08417402009233867,0.00551191391705807,0.021824998836466256,0.005074799791221398,9.816948442587246e-06,9.816948442587246e-06,0.0,0.9982453185261688,9.913187393963233e-06,9.623895137598646e-08,0.9998403442690567,False
7.385,1,316,317,2.4355750000000107,2.4355750000000107,0.0,0.02255624883646632,0.02255624883646632,0.09002402009233856,0.08341523117528053,0.005640820167058066,0.02255624883646632,0.005074799791221398,1.0526451386222847e-05,1.0526451386222847e-05,0.0,0.9983480838725228,1.0575431318241674e-05,4.897993201882734e-08,0.999849685242109,False
7.407,1,317,318,2.4421750000000113,2.4421750000000113,0.0,0.02338124883646641,0.02338124883646641,0.09001523117528054,0.08294706725822251,0.00605332016705806,0.02338124883646641,0.005074799791221398,1.0828176440532674e-05,1.0828176440532674e-05,0.0,0.9984050474264559,1.0582587669943227e-05,-2.455887705894472e-07,0.9998548898588392,False
7.43075,1,318,319,2.4493000000000107,2.4493000000000107,0.0,0.024271873836466486,0.024271873836466486,0.09007206725822237,0.08211327834116436,0.006943945167058028,0.024271873836466486,0.005074799791221398,1.0321089197677901e-05,1.0321089197677901e-05,0.0,0.9985147965905596,1.0356199628843967e-05,3.511043116606518e-08,0.9998646545860752,False
7.45725,1,319,320,2.457250000000011,2.457250000000011,0.0,0.0252656238364666,0.0252656238364666,0.09006327834116441,0.08171308317410639,0.007807030959116439,0.0252656238364666,0.005074799791221398,9.297648981787705e-06,9.297648981787705e-06,0.0,0.9987006567268671,9.176504870179336e-06,-1.2114411160836958e-07,0.9998811968388642,False
7.485,1,320,321,2.465575000000011,2.465575000000011,0.0,0.02630624883646667,0.013153124418233336,0.09003808317410611,0.08064726300704814,0.008847655959116386,0.013153124418233336,0.005074799791221398,9.255365449717477e-06,9.255365449717477e-06,0.0,0.9988343205957178,9.270820435348915e-06,1.545498563143826e-08,0.9998925420379768,False
7.51625,1,321,322,2.4749500000000104,2.4749500000000104,0.0,0.014324999418233307,0.014324999418233307,0.09002226300704791,0.08494716542351895,0.00507509758352897,0.014324999418233307,0.005074799791221398,1.0843785669589599e-05,1.0843785669589599e-05,0.0,0.998970693028717,1.0795510609985142e-05,-4.8275059604457405e-08,0.9999063501484657,False
7.53325,1,322,323,2.48005000000001,2.48005000000001,0.0,0.014962499418233305,0.014962499418233305,0.09004716542351893,0.08433456783998997,0.005393847583528968,0.014962499418233305,0.005074799791221398,1.0406765980117898e-05,1.0406765980117898e-05,0.0,0.9981945675503427,1.035546483159851e-05,-5.1301148519387234e-08,0.9998356598040194,False
7.55225,1,323,324,2.48575000000001,2.48575000000001,0.0,0.015674999418233297,0.015674999418233297,0.09003456783998987,0.08392822025646092,0.005933202979558169,0.015674999418233297,0.005074799791221398,9.548404352691152e-06,9.548404352691152e-06,0.0,0.9983109112980688,9.570205437596573e-06,2.1801084905420263e-08,0.9998461713721004,False
7.5725,1,324,325,2.49182500000001,2.49182500000001,0.0,0.016434374418233366,0.016434374418233366,0.0900032202564609,0.08313749767293198,0.006312890479558158,0.016434374418233366,0.005074799791221398,1.025068591228951e-05,1.025068591228951e-05,0.0,0.99845886107281,1.0406813169342133e-05,1.5612725705262294e-07,0.999859614464335,False
7.5955,1,325,326,2.49872500000001,2.49872500000001,0.0,0.017296874418233438,0.017296874418233438,0.09003749767293193,0.08248241969337382,0.006495702979558144,0.017296874418233438,0.005074799791221398,1.0786872054202492e-05,1.0786872054202492e-05,0.0,0.9985626517965377,1.0719283403407882e-05,-6.75886507946102e-08,0.9998690837770564,False
7.62075,1,326,327,2.50630000000001,2.50630000000001,0.0,0.018243749418233556,0.018243749418233556,0.09005741969337405,0.08155546671381594,0.0069691404795581445,0.018243749418233556,0.005074799791221398,9.803567657721977e-06,9.803567657721977e-06,0.0,0.9986141792484927,9.664103824845796e-06,-1.394638328761804e-07,0.9998735722876327,False
7.649,1,327,328,2.5147750000000104,2.51477500000001,-4.440892098500626e-16,0.019303124418233654,0.019303124418233654,0.09003046671381597,0.08084882623425788,0.008028515479558115,0.019303124418233654,0.005074799791221398,9.466326011039827e-06,9.466326011039827e-06,0.0,0.9987153316516307,9.701584439752027e-06,2.352584287122002e-07,0.9998818244527942,False
7.67975,1,328,329,2.5240000000000102,2.5240000000000102,0.0,0.020456249418233742,0.020456249418233742,0.09007382623425761,0.08490644349447858,0.0051673827397790235,0.020456249418233742,0.005074799791221398,1.0728462223060956e-05,1.0728462223060956e-05,0.0,0.9988767526166288,1.0731438354888293e-05,2.9761318273366106e-09,0.9998977998890848,False
7.69675,1,329,330,2.5291000000000103,2.5291000000000103,0.0,0.021093749418233818,0.021093749418233818,0.09000644349447863,0.08420156075469962,0.005146288989779031,0.021093749418233818,0.005074799791221398,1.0367445837259042e-05,1.0367445837259042e-05,0.0,0.9982233788154807,1.0322369410392575e-05,-4.5076426866466884e-08,0.9998383744813913,False
7.7162500000000005,1,330,331,2.53495000000001,2.53495000000001,0.0,0.021824999418233883,0.021824999418233883,0.09005156075469951,0.0841740217649205,0.005511913989779019,0.021824999418233883,0.005074799791221398,9.735238100494562e-06,9.735238100494562e-06,0.0,0.9982453100605386,9.79506210192996e-06,5.982400143539693e-08,0.9998403348353428,False
7.73575,1,331,332,2.54080000000001,2.54080000000001,0.0,0.022556249418233948,0.022556249418233948,0.09002402176492041,0.08341523277514143,0.005640820239779008,0.022556249418233948,0.005074799791221398,1.0363951090953656e-05,1.0363951090953656e-05,0.0,0.9983480633246901,1.0511068006639323e-05,1.471169156856667e-07,0.9998496634468824,False
7.757750000000001,1,332,333,2.5474000000000103,2.5474000000000103,0.0,0.023381249418234037,0.023381249418234037,0.09001523277514144,0.08294706878536245,0.006053320239779002,0.023381249418234037,0.005074799791221398,1.955717863482419e-05,1.955717863482419e-05,0.0,0.9984050317013182,1.1462458491930978e-05,-8.094720142893212e-06,0.9998548913078684,False
7.7815,1,333,334,2.5545250000000097,2.5545250000000097,0.0,0.024271874418234113,0.024271874418234113,0.09007206878536231,0.08211327979558336,0.00694394523977897,0.024271874418234113,0.005074799791221398,1.0414735038441367e-05,1.0414735038441367e-05,0.0,0.9985148344253766,1.0419534693705988e-05,4.7996552646212016e-09,0.9998646864425315,False
7.808,1,334,335,2.56247500000001,2.56247500000001,0.0,0.025265624418234225,0.025265624418234225,0.0900632797955834,0.08171308455580445,0.0078070311045583375,0.025265624418234225,0.005074799791221398,9.89929054011571e-06,9.89929054011571e-06,0.0,0.9987006628409132,9.722900043135222e-06,-1.7639049698048802e-07,0.9998812007558755,False
7.83575,1,335,336,2.57080000000001,2.57080000000001,0.0,0.026306249418234333,0.013153124709117166,0.09003808455580442,0.08064726431602548,0.00884765610455832,0.013153124709117166,0.005074799791221398,9.896360922565043e-06,9.896360922565043e-06,0.0,0.9988343283613565,9.784323961477124e-06,-1.1203696108791914e-07,0.9998925463987737,False
7.867,1,336,337,2.5801750000000103,2.5801750000000094,-8.881784197001252e-16,0.014324999709117138,0.014324999709117138,0.09002226431602525,0.0849471666961358,0.005075097619889457,0.014324999709117138,0.005074799791221398,1.1168080028328242e-05,1.1168080028328242e-05,0.0,0.9989707096428293,1.1118046638892683e-05,-5.0033389435558996e-08,0.9999063666628337,False
7.884,1,337,338,2.5852750000000095,2.5852750000000095,0.0,0.014962499709117102,0.014962499709117102,0.09004716669613552,0.08433456907624609,0.0053938476198894395,0.014962499709117102,0.005074799791221398,1.0695673291679346e-05,1.0695673291679346e-05,0.0,0.9981945739648339,1.0647721580433908e-05,-4.795171124543718e-08,0.9998356664677165,False
7.9030000000000005,1,338,339,2.590975000000009,2.590975000000009,0.0,0.015674999709117097,0.015674999709117097,0.09003456907624602,0.08392822145635659,0.005933203052279119,0.015674999709117097,0.005074799791221398,9.761153521696173e-06,9.761153521696173e-06,0.0,0.9983109111105848,9.739459538629842e-06,-2.1693983066331177e-08,0.9998461692437853,False
7.92325,1,339,340,2.597050000000009,2.597050000000009,0.0,0.016434374709117166,0.016434374709117166,0.09000322145635659,0.08313749883646718,0.006312890552279108,0.016434374709117166,0.005074799791221398,9.647231340228845e-06,9.647231340228845e-06,0.0,0.9984588395935098,9.873668232992925e-06,2.264368927640801e-07,0.9998595906262061,False
7.94625,1,340,341,2.6039500000000095,2.6039500000000095,0.0,0.017296874709117272,0.017296874709117272,0.09003749883646739,0.0824824207841883,0.00649570305227911,0.017296874709117272,0.005074799791221398,1.1121551234665041e-05,1.1121551234665041e-05,0.0,0.9985626489721522,1.1086451036278335e-05,-3.510019838670608e-08,0.9998690879869342,False
7.9715,1,341,342,2.6115250000000096,2.611525000000009,-4.440892098500626e-16,0.018243749709117355,0.018243749709117355,0.09005742078418827,0.0815554677319092,0.006969140552279094,0.018243749709117355,0.005074799791221398,1.0561710469630579e-05,1.0561710469630579e-05,0.0,0.9986142030341402,1.0434222100802704e-05,-1.2748836882787496e-07,0.9998735922851181,False
7.999750000000001,1,342,343,2.62000000000001,2.62000000000001,0.0,0.019303124709117454,0.019303124709117454,0.09003046773190923,0.08084882717963018,0.008028515552279064,0.019303124709117454,0.005074799791221398,8.96989801577161e-06,8.96989801577161e-06,0.0,0.9987153195187786,9.057073141951783e-06,8.717512618017361e-08,0.9998818105890361,False
8.0305,1,343,344,2.629225000000009,2.6292250000000092,4.440892098500626e-16,0.020456249709117403,0.020456249709117403,0.09007382717962978,0.08490644440349027,0.005167382776139498,0.020456249709117403,0.005074799791221398,1.071893431648044e-05,1.071893431648044e-05,0.0,0.9988767251564277,1.0755450959607426e-05,3.651664312698624e-08,0.999897773700447,False
8.0475,1,344,345,2.6343250000000094,2.6343250000000094,0.0,0.021093749709117433,0.021093749709117433,0.09000644440349054,0.08420156162735098,0.005146289026139514,0.021093749709117433,0.005074799791221398,1.0644014059945348e-05,1.0644014059945348e-05,0.0,0.998223386406934,1.0598285514834468e-05,-4.5728545110880784e-08,0.9998383814215249,False
8.067,1,345,346,2.640175000000009,2.640175000000009,0.0,0.021824999709117377,0.021824999709117377,0.09005156162735059,0.0841740226012111,0.005511914026139486,0.021824999709117377,0.005074799791221398,9.859888929816612e-06,9.859888929816612e-06,0.0,0.9982453049922766,9.85200803482839e-06,-7.880894988221377e-09,0.9998403286585358,False
8.086500000000001,1,346,347,2.646025000000009,2.646025000000009,0.0,0.022556249709117387,0.022556249709117387,0.09002402260121126,0.08341523357507175,0.005640820276139499,0.022556249709117387,0.005074799791221398,9.769981049658687e-06,9.769981049658687e-06,0.0,0.998348047625819,9.971022680285658e-06,2.0104163062697198e-07,0.9998496464791989,False
8.1085,1,347,348,2.6526250000000093,2.6526250000000093,0.0,0.023381249709117376,0.023381249709117376,0.09001523357507174,0.08294706954893222,0.006053320276139493,0.023381249709117376,0.005074799791221398,2.9563290370569553e-05,2.9563290370569553e-05,0.0,0.9984050038341028,3.1838211492805666e-05,2.2749211222361123e-06,0.9998548606135751,False
8.13225,1,348,349,2.6597500000000087,2.6597500000000087,0.0,0.024271874709117344,0.024271874709117344,0.0900720695489321,0.08211328052279257,0.006943945276139488,0.024271874709117344,0.005074799791221398,1.0603994988393712e-05,1.0603994988393712e-05,0.0,0.9985148660128914,1.0522024591973808e-05,-8.197039641990472e-08,0.9998647081089669,False
8.15875,1,349,350,2.667700000000009,2.667700000000009,0.0,0.025265624709117335,0.025265624709117335,0.09006328052279261,0.08171308524665309,0.007807031177279304,0.025265624709117335,0.005074799791221398,1.0521074224411112e-05,1.0521074224411112e-05,0.0,0.9987006734637046,1.0415280187127732e-05,-1.0579403728338014e-07,0.9998812104695274,False
8.1865,1,350,351,2.676025000000009,2.676025000000009,0.0,0.026306249709117283,0.013153124854558641,0.09003808524665269,0.08064726497051322,0.008847656177279253,0.013153124854558641,0.005074799791221398,1.044884476353547e-05,1.044884476353547e-05,0.0,0.9988343377055894,1.0342977654128406e-05,-1.05867109407063e-07,0.9998925543376546,False
8.21775,1,351,352,2.6854000000000084,2.6854000000000084,0.0,0.014324999854558613,0.014324999854558613,0.090022264970513,0.08494716733244329,0.005075097638069712,0.014324999854558613,0.005074799791221398,1.14465307771933e-05,1.14465307771933e-05,0.0,0.9989707259759092,1.141085540748096e-05,-3.567536971233972e-08,0.9999063828937448,False
8.23475,1,352,353,2.690500000000008,2.690500000000008,0.0,0.014962499854558577,0.014962499854558577,0.090047167332443,0.08433456969437331,0.0053938476380696945,0.014962499854558577,0.005074799791221398,1.0947823949480857e-05,1.0947823949480857e-05,0.0,0.9981945803350022,1.0907948618883717e-05,-3.987533059713992e-08,0.9998356729050161,False
8.25375,1,353,354,2.696200000000008,2.696200000000008,0.0,0.015674999854558565,0.015674999854558565,0.09003456969437326,0.08392822205630356,0.005933203088639593,0.015674999854558565,0.005074799791221398,1.005555233257773e-05,1.005555233257773e-05,0.0,0.9983109185498563,1.000537815115882e-05,-5.017418141890968e-08,0.9998461749085545,False
8.274000000000001,1,354,355,2.702275000000008,2.702275000000008,0.0,0.016434374854558575,0.016434374854558575,0.0900032220563037,0.08313749941823398,0.006312890588639598,0.016434374854558575,0.005074799791221398,9.280372241216223e-06,9.280372241216223e-06,0.0,0.998458828232063,9.39666174679907e-06,1.1628950558284718e-07,0.9998595778448666,False
8.297,1,355,356,2.709175000000008,2.709175000000008,0.0,0.017296874854558542,0.017296874854558542,0.09003749941823382,0.08248242132959419,0.006495703088639577,0.017296874854558542,0.005074799791221398,1.1366678187453095e-05,1.1366678187453095e-05,0.0,0.9985626202989626,1.1353315457989725e-05,-1.3362729463369753e-08,0.999869064646207,False
8.32225,1,356,357,2.7167500000000078,2.7167500000000078,0.0,0.01824374985455851,0.01824374985455851,0.09005742132959405,0.08155546824095444,0.006969140588639561,0.01824374985455851,0.005074799791221398,1.090554891293452e-05,1.090554891293452e-05,0.0,0.9986142269622013,1.0874135486918496e-05,-3.1413426016023774e-08,0.9998736118024778,False
8.3505,1,357,358,2.7252250000000076,2.7252250000000076,0.0,0.01930312485455848,0.01930312485455848,0.09003046824095429,0.08084882765231474,0.008028515588639557,0.01930312485455848,0.005074799791221398,9.223371068464058e-06,9.223371068464058e-06,0.0,0.9987153130571279,9.085936332776218e-06,-1.3743473568783994e-07,0.9998818022997853,False
8.38125,1,358,359,2.734450000000008,2.734450000000008,0.0,0.020456249854558496,0.020456249854558496,0.09007382765231486,0.08490644485799508,0.005167382794319782,0.020456249854558496,0.005074799791221398,1.0527848095230494e-05,1.0527848095230494e-05,0.0,0.9988767045415317,1.0605096275131053e-05,7.724817990055976e-08,0.9998977517895175,False
8.39825,1,359,360,2.7395500000000075,2.7395500000000075,0.0,0.02109374985455846,0.02109374985455846,0.0900064448579948,0.08420156206367505,0.0051462890443197675,0.02109374985455846,0.005074799791221398,1.0945587756070943e-05,1.0945587756070943e-05,0.0,0.9982233989580486,1.0904938925241514e-05,-4.064883082942946e-08,0.9998383946578698,False
8.41775,1,360,361,2.7454000000000076,2.7454000000000076,0.0,0.02182499985455847,0.02182499985455847,0.09005156206367516,0.08417402301935537,0.005511914044319772,0.02182499985455847,0.005074799791221398,1.0037402319445783e-05,1.0037402319445783e-05,0.0,0.9982453016747923,9.983537611262747e-06,-5.3864708183035256e-08,0.999840324597222,False
8.43725,1,361,362,2.7512500000000073,2.7512500000000073,0.0,0.022556249854558414,0.022556249854558414,0.09002402301935497,0.08341523397503521,0.005640820294319745,0.022556249854558414,0.005074799791221398,9.481715071917843e-06,9.481715071917843e-06,0.0,0.9983480373330408,9.575479011559939e-06,9.37639396420963e-08,0.9998496344297158,False
8.45925,1,362,363,2.7578500000000075,2.7578500000000075,0.0,0.023381249854558403,0.023381249854558403,0.09001523397503523,0.08294706993071548,0.00605332029431974,0.023381249854558403,0.005074799791221398,1.1306018119342903e-05,1.1306018119342903e-05,0.0,0.9984049717029561,1.1327071820244056e-05,2.1053700901153133e-08,0.9998548285216668,False
8.483,1,363,364,2.7649750000000073,2.7649750000000073,0.0,0.02427187485455837,0.02427187485455837,0.09007206993071534,0.0821132808863956,0.006943945294319734,0.02427187485455837,0.005074799791221398,1.10829537656066e-05,1.10829537656066e-05,0.0,0.9985149503900794,1.0923126960088605e-05,-1.5982680551799482e-07,0.9998646750739159,False
8.509500000000001,1,364,365,2.7729250000000074,2.7729250000000074,0.0,0.025265624854558362,0.025265624854558362,0.09006328088639565,0.08171308559207589,0.007807031213639561,0.025265624854558362,0.005074799791221398,1.0841147260613114e-05,1.0841147260613114e-05,0.0,0.9987006852448345,1.0811256546872181e-05,-2.989071374093276e-08,0.9998812220920893,False
8.53725,1,365,366,2.7812500000000067,2.7812500000000067,0.0,0.02630624985455831,0.013153124927279155,0.09003808559207548,0.08064726529775576,0.008847656213639508,0.013153124927279155,0.005074799791221398,1.0784425982334134e-05,1.0784425982334134e-05,0.0,0.9988343454137124,1.073716854697499e-05,-4.72574353591439e-08,0.9998925618149801,False
8.5685,1,366,367,2.7906250000000066,2.7906250000000066,0.0,0.014324999927279126,0.014324999927279126,0.09002226529775553,0.0849471676505957,0.005075097647159836,0.014324999927279126,0.005074799791221398,1.1671880613717652e-05,1.1671880613717652e-05,0.0,0.9989707416051625,1.1653464656509916e-05,-1.8415957207736392e-08,0.9999063985611512,False
8.5855,1,367,368,2.7957250000000067,2.7957250000000067,0.0,0.014962499927279157,0.014962499927279157,0.09004716765059596,0.08433457000343608,0.005393847647159851,0.014962499927279157,0.005074799791221398,1.1157617917262281e-05,1.1157617917262281e-05,0.0,0.9981945875599758,1.1129050651604216e-05,-2.8567265658065166e-08,0.9998356800493146,False
8.6045,1,368,369,2.8014250000000067,2.8014250000000067,0.0,0.015674999927279144,0.015674999927279144,0.09003457000343602,0.08392822235627616,0.005933203106819754,0.015674999927279144,0.005074799791221398,1.0374790230067125e-05,1.0374790230067125e-05,0.0,0.9983109280873012,1.0317633425301444e-05,-5.715680476568101e-08,0.9998461829981077,False
8.62475,1,369,370,2.8075000000000063,2.8075000000000063,0.0,0.01643437492727909,0.01643437492727909,0.09000322235627578,0.08313749970911595,0.006312890606819726,0.01643437492727909,0.005074799791221398,9.43132738126195e-06,9.43132738126195e-06,0.0,0.99845882242256,9.41536698151365e-06,-1.5960399748300626e-08,0.9998595704128613,False
8.64775,1,370,371,2.8144000000000062,2.8144000000000062,0.0,0.017296874927279056,0.017296874927279056,0.0900374997091158,0.08248242160229607,0.006495703106819704,0.017296874927279056,0.005074799791221398,1.145477208650133e-05,1.145477208650133e-05,0.0,0.998562574732388,1.1481006991854667e-05,2.6234905353336984e-08,0.9998690198055612,False
8.673,1,371,372,2.8219750000000063,2.8219750000000063,0.0,0.018243749927279024,0.018243749927279024,0.09005742160229593,0.08155546849547624,0.006969140606819689,0.018243749927279024,0.005074799791221398,1.1005481976252305e-05,1.1005481976252305e-05,0.0,0.9986142708712408,1.1049853453585888e-05,4.437147733358246e-08,0.9998736520217328,False
8.70125,1,372,373,2.830450000000006,2.830450000000006,0.0,0.019303124927278995,0.019303124927278995,0.09003046849547608,0.08084882788865641,0.008028515606819685,0.019303124927278995,0.005074799791221398,1.0000297398540743e-05,1.0000297398540743e-05,0.0,0.9987153125749854,9.792865193691786e-06,-2.0743220484895682e-07,0.9998817994890857,False
8.732,1,373,374,2.839675000000006,2.839675000000006,0.0,0.02045624992727901,0.02045624992727901,0.09007382788865653,0.08490644508524667,0.005167382803409846,0.02045624992727901,0.005074799791221398,1.0289232187922774e-05,1.0289232187922774e-05,0.0,0.9988766913244461,1.033928802378036e-05,5.005583585758586e-08,0.9998977373700658,False
8.749,1,374,375,2.8447750000000056,2.8447750000000056,0.0,0.021093749927278974,0.021093749927278974,0.09000644508524641,0.08420156228183659,0.005146289053409831,0.021093749927278974,0.005074799791221398,1.1218656084396866e-05,1.1218656084396866e-05,0.0,0.9982234003027481,1.1194998424808854e-05,-2.365765958801209e-08,0.9998383988763551,False
8.7685,1,375,376,2.850625000000006,2.850625000000006,0.0,0.021824999927278984,0.021824999927278984,0.09005156228183671,0.08417402322842685,0.005511914053409836,0.021824999927278984,0.005074799791221398,1.024013041996943e-05,1.024013041996943e-05,0.0,0.998245298148466,1.014236083574972e-05,-9.776958421971096e-08,0.9998403204277634,False
8.788,1,376,377,2.8564750000000054,2.856475000000006,4.440892098500626e-16,0.022556249927278928,0.022556249927278928,0.09002402322842645,0.08341523417501663,0.005640820303409809,0.022556249927278928,0.005074799791221398,9.70918085925704e-06,9.70918085925704e-06,0.0,0.9983480316366053,9.640815982674925e-06,-6.83648765821142e-08,0.9998496271377719,False
8.81,1,377,378,2.8630750000000056,2.8630750000000056,0.0,0.023381249927278917,0.023381249927278917,0.09001523417501664,0.08294707012160682,0.006053320303409803,0.023381249927278917,0.005074799791221398,1.1298986545963763e-05,1.1298986545963763e-05,0.0,0.9984049418365173,1.1371334123923662e-05,7.234757795989864e-08,0.9998547976509372,False
8.83375,1,378,379,2.870200000000006,2.8702000000000054,-4.440892098500626e-16,0.024271874927278884,0.024271874927278884,0.0900720701216067,0.08211328106819689,0.006943945303409798,0.024271874927278884,0.005074799791221398,6.77919913588127e-05,6.77919913588127e-05,0.0,0.9985149036783159,1.15592221344576e-05,-5.62327692243551e-05,0.9998647604724445,False
8.86025,1,379,380,2.8781500000000055,2.8781500000000055,0.0,0.025265624927278876,0.025265624927278876,0.09006328106819694,0.08171308576478711,0.007807031231819689,0.025265624927278876,0.005074799791221398,1.0978317262543848e-05,1.0978317262543848e-05,0.0,0.9987007071140428,1.0992980131239088e-05,1.4662868695240012e-08,0.9998812407614788,False
8.888,1,380,381,2.8864750000000052,2.8864750000000052,0.0,0.026306249927278823,0.013153124963639412,0.0900380857647867,0.08064726546137692,0.008847656231819637,0.013153124963639412,0.005074799791221398,1.1036777425744082e-05,1.1036777425744082e-05,0.0,0.9988343551187782,1.1015889658435397e-05,-2.0887767308684505e-08,0.9998925710568065,False
8.91925,1,381,382,2.8958500000000047,2.8958500000000047,0.0,0.014324999963639383,0.014324999963639383,0.09002226546137669,0.08494716780967182,0.005075097651704868,0.014324999963639383,0.005074799791221398,1.184339135853102e-05,1.184339135853102e-05,0.0,0.9989707560230531,1.1834970644975917e-05,-8.420713555102894e-09,0.9999064131754468,False
8.93625,1,382,383,2.9009500000000052,2.9009500000000052,0.0,0.014962499963639414,0.014962499963639414,0.09004716780967209,0.08433457015796716,0.005393847651704883,0.014962499963639414,0.005074799791221398,1.1330947704439896e-05,1.1330947704439896e-05,0.0,0.9981945949864023,1.1308836262691359e-05,-2.211144174853706e-08,0.9998356875794747,False
8.95525,1,383,384,2.9066500000000053,2.9066500000000053,0.0,0.0156749999636394,0.0156749999636394,0.09003457015796712,0.08392822250626222,0.005933203115909819,0.0156749999636394,0.005074799791221398,1.0673171431987391e-05,1.0673171431987391e-05,0.0,0.9983109409675122,1.061864630265896e-05,-5.452512932843201e-08,0.9998461948821398,False
8.9755,1,384,385,2.9127250000000044,2.9127250000000044,0.0,0.016434374963639344,0.016434374963639344,0.09000322250626185,0.08313749985455698,0.006312890615909791,0.016434374963639344,0.005074799791221398,9.845189092906858e-06,9.845189092906858e-06,0.0,0.9984588216903512,9.768644738217356e-06,-7.654435468950238e-08,0.9998595682657764,False
8.9985,1,385,386,2.9196250000000044,2.9196250000000044,0.0,0.01729687496363931,0.01729687496363931,0.09003749985455684,0.08248242173864705,0.006495703115909769,0.01729687496363931,0.005074799791221398,1.132089106761346e-05,1.132089106761346e-05,0.0,0.9985625414982122,1.1410999688856382e-05,9.010862124292146e-08,0.9998689843272796,False
9.02375,1,386,387,2.927200000000005,2.927200000000005,0.0,0.018243749963639345,0.018243749963639345,0.09005742173864742,0.0815554686227376,0.006969140615909786,0.018243749963639345,0.005074799791221398,1.0977969159496349e-05,1.0977969159496349e-05,0.0,0.9986143088328931,1.100479382362625e-05,2.6824664129900975e-08,0.9998736913574737,False
9.052,1,387,388,2.9356750000000047,2.9356750000000047,0.0,0.019303124963639316,0.019303124963639316,0.09003046862273745,0.08084882800682763,0.008028515615909781,0.019303124963639316,0.005074799791221398,1.0928251524647059e-05,1.0928251524647059e-05,0.0,0.9987153228964738,1.0819996310249192e-05,-1.0825521439786646e-07,0.9998818074587655,False
9.08275,1,388,389,2.9449000000000045,2.944900000000004,-4.440892098500626e-16,0.020456249963639265,0.020456249963639265,0.09007382800682723,0.08490644519887236,0.005167382807954879,0.020456249963639265,0.005074799791221398,1.0282222599681954e-05,1.0282222599681954e-05,0.0,0.9988766849409378,1.0290137453466345e-05,7.914853784391418e-09,0.9998977300942308,False
9.09975,1,389,390,2.950000000000004,2.950000000000004,0.0,0.02109374996363923,0.02109374996363923,0.09000644519887208,0.08420156239091722,0.005146289057954864,0.02109374996363923,0.005074799791221398,1.1373800641162026e-05,1.1373800641162026e-05,0.0,0.9982233876794115,1.1374703692952057e-05,9.030517900306123e-10,0.9998383880773806,False
9.119250000000001,1,390,391,2.9558500000000043,2.955850000000004,-4.440892098500626e-16,0.02182499996363924,0.02182499996363924,0.09005156239091734,0.08417402333296245,0.005511914057954869,0.02182499996363924,0.005074799791221398,1.0573933008412305e-05,1.0573933008412305e-05,0.0,0.9982452966318416,1.0457991530069216e-05,-1.1594147834308893e-07,0.9998403179925636,False
9.13875,1,391,392,2.9617000000000036,2.961700000000004,4.440892098500626e-16,0.022556249963639183,0.022556249963639183,0.09002402333296206,0.0834152342750072,0.005640820307954824,0.022556249963639183,0.005074799791221398,1.0263992990126424e-05,1.0263992990126424e-05,0.0,0.9983480325985848,1.0116917802005141e-05,-1.470751881212833e-07,0.9998496263018211,False
9.16075,1,392,393,2.9683000000000037,2.9683000000000037,0.0,0.02338124996363917,0.02338124996363917,0.09001523427500721,0.08294707021705236,0.006053320307954819,0.02338124996363917,0.005074799791221398,1.082538123430452e-05,1.082538123430452e-05,0.0,0.998404921875635,1.1049002922028161e-05,2.2362168772364086e-07,0.9998547765189135,False
9.1845,1,393,394,2.9754250000000035,2.9754250000000035,0.0,0.02427187496363914,0.02427187496363914,0.09007207021705224,0.0821132811590974,0.0069439453079548135,0.02427187496363914,0.005074799791221398,8.02282511149403e-05,8.02282511149403e-05,0.0,0.9985148215516899,7.445664656551031e-05,-5.77160454942999e-06,0.9998647036674089,False
9.211,1,394,395,2.9833750000000037,2.9833750000000037,0.0,0.02526562496363913,0.02526562496363913,0.09006328115909744,0.08171308585114259,0.0078070312409097365,0.02526562496363913,0.005074799791221398,1.1067133687100257e-05,1.1067133687100257e-05,0.0,0.9987007171047148,1.1076912791283368e-05,9.779104183111481e-09,0.9998812476419149,False
9.23875,1,395,396,2.991700000000004,2.991700000000004,0.0,0.026306249963639144,0.013153124981819572,0.09003808585114272,0.08064726554318787,0.008847656240909751,0.013153124981819572,0.005074799791221398,1.1159182945290488e-05,1.1159182945290488e-05,0.0,0.9988343642146804,1.116554304796195e-05,6.3601026714633045e-09,0.9998925788828236,False
9.27,1,396,397,3.0010750000000037,3.0010750000000037,0.0,0.014324999981819544,0.014324999981819544,0.09002226554318764,0.08494716788921022,0.0050750976539774085,0.014324999981819544,0.005074799791221398,1.1988803247373449e-05,1.1988803247373449e-05,0.0,0.9989707703193638,1.1990001316917846e-05,1.1980695443971484e-09,0.9999064274029091,False
9.287,1,397,398,3.0061750000000034,3.0061750000000034,0.0,0.014962499981819508,0.014962499981819508,0.09004716788920997,0.08433457023523257,0.005393847653977391,0.014962499981819508,0.005074799791221398,1.1487460479087309e-05,1.1487460479087309e-05,0.0,0.9981946022396502,1.1465977807021685e-05,-2.1482672065624257e-08,0.9998356951375045,False
9.306000000000001,1,398,399,3.0118750000000034,3.0118750000000034,0.0,0.015674999981819496,0.015674999981819496,0.09003457023523251,0.08392822258125511,0.005933203120454842,0.015674999981819496,0.005074799791221398,1.0990502757882365e-05,1.0990502757882365e-05,0.0,0.998310955863701,1.0930781739600467e-05,-5.972101828189791e-08,0.9998462095173889,False
9.32625,1,399,400,3.0179500000000026,3.0179500000000026,0.0,0.01643437498181944,0.01643437498181944,0.09000322258125473,0.08313749992727737,0.006312890620454814,0.01643437498181944,0.005074799791221398,1.0255179910120956e-05,1.0255179910120956e-05,0.0,0.9984588247551893,1.0159608028459486e-05,-9.557188166147042e-08,0.9998595700605517,False
9.34925,1,400,401,3.0248500000000034,3.0248500000000034,0.0,0.017296874981819473,0.017296874981819473,0.09003749992727775,0.08248242180682286,0.006495703120454826,0.017296874981819473,0.005074799791221398,1.0737577281800002e-05,1.0737577281800002e-05,0.0,0.9985625238527798,1.100153361855162e-05,2.6395633675161843e-07,0.9998689646822089,False
9.3745,1,401,402,3.0324250000000035,3.0324250000000035,0.0,0.018243749981819442,0.018243749981819442,0.09005742180682272,0.08155546868636787,0.00696914062045481,0.018243749981819442,0.005074799791221398,1.1586123261962412e-05,1.1586123261962412e-05,0.0,0.9986142839989194,1.1375849165557253e-05,-2.1027409640515912e-07,0.9998736936638073,False
9.402750000000001,1,402,403,3.0409000000000033,3.0409000000000033,0.0,0.019303124981819412,0.019303124981819412,0.09003046868636772,0.08084882806591287,0.008028515620454806,0.019303124981819412,0.005074799791221398,1.120359755957907e-05,1.120359755957907e-05,0.0,0.9987153324038068,1.1187339156355682e-05,-1.6258403223387303e-08,0.9998818148793028,False
9.4335,1,403,404,3.0501250000000026,3.050125000000003,4.440892098500626e-16,0.02045624998181936,0.02045624998181936,0.09007382806591246,0.08490644525568508,0.00516738281022739,0.02045624998181936,0.005074799791221398,1.0481899298066228e-05,1.0481899298066228e-05,0.0,0.9988766822704938,1.043017006143029e-05,-5.172923663593755e-08,0.9998977262630456,False
9.4505,1,404,405,3.0552250000000027,3.0552250000000027,0.0,0.021093749981819326,0.021093749981819326,0.09000644525568482,0.08420156244545744,0.00514628906022736,0.021093749981819326,0.005074799791221398,1.1414450284687232e-05,1.1414450284687232e-05,0.0,0.9982233726288731,1.144404497274861e-05,2.9594688061377597e-08,0.9998383728519099,False
9.47,1,405,406,3.0610750000000024,3.0610750000000024,0.0,0.021824999981819335,0.021824999981819335,0.09005156244545756,0.08417402338523017,0.0055119140602273645,0.021824999981819335,0.005074799791221398,1.1011678292642736e-05,1.1011678292642736e-05,0.0,0.9982452993927671,1.092598557598349e-05,-8.569271665924503e-08,0.9998403198734459,False
9.4895,1,406,407,3.066925000000003,3.066925000000003,0.0,0.022556249981819345,0.022556249981819345,0.09002402338523031,0.08341523432500289,0.005640820310227369,0.022556249981819345,0.005074799791221398,1.0798971813531192e-05,1.0798971813531192e-05,0.0,0.9983480361820262,1.0697858476140242e-05,-1.0111333739094993e-07,0.9998496288712005,False
9.5115,1,407,408,3.0735250000000027,3.0735250000000027,0.0,0.023381249981819334,0.023381249981819334,0.09001523432500291,0.0829470702647755,0.006053320310227364,0.023381249981819334,0.005074799791221398,1.0134137295125486e-05,1.0134137295125486e-05,0.0,0.9984049058248325,1.0419543829876405e-05,2.854065347509193e-07,0.9998547592320748,False
9.53525,1,408,409,3.0806500000000026,3.0806500000000026,0.0,0.024271874981819302,0.024271874981819302,0.09007207026477537,0.08211328120454797,0.0069439453102273585,0.024271874981819302,0.005074799791221398,4.8690776819571826e-05,4.8690776819571826e-05,0.0,0.9985147839595452,6.263372247023864e-05,1.3942945650666818e-05,0.9998646580891899,False
9.56175,1,409,410,3.0886000000000022,3.0886000000000022,0.0,0.025265624981819227,0.025265624981819227,0.09006328120454749,0.08171308589432016,0.0078070312454547605,0.025265624981819227,0.005074799791221398,1.1377773155492085e-05,1.1377773155492085e-05,0.0,0.9987007595333465,1.1318695747968734e-05,-5.907740752335105e-08,0.9998812827170628,False
9.589500000000001,1,410,411,3.0969250000000024,3.0969250000000024,0.0,0.02630624998181924,0.01315312499090962,0.09003808589432027,0.08064726558409295,0.008847656245454775,0.01315312499090962,0.005074799791221398,1.1183940691738864e-05,1.1183940691738864e-05,0.0,0.9988343850580337,1.1236291297733627e-05,5.23506059947631e-08,0.999892595886236,False
9.620750000000001,1,411,412,3.106300000000002,3.106300000000002,0.0,0.014324999990909592,0.014324999990909592,0.09002226558409272,0.08494716792897908,0.005075097655113648,0.014324999990909592,0.005074799791221398,1.2108960979209524e-05,1.2108960979209524e-05,0.0,0.9989707814495495,1.4770867347302374e-05,2.66190636809285e-06,0.999906438449492,False
9.63775,1,412,413,3.1114000000000015,3.1114000000000015,0.0,0.014962499990909556,0.014962499990909556,0.09004716792897881,0.08433457027386518,0.00539384765511363,0.014962499990909556,0.005074799791221398,1.1654680804254111e-05,1.1654680804254111e-05,0.0,0.998194607979706,1.1631813589186918e-05,-2.2867215067193854e-08,0.999835701337768,False
9.65675,1,413,414,3.1171000000000015,3.1171000000000015,0.0,0.015674999990909544,0.015674999990909544,0.09003457027386512,0.08392822261875148,0.005933203122727338,0.015674999990909544,0.005074799791221398,1.1320840988001562e-05,1.1320840988001562e-05,0.0,0.9983109702857306,1.1246842042344699e-05,-7.39989456568634e-08,0.9998462239752739,False
9.677,1,414,415,3.1231750000000016,3.123175000000002,4.440892098500626e-16,0.016434374990909554,0.016434374990909554,0.09000322261875163,0.08313749996363795,0.006312890622727343,0.016434374990909554,0.005074799791221398,1.0681550978978874e-05,1.0681550978978874e-05,0.0,0.9984588313038638,1.0561632893039188e-05,-1.1991808593968625e-07,0.999859575522739,False
9.700000000000001,1,415,416,3.1300750000000015,3.1300750000000015,0.0,0.01729687499090952,0.01729687499090952,0.0900374999636378,0.08248242184091042,0.006495703122727338,0.01729687499090952,0.005074799791221398,9.754957616997121e-06,9.754957616997121e-06,0.0,0.9985625120692856,1.0078682801928232e-05,3.23725184931111e-07,0.9998689523499288,False
9.72525,1,416,417,3.137650000000001,3.137650000000001,0.0,0.01824374999090949,0.01824374999090949,0.09005742184091028,0.08155546871818295,0.006969140622727322,0.01824374999090949,0.005074799791221398,5.4686724521427104e-05,5.4686724521427104e-05,0.0,0.9986142270570477,4.596126259382243e-05,-8.725461927604676e-06,0.9998736321885799,False
9.7535,1,417,418,3.146125000000001,3.1461250000000014,4.440892098500626e-16,0.01930312499090946,0.01930312499090946,0.09003046871818278,0.08084882809545549,0.008028515622727318,0.01930312499090946,0.005074799791221398,1.1484200933723111e-05,1.1484200933723111e-05,0.0,0.9987153509426345,1.1481174602434894e-05,-3.0263312882170684e-09,0.9998818297137162,False
9.78425,1,418,419,3.1553500000000003,3.1553500000000003,0.0,0.02045624999090941,0.02045624999090941,0.09007382809545508,0.08490644528409147,0.005167382811363622,0.02045624999090941,0.005074799791221398,1.0806152568952783e-05,1.0806152568952783e-05,0.0,0.998876681110216,1.0704701656231785e-05,-1.0145091272099828e-07,0.9998977243020037,False
9.80125,1,419,420,3.160450000000001,3.160450000000001,0.0,0.02109374999090944,0.02109374999090944,0.09000644528409173,0.08420156247272806,0.005146289061363649,0.02109374999090944,0.005074799791221398,1.1342175499391564e-05,1.1342175499391564e-05,0.0,0.9982233632040751,1.1397711711192679e-05,5.5536211801115185e-08,0.9998383629786797,False
9.82075,1,420,421,3.1663000000000006,3.1663000000000006,0.0,0.021824999990909384,0.021824999990909384,0.09005156247272764,0.08417402341136403,0.0055119140613636205,0.021824999990909384,0.005074799791221398,1.1304767073732318e-05,1.1304767073732318e-05,0.0,0.9982453046953532,1.126101476103865e-05,-4.37523126936676e-08,0.9998403247024766,False
9.840250000000001,1,421,422,3.172150000000001,3.172150000000001,0.0,0.022556249990909393,0.022556249990909393,0.09002402341136417,0.08341523435000053,0.005640820311363625,0.022556249990909393,0.005074799791221398,1.114215112102506e-05,1.114215112102506e-05,0.0,0.9983480424073804,1.1101490006234062e-05,-4.0661114790997125e-08,0.9998496345806364,False
9.86225,1,422,423,3.178750000000001,3.178750000000001,0.0,0.023381249990909382,0.023381249990909382,0.09001523435000054,0.08294707028863688,0.00605332031136362,0.023381249990909382,0.005074799791221398,9.719816121297583e-06,9.719816121297583e-06,0.0,0.9984048952295355,9.882568936456728e-06,1.6275281515914478e-07,0.9998547478918758,False
9.886000000000001,1,423,424,3.1858750000000002,3.1858750000000007,4.440892098500626e-16,0.02427187499090935,0.02427187499090935,0.09007207028863674,0.08211328122727309,0.0069439453113636146,0.02427187499090935,0.005074799791221398,1.2029273189798003e-05,1.2029273189798003e-05,0.0,0.9985147526696809,1.2130281309815944e-05,1.010081200179412e-07,0.9998646257539586,False
9.9125,1,424,425,3.193825000000001,3.1938250000000004,-4.440892098500626e-16,0.02526562499090934,0.02526562499090934,0.09006328122727313,0.08171308591590948,0.0078070312477273055,0.02526562499090934,0.005074799791221398,1.1868986610761786e-05,1.1868986610761786e-05,0.0,0.9987009134426645,1.1721725876149815e-05,-1.4726073461197148e-07,0.9998811395439251,False
9.94025,1,425,426,3.20215,3.20215,0.0,0.02630624999090929,0.013153124995454644,0.09003808591590906,0.08064726560454549,0.008847656247727254,0.013153124995454644,0.005074799791221398,1.1276513690439583e-05,1.1276513690439583e-05,0.0,0.998834416462087,1.1280625956599922e-05,4.112266160339012e-09,0.9998926247616168,False
9.9715,1,426,427,3.211525,3.211525,0.0,0.014324999995454616,0.014324999995454616,0.09002226560454527,0.08494716794886348,0.005075097655681775,0.014324999995454616,0.005074799791221398,1.2226101008246473e-05,1.2226101008246473e-05,0.0,0.9989707922043414,2.424863114885295e-05,1.2022530140606477e-05,0.9999064502014617,False
9.9885,1,427,428,3.2166249999999996,3.2166249999999996,0.0,0.01496249999545458,0.01496249999545458,0.09004716794886322,0.08433457029318145,0.005393847655681757,0.01496249999545458,0.005074799791221398,1.1831119664039734e-05,1.1831119664039734e-05,0.0,0.998194612458726,1.1808040666748458e-05,-2.3078997291275764e-08,0.9998357062306468,False
10.0075,1,428,429,3.2223249999999997,3.2223249999999997,0.0,0.015674999995454568,0.015674999995454568,0.0900345702931814,0.08392822263749963,0.005933203123863594,0.015674999995454568,0.005074799791221398,1.1676496079900968e-05,1.1676496079900968e-05,0.0,0.9983109839687987,1.1592647980287422e-05,-8.384809961354666e-08,0.9998462382036291,False
10.027750000000001,1,429,430,3.2283999999999997,3.2283999999999997,0.0,0.016434374995454578,0.016434374995454578,0.09000322263749978,0.08313749998181799,0.006312890623863599,0.016434374995454578,0.005074799791221398,1.1140547196123677e-05,1.1140547196123677e-05,0.0,0.9984588378121197,1.1023281205582995e-05,-1.1726599054068167e-07,0.9998595815251496,False
10.05075,1,430,431,3.2352999999999996,3.2352999999999996,0.0,0.017296874995454545,0.017296874995454545,0.09003749998181783,0.08248242185795421,0.006495703123863578,0.017296874995454545,0.005074799791221398,9.270630159149821e-06,9.270630159149821e-06,0.0,0.9985625021776441,9.410907230035054e-06,1.4027707088523265e-07,0.9998689424046965,False
10.076,1,431,432,3.2428749999999997,3.2428749999999997,0.0,0.018243749995454514,0.018243749995454514,0.09005742185795405,0.08155546873409046,0.006969140623863562,0.018243749995454514,0.005074799791221398,5.0985586420335835e-05,5.0985586420335835e-05,0.0,0.9986141866139577,5.7820115229776904e-05,6.83452880944107e-06,0.9998735897423566,False
10.10425,1,432,433,3.2513499999999995,3.2513499999999995,0.0,0.019303124995454484,0.019303124995454484,0.09003046873409029,0.08084882811022676,0.008028515623863558,0.019303124995454484,0.005074799791221398,1.1571529608254131e-05,1.1571529608254131e-05,0.0,0.99871537401429,1.1579400659902627e-05,7.871051648495708e-09,0.9998818460382608,False
10.135,1,433,434,3.2605749999999993,3.2605749999999993,0.0,0.0204562499954545,0.0204562499954545,0.09007382811022688,0.08490644529829508,0.005167382811931782,0.0204562499954545,0.005074799791221398,1.1264423636375294e-05,1.1264423636375294e-05,0.0,0.9988766830604497,1.116850970880469e-05,-9.591392757060419e-08,0.999897725531767,False
10.152000000000001,1,434,435,3.265674999999999,3.265674999999999,0.0,0.021093749995454464,0.021093749995454464,0.09000644529829482,0.08420156248636305,0.005146289061931768,0.021093749995454464,0.005074799791221398,1.1180606520678487e-05,1.1180606520678487e-05,0.0,0.9982233575369169,1.1237319159911527e-05,5.671263923303954e-08,0.9998383571996101,False
10.1715,1,435,436,3.2715249999999987,3.2715249999999987,0.0,0.021824999995454408,0.021824999995454408,0.09005156248636265,0.08417402342443092,0.00551191406193174,0.021824999995454408,0.005074799791221398,1.1451112507212757e-05,1.1451112507212757e-05,0.0,0.9982453115611216,1.1441781714842923e-05,-9.33079236983402e-09,0.9998403306096061,False
10.191,1,436,437,3.2773749999999993,3.2773749999999993,0.0,0.022556249995454417,0.022556249995454417,0.09002402342443105,0.08341523436249929,0.005640820311931746,0.022556249995454417,0.005074799791221398,1.1393829232838961e-05,1.1393829232838961e-05,0.0,0.9983480448878747,1.1367182526260004e-05,-2.6646706578956872e-08,0.9998496369651263,False
10.213000000000001,1,437,438,3.283974999999999,3.283974999999999,0.0,0.023381249995454406,0.023381249995454406,0.09001523436249931,0.08294707030056753,0.00605332031193174,0.023381249995454406,0.005074799791221398,9.824548169294847e-06,9.824548169294847e-06,0.0,0.9984048884395507,9.8020597092372e-06,-2.2488460057646796e-08,0.9998547395272064,False
10.23675,1,438,439,3.291099999999999,3.291099999999999,0.0,0.024271874995454374,0.024271874995454374,0.0900720703005674,0.08211328123863562,0.006943945311931735,0.024271874995454374,0.005074799791221398,1.135556204450641e-05,1.135556204450641e-05,0.0,0.9985147275788991,1.1628866918091639e-05,2.733048735852284e-07,0.9998645998252312,False
10.263250000000001,1,439,440,3.299049999999999,3.299049999999999,0.0,0.025265624995454365,0.025265624995454365,0.09006328123863566,0.0817130859267039,0.007807031248863562,0.025265624995454365,0.005074799791221398,2.645356752840116e-05,2.645356752840116e-05,0.0,0.9987010670893786,1.2357607384132807e-05,-1.4095960144268352e-05,0.9998813774784707,False
10.291,1,440,441,3.307374999999998,3.3073749999999986,4.440892098500626e-16,0.026306249995454313,0.013153124997727157,0.09003808592670348,0.08064726561477177,0.008847656248863509,0.013153124997727157,0.005074799791221398,1.162479472561913e-05,1.162479472561913e-05,0.0,0.9988345225114166,1.1525913123860848e-05,-9.888160175828219e-08,0.9998923107257767,False
10.32225,1,441,442,3.316749999999998,3.316749999999998,0.0,0.014324999997727128,0.014324999997727128,0.09002226561477154,0.0849471679588057,0.005075097655965836,0.014324999997727128,0.005074799791221398,1.2365146352446324e-05,1.2365146352446324e-05,0.0,0.9989707989065176,2.985239559287478e-05,1.7487249240428457e-05,0.9999064570381407,False
10.33925,1,442,443,3.3218499999999986,3.3218499999999986,0.0,0.014962499997727158,0.014962499997727158,0.09004716795880596,0.08433457030284008,0.005393847655965851,0.014962499997727158,0.005074799791221398,1.2005739075646377e-05,1.2005739075646377e-05,0.0,0.9981946160232494,1.1986929072909985e-05,-1.8810002736392023e-08,0.9998357102481447,False
10.35825,1,443,444,3.327549999999998,3.327549999999998,0.0,0.01567499999772708,0.01567499999772708,0.0900345703028395,0.0839282226468737,0.005933203124431722,0.01567499999772708,0.005074799791221398,1.1992483898343666e-05,1.1992483898343666e-05,0.0,0.9983109946290475,1.1943120063177842e-05,-4.9363835165824595e-08,0.9998462502032958,False
10.3785,1,444,445,3.333624999999998,3.333624999999998,0.0,0.01643437499772709,0.01643437499772709,0.09000322264687385,0.08313749999090803,0.006312890624431727,0.01643437499772709,0.005074799791221398,1.147235210938401e-05,1.147235210938401e-05,0.0,0.9984588430572224,1.137999232862815e-05,-9.23597807558587e-08,0.9998595865552761,False
10.4015,1,445,446,3.3405249999999977,3.3405249999999977,0.0,0.017296874997727057,0.017296874997727057,0.09003749999090788,0.08248242186647611,0.006495703124431705,0.017296874997727057,0.005074799791221398,9.579470417573314e-06,9.579470417573314e-06,0.0,0.9985624949012959,9.480663836145095e-06,-9.880658142821905e-08,0.9998689342878931,False
10.42675,1,446,447,3.348099999999998,3.348099999999998,0.0,0.018243749997727026,0.018243749997727026,0.09005742186647597,0.08155546874204425,0.006969140624431689,0.018243749997727026,0.005074799791221398,1.2241842198456421e-05,1.2241842198456421e-05,0.0,0.9986141532140755,1.2333022911855117e-05,9.118071339869575e-08,0.9998735541890221,False
10.455,1,447,448,3.3565749999999976,3.3565749999999976,0.0,0.019303124997726996,0.019303124997726996,0.0900304687420441,0.0808488281176124,0.008028515624431685,0.019303124997726996,0.005074799791221398,1.156196960179884e-05,1.156196960179884e-05,0.0,0.9987153793022692,1.1600011113093841e-05,3.8041511295000205e-08,0.9998818486807074,False
10.48575,1,448,449,3.3657999999999975,3.365799999999998,4.440892098500626e-16,0.02045624999772701,0.02045624999772701,0.09007382811761253,0.08490644530539668,0.0051673828122158465,0.02045624999772701,0.005074799791221398,1.1624676567158223e-05,1.1624676567158223e-05,0.0,0.9988766871991721,1.1584811352342451e-05,-3.986521481577198e-08,0.9998977292925308,False
10.50275,1,449,450,3.3708999999999976,3.3708999999999976,0.0,0.021093749997726976,0.021093749997726976,0.09000644530539642,0.08420156249318059,0.0051462890622158315,0.021093749997726976,0.005074799791221398,1.1264221589377604e-05,1.1264221589377604e-05,0.0,0.9982233531412895,1.125994412949058e-05,-4.277459887024526e-09,0.9998383532645579,False
10.52225,1,450,451,3.3767499999999977,3.3767499999999977,0.0,0.021824999997726986,0.021824999997726986,0.09005156249318069,0.08417402343096483,0.005511914062215836,0.021824999997726986,0.005074799791221398,1.1659079651183806e-05,1.1659079651183806e-05,0.0,0.9982453265514623,1.1648474655183967e-05,-1.0604995999839348e-08,0.9998403435799426,False
10.54175,1,451,452,3.3825999999999974,3.3825999999999974,0.0,0.02255624999772693,0.02255624999772693,0.09002402343096447,0.08341523436874863,0.005640820312215809,0.02255624999772693,0.005074799791221398,1.151122339914271e-05,1.151122339914271e-05,0.0,0.9983480440908564,1.1506378057355693e-05,-4.845341787016832e-09,0.9998496358551179,False
10.56375,1,452,453,3.389199999999997,3.389199999999997,0.0,0.023381249997726918,0.023381249997726918,0.09001523436874864,0.08294707030653282,0.006053320312215804,0.023381249997726918,0.005074799791221398,1.0349700409265314e-05,1.0349700409265314e-05,0.0,0.998404885217312,1.021663042055598e-05,-1.330699887093338e-07,0.999854735100236,False
10.5875,1,453,454,3.3963249999999974,3.3963249999999974,0.0,0.024271874997726886,0.024271874997726886,0.0900720703065327,0.08211328124431691,0.006943945312215798,0.024271874997726886,0.005074799791221398,1.0366821331479013e-05,1.0366821331479013e-05,0.0,0.9985147065791444,1.0688279951305834e-05,3.2145861982682035e-07,0.9998645780791906,False
10.614,1,454,455,3.4042749999999975,3.4042749999999975,0.0,0.025265624997726877,0.025265624997726877,0.09006328124431692,0.08171308593210111,0.00780703124943169,0.025265624997726877,0.005074799791221398,0.00013219050338214545,0.00013219050338214545,0.0,0.9987007424648873,7.816331888235298e-05,-5.402718449979247e-05,0.9998813162887638,False
10.64175,1,455,456,3.4125999999999967,3.4125999999999967,0.0,0.026306249997726825,0.013153124998863413,0.09003808593210069,0.08064726561988492,0.008847656249431637,0.013153124998863413,0.005074799791221398,1.5628942014902007e-05,1.5628942014902007e-05,0.0,0.9988345948498631,1.2017522872791604e-05,-3.611419142110403e-06,0.9998924336146352,False
10.673,1,456,457,3.421974999999996,3.4219749999999967,4.440892098500626e-16,0.014324999998863384,0.014324999998863384,0.09002226561988469,0.08494716796377683,0.0050750976561078675,0.014324999998863384,0.005074799791221398,1.2510350447404413e-05,1.2510350447404413e-05,0.0,0.9989708039778771,3.4011810260803355e-05,2.150145981339894e-05,0.9999064621485496,False
10.69,1,457,458,3.4270749999999968,3.4270749999999968,0.0,0.014962499998863414,0.014962499998863414,0.0900471679637771,0.08433457030766917,0.005393847656107883,0.014962499998863414,0.005074799791221398,1.216010437087859e-05,1.216010437087859e-05,0.0,0.998194619645735,1.214545182146185e-05,-1.4652549416740816e-08,0.9998357140371028,False
10.709,1,458,459,3.432774999999997,3.432774999999997,0.0,0.015674999998863404,0.015674999998863404,0.09003457030766912,0.08392822265156123,0.005933203124715819,0.015674999998863404,0.005074799791221398,1.2175129253630325e-05,1.2175129253630325e-05,0.0,0.998311002317286,1.2192300053368688e-05,1.7170799738362936e-08,0.9998462595707709,False
10.72925,1,459,460,3.4388499999999964,3.4388499999999964,0.0,0.016434374998863348,0.016434374998863348,0.09000322265156085,0.08313749999545299,0.006312890624715791,0.016434374998863348,0.005074799791221398,1.1828893223136822e-05,1.1828893223136822e-05,0.0,0.998458849017042,1.1767082105013283e-05,-6.181111812353878e-08,0.9998595915136836,False
10.75225,1,460,461,3.4457499999999963,3.4457499999999963,0.0,0.017296874998863315,0.017296874998863315,0.09003749999545284,0.08248242187073705,0.006495703124715769,0.017296874998863315,0.005074799791221398,1.0248659139121824e-05,1.0248659139121824e-05,0.0,0.9985624929196552,1.0035422235442066e-05,-2.1323690367975798e-07,0.9998689310959349,False
10.7775,1,461,462,3.4533249999999964,3.4533249999999964,0.0,0.01824374999886335,0.01824374999886335,0.09005742187073744,0.08155546874602161,0.0069691406247157865,0.01824374999886335,0.005074799791221398,1.1675625916181975e-05,1.1675625916181975e-05,0.0,0.9986141264390281,1.192990790363911e-05,2.5428198745713546e-07,0.9998735263463132,False
10.80575,1,462,463,3.461799999999996,3.461799999999996,0.0,0.01930312499886332,0.01930312499886332,0.09003046874602144,0.08084882812130564,0.008028515624715783,0.01930312499886332,0.005074799791221398,1.1904281088705168e-05,1.1904281088705168e-05,0.0,0.998715468799045,1.1765742915629846e-05,-1.385381730753223e-07,0.9998819156689847,False
10.836500000000001,1,463,464,3.471024999999996,3.471024999999996,0.0,0.02045624999886327,0.02045624999886327,0.09007382812130524,0.08490644530894736,0.005167382812357879,0.02045624999886327,0.005074799791221398,1.187848268304033e-05,1.187848268304033e-05,0.0,0.9988767059415775,1.187121582598959e-05,-7.266857050740945e-09,0.9998977459471166,False
10.8535,1,464,465,3.4761249999999957,3.4761249999999957,0.0,0.021093749998863234,0.021093749998863234,0.0900064453089471,0.08420156249658924,0.005146289062357864,0.021093749998863234,0.005074799791221398,1.1689141477504993e-05,1.1689141477504993e-05,0.0,0.9982233557442032,1.1669630289095844e-05,-1.951118840914901e-08,0.9998383561878695,False
10.873000000000001,1,465,466,3.481974999999996,3.481974999999996,0.0,0.021824999998863243,0.021824999998863243,0.09005156249658935,0.08417402343423146,0.005511914062357869,0.021824999998863243,0.005074799791221398,1.179471714119421e-05,1.179471714119421e-05,0.0,0.9982453425223335,1.1814105043641366e-05,1.9387902447156875e-08,0.999840356984355,False
10.8925,1,466,467,3.4878249999999955,3.4878249999999955,0.0,0.022556249998863187,0.022556249998863187,0.09002402343423108,0.0834152343718732,0.005640820312357825,0.022556249998863187,0.005074799791221398,1.169525492102506e-05,1.169525492102506e-05,0.0,0.9983480447985714,1.1686239307596888e-05,-9.015613428172645e-09,0.999849635537711,False
10.9145,1,467,468,3.4944249999999957,3.4944249999999957,0.0,0.023381249998863176,0.023381249998863176,0.09001523437187323,0.08294707030951537,0.006053320312357819,0.023381249998863176,0.005074799791221398,1.0693658898915613e-05,1.0693658898915613e-05,0.0,0.9984048853792988,1.05630616720074e-05,-1.305972269082141e-07,0.9998547342725892,False
10.93825,1,468,469,3.5015499999999955,3.5015499999999955,0.0,0.024271874998863144,0.024271874998863144,0.09007207030951525,0.08211328124715742,0.006943945312357814,0.024271874998863144,0.005074799791221398,9.883808507144887e-06,9.883808507144887e-06,0.0,0.9985146890652398,1.0038100245961584e-05,1.5429173881669714e-07,0.9998645594704378,False
10.96475,1,469,470,3.5094999999999956,3.5094999999999956,0.0,0.025265624998863135,0.025265624998863135,0.09006328124715746,0.08171308593479962,0.0078070312497157375,0.025265624998863135,0.005074799791221398,8.096138274662485e-05,8.096138274662485e-05,0.0,0.9987006981591456,0.00010241776298610604,2.1456380239481183e-05,0.9998812459390789,False
10.9925,1,470,471,3.5178249999999958,3.5178249999999958,0.0,0.02630624999886315,0.013153124999431574,0.09003808593479973,0.08064726562244187,0.008847656249715752,0.013153124999431574,0.005074799791221398,8.657520383065598e-05,8.657520383065598e-05,0.0,0.9988344150477314,1.2404576548792214e-05,-7.417062728186377e-05,0.9998926592763722,False
11.02375,1,471,472,3.5271999999999957,3.5271999999999957,0.0,0.014324999999431546,0.014324999999431546,0.09002226562244164,0.08494716796626273,0.005075097656178909,0.014324999999431546,0.005074799791221398,1.2648061592686902e-05,1.2648061592686902e-05,0.0,0.9989708146863603,3.720589702441851e-05,2.455783543173161e-05,0.9999064661450487,False
11.040750000000001,1,472,473,3.5322999999999953,3.532299999999995,-4.440892098500626e-16,0.01496249999943151,0.01496249999943151,0.09004716796626247,0.08433457031008357,0.005393847656178891,0.01496249999943151,0.005074799791221398,1.2329517874967488e-05,1.2329517874967488e-05,0.0,0.9981946233242438,1.231916202349468e-05,-1.0355851472808688e-08,0.9998357177644183,False
11.059750000000001,1,473,474,3.537999999999995,3.537999999999995,0.0,0.015674999999431498,0.015674999999431498,0.09003457031008352,0.08392822265390461,0.0059332031248578426,0.015674999999431498,0.005074799791221398,1.2223445904963826e-05,1.2223445904963826e-05,0.0,0.9983110063069898,1.2273314768431395e-05,4.98688634675685e-08,0.9998462653733378,False
11.08,1,474,475,3.5440749999999945,3.5440749999999945,0.0,0.016434374999431442,0.016434374999431442,0.09000322265390423,0.08313749999772536,0.006312890624857815,0.016434374999431442,0.005074799791221398,1.2012193466274867e-05,1.2012193466274867e-05,0.0,0.9984588544642954,1.1977881785289057e-05,-3.431168098580982e-08,0.9998595961296697,False
11.103,1,475,476,3.550974999999995,3.550974999999995,0.0,0.017296874999431475,0.017296874999431475,0.09003749999772574,0.08248242187286788,0.006495703124857827,0.017296874999431475,0.005074799791221398,1.0915747399705954e-05,1.0915747399705954e-05,0.0,0.9985624920923976,1.070369356291162e-05,-2.1205383679433383e-07,0.9998689293181958,False
11.12825,1,476,477,3.558549999999995,3.558549999999995,0.0,0.018243749999431444,0.018243749999431444,0.09005742187286772,0.08155546874800988,0.006969140624857811,0.018243749999431444,0.005074799791221398,1.0559355275499102e-05,1.0559355275499102e-05,0.0,0.9986141079004295,1.0961463865830735e-05,4.0210859033163284e-07,0.9998735071447847,False
11.1565,1,477,478,3.567024999999995,3.567024999999995,0.0,0.019303124999431414,0.019303124999431414,0.09003046874800971,0.08084882812315189,0.008028515624857806,0.019303124999431414,0.005074799791221398,9.349946464029276e-05,9.349946464029276e-05,0.0,0.9987155163028687,1.2667606166068938e-05,-8.083185847422382e-05,0.9998817173160124,False
11.18725,1,478,479,3.5762499999999946,3.576249999999994,-4.440892098500626e-16,0.020456249999431363,0.020456249999431363,0.09007382812315148,0.08490644531072258,0.005167382812428891,0.020456249999431363,0.005074799791221398,1.2027244352867515e-05,1.2027244352867515e-05,0.0,0.9988767011017041,1.2012789914554671e-05,-1.445443831284371e-08,0.9998977410657967,False
11.20425,1,479,480,3.581349999999994,3.581349999999994,0.0,0.021093749999431328,0.021093749999431328,0.09000644531072233,0.08420156249829344,0.005146289062428859,0.021093749999431328,0.005074799791221398,1.1895893876297587e-05,1.1895893876297587e-05,0.0,0.9982233497881229,1.1878988769964326e-05,-1.690510633326034e-08,0.9998383502626086,False
11.22375,1,480,481,3.5871999999999944,3.587199999999994,-4.440892098500626e-16,0.021824999999431337,0.021824999999431337,0.09005156249829357,0.08417402343586468,0.005511914062428864,0.021824999999431337,0.005074799791221398,1.1827895110095684e-05,1.1827895110095684e-05,0.0,0.9982453642550615,1.1890235077796458e-05,6.233996770077413e-08,0.9998403757795559,False
11.24325,1,481,482,3.5930499999999945,3.5930499999999945,0.0,0.022556249999431347,0.022556249999431347,0.09002402343586483,0.0834152343734359,0.00564082031242887,0.022556249999431347,0.005074799791221398,1.1843541686238997e-05,1.1843541686238997e-05,0.0,0.9983480484030769,1.1817280962532928e-05,-2.6260723706068878e-08,0.9998496383774453,False
11.26525,1,482,483,3.599649999999994,3.599649999999994,0.0,0.02338124999943127,0.02338124999943127,0.09001523437343537,0.08294707031100654,0.006053320312428831,0.02338124999943127,0.005074799791221398,1.11413285826804e-05,1.11413285826804e-05,0.0,0.998404886418952,1.1039701385644348e-05,-1.0162719703605172e-07,0.9998547346389127,False
11.289,1,483,484,3.6067749999999945,3.6067749999999945,0.0,0.024271874999431304,0.024271874999431304,0.09007207031100695,0.08211328124857804,0.006943945312428893,0.024271874999431304,0.005074799791221398,9.971574242786341e-06,9.971574242786341e-06,0.0,0.9985146780079317,9.953640062878246e-06,-1.7934179908095415e-08,0.9998645466086142,False
11.3155,1,484,485,3.6147249999999937,3.6147249999999937,0.0,0.02526562499943123,0.02526562499943123,0.09006328124857754,0.08171308593614873,0.007807031249857761,0.02526562499943123,0.005074799791221398,1.2495230021560401e-05,1.2495230021560401e-05,0.0,0.9987006695482076,1.2619303890549195e-05,1.2407386898879394e-07,0.9998812168290577,False
11.34325,1,485,486,3.623049999999994,3.623049999999994,0.0,0.026306249999431243,0.013153124999715621,0.09003808593614884,0.08064726562372002,0.008847656249857776,0.013153124999715621,0.005074799791221398,0.00010930642129971221,0.00010930642129971221,0.0,0.998834382901385,0.0001020530181739618,-7.253403125750412e-06,0.9998926120019878,False
11.3745,1,486,487,3.632424999999994,3.632424999999994,0.0,0.014324999999715593,0.014324999999715593,0.09002226562371979,0.08494716796750537,0.005075097656214415,0.014324999999715593,0.005074799791221398,1.2800729343518603e-05,1.2800729343518603e-05,0.0,0.9989708260969061,4.606244620817407e-05,3.3261716864655465e-05,0.9999064771853062,False
11.3915,1,487,488,3.6375249999999935,3.6375249999999935,0.0,0.014962499999715557,0.014962499999715557,0.09004716796750512,0.08433457031129071,0.005393847656214397,0.014962499999715557,0.005074799791221398,1.245513014782893e-05,1.245513014782893e-05,0.0,0.9981946256381219,1.2451085321531436e-05,-4.044826297494976e-09,0.9998357199835223,False
11.4105,1,488,489,3.6432249999999935,3.643224999999993,-4.440892098500626e-16,0.015674999999715545,0.015674999999715545,0.09003457031129065,0.08392822265507624,0.005933203124928838,0.015674999999715545,0.005074799791221398,1.2329782287804532e-05,1.2329782287804532e-05,0.0,0.9983110062579216,1.2333370034081967e-05,3.5877462774351306e-09,0.9998462665854977,False
11.43075,1,489,490,3.6492999999999935,3.6492999999999935,0.0,0.016434374999715555,0.016434374999715555,0.0900032226550764,0.08313749999886196,0.006312890624928843,0.016434374999715555,0.005074799791221398,1.215507407871546e-05,1.215507407871546e-05,0.0,0.9984588605801837,1.2130442067357513e-05,-2.463201135794672e-08,0.9998596012714283,False
11.45375,1,490,491,3.6561999999999935,3.6561999999999935,0.0,0.017296874999715522,0.017296874999715522,0.09003749999886179,0.08248242187393294,0.006495703124928838,0.017296874999715522,0.005074799791221398,1.1586195585525837e-05,1.1586195585525837e-05,0.0,0.9985624901817265,1.1432405969764013e-05,-1.5378961576182422e-07,0.9998689271032369,False
11.479000000000001,1,491,492,3.663774999999993,3.663774999999993,0.0,0.01824374999971549,0.01824374999971549,0.09005742187393279,0.08155546874900395,0.006969140624928823,0.01824374999971549,0.005074799791221398,9.658880776694791e-06,9.658880776694791e-06,0.0,0.9986140949060631,9.906109262516294e-06,2.472284858215032e-07,0.9998734935438963,False
11.50725,1,492,493,3.672249999999993,3.672249999999993,0.0,0.01930312499971546,0.01930312499971546,0.09003046874900378,0.08084882812407498,0.008028515624928817,0.01930312499971546,0.005074799791221398,0.00013073338885642355,0.00013073338885642355,0.0,0.9987153626864189,0.00012160480672223155,-9.128582134192005e-06,0.9998818524259835,False
11.538,1,493,494,3.6814749999999927,3.6814749999999927,0.0,0.02045624999971541,0.02045624999971541,0.09007382812407458,0.0849064453116102,0.005167382812464372,0.02045624999971541,0.005074799791221398,1.2184954469628907e-05,1.2184954469628907e-05,0.0,0.9988767072516817,1.217755403210584e-05,-7.400437523067327e-09,0.9998977462680245,False
11.555,1,494,495,3.686574999999993,3.686574999999993,0.0,0.02109374999971544,0.02109374999971544,0.09000644531161048,0.08420156249914605,0.005146289062464398,0.02109374999971544,0.005074799791221398,1.2096388698194753e-05,1.2096388698194753e-05,0.0,0.9982233477352908,1.2084981159033985e-05,-1.1407539160767635e-08,0.9998383480615013,False
11.5745,1,495,496,3.6924249999999925,3.6924249999999925,0.0,0.021824999999715385,0.021824999999715385,0.09005156249914564,0.08417402343668128,0.00551191406246437,0.021824999999715385,0.005074799791221398,1.1885352333804614e-05,1.1885352333804614e-05,0.0,0.9982453796034679,1.1928738169448579e-05,4.338583564396511e-08,0.9998403900620428,False
11.594,1,496,497,3.6982749999999927,3.6982749999999927,0.0,0.022556249999715394,0.022556249999715394,0.09002402343668142,0.08341523437421702,0.005640820312464375,0.022556249999715394,0.005074799791221398,1.1909470209683633e-05,1.1909470209683633e-05,0.0,0.998348051089073,1.1908282948805643e-05,-1.1872608779894996e-09,0.999849640910879,False
11.616,1,497,498,3.7048749999999924,3.704874999999993,4.440892098500626e-16,0.023381249999715383,0.023381249999715383,0.09001523437421705,0.08294707031175262,0.0060533203124643695,0.023381249999715383,0.005074799791221398,1.1527845107715186e-05,1.1527845107715186e-05,0.0,0.9984048868627425,1.1480710205052664e-05,-4.713490266252177e-08,0.9998547341519857,False
11.63975,1,498,499,3.7119999999999926,3.7119999999999926,0.0,0.02427187499971535,0.02427187499971535,0.09007207031175249,0.0821132812492881,0.006943945312464364,0.02427187499971535,0.005074799791221398,1.04569097431527e-05,1.04569097431527e-05,0.0,0.9985146736358697,1.035385313864606e-05,-1.0305660450664052e-07,0.9998645403048596,False
11.66625,1,499,500,3.7199499999999928,3.7199499999999928,0.0,0.025265624999715342,0.025265624999715342,0.09006328124928813,0.08171308593682373,0.007807031249928806,0.025265624999715342,0.005074799791221398,1.1733237387805516e-05,1.1733237387805516e-05,0.0,0.9987006426867072,1.1997336960382801e-05,2.640995725772846e-07,0.9998811895741638,False
11.694,1,500,501,3.728274999999992,3.728274999999992,0.0,0.02630624999971529,0.013153124999857645,0.09003808593682332,0.08064726562435898,0.008847656249928754,0.013153124999857645,0.005074799791221398,8.263714897062382e-05,8.263714897062382e-05,0.0,0.9988343574434786,9.833864692454024e-05,1.5701497953916427e-05,0.999892582985102,False
11.72525,1,501,502,3.737649999999992,3.737649999999992,0.0,0.014324999999857617,0.014324999999857617,0.09002226562435875,0.0849471679681266,0.005075097656232151,0.014324999999857617,0.005074799791221398,1.296528650815987e-05,1.296528650815987e-05,0.0,0.9989708379166727,5.522484521239962e-05,4.225955870423975e-05,0.9999064886247943,False
11.74225,1,502,503,3.7427499999999916,3.7427499999999916,0.0,0.014962499999857581,0.014962499999857581,0.09004716796812634,0.0843345703118942,0.005393847656232133,0.014962499999857581,0.005074799791221398,1.2582698986919814e-05,1.2582698986919814e-05,0.0,0.9981946279580456,1.2581492166713397e-05,-1.2068202064166892e-09,0.9998357220832137,False
11.76125,1,503,504,3.7484499999999916,3.7484499999999916,0.0,0.01567499999985757,0.01567499999985757,0.09003457031189416,0.08392822265566202,0.005933203124964344,0.01567499999985757,0.005074799791221398,1.260758739114615e-05,1.260758739114615e-05,0.0,0.9983110034380417,1.2466496505527961e-05,-1.4109088561818845e-07,0.9998462647763983,False
11.7815,1,504,505,3.7545249999999917,3.754524999999992,4.440892098500626e-16,0.01643437499985758,0.01643437499985758,0.09000322265566216,0.08313749999942999,0.006312890624964349,0.01643437499985758,0.005074799791221398,1.2360462835576516e-05,1.2360462835576516e-05,0.0,0.9984588713955714,1.2327409461592175e-05,-3.305337398434112e-08,0.9998596108406695,False
11.8045,1,505,506,3.7614249999999916,3.761424999999992,4.440892098500626e-16,0.017296874999857548,0.017296874999857548,0.09003749999942984,0.08248242187446546,0.006495703124964327,0.017296874999857548,0.005074799791221398,1.1869149383836103e-05,1.1869149383836103e-05,0.0,0.9985624936546385,1.179434356130907e-05,-7.480582252703222e-08,0.9998689296987477,False
11.82975,1,506,507,3.7689999999999917,3.7689999999999917,0.0,0.018243749999857516,0.018243749999857516,0.0900574218744653,0.08155546874950097,0.006969140624964312,0.018243749999857516,0.005074799791221398,9.704982496250427e-06,9.704982496250427e-06,0.0,0.9986140859572148,9.665237749326041e-06,-3.974474692438582e-08,0.9998734836193859,False
11.858,1,507,508,3.7774749999999915,3.7774749999999915,0.0,0.019303124999857486,0.019303124999857486,0.0900304687495008,0.08084882812453649,0.008028515624964308,0.019303124999857486,0.005074799791221398,6.763095246682549e-05,6.763095246682549e-05,0.0,0.998715325039828,9.179322543766591e-05,2.416227297084042e-05,0.9998818091821912,False
11.88875,1,508,509,3.7866999999999917,3.7866999999999917,0.0,0.0204562499998575,0.0204562499998575,0.09007382812453661,0.08490644531205446,0.005167382812482158,0.0204562499998575,0.005074799791221398,1.222492046755314e-05,1.222492046755314e-05,0.0,0.9988767634237176,1.2254809094877205e-05,2.988862732406449e-08,0.9998977923956321,False
11.90575,1,509,510,3.7917999999999914,3.7917999999999914,0.0,0.021093749999857466,0.021093749999857466,0.09000644531205419,0.08420156249957206,0.005146289062482143,0.021093749999857466,0.005074799791221398,1.2298312472774689e-05,1.2298312472774689e-05,0.0,0.9982233542029033,1.2289170523782856e-05,-9.141948991832978e-09,0.9998383553826045,False
11.92525,1,510,511,3.797649999999991,3.797649999999991,0.0,0.02182499999985741,0.02182499999985741,0.09005156249957165,0.08417402343708955,0.005511914062482115,0.02182499999985741,0.005074799791221398,1.1986281222989045e-05,1.1986281222989045e-05,0.0,0.9982453815278634,1.202940188956655e-05,4.312066657750522e-08,0.9998403891561451,False
11.94475,1,511,512,3.8034999999999908,3.803499999999991,4.440892098500626e-16,0.02255624999985742,0.02255624999985742,0.09002402343708969,0.08341523437460754,0.00564082031248212,0.02255624999985742,0.005074799791221398,1.2034035878066035e-05,1.2034035878066035e-05,0.0,0.9983480619179602,1.2070939852211639e-05,3.690397414560394e-08,0.9998496500540736,False
11.966750000000001,1,512,513,3.810099999999991,3.810099999999991,0.0,0.02338124999985741,0.02338124999985741,0.09001523437460755,0.08294707031212539,0.006053320312482115,0.02338124999985741,0.005074799791221398,1.1743026778209085e-05,1.1743026778209085e-05,0.0,0.9984048877130932,1.168045101607732e-05,-6.257576213176529e-08,0.9998547350220924,False
11.9905,1,513,514,3.8172249999999908,3.8172249999999908,0.0,0.024271874999857376,0.024271874999857376,0.09007207031212527,0.08211328124964312,0.00694394531248211,0.024271874999857376,0.005074799791221398,1.0939612382460548e-05,1.0939612382460548e-05,0.0,0.9985146749376901,1.084270396777653e-05,-9.690841468401818e-08,0.9998645399789188,False
