time,inserted_nodes,node_count_before,node_count_after,rest_length_before,rest_length_after,rest_length_error,tail_rest_length_before,tail_rest_length_after,payout_buffer_rest_length_before,payout_buffer_rest_length_after,payout_buffer_min_rest_length_after,payout_buffer_max_rest_length_after,minimum_physical_rest_length_after,peak_tension_before,peak_tension_after,peak_tension_jump,minimum_geometric_ratio_after,peak_tension_post_step,peak_tension_post_step_jump,minimum_standard_ratio_post_step,remeshed_in_same_step
0.5525,1,53,54,0.5300062586927308,0.5300062586927308,0.0,0.011250782336591344,0.011250782336591344,0.09000625869273075,0.08438086752443508,0.005625391168295672,0.011250782336591344,0.005625391168295672,0.000713082064482359,0.000713082064482359,0.0,0.9998515259132601,0.006833731732449871,0.006120649667967512,0.9999941451578132,False
0.64725,1,54,55,0.5356423069166537,0.5356423069166537,0.0,0.011955288364581717,0.011955288364581717,0.09001691574835806,0.08368701855207202,0.0059776441822908585,0.011955288364581717,0.005625391168295672,0.000583171191817479,0.000583171191817479,0.0,0.9996389179924086,0.005456910140973593,0.004873738949156114,0.9999733086954025,False
0.731,1,55,56,0.5419680771350651,0.5419680771350651,0.0,0.012746009641883141,0.012746009641883141,0.09001278877048341,0.08324442331089113,0.006373004820941571,0.012746009641883141,0.005625391168295672,0.0005070232264470665,0.0005070232264470665,0.0,0.9995826038410831,0.004613883002743305,0.004106859776296238,0.9999671471386335,False
0.80575,1,56,57,0.5487443664308304,0.5487443664308304,0.0,0.01359304580385379,0.006796522901926895,0.09002071260665634,0.0824053109850934,0.006796522901926895,0.01359304580385379,0.005625391168295672,0.0004612659438605164,0.0004612659438605164,0.0,0.9995390899659062,0.004435804961652034,0.003974539017791517,0.999962992844141,False
0.878,1,57,58,0.5563467262989763,0.5563467262989763,0.0,0.007746817885445132,0.007746817885445132,0.09000767085323932,0.08183733488680886,0.007271670393686018,0.014543340787372036,0.005625391168295672,0.0004295095192584468,0.0004295095192584468,0.0,0.9995060906272011,0.003950560638612405,0.003521051119353958,0.9999595202445379,False
0.9465,1,58,59,0.5645329036525988,0.5645329036525987,-1.1102230246251565e-16,0.008770090054647945,0.008770090054647945,0.09002351224043138,0.08082990410479811,0.007783306478287425,0.01556661295657485,0.005625391168295672,0.00040957875165913843,0.00040957875165913843,0.0,0.9994807024236586,0.0034160232969363304,0.003006444545277192,0.9999565403807379,False
1.01525,1,59,60,0.5737185242522063,0.5737185242522063,0.0,0.009918292629598884,0.009918292629598884,0.09001552470440562,0.07330070917287983,0.008357407765762893,0.009918292629598884,0.005625391168295672,0.0003961014271757382,0.0003961014271757382,0.0,0.9994633150663348,0.0031221856789010877,0.0027260842517253495,0.9999545042578359,False
1.12525,1,60,61,0.5904387302930291,0.5904387302930291,0.0,0.012008318384701726,0.012008318384701726,0.09002091521370256,0.07957348169283683,0.005766585446471307,0.012008318384701726,0.005625391168295672,0.000382610242371878,0.000382610242371878,0.0,0.999467483137622,0.0037467649668308893,0.0033641547244590113,0.9999556750525594,False
1.187,1,61,62,0.6009040712142548,0.6009040712142548,0.0,0.013316485999854957,0.013316485999854957,0.09003882261406268,0.07828322147804373,0.0066582429999274785,0.013316485999854957,0.005625391168295672,0.00037742011631749584,0.00037742011631749584,0.0,0.9991511668726069,0.003456131692999794,0.0030787115766822983,0.9999267135957665,False
1.2515,1,62,63,0.6126449488065118,0.6126449488065119,1.1102230246251565e-16,0.014784095698887058,0.014784095698887058,0.09002409907030057,0.07622678694777403,0.0071544741035639734,0.014784095698887058,0.005625391168295672,0.0003730197509112386,0.0003730197509112386,0.0,0.9992079989421846,0.0034482539290801653,0.0030752341781689267,0.9999318946076317,False
1.32225,1,63,64,0.626445971705582,0.626445971705582,0.0,0.016509223561270867,0.016509223561270867,0.09002780984684444,0.07450536986193411,0.0051337453115202275,0.016509223561270867,0.0051337453115202275,0.00036956900989298025,0.00036956900989298025,0.0,0.9992236405206555,0.003649516554100226,0.0032799475442072457,0.9999334111366974,False
1.39675,1,64,65,0.641976479913652,0.641976479913652,0.0,0.018450537087279558,0.018450537087279558,0.09003587807000388,0.07921496257804739,0.00589614704367606,0.018450537087279558,0.005625391168295672,0.00036653338160751083,0.00036653338160751083,0.0,0.9989595593447304,0.0036471849682623327,0.003280651586654822,0.9999094262827319,False
1.446,1,65,66,0.6527764965958704,0.6527764965958703,-1.1102230246251565e-16,0.019800539172556836,0.019800539172556836,0.09001497926026576,0.07784406168303197,0.006779403117163238,0.019800539172556836,0.005625391168295672,0.00036463576858247835,0.00036463576858247835,0.0,0.9989446274668721,0.0035324656522085322,0.003167829883626054,0.999907953333332,False
1.4995,1,66,67,0.6649615278690554,0.6649615278690554,0.0,0.021323668081704942,0.021323668081704942,0.090029092956217,0.08172656092990563,0.007332712540888775,0.021323668081704942,0.005625391168295672,0.0003629047731586034,0.0003629047731586034,0.0,0.9990439012891577,0.0033615469358303784,0.002998642162671775,0.9999167851600113,False
1.5350000000000001,1,67,68,0.6732932046995094,0.6732932046995093,-1.1102230246251565e-16,0.022365127685511663,0.022365127685511663,0.09005823776035962,0.0807142461302415,0.005494824717880571,0.022365127685511663,0.005494824717880571,0.0003615484316960623,0.0003615484316960623,0.0,0.9990302509750116,0.0036160436080700797,0.0032544951763740174,0.9999158725820877,False
1.57375,1,68,69,0.6825989327955805,0.6825989327955805,0.0,0.023528343697520566,0.023528343697520566,0.09001997422631264,0.07786710877854261,0.0054869768269585695,0.023528343697520566,0.0054869768269585695,0.0003603800345726108,0.0003603800345726108,0.0,0.9987504218453345,0.003658712960072287,0.003298332925499676,0.9998903297661667,False
1.62325,1,69,70,0.6947863075925047,0.6947863075925049,2.220446049250313e-16,0.025051765547136083,0.025051765547136083,0.0900544835754668,0.0818730209959618,0.006248687751766329,0.025051765547136083,0.005625391168295672,0.00035896978971927717,0.00035896978971927717,0.0,0.9987813720327224,0.003645282090663036,0.0032863123009437586,0.9998931504459254,False
1.65575,1,70,71,0.7029579625036284,0.7029579625036283,-1.1102230246251565e-16,0.026073222411026543,0.026073222411026543,0.09004467590708544,0.08084175646368999,0.006041133435105191,0.026073222411026543,0.005625391168295672,0.0003581223294146943,0.0003581223294146943,0.0,0.9988062823296532,0.003665774144868676,0.003307651815453982,0.9998953757678751,False
1.69175,1,71,72,0.7121540715396931,0.712154071539693,-1.1102230246251565e-16,0.02722273604053462,0.02722273604053462,0.09003786549975473,0.08161820725458985,0.006615890249859236,0.02722273604053462,0.005625391168295672,0.00035715461979902736,0.00035715461979902736,0.0,0.9987737398912437,0.0034688223536861497,0.0031116677338871223,0.9998923144292705,False
1.72425,1,72,73,0.7205760833433341,0.7205760833433341,0.0,0.02827548751598977,0.02827548751598977,0.09004021905823098,0.08056780933761096,0.005117060322713894,0.02827548751598977,0.005117060322713894,0.00035632043541918273,0.00035632043541918273,0.0,0.9988355086597593,0.0036472740050019006,0.003290953569582718,0.9998981503835215,False
1.76025,1,73,74,0.730025421857001,0.730025421857001,0.0,0.029456654830198138,0.029456654830198138,0.09001714785127789,0.0843095038714598,0.0057076439798180775,0.029456654830198138,0.005625391168295672,0.00035563344032200493,0.00035563344032200493,0.0,0.9985628500831704,0.003655581093027844,0.003299947652705839,0.9998732241783604,False
1.78175,1,74,75,0.7357234472470711,0.7357234472470711,0.0,0.03016890800395688,0.03016890800395688,0.09000752926152972,0.0835876321079529,0.005068409514017768,0.03016890800395688,0.005068409514017768,0.0003553337580102481,0.0003553337580102481,0.0,0.9985805308283431,0.0036905388243140477,0.0033352050663037996,0.9998748429635224,False
1.806,1,75,76,0.742194561553385,0.7421945615533849,-1.1102230246251565e-16,0.030977797292246124,0.030977797292246124,0.09005874641426682,0.08223937631529658,0.005472854158162387,0.030977797292246124,0.005472854158162387,0.0003549240211544037,0.0003549240211544037,0.0,0.9984382979305222,0.003694902359746066,0.0033399783385916625,0.9998619311776202,False
1.835,1,76,77,0.7499885194155274,0.7499885194155274,0.0,0.03195204202501389,0.03195204202501389,0.09003333417743893,0.0812397193457009,0.005672598117169256,0.03195204202501389,0.005625391168295672,0.0003544702337721984,0.0003544702337721984,0.0,0.9985663095926139,0.0036834686500480766,0.003328998416275878,0.9998735709271787,False
1.8675,1,77,78,0.7587850150994205,0.7587850150994206,1.1102230246251565e-16,0.033051603985500555,0.033051603985500555,0.09003621502959411,0.08208510953403265,0.006222379097412581,0.033051603985500555,0.005625391168295672,0.000354068852856614,0.000354068852856614,0.0,0.9986260102416328,0.0035720924977826647,0.0032180236449260505,0.9998789333140455,False
1.89675,1,78,79,0.7667481904080365,0.7667481904080367,1.1102230246251565e-16,0.03404700089907756,0.01702350044953878,0.09004828484264876,0.08110178243351028,0.007217776010989592,0.01702350044953878,0.005625391168295672,0.00035378245966534634,0.00035378245966534634,0.0,0.9987047881156149,0.003015501482738058,0.002661719023072712,0.9998854003162769,False
1.9295,1,79,80,0.77570466613801,0.77570466613801,0.0,0.01814305991578548,0.01814305991578548,0.09005825816348378,0.08039664093224325,0.008337335477236276,0.01814305991578548,0.005625391168295672,0.0003681037947684503,0.0003681037947684503,0.0,0.9988746428446851,0.0025840429205678944,0.002215939125799444,0.9999004801234918,False
1.9645000000000001,1,80,81,0.7853092346985203,0.7853092346985204,1.1102230246251565e-16,0.019343630985849253,0.019343630985849253,0.09000120949275363,0.07913902119144929,0.005043843763771701,0.019343630985849253,0.005043843763771701,0.00035802676121587376,0.00035802676121587376,0.0,0.9990141173253619,0.003553906035084556,0.003195879273868682,0.9999142943801508,False
2.00425,1,81,82,0.7962375000000002,0.7962375000000002,0.0,0.020709664148534212,0.020709664148534212,0.09006728649292901,0.07861356580270064,0.005451969854992522,0.020709664148534212,0.005451969854992522,0.00035361838530081446,0.00035361838530081446,0.0,0.9985294970006942,0.0035863633082969457,0.003232744922996131,0.9998702044026984,False
2.04575,1,82,83,0.8076500000000004,0.8076500000000004,0.0,0.022136226648534093,0.022136226648534093,0.0900260658027009,0.08218962637624419,0.006165251104992562,0.022136226648534093,0.005625391168295672,0.00035220407094780086,0.00035220407094780086,0.0,0.9986299975137655,0.0036072600248215625,0.003255055953873762,0.9998793438475305,False
2.07425,1,83,84,0.8154875000000006,0.8154875000000005,-1.1102230246251565e-16,0.023115914148534,0.023115914148534,0.09002712637624428,0.08121099944978755,0.007022192095320815,0.023115914148534,0.005625391168295672,0.00035172424102274547,0.00035172424102274547,0.0,0.9986812594205418,0.00352052798663606,0.0031688037456133146,0.9998839270613271,False
2.10625,1,84,85,0.8242875000000006,0.8242875000000007,1.1102230246251565e-16,0.024215914148533906,0.024215914148533906,0.09001099944978777,0.08105277959479515,0.007572192095320844,0.024215914148533906,0.005625391168295672,0.00035134106774704953,0.00035134106774704953,0.0,0.9988404909710147,0.003069559125024948,0.0027182180572778987,0.9998979743980065,False
2.1390000000000002,1,85,86,0.8332937500000009,0.833293750000001,1.1102230246251565e-16,0.02534169539853381,0.02534169539853381,0.09005902959479548,0.08501702904229913,0.005042000552496345,0.02534169539853381,0.005042000552496345,0.00035113171072312464,0.00035113171072312464,0.0,0.9989175893885534,0.0036069097497930004,0.0032557780390698758,0.9999056109549007,False
2.15725,1,86,87,0.8383125000000012,0.8383125000000011,-1.1102230246251565e-16,0.02596903914853376,0.01298451957426688,0.09003577904229931,0.08436643473980295,0.009325317095320935,0.01298451957426688,0.005042000552496345,0.00035097471952673744,0.00035097471952673744,0.0,0.9983368585928823,0.002253613556329692,0.0019026388368029547,0.9998513662511154,False
2.17775,1,87,88,0.8439500000000015,0.8439500000000015,0.0,0.013689207074266909,0.013689207074266909,0.09000393473980317,0.07930118363481042,0.005351375552496369,0.013689207074266909,0.005042000552496345,0.0003694124761394026,0.0003694124761394026,0.0,0.999061970424407,0.003617109999190654,0.0032476975230512515,0.9999187720212476,False
2.21675,1,88,89,0.8546750000000021,0.8546750000000021,0.0,0.015029832074266985,0.015029832074266985,0.09002618363481096,0.08333418308231455,0.005960314797660526,0.015029832074266985,0.005042000552496345,0.0003563745339332635,0.0003563745339332635,0.0,0.9985916425694823,0.003569425530921544,0.0032130509969882804,0.9998758303150963,False
2.241,1,89,90,0.8613437500000023,0.8613437500000023,0.0,0.015863425824266992,0.015863425824266992,0.09000293308231473,0.08247733877981832,0.006377111672660546,0.015863425824266992,0.005042000552496345,0.0003528961662199494,0.0003528961662199494,0.0,0.9986128453095705,0.003584364902667267,0.0032314687364473176,0.9998777624023623,False
2.2685,1,90,91,0.8689062500000023,0.8689062500000023,0.0,0.016808738324266922,0.016808738324266922,0.09003983877981842,0.08230061773215785,0.00657476792266057,0.016808738324266922,0.005042000552496345,0.000350785076410819,0.000350785076410819,0.0,0.9987132962494034,0.0035704530849015037,0.003219668008490685,0.9998868851092023,False
2.2965,1,91,92,0.8766062500000023,0.8766062500000023,0.0,0.017771238324266823,0.017771238324266823,0.09000061773215778,0.08129889668449716,0.007056017922660588,0.017771238324266823,0.005042000552496345,0.0003495928510014348,0.0003495928510014348,0.0,0.998750121594355,0.0034426680510498756,0.0030930752000484407,0.9998901370334764,False
2.32825,1,92,93,0.8853375000000026,0.8853375000000026,0.0,0.018862644574266736,0.018862644574266736,0.09003014668449731,0.08065381626183665,0.008147424172660627,0.018862644574266736,0.005042000552496345,0.00034875594822243576,0.00034875594822243576,0.0,0.9988440894277947,0.002387904918348824,0.0020391489701263883,0.9998974789480222,False
2.36225,1,93,94,0.8946875000000027,0.8946875000000027,0.0,0.020031394574266646,0.020031394574266646,0.09000381626183707,0.08473127605050669,0.005272540211330366,0.020031394574266646,0.005042000552496345,0.0003485894476132963,0.0003485894476132963,0.0,0.9989896137515288,0.003563253931142041,0.0032146644835287447,0.9999120726379592,False
2.3815,1,94,95,0.8999812500000028,0.8999812500000027,-1.1102230246251565e-16,0.02069311332426659,0.02069311332426659,0.09002502605050686,0.08409076708917648,0.005229571461330369,0.02069311332426659,0.005042000552496345,0.00034808911134512083,0.00034808911134512083,0.0,0.9984112812753785,0.0035827795712989677,0.003234690459953847,0.9998594459791611,False
2.403,1,95,96,0.9058937500000029,0.9058937500000029,0.0,0.02143217582426651,0.02143217582426651,0.09000326708917653,0.08403463312784616,0.005599102711330382,0.02143217582426651,0.005042000552496345,0.00034770139826901104,0.00034770139826901104,0.0,0.9984204538254545,0.0035915138708704775,0.003243812472601466,0.999860276242344,False
2.42475,1,96,97,0.9118750000000032,0.9118750000000033,1.1102230246251565e-16,0.02217983207426646,0.02217983207426646,0.09001588312784642,0.08329959291651601,0.005732305836330406,0.02217983207426646,0.005042000552496345,0.000347344956512807,0.000347344956512807,0.0,0.9985148151793718,0.0035968152731672663,0.0032494703166544596,0.9998688504596229,False
2.44925,1,97,98,0.9186125000000034,0.9186125000000034,0.0,0.02302201957426638,0.02302201957426638,0.09003709291651608,0.08284814645518565,0.006153399586330424,0.02302201957426638,0.005042000552496345,0.0003469149485606448,0.0003469149485606448,0.0,0.9985664195353676,0.0035895664685037694,0.0032426515199431246,0.9998735313425904,False
2.4755000000000003,1,98,99,0.9258312500000034,0.9258312500000034,0.0,0.023924363324266305,0.023924363324266305,0.09006689645518581,0.08197560624385536,0.007055743336330447,0.023924363324266305,0.005042000552496345,0.0003464647680693157,0.0003464647680693157,0.0,0.9986645126529589,0.003485488078685487,0.003139023310616171,0.9998823531784886,False
2.50475,1,99,100,0.9338750000000037,0.9338750000000036,-1.1102230246251565e-16,0.02492983207426621,0.02492983207426621,0.09001935624385547,0.081537050407525,0.007749254893566843,0.02492983207426621,0.005042000552496345,0.00034600578518546627,0.00034600578518546627,0.0,0.9988316032630601,0.002994583998904281,0.0026485782137188147,0.9998970749706677,False
2.53575,1,100,101,0.9424000000000039,0.942400000000004,1.1102230246251565e-16,0.025995457074266124,0.012997728537133062,0.09006205040752534,0.08051411957119481,0.0088148798935669,0.012997728537133062,0.005042000552496345,0.00034565044641850554,0.00034565044641850554,0.0,0.998931976394267,0.002074689293971671,0.0017290388475531655,0.9999049649322169,False
2.57025,1,101,102,0.9518875000000045,0.9518875000000045,0.0,0.014183666037133124,0.014183666037133124,0.09000161957119529,0.08484523227803001,0.005156387293165296,0.014183666037133124,0.005042000552496345,0.00035815317686553746,0.00035815317686553746,0.0,0.9990590271934302,0.0034666265679624553,0.003108473391096918,0.9999183351340866,False
2.589,1,102,103,0.9570437500000047,0.9570437500000049,1.1102230246251565e-16,0.014828197287133167,0.014828197287133167,0.09000148227803033,0.08420056373486501,0.005478652918165318,0.014828197287133167,0.005042000552496345,0.0003526323386245148,0.0003526323386245148,0.0,0.9983745953059521,0.00350704549398579,0.003154413155361275,0.9998560484187263,False
2.61025,1,103,104,0.962887500000005,0.962887500000005,0.0,0.015558666037133198,0.015558666037133198,0.09004431373486521,0.08383519206669988,0.005939275884283522,0.015558666037133198,0.005042000552496345,0.00034869914198212056,0.00034869914198212056,0.0,0.998481747951206,0.003543081813250769,0.0031943826712686483,0.9998658029856375,False
2.63275,1,104,105,0.969075000000005,0.969075000000005,0.0,0.016332103537133137,0.016332103537133137,0.09002269206669994,0.08304013289853458,0.006325994634283542,0.016332103537133137,0.005042000552496345,0.00034619998801685035,0.00034619998801685035,0.0,0.9985959789732256,0.00355155799328407,0.0032053580052672196,0.9998761887092397,False
2.6582500000000002,1,105,106,0.9760875000000051,0.9760875000000049,-2.220446049250313e-16,0.017208666037133065,0.017208666037133065,0.09005263289853463,0.08246335701425107,0.006512908696783563,0.017208666037133065,0.005042000552496345,0.00034444411682794463,0.00034444411682794463,0.0,0.9986917726145083,0.003529194196843423,0.0031847500800154783,0.9998848813657933,False
2.68575,1,106,107,0.983650000000005,0.983650000000005,0.0,0.018153978537132978,0.018153978537132978,0.09002585701425106,0.08149126862996746,0.006985564946783585,0.018153978537132978,0.005042000552496345,0.0003432220722146429,0.0003432220722146429,0.0,0.998736790014006,0.0033976852789107045,0.0030544632066960616,0.9998888737690304,False
2.71675,1,107,108,0.9921750000000052,0.9921750000000051,-1.1102230246251565e-16,0.019219603537132892,0.019219603537132892,0.09001626862996759,0.08080277399568393,0.00805118994678362,0.019219603537132892,0.005042000552496345,0.0003422623166389146,0.0003422623166389146,0.0,0.9988301804467166,0.002288274515795982,0.0019460121991570676,0.9998961006919781,False
2.75025,1,108,109,1.0013875000000054,1.0013875000000056,2.220446049250313e-16,0.020371166037132796,0.020371166037132796,0.09001527399568429,0.08483274542854242,0.005182528567141857,0.020371166037132796,0.005042000552496345,0.00034197979392546016,0.00034197979392546016,0.0,0.9989770668146595,0.0035304699208192694,0.0031884901268938092,0.9999108942366248,False
2.76925,1,109,110,1.0066125000000057,1.0066125000000057,0.0,0.021024291037132728,0.021024291037132728,0.0900577454285425,0.08422209186140064,0.0051642668483918575,0.021024291037132728,0.005042000552496345,0.00034132519993703824,0.00034132519993703824,0.0,0.9983843257982883,0.0035503119421936083,0.00320898674225657,0.9998569588246362,False
2.7905,1,110,111,1.0124562500000058,1.0124562500000058,0.0,0.021754759787132674,0.021754759787132674,0.09006584186140086,0.08417110626300899,0.0055295012233918805,0.021754759787132674,0.005042000552496345,0.00034082312565434075,0.00034082312565434075,0.0,0.9984005595768319,0.003557764800036181,0.0032169416743818404,0.9998584295223691,False
2.81175,1,111,112,1.0183000000000062,1.018300000000006,-2.220446049250313e-16,0.02248522853713262,0.02248522853713262,0.09001485626300919,0.08338965191461728,0.0056584074733919,0.02248522853713262,0.005042000552496345,0.00034039745000695096,0.00034039745000695096,0.0,0.9984941237444013,0.0035607237384767954,0.0032203262884698443,0.9998669276076849,False
2.836,1,112,113,1.024968750000006,1.024968750000006,0.0,0.023318822287132543,0.023318822287132543,0.09005840191461738,0.08296483819122547,0.00607520434839192,0.023318822287132543,0.005042000552496345,0.0003398863216462249,0.0003398863216462249,0.0,0.9985481054751218,0.003549632668488227,0.003209746346842002,0.999871820120464,False
2.8617500000000002,1,113,114,1.0320500000000061,1.0320500000000064,2.220446049250313e-16,0.024203978537132464,0.024203978537132464,0.09004608819122556,0.08206736821783361,0.006960360598391937,0.024203978537132464,0.005042000552496345,0.0003393637975319606,0.0003393637975319606,0.0,0.9986461062136773,0.0034309721577141586,0.003091608360182198,0.9998806169434612,False
2.89075,1,114,115,1.0400250000000064,1.0400250000000064,0.0,0.025200853537132376,0.025200853537132376,0.09004236821783376,0.0816683357444418,0.00779552588428338,0.025200853537132376,0.005042000552496345,0.00033881017949775806,0.00033881017949775806,0.0,0.9988162333370959,0.0029210469595396527,0.0025822367800418947,0.9998955950069078,False
2.92125,1,115,116,1.0484125000000066,1.0484125000000064,-2.220446049250313e-16,0.026249291037132284,0.013124645518566142,0.09005583574444209,0.08063336577105007,0.008843963384283435,0.013124645518566142,0.005042000552496345,0.0003383844538461464,0.0003383844538461464,0.0,0.9989354529116545,0.0019695600956780718,0.0016311756418319254,0.9999051553994172,False
2.9555000000000002,1,116,117,1.0578312500000073,1.0578312500000073,0.0,0.014301989268566209,0.014301989268566209,0.0900521157710506,0.08496060734685457,0.00509150842419604,0.014301989268566209,0.005042000552496345,0.0003511412325922779,0.0003511412325922779,0.0,0.9990608884137484,0.0034078429109754907,0.0030567016783832127,0.9999184392278545,False
2.974,1,117,118,1.0629187500000075,1.0629187500000077,2.220446049250313e-16,0.01493792676856624,0.01493792676856624,0.0900481073468548,0.08432066142265875,0.005409477174196056,0.01493792676856624,0.005042000552496345,0.00034576442387240607,0.00034576442387240607,0.0,0.9983536163789463,0.003444510555922299,0.003098746132049893,0.999854073432816,False
2.9947500000000002,1,118,119,1.0686250000000075,1.0686250000000075,0.0,0.015651208018566277,0.015651208018566277,0.090026911422659,0.08390415299846293,0.005934481692141791,0.015651208018566277,0.005042000552496345,0.0003417477519918168,0.0003417477519918168,0.0,0.9984602057932741,0.003484938181020178,0.003143190429028361,0.9998637810496597,False
3.017,1,119,120,1.0747437500000079,1.0747437500000079,0.0,0.016416051768566215,0.016416051768566215,0.090022902998463,0.0831353008242669,0.006316903567141813,0.016416051768566215,0.005042000552496345,0.00033906042121487436,0.00033906042121487436,0.0,0.9985931034768414,0.0034966732969069422,0.003157612875692068,0.9998758663341205,False
3.0420000000000003,1,120,121,1.081618750000008,1.0816187500000076,-4.440892098500626e-16,0.017275426768566138,0.017275426768566138,0.0900103008242669,0.08245160038212508,0.00649737231714183,0.017275426768566138,0.005042000552496345,0.00033715134700563955,0.00033715134700563955,0.0,0.9986869084853881,0.0034734022846103496,0.00313625093760471,0.999884377309701,False
3.0695,1,121,122,1.0891812500000078,1.0891812500000075,-2.220446049250313e-16,0.01822073926856605,0.01822073926856605,0.09001410038212507,0.0815100874399832,0.006970028567141852,0.01822073926856605,0.005042000552496345,0.0003357824831270611,0.0003357824831270611,0.0,0.9987340890398415,0.003337261656671593,0.003001479173544532,0.9998885615392545,False
3.1005000000000003,1,122,123,1.0977062500000079,1.0977062500000079,0.0,0.019286364268565965,0.019286364268565965,0.09003508743998331,0.08084787137284141,0.008035653567141886,0.019286364268565965,0.005042000552496345,0.00033471829380647266,0.00033471829380647266,0.0,0.998827856481239,0.002193025191314396,0.0018583068975079236,0.9998957752553712,False
3.134,1,123,124,1.1069187500000082,1.1069187500000084,2.220446049250313e-16,0.02043792676856587,0.02043792676856587,0.09006037137284176,0.08489098208927076,0.0051693892835709895,0.02043792676856587,0.005042000552496345,0.00033437045186254474,0.00033437045186254474,0.0,0.9989752768464003,0.0034868053569521024,0.0031524349050895575,0.9999106827498128,False
3.15275,1,124,125,1.1120750000000084,1.1120750000000084,0.0,0.021082458018565807,0.021082458018565807,0.09004723208927087,0.08423331155569988,0.005152201783570993,0.021082458018565807,0.005042000552496345,0.000333683122935165,0.000333683122935165,0.0,0.9983782193219691,0.003507366289831171,0.0031736831668960058,0.9998563559740723,False
3.17375,1,125,126,1.1178500000000087,1.1178500000000087,0.0,0.02180433301856574,0.02180433301856574,0.09000831155570002,0.084134234772129,0.005513139283571011,0.02180433301856574,0.005042000552496345,0.0003335007553912441,0.0003335007553912441,0.0,0.9983948690389672,0.003514556653986936,0.003181055898595692,0.9998578642168632,False
3.19525,1,126,127,1.1237625000000082,1.1237625000000084,2.220446049250313e-16,0.02254339551856568,0.02254339551856568,0.09004673477212918,0.08343359548855815,0.005646342408571027,0.02254339551856568,0.005042000552496345,0.00033288008833599723,0.00033288008833599723,0.0,0.9984921966659116,0.003515821035751907,0.00318294094741591,0.999866703121101,False
3.21925,1,127,128,1.1303625000000084,1.1303625000000084,0.0,0.02336839551856561,0.02336839551856561,0.0900335954885583,0.08295639370498725,0.0060588424085710494,0.02336839551856561,0.005042000552496345,0.00033234146082626516,0.00033234146082626516,0.0,0.9985434044965054,0.003500921289912976,0.003168579829086711,0.9998713394214271,False
3.245,1,128,129,1.1374437500000087,1.137443750000009,2.220446049250313e-16,0.024253551768565532,0.024253551768565532,0.09003764370498735,0.08207528567141627,0.0069439986585710664,0.024253551768565532,0.005042000552496345,0.0003318900270156927,0.0003318900270156927,0.0,0.9986428527506384,0.0033724840360641155,0.003040594009048423,0.9998802567024407,False
3.274,1,129,130,1.145418750000009,1.145418750000009,0.0,0.025250426768565443,0.025250426768565443,0.0900502856714164,0.08169691201284532,0.007803622317141645,0.025250426768565443,0.005042000552496345,0.00033185293755091325,0.00033185293755091325,0.0,0.9988137322085855,0.002849567342682248,0.0025177144051313346,0.9998952867622088,False
3.30425,1,130,131,1.1537375000000094,1.1537375000000094,0.0,0.02629027051856536,0.01314513525928268,0.09001566201284564,0.08062244460427448,0.008843466067141703,0.01314513525928268,0.005042000552496345,0.00033098718580329244,0.00033098718580329244,0.0,0.9989353371264711,0.0018773679415484412,0.0015463807557451487,0.999905030945639,False
3.3385000000000002,1,131,132,1.1631562500000099,1.1631562500000099,0.0,0.014322479009282746,0.014322479009282746,0.09004119460427501,0.0849621640249894,0.0050790305792856065,0.014322479009282746,0.005042000552496345,0.0003433168264169803,0.0003433168264169803,0.0,0.9990607729519136,0.003350842741316952,0.003007525914899972,0.9999183659311615,False
3.357,1,132,133,1.16824375000001,1.16824375000001,0.0,0.014958416509282778,0.014958416509282778,0.09004966402498965,0.08433469594570403,0.005396999329285623,0.014958416509282778,0.005042000552496345,0.0003382042770491058,0.0003382042770491058,0.0,0.9983499367765137,0.0033808432964862606,0.0030426390194371548,0.999853669399709,False
3.3777500000000003,1,133,134,1.1739500000000103,1.1739500000000105,2.220446049250313e-16,0.015671697759282812,0.015671697759282812,0.09004094594570429,0.08393066536641865,0.005934233033570925,0.015671697759282812,0.005042000552496345,0.00033420963267895266,0.00033420963267895266,0.0,0.9984569818990813,0.003424656972223869,0.003090447339544916,0.9998634214996226,False
3.4,1,134,135,1.1800687500000104,1.1800687500000104,0.0,0.01643654150928275,0.01643654150928275,0.09004941536641871,0.08317429103713306,0.006316654908570947,0.01643654150928275,0.005042000552496345,0.00033146799028204745,0.00033146799028204745,0.0,0.9985929861052952,0.003439977068801753,0.0031085090785197052,0.9998757924434849,False
3.4250000000000003,1,135,136,1.1869437500000104,1.1869437500000104,0.0,0.017295916509282673,0.017295916509282673,0.09004929103713305,0.0824908392535621,0.006497123658570964,0.017295916509282673,0.005042000552496345,0.00032950142322305453,0.00032950142322305453,0.0,0.9986868024039526,0.003418072419105758,0.0030885709958827037,0.9998843057812652,False
3.4525,1,136,137,1.1945062500000105,1.1945062500000105,0.0,0.018241229009282586,0.018241229009282586,0.09005333925356207,0.08154957496999107,0.006969779908570986,0.018241229009282586,0.005042000552496345,0.00032863378215283354,0.00032863378215283354,0.0,0.9987339891532927,0.003278287935301806,0.0029496541531489726,0.9998884871292598,False
3.48325,1,137,138,1.2029625000000106,1.2029625000000106,0.0,0.019298260259282506,0.019298260259282506,0.09000582496999124,0.08082745131142018,0.008026811158571024,0.019298260259282506,0.005042000552496345,0.0003289666705626975,0.0003289666705626975,0.0,0.9988265045928137,0.0021101139525004087,0.001781147281937711,0.9998955522759067,False
3.51675,1,138,139,1.2121750000000109,1.2121750000000109,0.0,0.020449822759282393,0.020449822759282393,0.0900399513114204,0.08487498323213485,0.005164968079285551,0.020449822759282393,0.005042000552496345,0.0003288662597044191,0.0003288662597044191,0.0,0.9989742323183587,0.0034427833086636064,0.0031139170489591873,0.9999105387782091,False
3.5355,1,139,140,1.217331250000011,1.217331250000011,0.0,0.02109435400928235,0.02109435400928235,0.09003123323213509,0.08422173390284951,0.0051477805792855625,0.02109435400928235,0.005042000552496345,0.0003296091819155724,0.0003296091819155724,0.0,0.9983769304609069,0.0034644884377425314,0.003134879255826959,0.9998561910443173,False
3.55675,1,140,141,1.2231750000000112,1.2231750000000112,0.0,0.021824822759282277,0.021824822759282277,0.09006548390284962,0.08418723457356404,0.005513014954285578,0.021824822759282277,0.005042000552496345,0.0003295124390407851,0.0003295124390407851,0.0,0.9983959612855414,0.0034726566541073353,0.00314314421506655,0.9998579164286039,False
3.5780000000000003,1,141,142,1.2290187500000114,1.2290187500000114,0.0,0.022555291509282222,0.022555291509282222,0.09003098457356425,0.08342226649427865,0.0056419212042855965,0.022555291509282222,0.005042000552496345,0.00032885552314113856,0.00032885552314113856,0.0,0.9984900346764758,0.0034714813403394565,0.003142625817198318,0.9998664580548603,False
3.602,1,142,143,1.2356187500000115,1.2356187500000115,0.0,0.023380291509282152,0.023380291509282152,0.09002226649427879,0.08295378278999317,0.006054421204285619,0.023380291509282152,0.005042000552496345,0.0003283062471549503,0.0003283062471549503,0.0,0.9985423548224497,0.0034547545909741732,0.003126448343819223,0.9998711932713324,False
3.6277500000000003,1,143,144,1.2427000000000117,1.2427000000000117,0.0,0.024265447759282074,0.024265447759282074,0.09003503278999328,0.08208139283570763,0.006939577454285636,0.024265447759282074,0.005042000552496345,0.0003278263112509048,0.0003278263112509048,0.0,0.9986419339498436,0.003318889557647066,0.0029910632463961613,0.9998801141718382,False
3.65675,1,144,145,1.2506750000000117,1.2506750000000117,0.0,0.025262322759281985,0.025262322759281985,0.09005639283570778,0.08170744038142211,0.00780659631482078,0.025262322759281985,0.005042000552496345,0.0003278124380525301,0.0003278124380525301,0.0,0.998813017838921,0.002786906137834652,0.002459093699782122,0.9998951504014939,False
3.6870000000000003,1,145,146,1.2589937500000121,1.2589937500000121,0.0,0.0263021665092819,0.01315108325464095,0.09002619038142243,0.08063739417713671,0.008846440064820838,0.01315108325464095,0.005042000552496345,0.00032689384436546137,0.00032689384436546137,0.0,0.9989356441141598,0.0018027579791083936,0.0014758641347429322,0.9999049658713318,False
3.72125,1,146,147,1.2684125000000126,1.2684125000000126,0.0,0.014328427004641016,0.014328427004641016,0.09005614417713724,0.08497932419999435,0.0050768199771428916,0.014328427004641016,0.005042000552496345,0.0003355660143787197,0.0003355660143787197,0.0,0.9990609953036084,0.0033029393511615768,0.002967373336782857,0.9999183333711524,False
3.73975,1,147,148,1.2735000000000127,1.2735000000000127,0.0,0.014964364504641049,0.014964364504641049,0.0900668241999946,0.08435406672285167,0.005394788727142908,0.014964364504641049,0.005042000552496345,0.0003307769791485579,0.0003307769791485579,0.0,0.9983492269476316,0.003322678773606008,0.0029919017944574503,0.9998535410234778,False
3.7605,1,148,149,1.279206250000013,1.279206250000013,0.0,0.01567764575464108,0.01567764575464108,0.09006031672285193,0.083952246745709,0.005935720032410493,0.01567764575464108,0.005042000552496345,0.0003268683955966581,0.0003268683955966581,0.0,0.9984563542594428,0.003367598094926448,0.00304072969932979,0.9998633013424498,False
3.7825,1,149,150,1.285256250000013,1.285256250000013,0.0,0.016433895754641006,0.016433895754641006,0.09000224674570899,0.08313792676856606,0.006313845032410509,0.016433895754641006,0.005042000552496345,0.00032414410515071046,0.00032414410515071046,0.0,0.9985914243401397,0.0033852050239188414,0.003061060918768131,0.9998755896429796,False
3.8075,1,150,151,1.292131250000013,1.292131250000013,0.0,0.01729327075464093,0.01729327075464093,0.09001292676856604,0.08246158173615553,0.006494313782410526,0.01729327075464093,0.005042000552496345,0.0003235517057863174,0.0003235517057863174,0.0,0.9986862286745748,0.0033658838710808672,0.0030423321652945498,0.9998841954300188,False
3.835,1,151,152,1.2996937500000132,1.2996937500000132,0.0,0.01823858325464086,0.01823858325464086,0.09002408173615564,0.08152742420374508,0.006966970032410556,0.01823858325464086,0.005042000552496345,0.00032434761726109435,0.00032434761726109435,0.0,0.9987334555423762,0.0032242019056713464,0.002899854288410252,0.9998883788139081,False
3.866,1,152,153,1.3082187500000133,1.3082187500000133,0.0,0.019304208254640756,0.019304208254640756,0.09005242420374507,0.08086826667133445,0.008032595032410576,0.019304208254640756,0.005042000552496345,0.0003249555842977171,0.0003249555842977171,0.0,0.9988273020325795,0.0020425283829661467,0.0017175727986684297,0.999895542767268,False
3.89925,1,153,154,1.3173625000000135,1.3173625000000135,0.0,0.020447177004640667,0.020447177004640667,0.09001201667133485,0.08484845353012951,0.0051635631412053394,0.020447177004640667,0.005042000552496345,0.0003250581640127287,0.0003250581640127287,0.0,0.9989738686914699,0.003402871222844328,0.0030778130588315993,0.999910461367966,False
3.918,1,154,155,1.3225187500000137,1.3225187500000135,-2.220446049250313e-16,0.021091708254640604,0.021091708254640604,0.09000470353012963,0.08419660913892427,0.005146375641205343,0.021091708254640604,0.005042000552496345,0.00032590126036512716,0.00032590126036512716,0.0,0.9983764899961766,0.0034254815816857145,0.0030995803213205875,0.9998561076114467,False
3.93925,1,155,156,1.3283625000000137,1.3283625000000139,2.220446049250313e-16,0.02182217700464055,0.02182217700464055,0.0900403591389245,0.08416351474771913,0.005511610016205366,0.02182217700464055,0.005042000552496345,0.0003258998133716548,0.0003258998133716548,0.0,0.998395531460898,0.003434534604673023,0.003108634791301368,0.9998578348177016,False
3.9605,1,156,157,1.334206250000014,1.334206250000014,0.0,0.022552645754640478,0.022552645754640478,0.0900072647477192,0.08339995160651383,0.0056405162662053745,0.022552645754640478,0.005042000552496345,0.00032528042586760236,0.00032528042586760236,0.0,0.9984896488452608,0.0034322194250086292,0.003106938999141027,0.9998663800554078,False
3.98475,1,157,158,1.340875000000014,1.3408750000000138,-2.220446049250313e-16,0.023386239504640402,0.023386239504640402,0.09006870160651392,0.08299302909030853,0.0060573131412053945,0.023386239504640402,0.005042000552496345,0.0003247596075000838,0.0003247596075000838,0.0,0.9985439332516721,0.0034147448092232344,0.0030899852017231507,0.9998712925663953,False
4.01025,1,158,159,1.3478875000000141,1.3478875000000141,0.0,0.024262802004640396,0.024262802004640396,0.09000552909030879,0.08205329407410336,0.0069338756412054186,0.024262802004640396,0.005042000552496345,0.00032419654804350626,0.00032419654804350626,0.0,0.9986407677770484,0.003271721256588457,0.002947524708544951,0.999879956475511,False
4.03925,1,159,160,1.3558625000000144,1.3558625000000144,0.0,0.025259677004640445,0.025259677004640445,0.09002829407410354,0.0816807465578981,0.007803786438660353,0.025259677004640445,0.005042000552496345,0.00032424193549955734,0.00032424193549955734,0.0,0.9988121162347121,0.002733570021881168,0.0024093280863816107,0.999895007664462,False
4.06975,1,160,161,1.3642500000000148,1.3642500000000148,0.0,0.0263081145046405,0.01315405725232025,0.09006824655789854,0.08067226154169305,0.008852223938660407,0.01315405725232025,0.005042000552496345,0.00032332682950560366,0.00032332682950560366,0.0,0.9989362968789632,0.001742939009238123,0.0014196121797325194,0.9999049499537236,False
4.10375,1,161,162,1.3736000000000153,1.3736000000000153,0.0,0.014322807252320305,0.014322807252320305,0.09002226154169349,0.08494829247109073,0.00507396907060276,0.014322807252320305,0.005042000552496345,0.0003282872200478676,0.0003282872200478676,0.0,0.9990606889775389,0.0032673155051796757,0.002939028285131808,0.9999182668769074,False
4.12225,1,162,163,1.3786875000000158,1.3786875000000158,0.0,0.014958744752320353,0.014958744752320353,0.09003579247109106,0.0843258859004883,0.005391937820602784,0.014958744752320353,0.005042000552496345,0.00032383470333049774,0.00032383470333049774,0.0,0.998348340878247,0.003272506242740947,0.002948671539410449,0.9998534056766675,False
4.143,1,163,164,1.3843937500000159,1.3843937500000159,0.0,0.015672026002320375,0.015672026002320375,0.09003213590048839,0.08392691682988564,0.005934315094330263,0.015672026002320375,0.005042000552496345,0.00032003532134061447,0.00032003532134061447,0.0,0.998455570667364,0.0033161844687484288,0.0029961491474078143,0.9998631735011562,False
4.16525,1,164,165,1.3905125000000158,1.3905125000000158,0.0,0.016436869752320404,0.016436869752320404,0.09004566682988571,0.08317560400928298,0.006316736969330277,0.016436869752320404,0.005042000552496345,0.0003178278821404664,0.0003178278821404664,0.0,0.9985928842444762,0.0033372046945919845,0.0030193768124515182,0.9998756686884123,False
4.19025,1,165,166,1.3973875000000162,1.3973875000000162,0.0,0.01729624475232046,0.01729624475232046,0.0900506040092832,0.08249207016495297,0.00649720571933031,0.01729624475232046,0.005042000552496345,0.0003194253167776007,0.0003194253167776007,0.0,0.9986867080586336,0.003319697567367018,0.0030002722505894173,0.9998841872806858,False
4.21775,1,166,167,1.4049500000000164,1.4049500000000164,0.0,0.018241557252320507,0.018241557252320507,0.0900545701649531,0.08155072382062283,0.006969861969330333,0.018241557252320507,0.005042000552496345,0.00032053601582513624,0.00032053601582513624,0.0,0.9987339014333845,0.0031769477928563564,0.0028564117770312203,0.9998883669423628,False
4.2485,1,167,168,1.4134062500000166,1.4134062500000164,-2.220446049250313e-16,0.019298588502320572,0.019298588502320572,0.0900069738206232,0.08082851810129284,0.008026893219330342,0.019298588502320572,0.005042000552496345,0.00032137249199028505,0.00032137249199028505,0.0,0.99882642068641,0.0019830589965409567,0.0016616865045506718,0.9998953902118626,False
4.282,1,168,169,1.4226187500000171,1.4226187500000171,0.0,0.020450151002320636,0.020450151002320636,0.09004101810129335,0.08487600899162814,0.005165009109665206,0.020450151002320636,0.005042000552496345,0.00032180560679178033,0.00032180560679178033,0.0,0.9989741523205955,0.0033692020585457533,0.0030473964517539727,0.9999104494651033,False
4.30075,1,169,170,1.4277750000000173,1.4277750000000173,0.0,0.021094682252320664,0.021094682252320664,0.09003225899162834,0.08422271863196315,0.005147821609665213,0.021094682252320664,0.005042000552496345,0.00032274968669123425,0.00032274968669123425,0.0,0.9983768553005566,0.0033925966800864363,0.0030698469933952022,0.999856103977247,False
4.322,1,170,171,1.4336187500000175,1.4336187500000175,0.0,0.02182515100232071,0.02182515100232071,0.09006646863196341,0.0841881782722982,0.005513055984665236,0.02182515100232071,0.005042000552496345,0.0003228461067051053,0.0003228461067051053,0.0,0.9983958887782024,0.003402534021978855,0.00307968791527375,0.9998578313847598,False
4.34325,1,171,172,1.4394625000000174,1.4394625000000176,2.220446049250313e-16,0.022555619752320726,0.022555619752320726,0.09003192827229817,0.083423169162633,0.005641962234665248,0.022555619752320726,0.005042000552496345,0.00032227795693930253,0.00032227795693930253,0.0,0.9984899617371606,0.0033995507459098177,0.003077272788970515,0.9998663725113882,False
4.36725,1,172,173,1.4460625000000178,1.4460625000000178,0.0,0.02338061975232077,0.02338061975232077,0.09002316916263314,0.08295464442796795,0.00605446223466527,0.02338061975232077,0.005042000552496345,0.0003217273265077737,0.0003217273265077737,0.0,0.998542281021716,0.0033801142066500235,0.0030583868801422496,0.9998711045183071,False
4.393,1,173,174,1.453143750000018,1.453143750000018,0.0,0.02426577600232083,0.02426577600232083,0.09003589442796814,0.08208221344330294,0.006939618484665271,0.02426577600232083,0.005042000552496345,0.0003212314578184777,0.0003212314578184777,0.0,0.9986418584877338,0.0032335717084682226,0.002912340250649745,0.9998800135485136,False
4.422,1,174,175,1.461118750000018,1.4611187500000178,-2.220446049250313e-16,0.02526265100232088,0.02526265100232088,0.0900572134433031,0.08170821995863783,0.007806678375580297,0.02526265100232088,0.005042000552496345,0.0003212766733070649,0.0003212766733070649,0.0,0.998812941144101,0.0026894270051016217,0.002368150331794557,0.9998950324025858,False
4.45225,1,175,176,1.4694375000000184,1.4694375000000184,0.0,0.026302494752320923,0.013151247376160462,0.09002696995863818,0.08063813272397288,0.00884652212558034,0.013151247376160462,0.005042000552496345,0.0003203149661578657,0.0003203149661578657,0.0,0.9989355698388773,0.0016908282604903152,0.0013705132943324495,0.9999048179456014,False
4.4865,1,176,177,1.4788562500000189,1.4788562500000189,0.0,0.014328591126160528,0.014328591126160528,0.09005688272397341,0.08498004223164073,0.005076840492332687,0.014328591126160528,0.005042000552496345,0.00032142325130476957,0.00032142325130476957,0.0,0.9990609294774416,0.003240888114607092,0.0029194648633023225,0.9999182595652277,False
4.505,1,177,178,1.483943750000019,1.483943750000019,0.0,0.014964528626160576,0.014964528626160576,0.09006754223164107,0.08435476423930838,0.005394809242332711,0.014964528626160576,0.005042000552496345,0.00031732899448030043,0.00031732899448030043,0.0,0.9983491254882346,0.0032331824880010365,0.002915853493520736,0.9998534334310815,False
4.52575,1,178,179,1.4896500000000192,1.4896500000000192,0.0,0.0156778098761606,0.0156778098761606,0.09006101423930847,0.08395292374697579,0.005935761062790235,0.0156778098761606,0.005042000552496345,0.0003136918725887448,0.0003136918725887448,0.0,0.9984562475001192,0.003273433364035322,0.002959741491446577,0.9998631875393654,False
4.54775,1,179,180,1.4957000000000193,1.4957000000000193,0.0,0.01643405987616065,0.01643405987616065,0.09000292374697602,0.08313858325464334,0.006313886062790259,0.01643405987616065,0.005042000552496345,0.0003138970087569151,0.0003138970087569151,0.0,0.9985913275477704,0.0032945151686236546,0.0029806181598667396,0.9998754797731111,False
4.57275,1,180,181,1.5025750000000198,1.5025750000000198,0.0,0.017293434876160706,0.017293434876160706,0.09001358325464356,0.08246219719185334,0.0064943548127902925,0.017293434876160706,0.005042000552496345,0.000315850175982874,0.000315850175982874,0.0,0.9986861396564846,0.0032794216000850973,0.0029635714241022233,0.9998840907229513,False
4.60025,1,181,182,1.5101375000000197,1.5101375000000197,0.0,0.01823874737616075,0.01823874737616075,0.09002469719185346,0.08152799862906321,0.006967011062790315,0.01823874737616075,0.005042000552496345,0.0003172817675193782,0.0003172817675193782,0.0,0.9987333737983366,0.0031364466144450445,0.002819164846925666,0.999888274212237,False
4.6312500000000005,1,182,183,1.51866250000002,1.51866250000002,0.0,0.019304372376160797,0.019304372376160797,0.09005299862906341,0.0808688000662731,0.008032636062790305,0.019304372376160797,0.005042000552496345,0.0003184326911040968,0.0003184326911040968,0.0,0.9988272256421804,0.0019364143340483697,0.001617981642944273,0.9998954062215756,False
4.6645,1,183,184,1.5278062500000205,1.5278062500000205,0.0,0.02044734112616085,0.02044734112616085,0.09001255006627353,0.08484896640987835,0.005163583656395181,0.02044734112616085,0.005042000552496345,0.00031913927109839994,0.00031913927109839994,0.0,0.9989737985113668,0.0033411422534223717,0.003022002982323972,0.9999103861823952,False
4.68325,1,184,185,1.5329625000000209,1.5329625000000209,0.0,0.02109187237616091,0.02109187237616091,0.09000521640987877,0.08419710150348358,0.005146396156395204,0.02109187237616091,0.005042000552496345,0.0003201493805674389,0.0003201493805674389,0.0,0.9983764229781511,0.0033650431001948783,0.0030448937196274396,0.9998560340941414,False
4.7045,1,185,186,1.5388062500000208,1.5388062500000208,0.0,0.021822341126160924,0.021822341126160924,0.0900408515034836,0.08416398659708843,0.005511630531395212,0.021822341126160924,0.005042000552496345,0.000320348898218344,0.000320348898218344,0.0,0.9983954672834937,0.0033760325818984194,0.0030556836836800752,0.9998577635775261,False
4.72575,1,186,187,1.5446500000000212,1.5446500000000212,0.0,0.02255280987616097,0.02255280987616097,0.09000773659708866,0.08340040294069348,0.005640536781395239,0.02255280987616097,0.005042000552496345,0.0003198553354168836,0.0003198553354168836,0.0,0.9984895853760654,0.0033726909303209256,0.003052835594904042,0.9998663090763412,False
4.74975,1,187,188,1.5512500000000213,1.5512500000000213,0.0,0.023377809876161015,0.023377809876161015,0.09000040294069361,0.08293330365929844,0.006053036781395261,0.023377809876161015,0.005042000552496345,0.00031933477578868167,0.00031933477578868167,0.0,0.9985419284493617,0.003352449701338328,0.0030331149255496464,0.999871042309661,False
4.7755,1,188,189,1.5583312500000215,1.5583312500000215,0.0,0.024262966126161075,0.024262966126161075,0.09001455365929863,0.08206229812790342,0.006938193031395263,0.024262966126161075,0.005042000552496345,0.00031885076040132375,0.00031885076040132375,0.0,0.9986415483623768,0.003201834819990562,0.0028829840595892384,0.9998799507578253,False
4.8045,1,189,190,1.5663062500000215,1.5663062500000215,0.0,0.025259841126161125,0.025259841126161125,0.09003729812790356,0.08168973009650832,0.007803827469040363,0.025259841126161125,0.005042000552496345,0.0003189256045028534,0.0003189256045028534,0.0,0.9988126972443497,0.0026533383969886346,0.002334412792485781,0.9998949690536766,False
4.83475,1,190,191,1.574625000000022,1.574625000000022,0.0,0.026299684876161168,0.013149842438080584,0.09000848009650866,0.08062106831511337,0.008843671219040406,0.013149842438080584,0.005042000552496345,0.0003179558540787499,0.0003179558540787499,0.0,0.9989351949862395,0.0016490000393196286,0.0013310441852408786,0.9999047300630103,False
4.869,1,191,192,1.5840437500000224,1.5840437500000226,2.220446049250313e-16,0.01432718618808065,0.01432718618808065,0.0900398183151139,0.08496369054941622,0.005076127765697682,0.01432718618808065,0.005042000552496345,0.00031519462448291447,0.00031519462448291447,0.0,0.9990606454211425,0.0032268831321354344,0.00291168850765252,0.999918218954385,False
4.8875,1,192,193,1.589131250000023,1.589131250000023,0.0,0.014963123688080698,0.014963123688080698,0.09005119054941656,0.08433912528371887,0.005394096515697706,0.014963123688080698,0.005042000552496345,0.0003129513784675555,0.0003129513784675555,0.0,0.9983488831309052,0.003203140411465605,0.002890189032998049,0.9998533784521103,False
4.90825,1,193,194,1.5948375000000232,1.594837500000023,-2.220446049250313e-16,0.015676404938080722,0.015676404938080722,0.09004537528371898,0.08393799751802128,0.005934335609520268,0.015676404938080722,0.005042000552496345,0.00031042595293731393,0.00031042595293731393,0.0,0.9984560245273246,0.0032376920255707195,0.0029272660726334058,0.9998631278626864,False
4.9305,1,194,195,1.6009562500000232,1.600956250000023,-2.220446049250313e-16,0.01644124868808075,0.01644124868808075,0.09005674751802137,0.0831845260023237,0.0063167574845202825,0.01644124868808075,0.005042000552496345,0.0003106670783939796,0.0003106670783939796,0.0,0.9985927984530135,0.0032597225497531593,0.00294905547135918,0.999875574542366,False
4.9555,1,195,196,1.6078312500000234,1.6078312500000234,0.0,0.01730062368808081,0.01730062368808081,0.09005952600232393,0.08250097164280369,0.0064972262345203155,0.01730062368808081,0.005042000552496345,0.00031285253691281235,0.00031285253691281235,0.0,0.9986866294048333,0.003245845820358341,0.0029329932834455284,0.9998840976366457,False
4.9830000000000005,1,196,197,1.6153937500000235,1.6153937500000235,0.0,0.018245936188080854,0.018245936188080854,0.09006347164280383,0.08155960478328356,0.006969882484520338,0.018245936188080854,0.005042000552496345,0.0003145858924895413,0.0003145858924895413,0.0,0.99873383019058,0.0031028926531105755,0.002788306760621034,0.9998882785235527,False
5.01375,1,197,198,1.623850000000024,1.623850000000024,0.0,0.01930296743808092,0.01930296743808092,0.09001585478328392,0.08083737854876355,0.008026913734520347,0.01930296743808092,0.005042000552496345,0.00031597308213565916,0.00031597308213565916,0.0,0.9988263554650549,0.0018951728548217694,0.0015791997726861103,0.9998952763394369,False
5.04725,1,198,199,1.6330625000000243,1.6330625000000243,0.0,0.020454529938080983,0.020454529938080983,0.09004987854876406,0.08488485918150387,0.005165019367260208,0.020454529938080983,0.005042000552496345,0.0003170502252272822,0.0003170502252272822,0.0,0.9989740944753879,0.0033194658039618283,0.003002415578734546,0.9999103888152714,False
5.066,1,199,200,1.6382187500000245,1.6382187500000245,0.0,0.02109906118808101,0.02109906118808101,0.09004110918150404,0.08423155856424386,0.005147831867260215,0.02109906118808101,0.005042000552496345,0.0003181400487553499,0.0003181400487553499,0.0,0.9983767997091563,0.003343905101097923,0.003025765052342573,0.9998560446570189,False
5.087,1,200,201,1.6439937500000246,1.6439937500000248,2.220446049250313e-16,0.021820936188081046,0.021820936188081046,0.09000655856424403,0.08413685169698383,0.005508769367260233,0.021820936188081046,0.005042000552496345,0.0003183957421233015,0.0003183957421233015,0.0,0.9983934810474462,0.0033551482165607993,0.0030367524744374977,0.9998575598430252,False
5.1085,1,201,202,1.6499062500000248,1.6499062500000248,0.0,0.022559998688081073,0.022559998688081073,0.0900493516969839,0.08344058232972372,0.00564197249226025,0.022559998688081073,0.005042000552496345,0.00031802847740206817,0.00031802847740206817,0.0,0.9984909517484669,0.003352467287916293,0.0030344388105142247,0.9998664110731854,False
5.1325,1,202,203,1.656506250000025,1.656506250000025,0.0,0.023384998688081117,0.023384998688081117,0.09004058232972387,0.08296775046246366,0.0060544724922602725,0.023384998688081117,0.005042000552496345,0.00031752697999539435,0.00031752697999539435,0.0,0.9985422300645257,0.0033314417465734186,0.0030139147665780245,0.9998710466706999,False
5.15825,1,203,204,1.663587500000025,1.663587500000025,0.0,0.024270154938081177,0.024270154938081177,0.09004900046246386,0.08209101234520363,0.006939628742260274,0.024270154938081177,0.005042000552496345,0.0003170515464926133,0.0003170515464926133,0.0,0.9986418072495026,0.00317718994486867,0.0028601383983760565,0.9998799472940568,False
5.18725,1,204,205,1.6715625000000254,1.6715625000000254,0.0,0.025267029938081227,0.025267029938081227,0.0900660123452038,0.08171700860294354,0.007807773109520384,0.025267029938081227,0.005042000552496345,0.00031715537942895257,0.00031715537942895257,0.0,0.9988128900543854,0.0026243221682443196,0.002307166788815367,0.9998949534681222,False
5.2175,1,205,206,1.6798812500000255,1.6798812500000255,0.0,0.02630687368808127,0.013153436844040635,0.09003575860294388,0.08064691111068359,0.008847616859520426,0.013153436844040635,0.005042000552496345,0.00031618168791958996,0.00031618168791958996,0.0,0.9989356487216691,0.0016157841645209337,0.0012996024766013436,0.9999047276541072,False
5.25175,1,206,207,1.689300000000026,1.6893000000000262,2.220446049250313e-16,0.014330780594040702,0.014330780594040702,0.09006566111068412,0.08498881548955392,0.005076845621130188,0.014330780594040702,0.005042000552496345,0.00031161600746092594,0.00031161600746092594,0.0,0.999061013913402,0.0032234546079668094,0.0029118386005058837,0.999918249492374,False
5.2700000000000005,1,207,208,1.6943187500000265,1.6943187500000265,0.0,0.014958124344040738,0.014958124344040738,0.09000756548955417,0.08430337611842399,0.005390517496130206,0.014958124344040738,0.005042000552496345,0.0003115908011502522,0.0003115908011502522,0.0,0.9983465740730206,0.003182584097467002,0.00287099329631675,0.9998531463966601,False
5.29075,1,208,209,1.7000250000000268,1.7000250000000268,0.0,0.015671405594040795,0.015671405594040795,0.09000962611842434,0.08390582737229413,0.005932011554760288,0.015671405594040795,0.005042000552496345,0.00030811215372344454,0.00030811215372344454,0.0,0.9984550834643022,0.0032091471320412,0.002901034978317755,0.9998630111345447,False
5.313,1,209,210,1.7061437500000267,1.706143750000027,2.220446049250313e-16,0.016436249344040824,0.016436249344040824,0.0900245773722942,0.08315593487616402,0.006314433429760302,0.016436249344040824,0.005042000552496345,0.0003080852341422533,0.0003080852341422533,0.0,0.9985922741448808,0.003229551856502297,0.0029214666223600434,0.9998754935706243,False
5.338,1,210,211,1.713018750000027,1.713018750000027,0.0,0.01729562434404088,0.01729562434404088,0.09003093487616425,0.08247470457140398,0.006494902179760335,0.01729562434404088,0.005042000552496345,0.0003103056611081451,0.0003103056611081451,0.0,0.9986861706648258,0.003216633637821327,0.002906327976713182,0.999884023562879,False
5.3655,1,211,212,1.7205812500000273,1.720581250000027,-2.220446049250313e-16,0.018240936844040927,0.018240936844040927,0.09003720457140411,0.08153566176664381,0.006967558429760358,0.018240936844040927,0.005042000552496345,0.0003123377303043725,0.0003123377303043725,0.0,0.9987334051676444,0.003073844843972752,0.0027615071136683792,0.9998882080057503,False
5.3965000000000005,1,212,213,1.7291062500000274,1.7291062500000272,-2.220446049250313e-16,0.019306561844040972,0.019306561844040972,0.09006066176664403,0.08087591583688367,0.008033183429760348,0.019306561844040972,0.005042000552496345,0.0003140887115615604,0.0003140887115615604,0.0,0.9988272509305203,0.0018628908685452555,0.001548802156983695,0.9998953173712781,False
5.42975,1,213,214,1.7382500000000278,1.7382500000000278,0.0,0.020449530594041025,0.020449530594041025,0.09001966583688409,0.08485580849700389,0.005163857339880202,0.020449530594041025,0.005042000552496345,0.0003154964548854682,0.0003154964548854682,0.0,0.9989738138629658,0.0033027973695617108,0.0029873009146762428,0.999910345040166,False
5.4485,1,214,215,1.7434062500000282,1.7434062500000282,0.0,0.021094061844041084,0.021094061844041084,0.09001205849700432,0.0842036699071241,0.005146669839880226,0.021094061844041084,0.005042000552496345,0.000316636364645956,0.000316636364645956,0.0,0.9983764549670309,0.0033275814743484247,0.0030109451097024686,0.9998559954187367,False
5.46975,1,215,216,1.7492500000000282,1.7492500000000284,2.220446049250313e-16,0.0218245305940411,0.0218245305940411,0.09004741990712412,0.08417028131724394,0.005511904214880233,0.0218245305940411,0.005042000552496345,0.0003170042333769027,0.0003170042333769027,0.0,0.9983954999471046,0.0033402111742487015,0.0030232069408717985,0.9998577266980591,False
5.4910000000000005,1,216,217,1.7550937500000285,1.7550937500000283,-2.220446049250313e-16,0.022554999344041145,0.022554999344041145,0.09001403131724416,0.08340642397736396,0.005640810464880261,0.022554999344041145,0.005042000552496345,0.0003166748520736903,0.0003166748520736903,0.0,0.998489611365497,0.0033365507202339946,0.0030198758681603045,0.999866272425031,False
5.515,1,217,218,1.7616937500000285,1.7616937500000285,0.0,0.02337999934404119,0.02337999934404119,0.09000642397736411,0.08293905101248389,0.006053310464880283,0.02337999934404119,0.005042000552496345,0.00031624924623981164,0.00031624924623981164,0.0,0.9985419509519529,0.00331537584861916,0.002999126602379348,0.9998710042735955,False
5.54075,1,218,219,1.7687750000000289,1.7687750000000289,0.0,0.02426515559404125,0.02426515559404125,0.09002030101248408,0.08206777179760386,0.006938466714880284,0.02426515559404125,0.005042000552496345,0.00031580422488815594,0.00031580422488815594,0.0,0.998641562992321,0.0031579327287395674,0.0028421285038514113,0.9998799046053206,False
5.56975,1,219,220,1.7767500000000291,1.776750000000029,-2.220446049250313e-16,0.0252620305940413,0.0252620305940413,0.090042771797604,0.08169493008272374,0.007804374836010407,0.0252620305940413,0.005042000552496345,0.00031593987378486954,0.00031593987378486954,0.0,0.9988126998590878,0.0026015103514324955,0.002285570477647626,0.9998949100259256,False
5.6000000000000005,1,220,221,1.7850687500000295,1.7850687500000295,0.0,0.026301874344041343,0.013150937172020672,0.09001368008272408,0.08062599461784377,0.00884421858601045,0.013150937172020672,0.005042000552496345,0.0003149742391877553,0.0003149742391877553,0.0,0.9989352222062845,0.0015875700103062246,0.0012725957711184693,0.9999046507831705,False
5.63425,1,221,222,1.79448750000003,1.79448750000003,0.0,0.014328280922020738,0.014328280922020738,0.0900447446178443,0.08496848001040411,0.005076264607440193,0.014328280922020738,0.005042000552496345,0.00031215540079897674,0.00031215540079897674,0.0,0.9990607030419506,0.003229357895125559,0.0029172024943265825,0.9999182289080033,False
5.65275,1,222,223,1.7995750000000301,1.7995750000000301,0.0,0.014964218422020786,0.014964218422020786,0.09005598001040444,0.08434377790296424,0.005394233357440217,0.014964218422020786,0.005042000552496345,0.0003109627630281713,0.0003109627630281713,0.0,0.9983488863514314,0.003172154084760334,0.002861191321732163,0.9998533450457384,False
5.6735,1,223,224,1.8052812500000304,1.8052812500000304,0.0,0.015677499672020808,0.015677499672020808,0.09005002790296435,0.08394251329552414,0.005934609293005291,0.015677499672020808,0.005042000552496345,0.0003065344075897936,0.0003065344075897936,0.0,0.9984560029560077,0.0031898355423366845,0.0028833011347468907,0.9998630733202168,False
5.69575,1,224,225,1.8114000000000305,1.8114000000000303,-2.220446049250313e-16,0.016442343422020837,0.016442343422020837,0.09006126329552422,0.08318890493808405,0.006317031168005305,0.016442343422020837,0.005042000552496345,0.00030619840964308376,0.00030619840964308376,0.0,0.9985927955254845,0.0032069105269886197,0.002900712117345536,0.9998755157600767,False
5.72075,1,225,226,1.8182750000000305,1.8182750000000305,0.0,0.017301718422020895,0.017301718422020895,0.09006390493808429,0.08250507689507902,0.006497499918005337,0.017301718422020895,0.005042000552496345,0.0003083037904585058,0.0003083037904585058,0.0,0.998686622537656,0.003193573398799672,0.0028852696083411663,0.9998840389388104,False
5.7482500000000005,1,226,227,1.8258375000000306,1.8258375000000306,0.0,0.01824703092202094,0.01824703092202094,0.09006757689507916,0.08156343635207386,0.0069701561680053595,0.01824703092202094,0.005042000552496345,0.00031055450053984237,0.00031055450053984237,0.0,0.9987338262037877,0.0030503730647607405,0.002739818564220898,0.9998882204691962,False
5.779,1,227,228,1.8342937500000311,1.8342937500000311,0.0,0.019304062172021005,0.019304062172021005,0.09001968635207422,0.08084093643406884,0.00802718741800537,0.019304062172021005,0.005042000552496345,0.00031253523021841954,0.00031253523021841954,0.0,0.9988263521095128,0.001832879262341422,0.0015203440321230025,0.9998951979549678,False
5.8125,1,228,229,1.8435062500000317,1.8435062500000317,0.0,0.02045562467202107,0.02045562467202107,0.09005343643406935,0.08488828022506664,0.0051651562090027185,0.02045562467202107,0.005042000552496345,0.00031435436712841397,0.00031435436712841397,0.0,0.9989740909857783,0.003290742235251623,0.002976387868123209,0.9999103568511037,False
5.83125,1,229,230,1.8486625000000316,1.8486625000000316,0.0,0.021100155922021097,0.021100155922021097,0.09004453022506682,0.08423484276606412,0.0051479687090027265,0.021100155922021097,0.005042000552496345,0.0003155717386460162,0.0003155717386460162,0.0,0.9983768051828708,0.0033161032729281947,0.0030005315342821787,0.9998560145180091,False
5.85225,1,230,231,1.854437500000032,1.854437500000032,0.0,0.021822030922021132,0.021822030922021132,0.0900098427660643,0.08413999905706158,0.005508906209002744,0.021822030922021132,0.005042000552496345,0.00031601522162665334,0.00031601522162665334,0.0,0.9983934884057087,0.00332908973006861,0.0030130745084419566,0.9998575317329041,False
5.87375,1,231,232,1.8603500000000321,1.8603500000000321,0.0,0.02256109342202119,0.02256109342202119,0.09005249905706189,0.08344359284805918,0.005642109334002777,0.02256109342202119,0.005042000552496345,0.000315848724959833,0.000315848724959833,0.0,0.9984909570091417,0.003326493974204467,0.0030106452492446338,0.9998663841273309,False
5.89775,1,232,233,1.866950000000032,1.866950000000032,0.0,0.023386093422021203,0.023386093422021203,0.09004359284805907,0.08297062413905636,0.006054609334002784,0.023386093422021203,0.005042000552496345,0.00031547286568011745,0.00031547286568011745,0.0,0.99854223458143,0.0033050770327425483,0.0029896041670624306,0.9998710192037661,False
5.9235,1,233,234,1.8740312500000322,1.8740312500000322,0.0,0.024271249672021263,0.024271249672021263,0.09005187413905655,0.08209374918005383,0.006939765584002785,0.024271249672021263,0.005042000552496345,0.00031508266558656904,0.00031508266558656904,0.0,0.9986418086181937,0.003144997439220455,0.0028299147736338863,0.9998799132530215,False
5.9525,1,234,235,1.8820062500000325,1.8820062500000327,2.220446049250313e-16,0.025268124672021313,0.025268124672021313,0.09006874918005398,0.08171960859605124,0.007808046793005405,0.025268124672021313,0.005042000552496345,0.00031527027320349296,0.00031527027320349296,0.0,0.9988128860618011,0.0025848849386954503,0.002269614665491957,0.9998949078892405,False
5.98275,1,235,236,1.8903250000000331,1.8903250000000331,0.0,0.026307968422021388,0.013153984211010694,0.09003835859605183,0.08064937426204899,0.00884789054300548,0.013153984211010694,0.005042000552496345,0.00031432034711615856,0.00031432034711615856,0.0,0.9989356571217052,0.0015666822706702777,0.001252361923554119,0.9999046608625983,False
6.017,1,236,237,1.8997437500000336,1.8997437500000336,0.0,0.014331327961010729,0.014331327961010729,0.09006812426204927,0.08499121022004782,0.005076914042001443,0.014331327961010729,0.005042000552496345,0.00031354666019414663,0.00031354666019414663,0.0,0.9990610680233916,0.0032439725384209514,0.0029304258782268046,0.9999182794275879,False
6.0352500000000004,1,237,238,1.9047625000000337,1.9047625000000337,0.0,0.014958671711010766,0.014958671711010766,0.09000996022004809,0.08430570242804664,0.0053905859170014616,0.014958671711010766,0.005042000552496345,0.00031120744172496247,0.00031120744172496247,0.0,0.9983465796284733,0.0031697214531767257,0.002858514011451763,0.9998531333407027,False
6.056,1,238,239,1.9104687500000341,1.9104687500000341,0.0,0.015671952961010822,0.015671952961010822,0.09001195242804699,0.08390808526104551,0.005932148396502799,0.015671952961010822,0.005042000552496345,0.00030561062592645866,0.00030561062592645866,0.0,0.9984550628670452,0.003176371965859924,0.0028707613399334654,0.9998629735402664,False
6.07825,1,239,240,1.916587500000034,1.916587500000034,0.0,0.01643679671101085,0.01643679671101085,0.0900268352610456,0.08315812434404415,0.0063145702715028135,0.01643679671101085,0.005042000552496345,0.00030481752547510986,0.00030481752547510986,0.0,0.9985922569793206,0.003188886995825105,0.002884069470349995,0.9998754471820778,False
6.10325,1,240,241,1.9234625000000345,1.923462500000034,-4.440892098500626e-16,0.01729617171101091,0.01729617171101091,0.09003312434404438,0.0824767571975416,0.006495039021502847,0.01729617171101091,0.005042000552496345,0.0003067110259401673,0.0003067110259401673,0.0,0.9986861506171743,0.0031744997515416873,0.00286778872560152,0.9998839751348574,False
6.13075,1,241,242,1.9310250000000342,1.9310250000000344,2.220446049250313e-16,0.018241484211010954,0.018241484211010954,0.09003925719754174,0.08153757755103894,0.006967695271502869,0.018241484211010954,0.005042000552496345,0.00030915521582140125,0.00030915521582140125,0.0,0.9987333884386138,0.003030784392832095,0.0027216291770106936,0.9998881594403669,False
6.1617500000000005,1,242,243,1.9395500000000345,1.9395500000000347,2.220446049250313e-16,0.019307109211011,0.019307109211011,0.09006257755103914,0.08087769477953627,0.008033320271502858,0.019307109211011,0.005042000552496345,0.00031146204782565894,0.00031146204782565894,0.0,0.9988272376163265,0.0018107889040313158,0.0014993268562056568,0.999895250055139,False
6.195,1,243,244,1.948693750000035,1.948693750000035,0.0,0.020450077961011053,0.020450077961011053,0.09002144477953669,0.08485751901878524,0.005163925760751458,0.020450077961011053,0.005042000552496345,0.00031360338587123235,0.00031360338587123235,0.0,0.9989738050390753,0.0032821625823156175,0.002968559196444385,0.9999103217371256,False
6.21375,1,244,245,1.9538500000000354,1.9538500000000354,0.0,0.02109460921101111,0.02109460921101111,0.09001376901878566,0.0842053120080342,0.005146738260751481,0.02109460921101111,0.005042000552496345,0.00031483449966693305,0.00031483449966693305,0.0,0.9983764508149383,0.0033075509696785035,0.0029927164700115703,0.9998559732024299,False
6.235,1,245,246,1.9596937500000355,1.9596937500000355,0.0,0.021825077961011127,0.021825077961011127,0.09004906200803423,0.08417185499728277,0.005511972635751488,0.021825077961011127,0.005042000552496345,0.0003154156529913981,0.0003154156529913981,0.0,0.9983954983472277,0.0033221422130528394,0.003006726560061441,0.9998577068459956,False
6.2562500000000005,1,246,247,1.9655375000000355,1.9655375000000355,0.0,0.022555546711011173,0.022555546711011173,0.090015604997283,0.08340792923653155,0.005640878885751516,0.022555546711011173,0.005042000552496345,0.00031533901179030786,0.00031533901179030786,0.0,0.9984896106685809,0.0033191658221999945,0.0030038268104096866,0.9998662547327305,False
6.2802500000000006,1,247,248,1.9721375000000356,1.9721375000000356,0.0,0.023380546711011217,0.023380546711011217,0.09000792923653168,0.08294048785078022,0.006053378885751538,0.023380546711011217,0.005042000552496345,0.00031510186303065684,0.00031510186303065684,0.0,0.9985419514789913,0.003298507378501521,0.002983405515470864,0.9998709872517926,False
6.306,1,248,249,1.9792187500000358,1.979218750000036,2.220446049250313e-16,0.024265702961011278,0.024265702961011278,0.09002173785078041,0.08206914021502892,0.006938535135751539,0.024265702961011278,0.005042000552496345,0.0003148457605590905,0.0003148457605590905,0.0,0.9986415637924619,0.00313693090816055,0.0028220851476014595,0.9998798832062569,False
6.335,1,249,250,1.987193750000036,1.987193750000036,0.0,0.025262577961011327,0.025262577961011327,0.09004414021502909,0.08169623007927757,0.007804511677752914,0.025262577961011327,0.005042000552496345,0.00031511317429610343,0.00031511317429610343,0.0,0.9988126991087267,0.002574233749070086,0.0022591205747739826,0.9998948785402079,False
6.3652500000000005,1,250,251,1.9955125000000364,1.9955125000000364,0.0,0.02630242171101137,0.013151210855505685,0.0900149800792779,0.08062722619352633,0.008844355427752956,0.013151210855505685,0.005042000552496345,0.00031418073807580404,0.00031418073807580404,0.0,0.9989352278481812,0.0015504749984269761,0.001236294260351172,0.9999045978456724,False
6.3995,1,251,252,2.004931250000037,2.0049312500000367,-4.440892098500626e-16,0.014328554605505752,0.014328554605505752,0.09004597619352686,0.08496967737565103,0.005076298817875821,0.014328554605505752,0.005042000552496345,0.00031563312040600673,0.00031563312040600673,0.0,0.9990607634208347,0.00326544107851974,0.0029498079581137334,0.9999182768603044,False
6.418,1,252,253,2.0100187500000373,2.0100187500000373,0.0,0.0149644921055058,0.0149644921055058,0.09005717737565139,0.08434494105777555,0.005394267567875845,0.0149644921055058,0.005042000552496345,0.00031191191566910337,0.00031191191566910337,0.0,0.9983489005526129,0.0031745746116261936,0.0028626626959570903,0.9998533497587622,False
6.43875,1,253,254,2.0157250000000375,2.015725000000037,-4.440892098500626e-16,0.01567777335550582,0.01567777335550582,0.09005119105777565,0.08394364223989983,0.005934677713876544,0.01567777335550582,0.005042000552496345,0.00030522963326477657,0.00030522963326477657,0.0,0.9984559897275654,0.003170343169338438,0.0028651135360736615,0.9998630512251299,False
6.461,1,254,255,2.0218437500000377,2.0218437500000377,0.0,0.01644261710550585,0.01644261710550585,0.0900623922398999,0.0831899996720241,0.006317099588876558,0.01644261710550585,0.005042000552496345,0.0003039126121368831,0.0003039126121368831,0.0,0.9985927770076201,0.0031772443037517695,0.0028733316916148863,0.9998754816227866,False
6.486,1,255,256,2.0287187500000377,2.0287187500000377,0.0,0.017301992105505908,0.017301992105505908,0.09006499967202435,0.08250610320814783,0.00649756833887659,0.017301992105505908,0.005042000552496345,0.00030558144026952686,0.00030558144026952686,0.0,0.9986866008237574,0.003160846142029952,0.0028552647017604255,0.9998840009751843,False
6.5135000000000005,1,256,257,2.036281250000038,2.0362812500000382,4.440892098500626e-16,0.018247304605505953,0.018247304605505953,0.09006860320814795,0.08156439424427141,0.006970224588876613,0.018247304605505953,0.005042000552496345,0.00030817100218166526,0.00030817100218166526,0.0,0.998733807768812,0.00301644946329533,0.0027082784611136648,0.9998881819958362,False
6.54425,1,257,258,2.0447375000000383,2.0447375000000383,0.0,0.01930433585550602,0.01930433585550602,0.09002064424427175,0.08084182590539513,0.008027255838876621,0.01930433585550602,0.005042000552496345,0.0003106813266662801,0.0003106813266662801,0.0,0.9988263384825359,0.001790917576936682,0.0014802362502704019,0.9998951427141817,False
6.57775,1,258,259,2.0539500000000386,2.053950000000039,4.440892098500626e-16,0.020455898355506083,0.020455898355506083,0.09005432590539564,0.0848891354859573,0.005165190419438345,0.020455898355506083,0.005042000552496345,0.0003132166635944088,0.0003132166635944088,0.0,0.9989740839582453,0.0032778072011182754,0.0029645905375238666,0.9999103423889063,False
6.5965,1,259,260,2.059106250000039,2.059106250000039,0.0,0.02110042960550611,0.02110042960550611,0.09004538548595747,0.08423566381651915,0.005148002919438353,0.02110042960550611,0.005042000552496345,0.000314491004490788,0.000314491004490788,0.0,0.9983768005156862,0.0033034817857841153,0.0029889907812933273,0.9998560006074313,False
6.6175,1,260,261,2.064881250000039,2.064881250000039,0.0,0.021822304605506146,0.021822304605506146,0.09001066381651934,0.08414078589708099,0.005508940419438371,0.021822304605506146,0.005042000552496345,0.00031518310146403153,0.00031518310146403153,0.0,0.9983934869694608,0.003318824151986831,0.003003641050522799,0.9998575207224282,False
6.639,1,261,262,2.0707937500000395,2.0707937500000395,0.0,0.022561367105506203,0.022561367105506203,0.09005328589708131,0.08344434547764296,0.005642143544438403,0.022561367105506203,0.005042000552496345,0.00031531209881398205,0.00031531209881398205,0.0,0.9984909581078415,0.0033175362048625326,0.0030022241060485505,0.9998663761149474,False
6.663,1,262,263,2.0773937500000397,2.0773937500000397,0.0,0.023386367105506248,0.023386367105506248,0.09004434547764309,0.08297134255820474,0.006054643544438425,0.023386367105506248,0.005042000552496345,0.00031520558979869327,0.00031520558979869327,0.0,0.9985422385454576,0.003297677706310155,0.002982472116511462,0.9998710131536825,False
6.68875,1,263,264,2.0844750000000394,2.0844750000000394,0.0,0.024271523355506277,0.024271523355506277,0.09005259255820468,0.08209443338876632,0.006939799794438396,0.024271523355506277,0.005042000552496345,0.0003150587267620359,0.0003150587267620359,0.0,0.9986418145746755,0.0031349246606307973,0.0028198659338687614,0.9998799045852493,False
6.7175,1,264,265,2.09238125000004,2.09238125000004,0.0,0.025259804605506347,0.025259804605506347,0.09000068338876666,0.08166010234432824,0.007803818338876669,0.025259804605506347,0.005042000552496345,0.0003153727733160057,0.0003153727733160057,0.0,0.9988116007497981,0.0025684365680389357,0.00225306379472293,0.9998947719996264,False
6.748,1,265,266,2.1007687500000403,2.1007687500000403,0.0,0.0263082421055064,0.0131541210527532,0.09004760234432868,0.08065858379989022,0.008852255838876723,0.0131541210527532,0.005042000552496345,0.000314479803482058,0.000314479803482058,0.0,0.9989361853587285,0.001542278956817092,0.0012277991533350338,0.9999046708843906,False
6.782,1,266,267,2.1101187500000407,2.1101187500000407,0.0,0.014322871052753256,0.014322871052753256,0.09000858379989066,0.0849359495276714,0.005072634272219259,0.014322871052753256,0.005042000552496345,0.00031861459569859505,0.00031861459569859505,0.0,0.999060737279882,0.0032955342317181266,0.0029769196360195315,0.9999183096223773,False
6.8005,1,267,268,2.115206250000041,2.115206250000041,0.0,0.014958808552753272,0.014958808552753272,0.0900234495276715,0.08431487775545227,0.005390603022219267,0.014958808552753272,0.005042000552496345,0.0003133553741233253,0.0003133553741233253,0.0,0.9983478526009341,0.0031855960513617887,0.0028722406772384635,0.9998532673979869,False
6.82125,1,268,269,2.120912500000041,2.1209125000000415,4.440892098500626e-16,0.01567208980275333,0.01567208980275333,0.09002112775545261,0.08391724348323333,0.005932182606938426,0.01567208980275333,0.005042000552496345,0.0003053893792185351,0.0003053893792185351,0.0,0.998455059709483,0.0031688453337282013,0.002863455954509666,0.9998629656587394,False
6.843500000000001,1,269,270,2.1270312500000412,2.1270312500000412,0.0,0.016436933552753358,0.016436933552753358,0.0900359934832334,0.08316726546101416,0.00631460448193844,0.016436933552753358,0.005042000552496345,0.0003034122352947565,0.0003034122352947565,0.0,0.9985922430315494,0.003169233904147889,0.0028658216688531323,0.9998754246400325,False
6.8685,1,270,271,2.1339062500000416,2.1339062500000416,0.0,0.017296308552753416,0.017296308552753416,0.09004226546101439,0.08248586410407599,0.006497221669438468,0.017296308552753416,0.005042000552496345,0.0003047597669290817,0.0003047597669290817,0.0,0.9986861322741654,0.0031501949261412004,0.0028454351592121186,0.9998839468989787,False
6.896,1,271,272,2.1414687500000418,2.1414687500000418,0.0,0.01824162105275346,0.01824162105275346,0.09004836410407613,0.0815466502471377,0.006969877919438491,0.01824162105275346,0.005042000552496345,0.000307459441923236,0.000307459441923236,0.0,0.9987337395310619,0.003004817369705648,0.0026973579277824117,0.9998881634244895,False
6.92675,1,272,273,2.1499250000000423,2.1499250000000423,0.0,0.019298652302753527,0.019298652302753527,0.09000290024713806,0.08082657701519955,0.0080269091694385,0.019298652302753527,0.005042000552496345,0.00031023128757611906,0.00031023128757611906,0.0,0.9988262817588991,0.001775908266171869,0.00146567697859575,0.9998951176814933,False
6.96025,1,273,274,2.1591375000000426,2.1591375000000426,0.0,0.02045021480275359,0.02045021480275359,0.09003907701520006,0.08487513414923077,0.005163942865969287,0.02045021480275359,0.005042000552496345,0.00031314787548888506,0.00031314787548888506,0.0,0.9989740440451654,0.0032764478655243415,0.0029632999900354564,0.9999103376616523,False
6.979,1,274,275,2.1642937500000428,2.1642937500000428,0.0,0.02109474605275362,0.02109474605275362,0.09003138414923095,0.08422291003326168,0.005147829584719292,0.02109474605275362,0.005042000552496345,0.00031446772685256557,0.00031446772685256557,0.0,0.9983764505110226,0.0033024672412134692,0.0029879995143609036,0.9998559680638669,False
7.00025,1,275,276,2.1701375000000427,2.1701375000000427,0.0,0.021825214802753633,0.021825214802753633,0.09006666003326169,0.08418836169854244,0.005513063959719299,0.021825214802753633,0.005042000552496345,0.00031535843017800597,0.00031535843017800597,0.0,0.9983957959535548,0.003320112480920727,0.003004754050742721,0.999857732210726,False
7.0215000000000005,1,276,277,2.175981250000043,2.175981250000043,0.0,0.02255568355275368,0.02255568355275368,0.09003211169854267,0.0834233446138234,0.005641970209719327,0.02255568355275368,0.005042000552496345,0.0003156209634351935,0.0003156209634351935,0.0,0.9984898785680837,0.0033191405105673435,0.00300351954713215,0.9998662808985843,False
7.0455000000000005,1,277,278,2.182581250000043,2.182581250000043,0.0,0.023380683552753724,0.023380683552753724,0.09002334461382355,0.08295481190410427,0.006054470209719349,0.023380683552753724,0.005042000552496345,0.00031572882876614516,0.00031572882876614516,0.0,0.998542205794091,0.003300911544122067,0.002985182715355922,0.9998710148628954,False
7.07125,1,278,279,2.1896625000000434,2.1896625000000434,0.0,0.024265839802753784,0.024265839802753784,0.09003606190410446,0.08208237294438517,0.00693962645971935,0.024265839802753784,0.005042000552496345,0.00031568797047505854,0.00031568797047505854,0.0,0.9986417883164567,0.003137371761383293,0.0028216837909082345,0.9998799060653482,False
7.10025,1,279,280,2.1976375000000434,2.1976375000000434,0.0,0.025262714802753834,0.025262714802753834,0.09005737294438532,0.08170837148466598,0.0078066943256885355,0.025262714802753834,0.005042000552496345,0.0003161127755725511,0.0003161127755725511,0.0,0.998812875070576,0.0025697117113767307,0.0022535989358041797,0.999894889164883,False
7.1305000000000005,1,280,281,2.205956250000044,2.205956250000044,0.0,0.026302558552753878,0.013151279276376939,0.09002712148466632,0.08063827627494695,0.008846538075688578,0.013151279276376939,0.005042000552496345,0.00031516269830329894,0.00031516269830329894,0.0,0.9989355033551803,0.001536888692029434,0.001221725993726135,0.9999045984435286,False
7.16475,1,281,282,2.2153750000000443,2.2153750000000443,0.0,0.014328623026377005,0.014328623026377005,0.09005702627494748,0.08498018179508776,0.005076844479859726,0.014328623026377005,0.005042000552496345,0.0003212476273624704,0.0003212476273624704,0.0,0.9990610425952877,0.003323099676739154,0.0030018520493766835,0.9999183687085491,False
7.18325,1,282,283,2.220462500000045,2.220462500000045,0.0,0.014964560526377053,0.014964560526377053,0.09006768179508809,0.08435489981522837,0.00539481322985975,0.014964560526377053,0.005042000552496345,0.0003149369171687723,0.0003149369171687723,0.0,0.9983490911982938,0.003200278682475806,0.0028853417653070335,0.9998533963667183,False
7.204,1,283,284,2.226168750000045,2.2261687500000447,-4.440892098500626e-16,0.01567784177637708,0.01567784177637708,0.09006114981522846,0.08395305533536873,0.005935769037844355,0.01567784177637708,0.005042000552496345,0.00030588778121399017,0.00030588778121399017,0.0,0.9984561321658917,0.003172474863728132,0.002866587082514142,0.9998630673502341,False
7.226,1,284,285,2.232218750000045,2.232218750000045,0.0,0.016434091776377127,0.016434091776377127,0.09000305533536898,0.08313871085550925,0.006313894037844379,0.016434091776377127,0.005042000552496345,0.0003032592359681569,0.0003032592359681569,0.0,0.9985911835986528,0.003165439958282376,0.002862180722314219,0.9998753245858437,False
7.251,1,285,286,2.2390937500000447,2.239093750000045,4.440892098500626e-16,0.017293466776377154,0.017293466776377154,0.09001371085550924,0.08246231681766492,0.006494362787844396,0.017293466776377154,0.005042000552496345,0.00030432011223351796,0.00030432011223351796,0.0,0.9986859961390501,0.003143802946813226,0.0028394828345797082,0.9998839278215518,False
7.2785,1,286,287,2.2466562500000453,2.2466562500000453,0.0,0.01823877927637723,0.01823877927637723,0.09002481681766529,0.0815281102798209,0.006967019037844434,0.01823877927637723,0.005042000552496345,0.00030709683372398,0.00030709683372398,0.0,0.9987332467407447,0.002997589083904968,0.002690492250180988,0.9998881111378787,False
7.3095,1,287,288,2.255181250000046,2.255181250000046,0.0,0.019304404276377276,0.019304404276377276,0.09005311027982112,0.08086890374197668,0.008032644037844424,0.019304404276377276,0.005042000552496345,0.0003101569904623092,0.0003101569904623092,0.0,0.9988271215619895,0.0017678845700106194,0.0014577275795483102,0.9998951826341873,False
7.3427500000000006,1,288,289,2.264325000000046,2.2643250000000457,-4.440892098500626e-16,0.02044737302637733,0.02044737302637733,0.0900126537419771,0.08484906609805487,0.005163587643922241,0.02044737302637733,0.005042000552496345,0.0003134137843664553,0.0003134137843664553,0.0,0.9989737262806044,0.0032784081712308177,0.0029649943868643625,0.9999103114774968,False
7.3615,1,289,290,2.2694812500000463,2.2694812500000463,0.0,0.021091904276377357,0.021091904276377357,0.09000531609805504,0.08419719720413282,0.005146400143922255,0.021091904276377357,0.005042000552496345,0.0003147776746251931,0.0003147776746251931,0.0,0.9983763546307983,0.0033047728876750768,0.002989995213049884,0.9998559624204928,False
7.382750000000001,1,290,291,2.2753250000000467,2.2753250000000467,0.0,0.021822373026377403,0.021822373026377403,0.0900409472041331,0.08416407831021083,0.005511634518922278,0.021822373026377403,0.005042000552496345,0.0003158366786500712,0.0003158366786500712,0.0,0.9983954106707273,0.0033242694003799145,0.003008432721729843,0.9998577023016308,False
7.404,1,291,292,2.2811687500000466,2.2811687500000466,0.0,0.02255284177637745,0.02255284177637745,0.09000782831021106,0.08340049066628881,0.0056405407689222985,0.02255284177637745,0.005042000552496345,0.00031628216818074535,0.00031628216818074535,0.0,0.9984895400207213,0.0033245064516406707,0.003008224283459925,0.9998662571923121,False
7.428,1,292,293,2.2877687500000468,2.2877687500000468,0.0,0.023377841776377493,0.023377841776377493,0.09000049066628896,0.08293338739736669,0.006053040768922321,0.023377841776377493,0.005042000552496345,0.0003166288577443256,0.0003166288577443256,0.0,0.9985418938072587,0.003308272631029365,0.0029916437732850397,0.9998709958035256,False
7.45375,1,293,294,2.294850000000047,2.294850000000047,0.0,0.024262998026377523,0.024262998026377523,0.09001463739736663,0.08206237787844439,0.006938197018922292,0.024262998026377523,0.005042000552496345,0.0003166828267520243,0.0003166828267520243,0.0,0.9986415200588503,0.0031442151441885176,0.002827532317436493,0.9998798904296149,False
7.48275,1,294,295,2.302825000000047,2.302825000000047,0.0,0.025259873026377604,0.025259873026377604,0.09003737787844479,0.08168980585952249,0.007803835444094483,0.025259873026377604,0.005042000552496345,0.00031721238406961757,0.00031721238406961757,0.0,0.9988126741474416,0.002575436705386791,0.0022582243213171735,0.9998948772721257,False
7.513,1,295,296,2.311143750000048,2.311143750000048,0.0,0.026299716776377647,0.013149858388188823,0.09000855585952283,0.08062114009060048,0.008843679194094525,0.013149858388188823,0.005042000552496345,0.00031624497915715545,0.00031624497915715545,0.0,0.9989351712701559,0.0015376129505779573,0.001221367971420802,0.9999045654940103,False
7.54725,1,296,297,2.3205625000000483,2.3205625000000483,0.0,0.01432720213818889,0.01432720213818889,0.09003989009060101,0.0849637603311398,0.005076129759461212,0.01432720213818889,0.005042000552496345,0.00032464935456185474,0.00032464935456185474,0.0,0.9990608176358856,0.0033578106479065853,0.0030331612933447304,0.9999183880600461,False
7.56575,1,297,298,2.3256500000000484,2.3256500000000484,0.0,0.014963139638188907,0.014963139638188907,0.09005126033113989,0.0843391930716787,0.0053940985094612206,0.014963139638188907,0.005042000552496345,0.00031705053328889393,0.00031705053328889393,0.0,0.9983489084965218,0.0032196684925485664,0.0029026179592596723,0.9998534017509075,False
7.5865,1,298,299,2.3313562500000486,2.3313562500000486,0.0,0.01567642088818896,0.01567642088818896,0.09004544307167904,0.08393806331221781,0.0059343395970473355,0.01567642088818896,0.005042000552496345,0.00030682168495469483,0.00030682168495469483,0.0,0.9984559610891548,0.0031800680700537487,0.0028732463850990536,0.999863060739609,False
7.608750000000001,1,299,300,2.3374750000000484,2.3374750000000484,0.0,0.01644126463818899,0.01644126463818899,0.09005681331221789,0.08318458980275668,0.00631676147204735,0.01644126463818899,0.005042000552496345,0.00030354200228814733,0.00030354200228814733,0.0,0.9985926969591055,0.0031670237927272846,0.002863481790439137,0.9998754640699792,False
7.63375,1,300,301,2.344350000000049,2.344350000000049,0.0,0.017300639638189046,0.017300639638189046,0.09005958980275693,0.08250103145570961,0.006497230222047375,0.017300639638189046,0.005042000552496345,0.0003042572998904477,0.0003042572998904477,0.0,0.9986865218633159,0.003141945487887106,0.0028376881879966583,0.9998839737216743,False
7.66125,1,301,302,2.351912500000049,2.351912500000049,0.0,0.01824595213818909,0.01824595213818909,0.09006353145570975,0.0815596606086624,0.0069698864720473975,0.01824595213818909,0.005042000552496345,0.0003070503436805607,0.0003070503436805607,0.0,0.9987337356016301,0.002994488225245416,0.0026874378815648554,0.9998881524843942,False
7.692,1,302,303,2.3603687500000494,2.3603687500000494,0.0,0.019302983388189157,0.019302983388189157,0.09001591060866276,0.08083743038661534,0.008026917722047408,0.019302983388189157,0.005042000552496345,0.00031025248978113596,0.00031025248978113596,0.0,0.9988262828924542,0.0017605952929939522,0.0014503428032128162,0.9998950960950911,False
7.7255,1,303,304,2.3695812500000497,2.3695812500000497,0.0,0.02045454588818922,0.02045454588818922,0.09004993038661585,0.08488490902559212,0.005165021361023742,0.02045454588818922,0.005042000552496345,0.00031392610101837576,0.00031392610101837576,0.0,0.9989740545670568,0.0032833874986759534,0.0029694613976575775,0.9999103470783334,False
7.74425,1,304,305,2.37473750000005,2.37473750000005,0.0,0.02109907713818925,0.02109907713818925,0.0900411590255923,0.08423160641456857,0.0051478338610237455,0.02109907713818925,0.005042000552496345,0.0003154230856272666,0.0003154230856272666,0.0,0.9983767643132259,0.003310923505510155,0.0029955004198828883,0.9998560067416384,False
7.76525,1,305,306,2.38051250000005,2.38051250000005,0.0,0.021820952138189284,0.021820952138189284,0.09000660641456876,0.08413689755354503,0.005508771361023763,0.021820952138189284,0.005042000552496345,0.00031660421575554343,0.00031660421575554343,0.0,0.998393458083445,0.003331513960727832,0.0030149097449722884,0.999857533341253,False
7.7867500000000005,1,306,307,2.3864250000000506,2.3864250000000506,0.0,0.02256001463818931,0.02256001463818931,0.09004939755354509,0.08344062619252138,0.00564197448602378,0.02256001463818931,0.005042000552496345,0.0003173144935066533,0.0003173144935066533,0.0,0.9984909419668921,0.0033342620631034645,0.003016947569596811,0.9998663961634282,False
7.8107500000000005,1,307,308,2.3930250000000504,2.3930250000000504,0.0,0.023385014638189355,0.023385014638189355,0.09004062619252151,0.08296779233149779,0.006054474486023803,0.023385014638189355,0.005042000552496345,0.0003178877788878905,0.0003178877788878905,0.0,0.9985422337178099,0.0033201636989599603,0.0030022759200720697,0.999871040691431,False
7.8365,1,308,309,2.400106250000051,2.4001062500000505,-4.440892098500626e-16,0.024270170888189415,0.024270170888189415,0.09004904233149798,0.08209105222047423,0.006939630736023804,0.024270170888189415,0.005042000552496345,0.00031804730206192757,0.00031804730206192757,0.0,0.9986418186657411,0.003155961583663748,0.0028379142816018204,0.9998799314252029,False
7.8655,1,309,310,2.408081250000051,2.408081250000051,0.0,0.025267045888189465,0.025267045888189465,0.0900660522204744,0.0817170464844506,0.007807777097047443,0.025267045888189465,0.005042000552496345,0.00031864473090502187,0.00031864473090502187,0.0,0.9988129072319797,0.002585639823534082,0.00226699509262906,0.9998949100363924,False
7.8957500000000005,1,310,311,2.416400000000051,2.416400000000051,0.0,0.026306889638189508,0.013153444819094754,0.09003579648445095,0.08064694699842712,0.008847620847047486,0.013153444819094754,0.005042000552496345,0.00031766761658888715,0.00031766761658888715,0.0,0.9989356652935564,0.0015443527620221248,0.0012266851454332376,0.999904615198841,False
7.930000000000001,1,311,312,2.425818750000052,2.425818750000052,0.0,0.01433078856909482,0.01433078856909482,0.09006569699842765,0.08498885038041569,0.005076846618011953,0.01433078856909482,0.005042000552496345,0.00032838443826527767,0.00032838443826527767,0.0,0.9990612366652738,0.003395946152288498,0.0030675617140232207,0.9999184696545181,False
7.94825,1,312,313,2.4308375000000515,2.4308375000000515,0.0,0.014958132319094857,0.014958132319094857,0.09000760038041594,0.08430341001240399,0.005390518493011971,0.014958132319094857,0.005042000552496345,0.00031966624989574936,0.00031966624989574936,0.0,0.9983466534281672,0.0032436645651965287,0.0029239983153007795,0.9998532241008643,False
7.969,1,313,314,2.4365437500000517,2.4365437500000517,0.0,0.01567141356909488,0.01567141356909488,0.0900096600124041,0.08390586026939215,0.005932013548523803,0.01567141356909488,0.005042000552496345,0.0003081608451368436,0.0003081608451368436,0.0,0.9984550679699733,0.003191439255098988,0.002883278409962144,0.9998629928956343,False
7.99125,1,314,315,2.4426625000000524,2.4426625000000524,0.0,0.01643625731909494,0.01643625731909494,0.09002461026939247,0.08315596677638051,0.0063144354235238325,0.01643625731909494,0.005042000552496345,0.00030413059446817104,0.00030413059446817104,0.0,0.9985922127799364,0.0031710016305169023,0.0028668710360487313,0.9998754250626078,False
8.01625,1,315,316,2.4495375000000523,2.4495375000000523,0.0,0.017295632319095,0.017295632319095,0.09003096677638067,0.08247473447785686,0.0064949041735238465,0.017295632319095,0.005042000552496345,0.0003044193553190787,0.0003044193553190787,0.0,0.998686096634931,0.0031421694341226963,0.0028377500788036177,0.9998839358024707,False
8.04375,1,316,317,2.457100000000052,2.457100000000052,0.0,0.018240944819095044,0.018240944819095044,0.09003723447785686,0.08153568967933306,0.006967560423523838,0.018240944819095044,0.005042000552496345,0.0003072143051362424,0.0003072143051362424,0.0,0.9987333404019788,0.002993413549161446,0.0026861992440252035,0.9998881159367826,False
8.07475,1,317,318,2.4656250000000526,2.4656250000000526,0.0,0.019306569819095058,0.019306569819095058,0.09006068967933276,0.08087594175580899,0.008033185423523784,0.019306569819095058,0.005042000552496345,0.00031065534927732273,0.00031065534927732273,0.0,0.9988272067537275,0.0017593028417324935,0.0014486474924551708,0.9998951768776507,False
8.108,1,318,319,2.4747687500000524,2.4747687500000524,0.0,0.020449538569095142,0.020449538569095142,0.09001969175580912,0.08485583341904725,0.005163858336761884,0.020449538569095142,0.005042000552496345,0.0003147024578172956,0.0003147024578172956,0.0,0.9989738030878106,0.0032906232015809944,0.002975920743763699,0.9999103328471577,False
8.12675,1,319,320,2.479925000000052,2.479925000000052,0.0,0.0210940698190952,0.0210940698190952,0.09001208341904741,0.08420369383228551,0.005146670836761899,0.0210940698190952,0.005042000552496345,0.00031631356341551724,0.00031631356341551724,0.0,0.9983764495189016,0.0033192272921804267,0.0030029137287649094,0.9998559879636465,False
8.148,1,320,321,2.4857687500000525,2.4857687500000525,0.0,0.021824538569095248,0.021824538569095248,0.09004744383228555,0.08417030424552366,0.005511905211761898,0.021824538569095248,0.005042000552496345,0.00031769094763724914,0.00031769094763724914,0.0,0.9983955078732706,0.003342227606878037,0.003024536659240788,0.9998577318992029,False
8.16925,1,321,322,2.4916125000000524,2.4916125000000524,0.0,0.02255500731909523,0.02255500731909523,0.0900140542455232,0.08340644590876137,0.005640811461761871,0.02255500731909523,0.005042000552496345,0.00031856359461930476,0.00031856359461930476,0.0,0.9984896342309495,0.00334561193255508,0.0030270483379357753,0.9998662910596341,False
8.19325,1,322,323,2.4982125000000526,2.4982125000000526,0.0,0.023380007319095307,0.023380007319095307,0.09000644590876158,0.08293907194699973,0.006053311461761881,0.023380007319095307,0.005042000552496345,0.00031937615682983537,0.00031937615682983537,0.0,0.9985419893679794,0.0033341135115102956,0.0030147373546804603,0.9998710351684872,False
8.219,1,323,324,2.5052937500000523,2.5052937500000523,0.0,0.024265163569095367,0.024265163569095367,0.0900203219469998,0.08206779173523793,0.006938467711761882,0.024265163569095367,0.005042000552496345,0.00031973443106520936,0.00031973443106520936,0.0,0.9986416114542139,0.0031708316346877423,0.002851097203622533,0.9998799303376179,False
8.248,1,324,325,2.5132687500000523,2.5132687500000523,0.0,0.025262038569095417,0.025262038569095417,0.09004279173523788,0.08169494902347599,0.007804376829773746,0.025262038569095417,0.005042000552496345,0.0003203412401822478,0.0003203412401822478,0.0,0.9988127538539276,0.0025994098896870294,0.0022790686495047815,0.9998949116298707,False
8.27825,1,325,326,2.5215875000000523,2.5215875000000523,0.0,0.02630188231909543,0.013150941159547715,0.09001369902347561,0.0806260125617138,0.00884422057977369,0.013150941159547715,0.005042000552496345,0.000319386624052942,0.000319386624052942,0.0,0.9989352759529189,0.0015537714457333623,0.0012343848216804204,0.999904587890897,False
8.3125,1,326,327,2.5310062500000523,2.531006250000052,-4.440892098500626e-16,0.014328284909547703,0.014328284909547703,0.0900447625617137,0.0849684974558328,0.0050762651058808995,0.014328284909547703,0.005042000552496345,0.000332408802642569,0.000332408802642569,0.0,0.9990609682117346,0.00343675565947045,0.0031043468568278812,0.9999184918383858,False
8.331,1,327,328,2.5360937500000524,2.5360937500000524,0.0,0.014964222409547739,0.014964222409547739,0.09005599745583309,0.08434379484995216,0.005394233855880917,0.014964222409547739,0.005042000552496345,0.0003222521186494425,0.0003222521186494425,0.0,0.9983490095093152,0.0032692879924613102,0.0029470358738118677,0.999853466847456,False
8.351750000000001,1,328,329,2.541800000000052,2.5418000000000522,4.440892098500626e-16,0.015677503659547717,0.015677503659547717,0.09005004484995197,0.08394252974407107,0.005934610289886842,0.015677503659547717,0.005042000552496345,0.00030969244958917446,0.00030969244958917446,0.0,0.9984560285278953,0.003206330544780131,0.0028966380951909567,0.9998630969402191,False
8.374,1,329,330,2.547918750000052,2.547918750000052,0.0,0.016442347409547746,0.016442347409547746,0.09006127974407101,0.08318892088819013,0.006317032164886831,0.016442347409547746,0.005042000552496345,0.0003050093351374768,0.0003050093351374768,0.0,0.9985927703345688,0.0031791594430135295,0.0028741501078760525,0.9998754850759272,False
8.399000000000001,1,330,331,2.5547937500000524,2.5547937500000524,0.0,0.017301722409547804,0.017301722409547804,0.09006392088819026,0.08250509184830343,0.006497500914886835,0.017301722409547804,0.005042000552496345,0.0003049168989561052,0.0003049168989561052,0.0,0.9986865796115194,0.0031464783483750106,0.002841561449418905,0.9998839847304296,False
8.4265,1,331,332,2.562356250000052,2.562356250000052,0.0,0.01824703490954785,0.01824703490954785,0.09006759184830343,0.08156345030841662,0.006970157164886827,0.01824703490954785,0.005042000552496345,0.00030770105322215673,0.00030770105322215673,0.0,0.9987337896775137,0.002996632183640713,0.002688931130418556,0.9998881607289972,False
8.45725,1,332,333,2.570812500000052,2.570812500000052,0.0,0.019304066159547884,0.019304066159547884,0.09001970030841648,0.0808409493935297,0.008027188414886793,0.019304066159547884,0.005042000552496345,0.00031121436401843544,0.00031121436401843544,0.0,0.9988263343386243,0.0017586643362697552,0.0014474499722513198,0.9998950954054854,False
8.49075,1,333,334,2.580025000000052,2.580025000000052,0.0,0.020455628659547948,0.020455628659547948,0.09005344939352967,0.08488829268608629,0.005165156707443384,0.020455628659547948,0.005042000552496345,0.000315685348705451,0.000315685348705451,0.0,0.9989741069054163,0.0033004663179672378,0.0029847809692617865,0.999910371672427,False
8.509500000000001,1,334,335,2.585181250000052,2.585181250000052,0.0,0.021100159909548007,0.021100159909548007,0.09004454268608647,0.08423485472864306,0.005147969207443394,0.021100159909548007,0.005042000552496345,0.00031746941991146586,0.00031746941991146586,0.0,0.998376827704,0.0033307357322649306,0.003013266312353465,0.9998560354628179,False
8.5305,1,335,336,2.590956250000052,2.590956250000052,0.0,0.02182203490954801,0.02182203490954801,0.09000985472864277,0.08414001052119942,0.005508906707443372,0.02182203490954801,0.005042000552496345,0.0003189862984872596,0.0003189862984872596,0.0,0.9983935249875023,0.0033547850810219174,0.003035798782534658,0.9998575661566587,False
8.552,1,336,337,2.596868750000052,2.596868750000052,0.0,0.0225610974095481,0.0225610974095481,0.09005251052119978,0.08344360381375639,0.005642109832443396,0.0225610974095481,0.005042000552496345,0.00032013814252714637,0.00032013814252714637,0.0,0.9984910101183717,0.0033609655680661016,0.003040827425538955,0.9998664339067983,False
8.576,1,337,338,2.6034687500000517,2.6034687500000517,0.0,0.023386097409548112,0.023386097409548112,0.09004360381375612,0.08297063460631274,0.006054609832443375,0.023386097409548112,0.005042000552496345,0.0003210769798441136,0.0003210769798441136,0.0,0.9985423042326044,0.0033511199765361398,0.003030042996692026,0.9998710834503899,False
8.601750000000001,1,338,339,2.610550000000052,2.610550000000052,0.0,0.024271253659548173,0.024271253659548173,0.0900518846063128,0.08209375914886943,0.006939766082443377,0.024271253659548173,0.005042000552496345,0.0003217031875660886,0.0003217031875660886,0.0,0.9986418910409622,0.0031898237279324657,0.002868120540366377,0.9998799777175076,False
8.6305,1,339,340,2.618456250000052,2.618456250000052,0.0,0.025259534909548242,0.025259534909548242,0.09000000914886953,0.08165946181642618,0.007803750914886953,0.025259534909548242,0.005042000552496345,0.00032221940840731345,0.00032221940840731345,0.0,0.9988116810476995,0.0026152977034248973,0.0022930782950175838,0.9998948321217709,False
8.661,1,340,341,2.626843750000052,2.626843750000052,0.0,0.026307972409548297,0.013153986204774148,0.09004696181642613,0.08065797698398278,0.008852188414886938,0.013153986204774148,0.005042000552496345,0.0003213562858639079,0.0003213562858639079,0.0,0.9989362628851333,0.0015688476140270635,0.0012474913281631556,0.9999046927822733,False
8.695,1,341,342,2.636193750000052,2.636193750000052,0.0,0.014322736204774096,0.014322736204774096,0.09000797698398236,0.08493535956776072,0.005072617416221657,0.014322736204774096,0.005042000552496345,0.0003371843761902983,0.0003371843761902983,0.0,0.9990609700736236,0.0034846499341739945,0.003147465557983696,0.9999185469331524,False
8.7135,1,342,343,2.641281250000052,2.641281250000052,0.0,0.014958673704774132,0.014958673704774132,0.09002285956776099,0.0843143046515393,0.005390586166221675,0.014958673704774132,0.005042000552496345,0.00032549589979522273,0.00032549589979522273,0.0,0.9983479907053189,0.0033001825586622957,0.002974686658867073,0.9998534092613085,False
8.73425,1,343,344,2.6469875000000513,2.6469875000000513,0.0,0.015671954954774112,0.015671954954774112,0.09002055465153913,0.08391668723531748,0.00593214889494345,0.015671954954774112,0.005042000552496345,0.00031164802005197476,0.00031164802005197476,0.0,0.9984551263684889,0.003224462320444002,0.0029128143003920273,0.9998630357500747,False
8.7565,1,344,345,2.653106250000051,2.653106250000052,8.881784197001252e-16,0.01643679870477414,0.01643679870477414,0.0900354372353174,0.08316672606909578,0.006314570769943439,0.01643679870477414,0.005042000552496345,0.00030616953521382103,0.00030616953521382103,0.0,0.9985922650965202,0.003189627580730617,0.002883458045516796,0.9998754513810304,False
8.7815,1,345,346,2.659981250000052,2.659981250000052,0.0,0.0172961737047742,0.0172961737047742,0.09004172606909588,0.08248535842415246,0.0064971879574434385,0.0172961737047742,0.005042000552496345,0.00030561781644736317,0.00030561781644736317,0.0,0.9986861363284061,0.003152601701766039,0.002846983885318676,0.9998839517270526,False
8.809000000000001,1,346,347,2.6675437500000516,2.6675437500000516,0.0,0.018241486204774244,0.018241486204774244,0.09004785842415244,0.08154617827920904,0.00696984420744343,0.018241486204774244,0.005042000552496345,0.00030834737144918325,0.00030834737144918325,0.0,0.9987337442133998,0.0030013144208042783,0.002692967049355095,0.999888162365989,False
8.83975,1,347,348,2.6760000000000517,2.6760000000000517,0.0,0.01929851745477428,0.01929851745477428,0.0900024282792089,0.0808261387592655,0.008026875457443395,0.01929851745477428,0.005042000552496345,0.000311994593321615,0.000311994593321615,0.0,0.9988262980732208,0.0017614271268482778,0.0014494325335266628,0.9998950939478942,False
8.87325,1,348,349,2.6852125000000515,2.6852125000000515,0.0,0.020450079954774342,0.020450079954774342,0.09003863875926549,0.0848747127492938,0.005163926009971688,0.020450079954774342,0.005042000552496345,0.00031686823650895385,0.00031686823650895385,0.0,0.9989740866101268,0.003312103816008008,0.002995235579499054,0.9999103832727458,False
8.892,1,349,350,2.6903687500000517,2.6903687500000517,0.0,0.0210946112047744,0.0210946112047744,0.09003096274929395,0.08422250548932225,0.005147812728721695,0.0210946112047744,0.005042000552496345,0.0003187891593797538,0.0003187891593797538,0.0,0.9983764994455353,0.003343792133882126,0.003025002974502372,0.9998560207018443,False
8.91325,1,350,351,2.6962125000000516,2.696212500000051,-4.440892098500626e-16,0.021825079954774448,0.021825079954774448,0.09006625548932229,0.0841879740106006,0.005513047103721694,0.021825079954774448,0.005042000552496345,0.0003205482813149134,0.0003205482813149134,0.0,0.9983958560892541,0.0033704666702567138,0.0030499183889418,0.9998577957942101,False
8.9345,1,351,352,2.7020562500000507,2.7020562500000507,0.0,0.02255554870477443,0.02255554870477443,0.09003172401060014,0.08342297378187852,0.0056419533537216664,0.02255554870477443,0.005042000552496345,0.0003219623860674571,0.0003219623860674571,0.0,0.9984899537772148,0.0033786170361687073,0.0030566546501012504,0.9998663583706217,False
8.9585,1,352,353,2.7086562500000513,2.7086562500000513,0.0,0.023380548704774507,0.023380548704774507,0.09002297378187873,0.08295445792815709,0.0060544533537216765,0.023380548704774507,0.005042000552496345,0.00032290133853069523,0.00032290133853069523,0.0,0.9985422917324573,0.003369007813129033,0.003046106474598338,0.99987110322332,False
8.98425,1,353,354,2.715737500000051,2.715737500000051,0.0,0.024265704954774567,0.024265704954774567,0.09003570792815715,0.08208203582443549,0.006939609603721678,0.024265704954774567,0.005042000552496345,0.0003238291885264871,0.0003238291885264871,0.0,0.9986418869295911,0.0032105355894828033,0.002886706400956316,0.9998800015289174,False
9.01325,1,354,355,2.723712500000051,2.723712500000051,0.0,0.025262579954774617,0.025262579954774617,0.09005703582443544,0.08170805122071376,0.007806660613693541,0.025262579954774617,0.005042000552496345,0.0003243792803889213,0.0003243792803889213,0.0,0.9988129758774722,0.00263561710830032,0.0023112378279113986,0.9998949728473513,False
9.0435,1,355,356,2.732031250000051,2.732031250000051,0.0,0.026302423704774692,0.013151211852387346,0.09002680122071387,0.08063797286699219,0.008846504363693546,0.013151211852387346,0.005042000552496345,0.0003234906412808841,0.0003234906412808841,0.0,0.9989356034428116,0.0015840722013458625,0.0012605815600649783,0.999904648349668,False
9.07775,1,356,357,2.7414500000000506,2.741450000000051,4.440892098500626e-16,0.014328555602387274,0.014328555602387274,0.09005672286699161,0.08497988681513081,0.005076836051860797,0.014328555602387274,0.005042000552496345,0.0003411854907197325,0.0003411854907197325,0.0,0.9990612947353621,0.003525568356767164,0.0031843828660474316,0.9999186225644834,False
9.09625,1,357,358,2.746537500000051,2.746537500000051,0.0,0.01496449310238731,0.01496449310238731,0.0900673868151311,0.08435461326327028,0.005394804801860815,0.01496449310238731,0.005042000552496345,0.0003285498551613235,0.0003285498551613235,0.0,0.9983492513782776,0.00333090040237239,0.0030023505472110664,0.9998535581582569,False
9.117,1,358,359,2.7522437500000505,2.7522437500000505,0.0,0.01567777435238729,0.01567777435238729,0.09006086326327009,0.0839527772114093,0.005935752181846739,0.01567777435238729,0.005042000552496345,0.0003136885919115216,0.0003136885919115216,0.0,0.998456221119383,0.003244804744983079,0.0029311161530715577,0.9998631580664993,False
9.139,1,359,360,2.758293750000051,2.758293750000051,0.0,0.01643402435238734,0.01643402435238734,0.0900027772114094,0.0831384411595486,0.006313877181846738,0.01643402435238734,0.005042000552496345,0.00030748522670371627,0.00030748522670371627,0.0,0.9985912283292668,0.003202254848297524,0.002894769621593808,0.9998753717141754,False
9.164,1,360,361,2.765168750000051,2.765168750000051,0.0,0.017293399352387398,0.017293399352387398,0.09001344115954872,0.08246206397770198,0.0064943459318467425,0.017293399352387398,0.005042000552496345,0.00030660753114664845,0.00030660753114664845,0.0,0.9986860212095273,0.0031618689706438205,0.002855261439497172,0.9998839520994621,False
9.1915,1,361,362,2.772731250000051,2.772731250000051,0.0,0.018238711852387443,0.018238711852387443,0.09002456397770196,0.08152787429585524,0.006967002181846734,0.018238711852387443,0.005042000552496345,0.0003092314673627998,0.0003092314673627998,0.0,0.9987332699490381,0.003009159593266142,0.0026999281259033423,0.9998881285084402,False
9.2225,1,362,363,2.781256250000051,2.781256250000051,0.0,0.019304336852387458,0.019304336852387458,0.09005287429585494,0.08086868461400828,0.008032627181846679,0.019304336852387458,0.005042000552496345,0.0003130896470048626,0.0003130896470048626,0.0,0.9988271551098987,0.001770106152393744,0.0014570165053888813,0.9998951808541093,False
9.25575,1,363,364,2.7904000000000506,2.7904000000000506,0.0,0.02044730560238754,0.02044730560238754,0.09001243461400842,0.08484885539808508,0.005163579215923337,0.02044730560238754,0.005042000552496345,0.0003183090774647857,0.0003183090774647857,0.0,0.9989737855959298,0.0033262819630679036,0.003007972885603118,0.9999103722777567,False
9.2745,1,364,365,2.795556250000051,2.795556250000051,0.0,0.0210918368523876,0.0210918368523876,0.09000510539808526,0.0841969949321619,0.005146391715923347,0.0210918368523876,0.005042000552496345,0.00032030831591432475,0.00032030831591432475,0.0,0.998376421241922,0.0033588955413408547,0.00303858722542653,0.9998560310223654,False
9.29575,1,365,366,2.8014000000000503,2.8014000000000503,0.0,0.021822305602387584,0.021822305602387584,0.09004074493216144,0.08416388446623815,0.005511626090923315,0.021822305602387584,0.005042000552496345,0.0003223177882157709,0.0003223177882157709,0.0,0.9983954893671678,0.0033879481627025546,0.0030656303744867838,0.9998577825422313,False
9.317,1,366,367,2.8072437500000507,2.8072437500000507,0.0,0.02255277435238763,0.02255277435238763,0.09000763446623819,0.0834003052503149,0.005640532340923318,0.02255277435238763,0.005042000552496345,0.0003239939454998547,0.0003239939454998547,0.0,0.9984896344940862,0.003398935577959679,0.0030749416324598244,0.9998663526248469,False
9.341000000000001,1,367,368,2.813843750000051,2.813843750000051,0.0,0.023377774352387706,0.023377774352387706,0.0900003052503151,0.08293321040939179,0.0060530323409233285,0.023377774352387706,0.005042000552496345,0.000324929914209458,0.000324929914209458,0.0,0.9985419959485392,0.003388889857129068,0.0030639599429196102,0.999871099437762,False
9.36675,1,368,369,2.820925000000051,2.820925000000051,0.0,0.024262930602387767,0.024262930602387767,0.09001446040939186,0.08206220931846853,0.00693818859092333,0.024262930602387767,0.005042000552496345,0.00032605818183303,0.00032605818183303,0.0,0.9986416358489618,0.0032329518073778984,0.0029068936255448683,0.9998800047336822,False
9.39575,1,369,370,2.828900000000051,2.828900000000051,0.0,0.025259805602387816,0.025259805602387816,0.09003720931846845,0.08168964572754514,0.007803818588096846,0.025259805602387816,0.005042000552496345,0.000326753509610518,0.000326753509610518,0.0,0.9988127923659891,0.0026581917155255874,0.0023314382059150696,0.9998949817063683,False
9.426,1,370,371,2.8372187500000505,2.8372187500000505,0.0,0.02629964935238783,0.013149824676193914,0.09000839572754477,0.08062098838662149,0.00884366233809679,0.013149824676193914,0.005042000552496345,0.0003258361685852989,0.0003258361685852989,0.0,0.9989352895070431,0.0016027246798100553,0.0012768885112247564,0.9999046396877945,False
9.46025,1,371,372,2.8466375000000506,2.8466375000000506,0.0,0.014327168426193903,0.014327168426193903,0.0900397383866214,0.08496361284115977,0.005076125545461624,0.014327168426193903,0.005042000552496345,0.0003458865411834353,0.0003458865411834353,0.0,0.9990610866919919,0.0035728839651843966,0.003226997424000961,0.9999186574504418,False
9.47875,1,372,373,2.851725000000051,2.851725000000051,0.0,0.014963105926193938,0.014963105926193938,0.09005111284116006,0.08433904979569841,0.005394094295461642,0.014963105926193938,0.005042000552496345,0.00033203375817321456,0.00033203375817321456,0.0,0.9983490881925541,0.003365266137325809,0.0030332323791525946,0.9998535820701174,False
9.4995,1,373,374,2.857431250000051,2.857431250000051,0.0,0.01567638717619392,0.01567638717619392,0.09004529979569822,0.0839379242502366,0.005934331169048392,0.01567638717619392,0.005042000552496345,0.0003160754265226961,0.0003160754265226961,0.0,0.9984560700897962,0.0032680391073652143,0.0029519636808425184,0.9998631707027684,False
9.52175,1,374,375,2.8635500000000507,2.8635500000000507,0.0,0.01644123092619395,0.01644123092619395,0.09005667425023654,0.08318445495477494,0.006316753044048381,0.01644123092619395,0.005042000552496345,0.0003090931003055395,0.0003090931003055395,0.0,0.9985927606514752,0.00321847262403447,0.0029093795237289306,0.9998755292616361,False
9.54675,1,375,376,2.8704250000000506,2.8704250000000506,0.0,0.017300605926194007,0.017300605926194007,0.09005945495477506,0.08250090503572668,0.006497221794048385,0.017300605926194007,0.005042000552496345,0.00030789053265872237,0.00030789053265872237,0.0,0.998686565344826,0.0031747091945250397,0.002866818661866317,0.9998840161697975,False
9.574250000000001,1,376,377,2.8779875000000508,2.877987500000051,4.440892098500626e-16,0.018245918426194052,0.018245918426194052,0.09006340503572667,0.08155954261667832,0.006969878044048377,0.018245918426194052,0.005042000552496345,0.00031034289358522493,0.00031034289358522493,0.0,0.9987337748236079,0.003020040623971716,0.0027096977303864914,0.9998881868245724,False
9.605,1,377,378,2.886443750000051,2.886443750000051,0.0,0.019302949676194087,0.019302949676194087,0.09001579261667818,0.08083732082262984,0.008026909294048342,0.019302949676194087,0.005042000552496345,0.0003143240980243892,0.0003143240980243892,0.0,0.9988263320584237,0.0017787447065562428,0.0014644206085318535,0.9998951151598177,False
9.6385,1,378,379,2.8956562500000507,2.8956562500000507,0.0,0.02045451217619415,0.02045451217619415,0.09004982082262983,0.08488480367560566,0.0051650171470241585,0.02045451217619415,0.005042000552496345,0.0003198904111128949,0.0003198904111128949,0.0,0.998974128329947,0.0033423688379502423,0.0030224784268373475,0.9999104216057388,False
9.65725,1,379,380,2.900812500000051,2.900812500000051,0.0,0.02109904342619421,0.02109904342619421,0.09004105367560584,0.08423150527858167,0.005147829647024168,0.02109904342619421,0.005042000552496345,0.0003220000866641829,0.0003220000866641829,0.0,0.9983768453432995,0.003376196725627306,0.003054196638963123,0.9998560891323425,False
9.67825,1,380,381,2.9065875000000507,2.9065875000000507,0.0,0.021820918426194214,0.021820918426194214,0.09000650527858137,0.08413680063155723,0.005508767147024147,0.021820918426194214,0.005042000552496345,0.0003242547375539789,0.0003242547375539789,0.0,0.998393552588406,0.0034074087224711946,0.003083153984917216,0.9998576287936907,False
9.69975,1,381,382,2.912500000000051,2.912500000000051,0.0,0.022559980926194302,0.022559980926194302,0.09004930063155761,0.08344053348453344,0.00564197027202417,0.022559980926194302,0.005042000552496345,0.00032619629205269703,0.00032619629205269703,0.0,0.9984910521322116,0.003421491915305226,0.003095295623252529,0.999866506989514,False
9.72375,1,382,383,2.919100000000051,2.919100000000051,0.0,0.023384980926194315,0.023384980926194315,0.09004053348453317,0.08296770383750901,0.00605447027202415,0.023384980926194315,0.005042000552496345,0.0003272432976775663,0.0003272432976775663,0.0,0.9985423501719464,0.0034119696688487237,0.0030847263711711575,0.9998711579474048,False
9.7495,1,383,384,2.926181250000051,2.926181250000051,0.0,0.024270137176194376,0.024270137176194376,0.09004895383750908,0.08209096794048494,0.006939626522024151,0.024270137176194376,0.005042000552496345,0.0003283712463513979,0.0003283712463513979,0.0,0.9986419472524296,0.003257145860575208,0.00292877461422381,0.9998800606030432,False
9.778500000000001,1,384,385,2.934156250000051,2.9341562500000506,-4.440892098500626e-16,0.025267012176194426,0.025267012176194426,0.09006596794048488,0.08171696641846077,0.007807768669048493,0.025267012176194426,0.005042000552496345,0.00032944104624235145,0.00032944104624235145,0.0,0.9988130419274847,0.002684334263240898,0.0023548932169985466,0.9998950341019809,False
9.80875,1,385,386,2.9424750000000506,2.9424750000000506,0.0,0.0263068559261945,0.01315342796309725,0.09003571641846086,0.08064687114643676,0.008847612419048499,0.01315342796309725,0.005042000552496345,0.00032843932929292136,0.00032843932929292136,0.0,0.9989357995847475,0.001625740447512139,0.0012973011182192177,0.9999047113269853,False
9.843,1,386,387,2.95189375000005,2.95189375000005,0.0,0.014330771713097178,0.014330771713097178,0.09006562114643618,0.08498877663542415,0.005076844511012034,0.014330771713097178,0.005042000552496345,0.000350792792848922,0.000350792792848922,0.0,0.9990615202857851,0.003622344186612579,0.0032715513937636572,0.999918752963457,False
9.86125,1,387,388,2.9569125000000502,2.9569125000000502,0.0,0.014958115463097173,0.014958115463097173,0.0900075266354241,0.08430333837441208,0.005390516386012032,0.014958115463097173,0.005042000552496345,0.00033593736452990156,0.00033593736452990156,0.0,0.9983468508972648,0.003403398662287789,0.0030674612977578874,0.9998534218524112,False
9.882,1,388,389,2.9626187500000505,2.9626187500000505,0.0,0.015671396713097214,0.015671396713097214,0.09000958837441239,0.08390579073840032,0.005932009334524225,0.015671396713097214,0.005042000552496345,0.0003188039608636759,0.0003188039608636759,0.0,0.9984551956046278,0.003294258653133361,0.0029754546922696854,0.999863121138311,False
9.90425,1,389,390,2.96873750000005,2.96873750000005,0.0,0.016436240463097242,0.016436240463097242,0.09002454073840024,0.08315589935238821,0.0063144312095242145,0.016436240463097242,0.005042000552496345,0.0003109244028720367,0.0003109244028720367,0.0,0.9985922935222454,0.003236048780811192,0.002925124377939155,0.9998755069480688,False
9.92925,1,390,391,2.9756125000000506,2.9756125000000506,0.0,0.0172956154630973,0.0172956154630973,0.09003089935238831,0.08247467126786412,0.006494899959524219,0.0172956154630973,0.005042000552496345,0.00030929282755170107,0.00030929282755170107,0.0,0.9986861564065913,0.0031885709601061143,0.0028792781325544135,0.9998839950657754,False
9.95675,1,391,392,2.9831750000000508,2.9831750000000503,-4.440892098500626e-16,0.018240927963097345,0.018240927963097345,0.0900371712678641,0.08153563068333991,0.00696755620952421,0.018240927963097345,0.005042000552496345,0.00031156981563323867,0.00031156981563323867,0.0,0.9987333937424993,0.0030316165221356065,0.0027200467065023677,0.9998881655998585,False
9.98775,1,392,393,2.99170000000005,2.99170000000005,0.0,0.01930655296309736,0.01930655296309736,0.09006063068333961,0.08087588697381547,0.008033181209524155,0.01930655296309736,0.005042000552496345,0.0003157846527060711,0.0003157846527060711,0.0,0.9988272698686291,0.0017921241347599037,0.0014763394820538327,0.9998952150459812,False
10.021,1,393,394,3.00084375000005,3.00084375000005,0.0,0.020449521713097444,0.020449521713097444,0.0900196369738156,0.08485578074405353,0.005163856229762075,0.020449521713097444,0.005042000552496345,0.00032163751902494704,0.00032163751902494704,0.0,0.9989738896052139,0.003359681901248003,0.003038044382223056,0.9999104197915997,False
10.03975,1,394,395,3.0060000000000504,3.0060000000000504,0.0,0.021094052963097503,0.021094052963097503,0.0900120307440537,0.08420364326429161,0.005146668729762085,0.021094052963097503,0.005042000552496345,0.00032379117695681935,0.00032379117695681935,0.0,0.9983765425622,0.003394094149298997,0.0030703029723421777,0.9998560821427978,False
10.061,1,395,396,3.01184375000005,3.01184375000005,0.0,0.021824521713097487,0.021824521713097487,0.09004739326429115,0.08417025578452912,0.0055119031047620535,0.021824521713097487,0.005042000552496345,0.0003263403839804084,0.0003263403839804084,0.0,0.9983956154829025,0.0034286373738128886,0.0031022969898324803,0.9998578403718678,False
10.08225,1,396,397,3.01768750000005,3.01768750000005,0.0,0.022554990463097533,0.022554990463097533,0.09001400578452916,0.08340639955476714,0.005640809354762057,0.022554990463097533,0.005042000552496345,0.00032835661806024396,0.00032835661806024396,0.0,0.9984897562291752,0.0034439597499504107,0.003115603131890167,0.999866414883773,False
10.106250000000001,1,397,398,3.0242875000000504,3.0242875000000504,0.0,0.02337999046309761,0.02337999046309761,0.09000639955476734,0.08293902770000527,0.006053309354762067,0.02337999046309761,0.005042000552496345,0.000329809085655102,0.000329809085655102,0.0,0.9985421199000543,0.0034368214342452505,0.0031070123485901486,0.9998711657966795,False
10.132,1,398,399,3.03136875000005,3.03136875000005,0.0,0.02426514671309767,0.02426514671309767,0.09002027770000534,0.08206774959524328,0.006938465604762068,0.02426514671309767,0.005042000552496345,0.0003307767271770992,0.0003307767271770992,0.0,0.9986417496133911,0.0032814924776963447,0.0029507157505192453,0.9998800707030212,False
10.161,1,399,400,3.03934375000005,3.03934375000005,0.0,0.02526202171309772,0.02526202171309772,0.09004274959524322,0.08169490899048115,0.007804372615774322,0.02526202171309772,0.005042000552496345,0.00033237385826117606,0.00033237385826117606,0.0,0.998812904374098,0.002713442360744431,0.0023810685024832547,0.9998950546050367,False
10.19125,1,400,401,3.04766250000005,3.0476625000000497,-4.440892098500626e-16,0.02630186546309773,0.013150932731548865,0.09001365899048078,0.08062597463571877,0.008844216365774265,0.013150932731548865,0.005042000552496345,0.0003313173165946811,0.0003313173165946811,0.0,0.9989354254265295,0.001650499202142247,0.001319181885547566,0.9999047045241066,False
10.2255,1,401,402,3.0570812500000497,3.0570812500000493,-4.440892098500626e-16,0.014328276481548854,0.014328276481548854,0.09004472463571868,0.08496846058333768,0.005076264052380992,0.014328276481548854,0.005042000552496345,0.0003558623409625569,0.0003558623409625569,0.0,0.999061264510658,0.0036733032262799906,0.0033174408853174336,0.9999187876011082,False
10.244,1,402,403,3.06216875000005,3.0621687500000503,4.440892098500626e-16,0.01496421398154889,0.01496421398154889,0.09005596058333798,0.08434375903095695,0.00539423280238101,0.01496421398154889,0.005042000552496345,0.00033955327885023585,0.00033955327885023585,0.0,0.9983492208589176,0.0034401498740678355,0.0031005965952175998,0.9998536783364146,False
10.26475,1,403,404,3.0678750000000496,3.0678750000000496,0.0,0.01567749523154887,0.01567749523154887,0.09005000903095677,0.08394249497857578,0.005934608182887129,0.01567749523154887,0.005042000552496345,0.0003215439569489803,0.0003215439569489803,0.0,0.998456172030633,0.0033219708453895297,0.0030004268884405495,0.9998632410178774,False
10.287,1,404,405,3.07399375000005,3.07399375000005,0.0,0.0164423389815489,0.0164423389815489,0.0900612449785757,0.08318888717619474,0.006317030057887118,0.0164423389815489,0.005042000552496345,0.0003129765674111624,0.0003129765674111624,0.0,0.9985928666362638,0.003256628863866441,0.002943652296455279,0.9998755822589028,False
10.312,1,405,406,3.0808687500000502,3.0808687500000502,0.0,0.017301713981548957,0.017301713981548957,0.09006388717619486,0.08250506024330775,0.006497498807887123,0.017301713981548957,0.005042000552496345,0.000310887292585461,0.000310887292585461,0.0,0.9986866534940148,0.003205136632770958,0.0028942493401854967,0.9998840590461749,False
10.339500000000001,1,406,407,3.08843125000005,3.08843125000005,0.0,0.018247026481549,0.018247026481549,0.09006756024330774,0.08156342081042064,0.006970155057887114,0.018247026481549,0.005042000552496345,0.0003131139101758602,0.0003131139101758602,0.0,0.9987338566829292,0.00304702924466594,0.0027339153344900797,0.9998882252033602,False
10.37025,1,407,408,3.09688750000005,3.09688750000005,0.0,0.019304057731549036,0.019304057731549036,0.0900196708104205,0.08084092200253344,0.008027186307887079,0.019304057731549036,0.005042000552496345,0.0003173392966955549,0.0003173392966955549,0.0,0.9988264102889479,0.00180517670279301,0.001487837406097455,0.9998951513206403,False
10.40375,1,408,409,3.1061000000000494,3.1061000000000494,0.0,0.0204556202315491,0.0204556202315491,0.09005342200253341,0.08488826634858988,0.005165155653943527,0.0204556202315491,0.005042000552496345,0.0003235297028776207,0.0003235297028776207,0.0,0.9989742051214205,0.0033788926730495203,0.0030553629701718997,0.9999104701607507,False
10.4225,1,409,410,3.11125625000005,3.11125625000005,0.0,0.02110015148154916,0.02110015148154916,0.09004451634859006,0.08423482944464653,0.005147968153943537,0.02110015148154916,0.005042000552496345,0.00032577415325086895,0.00032577415325086895,0.0,0.9983769315222881,0.0034142417289095214,0.0030884675756586524,0.9998561402380889,False
10.4435,1,410,411,3.11703125000005,3.11703125000005,0.0,0.021822026481549163,0.021822026481549163,0.09000982944464622,0.08413998629070273,0.005508905653943515,0.021822026481549163,0.005042000552496345,0.0003284092590564616,0.0003284092590564616,0.0,0.9983936425445457,0.003449832412008559,0.0031214231529520975,0.9998576852033028,False
10.465,1,411,412,3.12294375000005,3.12294375000005,0.0,0.02256108898154925,0.02256108898154925,0.09005248629070309,0.08344358063675955,0.005642108778943539,0.02256108898154925,0.005042000552496345,0.0003307195398518685,0.0003307195398518685,0.0,0.998491142225711,0.003468476689405142,0.0031377571495532735,0.9998665685247906,False
10.489,1,412,413,3.1295437500000496,3.1295437500000496,0.0,0.023386088981549265,0.023386088981549265,0.09004358063675927,0.08297061248281576,0.006054608778943519,0.023386088981549265,0.005042000552496345,0.0003327113368125817,0.0003327113368125817,0.0,0.998542450047623,0.003465774707330154,0.0031330633705175725,0.9998712289055267,False
10.51475,1,413,414,3.1366250000000493,3.1366250000000497,4.440892098500626e-16,0.024271245231549325,0.024271245231549325,0.09005186248281584,0.08209373807887232,0.00693976502894352,0.024271245231549325,0.005042000552496345,0.00033344864448345344,0.00033344864448345344,0.0,0.998642038439507,0.003308795343681687,0.0029753466991982334,0.9998801279420285,False
10.543750000000001,1,414,415,3.1446000000000494,3.1446000000000494,0.0,0.025268120231549375,0.025268120231549375,0.09006873807887225,0.08171959804992877,0.007808045682887231,0.025268120231549375,0.005042000552496345,0.0003354600754660102,0.0003354600754660102,0.0,0.9988131380002824,0.0027449512512706595,0.002409491175804649,0.9998951116812707,False
10.574,1,415,416,3.15291875000005,3.15291875000005,0.0,0.02630796398154945,0.013153981990774725,0.09003834804992888,0.08064936427098539,0.008847889432887236,0.013153981990774725,0.005042000552496345,0.0003344399812645803,0.0003344399812645803,0.0,0.9989359083909608,0.0016796678063765863,0.0013452278251120061,0.9999047809663232,False
10.60825,1,416,417,3.1623375000000493,3.1623375000000493,0.0,0.014331325740774652,0.014331325740774652,0.09006811427098481,0.0849912005065131,0.005076913764471718,0.014331325740774652,0.005042000552496345,0.0003610753685935042,0.0003610753685935042,0.0,0.9990616756883093,0.0037258766066868426,0.003364801238093338,0.999918884551002,False
10.6265,1,417,418,3.167356250000049,3.167356250000049,0.0,0.014958669490774647,0.014958669490774647,0.09000995050651306,0.08430569299204134,0.005390585639471716,0.014958669490774647,0.005042000552496345,0.00034383433221929244,0.00034383433221929244,0.0,0.9983469685028663,0.003482231741541532,0.0031383974093222395,0.9998535211441684,False
10.64725,1,418,419,3.173062500000049,3.173062500000049,0.0,0.01567195074077469,0.01567195074077469,0.09001194299204165,0.0839080761025699,0.005932147841443594,0.01567195074077469,0.005042000552496345,0.0003246767758621067,0.0003246767758621067,0.0,0.9984552851771742,0.0033526586512326734,0.0030279818753705667,0.9998631953814678,False
10.669500000000001,1,419,420,3.1791812500000494,3.1791812500000494,0.0,0.016436794490774717,0.016436794490774717,0.09002682610256982,0.08315811546309809,0.006314569716443583,0.016436794490774717,0.005042000552496345,0.0003153683942100976,0.0003153683942100976,0.0,0.998592377123494,0.0032796077684381295,0.002964239374228032,0.9998755641261853,False
10.6945,1,420,421,3.1860562500000493,3.1860562500000493,0.0,0.017296169490774775,0.017296169490774775,0.09003311546309821,0.08247674887165464,0.006495038466443588,0.017296169490774775,0.005042000552496345,0.00031252556810138106,0.00031252556810138106,0.0,0.9986862221673096,0.003221888145697807,0.002909362577596426,0.9998840390564493,False
10.722,1,421,422,3.1936187500000495,3.1936187500000495,0.0,0.01824148199077482,0.01824148199077482,0.09003924887165463,0.08153756978021107,0.006967694716443579,0.01824148199077482,0.005042000552496345,0.0003148057162403321,0.0003148057162403321,0.0,0.9987334577130627,0.0030635655989487906,0.0027487598827084583,0.9998882079971414,False
10.753,1,422,423,3.202143750000049,3.202143750000049,0.0,0.019307106990774835,0.019307106990774835,0.09006256978021077,0.08087768756376726,0.008033319716443523,0.019307106990774835,0.005042000552496345,0.0003190533862722394,0.0003190533862722394,0.0,0.9988273309586374,0.0018220624713025796,0.0015030090850303402,0.999895253901355,False
10.78625,1,423,424,3.2112875000000494,3.2112875000000494,0.0,0.02045007574077492,0.02045007574077492,0.09002143756376739,0.08485751208054562,0.005163925483221759,0.02045007574077492,0.005042000552496345,0.0003256011126165299,0.0003256011126165299,0.0,0.9989739549059798,0.003399441274686721,0.003073840162070191,0.9999104709595936,False
10.805,1,424,425,3.2164437500000496,3.2164437500000496,0.0,0.021094606990774978,0.021094606990774978,0.0900137620805458,0.08420530534732404,0.005146737983221769,0.021094606990774978,0.005042000552496345,0.00032787290055699464,0.00032787290055699464,0.0,0.9983766132388426,0.0034350951598990445,0.0031072222593420498,0.9998561351698554,False
10.82625,1,425,426,3.222287500000049,3.222287500000049,0.0,0.02182507574077496,0.02182507574077496,0.09004905534732358,0.08417184861410186,0.005511972358221737,0.02182507574077496,0.005042000552496345,0.0003306918105899997,0.0003306918105899997,0.0,0.9983956888719271,0.003473142056843549,0.0031424502462535494,0.9998578975641258,False
10.8475,1,426,427,3.228131250000049,3.228131250000049,0.0,0.022555544490775008,0.022555544490775008,0.0900155986141019,0.08340792313088019,0.0056408786082217405,0.022555544490775008,0.005042000552496345,0.00033280192555727793,0.00033280192555727793,0.0,0.9984898287663995,0.0034901329418899132,0.003157331016332635,0.9998664736407467,False
10.871500000000001,1,427,428,3.234731250000049,3.234731250000049,0.0,0.023380544490775083,0.023380544490775083,0.09000792313088041,0.08294048202265866,0.006053378608221751,0.023380544490775083,0.005042000552496345,0.0003357474876969756,0.0003357474876969756,0.0,0.9985422098336567,0.003495938348899205,0.0031601908612022295,0.9998712420248497,False
10.89725,1,428,429,3.2418125000000493,3.2418125000000493,0.0,0.024265700740775144,0.024265700740775144,0.09002173202265873,0.08206913466443697,0.006938534858221752,0.024265700740775144,0.005042000552496345,0.0003364534256591038,0.0003364534256591038,0.0,0.9986418347189784,0.003338410130527412,0.003001956704868308,0.9998801434841263,False
10.92625,1,429,430,3.249787500000049,3.249787500000049,0.0,0.025262575740775194,0.025262575740775194,0.0900441346644369,0.08169622480621516,0.00780451112269369,0.025262575740775194,0.005042000552496345,0.00033850606267904243,0.00033850606267904243,0.0,0.998812991411518,0.0027767863988593933,0.002438280336180351,0.9998951344380393,False
10.9565,1,430,431,3.258106250000049,3.258106250000049,0.0,0.026302419490775206,0.013151209745387603,0.09001497480621479,0.08062722119799309,0.008844354872693635,0.013151209745387603,0.005042000552496345,0.00033768822554505035,0.00033768822554505035,0.0,0.9989355220450601,0.0017093928135379216,0.0013717045879928713,0.9999047789188198,False
10.99075,1,431,432,3.267525000000049,3.267525000000049,0.0,0.014328553495387591,0.014328553495387591,0.090045971197993,0.08496967251888216,0.005076298679110834,0.014328553495387591,0.005042000552496345,0.00036641210677919545,0.00036641210677919545,0.0,0.9990614101717661,0.0037794894239319837,0.0034130773171527884,0.99991892124391,False
11.00925,1,432,433,3.272612500000049,3.272612500000049,0.0,0.014964490995387627,0.014964490995387627,0.09005717251888246,0.08434493633977158,0.005394267429110852,0.014964490995387627,0.005042000552496345,0.0003477746879753549,0.0003477746879753549,0.0,0.9983493325637095,0.003522298298428206,0.003174523610452851,0.9998537808254867,False
11.03,1,433,434,3.278318750000049,3.2783187500000492,4.440892098500626e-16,0.015677772245387606,0.015677772245387606,0.0900511863397714,0.08394363766066057,0.005934677436346814,0.015677772245387606,0.005042000552496345,0.00032768556597069504,0.00032768556597069504,0.0,0.9984562562847463,0.0033835215659440074,0.0030558359999733123,0.9998633182682299,False
11.05225,1,434,435,3.284437500000049,3.284437500000049,0.0,0.016442615995387634,0.016442615995387634,0.09006238766066049,0.08318999523154968,0.006317099311346803,0.016442615995387634,0.005042000552496345,0.0003178795504386718,0.0003178795504386718,0.0,0.9985929412784421,0.003305044833909393,0.0029871652834707212,0.9998756442645298,False
11.07725,1,435,436,3.291312500000049,3.291312500000049,0.0,0.017301990995387692,0.017301990995387692,0.09006499523154982,0.08250609904520301,0.006497568061346807,0.017301990995387692,0.005042000552496345,0.00031433930001463847,0.00031433930001463847,0.0,0.9986867093922592,0.003240771030031127,0.0029264317300164884,0.9998841046003681,False
11.104750000000001,1,436,437,3.298875000000049,3.2988750000000486,-4.440892098500626e-16,0.018247303495387737,0.018247303495387737,0.09006859904520301,0.08156439035885624,0.006970224311346799,0.018247303495387737,0.005042000552496345,0.0003167298541091644,0.0003167298541091644,0.0,0.9987339134596163,0.00308344296129507,0.0027667131071859056,0.9998882720392338,False
11.1355,1,437,438,3.3073312500000487,3.3073312500000487,0.0,0.01930433474538777,0.01930433474538777,0.0900206403588561,0.08084182229750933,0.008027255561346765,0.01930433474538777,0.005042000552496345,0.00032076038311829757,0.00032076038311829757,0.0,0.9988264633267101,0.0018372319641718482,0.0015164715810535507,0.9998951921745595,False
11.169,1,438,439,3.316543750000049,3.316543750000049,0.0,0.020455897245387836,0.020455897245387836,0.09005432229750931,0.08488913201683594,0.00516519028067337,0.020455897245387836,0.005042000552496345,0.0003277813286276857,0.0003277813286276857,0.0,0.9989742662239441,0.0034216086397788684,0.0030938273111511825,0.9999105242910526,False
11.18775,1,439,440,3.3217000000000487,3.321700000000049,4.440892098500626e-16,0.021100428495387895,0.021100428495387895,0.09004538201683612,0.08423566048616274,0.00514800278067338,0.021100428495387895,0.005042000552496345,0.0003301851159064532,0.0003301851159064532,0.0,0.9983769966232905,0.0034584290408657334,0.0031282439249592803,0.9998561963857985,False
11.20875,1,440,441,3.3274750000000486,3.327475000000049,4.440892098500626e-16,0.0218223034953879,0.0218223034953879,0.09001066048616244,0.0841407827054891,0.005508940280673358,0.0218223034953879,0.005042000552496345,0.0003329130048005355,0.0003329130048005355,0.0,0.9983937084794935,0.003495555107242601,0.0031626421024420655,0.9998577429464313,False
11.23025,1,441,442,3.3333875000000495,3.3333875000000495,0.0,0.022561365995387987,0.022561365995387987,0.09005328270548946,0.08344434242481608,0.005642143405673382,0.022561365995387987,0.005042000552496345,0.000335338105620586,0.000335338105620586,0.0,0.9984912085966573,0.003516152648739966,0.00318081454311938,0.9998666283168973,False
11.25425,1,442,443,3.3399875000000487,3.339987500000049,4.440892098500626e-16,0.023386365995388,0.023386365995388,0.09004434242481581,0.08297133964414245,0.006054643405673361,0.023386365995388,0.005042000552496345,0.0003388763045121949,0.0003388763045121949,0.0,0.9985425348148946,0.0035283485264756102,0.003189472221963415,0.9998713086595955,False
11.28,1,443,444,3.347068750000049,3.347068750000049,0.0,0.02427152224538806,0.02427152224538806,0.09005258964414252,0.08209443061346916,0.006939799655673363,0.02427152224538806,0.005042000552496345,0.0003399012699686296,0.0003399012699686296,0.0,0.9986421262750297,0.0033731159396862033,0.0030332146697175737,0.9998802095247606,False
11.30875,1,444,445,3.3549750000000493,3.3549750000000493,0.0,0.02525980349538813,0.02525980349538813,0.09000068061346926,0.08166009970779592,0.007803818061346925,0.02525980349538813,0.005042000552496345,0.0003412957636507397,0.0003412957636507397,0.0,0.9988119250301624,0.002806257902885266,0.0024649621392345265,0.9998950708796739,False
11.33925,1,445,446,3.363362500000049,3.363362500000049,0.0,0.026308240995388185,0.013154120497694093,0.09004759970779586,0.08065858130212253,0.00885225556134691,0.013154120497694093,0.005042000552496345,0.0003409696863829395,0.0003409696863829395,0.0,0.9989365173232782,0.0017419082065699282,0.0014009385201869885,0.9999049060017129,False
11.37325,1,446,447,3.372712500000049,3.372712500000049,0.0,0.01432287049769404,0.01432287049769404,0.09000858130212211,0.08493594709928547,0.00507263420283665,0.01432287049769404,0.005042000552496345,0.0003725507328111543,0.0003725507328111543,0.0,0.9990614220296278,0.003840519209228517,0.0034679684764173627,0.9999189918979541,False
11.39175,1,447,448,3.3778000000000485,3.3778000000000485,0.0,0.014958807997694015,0.014958807997694015,0.09002344709928527,0.08431487539644864,0.005390602952836637,0.014958807997694015,0.005042000552496345,0.0003524600316961554,0.0003524600316961554,0.0,0.9983483278085292,0.0035684961522231898,0.0032160361205270343,0.9998537416698658,False
11.4125,1,448,449,3.383506250000049,3.383506250000049,0.0,0.015672089247694056,0.015672089247694056,0.09002112539644894,0.08391724119361227,0.005932182468173436,0.015672089247694056,0.005042000552496345,0.0003310750100894701,0.0003310750100894701,0.0,0.9984553684266598,0.0034171944176789593,0.003086119407589489,0.9998632757039977,False
11.434750000000001,1,449,450,3.3896250000000485,3.3896250000000485,0.0,0.016436932997694085,0.016436932997694085,0.09003599119361219,0.08316726324077554,0.006314604343173425,0.016436932997694085,0.005042000552496345,0.0003206033281722832,0.0003206033281722832,0.0,0.9985924485935126,0.003332093519096628,0.003011490190924345,0.9998756304698438,False
11.45975,1,450,451,3.3965000000000485,3.3965000000000485,0.0,0.017296307997694143,0.017296307997694143,0.09004226324077566,0.08248586202260225,0.0064972215306734245,0.017296307997694143,0.005042000552496345,0.0003163181923170933,0.0003163181923170933,0.0,0.9986862760796312,0.0032606110024398297,0.0029442928101227365,0.9998840877767153,False
11.48725,1,451,452,3.4040625000000486,3.4040625000000486,0.0,0.018241620497694188,0.018241620497694188,0.09004836202260225,0.08154664830442884,0.006969877780673416,0.018241620497694188,0.005042000552496345,0.00031860486284179785,0.00031860486284179785,0.0,0.9987338776144993,0.003102709300959121,0.002784104438117323,0.999888290875754,False
11.518,1,452,453,3.4125187500000482,3.4125187500000487,4.440892098500626e-16,0.019298651747694223,0.019298651747694223,0.0900028983044287,0.08082657521125533,0.008026909030673381,0.019298651747694223,0.005042000552496345,0.0003226521346389516,0.0003226521346389516,0.0,0.9988264362247636,0.0018543860632663223,0.0015317339286273707,0.9998952090244778,False
11.5515,1,453,454,3.4217312500000485,3.4217312500000485,0.0,0.020450214247694287,0.020450214247694287,0.0900390752112553,0.08487513241466862,0.005163942796586681,0.020450214247694287,0.005042000552496345,0.0003300237633611632,0.0003300237633611632,0.0,0.9989742554501511,0.003444215244910634,0.0031141914815494705,0.9999105490714524,False
11.57025,1,454,455,3.4268875000000487,3.4268875000000487,0.0,0.021094745497694346,0.021094745497694346,0.09003138241466879,0.0842229083680821,0.005147829515336688,0.021094745497694346,0.005042000552496345,0.0003325805099455271,0.0003325805099455271,0.0,0.9983766772348569,0.0034823468043348182,0.003149766294389291,0.9998561946400342,False
11.5915,1,455,456,3.4327312500000486,3.4327312500000486,0.0,0.021825214247694392,0.021825214247694392,0.09006665836808211,0.08418836010274544,0.005513063890336687,0.021825214247694392,0.005042000552496345,0.00033542956628015926,0.00033542956628015926,0.0,0.9983960469497436,0.0035210926673585885,0.003185663101078429,0.9998579842630426,False
11.61275,1,456,457,3.438575000000048,3.438575000000048,0.0,0.022555682997694376,0.022555682997694376,0.09003211010274498,0.08342334308740836,0.0056419701403366595,0.022555682997694376,0.005042000552496345,0.0003378079614498352,0.0003378079614498352,0.0,0.998490156537916,0.003540320538205098,0.0032025125767552627,0.9998665598915634,False
11.636750000000001,1,457,458,3.4451750000000483,3.4451750000000483,0.0,0.02338068299769445,0.02338068299769445,0.09002334308740857,0.08295481044707192,0.0060544701403366695,0.02338068299769445,0.005042000552496345,0.00034181989268959796,0.00034181989268959796,0.0,0.9985425323387911,0.0035590592596074257,0.003217239366917828,0.9998713438492955,False
11.6625,1,458,459,3.4522562500000484,3.4522562500000484,0.0,0.02426583924769451,0.02426583924769451,0.09003606044707199,0.08208237155673535,0.006939626390336671,0.02426583924769451,0.005042000552496345,0.0003436178406783381,0.0003436178406783381,0.0,0.9986421386539587,0.003410448929745888,0.0030668310890675497,0.9998802536256232,False
11.6915,1,459,460,3.4602312500000485,3.4602312500000485,0.0,0.02526271424769456,0.02526271424769456,0.0900573715567353,0.08170837016639863,0.007806694186923527,0.02526271424769456,0.005042000552496345,0.0003443599233486942,0.0003443599233486942,0.0,0.9988132287263477,0.002838790734109836,0.002494430810761142,0.9998952262305228,False
11.72175,1,460,461,3.468550000000048,3.468550000000048,0.0,0.026302557997694574,0.013151278998847287,0.09002712016639826,0.08063827502606165,0.008846537936923473,0.013151278998847287,0.005042000552496345,0.00034411560103675653,0.00034411560103675653,0.0,0.9989358666231339,0.0017714740366205628,0.0014273584355838063,0.9999048800645902,False
11.756,1,461,462,3.477968750000048,3.477968750000048,0.0,0.014328622748847275,0.014328622748847275,0.09005702502606155,0.08498018058089327,0.005076844445168294,0.014328622748847275,0.005042000552496345,0.00037763513616011993,0.00037763513616011993,0.0,0.9990617564062703,0.0038918269690902743,0.0035141918329301544,0.9999190800018608,False
11.7745,1,462,463,3.483056250000048,3.483056250000048,0.0,0.01496456024884731,0.01496456024884731,0.09006768058089354,0.0843548986357252,0.005394813195168312,0.01496456024884731,0.005042000552496345,0.0003567023757467484,0.0003567023757467484,0.0,0.9983496014153929,0.0036115503113605466,0.003254847935613798,0.9998539056404098,False
11.795250000000001,1,463,464,3.488762500000048,3.488762500000048,0.0,0.01567784149884729,0.01567784149884729,0.09006114863572504,0.08395305419055675,0.005935768968461733,0.01567784149884729,0.005042000552496345,0.0003342739904086927,0.0003342739904086927,0.0,0.9984564760026893,0.003450033418175867,0.003115759427767174,0.9998634130545401,False
11.81725,1,464,465,3.494812500000048,3.494812500000048,0.0,0.01643409149884734,0.01643409149884734,0.09000305419055683,0.08313870974538855,0.006313893968461732,0.01643409149884734,0.005042000552496345,0.00032316966737047366,0.00032316966737047366,0.0,0.9985914241183349,0.003358760857104251,0.003035591189733777,0.9998755677529678,False
11.84225,1,465,466,3.501687500000048,3.501687500000048,0.0,0.017293466498847335,0.017293466498847335,0.09001370974538818,0.0824623157769265,0.006494362718461706,0.017293466498847335,0.005042000552496345,0.0003185935124632932,0.0003185935124632932,0.0,0.9986861740607995,0.0032831794407013476,0.0029645859282380546,0.9998841042386359,False
11.86975,1,466,467,3.509250000000048,3.509250000000048,0.0,0.018238778998847443,0.018238778998847443,0.09002481577692698,0.08152810930846527,0.006967018968461728,0.018238778998847443,0.005042000552496345,0.0003204825302172451,0.0003204825302172451,0.0,0.9987334129845579,0.003122661368219537,0.002802178838002292,0.9998882713638204,False
11.90075,1,467,468,3.517775000000048,3.517775000000048,0.0,0.019304403998847457,0.019304403998847457,0.09005310930846497,0.08086890284000331,0.008032643968461673,0.019304403998847457,0.005042000552496345,0.00032485066271042664,0.00032485066271042664,0.0,0.9988273046764072,0.0018767366525276052,0.0015518859898171786,0.9998953133773577,False
11.934000000000001,1,468,469,3.526918750000048,3.526918750000048,0.0,0.02044737274884754,0.02044737274884754,0.09001265284000344,0.0848490652307726,0.005163587609230834,0.02044737274884754,0.005042000552496345,0.0003323855034971309,0.0003323855034971309,0.0,0.9989739641358117,0.003468007480744134,0.0031356219772470033,0.9999105497338832,False
11.95275,1,469,470,3.532075000000048,3.532075000000048,0.0,0.021091903998847538,0.021091903998847538,0.09000531523077229,0.0841971963715415,0.005146400109230828,0.021091903998847538,0.005042000552496345,0.0003351422048060632,0.0003351422048060632,0.0,0.9983766097980808,0.0035079271884817173,0.003172784983675654,0.9998562177693752,False
11.974,1,470,471,3.5379187500000477,3.5379187500000477,0.0,0.021822372748847584,0.021822372748847584,0.09004094637154153,0.08416407751231071,0.005511634484230827,0.021822372748847584,0.005042000552496345,0.0003380546066697678,0.0003380546066697678,0.0,0.9983956887284796,0.0035470585795584,0.0032090039728886323,0.9998579812050774,False
11.99525,1,471,472,3.5437625000000477,3.5437625000000477,0.0,0.02255284149884763,0.02255284149884763,0.09000782751231073,0.08340048990307991,0.005640540734230815,0.02255284149884763,0.005042000552496345,0.0003407620672263944,0.0003407620672263944,0.0,0.998489846964052,0.0035690225709867074,0.003228260503760313,0.999866564332091,False
